condition,stimulus_file,time_sec,luminance_mean,luminance_std,visual_change_mean_abs,optical_flow_proxy_p90_absdiff,histogram_delta,edge_density,cut_score_z,cut_event,flash_event,audio_rms,audio_dbfs,audio_rms_derivative,cue_on,cue_impulse,cue_value,cue_index_active,cue_phase_sin,cue_phase_cos,cue_nominal_frequency_hz,als_start_pulse_regressor,luminance_z,visual_change_z,optical_flow_z,histogram_delta_z,audio_rms_z,audio_derivative_z
target,C:\Users\hoytb\Desktop\PRAYCGStimulus\Field of dreams\1.8prep\Fieldofdreams1_8_MediaPrep_v1_7A_20260817_210857\stimulus_target_cued_Fieldofdreams1_8_v1_7A.mp4,0.0,252.358154296875,4.57763671875e-05,0.0,0.0,0.0,0.0,-1.8848793535785906,0.0,0.0,,,,0.0,0.0,0.0,0.0,0.0,1.0,0.3333333333333333,1.0,5.883715765616535,-1.0350931042392013,-0.9571583110181574,-1.1699629214878355,0.0,0.0
target,C:\Users\hoytb\Desktop\PRAYCGStimulus\Field of dreams\1.8prep\Fieldofdreams1_8_MediaPrep_v1_7A_20260817_210857\stimulus_target_cued_Fieldofdreams1_8_v1_7A.mp4,0.25,252.358154296875,4.57763671875e-05,0.0,0.0,0.0,0.0,-1.8848793535785906,0.0,0.0,0.0,-240.0,,0.0,0.0,0.0,0.0,0.49999999999999994,0.8660254037844387,0.3333333333333333,1.0,5.883715765616535,-1.0350931042392013,-0.9571583110181574,-1.1699629214878355,-1.4303490352604915,0.0
target,C:\Users\hoytb\Desktop\PRAYCGStimulus\Field of dreams\1.8prep\Fieldofdreams1_8_MediaPrep_v1_7A_20260817_210857\stimulus_target_cued_Fieldofdreams1_8_v1_7A.mp4,0.5,252.358154296875,4.57763671875e-05,0.0,0.0,0.0,0.0,-1.8848793535785906,0.0,0.0,0.0,-240.0,0.0,0.0,0.0,0.0,0.0,0.8660254037844386,0.5000000000000001,0.3333333333333333,1.0,5.883715765616535,-1.0350931042392013,-0.9571583110181574,-1.1699629214878355,-1.4303490352604915,-0.009568184765259053
target,C:\Users\hoytb\Desktop\PRAYCGStimulus\Field of dreams\1.8prep\Fieldofdreams1_8_MediaPrep_v1_7A_20260817_210857\stimulus_target_cued_Fieldofdreams1_8_v1_7A.mp4,0.75,101.85175107421878,1.8475341796875008e-05,150.50640322265622,150.5064305236816,0.5963999999999998,0.0,66.29715348184861,1.0,1.0,0.0,-240.0,0.0,0.0,0.0,0.0,0.0,1.0,6.123233995736766e-17,0.3333333333333333,0.0,1.2660560106629932,37.07750053321039,14.686183899947418,37.21536663634398,-1.4303490352604915,-0.009568184765259053
target,C:\Users\hoytb\Desktop\PRAYCGStimulus\Field of dreams\1.8prep\Fieldofdreams1_8_MediaPrep_v1_7A_20260817_210857\stimulus_target_cued_Fieldofdreams1_8_v1_7A.mp4,1.0,0.0,0.0,51.68295000000015,51.68295937500014,0.20480000000000054,0.0,21.52840086891561,0.0,0.0,0.0,-240.0,0.0,0.0,0.0,0.0,0.0,0.8660254037844387,-0.4999999999999998,0.3333333333333333,0.0,-1.8588391554993984,12.052531270257276,4.41466678087614,12.011317248606023,-1.4303490352604915,-0.009568184765259053
target,C:\Users\hoytb\Desktop\PRAYCGStimulus\Field of dreams\1.8prep\Fieldofdreams1_8_MediaPrep_v1_7A_20260817_210857\stimulus_target_cued_Fieldofdreams1_8_v1_7A.mp4,1.25,113.84082429504394,69.59330166625976,113.84082429504394,193.15605902099608,0.9497876245975494,0.046662777777777775,73.88437381061742,1.0,1.0,0.005450652563172994,-45.271029998306396,0.005450652563172994,0.0,0.0,0.0,0.0,0.5000000000000003,-0.8660254037844385,0.3333333333333333,0.0,1.633890599262489,27.792710781889273,19.119102356870503,59.96000183392328,-1.0824333357789993,1.9959898750512057
target,C:\Users\hoytb\Desktop\PRAYCGStimulus\Field of dreams\1.8prep\Fieldofdreams1_8_MediaPrep_v1_7A_20260817_210857\stimulus_target_cued_Fieldofdreams1_8_v1_7A.mp4,1.5,115.42911958618164,69.56940380859375,8.412658113479614,18.572935622406,0.032797513969242575,0.045458930555555555,1.9000640243976992,0.0,0.0,0.01112955009801241,-39.070447824654394,0.005678897534839415,0.0,0.0,0.0,0.0,1.2246467991473532e-16,-1.0,0.3333333333333333,0.0,1.6826208000235734,1.0952363251041515,0.9732760683807626,0.9409414755392755,-0.7199487368767321,2.0799722124379234
target,C:\Users\hoytb\Desktop\PRAYCGStimulus\Field of dreams\1.8prep\Fieldofdreams1_8_MediaPrep_v1_7A_20260817_210857\stimulus_target_cued_Fieldofdreams1_8_v1_7A.mp4,1.75,116.0329983001709,68.93201348876953,10.372366096878052,28.445814564514162,0.027219352816045286,0.04647470833333334,2.140369015504881,0.0,0.0,0.011953076835144426,-38.45040577555143,0.0008235267371320167,0.0,0.0,0.0,0.0,-0.4999999999999997,-0.8660254037844388,0.3333333333333333,0.0,1.7011482937032678,1.5914913177162346,1.9994436770433872,0.5819214316221509,-0.6673829426951625,0.2934470351532906
target,C:\Users\hoytb\Desktop\PRAYCGStimulus\Field of dreams\1.8prep\Fieldofdreams1_8_MediaPrep_v1_7A_20260817_210857\stimulus_target_cued_Fieldofdreams1_8_v1_7A.mp4,2.0,115.64785260009765,68.87722895507812,7.533190272521976,19.786456420898446,0.021314219594001774,0.047531583333333335,1.1135492853162519,0.0,0.0,0.012778698125512269,-37.87026778313254,0.000825621290367843,0.0,0.0,0.0,0.0,-0.8660254037844385,-0.5000000000000004,0.3333333333333333,0.0,1.6893317080900256,0.8725295184705724,1.0994070321202458,0.20185690309927787,-0.6146834529705918,0.2942177223462715
target,C:\Users\hoytb\Desktop\PRAYCGStimulus\Field of dreams\1.8prep\Fieldofdreams1_8_MediaPrep_v1_7A_20260817_210857\stimulus_target_cued_Fieldofdreams1_8_v1_7A.mp4,2.25,115.64181010742188,68.81510744018554,4.935749283981323,11.142367416381836,0.02796296126693487,0.04914782638888889,0.758909700818747,0.0,0.0,0.012846259729678629,-37.82446602996601,6.756160416636e-05,0.0,0.0,0.0,0.0,-1.0,-1.8369701987210297e-16,0.3333333333333333,0.0,1.6891463194643521,0.2147820022598921,0.20095743146732647,0.6297813502160234,-0.6103709890042686,0.015290989104207862
target,C:\Users\hoytb\Desktop\PRAYCGStimulus\Field of dreams\1.8prep\Fieldofdreams1_8_MediaPrep_v1_7A_20260817_210857\stimulus_target_cued_Fieldofdreams1_8_v1_7A.mp4,2.5,115.92091293334961,68.62585192871094,4.912518669128418,10.21605700302124,0.01770521393418312,0.04925743055555555,0.2551170070852872,0.0,0.0,0.011987685073784726,-38.4252934961757,-0.0008585746558939025,0.0,0.0,0.0,0.0,-0.866025403784439,0.49999999999999933,0.3333333333333333,0.0,1.6977094228219793,0.20889933570963864,0.1046785499646471,-0.030424907142538482,-0.6651738953536175,-0.3254792249801907
target,C:\Users\hoytb\Desktop\PRAYCGStimulus\Field of dreams\1.8prep\Fieldofdreams1_8_MediaPrep_v1_7A_20260817_210857\stimulus_target_cued_Fieldofdreams1_8_v1_7A.mp4,2.75,114.26315107421875,68.31623117370606,5.952092672729493,11.828141567993166,0.017848781087994578,0.05173515972222222,0.5331414204150049,0.0,0.0,0.013327059629410073,-37.505313181488795,0.001339374555625347,0.0,0.0,0.0,0.0,-0.5000000000000004,0.8660254037844384,0.3333333333333333,0.0,1.6468479308435888,0.47214967394734136,0.2722354472688018,-0.02118467824794975,-0.5796814832089626,0.4832523360833114
target,C:\Users\hoytb\Desktop\PRAYCGStimulus\Field of dreams\1.8prep\Fieldofdreams1_8_MediaPrep_v1_7A_20260817_210857\stimulus_target_cued_Fieldofdreams1_8_v1_7A.mp4,3.0,113.86035438232422,68.20971317138672,4.424798999786376,9.053540545654295,0.017467589026689528,0.05114472222222222,0.11641892342028919,0.0,0.0,0.02733469865924363,-31.265714188815757,0.014007639029833556,0.0,0.0,0.0,0.0,-2.4492935982947064e-16,1.0,0.3333333333333333,0.0,1.6344897983404938,0.0853945467530824,-0.016151122928359594,-0.04571885480399197,0.31442752019296977,5.144518051640991
target,C:\Users\hoytb\Desktop\PRAYCGStimulus\Field of dreams\1.8prep\Fieldofdreams1_8_MediaPrep_v1_7A_20260817_210857\stimulus_target_cued_Fieldofdreams1_8_v1_7A.mp4,3.25,114.17425333251953,68.02288845520019,6.752313702201839,15.368380811309803,0.019080106507986784,0.04993395138888889,0.8015382080922537,0.0,0.0,0.04049579543973108,-27.851801319252814,0.01316109678048745,0.0,0.0,0.0,0.0,0.4999999999999993,0.866025403784439,0.3333333333333333,0.0,1.6441204752977707,0.6747888857242796,0.6402009474749739,0.058065543145974646,1.154501646961629,4.833034314331763
target,C:\Users\hoytb\Desktop\PRAYCGStimulus\Field of dreams\1.8prep\Fieldofdreams1_8_MediaPrep_v1_7A_20260817_210857\stimulus_target_cued_Fieldofdreams1_8_v1_7A.mp4,3.5,114.03299047241211,67.73489018554687,8.353491927337647,21.550772187805176,0.026279945923388004,0.04941640277777778,1.5683858144300096,0.0,0.0,0.04408721180568013,-27.1137473250216,0.003591416365949049,0.0,0.0,0.0,0.0,0.8660254037844384,0.5000000000000004,0.3333333333333333,0.0,1.6397864150184704,1.0802537279440125,1.2827865409817056,0.52145958862492,1.3837421136042256,1.3118871740941769
target,C:\Users\hoytb\Desktop\PRAYCGStimulus\Field of dreams\1.8prep\Fieldofdreams1_8_MediaPrep_v1_7A_20260817_210857\stimulus_target_cued_Fieldofdreams1_8_v1_7A.mp4,3.75,113.04572422790527,67.41642356872559,4.584915303230286,10.087938278198243,0.028488023445010186,0.052835868055555554,0.692910920243208,0.0,0.0,0.035272011626127066,-29.051395420402486,-0.008815200179553062,0.0,0.0,0.0,0.0,1.0,1.1943401194869635e-15,0.3333333333333333,0.0,1.6094962778079023,0.12594064630248464,0.09136214182803051,0.6635752548836524,0.8210670025064792,-3.2531056445637363
target,C:\Users\hoytb\Desktop\PRAYCGStimulus\Field of dreams\1.8prep\Fieldofdreams1_8_MediaPrep_v1_7A_20260817_210857\stimulus_target_cued_Fieldofdreams1_8_v1_7A.mp4,4.0,113.64031348876954,67.57987159423828,6.206475141906736,13.465318640136715,0.0323060585051775,0.051659111111111114,1.3009778975672217,0.0,0.0,0.018369510955047002,-34.7180481116817,-0.016902500671080064,0.0,0.0,0.0,0.0,0.8660254037844392,-0.4999999999999992,0.3333333333333333,0.0,1.6277387634552318,0.5365667051742485,0.4424004103894868,0.9093105567747971,-0.25782130963754535,-6.228813689601509
target,C:\Users\hoytb\Desktop\PRAYCGStimulus\Field of dreams\1.8prep\Fieldofdreams1_8_MediaPrep_v1_7A_20260817_210857\stimulus_target_cued_Fieldofdreams1_8_v1_7A.mp4,4.25,114.34457312622071,67.3869570678711,8.419181936264035,19.965218157196034,0.03327565787658093,0.052140180555555554,1.9249659679419473,0.0,0.0,0.014488918081510437,-36.779280859711456,-0.0038805928735365647,0.0,1.0,0.0,0.0,0.5000000000000013,-0.8660254037844379,0.3333333333333333,0.0,1.6493460261049508,1.0968883465558736,1.1179871752104744,0.9717156396225288,-0.5055199417465458,-1.4374255328874461
target,C:\Users\hoytb\Desktop\PRAYCGStimulus\Field of dreams\1.8prep\Fieldofdreams1_8_MediaPrep_v1_7A_20260817_210857\stimulus_target_cued_Fieldofdreams1_8_v1_7A.mp4,4.5,114.05119486083984,67.5615585144043,7.2185177314758295,17.85231867675781,0.02980425609499216,0.051329597222222224,1.4434628026272533,0.0,0.0,0.014609333769796857,-36.70739177476223,0.00012041568828641963,1.0,0.0,8.0,1.0,3.6739403974420594e-16,-1.0,0.3333333333333333,0.0,1.6403449405695856,0.7928452895676116,0.8983765611333188,0.7482902516045384,-0.49783379629273855,0.034738556743612856
target,C:\Users\hoytb\Desktop\PRAYCGStimulus\Field of dreams\1.8prep\Fieldofdreams1_8_MediaPrep_v1_7A_20260817_210857\stimulus_target_cued_Fieldofdreams1_8_v1_7A.mp4,4.75,114.39673287658691,68.0181201538086,5.862876845932007,13.11244704284668,0.022336462322622538,0.05004614583333333,0.7276345864318222,0.0,0.0,0.012295622663753109,-38.20498946372847,-0.002313711106043748,1.0,0.0,8.0,1.0,-0.49999999999999917,-0.8660254037844392,0.3333333333333333,0.0,1.6509463299786546,0.44955763480511696,0.40572363097394226,0.2676502029420097,-0.6455182081182295,-0.8608941320774565
target,C:\Users\hoytb\Desktop\PRAYCGStimulus\Field of dreams\1.8prep\Fieldofdreams1_8_MediaPrep_v1_7A_20260817_210857\stimulus_target_cued_Fieldofdreams1_8_v1_7A.mp4,5.0,115.22672192382812,68.04593005371093,9.191428207397461,23.670301528930665,0.022881803601980208,0.04981611111111111,1.621981304781011,0.0,0.0,0.013696488783535455,-37.267815075770095,0.0014008661197823461,1.0,0.0,8.0,1.0,-0.8660254037844378,-0.5000000000000013,0.3333333333333333,0.0,1.6764110739259808,1.292443536830419,1.5030862497319664,0.30274930543971895,-0.5561007832695104,0.505878049367447
target,C:\Users\hoytb\Desktop\PRAYCGStimulus\Field of dreams\1.8prep\Fieldofdreams1_8_MediaPrep_v1_7A_20260817_210857\stimulus_target_cued_Fieldofdreams1_8_v1_7A.mp4,5.25,115.08439246520996,67.97421915283203,8.205151079368601,22.118138121032743,0.02361305743120613,0.05008059722222222,1.4003023408999278,0.0,0.0,0.01482431676284265,-36.58050627297483,0.0011278279793071957,0.0,0.0,0.0,0.0,-1.0,-4.286263797015736e-16,0.3333333333333333,0.0,1.672044289530548,1.0426895158080345,1.3417574395768068,0.3498140593385511,-0.48411141029670085,0.40541414400554177
target,C:\Users\hoytb\Desktop\PRAYCGStimulus\Field of dreams\1.8prep\Fieldofdreams1_8_MediaPrep_v1_7A_20260817_210857\stimulus_target_cued_Fieldofdreams1_8_v1_7A.mp4,5.5,115.96061135864258,68.0337805847168,5.821518665313721,13.548437425231933,0.019812738192826508,0.050579597222222224,0.5943924805415409,0.0,0.0,0.013115797977340218,-37.64410562713452,-0.001708518785502433,0.0,0.0,0.0,0.0,-0.8660254037844392,0.4999999999999991,0.3333333333333333,0.0,1.6989274030333539,0.4390845419815705,0.45103961334500176,0.10521897820144478,-0.5931663356374784,-0.6382146781710965
target,C:\Users\hoytb\Desktop\PRAYCGStimulus\Field of dreams\1.8prep\Fieldofdreams1_8_MediaPrep_v1_7A_20260817_210857\stimulus_target_cued_Fieldofdreams1_8_v1_7A.mp4,5.75,117.60788739013672,68.16510664672852,9.442853635597228,23.45551227035522,0.029575484333932398,0.05024509722222222,2.0123346111088622,0.0,0.0,0.011972290566852646,-38.436455027275635,-0.0011435074104875712,0.0,0.0,0.0,0.0,-0.5000000000000014,0.8660254037844378,0.3333333333333333,0.0,1.7494671812292164,1.3561117593772254,1.4807614768737958,0.7335661076712645,-0.6661565282742397,-0.43031973276489177
target,C:\Users\hoytb\Desktop\PRAYCGStimulus\Field of dreams\1.8prep\Fieldofdreams1_8_MediaPrep_v1_7A_20260817_210857\stimulus_target_cued_Fieldofdreams1_8_v1_7A.mp4,6.0,117.16393216552734,67.91069693603515,10.114251930236817,25.87853159790039,0.02866108562350273,0.04967719444444444,2.1430254718020167,0.0,0.0,0.013650501652306739,-37.297027761827664,0.0016782110854540924,0.0,0.0,0.0,0.0,-4.898587196589413e-16,1.0,0.3333333333333333,0.0,1.735846271222834,1.526129312282399,1.732605337582516,0.6747138342857864,-0.5590361464655957,0.6079266435138866
target,C:\Users\hoytb\Desktop\PRAYCGStimulus\Field of dreams\1.8prep\Fieldofdreams1_8_MediaPrep_v1_7A_20260817_210857\stimulus_target_cued_Fieldofdreams1_8_v1_7A.mp4,6.25,117.15262306213378,68.5003798675537,7.2842459154129084,17.522599811553974,0.021732640173286213,0.04966701388888889,1.068942606810063,0.0,0.0,0.015528144464891251,-36.17760874295603,0.0018776428125845124,0.0,0.0,0.0,0.0,0.49999999999999906,0.8660254037844392,0.3333333333333333,0.0,1.7354992986656081,0.8094895752011967,0.8641062311291581,0.22878717108990848,-0.43918601752315334,0.6813071980610463
target,C:\Users\hoytb\Desktop\PRAYCGStimulus\Field of dreams\1.8prep\Fieldofdreams1_8_MediaPrep_v1_7A_20260817_210857\stimulus_target_cued_Fieldofdreams1_8_v1_7A.mp4,6.5,117.22967999877929,68.15390520019531,4.581132047843929,9.543888552474964,0.026096487075090415,0.04797016666666667,0.5758802179144524,0.0,0.0,0.01506217181191125,-36.44224805492495,-0.00046597265298000193,0.0,0.0,0.0,0.0,0.8660254037844378,0.5000000000000014,0.3333333333333333,0.0,1.7378634686116639,0.12498261613181078,0.034814683957570515,0.5096518616762225,-0.4689290986720295,-0.18102200593746776
target,C:\Users\hoytb\Desktop\PRAYCGStimulus\Field of dreams\1.8prep\Fieldofdreams1_8_MediaPrep_v1_7A_20260817_210857\stimulus_target_cued_Fieldofdreams1_8_v1_7A.mp4,6.75,117.9834629852295,67.77752538757325,9.819465773391718,24.929883627319313,0.01943676101192832,0.047199124999999995,1.6185721497285384,0.0,0.0,0.013709839982078174,-37.259352282578405,-0.0013523318298330755,0.0,0.0,0.0,0.0,1.0,2.3274478990165594e-15,0.3333333333333333,0.0,1.76099014818124,1.4514808935758419,1.6340047343398343,0.08102044031579503,-0.5552485749282027,-0.5071563119544241
target,C:\Users\hoytb\Desktop\PRAYCGStimulus\Field of dreams\1.8prep\Fieldofdreams1_8_MediaPrep_v1_7A_20260817_210857\stimulus_target_cued_Fieldofdreams1_8_v1_7A.mp4,7.0,117.21088471679687,67.42009643554688,8.773986882019043,22.731914895629885,0.020066384175419807,0.049274083333333336,1.3765255274941925,0.0,0.0,0.012257187746125109,-38.23218323257648,-0.0014526522359530648,0.0,0.0,0.0,0.0,0.8660254037844393,-0.499999999999999,0.3333333333333333,0.0,1.7372868139621946,1.186735266212262,1.4055521896931815,0.12154406980584424,-0.647971512763146,-0.5440690296017368
target,C:\Users\hoytb\Desktop\PRAYCGStimulus\Field of dreams\1.8prep\Fieldofdreams1_8_MediaPrep_v1_7A_20260817_210857\stimulus_target_cued_Fieldofdreams1_8_v1_7A.mp4,7.25,116.81413277893067,67.86384300231933,4.814807828521731,9.852000480270394,0.03883548707067963,0.050671625,1.2549418537300217,0.0,0.0,0.013194843755291136,-37.59191496023496,0.0009376560091660276,0.0,1.0,0.0,0.0,0.5000000000000016,-0.8660254037844377,0.3333333333333333,0.0,1.7251141394649225,0.1841561122834099,0.06683923140722806,1.329555807128788,-0.5881208357073117,0.3354407008173429
target,C:\Users\hoytb\Desktop\PRAYCGStimulus\Field of dreams\1.8prep\Fieldofdreams1_8_MediaPrep_v1_7A_20260817_210857\stimulus_target_cued_Fieldofdreams1_8_v1_7A.mp4,7.5,116.86957794189453,67.60019390869141,6.293720624923706,11.951050521850586,0.03621277987957001,0.051324305555555554,1.5132916648658095,0.0,0.0,0.013346345620910733,-37.492752653776435,0.0001515018656195969,1.0,0.0,9.0,2.0,2.388680238973927e-15,-1.0,0.3333333333333333,0.0,1.7268152424887342,0.5586597960310515,0.2850103620634283,1.1607538623527347,-0.578450456438245,0.04617666122318815
target,C:\Users\hoytb\Desktop\PRAYCGStimulus\Field of dreams\1.8prep\Fieldofdreams1_8_MediaPrep_v1_7A_20260817_210857\stimulus_target_cued_Fieldofdreams1_8_v1_7A.mp4,7.75,115.85156726379395,67.36707380676269,7.176191752243043,15.222241283035276,0.022257003479450928,0.052544006944444444,1.0662122298445373,0.0,0.0,0.01243210240628684,-38.10910842205948,-0.0009142432146238937,1.0,0.0,9.0,2.0,-0.49999999999999895,-0.8660254037844393,0.3333333333333333,0.0,1.6955818408677832,0.782127122019485,0.6250114924902727,0.26253609515960474,-0.6368066924715533,-0.34596237362071003
target,C:\Users\hoytb\Desktop\PRAYCGStimulus\Field of dreams\1.8prep\Fieldofdreams1_8_MediaPrep_v1_7A_20260817_210857\stimulus_target_cued_Fieldofdreams1_8_v1_7A.mp4,8.0,115.13320325927734,67.49529127197266,5.972655670928958,14.139785778808601,0.024187117120623602,0.05189841666666667,0.8460573948416579,0.0,0.0,0.012287511184182661,-38.21072147652532,-0.00014459122210417827,1.0,0.0,9.0,2.0,-0.8660254037844377,-0.5000000000000016,0.3333333333333333,0.0,1.6735418446813333,0.4773568224643678,0.5125031975168112,0.3867615280913282,-0.646035964672307,-0.06277027158125259
target,C:\Users\hoytb\Desktop\PRAYCGStimulus\Field of dreams\1.8prep\Fieldofdreams1_8_MediaPrep_v1_7A_20260817_210857\stimulus_target_cued_Fieldofdreams1_8_v1_7A.mp4,8.25,115.43783985595702,67.64263035583497,6.276316076278673,13.979045997619604,0.019827846326678982,0.0507074375,0.7137092703264537,0.0,0.0,0.012226732520939886,-38.25379177061994,-6.077866324277585e-05,0.0,0.0,0.0,0.0,-1.0,-2.4499125789312946e-15,0.3333333333333333,0.0,1.6828883450444623,0.5542524586969046,0.49579622097563564,0.10619136367584292,-0.6499154728395549,-0.03193158740717334
target,C:\Users\hoytb\Desktop\PRAYCGStimulus\Field of dreams\1.8prep\Fieldofdreams1_8_MediaPrep_v1_7A_20260817_210857\stimulus_target_cued_Fieldofdreams1_8_v1_7A.mp4,8.5,115.4284836669922,67.5722979309082,9.838942809677121,25.424010798645007,0.02953023908436297,0.05001161111111111,2.1134153174933195,0.0,0.0,0.01337597264731841,-37.4734925593101,0.001149240126378525,0.0,0.0,0.0,0.0,-0.8660254037844402,0.49999999999999734,0.3333333333333333,0.0,1.6826012895018572,1.4564130449880928,1.6853633401474974,0.7306540456061257,-0.5765593603728257,0.41329270600140694
target,C:\Users\hoytb\Desktop\PRAYCGStimulus\Field of dreams\1.8prep\Fieldofdreams1_8_MediaPrep_v1_7A_20260817_210857\stimulus_target_cued_Fieldofdreams1_8_v1_7A.mp4,8.75,114.98768388366699,67.33627937316895,8.180693538665777,20.399635105133072,0.029483058586716657,0.04896298611111111,1.678754715545339,0.0,0.0,0.015284795684418418,-36.31480724381301,0.0019088230371000076,0.0,0.0,0.0,0.0,-0.5000000000000032,0.8660254037844368,0.3333333333333333,0.0,1.6690771910192044,1.036496155989322,1.163139617901307,0.7276174276469435,-0.4547189945740494,0.692779907036563
target,C:\Users\hoytb\Desktop\PRAYCGStimulus\Field of dreams\1.8prep\Fieldofdreams1_8_MediaPrep_v1_7A_20260817_210857\stimulus_target_cued_Fieldofdreams1_8_v1_7A.mp4,9.0,115.09921535644531,67.52744650878905,3.9073040340423457,8.84725930480954,0.013107077881693808,0.0491735,-0.230097117530076,0.0,0.0,0.015736054612457785,-36.062082916525036,0.0004512589280393671,0.0,0.0,0.0,0.0,-7.347880794884119e-16,1.0,0.3333333333333333,0.0,1.672499067977471,-0.045650212250627244,-0.03759158916630788,-0.32636885034600954,-0.4259150919630398,0.15647174709688977
target,C:\Users\hoytb\Desktop\PRAYCGStimulus\Field of dreams\1.8prep\Fieldofdreams1_8_MediaPrep_v1_7A_20260817_210857\stimulus_target_cued_Fieldofdreams1_8_v1_7A.mp4,9.25,115.96054795837402,67.76328511352538,7.838005414199831,18.278030506515506,0.024468461701273925,0.049639375,1.3460796113060136,0.0,0.0,0.014290654015432306,-36.89895790251785,-0.0014454005970254789,0.0,0.0,0.0,0.0,0.49999999999999883,0.8660254037844393,0.3333333333333333,0.0,1.6989254578611732,0.9497175674874856,0.9426242109711647,0.4048693490966478,-0.51817515695833,-0.5414008017648789
target,C:\Users\hoytb\Desktop\PRAYCGStimulus\Field of dreams\1.8prep\Fieldofdreams1_8_MediaPrep_v1_7A_20260817_210857\stimulus_target_cued_Fieldofdreams1_8_v1_7A.mp4,9.5,116.30945789184571,67.68795938720703,9.907784626770018,24.67824320831298,0.0287076553374529,0.050112000000000004,2.0914509648047632,0.0,0.0,0.013449753224469268,-37.425713679477056,-0.0008409007909630384,0.0,0.0,0.0,0.0,0.8660254037844377,0.5000000000000017,0.3333333333333333,0.0,1.7096303004685154,1.4738457929904734,1.6078497243849112,0.6777111411559928,-0.5718499387375113,-0.3189761573475754
target,C:\Users\hoytb\Desktop\PRAYCGStimulus\Field of dreams\1.8prep\Fieldofdreams1_8_MediaPrep_v1_7A_20260817_210857\stimulus_target_cued_Fieldofdreams1_8_v1_7A.mp4,9.75,116.0812487060547,67.80735380859375,6.863310563468955,16.712587114715642,0.025878693396598106,0.04894370138888889,1.1603665746475142,0.0,0.0,0.015036778117951087,-36.45690417256841,0.0015870248934818192,0.0,0.0,0.0,0.0,1.0,2.57237725884603e-15,0.3333333333333333,0.0,1.7026286556854764,0.7028965155521457,0.77991510542257,0.495634286014687,-0.470549980702974,0.5743748439569718
target,C:\Users\hoytb\Desktop\PRAYCGStimulus\Field of dreams\1.8prep\Fieldofdreams1_8_MediaPrep_v1_7A_20260817_210857\stimulus_target_cued_Fieldofdreams1_8_v1_7A.mp4,10.0,116.83814532470703,67.90647296142578,5.3913863601684575,11.126806579589845,0.014158050015568736,0.04681958333333334,0.20785813498805938,0.0,0.0,0.026220172550307355,-31.627289092099428,0.011183394432356268,0.0,0.0,0.0,0.0,0.8660254037844403,-0.4999999999999972,0.3333333333333333,0.0,1.7258508640418926,0.33016254660248534,0.19934006871293042,-0.25872647657859366,0.24328720693931744,4.105342200728493
target,C:\Users\hoytb\Desktop\PRAYCGStimulus\Field of dreams\1.8prep\Fieldofdreams1_8_MediaPrep_v1_7A_20260817_210857\stimulus_target_cued_Fieldofdreams1_8_v1_7A.mp4,10.25,118.70741766357422,68.30726684875488,10.090061336135864,24.428825371551508,0.04179252740144733,0.04784916666666666,2.7738935393829105,0.0,0.0,0.03386950992723709,-29.403821745880446,0.0076493373769297365,0.0,1.0,0.0,0.0,0.5000000000000033,-0.8660254037844367,0.3333333333333333,0.0,1.7832016708209595,1.5200035510983105,1.5819257252547574,1.519876007685995,0.7315451784793697,2.8049920996690485
target,C:\Users\hoytb\Desktop\PRAYCGStimulus\Field of dreams\1.8prep\Fieldofdreams1_8_MediaPrep_v1_7A_20260817_210857\stimulus_target_cued_Fieldofdreams1_8_v1_7A.mp4,10.5,119.00209008789062,68.13203391113281,7.969936314201372,20.479155087280322,0.02635674961358313,0.050696152777777774,1.4721044105989716,0.0,0.0,0.025063029166797802,-32.01932880941033,-0.00880648076043929,1.0,0.0,1.0,3.0,8.572527594031472e-16,-1.0,0.3333333333333333,0.0,1.7922424622127215,0.983126304074879,1.1714047683604003,0.5264028061960092,0.16942662877769127,-3.2498973495792614
target,C:\Users\hoytb\Desktop\PRAYCGStimulus\Field of dreams\1.8prep\Fieldofdreams1_8_MediaPrep_v1_7A_20260817_210857\stimulus_target_cued_Fieldofdreams1_8_v1_7A.mp4,10.75,119.88897163391113,68.10315381164551,4.634723707485199,10.079952413940429,0.015701146111264826,0.051438715277777776,0.0854416933373805,0.0,0.0,0.015653416383273607,-36.10781724552705,-0.009409612783524195,1.0,0.0,1.0,3.0,-0.4999999999999987,-0.8660254037844394,0.3333333333333333,0.0,1.819452714632423,0.13855358123714623,0.09053210681224667,-0.1594101583815815,-0.4311898984155333,-3.4718187206466524
target,C:\Users\hoytb\Desktop\PRAYCGStimulus\Field of dreams\1.8prep\Fieldofdreams1_8_MediaPrep_v1_7A_20260817_210857\stimulus_target_cued_Fieldofdreams1_8_v1_7A.mp4,11.0,120.75250631103515,68.4158015258789,7.186089686584464,16.61993572082517,0.01821292077898978,0.049605361111111114,0.8725624306731319,0.0,0.0,0.012764465134319027,-37.879947571203544,-0.00288895124895458,1.0,0.0,1.0,3.0,-0.8660254037844376,-0.5000000000000018,0.3333333333333333,0.0,1.8459466659871926,0.784633566538305,0.7702851018678475,0.0022519784320265304,-0.6155919462251733,-1.0725527347078179
target,C:\Users\hoytb\Desktop\PRAYCGStimulus\Field of dreams\1.8prep\Fieldofdreams1_8_MediaPrep_v1_7A_20260817_210857\stimulus_target_cued_Fieldofdreams1_8_v1_7A.mp4,11.25,120.22117021179199,68.80587577819824,9.295903318405154,21.254959487915045,0.023607607562094936,0.049528923611111116,1.684440210655342,0.0,0.0,0.012942003701103297,-37.75996960564819,0.0001775385667842702,0.0,0.0,0.0,0.0,-1.0,-2.6948419387607653e-15,0.3333333333333333,0.0,1.8296448391592706,1.318899670030101,1.252040351077196,0.34946329639106577,-0.6042596417108431,0.05575681979441169
target,C:\Users\hoytb\Desktop\PRAYCGStimulus\Field of dreams\1.8prep\Fieldofdreams1_8_MediaPrep_v1_7A_20260817_210857\stimulus_target_cued_Fieldofdreams1_8_v1_7A.mp4,11.5,120.31731266479493,69.14453660888672,5.97720798034668,13.068833949279787,0.020319831258058543,0.04718905555555556,0.6595924731485929,0.0,0.0,0.013105772126623692,-37.65074774938297,0.00016376842552039486,0.0,0.0,0.0,0.0,-0.8660254037844403,0.4999999999999971,0.3333333333333333,0.0,1.8325945683831988,0.4785095994574695,0.40119057185366486,0.1378563598671436,-0.5938062866937068,0.05069012044483878
target,C:\Users\hoytb\Desktop\PRAYCGStimulus\Field of dreams\1.8prep\Fieldofdreams1_8_MediaPrep_v1_7A_20260817_210857\stimulus_target_cued_Fieldofdreams1_8_v1_7A.mp4,11.75,121.5531802001953,68.73229786376953,7.894155929756137,18.993957349395664,0.030485596104711254,0.04310130555555556,1.6526890295866083,0.0,0.0,0.012541205800198697,-38.03321410641986,-0.0005645663264249954,0.0,0.0,0.0,0.0,-0.5000000000000034,0.8660254037844367,0.3333333333333333,0.0,1.8705119968678152,0.9639365092474906,1.01703623816643,0.7921424662490785,-0.6298426119016203,-0.2172993753226504
target,C:\Users\hoytb\Desktop\PRAYCGStimulus\Field of dreams\1.8prep\Fieldofdreams1_8_MediaPrep_v1_7A_20260817_210857\stimulus_target_cued_Fieldofdreams1_8_v1_7A.mp4,12.0,121.97414538574219,68.1175599975586,13.66554098205566,38.881103717041,0.03630556045770646,0.044718222222222215,3.439919209902438,0.0,0.0,0.012405146803051798,-38.127961837327796,-0.00013605899714689944,0.0,0.0,0.0,0.0,-9.797174393178826e-16,1.0,0.3333333333333333,0.0,1.8834275536409095,2.4254188682281534,3.0840670962245937,1.1667253799052728,-0.6385272713280794,-0.059630854358651925
target,C:\Users\hoytb\Desktop\PRAYCGStimulus\Field of dreams\1.8prep\Fieldofdreams1_8_MediaPrep_v1_7A_20260817_210857\stimulus_target_cued_Fieldofdreams1_8_v1_7A.mp4,12.25,120.90808379821777,67.78621303405762,11.309624289703374,29.822658785247818,0.03258447747975588,0.0465945625,2.645080708406577,0.0,0.0,0.01230303558853264,-38.1997543937654,-0.00010211121451915786,0.0,0.0,0.0,0.0,0.4999999999999986,0.8660254037844395,0.3333333333333333,0.0,1.8507199107525814,1.828832320302526,2.1425501558907327,0.9272300807425111,-0.6450450403864794,-0.047139827225135544
target,C:\Users\hoytb\Desktop\PRAYCGStimulus\Field of dreams\1.8prep\Fieldofdreams1_8_MediaPrep_v1_7A_20260817_210857\stimulus_target_cued_Fieldofdreams1_8_v1_7A.mp4,12.5,121.51451568603515,67.30890106201171,6.829423618316665,16.305126762390177,0.02585486195981505,0.04799756944444444,1.1503745355909432,0.0,0.0,0.012264244464250725,-38.2271840240468,-3.8791124281914446e-05,0.0,0.0,0.0,0.0,0.8660254037844375,0.5000000000000019,0.3333333333333333,0.0,1.8693257378970392,0.6943153565944558,0.7375644782324253,0.4941004537632547,-0.6475210817378216,-0.023841310973774378
target,C:\Users\hoytb\Desktop\PRAYCGStimulus\Field of dreams\1.8prep\Fieldofdreams1_8_MediaPrep_v1_7A_20260817_210857\stimulus_target_cued_Fieldofdreams1_8_v1_7A.mp4,12.75,123.87596867370605,67.82828032531738,9.243087463760379,22.866602401733406,0.0320064314030111,0.049433326388888886,2.0782042362614903,0.0,0.0,0.011861063887030388,-38.51752709636804,-0.000403180577220337,0.0,0.0,0.0,0.0,1.0,2.8173066186755008e-15,0.3333333333333333,0.0,1.9417770502059977,1.3055251612876855,1.419551344029563,0.8900260412464343,-0.673256138396672,-0.1579177716879282
target,C:\Users\hoytb\Desktop\PRAYCGStimulus\Field of dreams\1.8prep\Fieldofdreams1_8_MediaPrep_v1_7A_20260817_210857\stimulus_target_cued_Fieldofdreams1_8_v1_7A.mp4,13.0,123.7378450805664,68.03793961181641,9.996358663940436,23.202571366882342,0.03462244448661806,0.048614916666666674,2.4015483918752913,0.0,0.0,0.011282538516093048,-38.951863503628225,-0.0005785253709373397,0.0,0.0,0.0,0.0,0.8660254037844404,-0.499999999999997,0.3333333333333333,0.0,1.9375393052091487,1.4962753123545791,1.4544712971226093,1.0583971417525595,-0.7101834708150649,-0.2224355812914953
target,C:\Users\hoytb\Desktop\PRAYCGStimulus\Field of dreams\1.8prep\Fieldofdreams1_8_MediaPrep_v1_7A_20260817_210857\stimulus_target_cued_Fieldofdreams1_8_v1_7A.mp4,13.25,123.89823508911132,67.88782223205567,7.414244067573549,14.772341778945929,0.03012825637757775,0.04769310416666666,1.5102178414092973,0.0,0.0,0.01127916181542941,-38.95446345390596,-3.3767006636375996e-06,0.0,1.0,0.0,0.0,0.5000000000000034,-0.8660254037844366,0.3333333333333333,0.0,1.9424602020726454,0.8424088838872739,0.5782498233806863,0.7691434669363265,-0.7103990059569059,-0.010810635857684527
target,C:\Users\hoytb\Desktop\PRAYCGStimulus\Field of dreams\1.8prep\Fieldofdreams1_8_MediaPrep_v1_7A_20260817_210857\stimulus_target_cued_Fieldofdreams1_8_v1_7A.mp4,13.5,124.82826463012695,67.45612316284179,12.465738295364371,32.22798091583249,0.033981755027174945,0.04866422222222222,3.0143253687484526,0.0,0.0,0.011386596251571724,-38.87212156695923,0.00010743443614231324,1.0,0.0,7.0,4.0,4.654895798033119e-15,-1.0,0.3333333333333333,0.0,1.970994270328283,2.1215939726498783,2.39255460477323,1.0171612664256764,-0.7035414551286994,0.029962127763342877
target,C:\Users\hoytb\Desktop\PRAYCGStimulus\Field of dreams\1.8prep\Fieldofdreams1_8_MediaPrep_v1_7A_20260817_210857\stimulus_target_cued_Fieldofdreams1_8_v1_7A.mp4,13.75,123.66535075378418,66.66342579650879,17.0839211025238,47.69848535919188,0.0462644146159291,0.04845125,4.814458700001476,0.0,0.0,0.014063645435775745,-37.0380418254869,0.002677049184204021,1.0,0.0,7.0,4.0,-0.4999999999999985,-0.8660254037844395,0.3333333333333333,0.0,1.9353151198716685,3.2910520216362484,4.0005283926151725,1.8076943585802563,-0.5326651373531796,0.9754473717537236
target,C:\Users\hoytb\Desktop\PRAYCGStimulus\Field of dreams\1.8prep\Fieldofdreams1_8_MediaPrep_v1_7A_20260817_210857\stimulus_target_cued_Fieldofdreams1_8_v1_7A.mp4,14.0,123.67567246093749,66.32217805175782,8.686437303161624,21.742788854980486,0.033481059801578526,0.049237611111111114,2.0046167231636054,0.0,0.0,0.030887517324216816,-30.204339959765587,0.01682387188844107,1.0,0.0,7.0,4.0,-0.8660254037844375,-0.500000000000002,0.3333333333333333,0.0,1.935631798303308,1.1645651694544092,1.302744375503333,0.9849356607205263,0.5412042917132383,6.180745997274774
target,C:\Users\hoytb\Desktop\PRAYCGStimulus\Field of dreams\1.8prep\Fieldofdreams1_8_MediaPrep_v1_7A_20260817_210857\stimulus_target_cued_Fieldofdreams1_8_v1_7A.mp4,14.25,125.99640722045899,67.19947991027833,9.615607088088993,23.249680111694346,0.036189121207594876,0.048473305555555554,2.378291057806956,0.0,0.0,0.029424556078867584,-30.625801610314657,-0.0014629612453492327,0.0,0.0,0.0,0.0,-1.0,-2.939771298590236e-15,0.3333333333333333,0.0,2.0068338420137715,1.3998579521856784,1.4593676873543027,1.1592311495414234,0.44782332877516096,-0.5478622115452897
target,C:\Users\hoytb\Desktop\PRAYCGStimulus\Field of dreams\1.8prep\Fieldofdreams1_8_MediaPrep_v1_7A_20260817_210857\stimulus_target_cued_Fieldofdreams1_8_v1_7A.mp4,14.5,127.70533570556641,67.71147056884766,13.191918695831296,34.36338494262695,0.04109846691191198,0.04649934722222223,3.5489927956538727,0.0,0.0,0.013066059847425943,-37.67710713755506,-0.01635849623144164,0.0,0.0,0.0,0.0,-0.8660254037844404,0.49999999999999695,0.3333333333333333,0.0,2.0592651679959633,2.3054839462181924,2.614504297112545,1.4752050810865909,-0.5963411254556635,-6.028648209258059
target,C:\Users\hoytb\Desktop\PRAYCGStimulus\Field of dreams\1.8prep\Fieldofdreams1_8_MediaPrep_v1_7A_20260817_210857\stimulus_target_cued_Fieldofdreams1_8_v1_7A.mp4,14.75,127.34291476745605,68.3582135925293,10.955704593276998,26.008096503448552,0.03881873523145914,0.04472907638888889,2.8553040321263277,0.0,0.0,0.01182129840517777,-38.54669639182057,-0.0012447614422481726,0.0,0.0,0.0,0.0,-0.5000000000000036,0.8660254037844366,0.3333333333333333,0.0,2.0481457966972623,1.7392095714934077,1.7460720588978054,1.3284776299504204,-0.6757943730894219,-0.4675759763307397
target,C:\Users\hoytb\Desktop\PRAYCGStimulus\Field of dreams\1.8prep\Fieldofdreams1_8_MediaPrep_v1_7A_20260817_210857\stimulus_target_cued_Fieldofdreams1_8_v1_7A.mp4,15.0,128.6912767944336,68.8668148803711,10.5920909576416,26.597369308471677,0.03260930949449539,0.043391111111111116,2.4591962685464304,0.0,0.0,0.011562458554669908,-38.7389962185953,-0.00025883985050786235,0.0,0.0,0.0,0.0,-4.777360477947854e-15,1.0,0.3333333333333333,0.0,2.089514648345858,1.6471320356592285,1.8073199146373766,0.9288283119117953,-0.6923161466934808,-0.10480785421238618
target,C:\Users\hoytb\Desktop\PRAYCGStimulus\Field of dreams\1.8prep\Fieldofdreams1_8_MediaPrep_v1_7A_20260817_210857\stimulus_target_cued_Fieldofdreams1_8_v1_7A.mp4,15.25,132.2043773010254,68.80324609985352,15.09090293388366,40.77389302673336,0.049218893492221805,0.04337005555555555,4.438159775934821,0.0,0.0,0.011635752863022226,-38.68411022930264,7.329430835231743e-05,0.0,0.0,0.0,0.0,0.4999999999999984,0.8660254037844396,0.3333333333333333,0.0,2.197299450035637,2.7863619224312117,3.280799892303469,1.997849699522825,-0.6876377636443209,0.017400327564408225
target,C:\Users\hoytb\Desktop\PRAYCGStimulus\Field of dreams\1.8prep\Fieldofdreams1_8_MediaPrep_v1_7A_20260817_210857\stimulus_target_cued_Fieldofdreams1_8_v1_7A.mp4,15.5,133.02905974121094,68.18309141235352,15.006863784790061,42.41226963653574,0.05839797281324863,0.04378065277777778,4.86164290328185,0.0,0.0,0.011768356964338113,-38.58568333564903,0.00013260410131588768,0.0,0.0,0.0,0.0,0.8660254037844374,0.5000000000000021,0.3333333333333333,0.0,2.2226013829309967,2.765080768470586,3.451089533007874,2.5886310287902528,-0.6791736305650745,0.03922326196088903
target,C:\Users\hoytb\Desktop\PRAYCGStimulus\Field of dreams\1.8prep\Fieldofdreams1_8_MediaPrep_v1_7A_20260817_210857\stimulus_target_cued_Fieldofdreams1_8_v1_7A.mp4,15.75,134.77131728515624,69.26534645690919,13.969217567443845,38.20056109695434,0.05475536644607783,0.04125590277777778,4.414337643010411,0.0,0.0,0.012443442622842815,-38.10118900753592,0.000675085658504701,0.0,0.0,0.0,0.0,1.0,6.614949657305472e-15,0.3333333333333333,0.0,2.276055271743545,2.5023186017164756,3.0133328355147984,2.3541866192441296,-0.6360828453120405,0.2388284003754471
target,C:\Users\hoytb\Desktop\PRAYCGStimulus\Field of dreams\1.8prep\Fieldofdreams1_8_MediaPrep_v1_7A_20260817_210857\stimulus_target_cued_Fieldofdreams1_8_v1_7A.mp4,16.0,138.3523708251953,71.47076607666015,20.112154928588858,74.93124474487296,0.06666681541800491,0.03986669444444444,6.594022669485997,0.0,0.0,0.013313095903912341,-37.51441878821518,0.0008696532810695268,0.0,0.0,0.0,0.0,0.8660254037844405,-0.49999999999999684,0.3333333333333333,0.0,2.385924928170781,4.057888799213451,6.831047812528348,3.1208279577731677,-0.5805727892072086,0.31041921617073176
target,C:\Users\hoytb\Desktop\PRAYCGStimulus\Field of dreams\1.8prep\Fieldofdreams1_8_MediaPrep_v1_7A_20260817_210857\stimulus_target_cued_Fieldofdreams1_8_v1_7A.mp4,16.25,138.94185745239258,74.14637001037596,20.84104753494263,76.75103680419926,0.08542351335287086,0.0421620486111111,7.69420304633234,0.0,0.0,0.013189409636265033,-37.595492863926545,-0.00012368626764730842,0.0,1.0,0.0,0.0,0.5000000000000007,-0.8660254037844383,0.3333333333333333,0.0,2.4040108608368165,4.242465582104246,7.0201934180535535,4.328041290513833,-0.5884676960694647,-0.05507833021915906
target,C:\Users\hoytb\Desktop\PRAYCGStimulus\Field of dreams\1.8prep\Fieldofdreams1_8_MediaPrep_v1_7A_20260817_210857\stimulus_target_cued_Fieldofdreams1_8_v1_7A.mp4,16.5,138.3983480224609,75.61079879150391,10.626826483917254,26.175700108337452,0.05943185341954231,0.041181152777777806,3.7697605623075736,0.0,0.0,0.013114171513746036,-37.64518281354156,-7.523812251899673e-05,1.0,0.0,7.0,5.0,4.899825157862589e-15,-1.0,0.3333333333333333,0.0,2.3873355462502315,1.6559280800093712,1.7634924477672091,2.6551733624522815,-0.5932701529717319,-0.03725192011154431
target,C:\Users\hoytb\Desktop\PRAYCGStimulus\Field of dreams\1.8prep\Fieldofdreams1_8_MediaPrep_v1_7A_20260817_210857\stimulus_target_cued_Fieldofdreams1_8_v1_7A.mp4,16.75,141.00630982666016,75.84149162597656,8.799250385284427,20.246478424835228,0.060755174186825724,0.038679298611111114,3.3574504324350807,0.0,0.0,0.012979379853097647,-37.73492114667196,-0.00013479166064838885,1.0,0.0,7.0,5.0,-0.4999999999999983,-0.8660254037844396,0.3333333333333333,0.0,2.467349951005431,1.1931327191657255,1.1472208139441722,2.740344562591276,-0.6018739181824532,-0.059164540114691404
target,C:\Users\hoytb\Desktop\PRAYCGStimulus\Field of dreams\1.8prep\Fieldofdreams1_8_MediaPrep_v1_7A_20260817_210857\stimulus_target_cued_Fieldofdreams1_8_v1_7A.mp4,17.0,141.0097161376953,75.692446484375,11.686252308654797,28.725510803222697,0.08606936084032067,0.039345861111111116,5.338523698555885,0.0,0.0,0.01197922654045534,-38.43142443963857,-0.001000153312642308,1.0,0.0,7.0,5.0,-0.8660254037844356,-0.5000000000000053,0.3333333333333333,0.0,2.4674544594186485,1.9242054760714393,2.0285147536878436,4.369609145392872,-0.6657138043839168,-0.3775728436522384
target,C:\Users\hoytb\Desktop\PRAYCGStimulus\Field of dreams\1.8prep\Fieldofdreams1_8_MediaPrep_v1_7A_20260817_210857\stimulus_target_cued_Fieldofdreams1_8_v1_7A.mp4,17.25,138.37966326293946,75.54818117675781,13.893765063476563,33.46157387390137,0.07387917893826967,0.03957594444444445,5.322606849200119,0.0,0.0,0.015354526531790905,-36.27527141556969,0.0033752999913355657,0.0,0.0,0.0,0.0,-1.0,-3.1847006584197066e-15,0.3333333333333333,0.0,2.3867622825204116,2.483211835751317,2.52077182927961,3.5850280761773377,-0.4502680675964339,1.2323675327409827
target,C:\Users\hoytb\Desktop\PRAYCGStimulus\Field of dreams\1.8prep\Fieldofdreams1_8_MediaPrep_v1_7A_20260817_210857\stimulus_target_cued_Fieldofdreams1_8_v1_7A.mp4,17.5,136.91750091552734,76.08210150146485,11.705859935760506,24.16681946563724,0.03890923038125048,0.03864055555555556,3.055290329648715,0.0,0.0,0.03267469282959238,-29.715769729182963,0.017320166297801476,0.0,0.0,0.0,0.0,-0.8660254037844423,0.4999999999999936,0.3333333333333333,0.0,2.3419019438086766,1.9291706968731681,1.554693346988594,1.3343020534046894,0.6552798833680781,6.3633566555764265
target,C:\Users\hoytb\Desktop\PRAYCGStimulus\Field of dreams\1.8prep\Fieldofdreams1_8_MediaPrep_v1_7A_20260817_210857\stimulus_target_cued_Fieldofdreams1_8_v1_7A.mp4,17.75,136.47064685668946,77.03610613098145,16.766693397903378,44.01518384551956,0.04066986109018279,0.03690799305555556,4.460280963050081,0.0,0.0,0.04745614211187303,-26.474151402100258,0.014781449282280652,0.0,0.0,0.0,0.0,-0.5000000000000038,0.8660254037844365,0.3333333333333333,0.0,2.328192095193261,3.2107207510865647,3.617693281556728,1.4476192733778719,1.5987812727505544,5.429240178134496
target,C:\Users\hoytb\Desktop\PRAYCGStimulus\Field of dreams\1.8prep\Fieldofdreams1_8_MediaPrep_v1_7A_20260817_210857\stimulus_target_cued_Fieldofdreams1_8_v1_7A.mp4,18.0,134.39006271972656,75.044747253418,23.08450659790045,87.03210065918017,0.09259757953882239,0.03511016666666671,8.62726811608973,0.0,0.0,0.039449209561647505,-28.079233885096087,-0.008006932550225526,0.0,0.0,0.0,0.0,-1.4695761589768238e-15,1.0,0.3333333333333333,0.0,2.264358069329024,4.810574591275584,8.088786963303765,4.789776526626253,1.0876979654536425,-2.9557049866243617
target,C:\Users\hoytb\Desktop\PRAYCGStimulus\Field of dreams\1.8prep\Fieldofdreams1_8_MediaPrep_v1_7A_20260817_210857\stimulus_target_cued_Fieldofdreams1_8_v1_7A.mp4,18.25,134.43255829467773,72.81266567993164,15.305203577804596,41.253907061004746,0.07193723042905335,0.03171860416666667,5.596395821448481,0.0,0.0,0.03728400882381565,-28.569547958069737,-0.002165200737831857,0.0,0.0,0.0,0.0,0.4999999999999951,0.8660254037844415,0.3333333333333333,0.0,2.265661868383509,2.8406290710914552,3.3306916064185805,3.4600409307873163,0.9494929853178163,-0.8062500023183798
target,C:\Users\hoytb\Desktop\PRAYCGStimulus\Field of dreams\1.8prep\Fieldofdreams1_8_MediaPrep_v1_7A_20260817_210857\stimulus_target_cued_Fieldofdreams1_8_v1_7A.mp4,18.5,138.22621967773438,71.70352512817382,18.004739998626718,56.9882455764771,0.07059202411770821,0.028371152777777773,6.234998595598943,0.0,0.0,0.03885791122764533,-28.2104109642019,0.00157390240382968,0.0,0.0,0.0,0.0,0.8660254037844373,0.5000000000000023,0.3333333333333333,0.0,2.3820545076159174,3.524230116716608,4.966087788523779,3.3734611393985525,1.0499553335224576,0.569546446883102
target,C:\Users\hoytb\Desktop\PRAYCGStimulus\Field of dreams\1.8prep\Fieldofdreams1_8_MediaPrep_v1_7A_20260817_210857\stimulus_target_cued_Fieldofdreams1_8_v1_7A.mp4,18.75,147.3531039428711,71.64698051452636,35.353299102783176,124.36847007751453,0.11341996699571602,0.023977256944444452,12.83659071604637,0.0,0.0,0.028280193426525102,-30.970352488578072,-0.010577717801120226,0.0,0.0,0.0,0.0,1.0,6.859879017134943e-15,0.3333333333333333,0.0,2.66207479417404,7.9173892725687836,11.969455727381147,6.129941189124116,0.3747785459650712,-3.9016209150811503
target,C:\Users\hoytb\Desktop\PRAYCGStimulus\Field of dreams\1.8prep\Fieldofdreams1_8_MediaPrep_v1_7A_20260817_210857\stimulus_target_cued_Fieldofdreams1_8_v1_7A.mp4,19.0,134.9585465820313,72.39399943847656,29.10602512512205,117.22488120117184,0.12267105488777164,0.028126722222222178,11.656568463311705,0.0,0.0,0.017853844493596806,-34.965365044242624,-0.010426348932928296,0.0,0.0,0.0,0.0,0.8660254037844406,-0.4999999999999966,0.3333333333333333,0.0,2.281799619961402,6.335398012700778,11.226965157255691,6.725357113847494,-0.2907363515623881,-3.845925005263171
target,C:\Users\hoytb\Desktop\PRAYCGStimulus\Field of dreams\1.8prep\Fieldofdreams1_8_MediaPrep_v1_7A_20260817_210857\stimulus_target_cued_Fieldofdreams1_8_v1_7A.mp4,19.25,124.34922177734377,73.78429439392087,37.183362557983294,130.42271300353985,0.12831523514389964,0.03810845833333329,14.036522214962854,0.0,0.0,0.012612157016179043,-37.98421262135938,-0.005241687477417763,0.0,1.0,0.0,0.0,0.5000000000000009,-0.8660254037844382,0.3333333333333333,0.0,1.95629684314359,8.380814504355131,12.598721823126004,7.0886262607544035,-0.6253137886734351,-1.9382379074332128
target,C:\Users\hoytb\Desktop\PRAYCGStimulus\Field of dreams\1.8prep\Fieldofdreams1_8_MediaPrep_v1_7A_20260817_210857\stimulus_target_cued_Fieldofdreams1_8_v1_7A.mp4,19.5,130.7524942504881,74.78959244384768,39.87250059509291,139.6196286621095,0.1544517745733261,0.04187366666666667,16.00590746242657,0.0,1.0,0.011973611528323366,-38.43549672338582,-0.0006385454878556768,1.0,0.0,3.0,6.0,5.14475451769206e-15,-1.0,0.3333333333333333,0.0,2.1527544885734518,9.061782377142217,13.554631138308093,8.770818882316776,-0.6660722111711502,-0.2445198781424808
target,C:\Users\hoytb\Desktop\PRAYCGStimulus\Field of dreams\1.8prep\Fieldofdreams1_8_MediaPrep_v1_7A_20260817_210857\stimulus_target_cued_Fieldofdreams1_8_v1_7A.mp4,19.75,143.5129057128906,72.34970183715821,21.287933699035676,79.40754098358167,0.11572939558029184,0.03921203472222223,9.281252980153514,0.0,0.0,0.011433597059327881,-38.83634234276667,-0.0005400144689954849,1.0,0.0,3.0,6.0,-0.4999999999999981,-0.8660254037844397,0.3333333333333333,0.0,2.5442543663521673,4.355630141283036,7.296305234793507,6.27857998407586,-0.7005413888582565,-0.20826556240199062
target,C:\Users\hoytb\Desktop\PRAYCGStimulus\Field of dreams\1.8prep\Fieldofdreams1_8_MediaPrep_v1_7A_20260817_210857\stimulus_target_cued_Fieldofdreams1_8_v1_7A.mp4,20.0,145.1504118652344,71.36543969726563,6.987387298583981,15.355046524047836,0.043197914838790874,0.038503333333333334,2.0330969825609317,0.0,0.0,0.01155907120246972,-38.741541220409026,0.00012547414314183908,1.0,0.0,3.0,6.0,-0.8660254037844355,-0.5000000000000056,0.3333333333333333,0.0,2.5944943966516116,0.7343163494199754,0.63881500789716,1.6103291598303087,-0.6925323617239676,0.036599806344082435
target,C:\Users\hoytb\Desktop\PRAYCGStimulus\Field of dreams\1.8prep\Fieldofdreams1_8_MediaPrep_v1_7A_20260817_210857\stimulus_target_cued_Fieldofdreams1_8_v1_7A.mp4,20.25,143.1936897521973,71.44624900817871,10.547957956695555,25.771161695861817,0.03447223660796872,0.03710604166666666,2.5380836557432747,0.0,0.0,0.011401909886547037,-38.860447913358875,-0.00015716131592268326,0.0,0.0,0.0,0.0,-1.0,-3.4296300182491773e-15,0.3333333333333333,0.0,2.53446055915679,1.6359562777177576,1.7214455212550472,1.0487295043881435,-0.7025639842731842,-0.06739541557606195
target,C:\Users\hoytb\Desktop\PRAYCGStimulus\Field of dreams\1.8prep\Fieldofdreams1_8_MediaPrep_v1_7A_20260817_210857\stimulus_target_cued_Fieldofdreams1_8_v1_7A.mp4,20.5,133.99221348266607,73.18519807739256,13.14000632247921,38.194497415160896,0.06868130636215201,0.03934829166666665,4.873856286519964,0.0,0.0,0.011247230176658244,-38.97908833623696,-0.00015467970988879316,0.0,0.0,0.0,0.0,-0.8660254037844425,0.4999999999999934,0.3333333333333333,0.0,2.2521517287934962,2.2923382251860005,3.0127025883617486,3.250484059017893,-0.7124372056605013,-0.0664823129842394
target,C:\Users\hoytb\Desktop\PRAYCGStimulus\Field of dreams\1.8prep\Fieldofdreams1_8_MediaPrep_v1_7A_20260817_210857\stimulus_target_cued_Fieldofdreams1_8_v1_7A.mp4,20.75,123.58592676086431,75.63327602539061,17.78570158157349,62.52638067321785,0.06578755490183855,0.04019066666666667,5.944759869754256,0.0,0.0,0.011538000130609901,-38.757389208480646,0.000290769953951657,0.0,0.0,0.0,0.0,-0.500000000000004,0.8660254037844363,0.3333333333333333,0.0,1.9328783266998775,3.4687632262628525,5.541710652127888,3.0642372389934303,-0.693877330352947,0.09742011029509144
target,C:\Users\hoytb\Desktop\PRAYCGStimulus\Field of dreams\1.8prep\Fieldofdreams1_8_MediaPrep_v1_7A_20260817_210857\stimulus_target_cued_Fieldofdreams1_8_v1_7A.mp4,21.0,120.43371295166015,76.10671413574218,12.80950465698242,33.71196745910643,0.04635886955857277,0.03937202777777778,3.7045322508656495,0.0,0.0,0.01204063276147443,-38.3870137864309,0.0005026326308645284,0.0,0.0,0.0,0.0,-1.7145055188062944e-15,1.0,0.3333333333333333,0.0,1.8361658245464827,2.208645602122351,2.546797245782841,1.8137736411116834,-0.6617942391409003,0.1753746110328071
target,C:\Users\hoytb\Desktop\PRAYCGStimulus\Field of dreams\1.8prep\Fieldofdreams1_8_MediaPrep_v1_7A_20260817_210857\stimulus_target_cued_Fieldofdreams1_8_v1_7A.mp4,21.25,125.52991647338868,75.83605157470703,11.89486645126343,32.698492198944116,0.0636782695576549,0.04011944444444445,4.306437194543696,0.0,0.0,0.011996965429529922,-38.41857185144632,-4.366733194450731e-05,0.0,0.0,0.0,0.0,0.4999999999999949,0.8660254037844416,0.3333333333333333,0.0,1.992521523715805,1.9770326374016154,2.4414586216330116,2.928480007155748,-0.6645815293161376,-0.025635503038982616
target,C:\Users\hoytb\Desktop\PRAYCGStimulus\Field of dreams\1.8prep\Fieldofdreams1_8_MediaPrep_v1_7A_20260817_210857\stimulus_target_cued_Fieldofdreams1_8_v1_7A.mp4,21.5,131.43540877685547,75.02558340454101,10.572848836135867,30.45713462371827,0.06320062224864961,0.039247305555555556,3.938558009320141,0.0,0.0,0.011672179947443118,-38.65696051205657,-0.0003247854820868038,0.0,0.0,0.0,0.0,0.8660254037844372,0.5000000000000026,0.3333333333333333,0.0,2.173706865727895,1.642259371493668,2.2084963259729538,2.8977378049951517,-0.6853126191942794,-0.1290724337998699
target,C:\Users\hoytb\Desktop\PRAYCGStimulus\Field of dreams\1.8prep\Fieldofdreams1_8_MediaPrep_v1_7A_20260817_210857\stimulus_target_cued_Fieldofdreams1_8_v1_7A.mp4,21.75,134.2999948425293,74.60175036621094,6.368430473136906,15.122330090713513,0.037095178911835044,0.03890461111111111,1.575588033298914,0.0,0.0,0.011556226687974513,-38.743678950947384,-0.00011595325946860482,0.0,0.0,0.0,0.0,1.0,7.1048083769644134e-15,0.3333333333333333,0.0,2.261594713067479,0.577578499984483,0.6146269197729693,1.2175465814255135,-0.6927139273693311,-0.052232983409822645
target,C:\Users\hoytb\Desktop\PRAYCGStimulus\Field of dreams\1.8prep\Fieldofdreams1_8_MediaPrep_v1_7A_20260817_210857\stimulus_target_cued_Fieldofdreams1_8_v1_7A.mp4,22.0,134.61472280273438,74.59884774169922,4.566475012588514,9.899341906738318,0.022891608220338783,0.039229111111111103,0.4165485620023834,0.0,0.0,0.011530585923820887,-38.76297247084298,-2.5640764153626178e-05,0.0,0.0,0.0,0.0,0.8660254037844407,-0.4999999999999964,0.3333333333333333,0.0,2.2712508247310317,0.12127102900556072,0.0717598061123498,0.30338034753710774,-0.6943505799154908,-0.01900265900704095
target,C:\Users\hoytb\Desktop\PRAYCGStimulus\Field of dreams\1.8prep\Fieldofdreams1_8_MediaPrep_v1_7A_20260817_210857\stimulus_target_cued_Fieldofdreams1_8_v1_7A.mp4,22.25,133.3970063964844,74.5922607635498,5.300063385295844,10.861680271911569,0.02663551012650131,0.040884062499999985,0.7894890508794168,0.0,0.0,0.011383215070753851,-38.874701172317216,-0.00014737085306703625,0.0,1.0,0.0,0.0,0.5000000000000072,-0.8660254037844345,0.3333333333333333,0.0,2.2338902877592677,0.3070369163531605,0.17178336202797295,0.5443443121585755,-0.7037572762392342,-0.0637930319234803
target,C:\Users\hoytb\Desktop\PRAYCGStimulus\Field of dreams\1.8prep\Fieldofdreams1_8_MediaPrep_v1_7A_20260817_210857\stimulus_target_cued_Fieldofdreams1_8_v1_7A.mp4,22.5,132.69217279052734,75.15507662963867,5.073013841629026,10.782159484863275,0.027656797721982006,0.04028374999999999,0.7798440677976608,0.0,0.0,0.01122775205128609,-38.994143733208226,-0.00015546301946776052,1.0,0.0,8.0,7.0,5.3896838775215305e-15,-1.0,0.3333333333333333,0.0,2.2122654152855583,0.24954137591067133,0.16351812790904907,0.6100761379899842,-0.7136804963554958,-0.06677053037128101
target,C:\Users\hoytb\Desktop\PRAYCGStimulus\Field of dreams\1.8prep\Fieldofdreams1_8_MediaPrep_v1_7A_20260817_210857\stimulus_target_cued_Fieldofdreams1_8_v1_7A.mp4,22.75,131.79404702758788,76.07174147644044,5.007422027587894,11.276956459808359,0.033648683405667526,0.040685152777777775,1.0534852976990303,0.0,0.0,0.011357531021602484,-38.8943213651042,0.00012977897031639374,1.0,0.0,8.0,7.0,-0.4999999999999979,-0.8660254037844398,0.3333333333333333,0.0,2.1847101810788305,0.2329316230964037,0.2149463517868229,0.9957242041219814,-0.7053966916711386,0.038183759959907686
target,C:\Users\hoytb\Desktop\PRAYCGStimulus\Field of dreams\1.8prep\Fieldofdreams1_8_MediaPrep_v1_7A_20260817_210857\stimulus_target_cued_Fieldofdreams1_8_v1_7A.mp4,23.0,129.8506061279297,76.58412669677735,6.3610362792968775,14.670777978515632,0.025068946009874336,0.039261722222222226,0.9901124898855486,0.0,0.0,0.011835069322700112,-38.53658387711073,0.0004775383010976273,1.0,0.0,8.0,7.0,-0.8660254037844354,-0.5000000000000058,0.3333333333333333,0.0,2.125083822091259,0.5757060752964476,0.5676934818287062,0.44351755177929963,-0.6749153740435723,0.16614119636614136
target,C:\Users\hoytb\Desktop\PRAYCGStimulus\Field of dreams\1.8prep\Fieldofdreams1_8_MediaPrep_v1_7A_20260817_210857\stimulus_target_cued_Fieldofdreams1_8_v1_7A.mp4,23.25,128.49088796997071,76.71078993225098,4.2621122210502715,8.594936141967796,0.02585288524329666,0.03974888888888889,0.48087884771888434,0.0,0.0,0.012158348440156458,-38.30250829009077,0.00032327911745634597,0.0,0.0,0.0,0.0,-1.0,-3.674559378078648e-15,0.3333333333333333,0.0,2.0833665550405134,0.044197528185160984,-0.06381756217192988,0.4939732288890078,-0.6542804355707906,0.10938180004307381
target,C:\Users\hoytb\Desktop\PRAYCGStimulus\Field of dreams\1.8prep\Fieldofdreams1_8_MediaPrep_v1_7A_20260817_210857\stimulus_target_cued_Fieldofdreams1_8_v1_7A.mp4,23.5,128.10985216064452,76.85816552734374,3.101814162445069,5.999997613525391,0.01845513045191768,0.03986555555555556,-0.18061726219306803,0.0,0.0,0.011859020559849172,-38.5190235593737,-0.0002993278803072857,0.0,0.0,0.0,0.0,-0.8660254037844426,0.4999999999999932,0.3333333333333333,0.0,2.0716760642424656,-0.2496236479180287,-0.33353036630661265,0.0178410094807055,-0.6733865641754725,-0.11970535383269826
target,C:\Users\hoytb\Desktop\PRAYCGStimulus\Field of dreams\1.8prep\Fieldofdreams1_8_MediaPrep_v1_7A_20260817_210857\stimulus_target_cued_Fieldofdreams1_8_v1_7A.mp4,23.75,127.60626965332033,76.77906468200683,3.336044714450833,6.569695999145501,0.019986570600420202,0.039572361111111114,-0.04523417658401743,0.0,0.0,0.013662614672155274,-37.28932359806778,0.0018035941123061023,0.0,0.0,0.0,0.0,-0.5000000000000042,0.8660254037844362,0.3333333333333333,0.0,2.056225740352063,-0.19030966754960174,-0.27431703719980255,0.11640713087299957,-0.5582629711944529,0.6540611085440422
target,C:\Users\hoytb\Desktop\PRAYCGStimulus\Field of dreams\1.8prep\Fieldofdreams1_8_MediaPrep_v1_7A_20260817_210857\stimulus_target_cued_Fieldofdreams1_8_v1_7A.mp4,24.0,126.52962487792969,76.79309346923829,4.277622151184085,8.913619915771488,0.02484590644240378,0.039148083333333326,0.43606137859318095,0.0,0.0,0.018178720418756726,-34.808733791033966,0.004516105746601452,0.0,0.0,0.0,0.0,-1.959434878635765e-15,1.0,0.3333333333333333,0.0,2.0231933965896025,0.04812509307195695,-0.030694197852232746,0.42916234168239575,-0.2699994886938232,1.6521250114357207
target,C:\Users\hoytb\Desktop\PRAYCGStimulus\Field of dreams\1.8prep\Fieldofdreams1_8_MediaPrep_v1_7A_20260817_210857\stimulus_target_cued_Fieldofdreams1_8_v1_7A.mp4,24.25,126.13046679382325,76.83439228515626,5.1804768075943,10.50918966598511,0.0227623017385602,0.038508506944444444,0.5703688261507409,0.0,0.0,0.018456443778133304,-34.6770395178627,0.00027772335937657766,0.0,0.0,0.0,0.0,0.49999999999999467,0.8660254037844417,0.3333333333333333,0.0,2.010946899554417,0.27675412078538947,0.13514618210501558,0.29505796001692897,-0.25227237882578857,0.09261963868184
target,C:\Users\hoytb\Desktop\PRAYCGStimulus\Field of dreams\1.8prep\Fieldofdreams1_8_MediaPrep_v1_7A_20260817_210857\stimulus_target_cued_Fieldofdreams1_8_v1_7A.mp4,24.5,125.34404425048828,77.28600919799804,5.453849570846559,12.200419682312013,0.023752486497163782,0.03830856944444445,0.689694560540447,0.0,0.0,0.015732621886640194,-36.063977897887,-0.0027238218914931098,0.0,0.0,0.0,0.0,0.866025403784437,0.5000000000000028,0.3333333333333333,0.0,1.9868188116392882,0.3459800461565942,0.3109293018747441,0.3587879537830936,-0.42613420319607354,-1.0117936769746687
target,C:\Users\hoytb\Desktop\PRAYCGStimulus\Field of dreams\1.8prep\Fieldofdreams1_8_MediaPrep_v1_7A_20260817_210857\stimulus_target_cued_Fieldofdreams1_8_v1_7A.mp4,24.75,124.61332728881837,77.55475961914063,4.597370334815982,10.000560013198864,0.023134130991995325,0.037937812499999994,0.43637210219611317,0.0,0.0,0.013246561331888437,-37.55793690695032,-0.0024860605547517567,0.0,0.0,0.0,0.0,1.0,7.349737736793884e-15,0.3333333333333333,0.0,1.9643998166070744,0.12909462212944647,0.08228021691339615,0.31898953015836057,-0.5848196976089289,-0.924309809733501
target,C:\Users\hoytb\Desktop\PRAYCGStimulus\Field of dreams\1.8prep\Fieldofdreams1_8_MediaPrep_v1_7A_20260817_210857\stimulus_target_cued_Fieldofdreams1_8_v1_7A.mp4,25.0,123.57358489990236,77.46229431152344,2.902580890655532,5.567273254394565,0.0256097227334976,0.03773055555555556,0.11459623128983448,0.0,0.0,0.011380886360682692,-38.87647826145968,-0.0018656749712057455,0.0,0.0,0.0,0.0,0.8660254037844408,-0.49999999999999617,0.3333333333333333,0.0,1.9324996682943547,-0.300075300234381,-0.3785068846477287,0.4783228716208214,-0.7039059180365066,-0.6960400213266712
target,C:\Users\hoytb\Desktop\PRAYCGStimulus\Field of dreams\1.8prep\Fieldofdreams1_8_MediaPrep_v1_7A_20260817_210857\stimulus_target_cued_Fieldofdreams1_8_v1_7A.mp4,25.25,122.64566570434572,77.50166288146973,2.6332508050918397,5.24816152153012,0.01825083409547798,0.038649319444444434,-0.3127033389067714,0.0,0.0,0.011394881574075744,-38.86580368006857,1.3995213393052514e-05,0.0,1.0,0.0,0.0,0.5000000000000074,-0.8660254037844344,0.3333333333333333,0.0,1.9040303471663236,-0.36827750217154964,-0.41167473019003115,0.004692144676208229,-0.7030126021627459,-0.004418670520133801
target,C:\Users\hoytb\Desktop\PRAYCGStimulus\Field of dreams\1.8prep\Fieldofdreams1_8_MediaPrep_v1_7A_20260817_210857\stimulus_target_cued_Fieldofdreams1_8_v1_7A.mp4,25.5,121.44826117553711,77.52808020629882,4.367688215255738,8.526286657714847,0.02393529374599455,0.03952172222222222,0.41535960868767435,0.0,0.0,0.011213003169186865,-39.00556110124013,-0.00018187840488887927,1.0,0.0,4.0,8.0,5.6346132373510016e-15,-1.0,0.3333333333333333,0.0,1.867292995235198,0.07093243699213034,-0.07095285447165794,0.37055374266962887,-0.7146219189783193,-0.07649002515112131
target,C:\Users\hoytb\Desktop\PRAYCGStimulus\Field of dreams\1.8prep\Fieldofdreams1_8_MediaPrep_v1_7A_20260817_210857\stimulus_target_cued_Fieldofdreams1_8_v1_7A.mp4,25.75,120.67652983398438,77.50320496215821,3.9166088105201724,8.096348121452332,0.018458495403081178,0.03928499305555556,0.03199525354333699,0.0,0.0,0.011397456984747591,-38.86384076319597,0.00018445381556072594,1.0,0.0,4.0,8.0,-0.49999999999999767,-0.86602540378444,0.3333333333333333,0.0,1.843615645426682,-0.04329397253461944,-0.1156398198659897,0.018057583523892723,-0.7028482134414024,0.058301273464594475
target,C:\Users\hoytb\Desktop\PRAYCGStimulus\Field of dreams\1.8prep\Fieldofdreams1_8_MediaPrep_v1_7A_20260817_210857\stimulus_target_cued_Fieldofdreams1_8_v1_7A.mp4,26.0,120.38835723876953,77.35730793457031,2.9247340641021746,6.039186414337161,0.013283549088239689,0.039876833333333334,-0.4777291350001472,0.0,0.0,0.011807247475234903,-38.55702667975188,0.0004097904904873124,1.0,0.0,4.0,8.0,-0.8660254037844353,-0.5000000000000059,0.3333333333333333,0.0,1.8347742741168147,-0.2944654731488,-0.3294571594688528,-0.31501086003626466,-0.6766912453561423,0.14121350816189795
target,C:\Users\hoytb\Desktop\PRAYCGStimulus\Field of dreams\1.8prep\Fieldofdreams1_8_MediaPrep_v1_7A_20260817_210857\stimulus_target_cued_Fieldofdreams1_8_v1_7A.mp4,26.25,121.07550692749022,77.67433013916015,2.455862933635714,4.280104033470164,0.01562232959829268,0.038669097222222226,-0.4864980196133041,0.0,0.0,0.011666914865285007,-38.6608794235396,-0.0001403326099498961,0.0,0.0,0.0,0.0,-1.0,-3.919488737908119e-15,0.3333333333333333,0.0,1.8558565895219628,-0.41319726449566685,-0.5122927204839861,-0.1644829246878105,-0.6856486899162042,-0.061203322701157206
target,C:\Users\hoytb\Desktop\PRAYCGStimulus\Field of dreams\1.8prep\Fieldofdreams1_8_MediaPrep_v1_7A_20260817_210857\stimulus_target_cued_Fieldofdreams1_8_v1_7A.mp4,26.5,121.07210488281251,77.63850328979493,1.2031450672149628,2.88011916503906,0.01032188110649587,0.03855616666666667,-1.0703242698870548,0.0,0.0,0.01137610462252188,-38.88012844971007,-0.00029081024276312803,0.0,0.0,0.0,0.0,-0.8660254037844427,0.499999999999993,0.3333333333333333,0.0,1.8557522120040866,-0.7304218208132803,-0.6578043927151299,-0.5056289041679132,-0.7042111368626333,-0.11657130402319502
target,C:\Users\hoytb\Desktop\PRAYCGStimulus\Field of dreams\1.8prep\Fieldofdreams1_8_MediaPrep_v1_7A_20260817_210857\stimulus_target_cued_Fieldofdreams1_8_v1_7A.mp4,26.75,120.62339575500488,77.66048255310058,1.5363801572799676,3.1794057495117176,0.009633262397721396,0.03826560416666667,-1.016850452857752,0.0,0.0,0.011357448853688662,-38.894384204819225,-1.8655768833216943e-05,0.0,0.0,0.0,0.0,-0.5000000000000044,0.866025403784436,0.3333333333333333,0.0,1.8419854483528926,-0.6460370152406054,-0.6266971340832792,-0.5499495883999668,-0.7054019364573144,-0.016432542218222535
target,C:\Users\hoytb\Desktop\PRAYCGStimulus\Field of dreams\1.8prep\Fieldofdreams1_8_MediaPrep_v1_7A_20260817_210857\stimulus_target_cued_Fieldofdreams1_8_v1_7A.mp4,27.0,120.06521870117187,77.5475279296875,1.9642373233795183,4.055544323730472,0.0131803054586053,0.03778508333333333,-0.7331783597107203,0.0,0.0,0.011447230112418598,-38.82599173719725,8.978125872993563e-05,0.0,0.0,0.0,0.0,-9.309791596066238e-15,1.0,0.3333333333333333,0.0,1.8248601190483968,-0.5376911511626561,-0.5356330148091537,-0.32165579757526996,-0.6996711897128969,0.02346667206690534
target,C:\Users\hoytb\Desktop\PRAYCGStimulus\Field of dreams\1.8prep\Fieldofdreams1_8_MediaPrep_v1_7A_20260817_210857\stimulus_target_cued_Fieldofdreams1_8_v1_7A.mp4,27.25,119.20898087158203,77.44602334594727,2.476640253829956,5.021946957778931,0.01216869287155569,0.0378665625,-0.6486609865371571,0.0,0.0,0.011303395583999745,-38.93582146253409,-0.00014383452841885275,0.0,0.0,0.0,0.0,0.4999999999999945,0.8660254037844418,0.3333333333333333,0.0,1.7985900409540012,-0.4079358434233233,-0.43518702678460974,-0.3867649232270977,-0.7088521620798651,-0.06249184746563929
target,C:\Users\hoytb\Desktop\PRAYCGStimulus\Field of dreams\1.8prep\Fieldofdreams1_8_MediaPrep_v1_7A_20260817_210857\stimulus_target_cued_Fieldofdreams1_8_v1_7A.mp4,27.5,118.89174514770508,77.42003253173829,1.7587861928939854,4.078366596221929,0.007349377708509578,0.037778402777777775,-1.0696810769849416,0.0,0.0,0.011234069900369362,-38.989257563115025,-6.93256836303835e-05,0.0,0.0,0.0,0.0,0.8660254037844369,0.500000000000003,0.3333333333333333,0.0,1.7888569890464818,-0.5897173459350193,-0.5332609127177445,-0.696944334321298,-0.7132772274152085,-0.035076448582438476
target,C:\Users\hoytb\Desktop\PRAYCGStimulus\Field of dreams\1.8prep\Fieldofdreams1_8_MediaPrep_v1_7A_20260817_210857\stimulus_target_cued_Fieldofdreams1_8_v1_7A.mp4,27.75,114.12595861053515,74.47756062927277,6.455558680676858,13.607432675169758,0.043564758961271946,0.03638770833333339,1.9122285335108593,0.0,0.0,0.011295946851927231,-38.94154719258539,6.18769515578696e-05,0.0,0.0,0.0,0.0,1.0,7.594667096623355e-15,0.3333333333333333,0.0,1.6426387536612899,0.599641893283551,0.45717146352833077,1.6339398783712031,-0.7093276153947156,0.013199331137739016
target,C:\Users\hoytb\Desktop\PRAYCGStimulus\Field of dreams\1.8prep\Fieldofdreams1_8_MediaPrep_v1_7A_20260817_210857\stimulus_target_cued_Fieldofdreams1_8_v1_7A.mp4,28.0,48.02121664428711,31.991142736816407,60.54196847267231,124.66042503662273,0.3606289142310667,0.027995888888888893,31.399567255858635,1.0,1.0,0.01108741605176739,-39.10339310727724,-0.00020853080015984134,0.0,0.0,0.0,0.0,0.8660254037844409,-0.49999999999999595,0.3333333333333333,0.0,-0.385508886924821,14.295892109703523,11.99980095130033,22.040734128885337,-0.7226381572720743,-0.08629672728991543
target,C:\Users\hoytb\Desktop\PRAYCGStimulus\Field of dreams\1.8prep\Fieldofdreams1_8_MediaPrep_v1_7A_20260817_210857\stimulus_target_cued_Fieldofdreams1_8_v1_7A.mp4,28.25,47.8444224685669,32.02659572753906,1.1443756076335887,2.8346810274124117,0.008211599518731218,0.02840482638888888,-1.1880447585970344,0.0,0.0,0.010977259188073185,-39.190121626951694,-0.00011015686369420484,0.0,1.0,0.0,0.0,0.5000000000000077,-0.8660254037844343,0.3333333333333333,0.0,-0.3909330770765561,-0.7453039552830265,-0.6625271433235219,-0.6414502559555905,-0.7296694809238145,-0.05010020974125722
target,C:\Users\hoytb\Desktop\PRAYCGStimulus\Field of dreams\1.8prep\Fieldofdreams1_8_MediaPrep_v1_7A_20260817_210857\stimulus_target_cued_Fieldofdreams1_8_v1_7A.mp4,28.5,47.592637756347656,32.12570187988281,1.2854325351715086,3.1404020107269286,0.008423502925410864,0.02955301388888889,-1.140983464522359,0.0,0.0,0.011121728313378246,-39.076554364659984,0.00014446912530506097,1.0,0.0,9.0,9.0,5.879542597180472e-15,-1.0,0.3333333333333333,0.0,-0.39865803832493124,-0.7095842434044117,-0.6307511059381333,-0.6278117883167147,-0.7204480021739875,0.04358897674744108
target,C:\Users\hoytb\Desktop\PRAYCGStimulus\Field of dreams\1.8prep\Fieldofdreams1_8_MediaPrep_v1_7A_20260817_210857\stimulus_target_cued_Fieldofdreams1_8_v1_7A.mp4,28.75,47.44305387115479,32.28121029663086,1.7821080598831167,4.12342850589752,0.007429963186383248,0.02910385416666667,-1.059689902155228,0.0,0.0,0.011250343039723472,-38.976684700524515,0.00012861472634522614,1.0,0.0,9.0,9.0,-0.4999999999999913,-0.8660254037844437,0.3333333333333333,0.0,-0.40324739447094754,-0.5838115716929198,-0.5285772665022163,-0.6917577143921294,-0.7122385112990139,0.03775537843074108
target,C:\Users\hoytb\Desktop\PRAYCGStimulus\Field of dreams\1.8prep\Fieldofdreams1_8_MediaPrep_v1_7A_20260817_210857\stimulus_target_cued_Fieldofdreams1_8_v1_7A.mp4,29.0,47.40908266601563,32.34318927612305,1.1612915134429913,2.8512176780700633,0.0033087651997804474,0.0289673888888889,-1.4215338055176971,0.0,0.0,0.011208034231408731,-39.00941102531731,-4.230880831474111e-05,1.0,0.0,9.0,9.0,-0.8660254037844352,-0.5000000000000061,0.3333333333333333,0.0,-0.4042896588759131,-0.7410203565103592,-0.6608083563962076,-0.9570051035417294,-0.7149390867747846,-0.02513563664985752
target,C:\Users\hoytb\Desktop\PRAYCGStimulus\Field of dreams\1.8prep\Fieldofdreams1_8_MediaPrep_v1_7A_20260817_210857\stimulus_target_cued_Fieldofdreams1_8_v1_7A.mp4,29.25,47.337490504455566,32.279805978393554,1.547181732702255,3.7452493370056184,0.006499245573580271,0.027119548611111106,-1.1661056099930018,0.0,0.0,0.011006721041897816,-39.16684080506647,-0.00020131318951091548,0.0,0.0,0.0,0.0,-1.0,-4.164418097737589e-15,0.3333333333333333,0.0,-0.40648616504526836,-0.6433017425485534,-0.567884465107951,-0.7516603003960206,-0.7277889278409281,-0.08364102009856514
target,C:\Users\hoytb\Desktop\PRAYCGStimulus\Field of dreams\1.8prep\Fieldofdreams1_8_MediaPrep_v1_7A_20260817_210857\stimulus_target_cued_Fieldofdreams1_8_v1_7A.mp4,29.5,47.36519768981933,32.259980902099606,1.3215901371002257,3.0051651578903296,0.00481826508156958,0.027235194444444454,-1.3064923072183983,0.0,0.0,0.011476398159867252,-38.80388785601485,0.00046967711796943624,0.0,0.0,0.0,0.0,-0.8660254037844428,0.4999999999999928,0.3333333333333333,0.0,-0.4056360858988813,-0.7004280881863829,-0.6448073582929059,-0.8598510954431646,-0.6978093903204402,0.16324868780873317
target,C:\Users\hoytb\Desktop\PRAYCGStimulus\Field of dreams\1.8prep\Fieldofdreams1_8_MediaPrep_v1_7A_20260817_210857\stimulus_target_cued_Fieldofdreams1_8_v1_7A.mp4,29.75,47.43687342987061,32.224794792175295,1.661345511579511,3.8652394221305797,0.007859011343680306,0.027444993055555554,-1.07035882504838,0.0,0.0,0.011603501612610742,-38.708218660308845,0.0001271034527434902,0.0,0.0,0.0,0.0,-0.5000000000000047,0.8660254037844359,0.3333333333333333,0.0,-0.403437015472943,-0.6143921571800983,-0.5554129317854108,-0.6641434372056303,-0.6896963641909557,0.037199307957082976
target,C:\Users\hoytb\Desktop\PRAYCGStimulus\Field of dreams\1.8prep\Fieldofdreams1_8_MediaPrep_v1_7A_20260817_210857\stimulus_target_cued_Fieldofdreams1_8_v1_7A.mp4,30.0,47.524907623291014,32.17244400024414,1.3630138521194455,3.2808717956542965,0.008803881034255027,0.027760416666666666,-1.1022978968298989,0.0,0.0,0.011317865896155268,-38.92470912455474,-0.00028563571645547417,0.0,0.0,0.0,0.0,-9.554720955895708e-15,1.0,0.3333333333333333,0.0,-0.4007360542957908,-0.689938400148689,-0.6161509529195964,-0.603329999140712,-0.707928520604472,-0.11466734613525979
target,C:\Users\hoytb\Desktop\PRAYCGStimulus\Field of dreams\1.8prep\Fieldofdreams1_8_MediaPrep_v1_7A_20260817_210857\stimulus_target_cued_Fieldofdreams1_8_v1_7A.mp4,30.25,47.546498184204104,32.11708001098633,0.6990610884666428,2.050908828735349,0.006096830959245567,0.027974215277777777,-1.406770576138789,0.0,0.0,0.011431684801477026,-38.837795170751946,0.00011381890532175844,0.0,0.0,0.0,0.0,0.4999999999999943,0.8660254037844419,0.3333333333333333,0.0,-0.40007363819866465,-0.8580705283088791,-0.7439908832892173,-0.7775603969589405,-0.7006634484685615,0.03231128201085416
target,C:\Users\hoytb\Desktop\PRAYCGStimulus\Field of dreams\1.8prep\Fieldofdreams1_8_MediaPrep_v1_7A_20260817_210857\stimulus_target_cued_Fieldofdreams1_8_v1_7A.mp4,30.5,47.51623456726074,32.05981438598633,1.0885285761833223,2.6934005432128956,0.004815673069655892,0.027143722222222225,-1.3673864595741512,0.0,0.0,0.015209339499483216,-36.35779291489523,0.0037776546980061894,0.0,0.0,0.0,0.0,0.8660254037844368,0.5000000000000032,0.3333333333333333,0.0,-0.40100215076029944,-0.7594460460509059,-0.677211558829052,-0.8600179217871028,-0.4595353704222017,1.3804132420420008
target,C:\Users\hoytb\Desktop\PRAYCGStimulus\Field of dreams\1.8prep\Fieldofdreams1_8_MediaPrep_v1_7A_20260817_210857\stimulus_target_cued_Fieldofdreams1_8_v1_7A.mp4,30.75,47.49603293914795,32.020382426452635,1.0135581660270625,2.7427502868652205,0.0072115576513111235,0.027081680555555557,-1.2706789694640441,0.0,0.0,0.02299524409701435,-32.767239519269616,0.007785904597531134,0.0,0.0,0.0,0.0,1.0,7.839596456452825e-15,0.3333333333333333,0.0,-0.4016219532612133,-0.7784307318578706,-0.6720822435878985,-0.7058146701952783,0.03743970049835466,2.8552417691919985
target,C:\Users\hoytb\Desktop\PRAYCGStimulus\Field of dreams\1.8prep\Fieldofdreams1_8_MediaPrep_v1_7A_20260817_210857\stimulus_target_cued_Fieldofdreams1_8_v1_7A.mp4,31.0,47.45544297485352,31.975472897338868,1.3860457513809215,3.3946304588317915,0.007609306500107084,0.027281583333333328,-1.1542567779142745,0.0,0.0,0.02030400271746889,-33.84836674204813,-0.002691241379545458,0.0,0.0,0.0,0.0,0.866025403784441,-0.4999999999999957,0.3333333333333333,0.0,-0.4028672866195564,-0.6841060541590457,-0.6043271013316238,-0.6802148703255917,-0.1343425065284367,-0.9998057346921172
target,C:\Users\hoytb\Desktop\PRAYCGStimulus\Field of dreams\1.8prep\Fieldofdreams1_8_MediaPrep_v1_7A_20260817_210857\stimulus_target_cued_Fieldofdreams1_8_v1_7A.mp4,31.25,47.5950813293457,31.972691535949707,1.550704950094223,3.412994360923767,0.011862849188037216,0.028426215277777778,-0.9049294159178465,0.0,0.0,0.012090698697643013,-38.35097202712308,-0.008213304019825878,0.0,1.0,0.0,0.0,0.5000000000000017,-0.8660254037844377,0.3333333333333333,0.0,-0.3985830675034262,-0.6424095615523879,-0.6024183934860262,-0.40644954862119204,-0.6585985254166433,-3.0316390072533004
target,C:\Users\hoytb\Desktop\PRAYCGStimulus\Field of dreams\1.8prep\Fieldofdreams1_8_MediaPrep_v1_7A_20260817_210857\stimulus_target_cued_Fieldofdreams1_8_v1_7A.mp4,31.5,47.63874898986816,31.914887997436523,0.7563931497573854,1.989885888671875,0.00570121859125793,0.028218152777777776,-1.4110180925277633,0.0,0.0,0.010723109402103647,-39.393585261517416,-0.0013675892955393662,1.0,0.0,5.0,10.0,1.3229899314610944e-14,-1.0,0.3333333333333333,0.0,-0.3972433079033697,-0.843552384843987,-0.750333487593968,-0.8030226892499528,-0.7458918872382595,-0.5127702697264476
target,C:\Users\hoytb\Desktop\PRAYCGStimulus\Field of dreams\1.8prep\Fieldofdreams1_8_MediaPrep_v1_7A_20260817_210857\stimulus_target_cued_Fieldofdreams1_8_v1_7A.mp4,31.75,65.23697234649634,43.01849337692246,20.826952962064468,43.03934670715275,0.1237829296980037,0.030879243055555516,9.551837798135129,0.0,0.0,0.010852116112105556,-39.28971136232376,0.00012900671000190891,1.0,0.0,5.0,10.0,-0.49999999999999106,-0.8660254037844438,0.3333333333333333,0.0,0.14268460222260068,4.238896426791937,3.5162666897192496,6.796919288592312,-0.7376573760071873,0.03789960813037155
target,C:\Users\hoytb\Desktop\PRAYCGStimulus\Field of dreams\1.8prep\Fieldofdreams1_8_MediaPrep_v1_7A_20260817_210857\stimulus_target_cued_Fieldofdreams1_8_v1_7A.mp4,32.0,118.69574158935546,76.56065303955079,46.25737903099112,94.58416117477522,0.2718931074410707,0.038176555555555575,23.36929112834028,1.0,1.0,0.010928247288260943,-39.2289897228366,7.613117615538727e-05,1.0,0.0,5.0,10.0,-0.8660254037844349,-0.5000000000000063,0.3333333333333333,0.0,1.7828434392981716,10.678619083364639,8.87373327179246,16.32954501551497,-0.7327979154017894,0.01844414810169973
target,C:\Users\hoytb\Desktop\PRAYCGStimulus\Field of dreams\1.8prep\Fieldofdreams1_8_MediaPrep_v1_7A_20260817_210857\stimulus_target_cued_Fieldofdreams1_8_v1_7A.mp4,32.25,118.78809765014648,76.57920397338867,1.4251937910556787,3.0241945234298706,0.015433731812983763,0.03783386805555556,-0.7643855993640347,0.0,0.0,0.01138646733045132,-38.8722199107433,0.0004582200421903767,0.0,0.0,0.0,0.0,-1.0,-4.40934745756706e-15,0.3333333333333333,0.0,1.7856769989069932,-0.6741926332289109,-0.6428294834861165,-0.17662140245937322,-0.7035496841767378,0.1590330768512729
target,C:\Users\hoytb\Desktop\PRAYCGStimulus\Field of dreams\1.8prep\Fieldofdreams1_8_MediaPrep_v1_7A_20260817_210857\stimulus_target_cued_Fieldofdreams1_8_v1_7A.mp4,32.5,119.07981243896484,76.63323043823242,1.5653406949043243,3.5460706787109313,0.009301949609071115,0.037089930555555574,-1.0253755477980808,0.0,0.0,0.01141456902012176,-38.85080962965469,2.8101689670439675e-05,0.0,0.0,0.0,0.0,-0.8660254037844394,0.4999999999999987,0.3333333333333333,0.0,1.7946270476185984,-0.6387033657853973,-0.5885867028926316,-0.5712734491965216,-0.7017559505081564,0.0007717827083240969
target,C:\Users\hoytb\Desktop\PRAYCGStimulus\Field of dreams\1.8prep\Fieldofdreams1_8_MediaPrep_v1_7A_20260817_210857\stimulus_target_cued_Fieldofdreams1_8_v1_7A.mp4,32.75,119.18191327819824,76.79103419494629,1.2935896617889406,2.9350086366653447,0.009059657184779645,0.03692971527777778,-1.1079885349387704,0.0,0.0,0.011102069937167384,-39.09192082261875,-0.0003124990829543751,0.0,0.0,0.0,0.0,-0.500000000000011,0.8660254037844323,0.3333333333333333,0.0,1.7977595850135528,-0.707518621973279,-0.6520992890498487,-0.5868678062652575,-0.7217027982980851,-0.12455167476770365
target,C:\Users\hoytb\Desktop\PRAYCGStimulus\Field of dreams\1.8prep\Fieldofdreams1_8_MediaPrep_v1_7A_20260817_210857\stimulus_target_cued_Fieldofdreams1_8_v1_7A.mp4,33.0,118.71087880859375,76.59608015136719,1.3293278079032962,2.9884471801757946,0.010769715076684961,0.03844519444444445,-1.015693232549763,0.0,0.0,0.010845929044677741,-39.294664821119184,-0.00025614089248964314,0.0,0.0,0.0,0.0,-9.799650315725178e-15,1.0,0.3333333333333333,0.0,1.783307861585741,-0.6984686851530016,-0.6465449919976838,-0.4768055397599646,-0.7380522971412973,-0.10381477733878065
target,C:\Users\hoytb\Desktop\PRAYCGStimulus\Field of dreams\1.8prep\Fieldofdreams1_8_MediaPrep_v1_7A_20260817_210857\stimulus_target_cued_Fieldofdreams1_8_v1_7A.mp4,33.25,118.4647304107666,76.67751290283204,1.2551239432573247,2.6939421735763442,0.01589331766888484,0.03847877777777777,-0.7864291108756105,0.0,0.0,0.010728394315309676,-39.38930545210326,-0.00011753472936806494,0.0,0.0,0.0,0.0,0.49999999999999406,0.866025403784442,0.3333333333333333,0.0,1.77575582708053,-0.7172592593679497,-0.6771552628349354,-0.1470416664786873,-0.7455545506985581,-0.05281488248822822
target,C:\Users\hoytb\Desktop\PRAYCGStimulus\Field of dreams\1.8prep\Fieldofdreams1_8_MediaPrep_v1_7A_20260817_210857\stimulus_target_cued_Fieldofdreams1_8_v1_7A.mp4,33.5,118.82492526855468,77.0379016845703,1.6184567581176754,3.534284476089471,0.021974292083084608,0.03928355555555555,-0.3966273978850853,0.0,0.0,0.011013190525967151,-39.16173694930574,0.00028479621065747446,0.0,0.0,0.0,0.0,0.8660254037844367,0.5000000000000034,0.3333333333333333,0.0,1.7868069004112017,-0.6252528355120992,-0.5898117375993464,0.24434030354445385,-0.7273759800242804,0.09522208191737587
target,C:\Users\hoytb\Desktop\PRAYCGStimulus\Field of dreams\1.8prep\Fieldofdreams1_8_MediaPrep_v1_7A_20260817_210857\stimulus_target_cued_Fieldofdreams1_8_v1_7A.mp4,33.75,119.3560699005127,77.02595625305176,1.8369336206913005,3.953855873107911,0.020539442088454957,0.0382307986111111,-0.4092848954027081,0.0,0.0,0.01117550613233895,-39.03465597521614,0.00016231560637179968,0.0,0.0,0.0,0.0,1.0,9.790984586812941e-16,0.3333333333333333,0.0,1.8031028528659536,-0.5699281469662233,-0.5462023122568218,0.15199089054996626,-0.7170153585990298,0.050155558184788104
target,C:\Users\hoytb\Desktop\PRAYCGStimulus\Field of dreams\1.8prep\Fieldofdreams1_8_MediaPrep_v1_7A_20260817_210857\stimulus_target_cued_Fieldofdreams1_8_v1_7A.mp4,34.0,119.70446705322266,77.09891745605469,1.5459881210327184,3.2009247108459498,0.016422967278957503,0.037074916666666666,-0.6848891685477928,0.0,0.0,0.010944056063070872,-39.21643381640051,-0.00023145006926807848,0.0,0.0,0.0,0.0,0.8660254037844448,-0.4999999999999894,0.3333333333333333,0.0,1.8137919629394248,-0.6436039996987337,-0.6244604955888,-0.11295250679925023,-0.731788839720998,-0.09472983219843474
target,C:\Users\hoytb\Desktop\PRAYCGStimulus\Field of dreams\1.8prep\Fieldofdreams1_8_MediaPrep_v1_7A_20260817_210857\stimulus_target_cued_Fieldofdreams1_8_v1_7A.mp4,34.25,119.28024450378419,77.00751330261231,1.6896568353652899,3.46818426895141,0.008764875854551754,0.03772623611111111,-1.0190217769154384,0.0,0.0,0.01089836019749557,-39.25277684911188,-4.5695865575302516e-05,0.0,1.0,0.0,0.0,0.5000000000000081,-0.8660254037844339,0.3333333333333333,0.0,1.8007764675735045,-0.6072229075290427,-0.5966820630524088,-0.6058404395789625,-0.7347056114012293,-0.02638189843397396
target,C:\Users\hoytb\Desktop\PRAYCGStimulus\Field of dreams\1.8prep\Fieldofdreams1_8_MediaPrep_v1_7A_20260817_210857\stimulus_target_cued_Fieldofdreams1_8_v1_7A.mp4,34.5,118.74242288208008,76.91262560424805,2.7139902706146337,4.7117020187378005,0.015453525216132469,0.03880836111111112,-0.4273848750784294,0.0,0.0,0.011835224263212615,-38.53647016528142,0.0009368640657170454,1.0,0.0,1.0,11.0,6.369401316839413e-15,-1.0,0.3333333333333333,0.0,1.7842756596031426,-0.34783192394971957,-0.46743327522564837,-0.1753474649963717,-0.674905484175128,0.3351493066129579
target,C:\Users\hoytb\Desktop\PRAYCGStimulus\Field of dreams\1.8prep\Fieldofdreams1_8_MediaPrep_v1_7A_20260817_210857\stimulus_target_cued_Fieldofdreams1_8_v1_7A.mp4,34.75,118.74447534484864,76.93159392395019,1.681925250530257,3.4962888977050994,0.01223670448474586,0.0382130138888889,-0.8525745463024941,0.0,0.0,0.012099260167495764,-38.344823692122254,0.00026403590428314937,1.0,0.0,1.0,11.0,-0.499999999999997,-0.8660254037844404,0.3333333333333333,0.0,1.7843386308423854,-0.6091807694185143,-0.5937609232461136,-0.3823875788507321,-0.6580520459377392,0.08758336356379783
target,C:\Users\hoytb\Desktop\PRAYCGStimulus\Field of dreams\1.8prep\Fieldofdreams1_8_MediaPrep_v1_7A_20260817_210857\stimulus_target_cued_Fieldofdreams1_8_v1_7A.mp4,35.0,118.84349401855468,76.79457733154297,2.434264610290513,4.896730651855444,0.012060425132513049,0.037134027777777794,-0.6649634589612022,0.0,0.0,0.01148210105569896,-38.799572702453546,-0.0006171591117968035,1.0,0.0,1.0,11.0,-0.8660254037844313,-0.5000000000000128,0.3333333333333333,0.0,1.7873766048738613,-0.4186665874166864,-0.4482017632124054,-0.3937332210869789,-0.6974453739078432,-0.23665079854549204
target,C:\Users\hoytb\Desktop\PRAYCGStimulus\Field of dreams\1.8prep\Fieldofdreams1_8_MediaPrep_v1_7A_20260817_210857\stimulus_target_cued_Fieldofdreams1_8_v1_7A.mp4,35.25,119.18895358276367,76.79335527648925,2.211790421485907,3.6592744293213055,0.011489552240073723,0.03756088888888889,-0.7506716950759079,0.0,0.0,0.011296997834615217,-38.94073908901397,-0.00018510322108374402,0.0,0.0,0.0,0.0,-1.0,-1.1759704174997533e-14,0.3333333333333333,0.0,1.79797558732547,-0.4750035150900387,-0.5768205278248876,-0.43047558210628845,-0.7092605310643908,-0.07767659061939851
target,C:\Users\hoytb\Desktop\PRAYCGStimulus\Field of dreams\1.8prep\Fieldofdreams1_8_MediaPrep_v1_7A_20260817_210857\stimulus_target_cued_Fieldofdreams1_8_v1_7A.mp4,35.5,119.69616872558593,76.62638424682616,2.998922392654432,6.04409552612307,0.01803523214310412,0.03708837500000001,-0.22781990182486903,0.0,0.0,0.011142776270639063,-39.06013178605462,-0.0001542215639761535,0.0,0.0,0.0,0.0,-0.866025403784443,0.49999999999999234,0.3333333333333333,0.0,1.8135373634490308,-0.27567883312411734,-0.32894691605033805,-0.009184367723494256,-0.7191045089521794,-0.06631373899846116
target,C:\Users\hoytb\Desktop\PRAYCGStimulus\Field of dreams\1.8prep\Fieldofdreams1_8_MediaPrep_v1_7A_20260817_210857\stimulus_target_cued_Fieldofdreams1_8_v1_7A.mp4,35.75,120.48976663208008,76.786606741333,2.308890186977381,4.718533559036247,0.014094984598830353,0.03674837499999999,-0.5989308306378476,0.0,0.0,0.015288660143318294,-36.3126114656268,0.0041458838726792305,0.0,0.0,0.0,0.0,-0.5000000000000051,0.8660254037844357,0.3333333333333333,0.0,1.837885597384381,-0.4504150336352436,-0.4667232183706372,-0.2627854752459391,-0.45447232577509644,1.5159025216403277
target,C:\Users\hoytb\Desktop\PRAYCGStimulus\Field of dreams\1.8prep\Fieldofdreams1_8_MediaPrep_v1_7A_20260817_210857\stimulus_target_cued_Fieldofdreams1_8_v1_7A.mp4,36.0,120.7919808227539,76.72783092041016,2.2369118335723948,4.616434062194834,0.010384802307188554,0.03707419444444445,-0.7977272080957116,0.0,0.0,0.03457227730408312,-29.22544024342628,0.019283617160764824,0.0,0.0,0.0,0.0,-2.9391523179536475e-15,1.0,0.3333333333333333,0.0,1.8471577763466667,-0.4686420437509436,-0.47733523915340575,-0.5015791874932599,0.7764028905889497,7.085804960184088
target,C:\Users\hoytb\Desktop\PRAYCGStimulus\Field of dreams\1.8prep\Fieldofdreams1_8_MediaPrep_v1_7A_20260817_210857\stimulus_target_cued_Fieldofdreams1_8_v1_7A.mp4,36.25,120.75636120605469,76.71840121459961,2.529823341846452,5.1538716201782,0.013467184482142212,0.036824444444444444,-0.5717874824734457,0.0,0.0,0.03484954008948536,-29.15605897828204,0.0002772627854022436,0.0,0.0,0.0,0.0,0.4999999999999877,0.8660254037844457,0.3333333333333333,0.0,1.8460649373245588,-0.3944683405227403,-0.42147503698592037,-0.3031917703088492,0.7941006019740345,0.09245017129501584
target,C:\Users\hoytb\Desktop\PRAYCGStimulus\Field of dreams\1.8prep\Fieldofdreams1_8_MediaPrep_v1_7A_20260817_210857\stimulus_target_cued_Fieldofdreams1_8_v1_7A.mp4,36.5,120.20145105590821,76.67498006591796,1.6511322990417474,3.2895573266983003,0.009345006417483108,0.037108444444444444,-1.0009170376071397,0.0,0.0,0.01573316463168846,-36.06367825665043,-0.019116375457796903,0.0,0.0,0.0,0.0,0.866025403784433,0.5000000000000098,0.3333333333333333,0.0,1.8290398393016136,-0.6169784392973371,-0.6152481959149119,-0.568502238967476,-0.42609955972523794,-7.043405038153676
target,C:\Users\hoytb\Desktop\PRAYCGStimulus\Field of dreams\1.8prep\Fieldofdreams1_8_MediaPrep_v1_7A_20260817_210857\stimulus_target_cued_Fieldofdreams1_8_v1_7A.mp4,36.75,119.8468149810791,76.55922590637206,1.7076373752117155,3.587253080654144,0.00995155611671509,0.037665520833333334,-0.9567523813588701,0.0,0.0,0.01181814437832531,-38.5490141731293,-0.00391502025336315,0.0,0.0,0.0,0.0,1.0,8.329455176111767e-15,0.3333333333333333,0.0,1.8181593139862193,-0.6026697124896597,-0.5843062850764251,-0.5294636573138487,-0.6759956949395747,-1.4500930269699117
target,C:\Users\hoytb\Desktop\PRAYCGStimulus\Field of dreams\1.8prep\Fieldofdreams1_8_MediaPrep_v1_7A_20260817_210857\stimulus_target_cued_Fieldofdreams1_8_v1_7A.mp4,37.0,119.40739460449218,76.4171363647461,1.3687032466888476,3.0665676116943423,0.014168308475613673,0.03817500000000001,-0.840516920100137,0.0,0.0,0.011951773566756498,-38.451352867476814,0.00013362918843118875,0.0,0.0,0.0,0.0,0.8660254037844414,-0.49999999999999534,0.3333333333333333,0.0,1.8046775368323917,-0.6884976801618726,-0.6384253080767988,-0.2580662244498533,-0.6674661304470036,0.03960044096877451
target,C:\Users\hoytb\Desktop\PRAYCGStimulus\Field of dreams\1.8prep\Fieldofdreams1_8_MediaPrep_v1_7A_20260817_210857\stimulus_target_cued_Fieldofdreams1_8_v1_7A.mp4,37.25,118.9902773590088,76.31096952819824,1.3614554892063078,2.8394505646705577,0.01056287766396995,0.039086409722222194,-1.0173526226264251,0.0,0.0,0.012002667314405968,-38.41444462631597,5.0893747649469884e-05,0.0,1.0,0.0,0.0,0.5000000000000021,-0.8660254037844374,0.3333333333333333,0.0,1.7918800380129147,-0.6903330229100889,-0.6620314070067578,-0.49011795131589175,-0.6642175774329417,0.009158080504755013
target,C:\Users\hoytb\Desktop\PRAYCGStimulus\Field of dreams\1.8prep\Fieldofdreams1_8_MediaPrep_v1_7A_20260817_210857\stimulus_target_cued_Fieldofdreams1_8_v1_7A.mp4,37.5,118.74796936035156,76.3372119140625,1.2519827008247402,3.0,0.008451740993186862,0.03952083333333334,-1.1483349686014463,0.0,0.0,0.011922564824327598,-38.47260615086488,-8.010249007837054e-05,1.0,0.0,4.0,12.0,1.3719758034269886e-14,-1.0,0.3333333333333333,0.0,1.784445830100527,-0.7180547132076956,-0.6453442146396478,-0.6259943377170197,-0.6693305274041288,-0.039041755631519695
target,C:\Users\hoytb\Desktop\PRAYCGStimulus\Field of dreams\1.8prep\Fieldofdreams1_8_MediaPrep_v1_7A_20260817_210857\stimulus_target_cued_Fieldofdreams1_8_v1_7A.mp4,37.75,118.99341869812012,76.63981430664063,1.4159063555717437,3.1486671336173977,0.014978390334919208,0.03763360416666665,-0.7889016864225823,0.0,0.0,0.011391684735800184,-38.86824085153656,-0.0005308800885274138,1.0,0.0,4.0,12.0,-0.4999999999999907,-0.866025403784444,0.3333333333333333,0.0,1.791976416870428,-0.6765444817014944,-0.6298920453296171,-0.20592796298395097,-0.7032166566703264,-0.20490458311430954
target,C:\Users\hoytb\Desktop\PRAYCGStimulus\Field of dreams\1.8prep\Fieldofdreams1_8_MediaPrep_v1_7A_20260817_210857\stimulus_target_cued_Fieldofdreams1_8_v1_7A.mp4,38.0,119.08053697509766,76.62299885253906,1.5005710136413588,3.1470237041473426,0.009927247335016735,0.03792766666666668,-1.0119223160270279,0.0,0.0,0.011271905720284255,-38.96005304683355,-0.00011977901551592923,1.0,0.0,4.0,12.0,-0.8660254037844347,-0.5000000000000068,0.3333333333333333,0.0,1.7946492769807378,-0.6551049306965633,-0.6300628601546728,-0.5310282123048626,-0.7108621632373732,-0.053640663643826865
target,C:\Users\hoytb\Desktop\PRAYCGStimulus\Field of dreams\1.8prep\Fieldofdreams1_8_MediaPrep_v1_7A_20260817_210857\stimulus_target_cued_Fieldofdreams1_8_v1_7A.mp4,38.25,119.49940222473144,76.80429023132324,1.4428096300601951,2.882838514709471,0.014926670429110486,0.03715972916666666,-0.7843965364657088,0.0,0.0,0.011225676460593458,-38.9957495772093,-4.6229259690796706e-05,0.0,0.0,0.0,0.0,-1.0,-4.899206177226001e-15,0.3333333333333333,0.0,1.8075004059996216,-0.6697317910375747,-0.6575217488617245,-0.20925674505834368,-0.713812981517464,-0.026578159864140277
target,C:\Users\hoytb\Desktop\PRAYCGStimulus\Field of dreams\1.8prep\Fieldofdreams1_8_MediaPrep_v1_7A_20260817_210857\stimulus_target_cued_Fieldofdreams1_8_v1_7A.mp4,38.5,119.72435913085937,77.00975969848632,1.2538814115524322,2.820210327148441,0.016922362792491968,0.037916625,-0.7368208440867546,0.0,0.0,0.010850909094817437,-39.29067749666362,-0.0003747673657760204,0.0,0.0,0.0,0.0,-0.8660254037844396,0.4999999999999983,0.3333333333333333,0.0,1.81440226817813,-0.7175739044922517,-0.6640311994324466,-0.08081055279736712,-0.7377344200416796,-0.14746318032350517
target,C:\Users\hoytb\Desktop\PRAYCGStimulus\Field of dreams\1.8prep\Fieldofdreams1_8_MediaPrep_v1_7A_20260817_210857\stimulus_target_cued_Fieldofdreams1_8_v1_7A.mp4,38.75,119.78782415771484,77.03289215087891,1.2957589707374524,2.9201661071777276,0.017199863161891617,0.03951559027777775,-0.7124365855633839,0.0,0.0,0.010852748928270716,-39.289204879435,1.839833453278622e-06,0.0,0.0,0.0,0.0,-0.5000000000000114,0.866025403784432,0.3333333333333333,0.0,1.8163494271965008,-0.7069692899272105,-0.6536419923565663,-0.06295015183857164,-0.7376169832879316,-0.008891221269938614
target,C:\Users\hoytb\Desktop\PRAYCGStimulus\Field of dreams\1.8prep\Fieldofdreams1_8_MediaPrep_v1_7A_20260817_210857\stimulus_target_cued_Fieldofdreams1_8_v1_7A.mp4,39.0,119.40879555664063,76.8937775390625,1.6994582559585603,3.5670489013671913,0.015215581196546585,0.038406583333333334,-0.703459288321995,0.0,0.0,0.011041334959498949,-39.139568294947395,0.0001885860312282328,0.0,0.0,0.0,0.0,-1.028950903538412e-14,1.0,0.3333333333333333,0.0,1.8047205191920521,-0.6047409030950627,-0.5864062677122353,-0.19066195126082397,-0.7255795180107438,0.059821714978856744
target,C:\Users\hoytb\Desktop\PRAYCGStimulus\Field of dreams\1.8prep\Fieldofdreams1_8_MediaPrep_v1_7A_20260817_210857\stimulus_target_cued_Fieldofdreams1_8_v1_7A.mp4,39.25,119.44633407897949,76.91005303649902,1.1743604679107569,2.876514465332022,0.010068064134567878,0.03728396527777778,-1.0901454882543522,0.0,0.0,0.017002351477583492,-35.38982020355226,0.0059610165180845436,0.0,0.0,0.0,0.0,0.4999999999999936,0.8660254037844423,0.3333333333333333,0.0,1.8058722318112697,-0.7377109175746656,-0.6581790581090853,-0.5219650009399234,-0.34508723612829456,2.1837773979853066
target,C:\Users\hoytb\Desktop\PRAYCGStimulus\Field of dreams\1.8prep\Fieldofdreams1_8_MediaPrep_v1_7A_20260817_210857\stimulus_target_cued_Fieldofdreams1_8_v1_7A.mp4,39.5,119.96255969238281,76.84844354858399,2.004092187881466,4.154061801147453,0.014305752857029433,0.03706777777777778,-0.6681766568318007,0.0,0.0,0.02203684399656213,-33.137012055376495,0.005034492518978636,0.0,0.0,0.0,0.0,0.8660254037844365,0.5000000000000038,0.3333333333333333,0.0,1.8217104565541882,-0.5275987416524028,-0.5253933020763983,-0.24922006771525182,-0.023735073983668045,1.8428645159984716
target,C:\Users\hoytb\Desktop\PRAYCGStimulus\Field of dreams\1.8prep\Fieldofdreams1_8_MediaPrep_v1_7A_20260817_210857\stimulus_target_cued_Fieldofdreams1_8_v1_7A.mp4,39.75,120.33614321594239,76.74131285095214,2.160282079362875,4.714701418113718,0.01271390635333958,0.03647209722222223,-0.7046927593292481,0.0,0.0,0.016075432924936538,-35.87674644606728,-0.005961411071625591,0.0,0.0,0.0,0.0,1.0,1.5679811893542238e-14,0.3333333333333333,0.0,1.833172305119546,-0.4880469236775767,-0.4671215235569551,-0.3516740460009952,-0.40425254025819246,-2.2030589427999043
target,C:\Users\hoytb\Desktop\PRAYCGStimulus\Field of dreams\1.8prep\Fieldofdreams1_8_MediaPrep_v1_7A_20260817_210857\stimulus_target_cued_Fieldofdreams1_8_v1_7A.mp4,40.0,119.56565020751954,76.61887585449219,1.9187412414550777,3.638903045654299,0.018937920123338673,0.036879999999999996,-0.4656648834975387,0.0,0.0,0.011031265336922825,-39.14749338173177,-0.005044167588013713,0.0,0.0,0.0,0.0,0.866025403784445,-0.49999999999998895,0.3333333333333333,0.0,1.8095329483859737,-0.5492120808065405,-0.5789378893549234,0.048914182929082665,-0.7262222630291582,-1.8655608102274892
target,C:\Users\hoytb\Desktop\PRAYCGStimulus\Field of dreams\1.8prep\Fieldofdreams1_8_MediaPrep_v1_7A_20260817_210857\stimulus_target_cued_Fieldofdreams1_8_v1_7A.mp4,40.25,118.88519187927247,76.81527534484863,3.1906222439765712,6.370226424789383,0.013251592989638385,0.0379605972222222,-0.4099521570166141,0.0,0.0,0.011047357260533285,-39.13483202148025,1.609192361046001e-05,0.0,1.0,0.0,0.0,0.5000000000000084,-0.8660254037844337,0.3333333333333333,0.0,1.7886559294021298,-0.22713486172250474,-0.29504951222742215,-0.3170676094933298,-0.7251951139320459,-0.0036471896695596025
target,C:\Users\hoytb\Desktop\PRAYCGStimulus\Field of dreams\1.8prep\Fieldofdreams1_8_MediaPrep_v1_7A_20260817_210857\stimulus_target_cued_Fieldofdreams1_8_v1_7A.mp4,40.5,118.51788493041991,76.76683759155273,4.226725184249881,8.358424057006852,0.018276803879439755,0.03932697222222222,0.10403867787569401,0.0,0.0,0.010958916533520135,-39.204647614731634,-8.844072701314973e-05,1.0,0.0,10.0,13.0,6.859260036498355e-15,-1.0,0.3333333333333333,0.0,1.7773866512909382,0.0352365024432095,-0.08840016285682793,0.0063636046291230776,-0.7308402944026059,-0.04210979530115346
target,C:\Users\hoytb\Desktop\PRAYCGStimulus\Field of dreams\1.8prep\Fieldofdreams1_8_MediaPrep_v1_7A_20260817_210857\stimulus_target_cued_Fieldofdreams1_8_v1_7A.mp4,40.75,118.95707972106933,77.17167141418457,4.205521996688831,7.57801980133054,0.019733996115252617,0.03961332638888888,0.16921734655943044,0.0,0.0,0.010859557983095878,-39.283757028966996,-9.93585504242573e-05,1.0,0.0,10.0,13.0,-0.4999999999999966,-0.8660254037844406,0.3333333333333333,0.0,1.7908615072833896,0.029867239381773977,-0.16951384545471215,0.10015100268544515,-0.7371823606359009,-0.04612698929472057
target,C:\Users\hoytb\Desktop\PRAYCGStimulus\Field of dreams\1.8prep\Fieldofdreams1_8_MediaPrep_v1_7A_20260817_210857\stimulus_target_cued_Fieldofdreams1_8_v1_7A.mp4,41.0,119.353434375,77.29789482421874,4.781658882904052,8.77355698852539,0.014513718822598453,0.03973516666666667,0.06613610913813006,0.0,0.0,0.011167067036730271,-39.04121753426547,0.000307509053634393,1.0,0.0,10.0,13.0,-0.866025403784431,-0.5000000000000131,0.3333333333333333,0.0,1.8030219927840403,0.17576183624740976,-0.04525206288402299,-0.23583502055700312,-0.7175540269176679,0.1035792326925828
target,C:\Users\hoytb\Desktop\PRAYCGStimulus\Field of dreams\1.8prep\Fieldofdreams1_8_MediaPrep_v1_7A_20260817_210857\stimulus_target_cued_Fieldofdreams1_8_v1_7A.mp4,41.25,120.36155911254882,77.22935842895508,5.085943658828733,8.416783653259285,0.021283467207103897,0.03850416666666668,0.4739629635521709,0.0,0.0,0.014485404038845602,-36.781387731222786,0.0033183370021153315,0.0,0.0,0.0,0.0,-1.0,-1.2249562894656474e-14,0.3333333333333333,0.0,1.8339520856496938,0.25281558124803455,-0.0823343812666722,0.19987762659732458,-0.5057442434420903,1.2114081006697197
target,C:\Users\hoytb\Desktop\PRAYCGStimulus\Field of dreams\1.8prep\Fieldofdreams1_8_MediaPrep_v1_7A_20260817_210857\stimulus_target_cued_Fieldofdreams1_8_v1_7A.mp4,41.5,120.50507479858399,76.95236790771484,6.390450175476074,12.497054058837891,0.015905230017006396,0.03550411111111111,0.5531318685027001,0.0,0.0,0.014658616517552642,-36.67814033020218,0.00017321247870704,0.0,0.0,0.0,0.0,-0.8660254037844433,0.49999999999999195,0.3333333333333333,0.0,1.8383552644741108,0.5831545283082001,0.3417608952318172,-0.14627496726934205,-0.4946880735633774,0.05416504326670098
target,C:\Users\hoytb\Desktop\PRAYCGStimulus\Field of dreams\1.8prep\Fieldofdreams1_8_MediaPrep_v1_7A_20260817_210857\stimulus_target_cued_Fieldofdreams1_8_v1_7A.mp4,41.75,119.873397555542,76.84037846679688,5.758560644721997,11.781971501159692,0.01941227837651964,0.03656544444444442,0.5585453629389493,0.0,0.0,0.01136142647731422,-38.891342751430365,-0.003297190040238422,0.0,0.0,0.0,0.0,-0.5000000000000056,0.8660254037844355,0.3333333333333333,0.0,1.8189748891488173,0.4231417421826756,0.26743662137899676,0.07944469580102907,-0.7051480443425775,-1.2227634826319937
target,C:\Users\hoytb\Desktop\PRAYCGStimulus\Field of dreams\1.8prep\Fieldofdreams1_8_MediaPrep_v1_7A_20260817_210857\stimulus_target_cued_Fieldofdreams1_8_v1_7A.mp4,42.0,119.4404133544922,76.97286896972656,3.8269552936553937,7.7654975219726525,0.01583763436228036,0.03761461111111111,-0.1185527231854876,0.0,0.0,0.011112046467884582,-39.08411902226634,-0.00024938000942963806,0.0,0.0,0.0,0.0,-3.429011037612589e-15,1.0,0.3333333333333333,0.0,1.8056905791333786,-0.06599684751715829,-0.15002778010367115,-0.1506255398436818,-0.7210659953423576,-0.10132712226348148
target,C:\Users\hoytb\Desktop\PRAYCGStimulus\Field of dreams\1.8prep\Fieldofdreams1_8_MediaPrep_v1_7A_20260817_210857\stimulus_target_cued_Fieldofdreams1_8_v1_7A.mp4,42.25,119.4719458831787,76.98573909301757,1.5766600763797767,3.2970460308074956,0.012760949734970908,0.03836103472222222,-0.8545834517749147,0.0,0.0,0.011135953096358215,-39.06545213800613,2.3906628473633132e-05,0.0,0.0,0.0,0.0,0.49999999999998723,0.866025403784446,0.3333333333333333,0.0,1.8066580229468634,-0.6358369695579692,-0.6144698347466271,-0.34864625306431957,-0.7195400328504818,-0.0007717827083240969
target,C:\Users\hoytb\Desktop\PRAYCGStimulus\Field of dreams\1.8prep\Fieldofdreams1_8_MediaPrep_v1_7A_20260817_210857\stimulus_target_cued_Fieldofdreams1_8_v1_7A.mp4,42.5,120.26952655029297,77.0471012878418,1.7877222886085515,3.8387961158752453,0.019469582885503774,0.03782125,-0.47402890005631804,0.0,0.0,0.011138975910021448,-39.06309470503504,3.022813663232371e-06,0.0,0.0,0.0,0.0,0.8660254037844327,0.5000000000000102,0.3333333333333333,0.0,1.831128451240961,-0.5823898858814287,-0.5581613970004999,0.08313291253896621,-0.7193470863513505,-0.008455945774540868
target,C:\Users\hoytb\Desktop\PRAYCGStimulus\Field of dreams\1.8prep\Fieldofdreams1_8_MediaPrep_v1_7A_20260817_210857\stimulus_target_cued_Fieldofdreams1_8_v1_7A.mp4,42.75,120.7210233642578,77.07183235473633,2.2471947530746403,4.924170030212388,0.01718648634403949,0.037655708333333336,-0.465008672828879,0.0,0.0,0.011098977895177033,-39.09434027019244,-3.999801484441505e-05,0.0,0.0,0.0,0.0,1.0,8.819313895770708e-15,0.3333333333333333,0.0,1.8449807433873016,-0.4660381098052502,-0.4453497682232192,-0.06381110683805026,-0.721900163648276,-0.024285384241495275
target,C:\Users\hoytb\Desktop\PRAYCGStimulus\Field of dreams\1.8prep\Fieldofdreams1_8_MediaPrep_v1_7A_20260817_210857\stimulus_target_cued_Fieldofdreams1_8_v1_7A.mp4,43.0,120.69857224121094,76.94485994873047,1.7676032951354974,3.657120785522459,0.012996743354201317,0.036732222222222215,-0.7933556034238763,0.0,0.0,0.011025837621851636,-39.15176815300437,-7.314027332539635e-05,0.0,0.0,0.0,0.0,0.8660254037844416,-0.4999999999999949,0.3333333333333333,0.0,1.8442919245388858,-0.5874845995030056,-0.5770443733232404,-0.3334701702645322,-0.7265687146262271,-0.03648002017667569
target,C:\Users\hoytb\Desktop\PRAYCGStimulus\Field of dreams\1.8prep\Fieldofdreams1_8_MediaPrep_v1_7A_20260817_210857\stimulus_target_cued_Fieldofdreams1_8_v1_7A.mp4,43.25,108.5315891082768,59.59651747589175,27.953132070731154,54.151414242551866,0.23989995181336166,0.037351659722222215,17.0442485263435,0.0,0.0,0.011492792844122062,-38.79148842564448,0.0004669552222704258,0.0,1.0,0.0,0.0,0.5000000000000026,-0.8660254037844372,0.3333333333333333,0.0,1.470998914081168,6.043451998786442,4.671233122201732,14.270410504507906,-0.6967629159810503,0.16224717105567263
target,C:\Users\hoytb\Desktop\PRAYCGStimulus\Field of dreams\1.8prep\Fieldofdreams1_8_MediaPrep_v1_7A_20260817_210857\stimulus_target_cued_Fieldofdreams1_8_v1_7A.mp4,43.5,90.06428248291016,32.6620745513916,28.77073699970225,55.993694927978126,0.2608285722166283,0.03711073611111111,18.272947676034626,1.0,1.0,0.013405146980800448,-37.45456839597202,0.0019123541366783854,1.0,0.0,10.0,14.0,1.4209616753928827e-14,-1.0,0.3333333333333333,0.0,0.9044068172639501,6.250493318933814,4.862716151268989,15.617412502110444,-0.5746971597422281,0.6940791689391246
target,C:\Users\hoytb\Desktop\PRAYCGStimulus\Field of dreams\1.8prep\Fieldofdreams1_8_MediaPrep_v1_7A_20260817_210857\stimulus_target_cued_Fieldofdreams1_8_v1_7A.mp4,43.75,89.8979500579834,32.52938304901123,1.4355259883403775,3.287820744514468,0.011369452844374052,0.0369015625,-0.9589021502962594,0.0,0.0,0.013730031717465698,-37.24656918951295,0.0003248847366652506,1.0,0.0,10.0,14.0,-0.49999999999999023,-0.8660254037844443,0.3333333333333333,0.0,0.8993036021974663,-0.671576220717138,-0.6154286928497248,-0.4382053857341025,-0.5539597344343947,0.10997258481757434
target,C:\Users\hoytb\Desktop\PRAYCGStimulus\Field of dreams\1.8prep\Fieldofdreams1_8_MediaPrep_v1_7A_20260817_210857\stimulus_target_cued_Fieldofdreams1_8_v1_7A.mp4,44.0,89.87606125488281,32.442410198974606,1.0740997304916369,2.85958932571411,0.009867119049280898,0.036532249999999995,-1.1260378702066949,0.0,0.0,0.012341170727588498,-38.17287279171398,-0.0013888609898771997,1.0,0.0,10.0,14.0,-0.8660254037844345,-0.5000000000000072,0.3333333333333333,0.0,0.8986320357856896,-0.7630998489505151,-0.6599382238144318,-0.5348981721702509,-0.6426108706378724,-0.5205971523851287
target,C:\Users\hoytb\Desktop\PRAYCGStimulus\Field of dreams\1.8prep\Fieldofdreams1_8_MediaPrep_v1_7A_20260817_210857\stimulus_target_cued_Fieldofdreams1_8_v1_7A.mp4,44.25,90.15900071716308,32.24619415435791,1.4202073429107667,3.014520278930663,0.015401086905226024,0.035491437500000014,-0.7672697891973128,0.0,0.0,0.011801502884408083,-38.56125366187995,-0.000539667843180415,0.0,0.0,0.0,0.0,-1.0,-5.389064896884942e-15,0.3333333333333333,0.0,0.9073128502898204,-0.6754553467598434,-0.6438350054216716,-0.17872248485820927,-0.6770579231644568,-0.20813802204070417
target,C:\Users\hoytb\Desktop\PRAYCGStimulus\Field of dreams\1.8prep\Fieldofdreams1_8_MediaPrep_v1_7A_20260817_210857\stimulus_target_cued_Fieldofdreams1_8_v1_7A.mp4,44.5,90.26177333984374,32.24514411315918,1.2065005493640946,2.7168895263671953,0.01641726841032515,0.03484179166666666,-0.7736835510848318,0.0,0.0,0.011817191338148875,-38.54971464989817,1.568845374079128e-05,0.0,0.0,0.0,0.0,-0.8660254037844469,0.49999999999998557,0.3333333333333333,0.0,0.910465998551303,-0.7295721152534551,-0.6747701601433493,-0.11331929578409199,-0.6760565275895694,-0.0037956457011317506
target,C:\Users\hoytb\Desktop\PRAYCGStimulus\Field of dreams\1.8prep\Fieldofdreams1_8_MediaPrep_v1_7A_20260817_210857\stimulus_target_cued_Fieldofdreams1_8_v1_7A.mp4,44.75,90.31900407104492,32.299568293762206,1.1432861761331505,2.6450977630615133,0.02010573414266087,0.03623485416666664,-0.6111910226461005,0.0,0.0,0.012449355225314731,-38.097062816995205,0.0006321638871658562,0.0,0.0,0.0,0.0,-0.5000000000000119,0.8660254037844318,0.3333333333333333,0.0,0.9122218842714823,-0.745579830987867,-0.6822320547442097,0.1240767013629168,-0.635705443303578,0.22303540982018255
target,C:\Users\hoytb\Desktop\PRAYCGStimulus\Field of dreams\1.8prep\Fieldofdreams1_8_MediaPrep_v1_7A_20260817_210857\stimulus_target_cued_Fieldofdreams1_8_v1_7A.mp4,45.0,90.36188928222656,32.37756927490234,0.9478445415496799,2.2160059814453072,0.012371399775147332,0.03649055555555555,-1.0374426590502193,0.0,0.0,0.012586009102805999,-38.0022391690259,0.00013665387749126762,0.0,0.0,0.0,0.0,-1.0779367755043061e-14,1.0,0.3333333333333333,0.0,0.9135376376847321,-0.7950713306132958,-0.7268310101269104,-0.37371835834109374,-0.626982812605107,0.04071337000847624
target,C:\Users\hoytb\Desktop\PRAYCGStimulus\Field of dreams\1.8prep\Fieldofdreams1_8_MediaPrep_v1_7A_20260817_210857\stimulus_target_cued_Fieldofdreams1_8_v1_7A.mp4,45.25,90.37217553405762,32.39365626678467,0.8273795869112016,2.000000131225586,0.00682794964294882,0.035756680555555566,-1.3378368689770623,0.0,0.0,0.012235034189923546,-38.247896253405784,-0.00035097491288245235,0.0,0.0,0.0,0.0,0.4999999999999932,0.8660254037844426,0.3333333333333333,0.0,0.9138532283180378,-0.8255765567391101,-0.7492822331264885,-0.730504341258341,-0.6493855764761673,-0.13870878897119315
target,C:\Users\hoytb\Desktop\PRAYCGStimulus\Field of dreams\1.8prep\Fieldofdreams1_8_MediaPrep_v1_7A_20260817_210857\stimulus_target_cued_Fieldofdreams1_8_v1_7A.mp4,45.5,90.46144277954102,32.30950348510742,0.9879595554828644,2.4070770751953123,0.007948653268814087,0.035407125000000005,-1.241587531131181,0.0,0.0,0.012126796989950664,-38.32507785380778,-0.00010823719997288261,0.0,0.0,0.0,0.0,0.8660254037844362,0.5000000000000042,0.3333333333333333,0.0,0.9165920205426745,-0.7849130437094869,-0.70697145664634,-0.6583739287575104,-0.6562943678001482,-0.04939387283869122
target,C:\Users\hoytb\Desktop\PRAYCGStimulus\Field of dreams\1.8prep\Fieldofdreams1_8_MediaPrep_v1_7A_20260817_210857\stimulus_target_cued_Fieldofdreams1_8_v1_7A.mp4,45.75,90.37792430114746,32.25138559875488,0.9131890339136101,2.2151503997802675,0.005935653948597621,0.035578020833333335,-1.3587597136679828,0.0,0.0,0.013310962801079787,-37.51581060424397,0.0011841658111291231,0.0,0.0,0.0,0.0,1.0,1.6169670613201182e-14,0.3333333333333333,0.0,0.914029605202097,-0.8038471119192849,-0.726919937601498,-0.7879340265210927,-0.5807089453748331,0.42614355050751784
target,C:\Users\hoytb\Desktop\PRAYCGStimulus\Field of dreams\1.8prep\Fieldofdreams1_8_MediaPrep_v1_7A_20260817_210857\stimulus_target_cued_Fieldofdreams1_8_v1_7A.mp4,46.0,90.28630275878906,32.23860192260742,1.5244531414031879,3.4389104858398247,0.008624471416324303,0.03549711111111111,-1.0689097528159128,0.0,0.0,0.017346316126226183,-35.21585486183238,0.004035353325146396,0.0,0.0,0.0,0.0,0.8660254037844453,-0.49999999999998856,0.3333333333333333,0.0,0.9112185812205508,-0.6490572821507556,-0.5997247224619151,-0.6148771106600204,-0.32313193812636815,1.4752330003506862
target,C:\Users\hoytb\Desktop\PRAYCGStimulus\Field of dreams\1.8prep\Fieldofdreams1_8_MediaPrep_v1_7A_20260817_210857\stimulus_target_cued_Fieldofdreams1_8_v1_7A.mp4,46.25,90.19766723632813,32.424137039184565,2.5412096199989236,5.5722877044677555,0.014511010147631127,0.03718989583333331,-0.5181691901128853,0.0,0.0,0.018358858231501282,-34.72308663561848,0.0010125421052750994,0.0,1.0,0.0,0.0,0.5000000000000089,-0.8660254037844335,0.3333333333333333,0.0,0.9084991707757897,-0.39158500411328456,-0.37798569257492637,-0.23600935553568494,-0.2585012740492991,0.36299490866292794
target,C:\Users\hoytb\Desktop\PRAYCGStimulus\Field of dreams\1.8prep\Fieldofdreams1_8_MediaPrep_v1_7A_20260817_210857\stimulus_target_cued_Fieldofdreams1_8_v1_7A.mp4,46.5,90.1976035522461,32.621255194091795,2.3605833028793306,5.5102323089599565,0.010076396343857007,0.036248708333333324,-0.7804459062881028,0.0,0.0,0.014227362332607902,-36.93751216014034,-0.0041314958988933805,1.0,0.0,6.0,15.0,7.349118756157295e-15,-1.0,0.3333333333333333,0.0,0.9084972168959788,-0.4373248349590452,-0.38443560826681816,-0.5214287256221701,-0.5222150714173788,-1.5297448614273976
target,C:\Users\hoytb\Desktop\PRAYCGStimulus\Field of dreams\1.8prep\Fieldofdreams1_8_MediaPrep_v1_7A_20260817_210857\stimulus_target_cued_Fieldofdreams1_8_v1_7A.mp4,46.75,89.85903764953613,32.512524771118166,3.858876335239396,7.988499657630907,0.02366271944530319,0.03624922916666666,0.2694661046574498,0.0,0.0,0.011550929259038858,-38.74766151669526,-0.002676433073569044,1.0,0.0,6.0,15.0,-0.49999999999999617,-0.8660254037844408,0.3333333333333333,0.0,0.8981097376268712,-0.05791351245416156,-0.126849376963419,0.3530103919636706,-0.6930520627893091,-0.9943570444556702
target,C:\Users\hoytb\Desktop\PRAYCGStimulus\Field of dreams\1.8prep\Fieldofdreams1_8_MediaPrep_v1_7A_20260817_210857\stimulus_target_cued_Fieldofdreams1_8_v1_7A.mp4,47.0,89.56867578125001,32.45860845947266,5.708588205718989,10.961291192626934,0.016169718630611868,0.036030166666666676,0.3881771966733063,0.0,0.0,0.011179035399152075,-39.031913371682904,-0.0003718938598867832,1.0,0.0,6.0,15.0,-0.8660254037844308,-0.5000000000000135,0.3333333333333333,0.0,0.8892011976255901,0.41048726888444476,0.18213672510540396,-0.12925202528822183,-0.7167900851445739,-0.14640587886660678
target,C:\Users\hoytb\Desktop\PRAYCGStimulus\Field of dreams\1.8prep\Fieldofdreams1_8_MediaPrep_v1_7A_20260817_210857\stimulus_target_cued_Fieldofdreams1_8_v1_7A.mp4,47.25,113.43266135253873,56.443217903136876,42.78987602939556,84.46168079605006,0.374787335458393,0.037081562499999964,27.457901124841104,1.0,1.0,0.010930456073613912,-39.22723433363936,-0.0002485793255381629,0.0,0.0,0.0,0.0,-1.0,-1.2739421614315414e-14,0.3333333333333333,0.0,1.6213678257942965,9.800546589392805,7.821622580992001,22.951994465621624,-0.7326569284113005,-0.10103251202859642
target,C:\Users\hoytb\Desktop\PRAYCGStimulus\Field of dreams\1.8prep\Fieldofdreams1_8_MediaPrep_v1_7A_20260817_210857\stimulus_target_cued_Fieldofdreams1_8_v1_7A.mp4,47.5,134.39694598388664,73.1719277648926,21.45961391639814,39.30722430420134,0.18998452195526144,0.03936680555555555,12.929090191338616,0.0,0.0,0.010715443114467404,-39.39979729762597,-0.00021501295914650755,0.0,0.0,0.0,0.0,-0.8660254037844436,0.4999999999999915,0.3333333333333333,0.0,2.2645692535126476,4.39910455977834,3.1283572315024872,11.057767605238933,-0.7463812271465505,-0.08868182633081857
target,C:\Users\hoytb\Desktop\PRAYCGStimulus\Field of dreams\1.8prep\Fieldofdreams1_8_MediaPrep_v1_7A_20260817_210857\stimulus_target_cued_Fieldofdreams1_8_v1_7A.mp4,47.75,139.25581931762693,71.18994069519044,6.655898754310612,6.893739849853542,0.048602012386918136,0.037253909722222235,2.2088872233482717,0.0,0.0,0.011016230276016309,-39.15933988822485,0.00030078716154890474,0.0,0.0,0.0,0.0,-0.5000000000000059,0.8660254037844353,0.3333333333333333,0.0,2.413643468079035,0.6503738199804119,-0.24063655703462233,1.9581461708087389,-0.7271819524739377,0.10110592427803587
target,C:\Users\hoytb\Desktop\PRAYCGStimulus\Field of dreams\1.8prep\Fieldofdreams1_8_MediaPrep_v1_7A_20260817_210857\stimulus_target_cued_Fieldofdreams1_8_v1_7A.mp4,48.0,139.51991762695312,70.72982637939454,3.979531968688964,7.268763116455085,0.031143276005983295,0.035817694444444444,0.6639040355360805,0.0,0.0,0.01154043683981184,-38.7555550299085,0.0005242065637955304,0.0,0.0,0.0,0.0,-3.91886975727153e-15,1.0,0.3333333333333333,0.0,2.421746220574706,-0.027360000913994653,-0.20165737670252995,0.8344718756285043,-0.6937217949603312,0.18331270185225265
target,C:\Users\hoytb\Desktop\PRAYCGStimulus\Field of dreams\1.8prep\Fieldofdreams1_8_MediaPrep_v1_7A_20260817_210857\stimulus_target_cued_Fieldofdreams1_8_v1_7A.mp4,48.25,139.57309495239258,70.90702926940918,4.1102268412589975,9.367652721405015,0.021639199100434763,0.03568438194444444,0.23681608106199017,0.0,0.0,0.011652592557371637,-38.67154877424882,0.00011215571755979724,0.0,0.0,0.0,0.0,0.49999999999998684,0.8660254037844463,0.3333333333333333,0.0,2.4233777444853173,0.005735737620072745,0.0164970784860399,0.22277314296173897,-0.6865628842659848,0.0316993149881299
target,C:\Users\hoytb\Desktop\PRAYCGStimulus\Field of dreams\1.8prep\Fieldofdreams1_8_MediaPrep_v1_7A_20260817_210857\stimulus_target_cued_Fieldofdreams1_8_v1_7A.mp4,48.5,139.02794544677735,71.60702359008789,4.462204621505739,10.548459683227541,0.019104723036289278,0.03534484722222223,0.20561052517996284,0.0,0.0,0.01151931464077656,-38.77146718240348,-0.00013327791659507697,0.0,0.0,0.0,0.0,0.8660254037844325,0.5000000000000107,0.3333333333333333,0.0,2.4066521110331096,0.09486673683815933,0.1392278304187547,0.059649905237626075,-0.6950700270420452,-0.05860756064270473
target,C:\Users\hoytb\Desktop\PRAYCGStimulus\Field of dreams\1.8prep\Fieldofdreams1_8_MediaPrep_v1_7A_20260817_210857\stimulus_target_cued_Fieldofdreams1_8_v1_7A.mp4,48.75,139.15753033447265,71.92015769958496,4.273727918624878,9.489394613265997,0.017740206025540814,0.03454711805555556,0.09025687349952628,0.0,0.0,0.011325909034655465,-38.91853861486704,-0.00019340560612109495,0.0,0.0,0.0,0.0,1.0,9.309172615429648e-15,0.3333333333333333,0.0,2.4106278815514948,0.047138960257134516,0.02915069115338731,-0.02817275597103812,-0.7074151262677592,-0.08073143864619436
target,C:\Users\hoytb\Desktop\PRAYCGStimulus\Field of dreams\1.8prep\Fieldofdreams1_8_MediaPrep_v1_7A_20260817_210857\stimulus_target_cued_Fieldofdreams1_8_v1_7A.mp4,49.0,139.33149543457031,71.93632630615234,3.4011883899688904,7.007901010131883,0.016608083593845406,0.03454555555555556,-0.1921825956791418,0.0,0.0,0.011236210737152811,-38.98760248168647,-8.969829750265362e-05,0.0,0.0,0.0,0.0,0.8660254037844418,-0.4999999999999945,0.3333333333333333,0.0,2.4159652733453774,-0.17381339642818908,-0.22877087069005128,-0.10103810245065277,-0.7131405775887232,-0.04257251615921228
target,C:\Users\hoytb\Desktop\PRAYCGStimulus\Field of dreams\1.8prep\Fieldofdreams1_8_MediaPrep_v1_7A_20260817_210857\stimulus_target_cued_Fieldofdreams1_8_v1_7A.mp4,49.25,139.90569268798828,72.12797857971191,2.9072306344985988,5.278251647949225,0.016858384996280087,0.03481154861111111,-0.30883160049836056,0.0,0.0,0.011178712855741138,-39.03216398515604,-5.749788141167292e-05,0.0,1.0,0.0,0.0,0.5000000000000153,-0.8660254037844298,0.3333333333333333,0.0,2.4335821154978703,-0.2988978500142274,-0.4085472216636017,-0.08492827377653689,-0.7168106731228258,-0.030724429481107037
target,C:\Users\hoytb\Desktop\PRAYCGStimulus\Field of dreams\1.8prep\Fieldofdreams1_8_MediaPrep_v1_7A_20260817_210857\stimulus_target_cued_Fieldofdreams1_8_v1_7A.mp4,49.5,139.9553139038086,72.0409324645996,2.6532319890975953,4.8437886047363286,0.012029483529180285,0.03503273611111111,-0.6093713660949025,0.0,0.0,0.011017232463611623,-39.15854973635834,-0.00016148039212951493,1.0,0.0,6.0,16.0,1.469947547358777e-14,-1.0,0.3333333333333333,0.0,2.4351045350519827,-0.36321768591057724,-0.45370445540669724,-0.3957246758840544,-0.7271179827392693,-0.06898461209834593
target,C:\Users\hoytb\Desktop\PRAYCGStimulus\Field of dreams\1.8prep\Fieldofdreams1_8_MediaPrep_v1_7A_20260817_210857\stimulus_target_cued_Fieldofdreams1_8_v1_7A.mp4,49.75,139.85555639038085,72.04046047668457,2.369958654880528,4.909282167053231,0.012605564048886268,0.035798409722222216,-0.6552788526448118,0.0,0.0,0.011138833432050646,-39.063205806437445,0.0001216009684390229,1.0,0.0,6.0,16.0,-0.4999999999999898,-0.8660254037844445,0.3333333333333333,0.0,2.4320438928125427,-0.43495072347023983,-0.44689718342254575,-0.35864714301892836,-0.7193561807345088,0.03517467849887846
target,C:\Users\hoytb\Desktop\PRAYCGStimulus\Field of dreams\1.8prep\Fieldofdreams1_8_MediaPrep_v1_7A_20260817_210857\stimulus_target_cued_Fieldofdreams1_8_v1_7A.mp4,50.0,139.5719891357422,72.17319458007813,1.93831820487976,3.564081726074226,0.012693057060241755,0.0360875,-0.7635792013136558,0.0,0.0,0.010941638189413983,-39.21835300466877,-0.0001971952426366632,1.0,0.0,6.0,16.0,-0.8660254037844343,-0.5000000000000077,0.3333333333333333,0.0,2.4233438171245307,-0.5442546249396542,-0.5867146700731595,-0.35301594235680983,-0.7319431728388851,-0.08212582876177868
target,C:\Users\hoytb\Desktop\PRAYCGStimulus\Field of dreams\1.8prep\Fieldofdreams1_8_MediaPrep_v1_7A_20260817_210857\stimulus_target_cued_Fieldofdreams1_8_v1_7A.mp4,50.25,139.9226770690918,72.18590874633789,2.7073367001533484,4.592882141113278,0.00966630399227143,0.03412739583333334,-0.7099324271356059,0.0,0.0,0.011459391073480523,-38.816769183182494,0.0005177528840665403,0.0,0.0,0.0,0.0,-1.0,-5.8789236165438834e-15,0.3333333333333333,0.0,2.434103210224774,-0.34951680128250623,-0.4797831794834136,-0.5478229745570438,-0.6988949543492978,0.1809380817043092
target,C:\Users\hoytb\Desktop\PRAYCGStimulus\Field of dreams\1.8prep\Fieldofdreams1_8_MediaPrep_v1_7A_20260817_210857\stimulus_target_cued_Fieldofdreams1_8_v1_7A.mp4,50.5,140.1039203125,72.42885730590821,3.510868898963883,6.781653722381486,0.018154723015427802,0.03407986111111111,-0.0885371270153107,0.0,0.0,0.01245647031396906,-38.09210005224803,0.0009970792404885367,0.0,0.0,0.0,0.0,-0.8660254037844473,0.4999999999999851,0.3333333333333333,0.0,2.439663901418126,-0.14603910523679917,-0.2522865685527109,-0.0014937297065637806,-0.6352512864815548,0.3573053746592251
target,C:\Users\hoytb\Desktop\PRAYCGStimulus\Field of dreams\1.8prep\Fieldofdreams1_8_MediaPrep_v1_7A_20260817_210857\stimulus_target_cued_Fieldofdreams1_8_v1_7A.mp4,50.75,140.42999771728515,72.10221086425781,7.391115447235095,15.521749467849705,0.013216537006199333,0.03403654861111111,0.6835817839767182,0.0,0.0,0.011860143798858268,-38.51820090559643,-0.000596326515110792,0.0,0.0,0.0,0.0,-0.5000000000000123,0.8660254037844316,0.3333333333333333,0.0,2.449668223339556,0.8365520453111086,0.6561417838255658,-0.31932387286905395,-0.6733148677169283,-0.2289854810983983
target,C:\Users\hoytb\Desktop\PRAYCGStimulus\Field of dreams\1.8prep\Fieldofdreams1_8_MediaPrep_v1_7A_20260817_210857\stimulus_target_cued_Fieldofdreams1_8_v1_7A.mp4,51.0,141.6762939453125,71.373983984375,13.243362933349594,29.983567889404252,0.02209416753649711,0.03325469444444445,2.64026280533732,0.0,0.0,0.01109963379835734,-39.09382698560354,-0.0007605100005009281,0.0,0.0,0.0,0.0,-1.1269226474702003e-14,1.0,0.3333333333333333,0.0,2.4879056126577934,2.3185111216575174,2.159274731527938,0.25205569386157883,-0.7218582972825291,-0.2893965068602866
target,C:\Users\hoytb\Desktop\PRAYCGStimulus\Field of dreams\1.8prep\Fieldofdreams1_8_MediaPrep_v1_7A_20260817_210857\stimulus_target_cued_Fieldofdreams1_8_v1_7A.mp4,51.25,142.8686610107422,70.85932089233398,14.501104232788087,33.39337750244141,0.029147078376263368,0.03295277777777778,3.310433402478424,0.0,0.0,0.011049019453580194,-39.13352523479976,-5.061434477714524e-05,0.0,0.0,0.0,0.0,0.4999999999999928,0.8660254037844428,0.3333333333333333,0.0,2.5244884110854544,2.6370077571503066,2.5136836326319165,0.7059931635571393,-0.7250890159832433,-0.028191644237979676
target,C:\Users\hoytb\Desktop\PRAYCGStimulus\Field of dreams\1.8prep\Fieldofdreams1_8_MediaPrep_v1_7A_20260817_210857\stimulus_target_cued_Fieldofdreams1_8_v1_7A.mp4,51.5,141.8599463134766,71.03152080078125,12.320495407867465,27.852962304687583,0.020294493028521723,0.034030694444444426,2.3123092774962686,0.0,0.0,0.010973301063703943,-39.193254105705776,-7.571838987625173e-05,0.0,0.0,0.0,0.0,0.8660254037844359,0.5000000000000047,0.3333333333333333,0.0,2.493540217772359,2.084814254103883,1.9378237798154598,0.13622554784302754,-0.7299221283990661,-0.03742863364410688
target,C:\Users\hoytb\Desktop\PRAYCGStimulus\Field of dreams\1.8prep\Fieldofdreams1_8_MediaPrep_v1_7A_20260817_210857\stimulus_target_cued_Fieldofdreams1_8_v1_7A.mp4,51.75,139.84137767333985,71.54058489990234,17.655923919677715,48.81372226409899,0.04591796263456328,0.033503999999999985,4.946791639719574,0.0,0.0,0.010995146053758113,-39.17597994570145,2.184499005417062e-05,0.0,0.0,0.0,0.0,1.0,1.6659529332860122e-14,0.3333333333333333,0.0,2.4316088781576495,3.435899752117272,4.116443921865698,1.7853961133074676,-0.7285277604941637,-0.0015303589522983336
target,C:\Users\hoytb\Desktop\PRAYCGStimulus\Field of dreams\1.8prep\Fieldofdreams1_8_MediaPrep_v1_7A_20260817_210857\stimulus_target_cued_Fieldofdreams1_8_v1_7A.mp4,52.0,134.70773281250013,72.45413041992187,20.265577264404307,63.12130570678734,0.08922166255712422,0.03664091666666661,7.728452331121975,0.0,0.0,0.011030579765279633,-39.14803320962064,3.543371152152017e-05,0.0,0.0,0.0,0.0,0.8660254037844455,-0.4999999999999881,0.3333333333333333,0.0,2.274104448030153,4.096739791693765,5.603545989379696,4.572496704523024,-0.7262660231358649,0.0034695873010323133
target,C:\Users\hoytb\Desktop\PRAYCGStimulus\Field of dreams\1.8prep\Fieldofdreams1_8_MediaPrep_v1_7A_20260817_210857\stimulus_target_cued_Fieldofdreams1_8_v1_7A.mp4,52.25,125.09070736083984,72.30046528015137,19.297917434692383,49.31276729125976,0.14216616025865078,0.03822872916666666,10.045165157947133,0.0,0.0,0.011018519918730704,-39.15753477731397,-1.2059846548929942e-05,0.0,1.0,0.0,0.0,0.5000000000000093,-0.8660254037844333,0.3333333333333333,0.0,1.9790462283157462,3.851700211453882,4.168313679931139,7.980095618921023,-0.7270358043499637,-0.014005584171299415
target,C:\Users\hoytb\Desktop\PRAYCGStimulus\Field of dreams\1.8prep\Fieldofdreams1_8_MediaPrep_v1_7A_20260817_210857\stimulus_target_cued_Fieldofdreams1_8_v1_7A.mp4,52.5,119.0776734313965,69.57189059448244,12.195308979034493,24.328134140014864,0.13314097571373013,0.03775236111111111,7.755305758001887,0.0,0.0,0.011698856180977789,-38.637131958476445,0.0006803362622470853,1.0,0.0,4.0,17.0,7.838977475816237e-15,-1.0,0.3333333333333333,0.0,1.7945614211139957,2.053113413549105,1.5714600767964781,7.3992192220782504,-0.6836098725337322,0.2407603508221861
target,C:\Users\hoytb\Desktop\PRAYCGStimulus\Field of dreams\1.8prep\Fieldofdreams1_8_MediaPrep_v1_7A_20260817_210857\stimulus_target_cued_Fieldofdreams1_8_v1_7A.mp4,52.75,113.02933093261719,66.79528218688965,16.77991420097352,42.908925868225126,0.10998590999841688,0.03616136111111111,7.827143212491245,0.0,0.0,0.012398943469197014,-38.13230640096858,0.0007000872882192248,1.0,0.0,4.0,17.0,-0.49999999999998346,-0.8660254037844481,0.3333333333333333,0.0,1.6089933180780702,3.214068642499713,3.502711004372868,5.90891937564037,-0.6389232307498532,0.2480277062202725
target,C:\Users\hoytb\Desktop\PRAYCGStimulus\Field of dreams\1.8prep\Fieldofdreams1_8_MediaPrep_v1_7A_20260817_210857\stimulus_target_cued_Fieldofdreams1_8_v1_7A.mp4,53.0,27.403283837890616,18.522273089599615,79.63047593841691,143.4326038299585,0.5497800279915429,0.04522613888888894,45.55485605540367,1.0,1.0,0.012111875072956586,-38.335772345669845,-0.0002870683962404273,1.0,0.0,4.0,17.0,-0.8660254037844306,-0.500000000000014,0.3333333333333333,0.0,-1.0180839569009912,19.129656737717912,13.95094427380027,34.214825071083226,-0.6572468352576551,-0.1151944981517472
target,C:\Users\hoytb\Desktop\PRAYCGStimulus\Field of dreams\1.8prep\Fieldofdreams1_8_MediaPrep_v1_7A_20260817_210857\stimulus_target_cued_Fieldofdreams1_8_v1_7A.mp4,53.25,27.793456222534182,18.105759220886235,4.643218031120265,11.186438286590494,0.017633610075339787,0.04208297222222223,0.18142523760739926,0.0,0.0,0.011900701069668167,-38.48854907104984,-0.00021117400328841962,0.0,0.0,0.0,0.0,-1.0,-1.3229280333974356e-14,0.3333333333333333,0.0,-1.006113148486963,0.14070459074900946,0.2055380709909023,-0.035033454626297394,-0.670726093055666,-0.08726928924957303
target,C:\Users\hoytb\Desktop\PRAYCGStimulus\Field of dreams\1.8prep\Fieldofdreams1_8_MediaPrep_v1_7A_20260817_210857\stimulus_target_cued_Fieldofdreams1_8_v1_7A.mp4,53.5,27.778631184387205,17.91501018371582,7.9742238010406234,18.840822636413517,0.014874530873447528,0.040577652777777806,0.9160718837410358,0.0,0.0,0.011803121961673666,-38.560062105008626,-9.757910799450091e-05,0.0,0.0,0.0,0.0,-0.8660254037844438,0.49999999999999106,0.3333333333333333,0.0,-1.0065679928028934,0.9842120202977865,1.0011197174488595,-0.21261253651897674,-0.6769545773002982,-0.0454722465706861
target,C:\Users\hoytb\Desktop\PRAYCGStimulus\Field of dreams\1.8prep\Fieldofdreams1_8_MediaPrep_v1_7A_20260817_210857\stimulus_target_cued_Fieldofdreams1_8_v1_7A.mp4,53.75,27.25489278411865,17.08646690750122,9.64945252990723,22.124346820831306,0.04135052277892837,0.03438798611111109,2.6375620292158333,0.0,0.0,0.014188660983687876,-36.96117175878621,0.0023855390220142107,0.0,0.0,0.0,0.0,-0.5000000000000063,0.8660254037844349,0.3333333333333333,0.0,-1.022636716001773,1.4084286012934781,1.3424027596159316,1.4914278301181287,-0.5246853823983725,0.8681867183691605
target,C:\Users\hoytb\Desktop\PRAYCGStimulus\Field of dreams\1.8prep\Fieldofdreams1_8_MediaPrep_v1_7A_20260817_210857\stimulus_target_cued_Fieldofdreams1_8_v1_7A.mp4,54.0,26.118461587524425,15.474716488647477,11.017913456726061,25.906749450683552,0.03182067949175857,0.03002144444444448,2.5319584533907036,0.0,0.0,0.014338060419014271,-36.87019187693032,0.00014939943532639444,0.0,0.0,0.0,0.0,-1.8619583192132475e-14,1.0,0.3333333333333333,0.0,-1.0575033561474658,1.7549626629401167,1.735538245671624,0.8780707288228503,-0.5151492014656689,0.045403075680748084
target,C:\Users\hoytb\Desktop\PRAYCGStimulus\Field of dreams\1.8prep\Fieldofdreams1_8_MediaPrep_v1_7A_20260817_210857\stimulus_target_cued_Fieldofdreams1_8_v1_7A.mp4,54.25,26.083096199035644,15.721934094619751,7.849608769226079,17.903041137695322,0.014435583788156509,0.03935679861111111,0.8622808275479724,0.0,0.0,0.012281311088919182,-38.215105353273195,-0.0020567493300950885,0.0,0.0,0.0,0.0,0.4999999999999864,0.8660254037844465,0.3333333333333333,0.0,-1.0585883952397983,0.9526558740676531,0.9036485539077601,-0.24086392573317106,-0.6464317173744731,-0.7663454968735673
target,C:\Users\hoytb\Desktop\PRAYCGStimulus\Field of dreams\1.8prep\Fieldofdreams1_8_MediaPrep_v1_7A_20260817_210857\stimulus_target_cued_Fieldofdreams1_8_v1_7A.mp4,54.5,26.582373107910144,16.400392573547354,4.569759080886835,10.903109465026832,0.01893914428651317,0.039375986111111094,0.22561987337604278,0.0,0.0,0.013043407527012944,-37.69217872838328,0.0007620964380937612,0.0,0.0,0.0,0.0,0.8660254037844323,0.500000000000011,0.3333333333333333,0.0,-1.0432701706372431,0.12210265050372644,0.17608943083294848,0.04899297217604038,-0.597787025338297,0.2708438642622461
target,C:\Users\hoytb\Desktop\PRAYCGStimulus\Field of dreams\1.8prep\Fieldofdreams1_8_MediaPrep_v1_7A_20260817_210857\stimulus_target_cued_Fieldofdreams1_8_v1_7A.mp4,54.75,27.706756670379626,16.212994248199482,6.13548266048428,16.06493140029897,0.04120865697115623,0.03813400000000006,1.7144471576514981,0.0,0.0,0.013105131312458974,-37.651172461268764,6.172378544603077e-05,0.0,0.0,0.0,0.0,1.0,9.79903133508859e-15,0.3333333333333333,0.0,-1.0087731617766589,0.5185893464849608,0.7125990449708325,1.482297102780232,-0.5938471899260761,0.013142973935270348
target,C:\Users\hoytb\Desktop\PRAYCGStimulus\Field of dreams\1.8prep\Fieldofdreams1_8_MediaPrep_v1_7A_20260817_210857\stimulus_target_cued_Fieldofdreams1_8_v1_7A.mp4,55.0,26.38957891845706,14.327784133911154,10.070932594299268,23.37044863891595,0.05320751082897187,0.03296708333333339,3.322793911481832,0.0,0.0,0.01254113921968213,-38.03326021941436,-0.0005639920927768445,0.0,0.0,0.0,0.0,0.866025403784442,-0.49999999999999406,0.3333333333333333,0.0,-1.0491852543184959,1.5151595979587533,1.471920130416492,2.254563970064798,-0.6298468617426668,-0.21708808705800334
target,C:\Users\hoytb\Desktop\PRAYCGStimulus\Field of dreams\1.8prep\Fieldofdreams1_8_MediaPrep_v1_7A_20260817_210857\stimulus_target_cued_Fieldofdreams1_8_v1_7A.mp4,55.25,25.864829164123535,13.82830685043335,10.819983056259154,24.26735179672241,0.05306008304953575,0.02662618749999997,3.51094741460638,0.0,0.0,0.012164355251284013,-38.29821810095317,-0.00037678396839811723,0.0,1.0,0.0,0.0,0.5000000000000157,-0.8660254037844296,0.3333333333333333,0.0,-1.0652850066886523,1.7048409354921956,1.5651424796466429,2.245075264666349,-0.6538970202143952,-0.14820518572475183
target,C:\Users\hoytb\Desktop\PRAYCGStimulus\Field of dreams\1.8prep\Fieldofdreams1_8_MediaPrep_v1_7A_20260817_210857\stimulus_target_cued_Fieldofdreams1_8_v1_7A.mp4,55.5,26.532740650939882,13.255250217437702,11.338322982025106,25.60471232910141,0.04873835993707091,0.02059569444444446,3.4363966665125005,0.0,0.0,0.011549820311714247,-38.74849544583276,-0.0006145349395697657,1.0,0.0,6.0,18.0,1.518933419324671e-14,-1.0,0.3333333333333333,0.0,-1.0447929350790455,1.8360996629202768,1.704145101625323,1.9669217335971647,-0.6931228470081999,-0.23568523897270968
target,C:\Users\hoytb\Desktop\PRAYCGStimulus\Field of dreams\1.8prep\Fieldofdreams1_8_MediaPrep_v1_7A_20260817_210857\stimulus_target_cued_Fieldofdreams1_8_v1_7A.mp4,55.75,32.96171091690061,18.232336116790744,14.71371108207702,37.25120243835449,0.11105038576126107,0.019109590277777783,7.34005365862621,0.0,0.0,0.012096161595370377,-38.347048398591554,0.0005463412836561304,1.0,0.0,6.0,18.0,-0.4999999999999894,-0.8660254037844448,0.3333333333333333,0.0,-0.8475468603123677,2.6908459878035247,2.91465836475799,5.977430866188826,-0.658249828107104,0.19145713323981547
target,C:\Users\hoytb\Desktop\PRAYCGStimulus\Field of dreams\1.8prep\Fieldofdreams1_8_MediaPrep_v1_7A_20260817_210857\stimulus_target_cued_Fieldofdreams1_8_v1_7A.mp4,56.0,39.839316467285094,24.63995690917963,17.117159880065884,40.53950745849603,0.10712341403961169,0.0208564444444444,7.77617994081912,0.0,0.0,0.0125659357689532,-38.016103289705725,0.00046977417358282265,1.0,0.0,6.0,18.0,-0.866025403784434,-0.5000000000000081,0.3333333333333333,0.0,-0.6365362874700101,3.2994690457252034,3.256438317582107,5.724684213439333,-0.6282640955170848,0.16328439925161484
target,C:\Users\hoytb\Desktop\PRAYCGStimulus\Field of dreams\1.8prep\Fieldofdreams1_8_MediaPrep_v1_7A_20260817_210857\stimulus_target_cued_Fieldofdreams1_8_v1_7A.mp4,56.25,46.35220325469962,26.070061779022243,20.78820522308344,45.25131538391108,0.13445901855826325,0.021429166666666704,10.059769420275263,0.0,0.0,0.012485932639788994,-38.071580246676284,-8.000312916420574e-05,0.0,0.0,0.0,0.0,-1.0,-6.368782336202825e-15,0.3333333333333333,0.0,-0.43671558507556524,4.229084373626536,3.7461743611062377,7.4840507260332245,-0.6333707032711607,-0.03900519595725604
target,C:\Users\hoytb\Desktop\PRAYCGStimulus\Field of dreams\1.8prep\Fieldofdreams1_8_MediaPrep_v1_7A_20260817_210857\stimulus_target_cued_Fieldofdreams1_8_v1_7A.mp4,56.5,53.72725411987298,25.85158258361816,21.967716883850095,49.91165414123531,0.17900452258586846,0.01851504166666669,12.5287914519057,0.0,0.0,0.012115925908885779,-38.332867821716206,-0.00037000673090321554,0.0,0.0,0.0,0.0,-0.8660254037844475,0.49999999999998473,0.3333333333333333,0.0,-0.21044298243775358,4.527770991968803,4.230560800583839,10.351075964831598,-0.6569882699942384,-0.1457115130637892
target,C:\Users\hoytb\Desktop\PRAYCGStimulus\Field of dreams\1.8prep\Fieldofdreams1_8_MediaPrep_v1_7A_20260817_210857\stimulus_target_cued_Fieldofdreams1_8_v1_7A.mp4,56.75,65.15911048583985,25.5912106201172,20.41227087097168,48.84058572845462,0.20543348618149732,0.024495201388888898,13.405634776398074,0.0,0.0,0.011069136150061477,-39.11772541343906,-0.0010467897588243014,0.0,0.0,0.0,0.0,-0.5000000000000128,0.8660254037844313,0.3333333333333333,0.0,0.14029573654844452,4.133886874453048,4.119236057486914,12.052089508577664,-0.7238049652303425,-0.3947326423070706
target,C:\Users\hoytb\Desktop\PRAYCGStimulus\Field of dreams\1.8prep\Fieldofdreams1_8_MediaPrep_v1_7A_20260817_210857\stimulus_target_cued_Fieldofdreams1_8_v1_7A.mp4,57.0,62.40631352539067,29.448880966186493,20.82709211730954,61.2072123840331,0.12638838984966308,0.028501305555555533,9.678298539486795,0.0,0.0,0.010636973180605594,-39.4636387143865,-0.00043216296945588345,0.0,0.0,0.0,0.0,-1.1759085194360944e-14,1.0,0.3333333333333333,0.0,0.055837670541648274,4.23893166494257,5.404598896106778,6.964611184251674,-0.7513899708907869,-0.16858179212714794
target,C:\Users\hoytb\Desktop\PRAYCGStimulus\Field of dreams\1.8prep\Fieldofdreams1_8_MediaPrep_v1_7A_20260817_210857\stimulus_target_cued_Fieldofdreams1_8_v1_7A.mp4,57.25,56.55408976287846,32.52363379745482,23.59301442718505,67.8335553985596,0.10292950978875161,0.031413666666666645,9.261191370922042,0.0,0.0,0.010860683351248828,-39.28285696313107,0.00022371017064323415,0.0,0.0,0.0,0.0,0.49999999999999234,0.866025403784443,0.3333333333333333,0.0,-0.1237133489930972,4.93934354624366,6.093327949229655,5.454757324097857,-0.737110528273891,0.07274558053099639
target,C:\Users\hoytb\Desktop\PRAYCGStimulus\Field of dreams\1.8prep\Fieldofdreams1_8_MediaPrep_v1_7A_20260817_210857\stimulus_target_cued_Fieldofdreams1_8_v1_7A.mp4,57.5,53.03644392395021,34.49342903137206,21.156418006897006,59.00134063720712,0.06708409893512765,0.03631812499999996,6.886551219494799,0.0,0.0,0.011250068534503452,-38.97689663638517,0.00038938518325462405,0.0,0.0,0.0,0.0,0.8660254037844286,0.5000000000000174,0.3333333333333333,0.0,-0.23163760520277338,4.32232654738867,5.17532492761897,3.1476850424878013,-0.7122560329947243,0.13370541112044462
target,C:\Users\hoytb\Desktop\PRAYCGStimulus\Field of dreams\1.8prep\Fieldofdreams1_8_MediaPrep_v1_7A_20260817_210857\stimulus_target_cued_Fieldofdreams1_8_v1_7A.mp4,57.75,53.509517927551244,37.46071827850336,18.115580893707325,49.59490553436295,0.0430507002651694,0.040916520833333254,4.927514561300557,0.0,0.0,0.010727075900394945,-39.39037292872761,-0.0005229926341085069,0.0,0.0,0.0,0.0,1.0,1.7149388052519063e-14,0.3333333333333333,0.0,-0.21712330720103623,3.5522982513750967,4.19763857370682,1.6008541767247149,-0.7456387052547235,-0.20200240808151584
target,C:\Users\hoytb\Desktop\PRAYCGStimulus\Field of dreams\1.8prep\Fieldofdreams1_8_MediaPrep_v1_7A_20260817_210857\stimulus_target_cued_Fieldofdreams1_8_v1_7A.mp4,58.0,54.300008129882805,40.475017364501944,13.252148095703172,36.00522613525405,0.040439883279800574,0.042669638888888896,3.532740604299155,0.0,0.0,0.010364208986084304,-39.689276767019464,-0.00036286691431064097,0.0,0.0,0.0,0.0,0.8660254037844457,-0.4999999999999877,0.3333333333333333,0.0,-0.19287042017541595,2.3207357799820247,2.7851540397378893,1.4328175060363058,-0.7688005367690011,-0.1430844300591602
target,C:\Users\hoytb\Desktop\PRAYCGStimulus\Field of dreams\1.8prep\Fieldofdreams1_8_MediaPrep_v1_7A_20260817_210857\stimulus_target_cued_Fieldofdreams1_8_v1_7A.mp4,58.25,54.965356118774416,41.83159996032715,6.742447920608523,16.3481238357544,0.020260198951512577,0.04240882638888889,0.8562273046597273,0.0,0.0,0.011559549385498571,-38.74118190441958,0.0011953403994142669,0.0,1.0,0.0,0.0,0.5000000000000098,-0.866025403784433,0.3333333333333333,0.0,-0.17245699878231488,0.6722905832153451,0.7420335094250872,0.13401832207529155,-0.6925018392533029,0.4302552206865752
target,C:\Users\hoytb\Desktop\PRAYCGStimulus\Field of dreams\1.8prep\Fieldofdreams1_8_MediaPrep_v1_7A_20260817_210857\stimulus_target_cued_Fieldofdreams1_8_v1_7A.mp4,58.5,55.10961306762695,42.3762213104248,3.497625086021438,8.271894526672392,0.011107816101983272,0.04312033333333334,-0.43392660731146926,0.0,0.0,0.015792735813081837,-36.03085259167662,0.0042331864275832656,1.0,0.0,3.0,19.0,8.328836195475178e-15,-1.0,0.3333333333333333,0.0,-0.16803107740737316,-0.14939282341807203,-0.09739387196059339,-0.4550447763798229,-0.4222971252454753,1.5480253437430138
target,C:\Users\hoytb\Desktop\PRAYCGStimulus\Field of dreams\1.8prep\Fieldofdreams1_8_MediaPrep_v1_7A_20260817_210857\stimulus_target_cued_Fieldofdreams1_8_v1_7A.mp4,58.75,55.17458212280273,42.54637116241455,2.0860864415168825,4.6493453588486,0.008185307881794814,0.04371399305555554,-0.9437791894817648,0.0,0.0,0.01720077682240907,-35.289038779870324,0.0014080410093272322,1.0,0.0,3.0,19.0,-0.499999999999983,-0.8660254037844485,0.3333333333333333,0.0,-0.16603777356794294,-0.5068354146277744,-0.47391450374449273,-0.6431424309194046,-0.33242172647789425,0.508518037403423
target,C:\Users\hoytb\Desktop\PRAYCGStimulus\Field of dreams\1.8prep\Fieldofdreams1_8_MediaPrep_v1_7A_20260817_210857\stimulus_target_cued_Fieldofdreams1_8_v1_7A.mp4,59.0,55.156261834716794,42.57832385864258,2.818766098403925,6.684788316345198,0.009120331983268263,0.04415222222222222,-0.7073705094174778,0.0,0.0,0.013539238434411523,-37.368115269295416,-0.003661538387997546,1.0,0.0,3.0,19.0,-0.8660254037844303,-0.5000000000000144,0.3333333333333333,0.0,-0.16659985501552388,-0.32129964052485366,-0.262354568237225,-0.5829626718993276,-0.5661380888168875,-1.3568248187674505
target,C:\Users\hoytb\Desktop\PRAYCGStimulus\Field of dreams\1.8prep\Fieldofdreams1_8_MediaPrep_v1_7A_20260817_210857\stimulus_target_cued_Fieldofdreams1_8_v1_7A.mp4,59.25,55.557181280517575,42.74086688842773,3.845768531227102,8.616210575103738,0.015699883710593044,0.042648826388888894,-0.12033142677325911,0.0,0.0,0.011177386162641016,-39.033194890400665,-0.0023618522717705065,0.0,0.0,0.0,0.0,-1.0,-1.3719139053633297e-14,0.3333333333333333,0.0,-0.15429931796054056,-0.06123278922314292,-0.06160633945718036,-0.15949140865961706,-0.7168953560763944,-0.8786075896521686
target,C:\Users\hoytb\Desktop\PRAYCGStimulus\Field of dreams\1.8prep\Fieldofdreams1_8_MediaPrep_v1_7A_20260817_210857\stimulus_target_cued_Fieldofdreams1_8_v1_7A.mp4,59.5,55.61223218688965,42.94315872497558,3.933378741645818,9.024697962951667,0.012013400677591584,0.04238643055555555,-0.2763667878407064,0.0,0.0,0.01141535602789066,-38.850210778575445,0.00023796986524964384,0.0,0.0,0.0,0.0,-0.866025403784444,0.4999999999999907,0.3333333333333333,0.0,-0.1526103110519642,-0.03904733879257057,-0.0191489642159071,-0.3967597958680618,-0.7017057157233778,0.0779924101751442
target,C:\Users\hoytb\Desktop\PRAYCGStimulus\Field of dreams\1.8prep\Fieldofdreams1_8_MediaPrep_v1_7A_20260817_210857\stimulus_target_cued_Fieldofdreams1_8_v1_7A.mp4,59.75,55.68593552093506,43.03663561859131,2.847978914642338,6.716283480834973,0.009230870457366107,0.04256190972222222,-0.6943899248185187,0.0,0.0,0.012122410449887294,-38.32822030729953,0.0007070544219966342,0.0,0.0,0.0,0.0,-0.5000000000000068,0.8660254037844347,0.3333333333333333,0.0,-0.15034903238115638,-0.313902106795654,-0.2590810228186678,-0.5758482256265817,-0.6565743610921004,0.25059125088564166
target,C:\Users\hoytb\Desktop\PRAYCGStimulus\Field of dreams\1.8prep\Fieldofdreams1_8_MediaPrep_v1_7A_20260817_210857\stimulus_target_cued_Fieldofdreams1_8_v1_7A.mp4,60.0,55.662782989501956,43.123552856445315,1.6558595685958908,3.870969604492197,0.008368753835558898,0.04285138888888888,-1.0470550484811085,0.0,0.0,0.012575700314159353,-38.00935641245368,0.00045328986427205925,0.0,0.0,0.0,0.0,-1.9109441911791416e-14,1.0,0.3333333333333333,0.0,-0.15105937101349873,-0.6157813573149499,-0.5548173479070202,-0.6313355338850566,-0.6276408236177767,0.1572190265250392
target,C:\Users\hoytb\Desktop\PRAYCGStimulus\Field of dreams\1.8prep\Fieldofdreams1_8_MediaPrep_v1_7A_20260817_210857\stimulus_target_cued_Fieldofdreams1_8_v1_7A.mp4,60.25,55.57794446258545,43.135731118774416,1.0299024373531402,2.7595633178711028,0.007099061932787316,0.042571888888888895,-1.2718759879866186,0.0,0.0,0.012200266916775946,-38.27261335429332,-0.0003754333973834071,0.0,0.0,0.0,0.0,0.499999999999986,0.8660254037844467,0.3333333333333333,0.0,-0.15366228652422514,-0.7742918875428585,-0.6703347302310707,-0.7130550880849186,-0.6516047750062548,-0.1477082454864018
target,C:\Users\hoytb\Desktop\PRAYCGStimulus\Field of dreams\1.8prep\Fieldofdreams1_8_MediaPrep_v1_7A_20260817_210857\stimulus_target_cued_Fieldofdreams1_8_v1_7A.mp4,60.5,55.629494775390626,43.21224772644043,1.187949042415619,2.72226581954956,0.01055238659046595,0.04205241666666667,-1.0631016830671958,0.0,0.0,0.011420960013044129,-38.8459477794593,-0.0007793069037318173,0.0,0.0,0.0,0.0,0.866025403784432,0.5000000000000114,0.3333333333333333,0.0,-0.15208068069418232,-0.7342698957501664,-0.6742113588098411,-0.490793174846855,-0.7013480127892876,-0.29631279446757347
target,C:\Users\hoytb\Desktop\PRAYCGStimulus\Field of dreams\1.8prep\Fieldofdreams1_8_MediaPrep_v1_7A_20260817_210857\stimulus_target_cued_Fieldofdreams1_8_v1_7A.mp4,60.75,55.735818568420406,43.191411715698244,1.187715920972823,2.7811992708206175,0.005163193902932062,0.042313562499999985,-1.324661674603565,0.0,0.0,0.011636949482511639,-38.68321701933692,0.00021598946946750977,0.0,0.0,0.0,0.0,1.0,1.0288890054747531e-14,0.3333333333333333,0.0,-0.14881857961705208,-0.7343289288718624,-0.6680859318583238,-0.8376508833673876,-0.6875613833023624,0.06990476206184146
target,C:\Users\hoytb\Desktop\PRAYCGStimulus\Field of dreams\1.8prep\Fieldofdreams1_8_MediaPrep_v1_7A_20260817_210857\stimulus_target_cued_Fieldofdreams1_8_v1_7A.mp4,61.0,55.78205345458984,43.158253253173825,0.9948077274322521,2.3866536193847674,0.005881970198452477,0.04270658333333333,-1.3400833781089785,0.0,0.0,0.011538180510887685,-38.75725341796922,-9.876897162395398e-05,0.0,0.0,0.0,0.0,0.8660254037844423,-0.4999999999999936,0.3333333333333333,0.0,-0.14740005543091747,-0.7831788876265707,-0.7090942304525039,-0.791389204993966,-0.6938658166617346,-0.04591005480822728
target,C:\Users\hoytb\Desktop\PRAYCGStimulus\Field of dreams\1.8prep\Fieldofdreams1_8_MediaPrep_v1_7A_20260817_210857\stimulus_target_cued_Fieldofdreams1_8_v1_7A.mp4,61.25,55.74695867156982,43.136169441223146,1.262996226072305,2.706000560760489,0.012246911466121582,0.0436776736111111,-0.9613106644182602,0.0,0.0,0.01136754112098971,-38.88666932126348,-0.00017063938989797522,0.0,1.0,0.0,0.0,0.5000000000000038,-0.8660254037844365,0.3333333333333333,0.0,-0.1484767921257718,-0.7152657686625572,-0.6759019378004,-0.3817306399776642,-0.7047577460238382,-0.07235464927856998
target,C:\Users\hoytb\Desktop\PRAYCGStimulus\Field of dreams\1.8prep\Fieldofdreams1_8_MediaPrep_v1_7A_20260817_210857\stimulus_target_cued_Fieldofdreams1_8_v1_7A.mp4,61.5,55.569324087524414,43.10093542175293,1.4618484351158143,3.3220356222152705,0.00869268765449525,0.04378636111111111,-1.081923230436583,0.0,0.0,0.011433862528382702,-38.836140673236784,6.6321407392992e-05,1.0,0.0,4.0,20.0,1.567919291290565e-14,-1.0,0.3333333333333333,0.0,-0.153926766693438,-0.6649106125037023,-0.6118724657920658,-0.6104865962680228,-0.7005244439418766,0.014834660874558484
target,C:\Users\hoytb\Desktop\PRAYCGStimulus\Field of dreams\1.8prep\Fieldofdreams1_8_MediaPrep_v1_7A_20260817_210857\stimulus_target_cued_Fieldofdreams1_8_v1_7A.mp4,61.75,55.668316976928715,42.969751976013185,1.2782459849834364,3.0445895278930584,0.010078816234320354,0.043207583333333334,-1.0625366961117275,0.0,0.0,0.01223105144474202,-38.250724142257525,0.000797188916359319,1.0,0.0,4.0,20.0,-0.4999999999999767,-0.8660254037844521,0.3333333333333333,0.0,-0.15088958374546363,-0.711404086687544,-0.6407096668570083,-0.5212729773107525,-0.649639795500335,0.28375608014992565
target,C:\Users\hoytb\Desktop\PRAYCGStimulus\Field of dreams\1.8prep\Fieldofdreams1_8_MediaPrep_v1_7A_20260817_210857\stimulus_target_cued_Fieldofdreams1_8_v1_7A.mp4,62.0,55.46244766235351,43.02543267822266,1.6126795106887837,3.3645392395019558,0.010685942231118743,0.042732083333333344,-0.9458771207647647,0.0,0.0,0.012250827703205711,-38.236691360314616,1.977625846369055e-05,1.0,0.0,4.0,20.0,-0.8660254037844337,-0.5000000000000084,0.3333333333333333,0.0,-0.15720582297740804,-0.6267158023951401,-0.607454723453044,-0.4821973041547611,-0.6483774749402228,-0.0022915451161196073
target,C:\Users\hoytb\Desktop\PRAYCGStimulus\Field of dreams\1.8prep\Fieldofdreams1_8_MediaPrep_v1_7A_20260817_210857\stimulus_target_cued_Fieldofdreams1_8_v1_7A.mp4,62.25,55.691502825927735,43.319580926513666,2.1681117419719462,5.036469619178709,0.0076933499801903615,0.042596756944444425,-0.946263164120777,0.0,0.0,0.01224575237570064,-38.24029053498074,-5.0753275050718916e-06,0.0,0.0,0.0,0.0,-1.0,-2.106949577106377e-14,0.3333333333333333,0.0,-0.15017822290290322,-0.4860642256464743,-0.43367756993748213,-0.6748056874278994,-0.6487014336036231,-0.011435642627603463
target,C:\Users\hoytb\Desktop\PRAYCGStimulus\Field of dreams\1.8prep\Fieldofdreams1_8_MediaPrep_v1_7A_20260817_210857\stimulus_target_cued_Fieldofdreams1_8_v1_7A.mp4,62.5,55.77681007385254,43.600399780273435,2.066348302364349,4.95376296043396,0.007039931043982506,0.042541666666666665,-1.0045026992517156,0.0,0.0,0.012189858012638657,-38.280027059498416,-5.58943630619823e-05,0.0,0.0,0.0,0.0,-0.8660254037844406,0.4999999999999966,0.3333333333333333,0.0,-0.14756092664763729,-0.5118336848712474,-0.442273937291142,-0.7168608537687217,-0.652269176400728,-0.030134417714073124
target,C:\Users\hoytb\Desktop\PRAYCGStimulus\Field of dreams\1.8prep\Fieldofdreams1_8_MediaPrep_v1_7A_20260817_210857\stimulus_target_cued_Fieldofdreams1_8_v1_7A.mp4,62.75,55.675256764221196,43.625832109069826,1.358793825435644,3.050511373901383,0.006758116996102029,0.042166833333333334,-1.202664609687486,0.0,0.0,0.011062310130162055,-39.12308340555919,-0.0011275478824766018,0.0,0.0,0.0,0.0,-0.5000000000000131,0.866025403784431,0.3333333333333333,0.0,-0.15067666538583066,-0.6910070335004607,-0.6400941618363488,-0.7349988904922607,-0.7242406707647638,-0.4244474523980372
target,C:\Users\hoytb\Desktop\PRAYCGStimulus\Field of dreams\1.8prep\Fieldofdreams1_8_MediaPrep_v1_7A_20260817_210857\stimulus_target_cued_Fieldofdreams1_8_v1_7A.mp4,63.0,55.58014309692383,43.57479960327149,1.128401753997802,2.5977329589843725,0.008339978298544893,0.04250125,-1.185980465464071,0.0,0.0,0.010987172013234589,-39.18228152306717,-7.513811692746661e-05,0.0,0.0,0.0,0.0,-2.6459798629221888e-14,1.0,0.3333333333333333,0.0,-0.15359483062146753,-0.749348999077902,-0.6871550592720294,-0.6331875769291313,-0.7290367443000991,-0.03721512322937371
target,C:\Users\hoytb\Desktop\PRAYCGStimulus\Field of dreams\1.8prep\Fieldofdreams1_8_MediaPrep_v1_7A_20260817_210857\stimulus_target_cued_Fieldofdreams1_8_v1_7A.mp4,63.25,55.5949570526123,43.5188185760498,1.3782235792636892,3.3019845703125066,0.006400243552774127,0.0420466875,-1.214963557218511,0.0,0.0,0.011575037025881862,-38.72955222124165,0.0005878650126472738,0.0,0.0,0.0,0.0,0.49999999999999195,0.8660254037844433,0.3333333333333333,0.0,-0.15314032632444347,-0.6860868553800091,-0.6139565326688988,-0.7580322406970521,-0.6915132616151541,0.20673571656293657
target,C:\Users\hoytb\Desktop\PRAYCGStimulus\Field of dreams\1.8prep\Fieldofdreams1_8_MediaPrep_v1_7A_20260817_210857\stimulus_target_cued_Fieldofdreams1_8_v1_7A.mp4,63.5,55.658664852905275,43.57847264709473,1.0125723323822107,2.5048000000000155,0.0066744773760438764,0.04216070833333333,-1.296996702818273,0.0,0.0,0.01147708793987362,-38.80336581304629,-9.794908600824215e-05,0.0,0.0,0.0,0.0,0.8660254037844284,0.5000000000000178,0.3333333333333333,0.0,-0.15118571881811513,-0.778680373576069,-0.6968143281485255,-0.7403820802642661,-0.6977653615934901,-0.0456083793325552
target,C:\Users\hoytb\Desktop\PRAYCGStimulus\Field of dreams\1.8prep\Fieldofdreams1_8_MediaPrep_v1_7A_20260817_210857\stimulus_target_cued_Fieldofdreams1_8_v1_7A.mp4,63.75,55.724851287841794,43.62912191772461,1.0819080173969193,2.6438929929733135,0.004666354771703468,0.04248055555555555,-1.3763580569341767,0.0,0.0,0.011418279567868901,-38.847986555837586,-5.880837200471917e-05,0.0,0.0,0.0,0.0,1.0,3.4283920569760004e-15,0.3333333333333333,0.0,-0.1491550647702732,-0.7611225638685948,-0.6823572761763417,-0.8696283042081596,-0.7015191058735106,-0.031206622198536003
target,C:\Users\hoytb\Desktop\PRAYCGStimulus\Field of dreams\1.8prep\Fieldofdreams1_8_MediaPrep_v1_7A_20260817_210857\stimulus_target_cued_Fieldofdreams1_8_v1_7A.mp4,64.0,55.691313159179685,43.63346948242187,1.237077823638916,2.9922601280212384,0.006048419058322872,0.041951305555555575,-1.268837387937364,0.0,0.0,0.01193622827173103,-38.46265768375608,0.000517948703862129,0.0,0.0,0.0,0.0,0.866025403784446,-0.49999999999998723,0.3333333333333333,0.0,-0.15018404203412003,-0.7218290611107482,-0.6461486817020288,-0.7806762701504877,-0.6684583881867419,0.18101013325497453
target,C:\Users\hoytb\Desktop\PRAYCGStimulus\Field of dreams\1.8prep\Fieldofdreams1_8_MediaPrep_v1_7A_20260817_210857\stimulus_target_cued_Fieldofdreams1_8_v1_7A.mp4,64.25,55.877183616638185,43.57085345611572,1.2941702838420828,3.000000698852539,0.007198471262492144,0.04257951388888888,-1.1981472647830236,0.0,0.0,0.011945900589834904,-38.45562207209282,9.672318103873603e-06,0.0,1.0,0.0,0.0,0.5000000000000225,-0.8660254037844257,0.3333333333333333,0.0,-0.14448138412280723,-0.7073715916018496,-0.6453441420022902,-0.7066569326827674,-0.6678410031526171,-0.006009272267075532
target,C:\Users\hoytb\Desktop\PRAYCGStimulus\Field of dreams\1.8prep\Fieldofdreams1_8_MediaPrep_v1_7A_20260817_210857\stimulus_target_cued_Fieldofdreams1_8_v1_7A.mp4,64.5,55.64998430480957,43.53334834289551,1.5700229238510135,3.290404306030277,0.011155327741801713,0.04299497222222222,-0.9342234407568659,0.0,0.0,0.011915752792232105,-38.477570306603525,-3.0147797602799245e-05,1.0,0.0,7.0,21.0,8.81869491513412e-15,-1.0,0.3333333333333333,0.0,-0.1514520451453291,-0.6375176893932861,-0.6151601625498947,-0.4519868455410169,-0.6697653400956232,-0.020661014067299917
target,C:\Users\hoytb\Desktop\PRAYCGStimulus\Field of dreams\1.8prep\Fieldofdreams1_8_MediaPrep_v1_7A_20260817_210857\stimulus_target_cued_Fieldofdreams1_8_v1_7A.mp4,64.75,55.69402317199707,43.5299177734375,1.7788945611476856,4.245870765686028,0.010470539506897211,0.043637562499999956,-0.9129902362068218,0.0,0.0,0.012471026532297048,-38.0819559354051,0.0005552737400649436,1.0,0.0,7.0,21.0,-0.49999999999998257,-0.8660254037844487,0.3333333333333333,0.0,-0.15010089662067394,-0.5846253229276546,-0.5158508589707175,-0.4960609938879909,-0.634322161606562,0.1947438149237102
target,C:\Users\hoytb\Desktop\PRAYCGStimulus\Field of dreams\1.8prep\Fieldofdreams1_8_MediaPrep_v1_7A_20260817_210857\stimulus_target_cued_Fieldofdreams1_8_v1_7A.mp4,65.0,55.79766500854492,43.616711547851565,1.2604506072998347,2.8801547241211645,0.008790832251310634,0.04408986111111116,-1.1296733619286636,0.0,0.0,0.012562751908291698,-38.01830433281866,9.172537599464944e-05,1.0,0.0,7.0,21.0,-0.8660254037844372,-0.5000000000000026,0.3333333333333333,0.0,-0.14692108016563263,-0.7159103932881785,-0.6578006967741119,-0.6041698412494463,-0.6284673216622593,0.02418200660791402
target,C:\Users\hoytb\Desktop\PRAYCGStimulus\Field of dreams\1.8prep\Fieldofdreams1_8_MediaPrep_v1_7A_20260817_210857\stimulus_target_cued_Fieldofdreams1_8_v1_7A.mp4,65.25,55.91028999176025,43.65994901123047,1.2338718595981557,2.714614466857902,0.006495355709828427,0.04148059027777781,-1.2479866514757125,0.0,0.0,0.01184172158496164,-38.53170307906779,-0.0007210303233300581,0.0,0.0,0.0,0.0,-1.0,-1.4208997773292239e-14,0.3333333333333333,0.0,-0.1434656534112879,-0.722640904341903,-0.6750066253517152,-0.7519106587160234,-0.6744907594765953,-0.2748700288227839
target,C:\Users\hoytb\Desktop\PRAYCGStimulus\Field of dreams\1.8prep\Fieldofdreams1_8_MediaPrep_v1_7A_20260817_210857\stimulus_target_cued_Fieldofdreams1_8_v1_7A.mp4,65.5,55.81521365661621,43.65741987915039,1.2432940380096444,2.848620611572269,0.007727039016410715,0.0434723611111111,-1.1857650819360608,0.0,0.0,0.012862689484598625,-37.81336428821511,0.0010209678996369858,0.0,0.0,0.0,0.0,-0.8660254037844514,0.4999999999999779,0.3333333333333333,0.0,-0.14638267326587595,-0.7202549350456641,-0.6610782903772893,-0.6726374031257465,-0.6093222761008042,0.36609516493444494
target,C:\Users\hoytb\Desktop\PRAYCGStimulus\Field of dreams\1.8prep\Fieldofdreams1_8_MediaPrep_v1_7A_20260817_210857\stimulus_target_cued_Fieldofdreams1_8_v1_7A.mp4,65.75,55.55437915191651,43.522855418396,1.393269292449951,3.38053953552246,0.009979913787916314,0.04230186111111111,-1.0373445964020727,0.0,0.0,0.01705549913033206,-35.36271132775692,0.004192809645733434,0.0,0.0,0.0,0.0,-0.5000000000000072,0.8660254037844345,0.3333333333333333,0.0,-0.15438528956169706,-0.6822768437102379,-0.6057916841712365,-0.5276385088320384,-0.34169481612582553,1.533168777610822
target,C:\Users\hoytb\Desktop\PRAYCGStimulus\Field of dreams\1.8prep\Fieldofdreams1_8_MediaPrep_v1_7A_20260817_210857\stimulus_target_cued_Fieldofdreams1_8_v1_7A.mp4,66.0,55.43142034912109,43.395897967529294,1.0755493522644204,2.5547419921875303,0.010765610463917375,0.04229538888888888,-1.0820624957167497,0.0,0.0,0.022281073483844817,-33.04127778045671,0.0052255743535127575,0.0,0.0,0.0,0.0,-1.9599300631450357e-14,1.0,0.3333333333333333,0.0,-0.15815776636685794,-0.7627327626048773,-0.6916234557600947,-0.4770697196958986,-0.00814588132881676,1.9131727421957647
target,C:\Users\hoytb\Desktop\PRAYCGStimulus\Field of dreams\1.8prep\Fieldofdreams1_8_MediaPrep_v1_7A_20260817_210857\stimulus_target_cued_Fieldofdreams1_8_v1_7A.mp4,66.25,55.533080757141114,43.523823181152345,1.1166398040056174,2.6820050277709853,0.011299657342955426,0.04183222222222223,-1.0454350890438102,0.0,0.0,0.020101565667063837,-33.935402299829455,-0.0021795078167809803,0.0,0.0,0.0,0.0,0.4999999999999979,0.8660254037844398,0.3333333333333333,0.0,-0.15503874176235824,-0.7523274665107658,-0.6783959862791475,-0.44269754422439106,-0.14726408374810904,-0.8115142669484008
target,C:\Users\hoytb\Desktop\PRAYCGStimulus\Field of dreams\1.8prep\Fieldofdreams1_8_MediaPrep_v1_7A_20260817_210857\stimulus_target_cued_Fieldofdreams1_8_v1_7A.mp4,66.5,55.47622016906738,43.53972437133789,0.9029947981834384,2.2439168109893743,0.006055200235173058,0.04286022222222223,-1.3556170233213956,0.0,0.0,0.01573627823140378,-36.061959485605854,-0.004365287435660056,0.0,0.0,0.0,0.0,0.8660254037844318,0.5000000000000119,0.3333333333333333,0.0,-0.15678327118814375,-0.8064285885575487,-0.7239300134290911,-0.78023982194763,-0.4259008183433013,-1.6157680477238898
target,C:\Users\hoytb\Desktop\PRAYCGStimulus\Field of dreams\1.8prep\Fieldofdreams1_8_MediaPrep_v1_7A_20260817_210857\stimulus_target_cued_Fieldofdreams1_8_v1_7A.mp4,66.75,55.63905665893556,43.53110458068848,1.0696590756893039,2.537405313873269,0.01301929444931461,0.041953687500000024,-0.9742430625185986,0.0,0.0,0.013600550364852812,-37.32887033845348,-0.0021357278665509686,0.0,0.0,0.0,0.0,1.0,2.4989603489608476e-14,0.3333333333333333,0.0,-0.15178731427334194,-0.764224351751337,-0.6934253959876835,-0.3320187430046164,-0.5622245421509037,-0.7954055109738591
target,C:\Users\hoytb\Desktop\PRAYCGStimulus\Field of dreams\1.8prep\Fieldofdreams1_8_MediaPrep_v1_7A_20260817_210857\stimulus_target_cued_Fieldofdreams1_8_v1_7A.mp4,67.0,55.465974438476565,43.511823675537116,1.2549795539856017,2.9798968658447285,0.00923397878110418,0.04151149999999999,-1.1095971316216975,0.0,0.0,0.011251456573939254,-38.97582503281085,-0.0023490937909135586,0.0,0.0,0.0,0.0,0.8660254037844426,-0.4999999999999932,0.3333333333333333,0.0,-0.15709761859660135,-0.7172958229261834,-0.647433694843315,-0.5756481685657864,-0.7121674342983998,-0.8739131289766618
target,C:\Users\hoytb\Desktop\PRAYCGStimulus\Field of dreams\1.8prep\Fieldofdreams1_8_MediaPrep_v1_7A_20260817_210857\stimulus_target_cued_Fieldofdreams1_8_v1_7A.mp4,67.25,55.39321581268311,43.41169980926514,1.2513964104652375,2.9622514404296867,0.00766479340977965,0.04302456944444442,-1.1866728092686551,0.0,0.0,0.011042283322208628,-39.13882227826368,-0.00020917325173062593,0.0,1.0,0.0,0.0,0.5000000000000165,-0.866025403784429,0.3333333333333333,0.0,-0.15932991284427614,-0.7182031789589649,-0.6492677256369837,-0.6766436374048553,-0.725518983923921,-0.08653311621966199
target,C:\Users\hoytb\Desktop\PRAYCGStimulus\Field of dreams\1.8prep\Fieldofdreams1_8_MediaPrep_v1_7A_20260817_210857\stimulus_target_cued_Fieldofdreams1_8_v1_7A.mp4,67.5,55.351077148437504,43.34597430419922,1.0478396382331803,2.3728103027343677,0.007829927854239931,0.04362756944444444,-1.2317353220324463,0.0,0.0,0.01138976208697442,-38.86970694942591,0.0003474787647657924,1.0,0.0,5.0,22.0,1.9581969173625882e-15,-1.0,0.3333333333333333,0.0,-0.16062276158591124,-0.7697496671887988,-0.7105330775432458,-0.6660153005974152,-0.7033393795376015,0.11828601786720955
target,C:\Users\hoytb\Desktop\PRAYCGStimulus\Field of dreams\1.8prep\Fieldofdreams1_8_MediaPrep_v1_7A_20260817_210857\stimulus_target_cued_Fieldofdreams1_8_v1_7A.mp4,67.75,55.436833253479,43.34406190032959,1.4088950587272433,3.5726635894774805,0.0077798634305596215,0.044333506944444406,-1.140023143145088,0.0,0.0,0.011732656920946397,-38.61207256949084,0.0003428948339719764,1.0,0.0,5.0,22.0,-0.49999999999998856,-0.8660254037844453,0.3333333333333333,0.0,-0.1579916940265738,-0.6783199457467727,-0.5858226880790496,-0.6692375329952884,-0.6814523679133451,0.11659936856373114
target,C:\Users\hoytb\Desktop\PRAYCGStimulus\Field of dreams\1.8prep\Fieldofdreams1_8_MediaPrep_v1_7A_20260817_210857\stimulus_target_cued_Fieldofdreams1_8_v1_7A.mp4,68.0,55.53335991821288,43.32603567504882,1.8347189136505282,4.186525807952913,0.009948937790095895,0.04377230555555561,-0.9237442393940607,0.0,0.0,0.011250774540053661,-38.976351564693935,-0.0004818823808927352,1.0,0.0,5.0,22.0,-0.8660254037844264,-0.5000000000000212,0.3333333333333333,0.0,-0.15503017687197054,-0.570488975128106,-0.5220190570941081,-0.5296321773174835,-0.7122109685896842,-0.18687596244543764
target,C:\Users\hoytb\Desktop\PRAYCGStimulus\Field of dreams\1.8prep\Fieldofdreams1_8_MediaPrep_v1_7A_20260817_210857\stimulus_target_cued_Fieldofdreams1_8_v1_7A.mp4,68.25,55.87694888000488,43.50614971313477,1.2374116622447975,2.9409919754028335,0.007232615422271177,0.04224518055555554,-1.2112897122974302,0.0,0.0,0.011946115286225897,-38.455465967294685,0.000695340746172236,0.0,0.0,0.0,0.0,-1.0,-7.348499775520708e-15,0.3333333333333333,0.0,-0.1444885860350276,-0.7217445234774381,-0.6514773925959298,-0.7044593558457563,-0.6678272990604588,0.24628122439112166
target,C:\Users\hoytb\Desktop\PRAYCGStimulus\Field of dreams\1.8prep\Fieldofdreams1_8_MediaPrep_v1_7A_20260817_210857\stimulus_target_cued_Fieldofdreams1_8_v1_7A.mp4,68.5,55.857983096313475,43.59902365417481,0.9208640979766796,2.4142602409362715,0.007920761947333797,0.04336233333333332,-1.2604353420811065,0.0,0.0,0.012735744435886398,-37.899513286668956,0.000789629149660501,0.0,0.0,0.0,0.0,-0.8660254037844479,0.49999999999998385,0.3333333333333333,0.0,-0.14507047181661392,-0.801903562731252,-0.7062248525347886,-0.6601690621693554,-0.6174251912850948,0.28097447723955404
target,C:\Users\hoytb\Desktop\PRAYCGStimulus\Field of dreams\1.8prep\Fieldofdreams1_8_MediaPrep_v1_7A_20260817_210857\stimulus_target_cued_Fieldofdreams1_8_v1_7A.mp4,68.75,55.678943710327154,43.56132621765137,1.124663943052279,2.6699996852874572,0.0060598980076611315,0.042446006944444455,-1.2975911474901987,0.0,0.0,0.013439802701686324,-37.432142134220584,0.0007040582657999259,0.0,0.0,0.0,0.0,-0.5000000000000259,0.8660254037844237,0.3333333333333333,0.0,-0.15056354685872733,-0.7502955213959565,-0.6796437979518861,-0.7799374652320995,-0.5724850816041884,0.24948882046302098
target,C:\Users\hoytb\Desktop\PRAYCGStimulus\Field of dreams\1.8prep\Fieldofdreams1_8_MediaPrep_v1_7A_20260817_210857\stimulus_target_cued_Fieldofdreams1_8_v1_7A.mp4,69.0,55.45617670898438,43.530334216308596,1.2998396625518815,3.1847141235351515,0.006161159218847736,0.04346361111111108,-1.2470024120684176,0.0,0.0,0.014356467574152657,-36.8590481118166,0.0009166648724663329,0.0,0.0,0.0,0.0,-1.2738802633678827e-14,1.0,0.3333333333333333,0.0,-0.15739822096432288,-0.7059359402121628,-0.6261453921334938,-0.7734201195533218,-0.5139742709080499,0.3277170488500132
target,C:\Users\hoytb\Desktop\PRAYCGStimulus\Field of dreams\1.8prep\Fieldofdreams1_8_MediaPrep_v1_7A_20260817_210857\stimulus_target_cued_Fieldofdreams1_8_v1_7A.mp4,69.25,55.38284509277344,43.50475855102539,1.301238840198515,3.449252813243864,0.007701709029078452,0.0415996111111111,-1.1718856610311663,0.0,0.0,0.014180539436495004,-36.966144959545126,-0.00017592813765765318,0.0,0.0,0.0,0.0,0.4999999999999792,0.8660254037844506,0.3333333333333333,0.0,-0.15964809502743516,-0.7055816277847117,-0.5986497613039348,-0.674267684667404,-0.5252037815697986,-0.07430063474963508
target,C:\Users\hoytb\Desktop\PRAYCGStimulus\Field of dreams\1.8prep\Fieldofdreams1_8_MediaPrep_v1_7A_20260817_210857\stimulus_target_cued_Fieldofdreams1_8_v1_7A.mp4,69.5,55.28437290344238,43.54966192626953,1.5655192590713505,3.8393352293014513,0.010978517122194213,0.04246448611111112,-0.9439770869174151,0.0,0.0,0.013974290224722519,-37.09340482644113,-0.00020624921177248533,0.0,0.0,0.0,0.0,0.8660254037844353,0.5000000000000059,0.3333333333333333,0.0,-0.16266930247057287,-0.6386581481508624,-0.5581053626118874,-0.4633666810590557,-0.5383686894316856,-0.08545722084065796
target,C:\Users\hoytb\Desktop\PRAYCGStimulus\Field of dreams\1.8prep\Fieldofdreams1_8_MediaPrep_v1_7A_20260817_210857\stimulus_target_cued_Fieldofdreams1_8_v1_7A.mp4,69.75,55.32992716979981,43.66447164764404,1.528990625095368,3.8321943136215353,0.007399645978026008,0.04191061111111107,-1.1271587219132508,0.0,0.0,0.012877254573224445,-37.803534370513574,-0.001097035651498074,0.0,0.0,0.0,0.0,1.0,1.8129105491836944e-14,0.3333333333333333,0.0,-0.16127166025787623,-0.6479082594620613,-0.5588475753352367,-0.6937089820548827,-0.6083925850338118,-0.4132205304739685
target,C:\Users\hoytb\Desktop\PRAYCGStimulus\Field of dreams\1.8prep\Fieldofdreams1_8_MediaPrep_v1_7A_20260817_210857\stimulus_target_cued_Fieldofdreams1_8_v1_7A.mp4,70.0,55.29787460327148,43.58783178710938,1.4118216028213537,3.41430702781678,0.006628055036068025,0.042395972222222224,-1.1951491499713716,0.0,0.0,0.011999287312828299,-38.41689095381952,-0.000877967260396146,0.0,0.0,0.0,0.0,0.8660254037844534,-0.4999999999999745,0.3333333333333333,0.0,-0.16225505925839498,-0.6775788597635013,-0.6022819574723293,-0.7433699018920642,-0.6644333232724562,-0.3326146998264661
target,C:\Users\hoytb\Desktop\PRAYCGStimulus\Field of dreams\1.8prep\Fieldofdreams1_8_MediaPrep_v1_7A_20260817_210857\stimulus_target_cued_Fieldofdreams1_8_v1_7A.mp4,70.25,55.272484768676755,43.55320187835694,1.8544400869369482,4.645683295726769,0.009329615196585636,0.042588180555555556,-0.9486534708576235,0.0,0.0,0.011881682176322406,-38.50244137462032,-0.00011760513650589319,0.0,1.0,0.0,0.0,0.5000000000000107,-0.8660254037844325,0.3333333333333333,0.0,-0.1630340401846719,-0.5654950011348061,-0.4742951313788976,-0.5694928444108812,-0.6719400709243825,-0.05284078867122255
target,C:\Users\hoytb\Desktop\PRAYCGStimulus\Field of dreams\1.8prep\Fieldofdreams1_8_MediaPrep_v1_7A_20260817_210857\stimulus_target_cued_Fieldofdreams1_8_v1_7A.mp4,70.5,55.43127643127442,43.54911773071289,2.0608245487213117,4.960391339111323,0.012311914935708039,0.04274048611111112,-0.750131062662524,0.0,0.0,0.014186527709073263,-36.96247778625298,0.002304845532750857,1.0,0.0,9.0,23.0,2.3519408349995066e-14,-1.0,0.3333333333333333,0.0,-0.15816218188430015,-0.5132324597634957,-0.4415849966552299,-0.3775469048963787,-0.524821549530863,0.8384956903883526
target,C:\Users\hoytb\Desktop\PRAYCGStimulus\Field of dreams\1.8prep\Fieldofdreams1_8_MediaPrep_v1_7A_20260817_210857\stimulus_target_cued_Fieldofdreams1_8_v1_7A.mp4,70.75,55.80012256774901,43.30594396820069,2.0114597191810404,4.674117042350723,0.013293977987766015,0.044405736111111094,-0.7153498909532661,0.0,0.0,0.015777645036614277,-36.03915637676866,0.0015911173275410147,1.0,0.0,9.0,23.0,-0.4999999999999945,-0.8660254037844418,0.3333333333333333,0.0,-0.14684568023586786,-0.5257330686941801,-0.4713397837088298,-0.3143396381294177,-0.4232603710201011,0.5758806478981625
target,C:\Users\hoytb\Desktop\PRAYCGStimulus\Field of dreams\1.8prep\Fieldofdreams1_8_MediaPrep_v1_7A_20260817_210857\stimulus_target_cued_Fieldofdreams1_8_v1_7A.mp4,71.0,56.264244897460934,43.082067285156256,2.4836870361328094,5.928605455780014,0.01633035567402848,0.043782916666666706,-0.4448877021261909,0.0,0.0,0.014458006346145934,-36.79783177862585,-0.0013196386904683437,1.0,0.0,9.0,23.0,-0.8660254037844298,-0.5000000000000153,0.3333333333333333,0.0,-0.13260602692280918,-0.4061513934291067,-0.34095072669190823,-0.11891314894559542,-0.5074930409134587,-0.49512692861110724
target,C:\Users\hoytb\Desktop\PRAYCGStimulus\Field of dreams\1.8prep\Fieldofdreams1_8_MediaPrep_v1_7A_20260817_210857\stimulus_target_cued_Fieldofdreams1_8_v1_7A.mp4,71.25,56.574477073669435,42.790277702331544,2.808991888046264,6.776086144447325,0.013897537089884282,0.04138822916666667,-0.47811523214593105,0.0,0.0,0.014144503358968937,-36.98824593665525,-0.0003135029871769966,0.0,0.0,0.0,0.0,-1.0,-2.890971120815318e-14,0.3333333333333333,0.0,-0.12308784959549393,-0.3237747545366967,-0.2528652516468967,-0.27549353644860153,-0.5275039680105488,-0.12492105956734503
target,C:\Users\hoytb\Desktop\PRAYCGStimulus\Field of dreams\1.8prep\Fieldofdreams1_8_MediaPrep_v1_7A_20260817_210857\stimulus_target_cued_Fieldofdreams1_8_v1_7A.mp4,71.5,56.629800061035155,42.44039955749511,2.821673868370054,6.938135107421874,0.016149846900999586,0.03983666666666665,-0.36551995483990873,0.0,0.0,0.014585818303081519,-36.72138401513992,0.00044131494411258146,0.0,0.0,0.0,0.0,-0.8660254037844445,0.4999999999999898,0.3333333333333333,0.0,-0.12139049501912709,-0.3205633086961918,-0.23602220132723548,-0.13053100397710773,-0.4993347908903722,0.15281287563518708
target,C:\Users\hoytb\Desktop\PRAYCGStimulus\Field of dreams\1.8prep\Fieldofdreams1_8_MediaPrep_v1_7A_20260817_210857\stimulus_target_cued_Fieldofdreams1_8_v1_7A.mp4,71.75,57.29422760162352,42.434605082702625,4.227158607292136,10.16991231765736,0.018526953277737103,0.037559680555555655,0.11628966033374603,0.0,0.0,0.016505049235332987,-35.6476635156939,0.001919230932251468,0.0,0.0,0.0,0.0,-0.50000000000002,0.8660254037844272,0.3333333333333333,0.0,-0.10100531373405738,0.03534625774882346,0.09988236217484418,0.022463650055576868,-0.3768300881007893,0.6966094738205051
target,C:\Users\hoytb\Desktop\PRAYCGStimulus\Field of dreams\1.8prep\Fieldofdreams1_8_MediaPrep_v1_7A_20260817_210857\stimulus_target_cued_Fieldofdreams1_8_v1_7A.mp4,72.0,57.90071188354491,42.84949500732421,5.557766057586648,13.979748056030207,0.01304305613338949,0.03478738888888891,0.19713718613038184,0.0,0.0,0.020277547408289333,-33.85969149074318,0.0037724981729563463,0.0,0.0,0.0,0.0,-5.878304635907295e-15,1.0,0.3333333333333333,0.0,-0.08239787909556406,0.3722947194631997,0.49586919154527137,-0.3304894001574278,-0.13603115156525175,1.3785159076853348
target,C:\Users\hoytb\Desktop\PRAYCGStimulus\Field of dreams\1.8prep\Fieldofdreams1_8_MediaPrep_v1_7A_20260817_210857\stimulus_target_cued_Fieldofdreams1_8_v1_7A.mp4,72.25,58.747922113037106,43.59055771331787,6.360457920837402,16.214058639526368,0.014803454373031849,0.0348414375,0.49185036062378434,0.0,0.0,0.021092150241754034,-33.51758287561231,0.0008146028334647011,0.0,0.0,0.0,0.0,0.4999999999999851,0.8660254037844473,0.3333333333333333,0.0,-0.056404775168128155,0.5755596181326937,0.7280990367525367,-0.21718714230749656,-0.08403497104930019,0.29016350043564354
target,C:\Users\hoytb\Desktop\PRAYCGStimulus\Field of dreams\1.8prep\Fieldofdreams1_8_MediaPrep_v1_7A_20260817_210857\stimulus_target_cued_Fieldofdreams1_8_v1_7A.mp4,72.5,59.654247131347624,44.18367317199706,6.198366491317753,16.180722663879376,0.017006525568664103,0.03504548611111114,0.5564860872941396,0.0,0.0,0.018096029648215942,-34.848334017072304,-0.0029961205935380916,0.0,0.0,0.0,0.0,0.8660254037844244,0.5000000000000246,0.3333333333333333,0.0,-0.028597981089283173,0.5345133592817897,0.7246341610447824,-0.07539369179825668,-0.27527764886637557,-1.1119855072618605
target,C:\Users\hoytb\Desktop\PRAYCGStimulus\Field of dreams\1.8prep\Fieldofdreams1_8_MediaPrep_v1_7A_20260817_210857\stimulus_target_cued_Fieldofdreams1_8_v1_7A.mp4,72.75,60.530322415161116,44.55726351165771,6.181859567070006,16.977422463989235,0.017030753055214867,0.035391319444444416,0.5533576659882923,0.0,0.0,0.018914950455266377,-34.463895838255624,0.0008189208070504342,0.0,0.0,0.0,0.0,1.0,1.1268607494065414e-14,0.3333333333333333,0.0,-0.0017192736472459557,0.5303333265218027,0.8074415704635142,-0.07383436910273525,-0.2230058516636124,0.29175229125042634
target,C:\Users\hoytb\Desktop\PRAYCGStimulus\Field of dreams\1.8prep\Fieldofdreams1_8_MediaPrep_v1_7A_20260817_210857\stimulus_target_cued_Fieldofdreams1_8_v1_7A.mp4,73.0,61.22433847656249,44.57622705688477,8.099768057250923,22.047904046630695,0.028023836225271243,0.03512841666666667,1.5868485500027423,0.0,0.0,0.021328873512742708,-33.420641624892845,0.002413923057476331,0.0,0.0,0.0,0.0,0.8660254037844499,-0.49999999999998046,0.3333333333333333,0.0,0.01957370769709898,1.0160034731396994,1.334457448095255,0.6336993672139457,-0.06892490093292002,0.8786305744820575
target,C:\Users\hoytb\Desktop\PRAYCGStimulus\Field of dreams\1.8prep\Fieldofdreams1_8_MediaPrep_v1_7A_20260817_210857\stimulus_target_cued_Fieldofdreams1_8_v1_7A.mp4,73.25,61.92497018432617,44.12465531158447,11.096969817733765,31.340346382141114,0.027462832448631527,0.03551916666666667,2.3411162425070193,0.0,0.0,0.022543661730541224,-32.939510815804404,0.0012147882177985167,0.0,1.0,0.0,0.0,0.5000000000000047,-0.8660254037844359,0.3333333333333333,0.0,0.0410696624917832,1.7749820302030808,2.300295618094118,0.5975921994582386,0.008615152779696772,0.4374110113839873
target,C:\Users\hoytb\Desktop\PRAYCGStimulus\Field of dreams\1.8prep\Fieldofdreams1_8_MediaPrep_v1_7A_20260817_210857\stimulus_target_cued_Fieldofdreams1_8_v1_7A.mp4,73.5,61.94730075378418,43.74031247863769,10.957894496154793,30.63203595581058,0.027368887981772456,0.03608469444444445,2.3002953403365005,0.0,0.0,0.02759399688347882,-31.18370778153329,0.005050335152937596,1.0,0.0,3.0,24.0,1.6658910352223535e-14,-1.0,0.3333333333333333,0.0,0.04175478265732781,1.7397641185206423,2.226675226246874,0.5915457720261121,0.3309785518379915,1.8486937854037147
target,C:\Users\hoytb\Desktop\PRAYCGStimulus\Field of dreams\1.8prep\Fieldofdreams1_8_MediaPrep_v1_7A_20260817_210857\stimulus_target_cued_Fieldofdreams1_8_v1_7A.mp4,73.75,62.38039879608153,44.09573336791991,9.515524072647151,25.70418660736102,0.020550942230969933,0.036343090277777754,1.593385802755612,0.0,0.0,0.031941668151939495,-29.912848131703655,0.004347671268460675,1.0,0.0,3.0,24.0,-0.4999999999999758,-0.8660254037844526,0.3333333333333333,0.0,0.055042585415507064,1.3745140251774535,1.7144842623547984,0.1527310594976514,0.6084908447150003,1.5901498403399559
target,C:\Users\hoytb\Desktop\PRAYCGStimulus\Field of dreams\1.8prep\Fieldofdreams1_8_MediaPrep_v1_7A_20260817_210857\stimulus_target_cued_Fieldofdreams1_8_v1_7A.mp4,74.0,62.13768787841798,43.962429217529305,5.958376141357475,17.47455640869152,0.012390913563966845,0.03554661111111113,0.2699482604481669,0.0,0.0,0.033657400610247974,-29.458388559707256,0.001715732458308479,1.0,0.0,3.0,24.0,-0.8660254037844333,-0.5000000000000093,0.3333333333333333,0.0,0.04759601561790983,0.47374083074415674,0.8591126943789897,-0.37246241733713836,0.7180062195140873,0.621732566909541
target,C:\Users\hoytb\Desktop\PRAYCGStimulus\Field of dreams\1.8prep\Fieldofdreams1_8_MediaPrep_v1_7A_20260817_210857\stimulus_target_cued_Fieldofdreams1_8_v1_7A.mp4,74.25,62.07384936065674,43.971440182495115,3.9854866481781013,9.738421884155276,0.009322832454368483,0.035014673611111116,-0.3933343403441691,0.0,0.0,0.034704981769441194,-29.192163587686764,0.00104758115919322,0.0,0.0,0.0,0.0,-1.0,-2.2049213210381653e-14,0.3333333333333333,0.0,0.0456373975925633,-0.025852103078744366,0.055034095635369595,-0.5699293933634486,0.7848734299150696,0.37588746715557975
target,C:\Users\hoytb\Desktop\PRAYCGStimulus\Field of dreams\1.8prep\Fieldofdreams1_8_MediaPrep_v1_7A_20260817_210857\stimulus_target_cued_Fieldofdreams1_8_v1_7A.mp4,74.5,61.85113065795898,44.29565511169434,4.876832038879402,12.429373150634792,0.015477608495205651,0.037432152777777776,0.137722233883102,0.0,0.0,0.037284564385962934,-28.56941853219257,0.0025795826165217403,0.0,0.0,0.0,0.0,-0.866025403784441,0.4999999999999958,0.3333333333333333,0.0,0.038804205328966175,0.19986244420304583,0.3347262748206751,-0.17379742374208373,0.9495284469053673,0.9395847189589814
target,C:\Users\hoytb\Desktop\PRAYCGStimulus\Field of dreams\1.8prep\Fieldofdreams1_8_MediaPrep_v1_7A_20260817_210857\stimulus_target_cued_Fieldofdreams1_8_v1_7A.mp4,74.75,62.64671196899412,45.04259035339353,6.54256101627351,17.921040959930476,0.018622374752908906,0.0366717638888889,0.724636906710899,0.0,0.0,0.03554731540679833,-28.983863846703272,-0.0017372489791646073,0.0,0.0,0.0,0.0,-0.500000000000014,0.8660254037844306,0.3333333333333333,0.0,0.06321329174056083,0.6216734121498861,0.9055194200095029,0.028605140282545554,0.8386396704232146,-0.6487859025871541
target,C:\Users\hoytb\Desktop\PRAYCGStimulus\Field of dreams\1.8prep\Fieldofdreams1_8_MediaPrep_v1_7A_20260817_210857\stimulus_target_cued_Fieldofdreams1_8_v1_7A.mp4,75.0,63.59810882568358,45.92063369750976,6.165227756500248,15.602312850952178,0.017540275529027025,0.036347222222222225,0.5737445974780622,0.0,0.0,0.03136939196262497,-30.06987798396775,-0.004177923444173358,0.0,0.0,0.0,0.0,-2.7439516068539772e-14,1.0,0.3333333333333333,0.0,0.09240292674648799,0.5261216689170263,0.6645153833266634,-0.04104062652325601,0.5719623981860105,-1.5468277953613756
target,C:\Users\hoytb\Desktop\PRAYCGStimulus\Field of dreams\1.8prep\Fieldofdreams1_8_MediaPrep_v1_7A_20260817_210857\stimulus_target_cued_Fieldofdreams1_8_v1_7A.mp4,75.25,64.04679693450927,46.35700834350586,5.902167675781249,15.817676042175297,0.013790029287710774,0.03548378472222222,0.32318162635721037,0.0,0.0,0.03407847516765542,-29.350396916988274,0.002709083205030452,0.0,0.0,0.0,0.0,0.4999999999999911,0.8660254037844438,0.3333333333333333,0.0,0.10616904551809601,0.45950721435560954,0.6868998096148065,-0.2824129234648126,0.744883450721976,0.9872342335858008
target,C:\Users\hoytb\Desktop\PRAYCGStimulus\Field of dreams\1.8prep\Fieldofdreams1_8_MediaPrep_v1_7A_20260817_210857\stimulus_target_cued_Fieldofdreams1_8_v1_7A.mp4,75.5,64.11138482666016,46.43414249267578,3.2740420259475203,8.295874028015026,0.012402466080337906,0.03581688888888887,-0.42940340779821284,0.0,0.0,0.03521185787970782,-29.066221193539388,0.0011333827120523984,0.0,0.0,0.0,0.0,0.8660254037844278,0.5000000000000187,0.3333333333333333,0.0,0.10815065496365026,-0.20601054951048567,-0.09490148977967318,-0.37171887751801463,0.817227382842719,0.4074579981859635
target,C:\Users\hoytb\Desktop\PRAYCGStimulus\Field of dreams\1.8prep\Fieldofdreams1_8_MediaPrep_v1_7A_20260817_210857\stimulus_target_cued_Fieldofdreams1_8_v1_7A.mp4,75.75,64.0248766204834,46.45228919219971,3.9503371203422994,9.396979454422143,0.012437331844865906,0.03644478472222221,-0.2513747011185621,0.0,0.0,0.034944919531556796,-29.132319104722747,-0.0002669383481510232,0.0,0.0,0.0,0.0,1.0,4.408109496293883e-15,0.3333333333333333,0.0,0.10549651232531557,-0.03475298465102074,0.019545241404529675,-0.36947485695850246,0.8001886813223026,-0.10778768222974763
target,C:\Users\hoytb\Desktop\PRAYCGStimulus\Field of dreams\1.8prep\Fieldofdreams1_8_MediaPrep_v1_7A_20260817_210857\stimulus_target_cued_Fieldofdreams1_8_v1_7A.mp4,76.0,64.11124224853515,46.47538175048828,2.36094482688905,4.925700074768086,0.015913500934839418,0.03641780555555557,-0.49711845479857775,0.0,0.0,0.03760969725412515,-28.494003249636442,0.0026647777225683525,0.0,0.0,0.0,0.0,0.8660254037844465,-0.4999999999999864,0.3333333333333333,0.0,0.10814628054996626,-0.43723328657719845,-0.44519073840303464,-0.14574263677509938,0.9702817104715247,0.9709321089473164
target,C:\Users\hoytb\Desktop\PRAYCGStimulus\Field of dreams\1.8prep\Fieldofdreams1_8_MediaPrep_v1_7A_20260817_210857\stimulus_target_cued_Fieldofdreams1_8_v1_7A.mp4,76.25,63.88496856689453,46.28172567749023,1.8731379747390753,3.9999972076416017,0.010130760898813623,0.03725277777777779,-0.9049042855738056,0.0,0.0,0.04044009745126133,-27.863756130399985,0.002830400197136179,0.0,1.0,0.0,0.0,0.5000000000000233,-0.8660254037844252,0.3333333333333333,0.0,0.10120401861994509,-0.5607601527534596,-0.5414064727457147,-0.5179297293809317,1.1509464387744308,1.0318726082556944
target,C:\Users\hoytb\Desktop\PRAYCGStimulus\Field of dreams\1.8prep\Fieldofdreams1_8_MediaPrep_v1_7A_20260817_210857\stimulus_target_cued_Fieldofdreams1_8_v1_7A.mp4,76.5,63.671196603393554,46.2594482055664,1.5715944477081436,4.0,0.011200928977131852,0.03796886111111111,-0.931600978483569,0.0,0.0,0.042053093801357494,-27.52404096195095,0.0016129963500961658,1.0,0.0,5.0,25.0,9.798412354452001e-15,-1.0,0.3333333333333333,0.0,0.09464531964462301,-0.6371197338985305,-0.5414061825134778,-0.4490518716201725,1.2539041574880443,0.5839309959102262
target,C:\Users\hoytb\Desktop\PRAYCGStimulus\Field of dreams\1.8prep\Fieldofdreams1_8_MediaPrep_v1_7A_20260817_210857\stimulus_target_cued_Fieldofdreams1_8_v1_7A.mp4,76.75,64.06460942077636,45.89733512268067,3.5129979315757502,9.100641978454503,0.017826796589791718,0.03791489583333326,-0.10389394197976125,0.0,0.0,0.04533173255882275,-26.87195364141993,0.0032786387574652576,1.0,0.0,5.0,25.0,-0.49999999999998174,-0.8660254037844491,0.3333333333333333,0.0,0.10671554718985228,-0.14549997232923162,-0.01125549269278297,-0.022599638356401032,1.46317999802825,1.1968012011112248
target,C:\Users\hoytb\Desktop\PRAYCGStimulus\Field of dreams\1.8prep\Fieldofdreams1_8_MediaPrep_v1_7A_20260817_210857\stimulus_target_cued_Fieldofdreams1_8_v1_7A.mp4,77.0,64.41707260742187,45.66318820800781,4.425237752532957,12.14227561187744,0.020833109486103014,0.040208833333333346,0.27983810491848804,0.0,0.0,0.049576698305316164,-26.094447992305547,0.004244965746493412,1.0,0.0,5.0,25.0,-0.8660254037844367,-0.5000000000000034,0.3333333333333333,0.0,0.11752940651561046,0.0855056516946642,0.3048859216139692,0.1708918292473364,1.7341365871428729,1.552359523495913
target,C:\Users\hoytb\Desktop\PRAYCGStimulus\Field of dreams\1.8prep\Fieldofdreams1_8_MediaPrep_v1_7A_20260817_210857\stimulus_target_cued_Fieldofdreams1_8_v1_7A.mp4,77.25,64.66655228881835,45.68970257873535,4.346717382431027,11.187266774749741,0.019325874348357242,0.03903254166666666,0.18622932846618934,0.0,0.0,0.050685260770435156,-25.902366295096453,0.0011085624651189924,0.0,0.0,0.0,0.0,-1.0,-1.5188715212610122e-14,0.3333333333333333,0.0,0.1251836475299206,0.06562201290004245,0.2056241824198142,0.07388358396981207,1.8048962404138718,0.3983254318176258
target,C:\Users\hoytb\Desktop\PRAYCGStimulus\Field of dreams\1.8prep\Fieldofdreams1_8_MediaPrep_v1_7A_20260817_210857\stimulus_target_cued_Fieldofdreams1_8_v1_7A.mp4,77.5,64.68507528686523,45.60557244873047,3.273175307273888,8.040092475891168,0.01100826323032385,0.038985,-0.4972801481410822,0.0,0.0,0.04306701383363891,-27.31710480301058,-0.007618246936796247,0.0,0.0,0.0,0.0,-0.8660254037844519,0.4999999999999771,0.3333333333333333,0.0,0.12575194828517555,-0.20623002785757813,-0.12148692096160438,-0.46145217038900377,1.31862277478405,-2.8126887962300855
target,C:\Users\hoytb\Desktop\PRAYCGStimulus\Field of dreams\1.8prep\Fieldofdreams1_8_MediaPrep_v1_7A_20260817_210857\stimulus_target_cued_Fieldofdreams1_8_v1_7A.mp4,77.75,64.66733362121582,45.52214659881592,1.572570350742379,3.6793956054688524,0.008003407412208674,0.038301729166666694,-1.0864995111965627,0.0,0.0,0.03161059513897309,-30.003346550419316,-0.01145641869466582,0.0,0.0,0.0,0.0,-0.5000000000000081,0.866025403784434,0.3333333333333333,0.0,0.1252076194479903,-0.636872606899433,-0.5747291723720475,-0.6548498579344756,0.5873584211105504,-4.224937369174202
target,C:\Users\hoytb\Desktop\PRAYCGStimulus\Field of dreams\1.8prep\Fieldofdreams1_8_MediaPrep_v1_7A_20260817_210857\stimulus_target_cued_Fieldofdreams1_8_v1_7A.mp4,78.0,64.0403997680666,45.11263110351573,2.702751328658633,5.767378437804304,0.018212665604052082,0.03914858333333271,-0.29643384504964587,0.0,0.0,0.025383092000419546,-31.90910952239657,-0.0062275031385535425,0.0,0.0,0.0,0.0,-2.057901807076824e-14,1.0,0.3333333333333333,0.0,0.10597277521068363,-0.3506779505539847,-0.3577083456658742,0.002235554934242472,0.1898562715309095,-2.300967052571244
target,C:\Users\hoytb\Desktop\PRAYCGStimulus\Field of dreams\1.8prep\Fieldofdreams1_8_MediaPrep_v1_7A_20260817_210857\stimulus_target_cued_Fieldofdreams1_8_v1_7A.mp4,78.25,41.538079638671874,33.129180409240725,39.181557925176946,80.65237600317067,0.2632455420058242,0.10968481249999998,21.104739422311177,1.0,1.0,0.02355422247788031,-32.55862454361158,-0.0018288695225392344,0.0,0.0,0.0,0.0,0.4999999999999724,0.8660254037844546,0.3333333333333333,0.0,-0.5844168416408166,8.886815620636023,7.42569093705133,15.772972833917295,0.07311934658109853,-0.682497520981481
target,C:\Users\hoytb\Desktop\PRAYCGStimulus\Field of dreams\1.8prep\Fieldofdreams1_8_MediaPrep_v1_7A_20260817_210857\stimulus_target_cued_Fieldofdreams1_8_v1_7A.mp4,78.5,41.57116396789551,33.149854089355465,0.9900736884594172,2.464645036125222,0.008137387990020544,0.11149038888888889,-1.2318783386823515,0.0,0.0,0.027310130238251018,-31.27352457497672,0.0037559077603707067,0.0,0.0,0.0,0.0,0.8660254037844313,0.5000000000000128,0.3333333333333333,0.0,-0.5834017873155226,-0.7843776838224282,-0.700987956073769,-0.6462266375561098,0.3128593154182695,1.372411494444686
target,C:\Users\hoytb\Desktop\PRAYCGStimulus\Field of dreams\1.8prep\Fieldofdreams1_8_MediaPrep_v1_7A_20260817_210857\stimulus_target_cued_Fieldofdreams1_8_v1_7A.mp4,78.75,41.604184310913084,33.25422315216064,0.9693724819421663,2.419071311950664,0.00864326306199635,0.11284944444444439,-1.2127294423844281,0.0,0.0,0.03195528915002055,-29.90914496670562,0.004645158911769531,0.0,0.0,0.0,0.0,1.0,2.596932092892636e-14,0.3333333333333333,0.0,-0.5823886961394518,-0.7896198307005894,-0.7057247992811333,-0.6136676480308193,0.6093602743878846,1.6996098974283436
target,C:\Users\hoytb\Desktop\PRAYCGStimulus\Field of dreams\1.8prep\Fieldofdreams1_8_MediaPrep_v1_7A_20260817_210857\stimulus_target_cued_Fieldofdreams1_8_v1_7A.mp4,79.0,41.595776062011716,33.29477493896484,0.8634060776710533,2.1281667053222706,0.005445639918744618,0.11315019444444445,-1.3955169994458876,0.0,0.0,0.03578058835550431,-28.92705044816085,0.0038252992054837592,0.0,0.0,0.0,0.0,0.866025403784443,-0.49999999999999234,0.3333333333333333,0.0,-0.5826466681042993,-0.8164536026779312,-0.7359608516305262,-0.8194721721010203,0.8535295061224297,1.3979439550841841
target,C:\Users\hoytb\Desktop\PRAYCGStimulus\Field of dreams\1.8prep\Fieldofdreams1_8_MediaPrep_v1_7A_20260817_210857\stimulus_target_cued_Fieldofdreams1_8_v1_7A.mp4,79.25,41.61507288208008,33.28847585906983,1.838956904172899,4.994262867164609,0.005554513485729718,0.11139670833333336,-1.1358693974493443,0.0,0.0,0.03115051689179993,-30.130694850511475,-0.00463007146370438,0.0,1.0,0.0,0.0,0.5000000000000174,-0.8660254037844286,0.3333333333333333,0.0,-0.5820546258554626,-0.5694157928105436,-0.43806445668426486,-0.8124648821129925,0.557991580475181,-1.7131948668799852
target,C:\Users\hoytb\Desktop\PRAYCGStimulus\Field of dreams\1.8prep\Fieldofdreams1_8_MediaPrep_v1_7A_20260817_210857\stimulus_target_cued_Fieldofdreams1_8_v1_7A.mp4,79.5,41.72349950866698,33.33807875976562,1.7269705155849995,4.116166331863512,0.007353092638030787,0.11262591666666667,-1.0777964251519658,0.0,0.0,0.023539927838218486,-32.56389745608554,-0.007610589053581442,1.0,0.0,3.0,26.0,3.1359623787084476e-14,-1.0,0.3333333333333333,0.0,-0.5787280081220295,-0.5977739997026583,-0.5293320825802688,-0.6967052350691925,0.07220691829858761,-2.8098710915195797
target,C:\Users\hoytb\Desktop\PRAYCGStimulus\Field of dreams\1.8prep\Fieldofdreams1_8_MediaPrep_v1_7A_20260817_210857\stimulus_target_cued_Fieldofdreams1_8_v1_7A.mp4,79.75,41.811074426269535,33.343691537475586,0.9744429281949838,2.4719347814559676,0.0040371220779605544,0.11367624999999994,-1.4349106515566792,0.0,0.0,0.02460091507902319,-32.18097476296236,0.001060987240804702,1.0,0.0,3.0,26.0,-0.4999999999999877,-0.8660254037844457,0.3333333333333333,0.0,-0.5760411379032361,-0.7883358464085172,-0.7002302742893903,-0.9101268023937464,0.13992984023265817,0.38082021139397115
target,C:\Users\hoytb\Desktop\PRAYCGStimulus\Field of dreams\1.8prep\Fieldofdreams1_8_MediaPrep_v1_7A_20260817_210857\stimulus_target_cued_Fieldofdreams1_8_v1_7A.mp4,80.0,41.83633575439453,33.33928274536133,1.1943410940170305,3.050376739501954,0.004406943716108788,0.11527375,-1.3596296746989445,0.0,0.0,0.026028045994871723,-31.6911686893433,0.0014271309158485346,1.0,0.0,3.0,26.0,-0.8660254037844259,-0.5000000000000221,0.3333333333333333,0.0,-0.5752660996607307,-0.7326512425900495,-0.640108155470882,-0.8863244458244355,0.23102374964706876,0.515542135058008
target,C:\Users\hoytb\Desktop\PRAYCGStimulus\Field of dreams\1.8prep\Fieldofdreams1_8_MediaPrep_v1_7A_20260817_210857\stimulus_target_cued_Fieldofdreams1_8_v1_7A.mp4,80.25,41.79081858215332,33.29590560455322,1.5905245802879409,3.9880294586181786,0.0050604443669319136,0.1132941458333333,-1.2246192064642094,0.0,0.0,0.021649454292983844,-33.29106092394761,-0.004378591701887879,0.0,0.0,0.0,0.0,-1.0,-8.32821721483859e-15,0.3333333333333333,0.0,-0.5766626037955521,-0.6323260743925657,-0.5426503770281892,-0.8442640201904594,-0.048462197595066925,-1.620663329170268
target,C:\Users\hoytb\Desktop\PRAYCGStimulus\Field of dreams\1.8prep\Fieldofdreams1_8_MediaPrep_v1_7A_20260817_210857\stimulus_target_cued_Fieldofdreams1_8_v1_7A.mp4,80.5,41.830854431152346,33.30804501037598,1.0242645853996428,2.4879453273773495,0.006014042437821705,0.11219706944444446,-1.3259942816269994,0.0,0.0,0.01901210367961173,-34.41939651978335,-0.0026373506133721136,0.0,0.0,0.0,0.0,-0.8660254037844485,0.499999999999983,0.3333333333333333,0.0,-0.5754342711484375,-0.7757195554419701,-0.6985661696530562,-0.7828888085593103,-0.21680455161499593,-0.9799767217077127
target,C:\Users\hoytb\Desktop\PRAYCGStimulus\Field of dreams\1.8prep\Fieldofdreams1_8_MediaPrep_v1_7A_20260817_210857\stimulus_target_cued_Fieldofdreams1_8_v1_7A.mp4,80.75,41.74021556243896,33.28168823242188,0.8547810514449858,2.2004933563231934,0.004500855594128321,0.1120375694444444,-1.4436095519023506,0.0,0.0,0.022770884910704302,-32.8524018340717,0.0037587812310925714,0.0,0.0,0.0,0.0,-0.5000000000000268,0.8660254037844233,0.3333333333333333,0.0,-0.578215145897488,-0.8186377098828594,-0.728443361855214,-0.8802801158660607,0.023118831146388737,1.373468782961811
target,C:\Users\hoytb\Desktop\PRAYCGStimulus\Field of dreams\1.8prep\Fieldofdreams1_8_MediaPrep_v1_7A_20260817_210857\stimulus_target_cued_Fieldofdreams1_8_v1_7A.mp4,81.0,41.709362109375,33.2495458190918,1.5164321611404432,3.856543659591676,0.0063408608898520465,0.11264930555555557,-1.181808523973854,0.0,0.0,0.028186698923780684,-30.99911566788109,0.005415814013076382,0.0,0.0,0.0,0.0,-1.371852007299671e-14,1.0,0.3333333333333333,0.0,-0.5791617551145327,-0.6510884273697118,-0.556316752231541,-0.7618542109959885,0.3688107824829932,1.983171091588349
target,C:\Users\hoytb\Desktop\PRAYCGStimulus\Field of dreams\1.8prep\Fieldofdreams1_8_MediaPrep_v1_7A_20260817_210857\stimulus_target_cued_Fieldofdreams1_8_v1_7A.mp4,81.25,41.61609756469727,33.25558319091797,1.234725145101551,3.169028789997123,0.007017530845478148,0.11309774305555548,-1.2224267191321492,0.0,0.0,0.030515785503779383,-30.309508928369937,0.0023290865799986994,0.0,0.0,0.0,0.0,0.49999999999997835,0.8660254037844511,0.3333333333333333,0.0,-0.5820231877532843,-0.7224248276637597,-0.6277756948346792,-0.7183025690634076,0.5174766123522683,0.8474151412472788
target,C:\Users\hoytb\Desktop\PRAYCGStimulus\Field of dreams\1.8prep\Fieldofdreams1_8_MediaPrep_v1_7A_20260817_210857\stimulus_target_cued_Fieldofdreams1_8_v1_7A.mp4,81.5,41.54433415527344,33.222498934936525,1.1369812129974386,2.856595046043396,0.008750474660098493,0.11083138888888905,-1.1638249906030216,0.0,0.0,0.02528893577640722,-31.941388929699016,-0.005226849727372161,0.0,0.0,0.0,0.0,0.8660254037844347,0.5000000000000068,0.3333333333333333,0.0,-0.5842249479473968,-0.7471764308184734,-0.6602494433510412,-0.606767325217988,0.18384627031397005,-1.9327783833031007
target,C:\Users\hoytb\Desktop\PRAYCGStimulus\Field of dreams\1.8prep\Fieldofdreams1_8_MediaPrep_v1_7A_20260817_210857\stimulus_target_cued_Fieldofdreams1_8_v1_7A.mp4,81.75,41.58135298614502,33.22471578369141,0.6354150276899244,1.93323569450377,0.003908155655208925,0.11053086111111109,-1.5295664776648101,0.0,0.0,0.0206700140476136,-33.693184563987096,-0.004618921728793621,0.0,0.0,0.0,0.0,1.0,1.9108822931154828e-14,0.3333333333333333,0.0,-0.5830891798881584,-0.8741875598707783,-0.7562215972953662,-0.9184273031301917,-0.11097996663627399,-1.7090923414564838
target,C:\Users\hoytb\Desktop\PRAYCGStimulus\Field of dreams\1.8prep\Fieldofdreams1_8_MediaPrep_v1_7A_20260817_210857\stimulus_target_cued_Fieldofdreams1_8_v1_7A.mp4,82.0,41.54014228515625,33.16862814331055,1.0658207592010502,2.5541649139404305,0.005893279010429984,0.11175427777777777,-1.3210187316701194,0.0,0.0,0.02133933210264226,-33.41638355225341,0.0006693180550286573,0.0,0.0,0.0,0.0,0.8660254037844538,-0.4999999999999737,0.3333333333333333,0.0,-0.5843535579568294,-0.7651963249925839,-0.691683436137481,-0.7906613504086807,-0.06825732809126121,0.23670622078261108
target,C:\Users\hoytb\Desktop\PRAYCGStimulus\Field of dreams\1.8prep\Fieldofdreams1_8_MediaPrep_v1_7A_20260817_210857\stimulus_target_cued_Fieldofdreams1_8_v1_7A.mp4,82.25,41.54826135864258,33.16212629089355,1.2555893261432536,2.9670817756652603,0.0057605742557905034,0.11297124999999995,-1.277977767879557,0.0,0.0,0.02445564145294861,-32.232418829205834,0.003116309350306351,0.0,1.0,0.0,0.0,0.5000000000000114,-0.866025403784432,0.3333333333333333,0.0,-0.5841044581306256,-0.7171414109014563,-0.6487656700980884,-0.7992024566137907,0.13065701011806963,1.1370723801857439
target,C:\Users\hoytb\Desktop\PRAYCGStimulus\Field of dreams\1.8prep\Fieldofdreams1_8_MediaPrep_v1_7A_20260817_210857\stimulus_target_cued_Fieldofdreams1_8_v1_7A.mp4,82.5,41.50074961853027,33.15780877685547,1.1746212944984797,2.821541687011792,0.006063329659402517,0.11363868055555565,-1.284398773506901,0.0,0.0,0.02538450414342131,-31.90862631187644,0.0009288626904727024,1.0,0.0,2.0,27.0,2.4499125789312947e-14,-1.0,0.3333333333333333,0.0,-0.5855621572418045,-0.7376448687054156,-0.6638928205081982,-0.7797165982250223,0.1899464087602656,0.33220521461206054
target,C:\Users\hoytb\Desktop\PRAYCGStimulus\Field of dreams\1.8prep\Fieldofdreams1_8_MediaPrep_v1_7A_20260817_210857\stimulus_target_cued_Fieldofdreams1_8_v1_7A.mp4,82.75,41.444616458129886,33.150656182861326,0.8265026225566852,2.1127161285400367,0.005848709851875869,0.11244743055555556,-1.3855810736363297,0.0,0.0,0.02622774171227969,-31.62478203697922,0.0008432375688583772,1.0,0.0,2.0,27.0,-0.4999999999999936,-0.8660254037844423,0.3333333333333333,0.0,-0.5872843685906184,-0.8257986295902484,-0.7375667541764859,-0.7935298980934812,0.24377034730674532,0.30069960114907224
target,C:\Users\hoytb\Desktop\PRAYCGStimulus\Field of dreams\1.8prep\Fieldofdreams1_8_MediaPrep_v1_7A_20260817_210857\stimulus_target_cued_Fieldofdreams1_8_v1_7A.mp4,83.0,29.55257842102051,30.87588601989746,35.0850314178467,80.22787695312505,0.17771512809544812,0.031125944444444442,15.886429776804693,0.0,0.0,0.02331109435889773,-32.64874675326197,-0.0029166473533819605,1.0,0.0,2.0,27.0,-0.8660254037844294,-0.5000000000000161,0.3333333333333333,0.0,-0.9521418382565361,7.849456101334085,7.3815693411501595,10.268088318210475,0.057600454375244296,-1.0827434678018966
target,C:\Users\hoytb\Desktop\PRAYCGStimulus\Field of dreams\1.8prep\Fieldofdreams1_8_MediaPrep_v1_7A_20260817_210857\stimulus_target_cued_Fieldofdreams1_8_v1_7A.mp4,83.25,29.4448705657959,30.809693910217284,2.1694394309043887,4.955791734313964,0.008868526578694585,0.029611236111111112,-0.8888940174269839,0.0,0.0,0.019579096249985682,-34.16414717228002,-0.0037319981089120463,0.0,0.0,0.0,0.0,-1.0,-2.988942864747106e-14,0.3333333333333333,0.0,-0.9554464034957124,-0.4857280162382655,-0.4420630705264254,-0.5991693007373621,-0.1806133590126136,-1.3827503496162252
target,C:\Users\hoytb\Desktop\PRAYCGStimulus\Field of dreams\1.8prep\Fieldofdreams1_8_MediaPrep_v1_7A_20260817_210857\stimulus_target_cued_Fieldofdreams1_8_v1_7A.mp4,83.5,29.67225173797607,30.727605278015137,2.101777165031449,4.46826344299319,0.008523439491540304,0.030145263888888867,-0.9232808732260295,0.0,0.0,0.02703775787522776,-31.360586507829193,0.007458661625242079,0.0,0.0,0.0,0.0,-0.866025403784445,0.49999999999998895,0.3333333333333333,0.0,-0.9484701628486137,-0.5028620676047673,-0.4927358017321407,-0.62137969907165,0.29547376018385196,2.7348332909435604
target,C:\Users\hoytb\Desktop\PRAYCGStimulus\Field of dreams\1.8prep\Fieldofdreams1_8_MediaPrep_v1_7A_20260817_210857\stimulus_target_cued_Fieldofdreams1_8_v1_7A.mp4,83.75,29.90710282516479,30.663859817504886,2.785731693267796,6.388964307784969,0.010144266344606778,0.03122697916666665,-0.666299632259599,0.0,0.0,0.03361427218542737,-29.469525752347195,0.006576514310199608,0.0,0.0,0.0,0.0,-0.5000000000000208,0.8660254037844266,0.3333333333333333,0.0,-0.9412647390892397,-0.32966491158342515,-0.2931019335426505,-0.5170604956659826,0.7152533278345888,2.4102487320996597
target,C:\Users\hoytb\Desktop\PRAYCGStimulus\Field of dreams\1.8prep\Fieldofdreams1_8_MediaPrep_v1_7A_20260817_210857\stimulus_target_cued_Fieldofdreams1_8_v1_7A.mp4,84.0,30.521630300903322,30.6838421081543,4.335291674041749,11.644167985534672,0.018085418510437018,0.03186033333333333,0.12305969072301964,0.0,0.0,0.028557540280107922,-30.885584038999532,-0.005056731905319446,0.0,0.0,0.0,0.0,-6.858022075225178e-15,1.0,0.3333333333333333,0.0,-0.9224105326749584,0.06272869160914472,0.2531135951448643,-0.005954286822448528,0.39248162343054926,-1.870183828764546
target,C:\Users\hoytb\Desktop\PRAYCGStimulus\Field of dreams\1.8prep\Fieldofdreams1_8_MediaPrep_v1_7A_20260817_210857\stimulus_target_cued_Fieldofdreams1_8_v1_7A.mp4,84.25,30.928888691711432,30.801194483947757,5.120881455421458,15.181601287460376,0.013464167373627312,0.028954034722222168,0.10365760011607533,0.0,0.0,0.02111500677049247,-33.50817549925332,-0.007442533509615452,0.0,0.0,0.0,0.0,0.4999999999999843,0.8660254037844477,0.3333333333333333,0.0,-0.9099155115938975,0.2616628463185876,0.6207874513246013,-0.3033859566010292,-0.0825760365287842,-2.7480353485894473
target,C:\Users\hoytb\Desktop\PRAYCGStimulus\Field of dreams\1.8prep\Fieldofdreams1_8_MediaPrep_v1_7A_20260817_210857\stimulus_target_cued_Fieldofdreams1_8_v1_7A.mp4,84.5,31.378005271911604,30.82859834747314,5.527230901718132,16.286078958129835,0.018175762955844495,0.029467041666666617,0.4382292334594244,0.0,0.0,0.017296368645987093,-35.24090133871483,-0.0038186381245053774,0.0,0.0,0.0,0.0,0.8660254037844239,0.5000000000000254,0.3333333333333333,0.0,-0.8961362469694903,0.3645623309245453,0.7355846869412809,-0.00013956296147340063,-0.3263200907967715,-1.41462939154046
target,C:\Users\hoytb\Desktop\PRAYCGStimulus\Field of dreams\1.8prep\Fieldofdreams1_8_MediaPrep_v1_7A_20260817_210857\stimulus_target_cued_Fieldofdreams1_8_v1_7A.mp4,84.75,31.86604228134155,30.80325629653931,5.888729645919794,17.49829849243164,0.018680537254363194,0.03118965277777776,0.5569793830505037,0.0,0.0,0.015574856901586703,-36.15151869652508,-0.0017215117444003905,0.0,0.0,0.0,0.0,1.0,1.2248324933383297e-14,0.3333333333333333,0.0,-0.8811628716903096,0.45610431480827346,0.8615803998415127,0.03234857889124899,-0.43620435800642166,-0.642995414630933
target,C:\Users\hoytb\Desktop\PRAYCGStimulus\Field of dreams\1.8prep\Fieldofdreams1_8_MediaPrep_v1_7A_20260817_210857\stimulus_target_cued_Fieldofdreams1_8_v1_7A.mp4,85.0,32.08168270874023,30.502122360229492,5.3633441696166955,14.849037292480457,0.01833416064083574,0.03132069444444444,0.4031833844355736,0.0,0.0,0.016971523956170496,-35.40558316958793,0.001396667054583793,0.0,0.0,0.0,0.0,0.8660254037844504,-0.4999999999999796,0.3333333333333333,0.0,-0.8745468467118456,0.3230614493048366,0.5862214041303712,0.01005518442213925,-0.3470549599102411,0.5043330106853722
target,C:\Users\hoytb\Desktop\PRAYCGStimulus\Field of dreams\1.8prep\Fieldofdreams1_8_MediaPrep_v1_7A_20260817_210857\stimulus_target_cued_Fieldofdreams1_8_v1_7A.mp4,85.25,32.072874909973144,30.229351729583747,4.03044286012653,10.164684215164305,0.010683368630334924,0.03213840277777773,-0.31559532707384275,0.0,0.0,0.018765411165734186,-34.53283830741873,0.0017938872095636903,0.0,1.0,0.0,0.0,0.5000000000000056,-0.8660254037844355,0.3333333333333333,0.0,-0.8748170771939091,-0.014467884196476963,0.09933896348996216,-0.48236294552672154,-0.232550959504291,0.6504894706887088
target,C:\Users\hoytb\Desktop\PRAYCGStimulus\Field of dreams\1.8prep\Fieldofdreams1_8_MediaPrep_v1_7A_20260817_210857\stimulus_target_cued_Fieldofdreams1_8_v1_7A.mp4,85.5,31.59466346588136,30.030141909790043,5.561633760642952,14.305733798217624,0.010750875288993081,0.03342738888888886,0.08692240902210169,0.0,0.0,0.019319828041812672,-34.27993486730277,0.0005544168760784861,1.0,0.0,9.0,28.0,1.7638627791541416e-14,-1.0,0.3333333333333333,0.0,-0.8894889960788089,0.3732741342371821,0.5297515080894204,-0.4780181008923462,-0.19716247472937756,0.1944285333213169
target,C:\Users\hoytb\Desktop\PRAYCGStimulus\Field of dreams\1.8prep\Fieldofdreams1_8_MediaPrep_v1_7A_20260817_210857\stimulus_target_cued_Fieldofdreams1_8_v1_7A.mp4,85.75,30.481385292053226,29.71733847503662,5.509139890098578,15.901977811050427,0.016352706708014097,0.03128396527777778,0.34505223116236927,0.0,0.0,0.022767111681263014,-32.853841241029954,0.0034472836394503423,1.0,0.0,9.0,28.0,-0.49999999999997496,-0.8660254037844531,0.3333333333333333,0.0,-0.9236452825176606,0.3599811612229055,0.6956619695764427,-0.11747459796387812,0.02287798553292232,1.2588537899328265
target,C:\Users\hoytb\Desktop\PRAYCGStimulus\Field of dreams\1.8prep\Fieldofdreams1_8_MediaPrep_v1_7A_20260817_210857\stimulus_target_cued_Fieldofdreams1_8_v1_7A.mp4,86.0,30.095630792236324,29.75603536682129,4.834294203948971,14.27937998199462,0.01053300421237945,0.031089138888888885,-0.11329555758737972,0.0,0.0,0.022248565240045017,-33.05395980870637,-0.0005185464412179978,1.0,0.0,9.0,28.0,-0.8660254037844327,-0.5000000000000102,0.3333333333333333,0.0,-0.935480546605804,0.18909062863768408,0.5270123442921866,-0.4920406580300623,-0.010220885789188828,-0.20036643919821057
target,C:\Users\hoytb\Desktop\PRAYCGStimulus\Field of dreams\1.8prep\Fieldofdreams1_8_MediaPrep_v1_7A_20260817_210857\stimulus_target_cued_Fieldofdreams1_8_v1_7A.mp4,86.25,29.73923504638672,29.535543754577642,3.5248505949974325,9.211274111747855,0.01077783828042444,0.03043458333333333,-0.4428393164822877,0.0,0.0,0.016851556462634018,-35.467199602262944,-0.0053970087774109984,0.0,0.0,0.0,0.0,-1.0,-2.3028930649699535e-14,0.3333333333333333,0.0,-0.9464150600697377,-0.14249853362071535,0.00024339353164817932,-0.47628271639878866,-0.3547124970482325,-1.9953881076069084
target,C:\Users\hoytb\Desktop\PRAYCGStimulus\Field of dreams\1.8prep\Fieldofdreams1_8_MediaPrep_v1_7A_20260817_210857\stimulus_target_cued_Fieldofdreams1_8_v1_7A.mp4,86.5,29.67284959564209,29.3639215713501,1.9891430945396764,4.342124321746911,0.005316098868102067,0.030493583333333334,-1.1082784752045334,0.0,0.0,0.014810021019582415,-36.5888865012619,-0.002041535443051603,0.0,0.0,0.0,0.0,-0.8660254037844416,0.4999999999999949,0.3333333333333333,0.0,-0.9484518200856185,-0.5313842863706635,-0.5058464537686034,-0.8278096568766441,-0.485023909022009,-0.7607475737941631
target,C:\Users\hoytb\Desktop\PRAYCGStimulus\Field of dreams\1.8prep\Fieldofdreams1_8_MediaPrep_v1_7A_20260817_210857\stimulus_target_cued_Fieldofdreams1_8_v1_7A.mp4,86.75,29.457173548889163,29.223304248046876,2.3319155982494286,5.193484953880293,0.006821186613291464,0.03159607638888888,-0.9458728982495666,0.0,0.0,0.016562021120914136,-35.61773331656121,0.0017520001013317209,0.0,0.0,0.0,0.0,-0.5000000000000149,0.86602540378443,0.3333333333333333,0.0,-0.9550689378950523,-0.4445843305930052,-0.4173577050349676,-0.7309396214766625,-0.3731935669332749,0.6350771826106502
target,C:\Users\hoytb\Desktop\PRAYCGStimulus\Field of dreams\1.8prep\Fieldofdreams1_8_MediaPrep_v1_7A_20260817_210857\stimulus_target_cued_Fieldofdreams1_8_v1_7A.mp4,87.0,29.358604699707033,29.082622521972656,1.9339939163207955,4.283305825805654,0.004635190153867004,0.03102136111111111,-1.1556977095050014,0.0,0.0,0.016159337984644508,-35.831528706712284,-0.00040268313626962843,0.0,0.0,0.0,0.0,-2.8419233507857654e-14,1.0,0.3333333333333333,0.0,-0.9580931109416106,-0.5453496604271149,-0.5119599324893587,-0.8716341126021848,-0.39889687188637807,-0.1577347391617465
target,C:\Users\hoytb\Desktop\PRAYCGStimulus\Field of dreams\1.8prep\Fieldofdreams1_8_MediaPrep_v1_7A_20260817_210857\stimulus_target_cued_Fieldofdreams1_8_v1_7A.mp4,87.25,29.56780471572876,29.14894482192993,1.2144345953464508,2.9999992729187013,0.004620725045725701,0.03167020138888889,-1.3440172149205438,0.0,0.0,0.01496566406708218,-36.49808015087603,-0.0011936739175623275,0.0,0.0,0.0,0.0,0.49999999999999023,0.8660254037844443,0.3333333333333333,0.0,-0.9516746830605719,-0.7275629843198094,-0.6453442902110471,-0.8725651118360774,-0.47508919769841856,-0.44877841113973355
target,C:\Users\hoytb\Desktop\PRAYCGStimulus\Field of dreams\1.8prep\Fieldofdreams1_8_MediaPrep_v1_7A_20260817_210857\stimulus_target_cued_Fieldofdreams1_8_v1_7A.mp4,87.5,29.57732982635498,29.15486026763916,0.8805787932872926,2.419994773864773,0.004197915522381706,0.03236041666666666,-1.4515825867405163,0.0,0.0,0.017513320497747904,-35.132630090818566,0.002547656430665724,0.0,0.0,0.0,0.0,0.8660254037844274,0.5000000000000195,0.3333333333333333,0.0,-0.9513824448630043,-0.8121049722016254,-0.7056288164670373,-0.8997778598135239,-0.31247203235159554,0.9278375348153166
target,C:\Users\hoytb\Desktop\PRAYCGStimulus\Field of dreams\1.8prep\Fieldofdreams1_8_MediaPrep_v1_7A_20260817_210857\stimulus_target_cued_Fieldofdreams1_8_v1_7A.mp4,87.75,29.516337126922608,29.11273432312012,0.7917940137147885,2.000001654624939,0.004339394722133865,0.03233975,-1.4678673157787145,0.0,0.0,0.02036952757523941,-33.82038086664528,0.0028562070774915058,0.0,0.0,0.0,0.0,1.0,3.3809536366015776e-14,0.3333333333333333,0.0,-0.9532537508505521,-0.8345878576641889,-0.7492820747873576,-0.8906720152325966,-0.13016004828872377,1.0413682046628179
target,C:\Users\hoytb\Desktop\PRAYCGStimulus\Field of dreams\1.8prep\Fieldofdreams1_8_MediaPrep_v1_7A_20260817_210857\stimulus_target_cued_Fieldofdreams1_8_v1_7A.mp4,88.0,30.002493402099613,29.286153384399416,1.7478898502349924,4.09128222198488,0.008181055368483094,0.03244480555555555,-1.0321667809554664,0.0,0.0,0.024741543972023453,-32.13146404236619,0.0043720163967840425,0.0,0.0,0.0,0.0,0.8660254037844469,-0.49999999999998557,0.3333333333333333,0.0,-0.9383380780390644,-0.5924766164444756,-0.5319184879922653,-0.6434161299886859,0.14890619656952456,1.5991075876482475
target,C:\Users\hoytb\Desktop\PRAYCGStimulus\Field of dreams\1.8prep\Fieldofdreams1_8_MediaPrep_v1_7A_20260817_210857\stimulus_target_cued_Fieldofdreams1_8_v1_7A.mp4,88.25,30.14078531188964,29.275669154357903,1.4960614315509353,3.45714011573782,0.006113153297640387,0.03223745138888884,-1.198169010657844,0.0,0.0,0.029540745045462197,-30.591571111092833,0.004799201073438744,0.0,1.0,0.0,0.0,0.5000000000000242,-0.8660254037844247,0.3333333333333333,0.0,-0.9340951689494865,-0.6562468878891272,-0.5978299706039292,-0.7765098631922744,0.455239682159693,1.756289440897061
target,C:\Users\hoytb\Desktop\PRAYCGStimulus\Field of dreams\1.8prep\Fieldofdreams1_8_MediaPrep_v1_7A_20260817_210857\stimulus_target_cued_Fieldofdreams1_8_v1_7A.mp4,88.5,30.15845269622804,29.340087928771975,2.0220420313835366,4.60684417495732,0.006224064696952688,0.03319005555555556,-1.0556432926105144,0.0,0.0,0.02972871354356427,-30.536477673678,0.00018796849810207364,1.0,0.0,1.0,29.0,1.0778129793769884e-14,-1.0,0.3333333333333333,0.0,-0.9335531191237789,-0.5230533198191659,-0.4783319931611848,-0.7693714148114513,0.46723773023553644,0.05959449474714724
target,C:\Users\hoytb\Desktop\PRAYCGStimulus\Field of dreams\1.8prep\Fieldofdreams1_8_MediaPrep_v1_7A_20260817_210857\stimulus_target_cued_Fieldofdreams1_8_v1_7A.mp4,88.75,29.820672779083253,29.179664127349856,1.5026919200420377,3.5763818397521963,0.00610924792848528,0.033596249999999994,-1.1966296794766265,0.0,0.0,0.02454600664841234,-32.200383049387526,-0.0051827068951519305,1.0,0.0,1.0,29.0,-0.4999999999999809,-0.8660254037844497,0.3333333333333333,0.0,-0.9439164837118195,-0.6545678555817421,-0.5854362204625431,-0.776761219466694,0.1364250296027391,-1.9165361055361112
target,C:\Users\hoytb\Desktop\PRAYCGStimulus\Field of dreams\1.8prep\Fieldofdreams1_8_MediaPrep_v1_7A_20260817_210857\stimulus_target_cued_Fieldofdreams1_8_v1_7A.mp4,89.0,29.830648751831056,29.179065017700196,1.348671078300474,3.147361553955072,0.00815994543880227,0.034439750000000005,-1.1372832425709902,0.0,0.0,0.026140190431977798,-31.653825057611268,0.001594183783565458,1.0,0.0,1.0,29.0,-0.866025403784422,-0.5000000000000289,0.3333333333333333,0.0,-0.9436104126949877,-0.6935704071496643,-0.6300277447105032,-0.6447748013631679,0.23818194030892328,0.5770089450192167
target,C:\Users\hoytb\Desktop\PRAYCGStimulus\Field of dreams\1.8prep\Fieldofdreams1_8_MediaPrep_v1_7A_20260817_210857\stimulus_target_cued_Fieldofdreams1_8_v1_7A.mp4,89.25,29.87285307769775,29.251191021728513,1.4040310082912404,3.280710923767079,0.004519071962684569,0.032322520833333424,-1.2995144216301975,0.0,0.0,0.02822795114398135,-30.986412857692308,0.002087760712003551,0.0,0.0,0.0,0.0,-1.0,-1.6168432651928003e-14,0.3333333333333333,0.0,-0.9423155494010236,-0.67955166462205,-0.6161676736269782,-0.8791076790612677,0.37144391583352987,0.7586197109771595
target,C:\Users\hoytb\Desktop\PRAYCGStimulus\Field of dreams\1.8prep\Fieldofdreams1_8_MediaPrep_v1_7A_20260817_210857\stimulus_target_cued_Fieldofdreams1_8_v1_7A.mp4,89.5,29.902329586791996,29.177857412719728,1.8163100684166107,4.32217486953739,0.005026928071677642,0.03156288888888888,-1.1673742939286527,0.0,0.0,0.022547208850126503,-32.93814424696614,-0.005680742293854846,0.0,0.0,0.0,0.0,-0.8660254037844524,0.49999999999997624,0.3333333333333333,0.0,-0.9414111859530468,-0.5751506295342448,-0.507919960573256,-0.8464211865869933,0.008841565778388868,-2.099787357815725
target,C:\Users\hoytb\Desktop\PRAYCGStimulus\Field of dreams\1.8prep\Fieldofdreams1_8_MediaPrep_v1_7A_20260817_210857\stimulus_target_cued_Fieldofdreams1_8_v1_7A.mp4,89.75,29.510385949707036,29.07535224609375,1.5287771347045855,3.648301037979116,0.008689724802784583,0.031764680555555556,-1.0646160335532306,0.0,0.0,0.02468516341322636,-32.15127986865659,0.002137954563099856,0.0,0.0,0.0,0.0,-0.5000000000000089,0.8660254037844335,0.3333333333333333,0.0,-0.9534363378430954,-0.6479623214310883,-0.5779610805267451,-0.6106772904989836,0.14530741984991113,0.7770884505368171
target,C:\Users\hoytb\Desktop\PRAYCGStimulus\Field of dreams\1.8prep\Fieldofdreams1_8_MediaPrep_v1_7A_20260817_210857\stimulus_target_cued_Fieldofdreams1_8_v1_7A.mp4,90.0,29.216477005004887,29.0033094329834,2.0793858070373563,4.841284568786625,0.007916527930647049,0.031942083333333336,-0.9585682904832591,0.0,0.0,0.029269875269588592,-30.67158256492889,0.004584711856362233,0.0,0.0,0.0,0.0,-2.1558735510086122e-14,1.0,0.3333333333333333,0.0,-0.9624537050548028,-0.5085322099372303,-0.45396471997568266,-0.6604415707640472,0.4379500372136574,1.6773685093084396
target,C:\Users\hoytb\Desktop\PRAYCGStimulus\Field of dreams\1.8prep\Fieldofdreams1_8_MediaPrep_v1_7A_20260817_210857\stimulus_target_cued_Fieldofdreams1_8_v1_7A.mp4,90.25,29.415030187225337,29.047357591247557,1.338395659399059,2.917988702392643,0.004097146680764867,0.032499520833333316,-1.3371011912100428,0.0,0.0,0.028848075477081136,-30.797663086649173,-0.00042179979250745597,0.0,0.0,0.0,0.0,0.4999999999999716,0.866025403784455,0.3333333333333333,0.0,-0.9563619307573268,-0.6961724417253284,-0.6538683075250701,-0.9062635157401222,0.41102651417663744,-0.16476867932765518
target,C:\Users\hoytb\Desktop\PRAYCGStimulus\Field of dreams\1.8prep\Fieldofdreams1_8_MediaPrep_v1_7A_20260817_210857\stimulus_target_cued_Fieldofdreams1_8_v1_7A.mp4,90.5,29.69178578948974,29.074612226867675,1.0389725193977366,2.700394371414175,0.00667468574196094,0.03264008333333333,-1.290103017841468,0.0,0.0,0.03278727048801873,-29.685894729069737,0.003939195010937594,0.0,0.0,0.0,0.0,0.8660254037844308,0.5000000000000135,0.3333333333333333,0.0,-0.9478708421446804,-0.7719950792754213,-0.6764846340887826,-0.7403686694755419,0.662465726590232,1.439851717129148
target,C:\Users\hoytb\Desktop\PRAYCGStimulus\Field of dreams\1.8prep\Fieldofdreams1_8_MediaPrep_v1_7A_20260817_210857\stimulus_target_cued_Fieldofdreams1_8_v1_7A.mp4,90.75,29.80236240310669,29.03539705657959,1.1050031697273244,2.7705488105773908,0.005362436902523042,0.032203423611111115,-1.3365603188013946,0.0,0.0,0.035772621731371856,-28.92898459529981,0.0029853512433531265,0.0,0.0,0.0,0.0,1.0,2.694903836824424e-14,0.3333333333333333,0.0,-0.9444782610477641,-0.755274200364342,-0.6691929197372428,-0.824827261299328,0.8530209957054798,1.088886574201175
target,C:\Users\hoytb\Desktop\PRAYCGStimulus\Field of dreams\1.8prep\Fieldofdreams1_8_MediaPrep_v1_7A_20260817_210857\stimulus_target_cued_Fieldofdreams1_8_v1_7A.mp4,91.0,29.625511874389648,28.964072644042968,1.227505908966067,2.968758362960819,0.0045256224893033695,0.03203238888888888,-1.3452236566553393,0.0,0.0,0.028183805485271895,-31.00000734298127,-0.0075888162460999616,0.0,0.0,0.0,0.0,0.8660254037844436,-0.4999999999999915,0.3333333333333333,0.0,-0.9499041801556098,-0.7242529479783318,-0.6485914089139003,-0.8786860759039237,0.36862609401293855,-2.8018598251577593
target,C:\Users\hoytb\Desktop\PRAYCGStimulus\Field of dreams\1.8prep\Fieldofdreams1_8_MediaPrep_v1_7A_20260817_210857\stimulus_target_cued_Fieldofdreams1_8_v1_7A.mp4,91.25,30.06886244964597,29.038920127868646,2.16362880849831,5.200849842548207,0.011356985996476774,0.033678576388888826,-0.769661832595764,0.0,0.0,0.022281003113828506,-33.04130521302907,-0.005902802371443389,0.0,1.0,0.0,0.0,0.5000000000000182,-0.8660254037844282,0.3333333333333333,0.0,-0.9363018212867452,-0.4871994346351022,-0.4165922129999962,-0.4390077735025203,-0.008150373054011763,-2.181493974263851
target,C:\Users\hoytb\Desktop\PRAYCGStimulus\Field of dreams\1.8prep\Fieldofdreams1_8_MediaPrep_v1_7A_20260817_210857\stimulus_target_cued_Fieldofdreams1_8_v1_7A.mp4,91.5,31.07916266632078,29.231371615600583,3.929024129104589,11.460602307510257,0.026072952513396502,0.03563734722222219,0.4047078886927625,0.0,0.0,0.021590001848642577,-33.31494640918428,-0.0006910012651859289,1.0,0.0,5.0,30.0,3.2339341226402363e-14,-1.0,0.3333333333333333,0.0,-0.90530498293922,-0.040150053193278676,0.2340341398051005,0.508137136816028,-0.052257053076891144,-0.2638208894965017
target,C:\Users\hoytb\Desktop\PRAYCGStimulus\Field of dreams\1.8prep\Fieldofdreams1_8_MediaPrep_v1_7A_20260817_210857\stimulus_target_cued_Fieldofdreams1_8_v1_7A.mp4,91.75,31.11968508911133,29.290512310791016,3.781403219890596,10.032678412628183,0.013840955301001719,0.03750631944444444,-0.2273145929037278,0.0,0.0,0.02311446779463281,-32.722322032474544,0.0015244659459902332,1.0,0.0,5.0,30.0,-0.49999999999998684,-0.8660254037844463,0.3333333333333333,0.0,-0.9040617218095504,-0.07753195592163259,0.08561854014512184,-0.27913523767802617,0.045049761068340834,0.5513563888451773
target,C:\Users\hoytb\Desktop\PRAYCGStimulus\Field of dreams\1.8prep\Fieldofdreams1_8_MediaPrep_v1_7A_20260817_210857\stimulus_target_cued_Fieldofdreams1_8_v1_7A.mp4,92.0,36.21065679931651,31.945688122558646,11.05361459350601,25.082254943848014,0.057211634320021576,0.03840119444444445,3.7733096788394596,0.0,0.0,0.02569851743338433,-31.801838614026444,0.0025840496387515184,1.0,0.0,5.0,30.0,-0.8660254037844254,-0.5000000000000229,0.3333333333333333,0.0,-0.7478665389039856,1.764003227921769,1.649841909132301,2.512276243361577,0.20998990853534025,0.9412283519611729
target,C:\Users\hoytb\Desktop\PRAYCGStimulus\Field of dreams\1.8prep\Fieldofdreams1_8_MediaPrep_v1_7A_20260817_210857\stimulus_target_cued_Fieldofdreams1_8_v1_7A.mp4,92.25,61.262659362792995,45.195366271972674,31.97229436459712,74.71592884827058,0.18880087492466924,0.040137618055555574,15.612728413553171,1.0,1.0,0.023017745329028373,-32.758744386221174,-0.002680772104355956,0.0,0.0,0.0,0.0,-1.0,-9.307934654156473e-15,0.3333333333333333,0.0,0.020749423881472814,7.061220651741764,6.808668301950014,10.981586046973623,0.03887595639333638,-0.9959535832307297
target,C:\Users\hoytb\Desktop\PRAYCGStimulus\Field of dreams\1.8prep\Fieldofdreams1_8_MediaPrep_v1_7A_20260817_210857\stimulus_target_cued_Fieldofdreams1_8_v1_7A.mp4,92.5,60.62262016296387,44.78443380737305,1.3876261384487343,3.5152725219727,0.013538890600204754,0.03925111111111113,-0.866124147437199,0.0,0.0,0.02050118465320144,-33.764420853111666,-0.0025165606758269336,0.0,0.0,0.0,0.0,-0.8660254037844489,0.4999999999999822,0.3333333333333333,0.0,0.001112496871322045,-0.6837058542418613,-0.5917878026971166,-0.29857664124589905,-0.1217563638050839,-0.935532275839851
target,C:\Users\hoytb\Desktop\PRAYCGStimulus\Field of dreams\1.8prep\Fieldofdreams1_8_MediaPrep_v1_7A_20260817_210857\stimulus_target_cued_Fieldofdreams1_8_v1_7A.mp4,92.75,60.54108895568848,44.77455955657959,0.8670737539768221,2.338195568847657,0.00597932513728738,0.03773179861111111,-1.368664741449035,0.0,0.0,0.020120703568106364,-33.927136743854795,-0.0003804810850950753,0.0,0.0,0.0,0.0,-0.5000000000000275,0.8660254037844227,0.3333333333333333,0.0,-0.0013889473632556731,-0.8155248404881348,-0.7141308648660015,-0.7851232737208937,-0.14604250960617868,-0.14956553333519465
target,C:\Users\hoytb\Desktop\PRAYCGStimulus\Field of dreams\1.8prep\Fieldofdreams1_8_MediaPrep_v1_7A_20260817_210857\stimulus_target_cued_Fieldofdreams1_8_v1_7A.mp4,93.0,60.73273095703125,44.898659393310545,1.2724707367897103,2.8279561523437593,0.010560972598195157,0.03852080555555557,-1.0406469115450028,0.0,0.0,0.022762563509512695,-32.85557658914489,0.0026418599414063312,0.0,0.0,0.0,0.0,-1.469823751231459e-14,1.0,0.3333333333333333,0.0,0.00449078624282956,-0.7128665473061613,-0.6632261136044519,-0.4902405646250715,0.022587675274190106,0.962499551526
target,C:\Users\hoytb\Desktop\PRAYCGStimulus\Field of dreams\1.8prep\Fieldofdreams1_8_MediaPrep_v1_7A_20260817_210857\stimulus_target_cued_Fieldofdreams1_8_v1_7A.mp4,93.25,60.87289661560058,44.966813751220705,0.9311814772128931,2.140793222045866,0.006982540780864544,0.03846113194444446,-1.3032703957241165,0.0,0.0,0.022648366499757003,-32.899262314780195,-0.00011419700975569269,0.0,0.0,0.0,0.0,0.4999999999999775,0.8660254037844516,0.3333333333333333,0.0,0.008791183480046406,-0.7992909025798327,-0.7346484763296673,-0.7205545897901732,0.01529846869436033,-0.05158677440531202
target,C:\Users\hoytb\Desktop\PRAYCGStimulus\Field of dreams\1.8prep\Fieldofdreams1_8_MediaPrep_v1_7A_20260817_210857\stimulus_target_cued_Fieldofdreams1_8_v1_7A.mp4,93.5,60.92509533691407,44.890776477050785,1.2830532194137554,2.9759130319595313,0.009552434986829766,0.03773375000000001,-1.0868247994016713,0.0,0.0,0.019273006919293394,-34.30101045311295,-0.003375359580463609,0.0,0.0,0.0,0.0,0.8660254037844343,0.5000000000000077,0.3333333333333333,0.0,0.01039268301434027,-0.7101867552754599,-0.64784776669766,-0.5551517795541946,-0.20015107167313886,-1.2515258279867505
target,C:\Users\hoytb\Desktop\PRAYCGStimulus\Field of dreams\1.8prep\Fieldofdreams1_8_MediaPrep_v1_7A_20260817_210857\stimulus_target_cued_Fieldofdreams1_8_v1_7A.mp4,93.75,60.754018211364745,44.787794494628905,1.3390146136283874,3.0721938490867613,0.00918489769101143,0.03800694444444445,-1.0900674193319466,0.0,0.0,0.018658567812064302,-34.58243389427042,-0.0006144391072290915,0.0,0.0,0.0,0.0,1.0,2.008854037047271e-14,0.3333333333333333,0.0,0.005143896645606351,-0.6960157045333057,-0.6378405280339561,-0.578807111923043,-0.2393707814790321,-0.23564997763087905
target,C:\Users\hoytb\Desktop\PRAYCGStimulus\Field of dreams\1.8prep\Fieldofdreams1_8_MediaPrep_v1_7A_20260817_210857\stimulus_target_cued_Fieldofdreams1_8_v1_7A.mp4,94.0,60.64381420288086,44.78800356445313,0.9879316883087308,2.3204034057617524,0.008373590001463923,0.038688944444444436,-1.2209756385899693,0.0,0.0,0.016067861895682527,-35.880838193731975,-0.0025907059163817747,0.0,0.0,0.0,0.0,0.8660254037844544,-0.49999999999997286,0.3333333333333333,0.0,0.0017627473794335831,-0.7849201004875431,-0.7159801472844184,-0.6310242699312324,-0.40473579981439695,-0.962813887182407
target,C:\Users\hoytb\Desktop\PRAYCGStimulus\Field of dreams\1.8prep\Fieldofdreams1_8_MediaPrep_v1_7A_20260817_210857\stimulus_target_cued_Fieldofdreams1_8_v1_7A.mp4,94.25,60.469232061767585,44.66801873168946,1.5339169484376676,2.9511772506713556,0.007499847763031743,0.040263527777777725,-1.1210121540292635,0.0,0.0,0.015265354219722322,-36.32586227562575,-0.0008025076759602054,0.0,1.0,0.0,0.0,0.5000000000000123,-0.8660254037844315,0.3333333333333333,0.0,-0.003593575738326257,-0.6466607712778278,-0.6504187551278564,-0.6872598228668744,-0.4559599452144163,-0.30484947795589384
target,C:\Users\hoytb\Desktop\PRAYCGStimulus\Field of dreams\1.8prep\Fieldofdreams1_8_MediaPrep_v1_7A_20260817_210857\stimulus_target_cued_Fieldofdreams1_8_v1_7A.mp4,94.5,60.305915853881835,44.66905662231445,1.5022412208557223,3.32111707763673,0.010009961393475588,0.03902187499999999,-1.007473301634783,0.0,0.0,0.018049675599273722,-34.870611981844675,0.0027843213795514,1.0,0.0,5.0,31.0,2.547884322863083e-14,-1.0,0.3333333333333333,0.0,-0.008604250794921648,-0.6546819857089192,-0.6119679375079795,-0.5257045932689658,-0.2782364324568937,1.014917988066113
target,C:\Users\hoytb\Desktop\PRAYCGStimulus\Field of dreams\1.8prep\Fieldofdreams1_8_MediaPrep_v1_7A_20260817_210857\stimulus_target_cued_Fieldofdreams1_8_v1_7A.mp4,94.75,60.283358100891114,44.689079913330076,1.5443571308612851,3.647257015991215,0.008445609106495984,0.039344416666666666,-1.072398910675451,0.0,0.0,0.019634347872262196,-34.13967037246201,0.0015846722729884744,1.0,0.0,5.0,31.0,-0.4999999999999928,-0.8660254037844428,0.3333333333333333,0.0,-0.00929634113737265,-0.6440170137918189,-0.5780695941176639,-0.6263889964887177,-0.17708664242427352,0.5735092013687805
target,C:\Users\hoytb\Desktop\PRAYCGStimulus\Field of dreams\1.8prep\Fieldofdreams1_8_MediaPrep_v1_7A_20260817_210857\stimulus_target_cued_Fieldofdreams1_8_v1_7A.mp4,95.0,60.426555511474604,44.67508346557617,2.6638677864074682,5.816636535644519,0.011100137501955033,0.0383279166666667,-0.6516927481224832,0.0,0.0,0.01919988196136444,-34.334028825149176,-0.000434465910897755,1.0,0.0,5.0,31.0,-0.8660254037844288,-0.500000000000017,0.3333333333333333,0.0,-0.004902927264564077,-0.3605243930525864,-0.35258855591008387,-0.45553898428161155,-0.20481864506779968,-0.1694291553953989
target,C:\Users\hoytb\Desktop\PRAYCGStimulus\Field of dreams\1.8prep\Fieldofdreams1_8_MediaPrep_v1_7A_20260817_210857\stimulus_target_cued_Fieldofdreams1_8_v1_7A.mp4,95.25,60.52452805633545,44.7184329711914,1.6644376391888116,3.5961604024888167,0.009528888733312554,0.03704914583333335,-0.9885253069034183,0.0,0.0,0.016953559368290454,-35.414782170858025,-0.0022463225930739877,0.0,0.0,0.0,0.0,-1.0,-3.086914608678895e-14,0.3333333333333333,0.0,-0.001897049323111804,-0.613609140640436,-0.5833804755734148,-0.5566672569202417,-0.34820164135539694,-0.8360986468104826
target,C:\Users\hoytb\Desktop\PRAYCGStimulus\Field of dreams\1.8prep\Fieldofdreams1_8_MediaPrep_v1_7A_20260817_210857\stimulus_target_cued_Fieldofdreams1_8_v1_7A.mp4,95.5,60.155223370361334,44.545895046997074,2.1741003148078786,4.866553309249846,0.012099022885411932,0.036417277777777785,-0.7309257212967711,0.0,0.0,0.016031043460991726,-35.900764169216124,-0.000922515907298728,0.0,0.0,0.0,0.0,-0.8660254037844455,0.4999999999999881,0.3333333333333333,0.0,-0.013227619645861475,-0.4845477450311844,-0.4513383368176285,-0.39124900333846213,-0.4070859241913958,-0.34900629639474573
target,C:\Users\hoytb\Desktop\PRAYCGStimulus\Field of dreams\1.8prep\Fieldofdreams1_8_MediaPrep_v1_7A_20260817_210857\stimulus_target_cued_Fieldofdreams1_8_v1_7A.mp4,95.75,60.25382646789551,44.67775505981445,2.9070249902725203,7.407032957267754,0.008689398194849512,0.038613201388888886,-0.7052680734919279,0.0,0.0,0.0154797990900896,-36.204693604583674,-0.0005512443709021261,0.0,0.0,0.0,0.0,-0.5000000000000216,0.8660254037844262,0.3333333333333333,0.0,-0.010202395831804033,-0.29894992510641355,-0.1872858815460624,-0.6106983115473132,-0.44227190764288976,-0.21239758513115564
target,C:\Users\hoytb\Desktop\PRAYCGStimulus\Field of dreams\1.8prep\Fieldofdreams1_8_MediaPrep_v1_7A_20260817_210857\stimulus_target_cued_Fieldofdreams1_8_v1_7A.mp4,96.0,60.14431378173828,44.599179370117184,2.3099888797760015,5.461446012115479,0.011815162310004252,0.038252944444444444,-0.7092679255594575,0.0,0.0,0.01440865834017764,-36.827529130632264,-0.0010711407499119589,0.0,0.0,0.0,0.0,-7.83773951454306e-15,1.0,0.3333333333333333,0.0,-0.013562334762621215,-0.45013681270065475,-0.3895063599555563,-0.4095187580928209,-0.5106429290810657,-0.40369254680920985
target,C:\Users\hoytb\Desktop\PRAYCGStimulus\Field of dreams\1.8prep\Fieldofdreams1_8_MediaPrep_v1_7A_20260817_210857\stimulus_target_cued_Fieldofdreams1_8_v1_7A.mp4,96.25,60.26761290740966,44.65804947662353,2.6981912841796554,6.361447959899842,0.012766174416057445,0.03778947916666674,-0.5619023256830051,0.0,0.0,0.014941944037381867,-36.51185788948049,0.0005332856972042263,0.0,0.0,0.0,0.0,0.49999999999998346,0.8660254037844481,0.3333333333333333,0.0,-0.009779416572812581,-0.3518326862893066,-0.2959619285931297,-0.3483099836053301,-0.47660324957188854,0.18665335308124223
target,C:\Users\hoytb\Desktop\PRAYCGStimulus\Field of dreams\1.8prep\Fieldofdreams1_8_MediaPrep_v1_7A_20260817_210857\stimulus_target_cued_Fieldofdreams1_8_v1_7A.mp4,96.5,60.0829928314209,44.50647155151368,3.9527699506759513,9.70624203491207,0.017486296722292904,0.03840816666666664,-0.005749995174927802,0.0,0.0,0.021314979509733073,-33.426301609743355,0.006373035472351206,0.0,0.0,0.0,0.0,0.8660254037844235,0.5000000000000263,0.3333333333333333,0.0,-0.015443711756244361,-0.03413692133471012,0.05168938543091388,-0.04451479534556941,-0.06981175653776175,2.335379050255292
target,C:\Users\hoytb\Desktop\PRAYCGStimulus\Field of dreams\1.8prep\Fieldofdreams1_8_MediaPrep_v1_7A_20260817_210857\stimulus_target_cued_Fieldofdreams1_8_v1_7A.mp4,96.75,59.66611510925293,44.123794506835935,3.6353921217918366,8.152086925315844,0.015431541581824412,0.03736874999999999,-0.1882056254481885,0.0,0.0,0.02765814572029239,-31.163538791117602,0.006343166210559317,0.0,0.0,0.0,0.0,1.0,1.322804237270118e-14,0.3333333333333333,0.0,-0.02823386180417258,-0.11450620770920113,-0.10984643827934966,-0.17676236950306792,0.3350731785220899,2.3243887077168166
target,C:\Users\hoytb\Desktop\PRAYCGStimulus\Field of dreams\1.8prep\Fieldofdreams1_8_MediaPrep_v1_7A_20260817_210857\stimulus_target_cued_Fieldofdreams1_8_v1_7A.mp4,97.0,60.11679208984373,44.11161271362304,5.153109263610771,13.147854125976268,0.023556283205747375,0.03699225000000009,0.6017592993334631,0.0,0.0,0.021586956800970634,-33.31617155096781,-0.006071188919321756,0.0,0.0,0.0,0.0,0.8660254037844509,-0.4999999999999788,0.3333333333333333,0.0,-0.014406722817405264,0.26982386359788485,0.40940377351775936,0.34615997256017256,-0.05245141877502726,-2.243451509503547
target,C:\Users\hoytb\Desktop\PRAYCGStimulus\Field of dreams\1.8prep\Fieldofdreams1_8_MediaPrep_v1_7A_20260817_210857\stimulus_target_cued_Fieldofdreams1_8_v1_7A.mp4,97.25,60.13280082092289,44.121808728027354,6.769384097671482,19.05452803039548,0.027390246023982805,0.03612239583333327,1.2092211274796099,0.0,0.0,0.015026452101334572,-36.46287097278241,-0.006560504699636063,0.0,1.0,0.0,0.0,0.500000000000031,-0.8660254037844207,0.3333333333333333,0.0,-0.01391556183256161,0.6791116057669784,1.0233318355540928,0.5929204123496439,-0.4712090913786875,-2.4234943934758593
target,C:\Users\hoytb\Desktop\PRAYCGStimulus\Field of dreams\1.8prep\Fieldofdreams1_8_MediaPrep_v1_7A_20260817_210857\stimulus_target_cued_Fieldofdreams1_8_v1_7A.mp4,97.5,58.925023635864264,43.857941864013675,6.576528858184831,18.15006766510013,0.020451178152114273,0.038326805555555545,0.8222324959403553,0.0,0.0,0.01606830023453712,-35.88060124179604,0.0010418481332025477,1.0,0.0,8.0,32.0,1.8618345230859297e-14,-1.0,0.3333333333333333,0.0,-0.05097115535535431,0.6302750565170837,0.9293240050491774,0.1463100718301329,-0.4047078206013692,0.3737780102878984
target,C:\Users\hoytb\Desktop\PRAYCGStimulus\Field of dreams\1.8prep\Fieldofdreams1_8_MediaPrep_v1_7A_20260817_210857\stimulus_target_cued_Fieldofdreams1_8_v1_7A.mp4,97.75,58.29365306396484,43.67152241516113,5.436927542304989,14.295197071456887,0.015839369749650365,0.03917068055555556,0.30131501867406474,0.0,0.0,0.016245606917007237,-35.78528118503445,0.00017730668247011722,1.0,0.0,8.0,32.0,-0.49999999999997413,-0.8660254037844536,0.3333333333333333,0.0,-0.07034212175874983,0.3416948969302715,0.5286563414448583,-0.15051384732841003,-0.39339031728605545,0.055671498367334
target,C:\Users\hoytb\Desktop\PRAYCGStimulus\Field of dreams\1.8prep\Fieldofdreams1_8_MediaPrep_v1_7A_20260817_210857\stimulus_target_cued_Fieldofdreams1_8_v1_7A.mp4,98.0,39.04091387329183,30.38252119751033,41.19735277404633,93.00490578002592,0.21839228081702328,0.03789658333333339,19.45392709600425,0.0,0.0,0.014590699097975533,-36.71847797631389,-0.0016549078190317042,1.0,0.0,8.0,32.0,-0.8660254037844323,-0.500000000000011,0.3333333333333333,0.0,-0.6610319331541283,9.397273436957407,8.709588573837582,12.886139815011143,-0.49902324926303576,-0.6184886169969955
target,C:\Users\hoytb\Desktop\PRAYCGStimulus\Field of dreams\1.8prep\Fieldofdreams1_8_MediaPrep_v1_7A_20260817_210857\stimulus_target_cued_Fieldofdreams1_8_v1_7A.mp4,98.25,37.296744064331065,29.466573165893557,2.9787453329086486,7.76956125659949,0.011921887277066749,0.0349622361111111,-0.5297180250329095,0.0,0.0,0.013347111261163589,-37.49225438434888,-0.0012435878368119435,0.0,0.0,0.0,0.0,-1.0,-2.400864808901742e-14,0.3333333333333333,0.0,-0.7145444918239958,-0.2807882508128248,-0.14960540352347473,-0.40264975569050254,-0.5784015855441573,-0.4671441502669072
target,C:\Users\hoytb\Desktop\PRAYCGStimulus\Field of dreams\1.8prep\Fieldofdreams1_8_MediaPrep_v1_7A_20260817_210857\stimulus_target_cued_Fieldofdreams1_8_v1_7A.mp4,98.5,37.00470067138672,29.429800189208983,2.1466181180000374,5.224856845474257,0.008863386864587713,0.034954305555555565,-0.8950938314336758,0.0,0.0,0.012944095127938163,-37.75856607993102,-0.0004030161332254263,0.0,0.0,0.0,0.0,-0.8660254037844562,0.49999999999996947,0.3333333333333333,0.0,-0.7235046223793992,-0.4915070356445687,-0.4140969723586154,-0.5995001015754327,-0.6041261457263287,-0.1578572648081447
target,C:\Users\hoytb\Desktop\PRAYCGStimulus\Field of dreams\1.8prep\Fieldofdreams1_8_MediaPrep_v1_7A_20260817_210857\stimulus_target_cued_Fieldofdreams1_8_v1_7A.mp4,98.75,37.07445272827149,29.54029489898682,1.7430801682472243,4.176521675109862,0.007540697555057739,0.034637013888888894,-1.064492867726487,0.0,0.0,0.016156359654423445,-35.83312975199786,0.003212264526485282,0.0,0.0,0.0,0.0,-0.5000000000000157,0.8660254037844296,0.3333333333333333,0.0,-0.7213645721290086,-0.5936945676492092,-0.5230588669749436,-0.684630660007574,-0.39908697900293677,1.1723789191251357
target,C:\Users\hoytb\Desktop\PRAYCGStimulus\Field of dreams\1.8prep\Fieldofdreams1_8_MediaPrep_v1_7A_20260817_210857\stimulus_target_cued_Fieldofdreams1_8_v1_7A.mp4,99.0,37.31104152832031,29.754400393676754,2.9851616859435657,8.387438061523298,0.0062140252605081695,0.03514622222222222,-0.8050069921989189,0.0,0.0,0.0169538916480378,-35.41461193422107,0.0007975319936143546,0.0,0.0,0.0,0.0,-2.939895094717554e-14,1.0,0.3333333333333333,0.0,-0.7141058339154458,-0.27916344382376646,-0.08538450432328874,-0.77001757020464,-0.3481804319058161,0.2838823148247654
target,C:\Users\hoytb\Desktop\PRAYCGStimulus\Field of dreams\1.8prep\Fieldofdreams1_8_MediaPrep_v1_7A_20260817_210857\stimulus_target_cued_Fieldofdreams1_8_v1_7A.mp4,99.25,37.30626324768067,29.785009008789064,3.1874518995285097,8.81335382690433,0.0037773748291656693,0.03601006944444442,-0.8704952433146562,0.0,0.0,0.016053918553605245,-35.888378892682915,-0.0008999730944325539,0.0,0.0,0.0,0.0,0.4999999999999894,0.8660254037844448,0.3333333333333333,0.0,-0.7142524354801307,-0.2279376850380082,-0.04111565781807287,-0.9268445819824986,-0.4056258047368724,-0.3407117079008552
target,C:\Users\hoytb\Desktop\PRAYCGStimulus\Field of dreams\1.8prep\Fieldofdreams1_8_MediaPrep_v1_7A_20260817_210857\stimulus_target_cued_Fieldofdreams1_8_v1_7A.mp4,99.5,36.72099058532715,29.49720942687988,4.704693339538576,12.842163329315177,0.010733864609897151,0.0354645,-0.1373413092917582,0.0,0.0,0.01663947715414787,-35.57720648422513,0.000585558600542626,0.0,0.0,0.0,0.0,0.8660254037844269,0.5000000000000203,0.3333333333333333,0.0,-0.7322090802524213,0.15627192475152235,0.3776308736737244,-0.47911293745019295,-0.3682495405677622,0.20588707627039848
target,C:\Users\hoytb\Desktop\PRAYCGStimulus\Field of dreams\1.8prep\Fieldofdreams1_8_MediaPrep_v1_7A_20260817_210857\stimulus_target_cued_Fieldofdreams1_8_v1_7A.mp4,99.75,36.69255074157715,29.68373038787842,4.073392622756975,11.947764748001164,0.00864743389673533,0.03509944444444446,-0.4031860612027167,0.0,0.0,0.01565156673321716,-36.1088436544037,-0.000987910420930712,0.0,0.0,0.0,0.0,1.0,3.478925380533366e-14,0.3333333333333333,0.0,-0.7330816379583366,-0.003591756570614852,0.2846688451955077,-0.6133992059349324,-0.43130796176404557,-0.3730680930993325
target,C:\Users\hoytb\Desktop\PRAYCGStimulus\Field of dreams\1.8prep\Fieldofdreams1_8_MediaPrep_v1_7A_20260817_210857\stimulus_target_cued_Fieldofdreams1_8_v1_7A.mp4,100.0,36.65660156249999,29.634436264038087,2.1784230375290647,5.577133426666467,0.006954860780388167,0.03449166666666666,-0.9794082316392861,0.0,0.0,0.01574516845296078,-36.05705377170243,9.360171974362105e-05,0.0,0.0,0.0,0.0,0.8660254037844475,-0.49999999999998473,0.3333333333333333,0.0,-0.7341845882241976,-0.48345310605933806,-0.37748203774536215,-0.7223361222188228,-0.425333354610161,0.024872404002560217
target,C:\Users\hoytb\Desktop\PRAYCGStimulus\Field of dreams\1.8prep\Fieldofdreams1_8_MediaPrep_v1_7A_20260817_210857\stimulus_target_cued_Fieldofdreams1_8_v1_7A.mp4,100.25,36.86963691558837,29.69740961990356,1.5856227886199863,4.013139879798861,0.005772527273558099,0.03646768749999994,-1.191344976689219,0.0,0.0,0.015621747222230309,-36.12540787656072,-0.00012342123073047148,0.0,1.0,0.0,0.0,0.500000000000025,-0.8660254037844242,0.3333333333333333,0.0,-0.7276484890598104,-0.6335673504441887,-0.5400404492648098,-0.7984331398360917,-0.43321134413944806,-0.05498081035001484
target,C:\Users\hoytb\Desktop\PRAYCGStimulus\Field of dreams\1.8prep\Fieldofdreams1_8_MediaPrep_v1_7A_20260817_210857\stimulus_target_cued_Fieldofdreams1_8_v1_7A.mp4,100.5,37.32079804382324,29.721817701721193,3.268257114887227,8.957882828521699,0.008294181549549084,0.03723672222222222,-0.6302576043530844,0.0,0.0,0.014969943571054196,-36.495596733809194,-0.0006518036511761124,1.0,0.0,7.0,33.0,1.1757847233087767e-14,-1.0,0.3333333333333333,0.0,-0.7138064960266797,-0.2074754570476326,-0.02609359780480344,-0.6361351344456997,-0.4748160365309067,-0.24939819610486877
target,C:\Users\hoytb\Desktop\PRAYCGStimulus\Field of dreams\1.8prep\Fieldofdreams1_8_MediaPrep_v1_7A_20260817_210857\stimulus_target_cued_Fieldofdreams1_8_v1_7A.mp4,100.75,37.15182794952393,29.468746545410156,1.9128381865024566,4.6997260589599605,0.01142921305745841,0.03807365277777778,-0.8315482157251181,0.0,0.0,0.017139991379669022,-35.319788016201365,0.0021700478086148257,1.0,0.0,7.0,33.0,-0.49999999999998007,-0.8660254037844501,0.3333333333333333,0.0,-0.7189906369504538,-0.5507069058094073,-0.4686780329177792,-0.43435911565749397,-0.33630166738113254,0.7888971039892668
target,C:\Users\hoytb\Desktop\PRAYCGStimulus\Field of dreams\1.8prep\Fieldofdreams1_8_MediaPrep_v1_7A_20260817_210857\stimulus_target_cued_Fieldofdreams1_8_v1_7A.mp4,101.0,37.082134173584,29.313878826904304,1.8134618053436367,4.484578912353536,0.012990700817108278,0.03679691666666676,-0.7816916747344252,0.0,0.0,0.02190729975610864,-33.18822298539632,0.004767308376439617,1.0,0.0,7.0,33.0,-0.8660254037844215,-0.5000000000000298,0.3333333333333333,0.0,-0.7211288990937093,-0.5758718924888331,-0.4910400039536116,-0.3338590783424694,-0.03200389583734668,1.7445545789196084
target,C:\Users\hoytb\Desktop\PRAYCGStimulus\Field of dreams\1.8prep\Fieldofdreams1_8_MediaPrep_v1_7A_20260817_210857\stimulus_target_cued_Fieldofdreams1_8_v1_7A.mp4,101.25,36.78561508178711,29.22311251068115,2.014923574924454,5.05974105167385,0.011091632153838862,0.035084861111111115,-0.8213109126615501,0.0,0.0,0.02142259145008144,-33.38255989059674,-0.00048470830602720047,0.0,0.0,0.0,0.0,-1.0,-1.7148150091245887e-14,0.3333333333333333,0.0,-0.730226347756676,-0.524855919791936,-0.43125878303918014,-0.45608640311199933,-0.06294287559828993,-0.18791575664699017
target,C:\Users\hoytb\Desktop\PRAYCGStimulus\Field of dreams\1.8prep\Fieldofdreams1_8_MediaPrep_v1_7A_20260817_210857\stimulus_target_cued_Fieldofdreams1_8_v1_7A.mp4,101.5,36.89016361694336,29.20313924255371,1.6272823355674788,4.147142385482799,0.009797319500148305,0.03376748611111112,-0.9851881295204832,0.0,0.0,0.01868925694870581,-34.568159300467755,-0.002733334501375629,0.0,0.0,0.0,0.0,-0.8660254037844528,0.4999999999999754,0.3333333333333333,0.0,-0.7270187130455058,-0.6230179429111341,-0.5261124925240453,-0.5393905911783707,-0.2374118908109214,-1.0152938251126506
target,C:\Users\hoytb\Desktop\PRAYCGStimulus\Field of dreams\1.8prep\Fieldofdreams1_8_MediaPrep_v1_7A_20260817_210857\stimulus_target_cued_Fieldofdreams1_8_v1_7A.mp4,101.75,36.89208267822266,29.115598796081542,2.3768435337543634,6.684341210937546,0.004293671809509326,0.034260951388888905,-1.0568007303529736,0.0,0.0,0.01991542878054918,-34.01620677484341,0.00122617183184337,0.0,0.0,0.0,0.0,-0.5000000000000098,0.866025403784433,0.3333333333333333,0.0,-0.7269598346732442,-0.4332072721276856,-0.26240103949344934,-0.8936148205133426,-0.1591452198727266,0.44159959222506834
target,C:\Users\hoytb\Desktop\PRAYCGStimulus\Field of dreams\1.8prep\Fieldofdreams1_8_MediaPrep_v1_7A_20260817_210857\stimulus_target_cued_Fieldofdreams1_8_v1_7A.mp4,102.0,36.70750242919922,29.073119049072268,2.5590566627502755,6.505273675537179,0.007531782148778487,0.033661722222222246,-0.8521680762551593,0.0,0.0,0.022220648849160946,-33.06486527340237,0.0023052200686117658,0.0,0.0,0.0,0.0,-2.2538452949404006e-14,1.0,0.3333333333333333,0.0,-0.7326229079327515,-0.38706561441658044,-0.2810129667406468,-0.6852044708864657,-0.012002791817661928,0.8386335002021005
target,C:\Users\hoytb\Desktop\PRAYCGStimulus\Field of dreams\1.8prep\Fieldofdreams1_8_MediaPrep_v1_7A_20260817_210857\stimulus_target_cued_Fieldofdreams1_8_v1_7A.mp4,102.25,36.75457589416504,29.02026355133057,1.7207493226051396,4.501753305053734,0.006163437594659641,0.034088736111111045,-1.1371440381787303,0.0,0.0,0.02311352383728338,-32.7226767573532,0.0008928749881224329,0.0,0.0,0.0,0.0,0.4999999999999707,0.8660254037844556,0.3333333333333333,0.0,-0.7311786554621285,-0.5993493864962075,-0.4892549313733909,-0.7732734793682168,0.044989508176104163,0.31896360259105083
target,C:\Users\hoytb\Desktop\PRAYCGStimulus\Field of dreams\1.8prep\Fieldofdreams1_8_MediaPrep_v1_7A_20260817_210857\stimulus_target_cued_Fieldofdreams1_8_v1_7A.mp4,102.5,41.72409597778318,26.034540748596207,16.085138375282206,35.850733139037914,0.19716513336636024,0.03234187500000002,11.876175558446594,1.0,0.0,0.021993540491173122,-33.154097056762716,-0.0011199833461102565,0.0,0.0,0.0,0.0,0.8660254037844304,0.5000000000000144,0.3333333333333333,0.0,-0.5787097079608805,3.038131219594703,2.7690963417339085,11.519924103296873,-0.026499141073397642,-0.4216640944968565
target,C:\Users\hoytb\Desktop\PRAYCGStimulus\Field of dreams\1.8prep\Fieldofdreams1_8_MediaPrep_v1_7A_20260817_210857\stimulus_target_cued_Fieldofdreams1_8_v1_7A.mp4,102.75,47.07295359954832,23.675883413696265,12.89718227672659,31.70740582428145,0.13335689896867858,0.02932399999999996,7.94878914823931,0.0,0.0,0.021826988467795138,-33.2201236198593,-0.00016655202337798394,0.0,0.0,0.0,0.0,1.0,2.7928755807562125e-14,0.3333333333333333,0.0,-0.4146023740126904,2.2308481225524273,2.3384470541835145,7.413116414064159,-0.03713017342081201,-0.07085070992955
target,C:\Users\hoytb\Desktop\PRAYCGStimulus\Field of dreams\1.8prep\Fieldofdreams1_8_MediaPrep_v1_7A_20260817_210857\stimulus_target_cued_Fieldofdreams1_8_v1_7A.mp4,103.0,46.20141172485356,23.47351538391115,5.728534864044189,16.211098461914098,0.03554503404796101,0.029119861111111135,1.3335243921502034,0.0,0.0,0.022258366369206712,-33.0501342685255,0.000431377901411574,0.0,0.0,0.0,0.0,0.866025403784444,-0.4999999999999907,0.3333333333333333,0.0,-0.441341992748918,0.4155383422400995,0.7277913617167734,1.1177765923876446,-0.009595278732331274,0.14915655818534684
target,C:\Users\hoytb\Desktop\PRAYCGStimulus\Field of dreams\1.8prep\Fieldofdreams1_8_MediaPrep_v1_7A_20260817_210857\stimulus_target_cued_Fieldofdreams1_8_v1_7A.mp4,103.25,45.75107415466308,22.971927639007557,5.4284740367889555,16.174183290100167,0.016891610977798645,0.030031020833333255,0.35016864100983874,0.0,0.0,0.023327705039538314,-32.64255969241081,0.0010693386703316023,0.0,1.0,0.0,0.0,0.5000000000000191,-0.8660254037844276,0.3333333333333333,0.0,-0.45515871834653765,0.339554223751949,0.723954471402834,-0.08278979247125134,0.05866071578558979,0.38389310525475945
target,C:\Users\hoytb\Desktop\PRAYCGStimulus\Field of dreams\1.8prep\Fieldofdreams1_8_MediaPrep_v1_7A_20260817_210857\stimulus_target_cued_Fieldofdreams1_8_v1_7A.mp4,103.5,46.18582006530762,23.564095606994627,4.891867949676513,13.859879496765133,0.021482029041647904,0.033150375,0.4329945330701914,0.0,0.0,0.02741854946822881,-31.239110490691516,0.004090844428690496,1.0,0.0,1.0,34.0,3.3319058665720244e-14,-1.0,0.3333333333333333,0.0,-0.4418203576374319,0.2036699736231161,0.4834102893814604,0.21265740771164277,0.31977972573571045,1.4956508546664993
target,C:\Users\hoytb\Desktop\PRAYCGStimulus\Field of dreams\1.8prep\Fieldofdreams1_8_MediaPrep_v1_7A_20260817_210857\stimulus_target_cued_Fieldofdreams1_8_v1_7A.mp4,103.75,46.115650985717785,23.53187392425538,6.041537966728186,17.647829238891553,0.029563262395560612,0.033018229166666614,1.1248838471356406,0.0,0.0,0.03172694240415057,-29.97143559584558,0.004308392935921758,1.0,0.0,1.0,34.0,-0.499999999999986,-0.8660254037844467,0.3333333333333333,0.0,-0.4439732024860643,0.49479982085113267,0.8771223313709132,0.732779482701049,0.5947848787094947,1.575697446706978
target,C:\Users\hoytb\Desktop\PRAYCGStimulus\Field of dreams\1.8prep\Fieldofdreams1_8_MediaPrep_v1_7A_20260817_210857\stimulus_target_cued_Fieldofdreams1_8_v1_7A.mp4,104.0,45.69329808959961,23.157246685791023,3.713748720550684,10.086385214233836,0.018599635633826973,0.03408108333333336,-0.01404987516780798,0.0,0.0,0.03627880629323456,-28.806940225158257,0.00455186388908399,1.0,0.0,1.0,34.0,-0.8660254037844249,-0.5000000000000238,0.3333333333333333,0.0,-0.4569313353563833,-0.09466404057634731,0.09120071941580403,0.027141611476685788,0.885330807029186,1.6652821573056407
target,C:\Users\hoytb\Desktop\PRAYCGStimulus\Field of dreams\1.8prep\Fieldofdreams1_8_MediaPrep_v1_7A_20260817_210857\stimulus_target_cued_Fieldofdreams1_8_v1_7A.mp4,104.25,45.880945399475095,23.042443047332764,3.8455693481445046,10.966563801956088,0.0168278760533779,0.03302989583333335,-0.06564991257414599,0.0,0.0,0.034564628026440086,-29.22736224966506,-0.0017141782667944722,0.0,0.0,0.0,0.0,-1.0,-1.0287652093474354e-14,0.3333333333333333,0.0,-0.45117416215721073,-0.06128322816609777,0.1826847497432463,-0.08689188180430595,0.7759146364302304,-0.640297074395783
target,C:\Users\hoytb\Desktop\PRAYCGStimulus\Field of dreams\1.8prep\Fieldofdreams1_8_MediaPrep_v1_7A_20260817_210857\stimulus_target_cued_Fieldofdreams1_8_v1_7A.mp4,104.5,45.51246985473633,23.04581737823486,3.805824872016906,10.681007668685911,0.014260771683230991,0.033889166666666665,-0.20057619644475394,0.0,0.0,0.0302937563634273,-30.372937433841116,-0.004270871663012786,0.0,0.0,0.0,0.0,-0.8660254037844494,0.49999999999998135,0.3333333333333333,0.0,-0.46247929374757646,-0.07134768413308784,0.15300460718958583,-0.2521151334096705,0.5033044700673633,-1.581027929616582
target,C:\Users\hoytb\Desktop\PRAYCGStimulus\Field of dreams\1.8prep\Fieldofdreams1_8_MediaPrep_v1_7A_20260817_210857\stimulus_target_cued_Fieldofdreams1_8_v1_7A.mp4,104.75,45.51173269958496,23.07427980117798,2.6065357572555543,7.037456308937074,0.006328479173593215,0.03354688888888889,-0.8981761343818964,0.0,0.0,0.031195008340375613,-30.118297878112386,0.0009012519769483127,0.0,0.0,0.0,0.0,-0.5000000000000284,0.8660254037844223,0.3333333333333333,0.0,-0.46250191027154325,-0.37504252837899343,-0.22569895109333885,-0.7626511195457653,0.5608314740975958,0.3220459009511128
target,C:\Users\hoytb\Desktop\PRAYCGStimulus\Field of dreams\1.8prep\Fieldofdreams1_8_MediaPrep_v1_7A_20260817_210857\stimulus_target_cued_Fieldofdreams1_8_v1_7A.mp4,105.0,45.61354287719727,23.18266586303711,2.442417348861701,6.467079833984396,0.007906941346824231,0.03318513888888888,-0.8643767566936873,0.0,0.0,0.03180966823230899,-29.948817208984178,0.0006146598919333779,0.0,0.0,0.0,0.0,-1.5677954951632475e-14,1.0,0.3333333333333333,0.0,-0.45937829061325186,-0.41660207716633924,-0.2849827594709818,-0.6610585797837867,0.6000652766132951,0.21659484544543728
target,C:\Users\hoytb\Desktop\PRAYCGStimulus\Field of dreams\1.8prep\Fieldofdreams1_8_MediaPrep_v1_7A_20260817_210857\stimulus_target_cued_Fieldofdreams1_8_v1_7A.mp4,105.25,45.37980398101807,23.19442883529663,2.641062471199029,7.432814468383761,0.007378699527867129,0.033794638888888874,-0.8382139250386186,0.0,0.0,0.03031964884327891,-30.36551665834262,-0.0014900193890300811,0.0,0.0,0.0,0.0,0.4999999999999767,0.8660254037844521,0.3333333333333333,0.0,-0.46654959144127844,-0.36629936137753777,-0.18460620201542569,-0.6950571316062161,0.5049571896517573,-0.5578182081005365
target,C:\Users\hoytb\Desktop\PRAYCGStimulus\Field of dreams\1.8prep\Fieldofdreams1_8_MediaPrep_v1_7A_20260817_210857\stimulus_target_cued_Fieldofdreams1_8_v1_7A.mp4,105.5,45.256125158691404,23.269926608276368,3.090365436553956,8.069169086456299,0.009943068479374057,0.03367095833333333,-0.5966322509298692,0.0,0.0,0.032401512203648876,-29.788694408948665,0.0020818633603699663,0.0,0.0,0.0,0.0,0.8660254037844195,0.5000000000000331,0.3333333333333333,0.0,-0.47034415903554233,-0.25252279790906945,-0.11846475527856568,-0.5300099362482934,0.6378427366304409,0.7564497907771052
target,C:\Users\hoytb\Desktop\PRAYCGStimulus\Field of dreams\1.8prep\Fieldofdreams1_8_MediaPrep_v1_7A_20260817_210857\stimulus_target_cued_Fieldofdreams1_8_v1_7A.mp4,105.75,45.32758437194823,23.19013907012937,3.043878585147774,8.741066176986417,0.007791298192738842,0.03435611111111121,-0.7131633287764051,0.0,0.0,0.0464317124569342,-26.663705974612483,0.014030200253285323,0.0,0.0,0.0,0.0,1.0,2.1068257809790594e-14,0.3333333333333333,0.0,-0.4681517318290499,-0.264294619168443,-0.04862909389756619,-0.6685015720384394,1.5333918251868395,5.15281941427759
target,C:\Users\hoytb\Desktop\PRAYCGStimulus\Field of dreams\1.8prep\Fieldofdreams1_8_MediaPrep_v1_7A_20260817_210857\stimulus_target_cued_Fieldofdreams1_8_v1_7A.mp4,106.0,45.52949814453125,23.483335986328143,5.132839519500677,15.448940921020347,0.020048171243071535,0.03232372222222224,0.42625044096349796,0.0,0.0,0.061598326599180166,-24.20862171715929,0.015166614142245967,0.0,0.0,0.0,0.0,0.8660254037844548,-0.49999999999997197,0.3333333333333333,0.0,-0.46195685186604823,0.2646909755355727,0.6485742067461561,0.12037185416130551,2.50147832618988,5.57096091346088
target,C:\Users\hoytb\Desktop\PRAYCGStimulus\Field of dreams\1.8prep\Fieldofdreams1_8_MediaPrep_v1_7A_20260817_210857\stimulus_target_cued_Fieldofdreams1_8_v1_7A.mp4,106.25,44.79858318328859,22.499916267395033,6.134076266288765,17.672442626953167,0.022740803901106058,0.031341145833333355,0.8179668396680775,0.0,0.0,0.0560857837703479,-25.02294413390198,-0.005512542828832269,0.0,1.0,0.0,0.0,0.5000000000000131,-0.866025403784431,0.3333333333333333,0.0,-0.48438192168736727,0.5182332066176858,0.8796805984899951,0.29367432223111745,2.1496121648474675,-2.0378986593850046
target,C:\Users\hoytb\Desktop\PRAYCGStimulus\Field of dreams\1.8prep\Fieldofdreams1_8_MediaPrep_v1_7A_20260817_210857\stimulus_target_cued_Fieldofdreams1_8_v1_7A.mp4,106.5,43.302840921020504,21.235891279602047,6.620463919448857,19.08634646301271,0.027772031563520448,0.031131500000000003,1.1889170763154044,0.0,0.0,0.04402980714003307,-27.125064336582167,-0.012055976630314824,1.0,0.0,2.0,35.0,2.6458560667948713e-14,-1.0,0.3333333333333333,0.0,-0.5302725196976106,0.6414006903807478,1.0266389808256666,0.6174927861852694,1.3800779680417226,-4.445543661032181
target,C:\Users\hoytb\Desktop\PRAYCGStimulus\Field of dreams\1.8prep\Fieldofdreams1_8_MediaPrep_v1_7A_20260817_210857\stimulus_target_cued_Fieldofdreams1_8_v1_7A.mp4,106.75,42.44180783691409,20.253341061401397,4.136502374267703,11.170907225037029,0.016557401003316596,0.031136479166666675,-0.002916380155929321,0.0,0.0,0.04635341298739594,-26.678365667301314,0.002323605847362867,1.0,0.0,2.0,35.0,-0.4999999999999673,-0.8660254037844575,0.3333333333333333,0.0,-0.5566897201291416,0.012389465904886635,0.20392380301620466,-0.10430012112988316,1.528393962197463,0.8453985152774345
target,C:\Users\hoytb\Desktop\PRAYCGStimulus\Field of dreams\1.8prep\Fieldofdreams1_8_MediaPrep_v1_7A_20260817_210857\stimulus_target_cued_Fieldofdreams1_8_v1_7A.mp4,107.0,40.72712199707035,18.06097519531257,4.983645680236733,12.327369035339073,0.034753201466798306,0.03261450000000007,1.1008802712852477,0.0,0.0,0.04677930605192186,-26.59892450031164,0.0004258930645259229,1.0,0.0,2.0,35.0,-0.8660254037844284,-0.5000000000000178,0.3333333333333333,0.0,-0.6092976864714218,0.22691076122358977,0.32412416780806713,1.0668128858441182,1.5555787591977317,0.14713842206397337
target,C:\Users\hoytb\Desktop\PRAYCGStimulus\Field of dreams\1.8prep\Fieldofdreams1_8_MediaPrep_v1_7A_20260817_210857\stimulus_target_cued_Fieldofdreams1_8_v1_7A.mp4,107.25,39.607007212829586,15.628461770629896,8.450040938568078,22.633612268829282,0.05179660691022864,0.027208354166666806,2.8317021171065155,0.0,0.0,0.04165600179231789,-27.606448332714095,-0.005123304259603972,0.0,0.0,0.0,0.0,-1.0,-3.184886352610683e-14,0.3333333333333333,0.0,-0.6436637257187037,1.1047027424200229,1.3953348081106935,2.1637557676915664,1.2285577347464889,-1.8946790098733866
target,C:\Users\hoytb\Desktop\PRAYCGStimulus\Field of dreams\1.8prep\Fieldofdreams1_8_MediaPrep_v1_7A_20260817_210857\stimulus_target_cued_Fieldofdreams1_8_v1_7A.mp4,107.5,41.151352554321306,14.631072647094724,10.94202757263184,25.28525535583495,0.07263680946826952,0.01688118055555553,4.492688609747218,0.0,0.0,0.035670656548616654,-28.953777940369726,-0.005985345243701236,0.0,0.0,0.0,0.0,-0.866025403784446,0.4999999999999873,0.3333333333333333,0.0,-0.5962819454192538,1.7357461525367488,1.6709413724750246,3.505067040733768,0.8465125478692114,-2.211865479476937
target,C:\Users\hoytb\Desktop\PRAYCGStimulus\Field of dreams\1.8prep\Fieldofdreams1_8_MediaPrep_v1_7A_20260817_210857\stimulus_target_cued_Fieldofdreams1_8_v1_7A.mp4,107.75,48.39867634124736,18.75013398056015,14.849140866470213,35.60949972228964,0.14690782865285673,0.01691524305555548,9.115272348665288,0.0,0.0,0.031663985363178854,-29.9886884775703,-0.0040066711854378,0.0,0.0,0.0,0.0,-0.5000000000000225,0.8660254037844257,0.3333333333333333,0.0,-0.3739281141839312,2.7251407435645087,2.744023015114021,8.285277550452797,0.5907663244734478,-1.4838158268331643
target,C:\Users\hoytb\Desktop\PRAYCGStimulus\Field of dreams\1.8prep\Fieldofdreams1_8_MediaPrep_v1_7A_20260817_210857\stimulus_target_cued_Fieldofdreams1_8_v1_7A.mp4,108.0,58.70876984252906,24.427351559448127,15.751033001709008,41.37886734619139,0.18366295957565276,0.01833197222222221,11.133896551152601,0.0,0.0,0.032760645196294555,-29.69295107421192,0.0010966598331157013,0.0,0.0,0.0,0.0,-3.723916638426495e-14,1.0,0.3333333333333333,0.0,-0.05760599890325792,2.953526032955263,3.3436797325548056,10.650900980051693,0.6607662315505549,0.39394587922817703
target,C:\Users\hoytb\Desktop\PRAYCGStimulus\Field of dreams\1.8prep\Fieldofdreams1_8_MediaPrep_v1_7A_20260817_210857\stimulus_target_cued_Fieldofdreams1_8_v1_7A.mp4,108.25,68.19291887817376,27.035943180084196,15.660278395462027,39.265484500122,0.1668038953661918,0.022812145833333308,10.292182701208748,0.0,0.0,0.03831209394470676,-28.333282220472043,0.005551448748412208,0.0,0.0,0.0,0.0,0.4999999999999826,0.8660254037844487,0.3333333333333333,0.0,0.23337546350727575,2.9305443301535496,3.1240188784051486,9.565822617012111,1.0151157616396898,2.033077654791762
target,C:\Users\hoytb\Desktop\PRAYCGStimulus\Field of dreams\1.8prep\Fieldofdreams1_8_MediaPrep_v1_7A_20260817_210857\stimulus_target_cued_Fieldofdreams1_8_v1_7A.mp4,108.5,75.96699794921868,30.25219889678954,15.753867703247098,44.387889175415076,0.1596123706936841,0.025564208333333317,9.96763157541019,0.0,0.0,0.05157600599778543,-25.75104584568647,0.01326391205307867,0.0,0.0,0.0,0.0,0.8660254037844229,0.5000000000000272,0.3333333333333333,0.0,0.47189057840962234,2.954243861735244,3.6564315401090033,9.102963722683663,1.8617525975640634,4.870865013725583
target,C:\Users\hoytb\Desktop\PRAYCGStimulus\Field of dreams\1.8prep\Fieldofdreams1_8_MediaPrep_v1_7A_20260817_210857\stimulus_target_cued_Fieldofdreams1_8_v1_7A.mp4,108.75,82.25742977905256,31.760541847228932,13.35925452995307,38.66958888244659,0.12865355098247544,0.0272663541666666,7.841049647142095,0.0,0.0,0.05174694655671213,-25.722305432304054,0.00017094055892669796,0.0,0.0,0.0,0.0,1.0,1.4207759812019062e-14,0.3333333333333333,0.0,0.6648861804567392,2.347858240668854,3.0620826605513582,7.1104008498864735,1.8726637505754595,0.05332909436445266
target,C:\Users\hoytb\Desktop\PRAYCGStimulus\Field of dreams\1.8prep\Fieldofdreams1_8_MediaPrep_v1_7A_20260817_210857\stimulus_target_cued_Fieldofdreams1_8_v1_7A.mp4,109.0,85.9012791259765,33.73050351562496,10.724166497802806,27.696315509033486,0.11370991603136113,0.028166916666666663,6.428869457088762,0.0,0.0,0.04726280398795793,-26.509610325758256,-0.0044841425687542,0.0,0.0,0.0,0.0,0.8660254037844514,-0.4999999999999779,0.3333333333333333,0.0,0.7766824636853823,1.6805773993369708,1.9215422201363026,6.148602807648953,1.5864404809208132,-1.6595005856842173
target,C:\Users\hoytb\Desktop\PRAYCGStimulus\Field of dreams\1.8prep\Fieldofdreams1_8_MediaPrep_v1_7A_20260817_210857\stimulus_target_cued_Fieldofdreams1_8_v1_7A.mp4,109.25,87.48383986206053,35.62708180389403,7.750442818450949,19.963348594665568,0.05810420131385376,0.030522416666666642,2.9553518898712494,0.0,0.0,0.05026987660693027,-25.97384361573321,0.003007072618972338,0.0,1.0,0.0,0.0,0.5000000000000319,-0.8660254037844203,0.3333333333333333,0.0,0.8252367235993209,0.9275441744745628,1.117792856560121,2.5697233899254464,1.7783822276191892,1.0968789162993937
target,C:\Users\hoytb\Desktop\PRAYCGStimulus\Field of dreams\1.8prep\Fieldofdreams1_8_MediaPrep_v1_7A_20260817_210857\stimulus_target_cued_Fieldofdreams1_8_v1_7A.mp4,109.5,89.2083424987793,36.82853276672363,6.6521846576690615,16.32763230133055,0.061383505189418645,0.03105990277777778,2.8281137890128,0.0,0.0,0.04683598615331176,-26.58840662115115,-0.003433890453618506,1.0,0.0,6.0,36.0,1.959806267017718e-14,-1.0,0.3333333333333333,0.0,0.8781458773122495,0.6494333028130446,0.7399036596618265,2.780785026383919,1.5591966557510701,-1.2730621602044774
target,C:\Users\hoytb\Desktop\PRAYCGStimulus\Field of dreams\1.8prep\Fieldofdreams1_8_MediaPrep_v1_7A_20260817_210857\stimulus_target_cued_Fieldofdreams1_8_v1_7A.mp4,109.75,89.82649918823242,36.935816152954104,5.063655687522893,12.318231458282476,0.020571431168541866,0.03219305555555548,0.43360155976369974,0.0,0.0,0.044465503291514705,-27.039535753270222,-0.0023704828617970575,1.0,0.0,6.0,36.0,-0.49999999999997324,-0.866025403784454,0.3333333333333333,0.0,0.8971114309765688,0.24717161942851001,0.3231744260304032,0.15404976275215923,1.407888497065037,-0.8817832001296496
target,C:\Users\hoytb\Desktop\PRAYCGStimulus\Field of dreams\1.8prep\Fieldofdreams1_8_MediaPrep_v1_7A_20260817_210857\stimulus_target_cued_Fieldofdreams1_8_v1_7A.mp4,110.0,90.2293126220703,36.912644836425784,6.196918186187681,16.128130935668743,0.013252224907278898,0.032995972222222246,0.37393893626897967,0.0,0.0,0.038283352483460216,-28.339800758682244,-0.006182150808054489,1.0,0.0,6.0,36.0,-0.8660254037844318,-0.5000000000000119,0.3333333333333333,0.0,0.9094700771362014,0.5341466063483362,0.7191678803084549,-0.31702693818735306,1.0132811912872746,-2.284279742031882
target,C:\Users\hoytb\Desktop\PRAYCGStimulus\Field of dreams\1.8prep\Fieldofdreams1_8_MediaPrep_v1_7A_20260817_210857\stimulus_target_cued_Fieldofdreams1_8_v1_7A.mp4,110.25,90.32287827148437,36.76477187652588,9.099120703315718,26.476156909942564,0.01520489178076387,0.03212161805555556,1.2254071292531352,0.0,0.0,0.03106672240667686,-30.154091262769786,-0.007216630076783356,0.0,0.0,0.0,0.0,-1.0,-2.49883655283353e-14,0.3333333333333333,0.0,0.9123407479149476,1.2690685951839156,1.794721336464968,-0.19134994044191084,0.5526429700902049,-2.6649145763139024
target,C:\Users\hoytb\Desktop\PRAYCGStimulus\Field of dreams\1.8prep\Fieldofdreams1_8_MediaPrep_v1_7A_20260817_210857\stimulus_target_cued_Fieldofdreams1_8_v1_7A.mp4,110.5,88.94039552001952,37.112093859863286,7.760242573547338,22.651748683166424,0.021754496718943202,0.032336972222222225,1.1941143324774346,0.0,0.0,0.031157512849703858,-30.12874434369007,9.079044302699735e-05,0.0,0.0,0.0,0.0,-0.8660254037844568,0.4999999999999686,0.3333333333333333,0.0,0.8699250444852898,0.9300257571563485,1.397219871326721,0.2301938959524828,0.5584381331694646,0.023837999660685068
target,C:\Users\hoytb\Desktop\PRAYCGStimulus\Field of dreams\1.8prep\Fieldofdreams1_8_MediaPrep_v1_7A_20260817_210857\stimulus_target_cued_Fieldofdreams1_8_v1_7A.mp4,110.75,86.44561713867189,37.74109242706298,10.114697588729786,32.799426542663234,0.06502763700485324,0.0320676111111111,3.907751869113478,0.0,0.0,0.03002659844625839,-30.44987727827063,-0.0011309144034454682,0.0,0.0,0.0,0.0,-0.5000000000000165,0.866025403784429,0.3333333333333333,0.0,0.7933831998699842,1.5262421659595842,2.451949538693123,3.0153276164034315,0.48625175343452554,-0.4256861578896088
target,C:\Users\hoytb\Desktop\PRAYCGStimulus\Field of dreams\1.8prep\Fieldofdreams1_8_MediaPrep_v1_7A_20260817_210857\stimulus_target_cued_Fieldofdreams1_8_v1_7A.mp4,111.0,86.09317711181642,38.08163677368162,12.90620400695791,43.809126239013395,0.0433162442088127,0.032409888888888884,3.5821086244661986,0.0,0.0,0.03145996966140546,-30.04483401025989,0.001433371215147073,0.0,0.0,0.0,0.0,-3.037866838649342e-14,1.0,0.3333333333333333,0.0,0.7825700511055581,2.2331326867360812,3.5962760594318492,1.6179450415617949,0.5777439817786902,0.5178382422504586
target,C:\Users\hoytb\Desktop\PRAYCGStimulus\Field of dreams\1.8prep\Fieldofdreams1_8_MediaPrep_v1_7A_20260817_210857\stimulus_target_cued_Fieldofdreams1_8_v1_7A.mp4,111.25,86.87157702636718,38.86815438842773,14.112625331878684,46.415587814331126,0.05089826211333266,0.03295440972222222,4.26457187573071,0.0,0.0,0.039489933762873755,-28.07027189402488,0.008029964101468293,0.0,0.0,0.0,0.0,0.49999999999998856,0.8660254037844453,0.3333333333333333,0.0,0.8064519981969577,2.5386336137912395,3.8671865463828508,2.105936751787114,1.0902973953001136,2.945043036017019
target,C:\Users\hoytb\Desktop\PRAYCGStimulus\Field of dreams\1.8prep\Fieldofdreams1_8_MediaPrep_v1_7A_20260817_210857\stimulus_target_cued_Fieldofdreams1_8_v1_7A.mp4,111.5,89.04646666870113,39.18451637268066,9.888961630249124,30.534617837524856,0.040509507188201885,0.03302743055555557,2.659203031019312,0.0,0.0,0.041238993066417255,-27.693838948567286,0.0017490593035435,0.0,0.0,0.0,0.0,0.8660254037844264,0.5000000000000212,0.3333333333333333,0.0,0.8731793942268364,1.469079263447018,2.216549778738821,1.4372986205049318,1.2019400259712396,0.6339951212174317
target,C:\Users\hoytb\Desktop\PRAYCGStimulus\Field of dreams\1.8prep\Fieldofdreams1_8_MediaPrep_v1_7A_20260817_210857\stimulus_target_cued_Fieldofdreams1_8_v1_7A.mp4,111.75,89.24391374816896,38.88833206024171,7.204521753311232,17.49501604919472,0.03213063042908902,0.034351263888888824,1.5526959041983304,0.0,0.0,0.03370770113106561,-29.44541730775484,-0.007531291935351646,0.0,0.0,0.0,0.0,1.0,3.576897124465154e-14,0.3333333333333333,0.0,0.8792372323856749,0.7893011013010379,0.8612392291509013,0.8980197041350373,0.721216906800008,-2.780693855813804
target,C:\Users\hoytb\Desktop\PRAYCGStimulus\Field of dreams\1.8prep\Fieldofdreams1_8_MediaPrep_v1_7A_20260817_210857\stimulus_target_cued_Fieldofdreams1_8_v1_7A.mp4,112.0,116.78379925537106,65.22713013916015,53.125268569947075,95.8429518310552,0.5913768484592562,0.03519341666666672,40.662296600875,1.0,1.0,0.026665783379075318,-31.480913064188766,-0.007041917751990291,0.0,0.0,0.0,0.0,0.8660254037844479,-0.49999999999998385,0.3333333333333333,0.0,1.7241834821110298,12.417768232772502,9.004569495465013,36.892067965468094,0.2717305908076671,-2.6006294825426663
target,C:\Users\hoytb\Desktop\PRAYCGStimulus\Field of dreams\1.8prep\Fieldofdreams1_8_MediaPrep_v1_7A_20260817_210857\stimulus_target_cued_Fieldofdreams1_8_v1_7A.mp4,112.25,118.14992729187011,65.81593794250487,18.46880244216919,73.17618899230956,0.039474550154805235,0.03268954861111111,4.84608826920579,0.0,0.0,0.022884699120197458,-32.809095862559865,-0.0037810842588778606,0.0,1.0,0.0,0.0,0.5000000000000259,-0.8660254037844237,0.3333333333333333,0.0,1.7660974094867505,3.641744208837797,6.648630771335194,1.370687006143553,0.030383603547088828,-1.400811512485867
target,C:\Users\hoytb\Desktop\PRAYCGStimulus\Field of dreams\1.8prep\Fieldofdreams1_8_MediaPrep_v1_7A_20260817_210857\stimulus_target_cued_Fieldofdreams1_8_v1_7A.mp4,112.5,117.37333557128908,66.5130223083496,16.075139656066987,60.212968978882344,0.03373333446681482,0.03428749999999994,3.943385187340112,0.0,0.0,0.041390433823760675,-27.66200043225912,0.018505734703563217,1.0,0.0,9.0,37.0,1.273756467240565e-14,-1.0,0.3333333333333333,0.0,1.7422709392677256,3.0355992534179492,5.301259193120987,1.0011724919817382,1.2116065046929123,6.799584473086605
target,C:\Users\hoytb\Desktop\PRAYCGStimulus\Field of dreams\1.8prep\Fieldofdreams1_8_MediaPrep_v1_7A_20260817_210857\stimulus_target_cued_Fieldofdreams1_8_v1_7A.mp4,112.75,118.18613469543452,66.76821523742676,11.57068752212534,33.82968346633972,0.028889460760355572,0.038099187499999874,2.5338573414770043,0.0,0.0,0.04330772397814421,-27.268692797013436,0.0019172901543835358,1.0,0.0,9.0,37.0,-0.4999999999999792,-0.8660254037844506,0.3333333333333333,0.0,1.7672082822914337,1.89494111486496,2.559032415924419,0.6894124508030754,1.3339873274366414,0.6958953680046909
target,C:\Users\hoytb\Desktop\PRAYCGStimulus\Field of dreams\1.8prep\Fieldofdreams1_8_MediaPrep_v1_7A_20260817_210857\stimulus_target_cued_Fieldofdreams1_8_v1_7A.mp4,113.0,120.69857425537104,66.91178481445313,9.168428839111362,22.334081484985486,0.03179753045439701,0.038742305555555565,2.0486012977156696,0.0,0.0,0.02461420857626572,-32.176282471480384,-0.01869351540187849,1.0,0.0,9.0,37.0,-0.866025403784421,-0.5000000000000305,0.3333333333333333,0.0,1.844291986334968,1.2866194286287942,1.3642021678767602,0.8765808169716264,0.14077836549419104,-6.887814421527045
target,C:\Users\hoytb\Desktop\PRAYCGStimulus\Field of dreams\1.8prep\Fieldofdreams1_8_MediaPrep_v1_7A_20260817_210857\stimulus_target_cued_Fieldofdreams1_8_v1_7A.mp4,113.25,121.1554489074707,67.0513363494873,7.998002736091612,18.05922009124756,0.03462637902051211,0.03971518055555555,1.8806887620311863,0.0,0.0,0.04034203630927488,-27.884843681217696,0.01572782773300916,0.0,0.0,0.0,0.0,-1.0,-1.812786753056377e-14,0.3333333333333333,0.0,1.8583092749611398,0.9902335374513718,0.9198814869995043,1.0586503751197285,1.1446871862517736,5.777458470806279
target,C:\Users\hoytb\Desktop\PRAYCGStimulus\Field of dreams\1.8prep\Fieldofdreams1_8_MediaPrep_v1_7A_20260817_210857\stimulus_target_cued_Fieldofdreams1_8_v1_7A.mp4,113.5,121.23024326171875,67.21937010498047,8.757257095336913,17.52166397247314,0.03156998794674873,0.03950731944444445,1.9303515174769281,0.0,0.0,0.07020729535918509,-23.072355144853283,0.029865259049910206,0.0,0.0,0.0,0.0,-0.8660254037844534,0.4999999999999745,0.3333333333333333,0.0,1.8606040270255955,1.182498798209542,0.8640089618567093,0.8619357899017156,3.050989665105203,10.979301551812926
target,C:\Users\hoytb\Desktop\PRAYCGStimulus\Field of dreams\1.8prep\Fieldofdreams1_8_MediaPrep_v1_7A_20260817_210857\stimulus_target_cued_Fieldofdreams1_8_v1_7A.mp4,113.75,120.2441024780274,66.97654061889648,9.875500202178916,21.24065457916243,0.033721043027937374,0.035061944444444576,2.326297199295019,0.0,0.0,0.052751623463011696,-25.555283402837667,-0.01745567189617339,0.0,0.0,0.0,0.0,-0.5000000000000107,0.8660254037844325,0.3333333333333333,0.0,1.830348419874893,1.4656704387934876,1.250553527011705,1.0003813938394668,1.9367923782135117,-6.432352072590764
target,C:\Users\hoytb\Desktop\PRAYCGStimulus\Field of dreams\1.8prep\Fieldofdreams1_8_MediaPrep_v1_7A_20260817_210857\stimulus_target_cued_Fieldofdreams1_8_v1_7A.mp4,114.0,117.89660277099613,67.2956072265625,8.606162846374563,20.351809973144626,0.027606838256120866,0.035107611111111055,1.6986517828426435,0.0,0.0,0.02017714575405543,-33.902805374965865,-0.032574477708956266,0.0,0.0,0.0,0.0,-2.3518170388721888e-14,1.0,0.3333333333333333,0.0,1.758325205647342,1.1442373449533736,1.1581687677962536,0.6068606608578361,-0.14243979921927735,-11.9952901797622
target,C:\Users\hoytb\Desktop\PRAYCGStimulus\Field of dreams\1.8prep\Fieldofdreams1_8_MediaPrep_v1_7A_20260817_210857\stimulus_target_cued_Fieldofdreams1_8_v1_7A.mp4,114.25,116.49864827880859,67.20907715454102,6.111654055213929,13.4417531124115,0.02171173136532307,0.03666845138888889,0.7621869069635964,0.0,0.0,0.018606939072741947,-34.606501288291604,-0.0015702066813134824,0.0,0.0,0.0,0.0,0.49999999999996986,0.866025403784456,0.3333333333333333,0.0,1.7154348165369127,0.5125552513888701,0.4399510558117133,0.2274414442550213,-0.24266624908524992,-0.5873229817895451
target,C:\Users\hoytb\Desktop\PRAYCGStimulus\Field of dreams\1.8prep\Fieldofdreams1_8_MediaPrep_v1_7A_20260817_210857\stimulus_target_cued_Fieldofdreams1_8_v1_7A.mp4,114.5,115.88495209350587,66.89123825683595,6.565576340103155,11.493297583770605,0.031873008400200825,0.04027970833333342,1.3735969609560224,0.0,0.0,0.019253786632259715,-34.30967690523305,0.0006468475595177679,0.0,0.0,0.0,0.0,0.8660254037844298,0.5000000000000153,0.3333333333333333,0.0,1.6966061147942464,0.6275015607586593,0.23743242247942256,0.8814387073539663,-0.20137790452114276,0.22843824133288082
target,C:\Users\hoytb\Desktop\PRAYCGStimulus\Field of dreams\1.8prep\Fieldofdreams1_8_MediaPrep_v1_7A_20260817_210857\stimulus_target_cued_Fieldofdreams1_8_v1_7A.mp4,114.75,115.60702728881834,66.80209142150879,6.362182614898697,13.930252573394814,0.0476156050235036,0.03859402777777779,2.0844404551311135,0.0,0.0,0.02021265658830055,-33.8875320510682,0.0009588699560408344,0.0,0.0,0.0,0.0,1.0,2.8908473246880007e-14,0.3333333333333333,0.0,1.6880791540933762,0.5759963607728711,0.49072472848101356,1.8946592966924765,-0.14017313910980048,0.3432463353981902
target,C:\Users\hoytb\Desktop\PRAYCGStimulus\Field of dreams\1.8prep\Fieldofdreams1_8_MediaPrep_v1_7A_20260817_210857\stimulus_target_cued_Fieldofdreams1_8_v1_7A.mp4,115.0,115.95863385009766,66.72402276611328,5.084229949951206,11.222502311706611,0.03353485929966,0.038131111111111116,1.0679890907523366,0.0,0.0,0.020072348440144498,-33.948036251931036,-0.0001403081481560521,0.0,0.0,0.0,0.0,0.8660254037844587,-0.4999999999999652,0.3333333333333333,0.0,1.6988667314510992,0.2523816203755164,0.20928649479202024,0.9883982889296197,-0.14912902227110927,-0.06119432202697502
target,C:\Users\hoytb\Desktop\PRAYCGStimulus\Field of dreams\1.8prep\Fieldofdreams1_8_MediaPrep_v1_7A_20260817_210857\stimulus_target_cued_Fieldofdreams1_8_v1_7A.mp4,115.25,115.38938108520507,66.81962902526855,3.5757833292961116,7.35186126861572,0.02965884018614889,0.040183923611111116,0.48660165587402093,0.0,0.0,0.020591550035351847,-33.72621920955576,0.0005192015952073491,0.0,1.0,0.0,0.0,0.50000000000002,-0.8660254037844272,0.3333333333333333,0.0,1.6814015902573936,-0.12960088565620975,-0.19302031829363253,0.738931033657019,-0.11598833240418512,0.18147113243009305
target,C:\Users\hoytb\Desktop\PRAYCGStimulus\Field of dreams\1.8prep\Fieldofdreams1_8_MediaPrep_v1_7A_20260817_210857\stimulus_target_cued_Fieldofdreams1_8_v1_7A.mp4,115.5,114.62024098510744,66.86271786499023,3.631440814781177,7.346787432861289,0.028262681496143537,0.04085375000000003,0.43336811145580467,0.0,0.0,0.021459175084142197,-33.36773953636368,0.0008676250487903506,1.0,0.0,7.0,38.0,3.4298776105038126e-14,-1.0,0.3333333333333333,0.0,1.6578037418596243,-0.11550679343319374,-0.19354768279727952,0.6490718595609656,-0.06060773856904322,0.3096729316575406
target,C:\Users\hoytb\Desktop\PRAYCGStimulus\Field of dreams\1.8prep\Fieldofdreams1_8_MediaPrep_v1_7A_20260817_210857\stimulus_target_cued_Fieldofdreams1_8_v1_7A.mp4,115.75,113.45813696289063,66.71109898681641,2.5937739185333357,4.958790963745147,0.02395724854879114,0.040413951388888876,-0.046104802303463574,0.0,0.0,0.019719141819346475,-34.102239790733805,-0.001740033264795722,1.0,0.0,7.0,38.0,-0.4999999999999851,-0.8660254037844473,0.3333333333333333,0.0,1.6221494383910766,-0.3782741966859361,-0.4417513365214533,0.37196679153066897,-0.17167423628212714,-0.6498103756064109
target,C:\Users\hoytb\Desktop\PRAYCGStimulus\Field of dreams\1.8prep\Fieldofdreams1_8_MediaPrep_v1_7A_20260817_210857\stimulus_target_cued_Fieldofdreams1_8_v1_7A.mp4,116.0,113.02388913574218,66.70731395263672,2.181573844528204,3.7409104370117388,0.013260304437577782,0.04056450000000001,-0.6726283382885008,0.0,0.0,0.01927680260902106,-34.2992999937056,-0.00044233921032541673,1.0,0.0,7.0,38.0,-0.8660254037844244,-0.5000000000000246,0.3333333333333333,0.0,1.6088263592916912,-0.48265523019348155,-0.5683354418349071,-0.31650692572391387,-0.19990879241734155,-0.17232612212396678
target,C:\Users\hoytb\Desktop\PRAYCGStimulus\Field of dreams\1.8prep\Fieldofdreams1_8_MediaPrep_v1_7A_20260817_210857\stimulus_target_cued_Fieldofdreams1_8_v1_7A.mp4,116.25,102.93021618652338,54.596809028625415,28.954565051078962,53.996408462524734,0.2876558188982325,0.03878593749999999,19.622614487951985,1.0,1.0,0.019747785995644862,-34.08963175602991,0.0004709833866238036,0.0,0.0,0.0,0.0,-1.0,-3.9689078963196245e-14,0.3333333333333333,0.0,1.299144203853306,6.297043921906631,4.65512212645753,17.344060230149726,-0.16984587563770492,0.16372932707122306
target,C:\Users\hoytb\Desktop\PRAYCGStimulus\Field of dreams\1.8prep\Fieldofdreams1_8_MediaPrep_v1_7A_20260817_210857\stimulus_target_cued_Fieldofdreams1_8_v1_7A.mp4,116.5,89.98331996459962,39.228961462402346,24.55395188312672,46.543407992556354,0.24216925346256757,0.03745449999999999,16.268060686508363,0.0,0.0,0.01774180858562035,-35.02004221189719,-0.0020059774100245134,0.0,0.0,0.0,0.0,-0.8660254037844499,0.49999999999998046,0.3333333333333333,0.0,0.9019228208727188,5.182680826154131,3.880471924173597,14.416466660897745,-0.29788761479902015,-0.7476640578477375
target,C:\Users\hoytb\Desktop\PRAYCGStimulus\Field of dreams\1.8prep\Fieldofdreams1_8_MediaPrep_v1_7A_20260817_210857\stimulus_target_cued_Fieldofdreams1_8_v1_7A.mp4,116.75,89.99964696044921,39.14675367736817,2.342363309001944,5.171987409973177,0.010717796022445315,0.03740009722222223,-0.7540740139058257,0.0,0.0,0.01851175882278439,-34.651046329235776,0.0007699502371640403,0.0,0.0,0.0,0.0,-0.5000000000000293,0.8660254037844217,0.3333333333333333,0.0,0.9024237464814615,-0.4419386667154149,-0.41959211744421915,-0.48014713936982334,-0.24874161398092218,0.2737336558684842
target,C:\Users\hoytb\Desktop\PRAYCGStimulus\Field of dreams\1.8prep\Fieldofdreams1_8_MediaPrep_v1_7A_20260817_210857\stimulus_target_cued_Fieldofdreams1_8_v1_7A.mp4,117.0,89.79076984863282,39.07231309204102,1.3380619804382277,3.2971397430419844,0.011092408427595951,0.03739719444444445,-0.9977578736272421,0.0,0.0,0.020733032171113587,-33.66674356804229,0.002221273348329198,0.0,0.0,0.0,0.0,-1.6657672390950356e-14,1.0,0.3333333333333333,0.0,0.8960152255659853,-0.696256938931874,-0.614460094481388,-0.45603644079812783,-0.10695751349632454,0.8077454515681853
target,C:\Users\hoytb\Desktop\PRAYCGStimulus\Field of dreams\1.8prep\Fieldofdreams1_8_MediaPrep_v1_7A_20260817_210857\stimulus_target_cued_Fieldofdreams1_8_v1_7A.mp4,117.25,89.39469737548828,38.81785764007568,1.7006158280849453,3.8791161773681635,0.02110595410540702,0.036815333333333346,-0.41733954279294505,0.0,0.0,0.022360194154106727,-33.01048859520656,0.0016271619829931402,0.0,0.0,0.0,0.0,0.4999999999999758,0.8660254037844526,0.3333333333333333,0.0,0.8838633976030328,-0.6044477722041882,-0.5539706091537199,0.18845257812403896,-0.0030956010149321826,0.5891432157132052
target,C:\Users\hoytb\Desktop\PRAYCGStimulus\Field of dreams\1.8prep\Fieldofdreams1_8_MediaPrep_v1_7A_20260817_210857\stimulus_target_cued_Fieldofdreams1_8_v1_7A.mp4,117.5,89.46157263183593,38.92158509826661,1.5127840337753522,3.493008483886765,0.020640761524438774,0.036164513888888895,-0.48888722028683296,0.0,0.0,0.023812135017527894,-32.46403327191402,0.0014519408634211667,0.0,0.0,0.0,0.0,0.8660254037844191,0.500000000000034,0.3333333333333333,0.0,0.8859151852560933,-0.6520122391998151,-0.5941018830029509,0.15851198367681482,0.08958192983999205,0.5246709117945958
target,C:\Users\hoytb\Desktop\PRAYCGStimulus\Field of dreams\1.8prep\Fieldofdreams1_8_MediaPrep_v1_7A_20260817_210857\stimulus_target_cued_Fieldofdreams1_8_v1_7A.mp4,117.75,89.24873214416505,38.74085355987549,1.2016253371715562,2.9740738983154276,0.023015884480625328,0.03569065972222224,-0.4547707858991121,0.0,0.0,0.0250003786426523,-32.04106827327644,0.0011882436251244057,0.0,0.0,0.0,0.0,1.0,2.2047975249108475e-14,0.3333333333333333,0.0,0.8793850647223603,-0.7308066606097459,-0.6480389226294452,0.3113789813521881,0.16542763954138673,0.4276439750218095
target,C:\Users\hoytb\Desktop\PRAYCGStimulus\Field of dreams\1.8prep\Fieldofdreams1_8_MediaPrep_v1_7A_20260817_210857\stimulus_target_cued_Fieldofdreams1_8_v1_7A.mp4,118.0,88.70259826660157,38.61818024902344,2.119725357055651,4.315086169433576,0.023613941895961763,0.03574372222222222,-0.18636627041290008,0.0,0.0,0.023498302244387537,-32.579270288263224,-0.001502076398264763,0.0,0.0,0.0,0.0,0.8660254037844552,-0.49999999999997113,0.3333333333333333,0.0,0.8626292299323229,-0.4983170639737035,-0.5086567461123791,0.349870985011132,0.06954995247180286,-0.562254563521771
target,C:\Users\hoytb\Desktop\PRAYCGStimulus\Field of dreams\1.8prep\Fieldofdreams1_8_MediaPrep_v1_7A_20260817_210857\stimulus_target_cued_Fieldofdreams1_8_v1_7A.mp4,118.25,88.64414944458008,38.685415310668944,1.341071875333792,3.0831253601074318,0.010986048591136973,0.03570873611111112,-1.0021339615222329,0.0,0.0,0.03545495883309519,-29.006460290761762,0.011956656588707655,0.0,1.0,0.0,0.0,0.500000000000014,-0.8660254037844306,0.3333333333333333,0.0,0.8608359721878415,-0.6954947461042614,-0.6367043282903021,-0.46288194276693234,0.8327445410659079,4.389862656223973
target,C:\Users\hoytb\Desktop\PRAYCGStimulus\Field of dreams\1.8prep\Fieldofdreams1_8_MediaPrep_v1_7A_20260817_210857\stimulus_target_cued_Fieldofdreams1_8_v1_7A.mp4,118.5,88.56517294921876,38.78344981689453,2.6042737882614633,5.203630502319406,0.020856641773879605,0.03757055555555558,-0.19381747389784004,0.0,0.0,0.039884676539701326,-27.983878513352266,0.004429717706606134,1.0,0.0,10.0,39.0,2.7438278107266594e-14,-1.0,0.3333333333333333,0.0,0.8584129086077643,-0.37561532464045727,-0.4163031966953654,0.1724064077543018,1.1154938663140874,1.6203386834912556
target,C:\Users\hoytb\Desktop\PRAYCGStimulus\Field of dreams\1.8prep\Fieldofdreams1_8_MediaPrep_v1_7A_20260817_210857\stimulus_target_cued_Fieldofdreams1_8_v1_7A.mp4,118.75,88.1100562286377,38.699165267944345,2.5336660003661615,5.71999782562245,0.02379635261371705,0.03737916666666666,-0.06958445329607477,0.0,0.0,0.05010056977476167,-26.003146700594357,0.010215893235060343,1.0,0.0,10.0,39.0,-0.49999999999996647,-0.866025403784458,0.3333333333333333,0.0,0.8444495547607883,-0.39349526775298904,-0.3626329932569893,0.3616112524757821,1.7675753555505274,3.7493518304691626
target,C:\Users\hoytb\Desktop\PRAYCGStimulus\Field of dreams\1.8prep\Fieldofdreams1_8_MediaPrep_v1_7A_20260817_210857\stimulus_target_cued_Fieldofdreams1_8_v1_7A.mp4,119.0,87.83657254638672,38.56434629516602,3.5762967399597168,7.773001062774662,0.025267840421199863,0.036739250000000015,0.2736715208715298,0.0,0.0,0.04906021166110626,-26.185411648688675,-0.0010403581136554096,1.0,0.0,10.0,39.0,-0.8660254037844278,-0.5000000000000187,0.3333333333333333,0.0,0.8360588513347113,-0.12947087516116015,-0.1492478768387319,0.45631873810716905,1.7011691928702628,-0.3923661297369057
target,C:\Users\hoytb\Desktop\PRAYCGStimulus\Field of dreams\1.8prep\Fieldofdreams1_8_MediaPrep_v1_7A_20260817_210857\stimulus_target_cued_Fieldofdreams1_8_v1_7A.mp4,119.25,87.8831214263916,38.41446574249267,2.9171187105178773,5.162921498298623,0.01463707578927271,0.03477547916666665,-0.4140377311974461,0.0,0.0,0.025384387527086494,-31.90866621491867,-0.023675824134019766,0.0,0.0,0.0,0.0,-1.0,-3.282858096542471e-14,0.3333333333333333,0.0,0.8374870091089602,-0.29639390190896675,-0.42053441046310197,-0.22789555405960898,0.18993896512792455,-8.721046189362024
target,C:\Users\hoytb\Desktop\PRAYCGStimulus\Field of dreams\1.8prep\Fieldofdreams1_8_MediaPrep_v1_7A_20260817_210857\stimulus_target_cued_Fieldofdreams1_8_v1_7A.mp4,119.5,88.08997627563475,38.43825222167969,1.3176207708358785,3.000007427978516,0.017697979175299566,0.03585155555555558,-0.6825663194805367,0.0,0.0,0.025026149674190794,-32.032119247104696,-0.00035823785289569934,0.0,0.0,0.0,0.0,-0.8660254037844465,0.4999999999999864,0.3333333333333333,0.0,0.8438334853519279,-0.7014332470380463,-0.6453434425901782,-0.030890548665034642,0.1670726070677806,-0.14138117502271788
target,C:\Users\hoytb\Desktop\PRAYCGStimulus\Field of dreams\1.8prep\Fieldofdreams1_8_MediaPrep_v1_7A_20260817_210857\stimulus_target_cued_Fieldofdreams1_8_v1_7A.mp4,119.75,88.28611329345703,38.397222912597655,1.2341862427234696,2.9999982818603517,0.01614765601567901,0.035313430555555546,-0.7795471669491603,0.0,0.0,0.028064851279986598,-31.036745096335316,0.0030387016057958037,0.0,0.0,0.0,0.0,-0.5000000000000233,0.8660254037844252,0.3333333333333333,0.0,0.8498511297461979,-0.7225612934014712,-0.6453443932197017,-0.1306720131237438,0.3610332351655922,1.108516746579793
target,C:\Users\hoytb\Desktop\PRAYCGStimulus\Field of dreams\1.8prep\Fieldofdreams1_8_MediaPrep_v1_7A_20260817_210857\stimulus_target_cued_Fieldofdreams1_8_v1_7A.mp4,120.0,88.23407208251953,38.444401489257814,0.9693314218521143,2.5759988403320393,0.0220970903337002,0.03534944444444445,-0.5599215586642723,0.0,0.0,0.02810213429188156,-31.02521390337746,3.728301189496325e-05,0.0,0.0,0.0,0.0,-3.821888382358283e-14,1.0,0.3333333333333333,0.0,0.8482544627592814,-0.7896302283082216,-0.6894140607947495,0.2522438101155549,0.363413013552102,0.004150034133039032
target,C:\Users\hoytb\Desktop\PRAYCGStimulus\Field of dreams\1.8prep\Fieldofdreams1_8_MediaPrep_v1_7A_20260817_210857\stimulus_target_cued_Fieldofdreams1_8_v1_7A.mp4,120.25,88.21062478637695,38.43932555847168,0.7956587291002275,2.265564318847642,0.018092896676808735,0.035015381944444444,-0.7994999598087876,0.0,0.0,0.027766107841742355,-31.1296998777261,-0.00033602645013920684,0.0,0.0,0.0,0.0,0.49999999999998174,0.8660254037844491,0.3333333333333333,0.0,0.8475350805041632,-0.8336091994552638,-0.721680014061867,-0.005472979175455498,0.34196441155637897,-0.13320852829797758
target,C:\Users\hoytb\Desktop\PRAYCGStimulus\Field of dreams\1.8prep\Fieldofdreams1_8_MediaPrep_v1_7A_20260817_210857\stimulus_target_cued_Fieldofdreams1_8_v1_7A.mp4,120.5,88.1668665222168,38.49424647827148,0.8248448578357681,2.250742364501962,0.015629154925048398,0.034554722222222244,-0.9114378516357291,0.0,0.0,0.026294864828090247,-31.602581147423944,-0.0014712430136521078,0.0,0.0,0.0,0.0,0.8660254037844225,0.500000000000028,0.3333333333333333,0.0,0.8461925411102739,-0.8262184237770865,-0.723220578828821,-0.16404363492111343,0.24805482251736358,-0.5509094736807605
target,C:\Users\hoytb\Desktop\PRAYCGStimulus\Field of dreams\1.8prep\Fieldofdreams1_8_MediaPrep_v1_7A_20260817_210857\stimulus_target_cued_Fieldofdreams1_8_v1_7A.mp4,120.75,89.070598391723,39.22112506713813,2.6620757871136718,5.7519613006564505,0.030728464402243843,0.034352722222222354,0.3002631667733069,0.0,0.0,0.02702245585470902,-31.365503679103206,0.0007275910266187728,0.0,0.0,0.0,0.0,1.0,1.5187477251336943e-14,0.3333333333333333,0.0,0.8739197752593357,-0.36097817933290843,-0.3593107725620413,0.8077738875098732,0.29449703068026406,0.25814765857147987
target,C:\Users\hoytb\Desktop\PRAYCGStimulus\Field of dreams\1.8prep\Fieldofdreams1_8_MediaPrep_v1_7A_20260817_210857\stimulus_target_cued_Fieldofdreams1_8_v1_7A.mp4,121.0,115.17014227294922,61.196120520019534,47.85748269538918,92.20745150146558,0.4900411653161089,0.029072722222222222,34.37167589413141,1.0,1.0,0.027882246905113817,-31.093444626109633,0.000859791050404797,0.0,0.0,0.0,0.0,0.8660254037844518,-0.4999999999999771,0.3333333333333333,0.0,1.6746751638834938,11.083811815588653,8.626702745413425,30.369929143506774,0.349377579613175,0.3067904256785519
target,C:\Users\hoytb\Desktop\PRAYCGStimulus\Field of dreams\1.8prep\Fieldofdreams1_8_MediaPrep_v1_7A_20260817_210857\stimulus_target_cued_Fieldofdreams1_8_v1_7A.mp4,121.25,114.71093678283692,61.24799627685547,1.6921782667636789,3.1915944976806587,0.011800205253064511,0.030121006944444396,-0.871081383344486,0.0,0.0,0.02762743278817451,-31.173189378973163,-0.00025481411693930797,0.0,1.0,0.0,0.0,0.5000000000000326,-0.8660254037844198,0.3333333333333333,0.0,1.6605863632375284,-0.606584407849203,-0.625430259584518,-0.4104814199973266,0.33311276898633696,-0.10332659259985225
target,C:\Users\hoytb\Desktop\PRAYCGStimulus\Field of dreams\1.8prep\Fieldofdreams1_8_MediaPrep_v1_7A_20260817_210857\stimulus_target_cued_Fieldofdreams1_8_v1_7A.mp4,121.5,114.37034060668947,61.18427742309571,1.5072153293609913,3.0091131381988756,0.01626312153637406,0.030289027777777873,-0.7027549486082606,0.0,0.0,0.03241238197407275,-29.78578103278533,0.004784949185898241,1.0,0.0,2.0,40.0,2.0577780109495062e-14,-1.0,0.3333333333333333,0.0,1.6501365935160337,-0.6534223969332215,-0.6443970129887627,-0.12324045365954826,0.638536555166184,1.751045483849134
target,C:\Users\hoytb\Desktop\PRAYCGStimulus\Field of dreams\1.8prep\Fieldofdreams1_8_MediaPrep_v1_7A_20260817_210857\stimulus_target_cued_Fieldofdreams1_8_v1_7A.mp4,121.75,114.34850867919921,61.2006229675293,0.9342038482904513,2.1455045789718805,0.010176460092887456,0.030278020833333308,-1.1475041463030962,0.0,0.0,0.03288083495945843,-29.66114325444292,0.000468452985385677,1.0,0.0,2.0,40.0,-0.4999999999999724,-0.8660254037844546,0.3333333333333333,0.0,1.649466772094578,-0.7985255504204954,-0.7341587871621335,-0.5149884506668951,0.6684379561811432,0.16279827036950215
target,C:\Users\hoytb\Desktop\PRAYCGStimulus\Field of dreams\1.8prep\Fieldofdreams1_8_MediaPrep_v1_7A_20260817_210857\stimulus_target_cued_Fieldofdreams1_8_v1_7A.mp4,122.0,114.24582553710937,61.27058189697266,0.904345720005035,2.2084996215820327,0.011892078480124486,0.03086577777777779,-1.072042579596211,0.0,0.0,0.02612881040950507,-31.65760724664276,-0.006752024549953356,1.0,0.0,2.0,40.0,-0.8660254037844313,-0.5000000000000128,0.3333333333333333,0.0,1.6463163691709295,-0.8060864959068706,-0.72761120639953,-0.4045683011203336,0.23745555233375412,-2.4939637868130657
target,C:\Users\hoytb\Desktop\PRAYCGStimulus\Field of dreams\1.8prep\Fieldofdreams1_8_MediaPrep_v1_7A_20260817_210857\stimulus_target_cued_Fieldofdreams1_8_v1_7A.mp4,122.25,114.73529541015625,61.31011700286865,1.1391615853548036,2.231397506618497,0.010562525227665891,0.02843327083333333,-1.0753305495984065,0.0,0.0,0.02057370585026161,-33.733749474034425,-0.005555104559243462,0.0,0.0,0.0,0.0,-1.0,-2.596808296765318e-14,0.3333333333333333,0.0,1.661333705879768,-0.7466242971958817,-0.7252312452889887,-0.4901406347224636,-0.11712732852719855,-2.0535591735118146
target,C:\Users\hoytb\Desktop\PRAYCGStimulus\Field of dreams\1.8prep\Fieldofdreams1_8_MediaPrep_v1_7A_20260817_210857\stimulus_target_cued_Fieldofdreams1_8_v1_7A.mp4,122.5,114.97159271240234,61.29302375793457,1.9378283877372544,3.8237787408828297,0.011413680540398048,0.028844999999999996,-0.8257859630342187,0.0,0.0,0.018448666549603306,-34.68070037399336,-0.0021250393006583025,0.0,0.0,0.0,0.0,-0.866025403784443,0.49999999999999234,0.3333333333333333,0.0,1.66858350070193,-0.5443786608697491,-0.5597222734049124,-0.43535881516491287,-0.2527688001024488,-0.7914726718824904
target,C:\Users\hoytb\Desktop\PRAYCGStimulus\Field of dreams\1.8prep\Fieldofdreams1_8_MediaPrep_v1_7A_20260817_210857\stimulus_target_cued_Fieldofdreams1_8_v1_7A.mp4,122.75,114.98338388061524,61.18282006988526,1.6877512603759954,3.5803414558410958,0.00829699040856208,0.028280604166666688,-1.0422217901333803,0.0,0.0,0.019919388345744325,-34.01448002679271,0.001470721796141019,0.0,0.0,0.0,0.0,-0.500000000000042,0.8660254037844144,0.3333333333333333,0.0,1.6689452634027502,-0.6077054544749373,-0.5850246657582877,-0.635954351449564,-0.15889248042941312,0.5315813230803307
target,C:\Users\hoytb\Desktop\PRAYCGStimulus\Field of dreams\1.8prep\Fieldofdreams1_8_MediaPrep_v1_7A_20260817_210857\stimulus_target_cued_Fieldofdreams1_8_v1_7A.mp4,123.0,115.15788969726563,61.254804022216796,1.507701172256469,3.171353811645507,0.010857474699616424,0.028472277777777777,-0.964925880547379,0.0,0.0,0.024021204996891494,-32.38810420942931,0.004101816651147169,0.0,0.0,0.0,0.0,-3.13583858258113e-14,1.0,0.3333333333333333,0.0,1.6742992448234593,-0.6532993673979293,-0.6275340366598954,-0.4711571795183561,0.10292688757997402,1.4996880646935624
target,C:\Users\hoytb\Desktop\PRAYCGStimulus\Field of dreams\1.8prep\Fieldofdreams1_8_MediaPrep_v1_7A_20260817_210857\stimulus_target_cued_Fieldofdreams1_8_v1_7A.mp4,123.25,115.32231326599121,61.322070837402336,1.801526238250745,3.4937969497680896,0.010063156834989493,0.029102909722222185,-0.926856646397835,0.0,0.0,0.024419784454709836,-32.245163474578625,0.00039857945781834186,0.0,0.0,0.0,0.0,0.4999999999999877,0.8660254037844457,0.3333333333333333,0.0,1.6793438946178385,-0.5788943248153229,-0.5940199314108473,-0.522280843179285,0.12836825432617827,0.1370884283356706
target,C:\Users\hoytb\Desktop\PRAYCGStimulus\Field of dreams\1.8prep\Fieldofdreams1_8_MediaPrep_v1_7A_20260817_210857\stimulus_target_cued_Fieldofdreams1_8_v1_7A.mp4,123.5,115.41541702270507,61.39831299133301,1.649746717834458,3.2183047485351297,0.01538961030915381,0.02955847222222226,-0.7079766597700445,0.0,0.0,0.02146685479153739,-33.364631627629095,-0.002952929663172444,0.0,0.0,0.0,0.0,0.8660254037844117,0.5000000000000466,0.3333333333333333,0.0,1.6822003941501313,-0.6173293087113579,-0.622654048673108,-0.1794611383163482,-0.060117542076193034,-1.0960934801143127
target,C:\Users\hoytb\Desktop\PRAYCGStimulus\Field of dreams\1.8prep\Fieldofdreams1_8_MediaPrep_v1_7A_20260817_210857\stimulus_target_cued_Fieldofdreams1_8_v1_7A.mp4,123.75,115.66899806213378,61.385542411804195,2.0393746829032864,3.989682922363272,0.019703650796785734,0.029021631944444428,-0.39705550130408573,0.0,0.0,0.022109508796830407,-33.10841811881148,0.0006426540052930155,0.0,0.0,0.0,0.0,1.0,3.674868868396942e-14,0.3333333333333333,0.0,1.6899804681889545,-0.5186641889258146,-0.5424785192603323,0.0981979258076976,-0.019096872498614272,0.22689523040395937
target,C:\Users\hoytb\Desktop\PRAYCGStimulus\Field of dreams\1.8prep\Fieldofdreams1_8_MediaPrep_v1_7A_20260817_210857\stimulus_target_cued_Fieldofdreams1_8_v1_7A.mp4,124.0,116.09759216308593,61.46398359985351,1.5670126651763931,3.46212526855469,0.02034733731746675,0.029706944444444442,-0.4889854588101098,0.0,0.0,0.027141752452946644,-31.327242296010503,0.0050322436561162365,0.0,0.0,0.0,0.0,0.8660254037844485,-0.499999999999983,0.3333333333333333,0.0,1.7031300863367578,-0.6382799743403238,-0.5973118236302954,0.13962669714954024,0.30211174450407896,1.8420370508487791
target,C:\Users\hoytb\Desktop\PRAYCGStimulus\Field of dreams\1.8prep\Fieldofdreams1_8_MediaPrep_v1_7A_20260817_210857\stimulus_target_cued_Fieldofdreams1_8_v1_7A.mp4,124.25,116.0023891204834,61.288254858398446,1.7482639096736636,3.3277445602416797,0.012336160439625578,0.029752909722222227,-0.8304515397805297,0.0,0.0,0.03003559541045673,-30.447275087652258,0.0028938429575100857,0.0,1.0,0.0,0.0,0.5000000000000021,-0.8660254037844374,0.3333333333333333,0.0,1.7002091789935367,-0.5923818937278531,-0.6112790900080706,-0.37598642257214926,0.48682603056116247,1.0552162607688942
target,C:\Users\hoytb\Desktop\PRAYCGStimulus\Field of dreams\1.8prep\Fieldofdreams1_8_MediaPrep_v1_7A_20260817_210857\stimulus_target_cued_Fieldofdreams1_8_v1_7A.mp4,124.5,115.83384784545898,61.1506732208252,1.5431914744854203,3.1397221038818635,0.014866479752957995,0.029584249999999986,-0.7611436391205413,0.0,0.0,0.03134824617080516,-30.07573502917788,0.0013126507603484286,1.0,0.0,2.0,41.0,4.213899154212754e-14,-1.0,0.3333333333333333,0.0,1.6950381945964312,-0.644312191849516,-0.6308217741176385,-0.21313072047823323,0.5706126601744949,0.473419362437435
target,C:\Users\hoytb\Desktop\PRAYCGStimulus\Field of dreams\1.8prep\Fieldofdreams1_8_MediaPrep_v1_7A_20260817_210857\stimulus_target_cued_Fieldofdreams1_8_v1_7A.mp4,124.75,108.35235463867254,57.004167314148305,12.756407892393037,25.09198850555223,0.1132344934239894,0.034611041666666266,6.935686406069227,0.0,0.0,0.036810289730702286,-28.68061528465301,0.005462043559897128,1.0,0.0,2.0,41.0,-0.49999999999997835,-0.8660254037844511,0.3333333333333333,0.0,1.4654998537138315,2.1951999588212834,1.650853596381416,6.118003791111047,0.9192554481187237,2.000181172336192
target,C:\Users\hoytb\Desktop\PRAYCGStimulus\Field of dreams\1.8prep\Fieldofdreams1_8_MediaPrep_v1_7A_20260817_210857\stimulus_target_cued_Fieldofdreams1_8_v1_7A.mp4,125.0,78.40997924804688,40.612406158447264,37.24448871612549,72.97638626098632,0.32372916117310524,0.05177777777777778,23.53450879244577,1.0,1.0,0.03690879094528967,-28.65740362274899,9.850121458738342e-05,1.0,0.0,2.0,41.0,-0.8660254037844347,-0.5000000000000068,0.3333333333333333,0.0,0.546843246097883,8.396293423364614,6.627863668628021,19.66580256997779,0.9255427905196116,0.02667516454527525
target,C:\Users\hoytb\Desktop\PRAYCGStimulus\Field of dreams\1.8prep\Fieldofdreams1_8_MediaPrep_v1_7A_20260817_210857\stimulus_target_cued_Fieldofdreams1_8_v1_7A.mp4,125.25,78.55666029663088,40.707827847290034,3.8024011634826462,9.295377357482915,0.02502910488322373,0.050484861111111085,0.3210417616206641,0.0,0.0,0.03104178508851098,-30.161066242972222,-0.005867005856778691,0.0,0.0,0.0,0.0,-1.0,-4.752929440028566e-14,0.3333333333333333,0.0,0.5513435408385573,-0.07221466659566304,0.008984919388773972,0.44095330835804075,0.5510512185719565,-2.1683227094167425
target,C:\Users\hoytb\Desktop\PRAYCGStimulus\Field of dreams\1.8prep\Fieldofdreams1_8_MediaPrep_v1_7A_20260817_210857\stimulus_target_cued_Fieldofdreams1_8_v1_7A.mp4,125.5,78.190734375,41.01606138305663,3.5469342124939214,7.733531147766175,0.019986082175374273,0.0479117777777779,0.009729369044508829,0.0,0.0,0.03060067813634007,-30.285378981452435,-0.00044110695217090823,0.0,0.0,0.0,0.0,-0.8660254037844538,0.4999999999999737,0.3333333333333333,0.0,0.5401166337739494,-0.13690632012237394,-0.15335030213290124,0.11637569499715739,0.522895317598266,-0.17187271489521647
target,C:\Users\hoytb\Desktop\PRAYCGStimulus\Field of dreams\1.8prep\Fieldofdreams1_8_MediaPrep_v1_7A_20260817_210857\stimulus_target_cued_Fieldofdreams1_8_v1_7A.mp4,125.75,78.19765198974609,41.24839810943603,2.9677295894622873,5.8166239547729734,0.01587761720046405,0.042464854166666746,-0.3406468151126155,0.0,0.0,0.03315662637137271,-29.588593291264047,0.0025559482350326415,0.0,0.0,0.0,0.0,-0.5000000000000114,0.866025403784432,0.3333333333333333,0.0,0.5403288718616938,-0.2835777570703391,-0.3525898635411147,-0.14805217562446918,0.686041749649001,0.9308884897029662
target,C:\Users\hoytb\Desktop\PRAYCGStimulus\Field of dreams\1.8prep\Fieldofdreams1_8_MediaPrep_v1_7A_20260817_210857\stimulus_target_cued_Fieldofdreams1_8_v1_7A.mp4,126.0,77.67038807373048,41.15491250610352,4.202599425506616,10.913429927063067,0.02514511273801335,0.043173861111111086,0.4310183367441393,0.0,0.0,0.036842710638083004,-28.672968496599694,0.003686084266710292,0.0,0.0,0.0,0.0,-5.2919597258443776e-14,1.0,0.3333333333333333,0.0,0.5241519829513753,0.02912715945521096,0.1771621193476276,0.4484197733771498,0.921324877886711,1.3467200622992346
target,C:\Users\hoytb\Desktop\PRAYCGStimulus\Field of dreams\1.8prep\Fieldofdreams1_8_MediaPrep_v1_7A_20260817_210857\stimulus_target_cued_Fieldofdreams1_8_v1_7A.mp4,126.25,77.3300555419922,40.8988653717041,3.2173276314734607,7.043103035926627,0.017132431901991655,0.04327100694444465,-0.21467948247479912,0.0,0.0,0.042523920834475884,-27.42733398047827,0.00568121019639288,0.0,0.0,0.0,0.0,0.499999999999969,0.8660254037844565,0.3333333333333333,0.0,0.5137103020563478,-0.22037228179363724,-0.2251120414020909,-0.06729014367921528,1.2839570942077574,2.080823152204203
target,C:\Users\hoytb\Desktop\PRAYCGStimulus\Field of dreams\1.8prep\Fieldofdreams1_8_MediaPrep_v1_7A_20260817_210857\stimulus_target_cued_Fieldofdreams1_8_v1_7A.mp4,126.5,77.464808404541,40.979479852294915,5.228383753204291,14.036474651336423,0.015078970995545306,0.04204390277777771,0.21004264687851548,0.0,0.0,0.05103915774991133,-25.84193001926048,0.008515236915435445,0.0,0.0,0.0,0.0,0.8660254037844294,0.5000000000000161,0.3333333333333333,0.0,0.5178446302771603,0.28888555115213493,0.5017652422306171,-0.19945441870950895,1.8274855200885176,3.1235983176061066
target,C:\Users\hoytb\Desktop\PRAYCGStimulus\Field of dreams\1.8prep\Fieldofdreams1_8_MediaPrep_v1_7A_20260817_210857\stimulus_target_cued_Fieldofdreams1_8_v1_7A.mp4,126.75,77.66652914733886,41.24694834747314,7.488834597969027,21.00233023452752,0.023724764752387863,0.039958291666666715,1.218950623202451,0.0,0.0,0.051220857724292815,-25.811063065480354,0.00018169997438148566,0.0,0.0,0.0,0.0,1.0,1.466481255793882e-15,0.3333333333333333,0.0,0.5240335879282113,0.8612973731029723,1.2257825636225932,0.35700373461954266,1.839083447666918,0.05728800242805922
target,C:\Users\hoytb\Desktop\PRAYCGStimulus\Field of dreams\1.8prep\Fieldofdreams1_8_MediaPrep_v1_7A_20260817_210857\stimulus_target_cued_Fieldofdreams1_8_v1_7A.mp4,127.0,76.22474187011719,41.945967437744144,7.513317953491209,22.015905700683593,0.04627653431892402,0.038754166666666666,2.3196114527150975,0.0,0.0,0.04486649483525494,-26.961557161927935,-0.006354362889037873,0.0,0.0,0.0,0.0,0.8660254037844592,-0.49999999999996436,0.3333333333333333,0.0,0.47979837306242684,0.867497269983889,1.3311316029862208,1.8084744035058145,1.4334838274974235,-2.347644875474351
target,C:\Users\hoytb\Desktop\PRAYCGStimulus\Field of dreams\1.8prep\Fieldofdreams1_8_MediaPrep_v1_7A_20260817_210857\stimulus_target_cued_Fieldofdreams1_8_v1_7A.mp4,127.25,72.86148006286636,43.037414480590805,9.75973680725087,29.199507408141788,0.06495633058547984,0.0397531805555556,3.811739539877351,0.0,0.0,0.04733960960641998,-26.495506557222946,0.00247311477116504,0.0,1.0,0.0,0.0,0.5000000000000208,-0.8660254037844266,0.3333333333333333,0.0,0.3766107454254879,1.4363557841707397,2.0777810280376197,3.0107382126354283,1.5913429912462518,0.9004100618162553
target,C:\Users\hoytb\Desktop\PRAYCGStimulus\Field of dreams\1.8prep\Fieldofdreams1_8_MediaPrep_v1_7A_20260817_210857\stimulus_target_cued_Fieldofdreams1_8_v1_7A.mp4,127.5,69.05631820678721,43.4195343170166,12.178576381683301,36.01231243896471,0.06078889472782631,0.041168819444444275,4.240210792134313,0.0,0.0,0.05018800971709243,-25.988000531701992,0.0028484001106724513,1.0,0.0,5.0,42.0,6.856784113952001e-15,-1.0,0.3333333333333333,0.0,0.25986526225885537,2.048876233803326,2.7858905762006243,2.74251487459526,1.7731566558344918,1.038495644901357
target,C:\Users\hoytb\Desktop\PRAYCGStimulus\Field of dreams\1.8prep\Fieldofdreams1_8_MediaPrep_v1_7A_20260817_210857\stimulus_target_cued_Fieldofdreams1_8_v1_7A.mp4,127.75,64.40303477325445,43.28727927856446,13.296876506805416,38.67543343658447,0.05720401880592107,0.05187456944444429,4.357847387959359,0.0,0.0,0.05212822163320437,-25.65854181744883,0.0019402119161119405,1.0,0.0,5.0,42.0,-0.4999999999999597,-0.8660254037844619,0.3333333333333333,0.0,0.11709871426269858,2.3320623130722264,3.0626901320071043,2.5117860957785783,1.8970005769270255,0.7043293900684332
target,C:\Users\hoytb\Desktop\PRAYCGStimulus\Field of dreams\1.8prep\Fieldofdreams1_8_MediaPrep_v1_7A_20260817_210857\stimulus_target_cued_Fieldofdreams1_8_v1_7A.mp4,128.0,58.85071451416038,41.949266638183666,14.048984219360312,39.53844199218745,0.055661221116781345,0.05608272222222228,4.479090655847167,0.0,0.0,0.051909910172221255,-25.69499445278637,-0.00021831146098311854,1.0,0.0,5.0,42.0,-0.8660254037844239,-0.5000000000000254,0.3333333333333333,0.0,-0.05325102008782249,2.522517835272105,3.1523895429845266,2.4124889835406687,1.8830657344889021,-0.08989550430186202
target,C:\Users\hoytb\Desktop\PRAYCGStimulus\Field of dreams\1.8prep\Fieldofdreams1_8_MediaPrep_v1_7A_20260817_210857\stimulus_target_cued_Fieldofdreams1_8_v1_7A.mp4,128.25,53.77961406250019,39.529187413025,15.125436814880329,42.15136546020497,0.06382129027098377,0.05402176388888898,5.155714628912173,0.0,0.0,0.05265914513661045,-25.57052390916873,0.0007492349643891949,0.0,0.0,0.0,0.0,-1.0,-1.224708697211012e-14,0.3333333333333333,0.0,-0.20883653650147246,2.7951069043387458,3.4239716663465547,2.937685066201228,1.9308894773692802,0.2661115075489254
target,C:\Users\hoytb\Desktop\PRAYCGStimulus\Field of dreams\1.8prep\Fieldofdreams1_8_MediaPrep_v1_7A_20260817_210857\stimulus_target_cued_Fieldofdreams1_8_v1_7A.mp4,128.5,49.03007841491707,36.00846398010261,13.777309432220521,39.545106625366344,0.04880692712068593,0.052739888888888954,4.075664119716123,0.0,0.0,0.05870978838628581,-24.625789699685598,0.006050643249675358,0.0,0.0,0.0,0.0,-0.8660254037844646,0.49999999999995504,0.3333333333333333,0.0,-0.35455618128041505,2.453721886780255,3.153082251841983,1.9713348354414222,2.3171026425133667,2.216755396827399
target,C:\Users\hoytb\Desktop\PRAYCGStimulus\Field of dreams\1.8prep\Fieldofdreams1_8_MediaPrep_v1_7A_20260817_210857\stimulus_target_cued_Fieldofdreams1_8_v1_7A.mp4,128.75,46.40694905090333,33.45673855590822,9.964955858230649,28.812233463287548,0.03276173660904186,0.050728784722222225,2.3030735116683934,0.0,0.0,0.05667414949644279,-24.932299771215124,-0.002035638889843018,0.0,0.0,0.0,0.0,-0.5000000000000301,0.8660254037844213,0.3333333333333333,0.0,-0.43503593919691924,1.488323209670135,2.037528536315731,0.9386387831147052,2.1871676081219658,-0.7585779473731884
target,C:\Users\hoytb\Desktop\PRAYCGStimulus\Field of dreams\1.8prep\Fieldofdreams1_8_MediaPrep_v1_7A_20260817_210857\stimulus_target_cued_Fieldofdreams1_8_v1_7A.mp4,129.0,45.676798718261715,32.611385174560546,3.997982194519013,10.353843829345621,0.014546278102695842,0.04995897222222222,-0.13661957438630878,0.0,0.0,0.05266972256891107,-25.568779384387902,-0.0040044269275317165,0.0,0.0,0.0,0.0,-1.763738983026824e-14,1.0,0.3333333333333333,0.0,-0.4574375495863275,-0.022687867738773182,0.11899984154571365,-0.2337394493016308,1.931564635933312,-1.4829900560690792
target,C:\Users\hoytb\Desktop\PRAYCGStimulus\Field of dreams\1.8prep\Fieldofdreams1_8_MediaPrep_v1_7A_20260817_210857\stimulus_target_cued_Fieldofdreams1_8_v1_7A.mp4,129.25,45.77741072235108,32.81982531433106,2.373996010398874,4.777968763732903,0.015416102518514021,0.05052693750000003,-0.5178507032748452,0.0,0.0,0.04532665436861753,-26.87292671409911,-0.00734306820029354,0.0,0.0,0.0,0.0,0.4999999999999504,0.8660254037844674,0.3333333333333333,0.0,-0.45435069087333724,-0.4339283477643172,-0.4605456401554507,-0.17775605416643744,1.4628558566384124,-2.71143726231066
target,C:\Users\hoytb\Desktop\PRAYCGStimulus\Field of dreams\1.8prep\Fieldofdreams1_8_MediaPrep_v1_7A_20260817_210857\stimulus_target_cued_Fieldofdreams1_8_v1_7A.mp4,129.5,46.51363058166507,34.055026733398485,8.65235205497768,24.837751086426636,0.028098200082779384,0.05531691666666686,1.734537435260472,0.0,0.0,0.03780836820502226,-28.448241324165878,-0.007518286163595275,0.0,0.0,0.0,0.0,0.8660254037844186,0.5000000000000347,0.3333333333333333,0.0,-0.43176286243309175,1.1559337944082297,1.6244286593446653,0.6384855529578117,0.9829628971820905,-2.7759084048851657
target,C:\Users\hoytb\Desktop\PRAYCGStimulus\Field of dreams\1.8prep\Fieldofdreams1_8_MediaPrep_v1_7A_20260817_210857\stimulus_target_cued_Fieldofdreams1_8_v1_7A.mp4,129.75,50.15302937164287,36.965448313903686,13.537109341430751,38.6122251770021,0.04018426118791153,0.05358974999999977,3.59463776549283,0.0,0.0,0.04086156806752565,-27.773699425417014,0.0030531998625033946,0.0,0.0,0.0,0.0,1.0,2.302769268842636e-14,0.3333333333333333,0.0,-0.32010312593772555,2.3928962457714418,3.056120389891993,1.4163652286395532,1.177848950458855,1.1138513547310542
target,C:\Users\hoytb\Desktop\PRAYCGStimulus\Field of dreams\1.8prep\Fieldofdreams1_8_MediaPrep_v1_7A_20260817_210857\stimulus_target_cued_Fieldofdreams1_8_v1_7A.mp4,130.0,53.043341461181505,38.674957580566335,11.877965705871699,35.11808638000518,0.03218457981944128,0.05684472222222209,2.7738656370244184,0.0,0.0,0.04817138837015346,-26.344216729828585,0.007309820302627806,0.0,0.0,0.0,0.0,0.8660254037844416,-0.4999999999999949,0.3333333333333333,0.0,-0.2314259831096314,1.9727528776871257,2.69294647935643,0.90149197966843,1.6444355131129769,2.680067387092036
target,C:\Users\hoytb\Desktop\PRAYCGStimulus\Field of dreams\1.8prep\Fieldofdreams1_8_MediaPrep_v1_7A_20260817_210857\stimulus_target_cued_Fieldofdreams1_8_v1_7A.mp4,130.25,55.640947546386634,40.11500373687739,10.650763528823854,31.782128606414812,0.02701758482754235,0.059012326388888835,2.203167887224906,0.0,0.0,0.051796681097271105,-25.713961340571977,0.003625292727117646,0.0,1.0,0.0,0.0,0.5000000000000394,-0.8660254037844158,0.3333333333333333,0.0,-0.15172930029721188,1.6619896351716255,2.3462135931134487,0.5689352969257961,1.875838311284736,1.324351921826948
target,C:\Users\hoytb\Desktop\PRAYCGStimulus\Field of dreams\1.8prep\Fieldofdreams1_8_MediaPrep_v1_7A_20260817_210857\stimulus_target_cued_Fieldofdreams1_8_v1_7A.mp4,130.5,57.05446246032713,41.140742575073226,8.639110911560124,25.614527914428905,0.021925020012259634,0.05787372222222228,1.4315444030842939,0.0,0.0,0.05391993029247425,-25.365013558378713,0.002123249195203146,1.0,0.0,4.0,43.0,2.8417995546584478e-14,-1.0,0.3333333333333333,0.0,-0.10836150469934927,1.1525807522282108,1.7051653142484293,0.24116906833886456,2.0113655202493432,0.7716776361864259
target,C:\Users\hoytb\Desktop\PRAYCGStimulus\Field of dreams\1.8prep\Fieldofdreams1_8_MediaPrep_v1_7A_20260817_210857\stimulus_target_cued_Fieldofdreams1_8_v1_7A.mp4,130.75,57.94442041625976,41.69312543945312,6.004322997093217,16.631441419982966,0.018412020187079922,0.0556565138888889,0.5740899240299745,0.0,0.0,0.06046754768735611,-24.36955288421027,0.006547617394881862,1.0,0.0,4.0,43.0,-0.49999999999999023,-0.8660254037844443,0.3333333333333333,0.0,-0.0810568655031599,0.48537590941243247,0.7714809815965448,0.015066358704175048,2.429300594898718,2.3996161627425696
target,C:\Users\hoytb\Desktop\PRAYCGStimulus\Field of dreams\1.8prep\Fieldofdreams1_8_MediaPrep_v1_7A_20260817_210857\stimulus_target_cued_Fieldofdreams1_8_v1_7A.mp4,131.0,59.00085073242189,42.50688563842774,6.534978761291527,19.146789141845773,0.024642000305652677,0.0597172777777778,1.0147495450374198,0.0,0.0,0.06225257727878042,-24.116853278149115,0.0017850295914243058,1.0,0.0,4.0,43.0,-0.8660254037844132,-0.5000000000000442,0.3333333333333333,0.0,-0.04864471791075521,0.6197533649173687,1.0329212739200093,0.4160385920880707,2.543239212650942,0.6472303256149164
target,C:\Users\hoytb\Desktop\PRAYCGStimulus\Field of dreams\1.8prep\Fieldofdreams1_8_MediaPrep_v1_7A_20260817_210857\stimulus_target_cued_Fieldofdreams1_8_v1_7A.mp4,131.25,60.43239871978764,43.50798439025881,8.427117214202873,24.715173912048307,0.030794788971543405,0.061991493055555597,1.8066560785852175,0.0,0.0,0.06251308182656487,-24.080581806390036,0.0002605045477844514,0.0,0.0,0.0,0.0,-1.0,-3.3808298404742594e-14,0.3333333333333333,0.0,-0.004723652846405197,1.09889778945669,1.6116882290561956,0.8120426508404315,2.5598672440490353,0.08628400712785467
target,C:\Users\hoytb\Desktop\PRAYCGStimulus\Field of dreams\1.8prep\Fieldofdreams1_8_MediaPrep_v1_7A_20260817_210857\stimulus_target_cued_Fieldofdreams1_8_v1_7A.mp4,131.5,62.45784538269037,44.51700449829099,9.433865610504082,27.586468606567177,0.030171412751078763,0.06251418055555558,2.0389072463820357,0.0,0.0,0.05670287574603764,-24.92789829678064,-0.005810206080527229,0.0,0.0,0.0,0.0,-0.8660254037844469,0.49999999999998557,0.3333333333333333,0.0,0.05741871014166321,1.3538357303137212,1.9101249492587993,0.7719210853457117,2.189001207513128,-2.147423331271353
target,C:\Users\hoytb\Desktop\PRAYCGStimulus\Field of dreams\1.8prep\Fieldofdreams1_8_MediaPrep_v1_7A_20260817_210857\stimulus_target_cued_Fieldofdreams1_8_v1_7A.mp4,131.75,64.98661132507307,45.66495419616692,12.301160873794364,36.263275502013585,0.03327424768358419,0.05918380555555584,2.93708321459514,0.0,0.0,0.05167077531780637,-25.73510043653283,-0.0050321004282312745,0.0,0.0,0.0,0.0,-0.5000000000000488,0.8660254037844105,0.3333333333333333,0.0,0.13500332097422066,2.0799181883916,2.81197518311028,0.971624877176318,1.8678017327606893,-1.8611207199299937
target,C:\Users\hoytb\Desktop\PRAYCGStimulus\Field of dreams\1.8prep\Fieldofdreams1_8_MediaPrep_v1_7A_20260817_210857\stimulus_target_cued_Fieldofdreams1_8_v1_7A.mp4,132.0,68.23564979248032,46.411788604736294,11.982469798278862,33.44934703369168,0.03840064084529856,0.056233777777777896,3.102735242813689,0.0,0.0,0.05146750985819121,-25.76933687225089,-0.00020326545961515952,0.0,0.0,0.0,0.0,-3.919860126290071e-14,1.0,0.3333333333333333,0.0,0.2346864829659885,1.9992163498190882,2.5195009955690937,1.301568356310157,1.854827278098096,-0.08435935446259331
target,C:\Users\hoytb\Desktop\PRAYCGStimulus\Field of dreams\1.8prep\Fieldofdreams1_8_MediaPrep_v1_7A_20260817_210857\stimulus_target_cued_Fieldofdreams1_8_v1_7A.mp4,132.25,70.24767761840813,46.61277339477539,9.418661054229762,27.54996023559577,0.0322063898339868,0.05459395833333346,2.1336857868092984,0.0,0.0,0.050831677552933906,-25.87731114830494,-0.0006358323052573014,0.0,0.0,0.0,0.0,0.4999999999999809,0.8660254037844497,0.3333333333333333,0.0,0.2964171450421318,1.3499854949595242,1.9063303410238985,0.9028957097086563,1.8142420383176052,-0.2435215673595316
target,C:\Users\hoytb\Desktop\PRAYCGStimulus\Field of dreams\1.8prep\Fieldofdreams1_8_MediaPrep_v1_7A_20260817_210857\stimulus_target_cued_Fieldofdreams1_8_v1_7A.mp4,132.5,72.12794015502926,46.559591445922855,9.55382061767574,28.19438798522937,0.03117882289737464,0.05190979166666666,2.1190667205236506,0.0,0.0,0.05104967063524869,-25.840141111236292,0.0002179930823147866,0.0,0.0,0.0,0.0,0.8660254037844362,0.5000000000000042,0.3333333333333333,0.0,0.3541051400921342,1.3842118229265206,1.973310893168311,0.8367597346841937,1.8281565586134145,0.07064198789820418
target,C:\Users\hoytb\Desktop\PRAYCGStimulus\Field of dreams\1.8prep\Fieldofdreams1_8_MediaPrep_v1_7A_20260817_210857\stimulus_target_cued_Fieldofdreams1_8_v1_7A.mp4,132.75,73.79621494140625,46.37365126647949,10.222638824844365,30.46356287918092,0.029300359747558846,0.05293016666666666,2.2023056568314527,0.0,0.0,0.049269558054349086,-26.14842666600335,-0.0017801125808996066,0.0,0.0,0.0,0.0,1.0,4.458890412105883e-14,0.3333333333333333,0.0,0.40528917729127095,1.5535760227302686,2.2091644661957455,0.7158586161933789,1.7145317941358635,-0.6645574897386103
target,C:\Users\hoytb\Desktop\PRAYCGStimulus\Field of dreams\1.8prep\Fieldofdreams1_8_MediaPrep_v1_7A_20260817_210857\stimulus_target_cued_Fieldofdreams1_8_v1_7A.mp4,133.0,75.42996193847658,46.31401043701172,8.698824584960919,25.769343585205014,0.02931166325211527,0.05549280555555559,1.8055354052831738,0.0,0.0,0.05351371608910127,-25.43069779554438,0.004244158034752185,0.0,0.0,0.0,0.0,0.8660254037844524,-0.49999999999997624,0.3333333333333333,0.0,0.4554138736271956,1.1677019890672644,1.7212565504111912,0.7165861291839168,1.9854368269290785,1.5520623273760263
target,C:\Users\hoytb\Desktop\PRAYCGStimulus\Field of dreams\1.8prep\Fieldofdreams1_8_MediaPrep_v1_7A_20260817_210857\stimulus_target_cued_Fieldofdreams1_8_v1_7A.mp4,133.25,76.63506543273928,46.41844478607178,6.512547885894717,19.42707058334334,0.02245185085684038,0.05630981944444445,0.9026285450980422,0.0,0.0,0.05719923683474078,-24.852195312334487,0.003685520745639506,0.0,1.0,0.0,0.0,0.5000000000000089,-0.8660254037844335,0.3333333333333333,0.0,0.4923874361259178,0.614073215630523,1.0620531753907527,0.27507680742414753,2.220683985560353,1.3465127157086583
target,C:\Users\hoytb\Desktop\PRAYCGStimulus\Field of dreams\1.8prep\Fieldofdreams1_8_MediaPrep_v1_7A_20260817_210857\stimulus_target_cued_Fieldofdreams1_8_v1_7A.mp4,133.5,102.88866027832039,72.02207945556644,40.411402461437255,76.90939012375615,0.4596231611334254,0.03944686111111107,30.954218348478385,1.0,1.0,0.05436599656336159,-25.293452933131668,-0.0028332402713791838,1.0,0.0,5.0,44.0,4.997920697921695e-14,-1.0,0.3333333333333333,0.0,1.297869234544488,9.198247985266946,7.036652350468944,28.412174088101317,2.0398379750338265,-1.0520539781274596
target,C:\Users\hoytb\Desktop\PRAYCGStimulus\Field of dreams\1.8prep\Fieldofdreams1_8_MediaPrep_v1_7A_20260817_210857\stimulus_target_cued_Fieldofdreams1_8_v1_7A.mp4,133.75,101.91875219726566,71.6958501739502,4.014730631351433,6.945576272964417,0.017678609842434113,0.04028631944444436,0.0197371970270597,0.0,0.0,0.048632778453196926,-26.261418358232977,-0.005733218110164667,1.0,0.0,5.0,44.0,-0.4999999999999716,-0.866025403784455,0.3333333333333333,0.0,1.2681116600095035,-0.018446676976196914,-0.23524878122401846,-0.032137192235382944,1.6738860883634465,-2.1190957424771657
target,C:\Users\hoytb\Desktop\PRAYCGStimulus\Field of dreams\1.8prep\Fieldofdreams1_8_MediaPrep_v1_7A_20260817_210857\stimulus_target_cued_Fieldofdreams1_8_v1_7A.mp4,134.0,100.89262189941412,71.49615418701173,4.6024062568664315,8.050789105224556,0.022148605298995903,0.04113044444444444,0.3898646110987706,0.0,0.0,0.04362462515069529,-27.205365834580636,-0.005008153302501636,1.0,0.0,5.0,44.0,-0.8660254037844308,-0.5000000000000135,0.3333333333333333,0.0,1.2366291418025022,0.13036986389052105,-0.12037513435830893,0.25555940186611803,1.3542151610467936,-1.8523094169786722
target,C:\Users\hoytb\Desktop\PRAYCGStimulus\Field of dreams\1.8prep\Fieldofdreams1_8_MediaPrep_v1_7A_20260817_210857\stimulus_target_cued_Fieldofdreams1_8_v1_7A.mp4,134.25,100.2429900756836,71.36616688537597,4.277379343795801,6.556102003479096,0.01531399023383891,0.040463694444444476,-0.026518058913396814,0.0,0.0,0.04375842207036108,-27.178766941013663,0.00013379691966579343,0.0,0.0,0.0,0.0,-1.0,-5.536950983737507e-14,0.3333333333333333,0.0,1.2166979052321902,0.04806360718747849,-0.2757299703581003,-0.18432817639842483,1.3627554318408828,0.03966215738264342
target,C:\Users\hoytb\Desktop\PRAYCGStimulus\Field of dreams\1.8prep\Fieldofdreams1_8_MediaPrep_v1_7A_20260817_210857\stimulus_target_cued_Fieldofdreams1_8_v1_7A.mp4,134.5,98.94645334472659,71.05519160766602,4.170148698043822,6.956074988937358,0.029370125943421997,0.03941458333333335,0.627567000547211,0.0,0.0,0.052360540791841506,-25.619917531908428,0.008602118721480423,0.0,0.0,0.0,0.0,-0.8660254037844577,0.4999999999999669,0.3333333333333333,0.0,1.176919096123968,0.020909692539870368,-0.23415756534593943,0.7203488885277238,1.9118295321105379,3.155566325903352
target,C:\Users\hoytb\Desktop\PRAYCGStimulus\Field of dreams\1.8prep\Fieldofdreams1_8_MediaPrep_v1_7A_20260817_210857\stimulus_target_cued_Fieldofdreams1_8_v1_7A.mp4,134.75,98.13072407531739,70.94271737976074,4.253813813400268,7.472415246582032,0.014295498543977738,0.04022782638888889,-0.08208268702160237,0.0,0.0,0.05233817450791556,-25.623628581775463,-2.2366283925948083e-05,0.0,0.0,0.0,0.0,-0.5000000000000182,0.8660254037844282,0.3333333333333333,0.0,1.1518918538430127,0.04209613029224479,-0.18049017505883244,-0.24988005293637605,1.9104018899655453,-0.017797819744912947
target,C:\Users\hoytb\Desktop\PRAYCGStimulus\Field of dreams\1.8prep\Fieldofdreams1_8_MediaPrep_v1_7A_20260817_210857\stimulus_target_cued_Fieldofdreams1_8_v1_7A.mp4,135.0,97.43710522460937,70.8610546875,4.297039485931383,6.6244212570190255,0.014657777860760744,0.03955680555555557,-0.0532332023559909,0.0,0.0,0.0528460965394346,-25.539741723822722,0.0005079220315190452,0.0,0.0,0.0,0.0,-3.9163938347251765e-15,1.0,0.3333333333333333,0.0,1.1306110592481593,0.05304212632037825,-0.2686290015888312,-0.22656313313975995,1.9428226041515801,0.17732083673538415
target,C:\Users\hoytb\Desktop\PRAYCGStimulus\Field of dreams\1.8prep\Fieldofdreams1_8_MediaPrep_v1_7A_20260817_210857\stimulus_target_cued_Fieldofdreams1_8_v1_7A.mp4,135.25,96.64772922668453,70.78303829956054,3.9776022247314575,6.793126165008598,0.01744271538034085,0.040376930555555565,-0.0013899304185909372,0.0,0.0,0.05863745967905108,-24.63649705343456,0.005791363139616479,0.0,0.0,0.0,0.0,0.49999999999996225,0.8660254037844605,0.3333333333333333,0.0,1.106392356926562,-0.027848668144769932,-0.25109414544236847,-0.04731976545523099,2.3124858938803348,2.1213537346499116
target,C:\Users\hoytb\Desktop\PRAYCGStimulus\Field of dreams\1.8prep\Fieldofdreams1_8_MediaPrep_v1_7A_20260817_210857\stimulus_target_cued_Fieldofdreams1_8_v1_7A.mp4,135.5,95.53208875732426,70.43485816650393,3.535358904838603,6.3742466007233425,0.014927821663022246,0.040238847222222235,-0.23873019394539258,0.0,0.0,0.05985266282616401,-24.45833046390893,0.001215203147112931,0.0,0.0,0.0,0.0,0.8660254037844254,0.5000000000000229,0.3333333333333333,0.0,1.0721635933254468,-0.13983752429342142,-0.2946316630520454,-0.20918264966414343,2.3900524325726833,0.437563683898174
target,C:\Users\hoytb\Desktop\PRAYCGStimulus\Field of dreams\1.8prep\Fieldofdreams1_8_MediaPrep_v1_7A_20260817_210857\stimulus_target_cued_Fieldofdreams1_8_v1_7A.mp4,135.75,77.65593389282353,48.578033424378994,39.03004771909459,75.8273175506542,0.5198028029076394,0.053888291666665686,33.514134629996285,1.0,0.0,0.06109066979557936,-24.28050226496048,0.0012380069694153464,0.0,0.0,0.0,0.0,1.0,9.306696692883296e-15,0.3333333333333333,0.0,0.523708516839398,8.848448834953155,6.924183856603025,32.285439316430406,2.469074541528453,0.4459543103567807
target,C:\Users\hoytb\Desktop\PRAYCGStimulus\Field of dreams\1.8prep\Fieldofdreams1_8_MediaPrep_v1_7A_20260817_210857\stimulus_target_cued_Fieldofdreams1_8_v1_7A.mp4,136.0,75.73863990478519,47.034098834228516,4.87414787063605,13.200808479309233,0.02954721741676398,0.05405863888888899,0.8197204602833434,0.0,0.0,0.06350171053830214,-23.94429152005828,0.0024110407427227823,0.0,0.0,0.0,0.0,0.8660254037844631,-0.4999999999999576,0.3333333333333333,0.0,0.46488436652147797,0.199182734826415,0.4149077447957015,0.7317468002750646,2.6229715138195027,0.8775700318189709
target,C:\Users\hoytb\Desktop\PRAYCGStimulus\Field of dreams\1.8prep\Fieldofdreams1_8_MediaPrep_v1_7A_20260817_210857\stimulus_target_cued_Fieldofdreams1_8_v1_7A.mp4,136.25,74.998575088501,46.93801107025148,4.037756119728065,10.685604969024652,0.02409187337011042,0.05203204861111114,0.33693093883143876,0.0,0.0,0.05988139806776885,-24.45416137216967,-0.0036203124705332934,0.0,1.0,0.0,0.0,0.5000000000000275,-0.8660254037844227,0.3333333333333333,0.0,0.44217857165136204,-0.012615954408837763,0.15348244153988752,0.38063147652900026,2.3918866059247446,-1.3416558146738142
target,C:\Users\hoytb\Desktop\PRAYCGStimulus\Field of dreams\1.8prep\Fieldofdreams1_8_MediaPrep_v1_7A_20260817_210857\stimulus_target_cued_Fieldofdreams1_8_v1_7A.mp4,136.5,74.47775588989258,46.594585031127934,4.97647412986754,13.979530337524325,0.031203040024638296,0.049848861111111156,0.9267462685444603,0.0,0.0,0.0528005078068914,-25.547238012541715,-0.007080890260877451,1.0,0.0,7.0,45.0,1.4696999551041415e-14,-1.0,0.3333333333333333,0.0,0.4261994119510043,0.2250947163303557,0.4958465623122126,0.8383183906381835,1.9399126707835264,-2.614969348898854
target,C:\Users\hoytb\Desktop\PRAYCGStimulus\Field of dreams\1.8prep\Fieldofdreams1_8_MediaPrep_v1_7A_20260817_210857\stimulus_target_cued_Fieldofdreams1_8_v1_7A.mp4,136.75,74.62569079284668,45.85035950164795,5.691739766883851,17.357158885955812,0.03960619829148058,0.047469715277777776,1.5209898814305651,0.0,0.0,0.05680962787779266,-24.91156110961985,0.004009120070901262,1.0,0.0,7.0,45.0,-0.49999999999995287,-0.8660254037844658,0.3333333333333333,0.0,0.43073817597098785,0.40622075470963526,0.846910626889353,1.3791601065995513,2.1958152067838994,1.4655805204179135
target,C:\Users\hoytb\Desktop\PRAYCGStimulus\Field of dreams\1.8prep\Fieldofdreams1_8_MediaPrep_v1_7A_20260817_210857\stimulus_target_cued_Fieldofdreams1_8_v1_7A.mp4,137.0,74.67377264404297,45.29915744018554,9.449489604187088,34.02794091186558,0.03673007860779748,0.048868694444444485,2.361226466662668,0.0,0.0,0.0650644307209843,-23.73312731398546,0.008254802843191647,1.0,0.0,7.0,45.0,-0.8660254037844201,-0.5000000000000322,0.3333333333333333,0.0,0.4322133665572933,1.3577921794048176,2.5796389046667376,1.194048098038279,2.7227200997273906,3.027772057064687
target,C:\Users\hoytb\Desktop\PRAYCGStimulus\Field of dreams\1.8prep\Fieldofdreams1_8_MediaPrep_v1_7A_20260817_210857\stimulus_target_cued_Fieldofdreams1_8_v1_7A.mp4,137.25,76.75623971557613,43.27013458099364,12.332904024887096,43.452964366149835,0.07783257608413763,0.04380211805555558,5.107458808557213,0.0,0.0,0.07388472480392129,-22.62890679871974,0.008820294082936983,0.0,0.0,0.0,0.0,-1.0,-2.0087302409199534e-14,0.3333333333333333,0.0,0.4961051623967615,2.0879564764143335,3.5592572952480395,3.839475514670183,3.2857203551887464,3.2358435678576356
target,C:\Users\hoytb\Desktop\PRAYCGStimulus\Field of dreams\1.8prep\Fieldofdreams1_8_MediaPrep_v1_7A_20260817_210857\stimulus_target_cued_Fieldofdreams1_8_v1_7A.mp4,137.5,75.44795913696275,43.47136917114244,12.232964801788487,38.444524307251385,0.09477395206690196,0.04588993055555536,5.903445229028929,0.0,0.0,0.07652032012101953,-22.324464435483492,0.002635595317098241,0.0,0.0,0.0,0.0,-0.8660254037844686,0.4999999999999482,0.3333333333333333,0.0,0.45596604242116084,2.0626489618047072,3.0386898915042564,4.929851604981293,3.453950668471563,0.9601944939889079
target,C:\Users\hoytb\Desktop\PRAYCGStimulus\Field of dreams\1.8prep\Fieldofdreams1_8_MediaPrep_v1_7A_20260817_210857\stimulus_target_cued_Fieldofdreams1_8_v1_7A.mp4,137.75,76.44436606140138,44.53977784881592,8.604580705833717,26.486508228303038,0.04994614031911082,0.048184201388888806,2.782206767639301,0.0,0.0,0.07465403405248261,-22.538934389768762,-0.001866286068536921,0.0,0.0,0.0,0.0,-0.5000000000000369,0.8660254037844174,0.3333333333333333,0.0,0.4865366231806424,1.1438367010058774,1.7957972321252667,2.044656555860891,3.33482544164008,-0.6962648735188934
target,C:\Users\hoytb\Desktop\PRAYCGStimulus\Field of dreams\1.8prep\Fieldofdreams1_8_MediaPrep_v1_7A_20260817_210857\stimulus_target_cued_Fieldofdreams1_8_v1_7A.mp4,138.0,75.966650769043,44.49628795776367,5.1948871871949125,12.753361245727941,0.031415528139472335,0.046927916666666784,0.994005741443337,0.0,0.0,0.06867392862026811,-23.264162145246893,-0.0059801054322145,0.0,0.0,0.0,0.0,-2.5477605267357653e-14,1.0,0.3333333333333333,0.0,0.4718799266374012,0.2804032475342828,0.3684009598569634,0.8519944910993287,2.95311471245524,-2.209937500021753
target,C:\Users\hoytb\Desktop\PRAYCGStimulus\Field of dreams\1.8prep\Fieldofdreams1_8_MediaPrep_v1_7A_20260817_210857\stimulus_target_cued_Fieldofdreams1_8_v1_7A.mp4,138.25,88.5136519165035,55.78373563842738,31.543357162093272,71.67881336898611,0.25311522923185714,0.03864285416666691,18.62160587690646,0.0,0.0,0.081593010175502,-21.766940886637975,0.012919081555233886,0.0,0.0,0.0,0.0,0.4999999999999928,0.8660254037844428,0.3333333333333333,0.0,0.8568322011148682,6.952601291070254,6.492996495693257,15.120968483896105,3.777740983136325,4.743985236266323
target,C:\Users\hoytb\Desktop\PRAYCGStimulus\Field of dreams\1.8prep\Fieldofdreams1_8_MediaPrep_v1_7A_20260817_210857\stimulus_target_cued_Fieldofdreams1_8_v1_7A.mp4,138.5,81.90770706176752,57.46150408935547,16.11892606887825,54.9780509338382,0.10734732851982154,0.03596752777777778,7.526765824275461,0.0,0.0,0.07578062417437123,-22.408836438649097,-0.005812386001130765,0.0,0.0,0.0,0.0,0.8660254037844146,0.5000000000000416,0.3333333333333333,0.0,0.654156400976121,3.046687245175007,4.757152113177321,5.7390957344246205,3.406735802049779,-2.1482254292376988
target,C:\Users\hoytb\Desktop\PRAYCGStimulus\Field of dreams\1.8prep\Fieldofdreams1_8_MediaPrep_v1_7A_20260817_210857\stimulus_target_cued_Fieldofdreams1_8_v1_7A.mp4,138.75,87.36363957214358,56.873310577392566,10.069703302383413,32.58577048492432,0.08280062177777295,0.037079826388888903,4.7584166733522295,0.0,0.0,0.05975970803582155,-24.471830659698888,-0.016020916138549682,0.0,0.0,0.0,0.0,1.0,3.086790812551577e-14,0.3333333333333333,0.0,0.8215488802292144,1.514848305533663,2.4297425484999047,4.15922747846723,2.3841191189873228,-5.904436205596807
target,C:\Users\hoytb\Desktop\PRAYCGStimulus\Field of dreams\1.8prep\Fieldofdreams1_8_MediaPrep_v1_7A_20260817_210857\stimulus_target_cued_Fieldofdreams1_8_v1_7A.mp4,139.0,90.89548931884768,55.500126623535145,7.201693420410082,21.6902453369136,0.05919924447536344,0.039764638888888905,2.8654058455642915,0.0,0.0,0.09307961288444508,-20.62290863191429,0.03331990484862353,0.0,0.0,0.0,0.0,0.8660254037844455,-0.4999999999999881,0.3333333333333333,0.0,0.9299089239661664,0.7885848852449445,1.297283105634475,2.6402022508151166,4.510931985466793,12.250432420111622
target,C:\Users\hoytb\Desktop\PRAYCGStimulus\Field of dreams\1.8prep\Fieldofdreams1_8_MediaPrep_v1_7A_20260817_210857\stimulus_target_cued_Fieldofdreams1_8_v1_7A.mp4,139.25,91.32994161071778,55.401796472167966,7.4540606910704135,17.604255200957816,0.025746849836409735,0.040502569444444414,1.3080011017321613,0.0,0.0,0.12371937044841218,-18.151245971735076,0.0306397575639671,0.0,1.0,0.0,0.0,0.5000000000000463,-0.866025403784412,0.3333333333333333,0.0,0.943238276210722,0.8524916096641058,0.8725933316162895,0.4871486077653435,6.466670782108309,11.264276922959763
target,C:\Users\hoytb\Desktop\PRAYCGStimulus\Field of dreams\1.8prep\Fieldofdreams1_8_MediaPrep_v1_7A_20260817_210857\stimulus_target_cued_Fieldofdreams1_8_v1_7A.mp4,139.5,89.92231297607434,56.318798992919845,8.283760108947739,22.502191964721433,0.04938502284586206,0.04090080555555553,2.6713290885982732,0.0,0.0,0.11843170743030175,-18.5306401889288,-0.005287663018110428,1.0,0.0,10.0,46.0,3.625821098367389e-14,-1.0,0.3333333333333333,0.0,0.9000510764840941,1.06259560575792,1.381675240320301,2.0085420703959147,6.129158721626255,-1.9551545270713055
target,C:\Users\hoytb\Desktop\PRAYCGStimulus\Field of dreams\1.8prep\Fieldofdreams1_8_MediaPrep_v1_7A_20260817_210857\stimulus_target_cued_Fieldofdreams1_8_v1_7A.mp4,139.75,88.55556095886227,57.709335769653336,7.993083755111725,24.940608373260755,0.047221965159477325,0.036724902777777374,2.4905804379151624,0.0,0.0,0.11208458520673723,-19.009082220811273,-0.006347122223564525,1.0,0.0,10.0,46.0,-0.49999999999998346,-0.8660254037844481,0.3333333333333333,0.0,0.8581180048688948,0.988987908566603,1.6351194433280407,1.869323958148297,5.724021273859731,-2.3449806853007518
target,C:\Users\hoytb\Desktop\PRAYCGStimulus\Field of dreams\1.8prep\Fieldofdreams1_8_MediaPrep_v1_7A_20260817_210857\stimulus_target_cued_Fieldofdreams1_8_v1_7A.mp4,140.0,89.06898822021482,57.59795852661131,7.5945307769775345,20.781835479736394,0.027230001330375453,0.04205013888888895,1.4165940148947356,0.0,0.0,0.11283018896293845,-18.951493690331326,0.0007456037562012241,1.0,0.0,10.0,46.0,-0.8660254037844093,-0.500000000000051,0.3333333333333333,0.0,0.8738703738783136,0.8880627161935444,1.202864772715461,0.5826067883154185,5.771613236357478,0.2647754108588775
target,C:\Users\hoytb\Desktop\PRAYCGStimulus\Field of dreams\1.8prep\Fieldofdreams1_8_MediaPrep_v1_7A_20260817_210857\stimulus_target_cued_Fieldofdreams1_8_v1_7A.mp4,140.25,89.01595900878908,58.12269207611083,6.991936218261753,16.983605279541152,0.027716622482240345,0.04066203472222224,1.283086009754252,0.0,0.0,0.10866823181585569,-19.277947989133494,-0.0041619571470827565,0.0,0.0,0.0,0.0,-1.0,-4.1648513841832013e-14,0.3333333333333333,0.0,0.8722433942269875,0.7354682680324468,0.8080842001449794,0.6139265624337041,5.5059550944640305,-1.5409530243235317
target,C:\Users\hoytb\Desktop\PRAYCGStimulus\Field of dreams\1.8prep\Fieldofdreams1_8_MediaPrep_v1_7A_20260817_210857\stimulus_target_cued_Fieldofdreams1_8_v1_7A.mp4,140.5,88.45091915283203,58.19981201782227,7.2680621105193985,19.071802680969185,0.029928896465897505,0.03910930555555557,1.4624288957749134,0.0,0.0,0.11801125334271487,-18.561531543360466,0.009343021526859174,0.0,0.0,0.0,0.0,-0.8660254037844509,0.4999999999999788,0.3333333333333333,0.0,0.8549075085308973,0.8053913656485996,1.0251273287403908,0.7563123202051621,6.10232109506921,3.428180214909512
target,C:\Users\hoytb\Desktop\PRAYCGStimulus\Field of dreams\1.8prep\Fieldofdreams1_8_MediaPrep_v1_7A_20260817_210857\stimulus_target_cued_Fieldofdreams1_8_v1_7A.mp4,140.75,87.02544391174315,56.04486884765623,14.791258463478156,50.48686487655668,0.07654514349103017,0.04221125000000003,5.68597923459129,0.0,0.0,0.08586982308356624,-21.323188637326798,-0.03214143025914863,0.0,0.0,0.0,0.0,-0.5000000000000063,0.8660254037844349,0.3333333333333333,0.0,0.8111727602974883,2.7104832375929404,4.290347072470989,3.756614139133758,4.050730379766377,-11.835951129404698
target,C:\Users\hoytb\Desktop\PRAYCGStimulus\Field of dreams\1.8prep\Fieldofdreams1_8_MediaPrep_v1_7A_20260817_210857\stimulus_target_cued_Fieldofdreams1_8_v1_7A.mp4,141.0,87.00126815185556,55.48467918090822,14.472530245971544,47.74866721801717,0.08985419603586112,0.03834766666666665,6.24866786500612,0.0,0.0,0.042230231230731864,-27.487530811762202,-0.04363959185283437,0.0,0.0,0.0,0.0,-4.703881669999013e-14,1.0,0.3333333333333333,0.0,0.8104310281778706,2.629771993589273,4.005744196269906,4.61320764690679,1.2652108573612906,-16.066679540364813
target,C:\Users\hoytb\Desktop\PRAYCGStimulus\Field of dreams\1.8prep\Fieldofdreams1_8_MediaPrep_v1_7A_20260817_210857\stimulus_target_cued_Fieldofdreams1_8_v1_7A.mp4,141.25,89.98950791931152,56.20257105255127,7.872399527549746,25.803925361633308,0.05547850976884366,0.03774746527777778,2.8597446908551905,0.0,0.0,0.06701965387446966,-23.475956388374165,0.024789422643737798,0.0,0.0,0.0,0.0,0.49999999999997413,0.8660254037844536,0.3333333333333333,0.0,0.9021126723928323,0.9584271561664899,1.7248509122005755,2.4007293670005208,2.847522189606198,9.111656440200292
target,C:\Users\hoytb\Desktop\PRAYCGStimulus\Field of dreams\1.8prep\Fieldofdreams1_8_MediaPrep_v1_7A_20260817_210857\stimulus_target_cued_Fieldofdreams1_8_v1_7A.mp4,141.5,67.76762742004716,49.118879193116264,32.1970726581532,67.37117664794069,0.22196553044316564,0.037305444444444516,17.280581971719357,1.0,1.0,0.11254263915685525,-18.97365809459587,0.04552298528238559,0.0,0.0,0.0,0.0,0.8660254037844323,0.500000000000011,0.3333333333333333,0.0,0.22032717314708822,7.118141045674431,6.045269211793368,13.116120305440173,5.753258903411155,16.74053448309709
target,C:\Users\hoytb\Desktop\PRAYCGStimulus\Field of dreams\1.8prep\Fieldofdreams1_8_MediaPrep_v1_7A_20260817_210857\stimulus_target_cued_Fieldofdreams1_8_v1_7A.mp4,141.75,46.73433875579838,41.18513063964855,27.13842099380746,62.62419547882555,0.1447748361617521,0.03992119444444419,12.216075491947361,0.0,0.0,0.1438335347712596,-16.842796928768053,0.031290895614404346,0.0,0.0,0.0,0.0,1.0,5.242911955814825e-14,0.3333333333333333,0.0,-0.42499135483300005,5.837143486046385,5.5518773305355555,8.147994485872932,7.75055990708225,11.503862027673794
target,C:\Users\hoytb\Desktop\PRAYCGStimulus\Field of dreams\1.8prep\Fieldofdreams1_8_MediaPrep_v1_7A_20260817_210857\stimulus_target_cued_Fieldofdreams1_8_v1_7A.mp4,142.0,50.157421240234214,42.43783229980461,13.764093634033252,35.98507802124039,0.06287211564779227,0.04423763888888875,4.754701842717897,0.0,0.0,0.11469655723427788,-18.80899235621368,-0.029136977536981717,0.0,0.0,0.0,0.0,0.8660254037844562,-0.49999999999996947,0.3333333333333333,0.0,-0.3199683798112549,2.4503752627488455,2.7830598844162564,2.876594555270416,5.890743710202085,-10.730468014778937
target,C:\Users\hoytb\Desktop\PRAYCGStimulus\Field of dreams\1.8prep\Fieldofdreams1_8_MediaPrep_v1_7A_20260817_210857\stimulus_target_cued_Fieldofdreams1_8_v1_7A.mp4,142.25,53.87129465026857,45.19301711120603,12.368385534668027,34.34772860641493,0.051514239950478276,0.04377661111111106,3.8396684969096686,0.0,0.0,0.07864213813452872,-22.086893746896248,-0.03605441909974916,0.0,1.0,0.0,0.0,0.5000000000000157,-0.8660254037844296,0.3333333333333333,0.0,-0.20602370095837444,2.09694142545948,2.6128770083363624,2.1455821446093046,3.589386524965183,-13.275728516842848
target,C:\Users\hoytb\Desktop\PRAYCGStimulus\Field of dreams\1.8prep\Fieldofdreams1_8_MediaPrep_v1_7A_20260817_210857\stimulus_target_cued_Fieldofdreams1_8_v1_7A.mp4,142.5,53.391306411743166,46.089085723876956,8.18809662818912,23.62534648895273,0.03580597101151957,0.04565513888888889,1.9874909824830311,0.0,0.0,0.09590273978859246,-20.363379710913108,0.017260601654063734,1.0,0.0,2.0,47.0,5.781942241630636e-14,-1.0,0.3333333333333333,0.0,-0.2207501333521567,1.0383708333228001,1.4984137113425064,1.134570944064397,4.691132458749148,6.341439949284147
target,C:\Users\hoytb\Desktop\PRAYCGStimulus\Field of dreams\1.8prep\Fieldofdreams1_8_MediaPrep_v1_7A_20260817_210857\stimulus_target_cued_Fieldofdreams1_8_v1_7A.mp4,142.75,53.00798538970947,45.995528529357905,4.326752828216558,13.024862430572533,0.012421845544874535,0.04425807638888886,-0.1539796563786774,0.0,0.0,0.10348844600823365,-19.702162688108803,0.007585706219641192,1.0,0.0,2.0,47.0,-0.4999999999999648,-0.866025403784459,0.3333333333333333,0.0,-0.23251073634825714,0.06056640778533367,0.3966202587296338,-0.37047158185588713,5.175328847141076,2.781579126841222
target,C:\Users\hoytb\Desktop\PRAYCGStimulus\Field of dreams\1.8prep\Fieldofdreams1_8_MediaPrep_v1_7A_20260817_210857\stimulus_target_cued_Fieldofdreams1_8_v1_7A.mp4,143.0,52.70637489624023,45.95617657470703,4.871254372406018,14.374103884887711,0.013109221193194642,0.043729444444444474,0.021346917198855453,0.0,0.0,0.09726992931419165,-20.240427994412507,-0.006218516694041998,1.0,0.0,2.0,47.0,-0.8660254037844269,-0.5000000000000203,0.3333333333333333,0.0,-0.24176439338572023,0.19845001701593928,0.536857760354205,-0.32623090313221914,4.77840030321541,-2.297660506059549
target,C:\Users\hoytb\Desktop\PRAYCGStimulus\Field of dreams\1.8prep\Fieldofdreams1_8_MediaPrep_v1_7A_20260817_210857\stimulus_target_cued_Fieldofdreams1_8_v1_7A.mp4,143.25,52.76637753753661,45.87168498992921,4.0525304178238715,10.528392623138767,0.017804869712516474,0.04009938888888922,0.03571959247235221,0.0,0.0,0.08703948710891395,-21.205673535360567,-0.010230442205277704,0.0,0.0,0.0,0.0,-1.0,-6.366306413656472e-15,0.3333333333333333,0.0,-0.23992346319290087,-0.008874672924813398,0.1371420996825699,-0.02401088988286712,4.125390151751604,-3.7738414680980004
target,C:\Users\hoytb\Desktop\PRAYCGStimulus\Field of dreams\1.8prep\Fieldofdreams1_8_MediaPrep_v1_7A_20260817_210857\stimulus_target_cued_Fieldofdreams1_8_v1_7A.mp4,143.5,52.37105804748538,45.31053332519532,3.4424050680160763,8.366479855346721,0.019698114469648188,0.03965462500000006,-0.03149854479547837,0.0,0.0,0.07575697478582682,-22.41154752793623,-0.011282512323087121,0.0,0.0,0.0,0.0,-0.8660254037844617,0.4999999999999601,0.3333333333333333,0.0,-0.2520521890176607,-0.16337613616641758,-0.08756285903017663,0.0978415982729647,3.4052262592083715,-4.160948824475976
target,C:\Users\hoytb\Desktop\PRAYCGStimulus\Field of dreams\1.8prep\Fieldofdreams1_8_MediaPrep_v1_7A_20260817_210857\stimulus_target_cued_Fieldofdreams1_8_v1_7A.mp4,143.75,51.90332530975344,45.134422798156756,3.0915996980667213,7.654658775329625,0.010941321933641876,0.03900902777777775,-0.5478722868486697,0.0,0.0,0.06294031553654415,-24.02142168353358,-0.012816659249282672,0.0,0.0,0.0,0.0,-0.500000000000025,0.8660254037844242,0.3333333333333333,0.0,-0.2664026126066411,-0.2522102470376705,-0.16154814131307857,-0.46576062735440643,2.5871376145829785,-4.725435497789644
target,C:\Users\hoytb\Desktop\PRAYCGStimulus\Field of dreams\1.8prep\Fieldofdreams1_8_MediaPrep_v1_7A_20260817_210857\stimulus_target_cued_Fieldofdreams1_8_v1_7A.mp4,144.0,51.21869205322269,44.61141070556643,2.889924539566046,7.101873632812508,0.013509110264480068,0.03859736111111117,-0.47586047655119024,0.0,0.0,0.06039092456367859,-24.38056642877607,-0.0025493909728655645,0.0,0.0,0.0,0.0,-1.175660927181459e-14,1.0,0.3333333333333333,0.0,-0.2874077218105859,-0.3032802560082086,-0.2190035412148921,-0.30049335486282547,2.424409733233669,-0.9476121261089472
target,C:\Users\hoytb\Desktop\PRAYCGStimulus\Field of dreams\1.8prep\Fieldofdreams1_8_MediaPrep_v1_7A_20260817_210857\stimulus_target_cued_Fieldofdreams1_8_v1_7A.mp4,144.25,50.51351294860841,43.94712312927247,3.0293597783088626,7.707597300720195,0.01337750137001278,0.037928138888888886,-0.4458902308102716,0.0,0.0,0.07929122135630062,-22.0154978493918,0.018900296792622034,0.0,0.0,0.0,0.0,0.4999999999999554,0.8660254037844644,0.3333333333333333,0.0,-0.30904319446615297,-0.267971202843979,-0.1560458151603214,-0.30896392962283337,3.630817572075075,6.944762902391826
target,C:\Users\hoytb\Desktop\PRAYCGStimulus\Field of dreams\1.8prep\Fieldofdreams1_8_MediaPrep_v1_7A_20260817_210857\stimulus_target_cued_Fieldofdreams1_8_v1_7A.mp4,144.5,49.7189307800293,43.41547440490723,3.330729376029968,7.999999642944336,0.014394747622311112,0.03914895833333333,-0.3179515108267143,0.0,0.0,0.10292124767536437,-19.74989915275581,0.023630026319063746,0.0,0.0,0.0,0.0,0.8660254037844215,0.5000000000000298,0.3333333333333333,0.0,-0.333421626368638,-0.19165566565295328,-0.12565409112046136,-0.24349221158805678,5.139124520697991,8.685058594066795
target,C:\Users\hoytb\Desktop\PRAYCGStimulus\Field of dreams\1.8prep\Fieldofdreams1_8_MediaPrep_v1_7A_20260817_210857\stimulus_target_cued_Fieldofdreams1_8_v1_7A.mp4,144.75,49.327730085754396,42.94137604675293,3.2669765851020647,7.4113302803039005,0.012914836424216628,0.03827581249999999,-0.4063839579117812,0.0,0.0,0.11044110539001949,-19.137385104252438,0.007519857714655118,0.0,0.0,0.0,0.0,1.0,1.714691212997271e-14,0.3333333333333333,0.0,-0.34542398416460957,-0.20779972438973593,-0.1868392262462749,-0.33874184112390937,5.619117792415994,2.7573502848133957
target,C:\Users\hoytb\Desktop\PRAYCGStimulus\Field of dreams\1.8prep\Fieldofdreams1_8_MediaPrep_v1_7A_20260817_210857\stimulus_target_cued_Fieldofdreams1_8_v1_7A.mp4,145.0,49.7569211730957,42.643128540039065,2.2985193462371822,4.517937347412101,0.014936531834304274,0.036963333333333355,-0.560800615110232,0.0,0.0,0.09892593831319083,-20.093796435038488,-0.011515167076828661,0.0,0.0,0.0,0.0,0.866025403784467,-0.49999999999995076,0.3333333333333333,0.0,-0.33225604998529923,-0.4530412317925749,-0.4875727938588157,-0.20862204806259105,4.884103523620096,-4.246553733450276
target,C:\Users\hoytb\Desktop\PRAYCGStimulus\Field of dreams\1.8prep\Fieldofdreams1_8_MediaPrep_v1_7A_20260817_210857\stimulus_target_cued_Fieldofdreams1_8_v1_7A.mp4,145.25,50.043214071655285,41.96674392395026,2.804817506408609,6.400491984939372,0.017304919164628185,0.03729343749999968,-0.3138676309231986,0.0,0.0,0.10198329838912093,-19.829418919843235,0.0030573600759301045,0.0,1.0,0.0,0.0,0.5000000000000344,-0.8660254037844188,0.3333333333333333,0.0,-0.32347234930877816,-0.3248318292367558,-0.291903769464236,-0.05618856685018866,5.079255123736908,1.1153820979717568
target,C:\Users\hoytb\Desktop\PRAYCGStimulus\Field of dreams\1.8prep\Fieldofdreams1_8_MediaPrep_v1_7A_20260817_210857\stimulus_target_cued_Fieldofdreams1_8_v1_7A.mp4,145.5,49.86227751770021,41.26640523376468,3.7227271987914605,8.927442942046987,0.014925093280524026,0.03891787500000002,-0.19000824710314207,0.0,0.0,0.11833667711205056,-18.53761259702722,0.016353378722929635,1.0,0.0,9.0,48.0,2.2537214988130828e-14,-1.0,0.3333333333333333,0.0,-0.32902363101844945,-0.09239042905320718,-0.029257459703128992,-0.20935825305340225,6.1230929268864305,6.007628861437606
target,C:\Users\hoytb\Desktop\PRAYCGStimulus\Field of dreams\1.8prep\Fieldofdreams1_8_MediaPrep_v1_7A_20260817_210857\stimulus_target_cued_Fieldofdreams1_8_v1_7A.mp4,145.75,49.6966354171753,40.94695053710939,3.286041657161748,8.27157086944587,0.010157616642490298,0.037928423611111164,-0.5352012124670233,0.0,0.0,0.11441986505776587,-18.82997137511754,-0.0039168120542846935,1.0,0.0,9.0,48.0,-0.49999999999999534,-0.8660254037844414,0.3333333333333333,0.0,-0.3341056663667281,-0.20297189428735507,-0.09742751225580148,-0.5162012475372868,5.873082420839661,-1.4507523169793444
target,C:\Users\hoytb\Desktop\PRAYCGStimulus\Field of dreams\1.8prep\Fieldofdreams1_8_MediaPrep_v1_7A_20260817_210857\stimulus_target_cued_Fieldofdreams1_8_v1_7A.mp4,146.0,49.82113679809571,40.72257918090821,3.0186517414092666,6.788062744140502,0.016262474846839917,0.038199611111111115,-0.3086949875893335,0.0,0.0,0.09612273536697069,-20.343477579187002,-0.01829712969079518,1.0,0.0,9.0,48.0,-0.8660254037844162,-0.5000000000000391,0.3333333333333333,0.0,-0.33028586200091786,-0.2706827888647104,-0.25162042744322494,-0.12328207571000058,4.705174798569417,-6.741964993693319
target,C:\Users\hoytb\Desktop\PRAYCGStimulus\Field of dreams\1.8prep\Fieldofdreams1_8_MediaPrep_v1_7A_20260817_210857\stimulus_target_cued_Fieldofdreams1_8_v1_7A.mp4,146.25,49.66312678527832,40.41370710754395,3.81034008836747,9.752682670593279,0.01597003389149904,0.03856211805555554,-0.11646055744826092,0.0,0.0,0.08310690836071856,-21.607257469282963,-0.013015827006252131,0.0,0.0,0.0,0.0,-1.0,-2.7927517846288947e-14,0.3333333333333333,0.0,-0.3351337386456552,-0.07020430018217631,0.056516333714307185,-0.14210407847151424,3.87437325605206,-4.798718924978615
target,C:\Users\hoytb\Desktop\PRAYCGStimulus\Field of dreams\1.8prep\Fieldofdreams1_8_MediaPrep_v1_7A_20260817_210857\stimulus_target_cued_Fieldofdreams1_8_v1_7A.mp4,146.5,49.48087802124024,40.20234336547851,2.772907669830321,6.6574855377197215,0.014713975566625593,0.03934868055555556,-0.4479078621818037,0.0,0.0,0.07212972669303237,-22.83771426774685,-0.010977181667686187,0.0,0.0,0.0,0.0,-0.866025403784444,0.4999999999999907,0.3333333333333333,0.0,-0.34072528003571617,-0.3329123268667905,-0.26519236531913354,-0.22294615215381713,3.1736986498494555,-4.048602944831078
target,C:\Users\hoytb\Desktop\PRAYCGStimulus\Field of dreams\1.8prep\Fieldofdreams1_8_MediaPrep_v1_7A_20260817_210857\stimulus_target_cued_Fieldofdreams1_8_v1_7A.mp4,146.75,49.56130621795654,40.31313119812012,1.8107705309867792,3.8347474021911503,0.010491604365780876,0.03789488888888885,-0.9036567804255884,0.0,0.0,0.07036315080017067,-23.053094428940703,-0.0017665758928617076,0.0,0.0,0.0,0.0,-0.5000000000000437,0.8660254037844134,0.3333333333333333,0.0,-0.33825767706874516,-0.5765534013398421,-0.5585822123334672,-0.4947052233475169,3.060937933526283,-0.6595766890944713
target,C:\Users\hoytb\Desktop\PRAYCGStimulus\Field of dreams\1.8prep\Fieldofdreams1_8_MediaPrep_v1_7A_20260817_210857\stimulus_target_cued_Fieldofdreams1_8_v1_7A.mp4,147.0,49.65240690307618,40.474263885498054,2.9600360843658953,6.644951702880981,0.011398142312467184,0.037115361111111106,-0.5600098868498555,0.0,0.0,0.07159974944979897,-22.90176994834731,0.001236598649628301,0.0,0.0,0.0,0.0,-3.331782070444707e-14,1.0,0.3333333333333333,0.0,-0.33546263341400245,-0.28552597606373736,-0.2664951074472667,-0.4363588822337776,3.1398701492888756,0.4454361215588391
target,C:\Users\hoytb\Desktop\PRAYCGStimulus\Field of dreams\1.8prep\Fieldofdreams1_8_MediaPrep_v1_7A_20260817_210857\stimulus_target_cued_Fieldofdreams1_8_v1_7A.mp4,147.25,49.92044836425784,40.711181944274905,3.5050078515052983,9.817926319122462,0.007320489651895987,0.03700667361111109,-0.6157736551652018,0.0,0.0,0.07383088128322302,-22.63523895158571,0.0022311318334240493,0.0,0.0,0.0,0.0,0.499999999999986,0.8660254037844467,0.3333333333333333,0.0,-0.3272389017889338,-0.14752329272182194,0.06329763015116194,-0.6988036193202884,3.2822835178652934,0.8113728638844915
target,C:\Users\hoytb\Desktop\PRAYCGStimulus\Field of dreams\1.8prep\Fieldofdreams1_8_MediaPrep_v1_7A_20260817_210857\stimulus_target_cued_Fieldofdreams1_8_v1_7A.mp4,147.5,49.709977386474606,40.657084732055665,2.791388701439018,6.938070676803875,0.007549999769777185,0.036954930555555626,-0.790705939519309,0.0,0.0,0.08463119254004853,-21.449390788467092,0.010800311256825512,0.0,0.0,0.0,0.0,0.8660254037844107,0.5000000000000484,0.3333333333333333,0.0,-0.3336963238180654,-0.3282323927734808,-0.23602889811887898,-0.6840319534723232,3.9716684680131467,3.9643874175422122
target,C:\Users\hoytb\Desktop\PRAYCGStimulus\Field of dreams\1.8prep\Fieldofdreams1_8_MediaPrep_v1_7A_20260817_210857\stimulus_target_cued_Fieldofdreams1_8_v1_7A.mp4,147.75,49.56525677948,40.46922234802248,3.0345948115347374,9.206590676307155,0.007305627073719989,0.036785534722222166,-0.7391501428920557,0.0,0.0,0.08351072920320168,-21.565154481983196,-0.0011204633368468442,0.0,0.0,0.0,0.0,1.0,3.870812356260519e-14,0.3333333333333333,0.0,-0.3381364706046629,-0.26664554034893456,-0.00024339353164817932,-0.6997602004090959,3.9001491809068143,-0.4218407062473292
target,C:\Users\hoytb\Desktop\PRAYCGStimulus\Field of dreams\1.8prep\Fieldofdreams1_8_MediaPrep_v1_7A_20260817_210857\stimulus_target_cued_Fieldofdreams1_8_v1_7A.mp4,148.0,48.77975935668948,39.95893904418947,5.620823137664749,18.57012606506331,0.01411771871447538,0.036886416666666685,0.2657243995052726,0.0,0.0,0.0645752961972147,-23.798671861991807,-0.01893543300598699,0.0,0.0,0.0,0.0,0.8660254037844494,-0.49999999999998135,0.3333333333333333,0.0,-0.36223617506357264,0.388262604001809,0.9729840485194178,-0.26132226846988243,2.6914985940442646,-6.976827580063214
target,C:\Users\hoytb\Desktop\PRAYCGStimulus\Field of dreams\1.8prep\Fieldofdreams1_8_MediaPrep_v1_7A_20260817_210857\stimulus_target_cued_Fieldofdreams1_8_v1_7A.mp4,148.25,48.27999112243653,39.26564077453614,7.668004450607277,25.55077013549797,0.021663906766474172,0.03956436805555551,1.1656685139375633,0.0,0.0,0.05819981568280866,-24.701567814779402,-0.0063754805144060345,0.0,1.0,0.0,0.0,0.5000000000000531,-0.8660254037844081,0.3333333333333333,0.0,-0.3775694739312627,0.9066683848305012,1.6985384561736128,0.22436337083485702,2.2845510337306867,-2.3554150687256055
target,C:\Users\hoytb\Desktop\PRAYCGStimulus\Field of dreams\1.8prep\Fieldofdreams1_8_MediaPrep_v1_7A_20260817_210857\stimulus_target_cued_Fieldofdreams1_8_v1_7A.mp4,148.5,46.893258969116204,39.665083831787115,8.412659406280518,29.079723980712895,0.04028674557805063,0.04058891666666665,2.2634635279907656,0.0,0.0,0.061006057544591555,-24.292540798797617,0.002806241861782896,1.0,0.0,3.0,49.0,4.409842642076331e-14,-1.0,0.3333333333333333,0.0,-0.42011555249121724,1.0952366524788975,2.0653309743093327,1.4229613002190677,2.463673733066358,1.0229835910934408
target,C:\Users\hoytb\Desktop\PRAYCGStimulus\Field of dreams\1.8prep\Fieldofdreams1_8_MediaPrep_v1_7A_20260817_210857\stimulus_target_cued_Fieldofdreams1_8_v1_7A.mp4,148.75,46.53018378448494,40.07303520202637,8.335237659454336,28.14489121627795,0.04875600728392647,0.03721402777777791,2.654229671691592,0.0,0.0,0.06419691429139347,-23.84971692709419,0.0031908567468019178,1.0,0.0,3.0,49.0,-0.4999999999999767,-0.8660254037844521,0.3333333333333333,0.0,-0.43125499660917843,1.0756312170136533,1.9681662964068973,1.968057547186823,2.667346439066642,1.1645019641020196
target,C:\Users\hoytb\Desktop\PRAYCGStimulus\Field of dreams\1.8prep\Fieldofdreams1_8_MediaPrep_v1_7A_20260817_210857\stimulus_target_cued_Fieldofdreams1_8_v1_7A.mp4,149.0,48.80067796020509,40.24156147460936,10.226988140869018,28.71809577026341,0.047413779485226584,0.039154277777777906,3.0823551812694436,0.0,0.0,0.07035360972245688,-23.05427229500112,0.006156695431063411,1.0,0.0,3.0,49.0,-0.8660254037844337,-0.5000000000000084,0.3333333333333333,0.0,-0.3615943751699099,1.5546773958991111,2.0277440497539043,1.8816694579937003,3.0603289255794133,2.2557771111412004
target,C:\Users\hoytb\Desktop\PRAYCGStimulus\Field of dreams\1.8prep\Fieldofdreams1_8_MediaPrep_v1_7A_20260817_210857\stimulus_target_cued_Fieldofdreams1_8_v1_7A.mp4,149.25,49.82015025482163,41.55775505065905,16.73608716583204,44.818500112913746,0.07726958346068309,0.033225812500000396,6.22822503294573,0.0,0.0,0.06886667611844388,-23.239817558478606,-0.0014869336040130021,0.0,0.0,0.0,0.0,-1.0,-4.9488729278921426e-14,0.3333333333333333,0.0,-0.3303161299568035,3.2029703639885305,3.70118839356462,3.803240341313492,2.965417804584835,-0.5566827989105108
target,C:\Users\hoytb\Desktop\PRAYCGStimulus\Field of dreams\1.8prep\Fieldofdreams1_8_MediaPrep_v1_7A_20260817_210857\stimulus_target_cued_Fieldofdreams1_8_v1_7A.mp4,149.5,49.25071152343758,43.01925103454583,22.384193138122296,61.07578630371015,0.07039266951084339,0.02412745833333386,7.367222236389908,0.0,0.0,0.0687573236066705,-23.25362073308016,-0.00010935251177338068,0.0,0.0,0.0,0.0,-0.8660254037844548,0.49999999999997197,0.3333333333333333,0.0,-0.34778697675482256,4.6332348785467135,5.3909387279479555,3.360630334094431,2.9584378227968298,-0.04980424986140044
target,C:\Users\hoytb\Desktop\PRAYCGStimulus\Field of dreams\1.8prep\Fieldofdreams1_8_MediaPrep_v1_7A_20260817_210857\stimulus_target_cued_Fieldofdreams1_8_v1_7A.mp4,149.75,51.91141069641124,42.80189216003412,18.207570538330074,47.11319093475315,0.11315092984139967,0.024641513888888713,8.352965680563614,0.0,0.0,0.062496072908735927,-24.08294543462746,-0.006261250697934574,0.0,0.0,0.0,0.0,-0.5000000000000131,0.866025403784431,0.3333333333333333,0.0,-0.2661545463199349,3.5755927017724902,3.9396940419245916,6.112625495241262,2.5587815631190374,-2.313384407911971
target,C:\Users\hoytb\Desktop\PRAYCGStimulus\Field of dreams\1.8prep\Fieldofdreams1_8_MediaPrep_v1_7A_20260817_210857\stimulus_target_cued_Fieldofdreams1_8_v1_7A.mp4,150.0,60.55009948730364,47.20884597778289,26.918155670165177,69.7887796020491,0.1752416718006064,0.03135277777777747,13.636982531986138,0.0,0.0,0.05689125634398711,-24.89908950967862,-0.005604816564748816,0.0,0.0,0.0,0.0,-5.4879032137079545e-14,1.0,0.3333333333333333,0.0,-0.001112496871322045,5.781365907201581,6.296550105305812,10.10889241776716,2.20102555996354,-2.0718506188305863
target,C:\Users\hoytb\Desktop\PRAYCGStimulus\Field of dreams\1.8prep\Fieldofdreams1_8_MediaPrep_v1_7A_20260817_210857\stimulus_target_cued_Fieldofdreams1_8_v1_7A.mp4,150.25,86.8474511016846,55.72963164215087,29.744379770660796,75.24205126342852,0.2330275961995151,0.038583840277777795,17.177831192566327,1.0,1.0,0.051351014011373666,-25.789019522101185,-0.0055402423326134445,0.0,0.0,0.0,0.0,0.4999999999999673,0.8660254037844575,0.3333333333333333,0.0,0.805711795062258,6.49704795370697,6.863352430438999,13.82809387963179,1.8473913365181729,-2.048090643265356
target,C:\Users\hoytb\Desktop\PRAYCGStimulus\Field of dreams\1.8prep\Fieldofdreams1_8_MediaPrep_v1_7A_20260817_210857\stimulus_target_cued_Fieldofdreams1_8_v1_7A.mp4,150.5,80.40750687866205,55.85427724609375,12.50750392608647,42.1356535156251,0.10373345089554797,0.03627816666666665,6.4097692352272,0.0,0.0,0.06601169163312072,-23.607582755072656,0.014660677621747054,0.0,0.0,0.0,0.0,0.8660254037844284,0.5000000000000178,0.3333333333333333,0.0,0.6081290303023843,2.1321702436764887,3.4223385977460477,5.506500356172751,2.7831838587026216,5.38480245726102
target,C:\Users\hoytb\Desktop\PRAYCGStimulus\Field of dreams\1.8prep\Fieldofdreams1_8_MediaPrep_v1_7A_20260817_210857\stimulus_target_cued_Fieldofdreams1_8_v1_7A.mp4,150.75,81.50848936462413,55.62173589935302,12.629939240264843,36.05747409057587,0.06869558141529447,0.03248421527777769,4.741554261391456,0.0,0.0,0.07985895575580561,-21.953527459598497,0.013847264122684888,0.0,0.0,0.0,0.0,1.0,6.026933499523766e-14,0.3333333333333333,0.0,0.6419080749641232,2.163174422078457,2.790584589396656,3.251402825985245,3.6670561157052517,5.085508385569541
target,C:\Users\hoytb\Desktop\PRAYCGStimulus\Field of dreams\1.8prep\Fieldofdreams1_8_MediaPrep_v1_7A_20260817_210857\stimulus_target_cued_Fieldofdreams1_8_v1_7A.mp4,151.0,91.26005335693348,55.75501456298823,14.345340620422792,39.31757150879007,0.1366293943882076,0.03696586111111104,8.48517232709387,0.0,0.0,0.06378549694234595,-23.905561131998287,-0.01607345881345966,0.0,0.0,0.0,0.0,0.8660254037844602,-0.49999999999996264,0.3333333333333333,0.0,0.9410940473278729,2.5975638854314584,3.1294326995854465,7.623739846584475,2.6410856284364073,-5.923769190763023
target,C:\Users\hoytb\Desktop\PRAYCGStimulus\Field of dreams\1.8prep\Fieldofdreams1_8_MediaPrep_v1_7A_20260817_210857\stimulus_target_cued_Fieldofdreams1_8_v1_7A.mp4,151.25,92.4170903625488,56.36701223754879,8.680100395203036,24.002435720445234,0.04624576435238243,0.038260381944444276,2.622344803527331,0.0,0.0,0.05652938752460103,-24.954514398596224,-0.007256109417744919,0.0,1.0,0.0,0.0,0.5000000000000225,-0.8660254037844257,0.3333333333333333,0.0,0.9765928905758762,1.1629604802666258,1.537607623999807,1.8064939955477621,2.1779274369483463,-2.6794409306437794
target,C:\Users\hoytb\Desktop\PRAYCGStimulus\Field of dreams\1.8prep\Fieldofdreams1_8_MediaPrep_v1_7A_20260817_210857\stimulus_target_cued_Fieldofdreams1_8_v1_7A.mp4,151.5,91.59747243652357,57.3421159301757,6.360301279449279,18.182806766508946,0.049921514937279726,0.03890894444444456,2.195839331086491,0.0,0.0,0.05917594524930617,-24.557095922320386,0.002646557724705137,1.0,0.0,1.0,50.0,8.816218992587766e-15,-1.0,0.3333333333333333,0.0,0.9514463411241152,0.5755199519826528,0.9327268428231887,2.0430716239409143,2.3468574818075845,0.9642280926591935
target,C:\Users\hoytb\Desktop\PRAYCGStimulus\Field of dreams\1.8prep\Fieldofdreams1_8_MediaPrep_v1_7A_20260817_210857\stimulus_target_cued_Fieldofdreams1_8_v1_7A.mp4,151.75,90.62469828796385,57.798051470947286,8.185175860214223,27.48015975646974,0.05182903080135676,0.039199749999999915,2.764214600859832,0.0,0.0,0.061108962568063085,-24.27790178243727,0.0019330173187569188,1.0,0.0,1.0,50.0,-0.499999999999958,-0.8660254037844629,0.3333333333333333,0.0,0.921600833290019,1.0376312100207148,1.8990754165820751,2.165842625080064,2.4702421710297595,0.7016821505782503
target,C:\Users\hoytb\Desktop\PRAYCGStimulus\Field of dreams\1.8prep\Fieldofdreams1_8_MediaPrep_v1_7A_20260817_210857\stimulus_target_cued_Fieldofdreams1_8_v1_7A.mp4,152.0,89.6165523681641,57.290933850097666,9.065834587097147,26.87754268188478,0.05397568983435605,0.040299333333333326,3.09799931519511,0.0,0.0,0.061177164095179065,-24.268213177274063,6.820152711597971e-05,1.0,0.0,1.0,50.0,-0.8660254037844229,-0.5000000000000272,0.3333333333333333,0.0,0.8906700905355526,1.2606395835668447,1.8364405837240856,2.30400529179699,2.474595481342103,0.015526447632227526
target,C:\Users\hoytb\Desktop\PRAYCGStimulus\Field of dreams\1.8prep\Fieldofdreams1_8_MediaPrep_v1_7A_20260817_210857\stimulus_target_cued_Fieldofdreams1_8_v1_7A.mp4,152.25,87.8062347167969,57.355694708251946,9.643901668548581,24.276350789642294,0.04366732805222253,0.03855351388888891,2.7485327887562447,0.0,0.0,0.058404845258052236,-24.671022447484066,-0.002772318837126829,0.0,0.0,0.0,0.0,-1.0,-1.4206521850745885e-14,0.3333333333333333,0.0,0.8351280618682835,1.4070229619401347,1.5660778172618532,1.6405414014405952,2.297638092070677,-1.0296380431427385
target,C:\Users\hoytb\Desktop\PRAYCGStimulus\Field of dreams\1.8prep\Fieldofdreams1_8_MediaPrep_v1_7A_20260817_210857\stimulus_target_cued_Fieldofdreams1_8_v1_7A.mp4,152.5,85.1161439819336,56.85945188903803,11.716233997345038,37.41449387359649,0.09637833788991074,0.03666347222222226,5.846562478596071,0.0,0.0,0.05772281923590627,-24.77304931417268,-0.0006820260221459679,0.0,0.0,0.0,0.0,-0.8660254037844656,0.4999999999999533,0.3333333333333333,0.0,0.7525938742352507,1.931797710641853,2.931630555200101,5.033112635420771,2.254104302710718,-0.2605184645466482
target,C:\Users\hoytb\Desktop\PRAYCGStimulus\Field of dreams\1.8prep\Fieldofdreams1_8_MediaPrep_v1_7A_20260817_210857\stimulus_target_cued_Fieldofdreams1_8_v1_7A.mp4,152.75,86.71772888183601,54.25787129364021,13.878482204055645,49.97769021911574,0.12550664608478318,0.037777326388888796,7.823735945988109,0.0,0.0,0.06761105238973197,-23.39964608117984,0.009888233153825705,0.0,0.0,0.0,0.0,-0.5000000000000319,0.8660254037844203,0.3333333333333333,0.0,0.8017318110808994,2.479341771765627,4.237424460568062,6.907860639314588,2.8852712161172596,3.6287898777150684
target,C:\Users\hoytb\Desktop\PRAYCGStimulus\Field of dreams\1.8prep\Fieldofdreams1_8_MediaPrep_v1_7A_20260817_210857\stimulus_target_cued_Fieldofdreams1_8_v1_7A.mp4,153.0,87.59534519042973,55.498107788085946,7.3355359268191105,22.18208889160285,0.05451847283840369,0.035983777777777774,2.6731793180940286,0.0,0.0,0.08319242568213586,-21.598324251531796,0.015581373292403888,0.0,0.0,0.0,0.0,-1.9596824708904003e-14,1.0,0.3333333333333333,0.0,0.828657798425696,0.8224776961085367,1.348404356822816,2.3389397392965856,3.8798318352503944,5.723570816007597
target,C:\Users\hoytb\Desktop\PRAYCGStimulus\Field of dreams\1.8prep\Fieldofdreams1_8_MediaPrep_v1_7A_20260817_210857\stimulus_target_cued_Fieldofdreams1_8_v1_7A.mp4,153.25,87.91110876770014,55.023859710693394,4.832811545181321,11.268470603942985,0.030417332254351028,0.03598958333333333,0.8511629300441156,0.0,0.0,0.09305255507556975,-20.625433946543865,0.009860129393433892,0.0,0.0,0.0,0.0,0.49999999999994865,0.8660254037844682,0.3333333333333333,0.0,0.838345683669254,0.18871517636519264,0.21406434862726964,0.787748887454706,4.509204882814002,3.618449148323184
target,C:\Users\hoytb\Desktop\PRAYCGStimulus\Field of dreams\1.8prep\Fieldofdreams1_8_MediaPrep_v1_7A_20260817_210857\stimulus_target_cued_Fieldofdreams1_8_v1_7A.mp4,153.5,78.9179090209969,35.79371825866676,47.964791896058415,93.9024561035155,0.5470524463415354,0.025870472222221684,37.16600780902752,1.0,1.0,0.10059016397777196,-19.948889677567628,0.007537608902202203,0.0,0.0,0.0,0.0,0.8660254037844176,0.5000000000000365,0.3333333333333333,0.0,0.5624269476592325,11.1109856226234,8.802878188195296,34.03927322579242,4.990331214612518,2.7638818031671626
target,C:\Users\hoytb\Desktop\PRAYCGStimulus\Field of dreams\1.8prep\Fieldofdreams1_8_MediaPrep_v1_7A_20260817_210857\stimulus_target_cued_Fieldofdreams1_8_v1_7A.mp4,153.75,67.43754083251923,38.77057167816176,23.661774444580463,86.12869612121725,0.18181226682663176,0.03481767361111112,13.106739226018629,0.0,0.0,0.09621472973883022,-20.335168714122368,-0.004375434238941739,0.0,0.0,0.0,0.0,1.0,2.4987127567062125e-14,0.3333333333333333,0.0,0.21019984621454066,4.956755580186285,7.9948888734140455,10.531787212309471,4.711046808546739,-1.6195015462118407
target,C:\Users\hoytb\Desktop\PRAYCGStimulus\Field of dreams\1.8prep\Fieldofdreams1_8_MediaPrep_v1_7A_20260817_210857\stimulus_target_cued_Fieldofdreams1_8_v1_7A.mp4,154.0,73.8941174316406,36.37716143798827,16.73276466979978,59.21195213623044,0.10119469532966792,0.03363661111111115,7.388274313960275,0.0,0.0,0.09592973657741345,-20.36093496188762,-0.0002849931614167661,0.0,0.0,0.0,0.0,0.8660254037844426,-0.4999999999999932,0.3333333333333333,0.0,0.4082929058993892,3.202129011471773,5.197215472370596,5.343101682358053,4.692855666485753,-0.1144309191346721
target,C:\Users\hoytb\Desktop\PRAYCGStimulus\Field of dreams\1.8prep\Fieldofdreams1_8_MediaPrep_v1_7A_20260817_210857\stimulus_target_cued_Fieldofdreams1_8_v1_7A.mp4,154.25,74.6798937072754,37.68014827575683,19.156392552947988,74.83732213439934,0.08768005648404344,0.03177929861111111,7.364440759367325,0.0,0.0,0.11333111273916285,-18.913016941926116,0.0174013761617494,0.0,1.0,0.0,0.0,0.5000000000000412,-0.8660254037844148,0.3333333333333333,0.0,0.4324011657920149,3.8158619999757124,6.821285681223567,4.473276286743748,5.803587251206549,6.393237682717615
target,C:\Users\hoytb\Desktop\PRAYCGStimulus\Field of dreams\1.8prep\Fieldofdreams1_8_MediaPrep_v1_7A_20260817_210857\stimulus_target_cued_Fieldofdreams1_8_v1_7A.mp4,154.5,81.38108262939464,33.79828087768547,14.228642407226465,59.93966699829065,0.11056918617486963,0.026513222222222143,7.190227846717831,0.0,0.0,0.12598646088825155,-17.99352247495367,0.012655348149088697,1.0,0.0,5.0,51.0,3.0377430425220244e-14,-1.0,0.3333333333333333,0.0,0.6379991319478658,2.5680125076659004,5.272852723082101,5.94646003334723,6.6113793921367146,4.646944991597082
target,C:\Users\hoytb\Desktop\PRAYCGStimulus\Field of dreams\1.8prep\Fieldofdreams1_8_MediaPrep_v1_7A_20260817_210857\stimulus_target_cued_Fieldofdreams1_8_v1_7A.mp4,154.75,82.5449106079101,33.756643994140695,5.531145004844653,16.953140873718215,0.02948796894699433,0.023732777777777835,0.9881507296540448,0.0,0.0,0.11644117753229566,-18.677868226528712,-0.009545283355955891,1.0,0.0,5.0,51.0,-0.49999999999998856,-0.8660254037844453,0.3333333333333333,0.0,0.6737063278080269,0.36555349554426914,0.8049177897538504,0.7279334668781744,6.002102998705538,-3.5217384700466963
target,C:\Users\hoytb\Desktop\PRAYCGStimulus\Field of dreams\1.8prep\Fieldofdreams1_8_MediaPrep_v1_7A_20260817_210857\stimulus_target_cued_Fieldofdreams1_8_v1_7A.mp4,155.0,80.59707684326163,36.19064752197279,5.662648212432645,17.696836410521605,0.061543890953066255,0.02486430555555595,2.5778848233055087,0.0,0.0,0.08914502543373254,-20.99805773547609,-0.02729615209856312,1.0,0.0,5.0,51.0,-0.8660254037844122,-0.5000000000000459,0.3333333333333333,0.0,0.6139451921236488,0.39885392798771646,0.8822160403502103,2.791107729928517,4.2597868740842255,-10.053139520264432
target,C:\Users\hoytb\Desktop\PRAYCGStimulus\Field of dreams\1.8prep\Fieldofdreams1_8_MediaPrep_v1_7A_20260817_210857\stimulus_target_cued_Fieldofdreams1_8_v1_7A.mp4,155.25,81.44042387390135,34.84353912353519,6.005661781883471,19.37954612426844,0.03129134869650171,0.021974701388888816,1.1993812473371668,0.0,0.0,0.07246348234109545,-22.797615982453557,-0.016681543092637086,0.0,0.0,0.0,0.0,-1.0,-3.576773328337836e-14,0.3333333333333333,0.0,0.6398197699453212,0.48571492861418336,1.057113576636647,0.8440020886131859,3.195002306321034,-6.14751273578216
target,C:\Users\hoytb\Desktop\PRAYCGStimulus\Field of dreams\1.8prep\Fieldofdreams1_8_MediaPrep_v1_7A_20260817_210857\stimulus_target_cued_Fieldofdreams1_8_v1_7A.mp4,155.5,81.67753489990234,34.01944854125981,6.550877840041926,20.397458056640005,0.033847031189500054,0.024503805555555397,1.4655497717585488,0.0,0.0,0.0653617280612079,-23.693529485094118,-0.007101754279887559,0.0,0.0,0.0,0.0,-0.8660254037844479,0.4999999999999839,0.3333333333333333,0.0,0.6470945304789361,0.6237794735389885,1.1629133397650944,1.0084902085644314,2.7416966187549883,-2.6226462281350402
target,C:\Users\hoytb\Desktop\PRAYCGStimulus\Field of dreams\1.8prep\Fieldofdreams1_8_MediaPrep_v1_7A_20260817_210857\stimulus_target_cued_Fieldofdreams1_8_v1_7A.mp4,155.75,83.77890031738272,30.56905245666517,8.155730018806443,25.855478501892033,0.06733430324792758,0.024176722222222276,3.508897543296397,0.0,0.0,0.05649443523536127,-24.959886571102757,-0.008867292825846626,0.0,0.0,0.0,0.0,-0.5000000000000505,0.8660254037844095,0.3333333333333333,0.0,0.7115661430547499,1.0301746675490482,1.730209244148992,3.163788622306071,2.17569642882255,-3.2722730424890973
target,C:\Users\hoytb\Desktop\PRAYCGStimulus\Field of dreams\1.8prep\Fieldofdreams1_8_MediaPrep_v1_7A_20260817_210857\stimulus_target_cued_Fieldofdreams1_8_v1_7A.mp4,156.0,85.14302125244141,29.256472735595697,7.330782789611806,19.847769848632765,0.046970657789707645,0.025706055555555565,2.3056981825963825,0.0,0.0,0.05472688864583235,-25.23598483650014,-0.0017675465895289205,0.0,0.0,0.0,0.0,-4.115803614153648e-14,1.0,0.3333333333333333,0.0,0.7534184909139398,0.8212740636848914,1.105779829141861,1.8531493836866586,2.0628737528338066,-0.6599338552322874
target,C:\Users\hoytb\Desktop\PRAYCGStimulus\Field of dreams\1.8prep\Fieldofdreams1_8_MediaPrep_v1_7A_20260817_210857\stimulus_target_cued_Fieldofdreams1_8_v1_7A.mp4,156.25,75.0864143371582,29.97617483139038,16.406161069869995,37.255608558654785,0.1506597101688385,0.024105902777777778,9.703301325481258,0.0,0.0,0.05316643976143083,-25.48724841617232,-0.0015604488844015163,0.0,0.0,0.0,0.0,0.4999999999999792,0.8660254037844506,0.3333333333333333,0.0,0.4448735517634685,3.119423491851872,2.9151163282313135,8.526755096483813,1.9632701441228477,-0.5837326175137026
target,C:\Users\hoytb\Desktop\PRAYCGStimulus\Field of dreams\1.8prep\Fieldofdreams1_8_MediaPrep_v1_7A_20260817_210857\stimulus_target_cued_Fieldofdreams1_8_v1_7A.mp4,156.5,47.90482646484378,31.32451354522706,25.135504149245563,50.58695706481812,0.3137916697502049,0.020598069444444447,19.89502107202383,1.0,1.0,0.04594619039397628,-26.755009841826713,-0.007220249367454551,0.0,0.0,0.0,0.0,0.8660254037844068,0.5000000000000552,0.3333333333333333,0.0,-0.38907983298412047,5.329946754532844,4.300750457550086,19.026208533683093,1.5024009032394374,-2.6662462879745346
target,C:\Users\hoytb\Desktop\PRAYCGStimulus\Field of dreams\1.8prep\Fieldofdreams1_8_MediaPrep_v1_7A_20260817_210857\stimulus_target_cued_Fieldofdreams1_8_v1_7A.mp4,156.75,48.62072609252931,31.883273966979957,3.6626625297547024,9.752549227142534,0.03445284357667007,0.020596395833333333,0.7418734070576739,0.0,0.0,0.0411191455147948,-27.719118377157848,-0.00482704487918148,0.0,0.0,0.0,0.0,1.0,4.65483389996946e-14,0.3333333333333333,0.0,-0.36711544589781697,-0.1076005481840141,0.05650246386463668,1.0474813355458832,1.1942901447376433,-1.785670889961836
target,C:\Users\hoytb\Desktop\PRAYCGStimulus\Field of dreams\1.8prep\Fieldofdreams1_8_MediaPrep_v1_7A_20260817_210857\stimulus_target_cued_Fieldofdreams1_8_v1_7A.mp4,157.0,46.312094470215065,30.931208044433703,4.663936888885357,14.226869947814366,0.047109106785057475,0.021266222222222155,1.617063768597178,0.0,0.0,0.06630114151555201,-23.56957988437157,0.025181996000757212,0.0,0.0,0.0,0.0,0.8660254037844534,-0.4999999999999745,0.3333333333333333,0.0,-0.4379461554431291,0.1459512074359081,0.5215545546726131,1.8620601991015713,2.801659473712707,9.256103119036334
target,C:\Users\hoytb\Desktop\PRAYCGStimulus\Field of dreams\1.8prep\Fieldofdreams1_8_MediaPrep_v1_7A_20260817_210857\stimulus_target_cued_Fieldofdreams1_8_v1_7A.mp4,157.25,40.402229412842026,26.25516381607068,9.729206709671127,30.644092853546546,0.09920399254858644,0.02070327083333337,5.465574691068453,0.0,0.0,0.07455044039418299,-22.550995733520093,0.008249298878630976,0.0,1.0,0.0,0.0,0.5000000000000107,-0.8660254037844325,0.3333333333333333,0.0,-0.6192656571274912,1.4286246765377504,2.2279283964710968,5.214976628193893,3.3282130480465724,3.025746882948806
target,C:\Users\hoytb\Desktop\PRAYCGStimulus\Field of dreams\1.8prep\Fieldofdreams1_8_MediaPrep_v1_7A_20260817_210857\stimulus_target_cued_Fieldofdreams1_8_v1_7A.mp4,157.5,37.70276841735827,25.447687042236137,7.7409758148194285,23.94210813903827,0.07364380575716575,0.02045277777777772,3.7069099943973214,0.0,0.0,0.05928787190421255,-24.540682761159438,-0.015262568489970436,1.0,0.0,7.0,52.0,5.193864185785272e-14,-1.0,0.3333333333333333,0.0,-0.7020873320330524,0.9251468541304002,1.5313372939054362,3.569879053498348,2.354001771409802,-5.625403517102422
target,C:\Users\hoytb\Desktop\PRAYCGStimulus\Field of dreams\1.8prep\Fieldofdreams1_8_MediaPrep_v1_7A_20260817_210857\stimulus_target_cued_Fieldofdreams1_8_v1_7A.mp4,157.75,42.05302509460432,30.432027303314065,7.801358105850113,26.440237614440534,0.07232794232517402,0.021925027777777738,3.6588045519586947,0.0,0.0,0.06530793499850908,-23.70068096343029,0.006020063094296528,1.0,0.0,7.0,52.0,-0.49999999999996986,-0.866025403784456,0.3333333333333333,0.0,-0.5686178931778882,0.9404374043772635,1.7909879555751282,3.485187820282214,2.738263002170699,2.205503482239258
target,C:\Users\hoytb\Desktop\PRAYCGStimulus\Field of dreams\1.8prep\Fieldofdreams1_8_MediaPrep_v1_7A_20260817_210857\stimulus_target_cued_Fieldofdreams1_8_v1_7A.mp4,158.0,47.467808435058544,34.39071069946286,8.964914527893082,29.710804956054766,0.0695056380152706,0.022543555555555556,3.8252434359347047,0.0,0.0,0.05353033396480868,-25.42800094251055,-0.011777601033700402,1.0,0.0,7.0,52.0,-0.8660254037844298,-0.5000000000000153,0.3333333333333333,0.0,-0.4024879041699223,1.235083692761178,2.13092428899863,3.3035394617172713,1.9864975476012605,-4.3431158480362875
target,C:\Users\hoytb\Desktop\PRAYCGStimulus\Field of dreams\1.8prep\Fieldofdreams1_8_MediaPrep_v1_7A_20260817_210857\stimulus_target_cued_Fieldofdreams1_8_v1_7A.mp4,158.25,50.14986531219483,36.068778573608405,6.211449446296683,20.41905666732785,0.04183639853447668,0.019640305555555546,1.7647145429814497,0.0,0.0,0.039792829788440814,-28.00390351501622,-0.013737504176367862,0.0,0.0,0.0,0.0,-1.0,-5.732894471601083e-14,0.3333333333333333,0.0,-0.32020020187378334,0.5378263435536373,1.1651582568566483,1.5226996292477104,1.109631278974398,-5.064258775177503
target,C:\Users\hoytb\Desktop\PRAYCGStimulus\Field of dreams\1.8prep\Fieldofdreams1_8_MediaPrep_v1_7A_20260817_210857\stimulus_target_cued_Fieldofdreams1_8_v1_7A.mp4,158.5,49.44865154418937,34.505325729370036,4.302574698638968,10.97917144927996,0.065467264282704,0.02086159722222221,2.413633201171613,0.0,0.0,0.04150885335801943,-27.637185268217912,0.0017160235695786175,0.0,0.0,0.0,0.0,-0.8660254037844587,0.4999999999999652,0.3333333333333333,0.0,-0.3417140147535447,0.054443802980665854,0.18399516379583034,3.043622783980416,1.219165235435039,0.6218396807912943
target,C:\Users\hoytb\Desktop\PRAYCGStimulus\Field of dreams\1.8prep\Fieldofdreams1_8_MediaPrep_v1_7A_20260817_210857\stimulus_target_cued_Fieldofdreams1_8_v1_7A.mp4,158.75,44.97791563415526,30.076887813568103,6.628082627296445,19.162324863433838,0.08571063101291639,0.020467847222222224,4.002251901512385,0.0,0.0,0.0436585535769441,-27.198613134114808,0.0021497002189246675,0.0,0.0,0.0,0.0,-0.50000000000002,0.8660254037844272,0.3333333333333333,0.0,-0.4788798551746281,0.643329968537824,1.034536026249533,4.346520676836303,1.3563808158952453,0.7814102440164529
target,C:\Users\hoytb\Desktop\PRAYCGStimulus\Field of dreams\1.8prep\Fieldofdreams1_8_MediaPrep_v1_7A_20260817_210857\stimulus_target_cued_Fieldofdreams1_8_v1_7A.mp4,159.0,42.686098712158305,28.01260018920905,5.5937356735230805,16.982507369995545,0.04884284010529763,0.020682055555555627,1.9436248932029447,0.0,0.0,0.04254842967758238,-27.42232927305023,-0.0011101238993617216,0.0,0.0,0.0,0.0,-6.271924757416895e-14,1.0,0.3333333333333333,0.0,-0.5491946759385713,0.3814032711668259,0.8079700855873566,1.9736462568863002,1.2855214961200148,-0.41803632834176246
target,C:\Users\hoytb\Desktop\PRAYCGStimulus\Field of dreams\1.8prep\Fieldofdreams1_8_MediaPrep_v1_7A_20260817_210857\stimulus_target_cued_Fieldofdreams1_8_v1_7A.mp4,159.25,41.135636242675865,27.00426380691534,4.734053256225581,15.636844362640218,0.02946457120925211,0.020493618055555524,0.7791820123006956,0.0,0.0,0.04213462947604816,-27.5072164163813,-0.00041380020153421876,0.0,0.0,0.0,0.0,0.49999999999996053,0.8660254037844615,0.3333333333333333,0.0,-0.5967641347363031,0.16370670858770103,0.6681045206978602,0.7264275482427908,1.2591085877766965,-0.1618252438461848
target,C:\Users\hoytb\Desktop\PRAYCGStimulus\Field of dreams\1.8prep\Fieldofdreams1_8_MediaPrep_v1_7A_20260817_210857\stimulus_target_cued_Fieldofdreams1_8_v1_7A.mp4,159.5,39.24830728454597,26.12671505432132,6.394264079284579,20.15398641357402,0.053913144230841176,0.021198583333333305,2.398380170043283,0.0,0.0,0.0440025541289364,-27.130442282847277,0.0018679246528882434,0.0,0.0,0.0,0.0,0.8660254037844245,0.5000000000000246,0.3333333333333333,0.0,-0.6546689333874405,0.584120319549725,1.1376073763062908,2.29997974920257,1.3783384056115764,0.677731418229266
target,C:\Users\hoytb\Desktop\PRAYCGStimulus\Field of dreams\1.8prep\Fieldofdreams1_8_MediaPrep_v1_7A_20260817_210857\stimulus_target_cued_Fieldofdreams1_8_v1_7A.mp4,159.75,46.4629630462646,32.638773925781145,11.072075034332347,34.73537028961209,0.15100313060879797,0.021436222222222197,8.329157566573546,0.0,0.0,0.04753784688404807,-26.459209850187257,0.00353529275511167,0.0,0.0,0.0,0.0,1.0,1.126613157151906e-14,0.3333333333333333,0.0,-0.43331738392913277,1.768677947830805,2.6531677220579515,8.548858226538709,1.6039964965485847,1.2912365898281009
target,C:\Users\hoytb\Desktop\PRAYCGStimulus\Field of dreams\1.8prep\Fieldofdreams1_8_MediaPrep_v1_7A_20260817_210857\stimulus_target_cued_Fieldofdreams1_8_v1_7A.mp4,160.0,47.76252371215822,36.03314239501954,8.009936496734648,23.865962417602613,0.1061522229313857,0.021849861111111132,5.354441069834228,0.0,0.0,0.05187822674914842,-25.700297539109588,0.004340379865100351,0.0,0.0,0.0,0.0,0.8660254037844641,-0.49999999999995587,0.3333333333333333,0.0,-0.3934457980196619,0.9932555123322793,1.5234228574645863,5.66217668367258,1.8810433784182128,1.5874669812497484
target,C:\Users\hoytb\Desktop\PRAYCGStimulus\Field of dreams\1.8prep\Fieldofdreams1_8_MediaPrep_v1_7A_20260817_210857\stimulus_target_cued_Fieldofdreams1_8_v1_7A.mp4,160.25,46.97496558990479,35.97613779907227,5.20832334423064,15.355937993240307,0.04859105617254955,0.02084592361111112,1.8309153486244112,0.0,0.0,0.050746843100965486,-25.891819389887214,-0.0011313836481829376,0.0,1.0,0.0,0.0,0.5000000000000293,-0.8660254037844217,0.3333333333333333,0.0,-0.4176087264263451,0.2838056728277373,0.6389076654507264,1.9574410100118838,1.808827046744644,-0.4258588156685354
target,C:\Users\hoytb\Desktop\PRAYCGStimulus\Field of dreams\1.8prep\Fieldofdreams1_8_MediaPrep_v1_7A_20260817_210857\stimulus_target_cued_Fieldofdreams1_8_v1_7A.mp4,160.5,48.13942550048831,35.94805739135741,5.514569773864798,16.686151311493138,0.050013364142180126,0.022391291666666698,1.9797804172800024,0.0,0.0,0.04065306059446412,-27.81813505321363,-0.010093782506501364,1.0,0.0,10.0,53.0,1.665643442967718e-14,-1.0,0.3333333333333333,0.0,-0.3818821423726184,0.3613561655353424,0.7771674200579483,2.0489831967104086,1.1645398975525196,-3.7235577713926227
target,C:\Users\hoytb\Desktop\PRAYCGStimulus\Field of dreams\1.8prep\Fieldofdreams1_8_MediaPrep_v1_7A_20260817_210857\stimulus_target_cued_Fieldofdreams1_8_v1_7A.mp4,160.75,59.238275442503955,28.98711182632504,34.71483780059569,63.11650109176264,0.4603779260173094,0.06800108333332944,29.505521675737835,1.0,0.0,0.03369650768493257,-29.448302143594617,-0.006956552909531552,1.0,0.0,10.0,53.0,-0.4999999999999512,-0.8660254037844668,0.3333333333333333,0.0,-0.04136033329254359,7.7557123230006635,5.603046607148905,28.460752053907097,0.7205024280113036,-2.5692196383389065
target,C:\Users\hoytb\Desktop\PRAYCGStimulus\Field of dreams\1.8prep\Fieldofdreams1_8_MediaPrep_v1_7A_20260817_210857\stimulus_target_cued_Fieldofdreams1_8_v1_7A.mp4,161.0,61.055428759765654,27.588192391967784,4.4149388725282455,10.581163357544327,0.015491470797360274,0.07499625000000021,0.017961028906640603,0.0,0.0,0.039108242672749136,-28.15463397205455,0.005411734987816566,1.0,0.0,10.0,53.0,-0.8660254037844191,-0.500000000000034,0.3333333333333333,0.0,0.014391419204565766,0.08289767608608002,0.1426269859705365,-0.17290522213806725,1.065934014756692,1.9816702213913946
target,C:\Users\hoytb\Desktop\PRAYCGStimulus\Field of dreams\1.8prep\Fieldofdreams1_8_MediaPrep_v1_7A_20260817_210857\stimulus_target_cued_Fieldofdreams1_8_v1_7A.mp4,161.25,60.627275154113796,27.478239532470702,2.4041047954559005,5.914593875884976,0.013180905310436595,0.07279045138888879,-0.6184583801476826,0.0,0.0,0.06601563215404185,-23.607064272551533,0.026907389481292718,0.0,0.0,0.0,0.0,-1.0,-2.20467372878353e-14,0.3333333333333333,0.0,0.0012553158134562417,-0.42630392870157385,-0.34240706273317706,-0.3216171900799143,2.783435382548016,9.890958626911225
target,C:\Users\hoytb\Desktop\PRAYCGStimulus\Field of dreams\1.8prep\Fieldofdreams1_8_MediaPrep_v1_7A_20260817_210857\stimulus_target_cued_Fieldofdreams1_8_v1_7A.mp4,161.5,60.04834722900393,27.466491343688965,3.455298910903867,8.08126016693098,0.021709034514426965,0.0740170138888889,0.06943904423354316,0.0,0.0,0.08270175283983419,-21.649705711963662,0.01668612068579234,0.0,0.0,0.0,0.0,-0.8660254037844695,0.49999999999994654,0.3333333333333333,0.0,-0.01650666722220086,-0.16011104056991668,-0.11720803216774818,0.22726787029389578,3.8485121385411656,6.130060683632116
target,C:\Users\hoytb\Desktop\PRAYCGStimulus\Field of dreams\1.8prep\Fieldofdreams1_8_MediaPrep_v1_7A_20260817_210857\stimulus_target_cued_Fieldofdreams1_8_v1_7A.mp4,161.75,59.45020674133302,27.356245757293706,4.52138390312194,11.09132969284055,0.02268032876774677,0.07252232638888895,0.394539633938536,0.0,0.0,0.08141707065988532,-21.785690546796175,-0.0012846821799488706,0.0,0.0,0.0,0.0,-0.5000000000000386,0.8660254037844164,0.3333333333333333,0.0,-0.034858107417341175,0.10985265015280912,0.19565267091824567,0.2897820386562513,3.7665107462183114,-0.4822647418173526
target,C:\Users\hoytb\Desktop\PRAYCGStimulus\Field of dreams\1.8prep\Fieldofdreams1_8_MediaPrep_v1_7A_20260817_210857\stimulus_target_cued_Fieldofdreams1_8_v1_7A.mp4,162.0,59.224162786865236,27.441787863159178,4.371883143615725,11.377932531738283,0.024313880422711345,0.07164233333333334,0.43482351259228574,0.0,0.0,0.09088168296600085,-20.83047278395643,0.009464612306115533,0.0,0.0,0.0,0.0,-2.743704014599342e-14,1.0,0.3333333333333333,0.0,-0.041793321129493126,0.07199471471918412,0.2254416059950498,0.3949202321934023,4.370637898451701,3.4729193290817424
target,C:\Users\hoytb\Desktop\PRAYCGStimulus\Field of dreams\1.8prep\Fieldofdreams1_8_MediaPrep_v1_7A_20260817_210857\stimulus_target_cued_Fieldofdreams1_8_v1_7A.mp4,162.25,59.32433583221435,27.39767800216675,4.2344658621788,12.654920370101905,0.017902815005183148,0.07180715277777777,0.08790995796324838,0.0,0.0,0.09441263893892249,-20.49939726352089,0.0035309559729216344,0.0,0.0,0.0,0.0,0.4999999999999911,0.8660254037844438,0.3333333333333333,0.0,-0.03871993003027563,0.03719666696821512,0.3581692089636162,-0.01770696242202108,4.5960191721468,1.289640878420322
target,C:\Users\hoytb\Desktop\PRAYCGStimulus\Field of dreams\1.8prep\Fieldofdreams1_8_MediaPrep_v1_7A_20260817_210857\stimulus_target_cued_Fieldofdreams1_8_v1_7A.mp4,162.5,59.06875198364258,27.365920104980468,4.239774632453915,10.972584171295157,0.010919443108141422,0.06997222222222223,-0.249559226370377,0.0,0.0,0.08350088862966137,-21.566178053120982,-0.010911750309261115,0.0,0.0,0.0,0.0,0.8660254037844136,0.5000000000000433,0.3333333333333333,0.0,-0.04656145189443219,0.03854100182625242,0.18331049508502187,-0.46716878618601815,3.899521056111316,-4.024527591149435
target,C:\Users\hoytb\Desktop\PRAYCGStimulus\Field of dreams\1.8prep\Fieldofdreams1_8_MediaPrep_v1_7A_20260817_210857\stimulus_target_cued_Fieldofdreams1_8_v1_7A.mp4,162.75,59.46130734405514,27.31986171874999,5.40423662643428,14.852236816405968,0.012195659874379408,0.07029215972222191,0.11598786613932598,0.0,0.0,0.09468944283507166,-20.47396877761587,0.01118855420541029,0.0,0.0,0.0,0.0,1.0,3.282734300415154e-14,0.3333333333333333,0.0,-0.0345175318315314,0.33341660733236517,0.5865539563509293,-0.38502928055343005,4.613687592584863,4.107240730182605
target,C:\Users\hoytb\Desktop\PRAYCGStimulus\Field of dreams\1.8prep\Fieldofdreams1_8_MediaPrep_v1_7A_20260817_210857\stimulus_target_cued_Fieldofdreams1_8_v1_7A.mp4,163.0,59.87360941772458,27.306437847900398,5.598162121582043,16.106908999633852,0.013703519868850699,0.07026669444444468,0.23971764971571285,0.0,0.0,0.11200845051310573,-19.014984212096497,0.01731900767803407,0.0,0.0,0.0,0.0,0.8660254037844465,-0.4999999999999864,0.3333333333333333,0.0,-0.02186776642819038,0.38252417640750824,0.7169621140390808,-0.28798081842255996,5.71916158873348,6.362930343463179
target,C:\Users\hoytb\Desktop\PRAYCGStimulus\Field of dreams\1.8prep\Fieldofdreams1_8_MediaPrep_v1_7A_20260817_210857\stimulus_target_cued_Fieldofdreams1_8_v1_7A.mp4,163.25,59.89749633026124,27.391345534515374,5.875162047576881,17.94574027748093,0.015663434214517342,0.06869079861111113,0.4070432118298095,0.0,0.0,0.12783157541450813,-17.86723717473141,0.01582312490140239,0.0,1.0,0.0,0.0,0.500000000000048,-0.866025403784411,0.3333333333333333,0.0,-0.02113489638194089,0.45266860475735554,0.9080866184705565,-0.16183736090489326,6.729153237302205,5.812522896933904
target,C:\Users\hoytb\Desktop\PRAYCGStimulus\Field of dreams\1.8prep\Fieldofdreams1_8_MediaPrep_v1_7A_20260817_210857\stimulus_target_cued_Fieldofdreams1_8_v1_7A.mp4,163.5,59.935248529052735,27.572927352905282,6.285648299789371,18.302361370849404,0.01898793890923272,0.0670437500000001,0.6753878148585859,0.0,0.0,0.1378778892249429,-17.21010747663985,0.010046313810434776,1.0,0.0,6.0,54.0,3.8217645862309657e-14,-1.0,0.3333333333333333,0.0,-0.019976627994099647,0.5566156487989957,0.9451531131299588,0.05213347800055417,7.370410454866129,3.68695537832053
target,C:\Users\hoytb\Desktop\PRAYCGStimulus\Field of dreams\1.8prep\Fieldofdreams1_8_MediaPrep_v1_7A_20260817_210857\stimulus_target_cued_Fieldofdreams1_8_v1_7A.mp4,163.75,59.98418405914307,27.28039722061158,7.882882807731612,23.78157178878781,0.01729791174456468,0.06482840277777774,1.0098451138354585,0.0,0.0,0.12606532755736286,-17.988086868163514,-0.011812561667580046,1.0,0.0,6.0,54.0,-0.49999999999998174,-0.8660254037844491,0.3333333333333333,0.0,-0.0184752458399387,0.9610818272569145,1.5146514615756859,-0.05663957645529897,6.616413459531694,-4.355979552013191
target,C:\Users\hoytb\Desktop\PRAYCGStimulus\Field of dreams\1.8prep\Fieldofdreams1_8_MediaPrep_v1_7A_20260817_210857\stimulus_target_cued_Fieldofdreams1_8_v1_7A.mp4,164.0,60.14709885864258,26.902662854003907,8.76595036010742,26.05846468811034,0.021017247352004047,0.06538011111111111,1.4205687178605273,0.0,0.0,0.09283370959932258,-20.645885899096825,-0.03323161795804028,1.0,0.0,6.0,54.0,-0.8660254037844083,-0.5000000000000526,0.3333333333333333,0.0,-0.013476886321491497,1.1847001853963113,1.7513072288933187,0.18274325893661703,4.495235954128044,-12.23708378295107
target,C:\Users\hoytb\Desktop\PRAYCGStimulus\Field of dreams\1.8prep\Fieldofdreams1_8_MediaPrep_v1_7A_20260817_210857\stimulus_target_cued_Fieldofdreams1_8_v1_7A.mp4,164.25,60.33584457855225,26.68959606399536,8.048805683708167,24.21781031570427,0.01918591930493707,0.06303425694444442,1.1447193641929594,0.0,0.0,0.09902625467197931,-20.084992926648187,0.0061925450726567355,0.0,0.0,0.0,0.0,-1.0,-4.3607948720467776e-14,0.3333333333333333,0.0,-0.007686013002585347,1.003098319657548,1.5599932356010016,0.06487583671132126,4.890506726857291,2.2689679239486065
target,C:\Users\hoytb\Desktop\PRAYCGStimulus\Field of dreams\1.8prep\Fieldofdreams1_8_MediaPrep_v1_7A_20260817_210857\stimulus_target_cued_Fieldofdreams1_8_v1_7A.mp4,164.5,60.42037932739258,26.496170729064936,7.91427478065493,23.621031857299865,0.014273005132377021,0.06463887500000008,0.8712530317944677,0.0,0.0,0.16729789730271122,-15.530190349327608,0.0682716426307319,0.0,0.0,0.0,0.0,-0.8660254037844518,0.4999999999999771,0.3333333333333333,0.0,-0.005092417652109573,0.9690311867651228,1.4979652570191584,-0.251327767586231,9.248292519535724,25.110863093515807
target,C:\Users\hoytb\Desktop\PRAYCGStimulus\Field of dreams\1.8prep\Fieldofdreams1_8_MediaPrep_v1_7A_20260817_210857\stimulus_target_cued_Fieldofdreams1_8_v1_7A.mp4,164.75,61.20287857971187,26.409841477203372,8.40861959991458,25.405151309204292,0.02123275387957709,0.05928436111111115,1.3378554345649678,0.0,0.0,0.1671000328127106,-15.54046929646945,-0.00019786449000061546,0.0,0.0,0.0,0.0,-0.5000000000000573,0.8660254037844056,0.3333333333333333,0.0,0.01891530048045756,1.0942136561471654,1.6834031219281254,0.19661362963204823,9.23566280930502,-0.08237207715666885
target,C:\Users\hoytb\Desktop\PRAYCGStimulus\Field of dreams\1.8prep\Fieldofdreams1_8_MediaPrep_v1_7A_20260817_210857\stimulus_target_cued_Fieldofdreams1_8_v1_7A.mp4,165.0,61.63454641723634,26.45985925292966,8.29953479003899,24.056741577148163,0.022361385822295125,0.05731513888888942,1.364177188162512,0.0,0.0,0.11233474826946543,-18.98971767123615,-0.05476528454324517,0.0,0.0,0.0,0.0,-4.8998251578625895e-14,1.0,0.3333333333333333,0.0,0.03215922338449332,1.066590213278384,1.5432520678784354,0.2692543222389024,5.739989207230052,-20.160358671016517
target,C:\Users\hoytb\Desktop\PRAYCGStimulus\Field of dreams\1.8prep\Fieldofdreams1_8_MediaPrep_v1_7A_20260817_210857\stimulus_target_cued_Fieldofdreams1_8_v1_7A.mp4,165.25,61.448376715087896,26.801138364410395,8.09672656517042,23.720771114349816,0.030166074623167984,0.0512900138888889,1.6900031121010992,0.0,0.0,0.10007944480548678,-19.99310225137426,-0.012255303463978656,0.0,0.0,0.0,0.0,0.4999999999999724,0.8660254037844546,0.3333333333333333,0.0,0.026447384400933287,1.0152332789869345,1.5083319591226565,0.771577514254033,4.957731958650996,-4.5188856202121075
target,C:\Users\hoytb\Desktop\PRAYCGStimulus\Field of dreams\1.8prep\Fieldofdreams1_8_MediaPrep_v1_7A_20260817_210857\stimulus_target_cued_Fieldofdreams1_8_v1_7A.mp4,165.5,60.80099511718753,27.593845605468704,7.125900785064668,20.967909553527697,0.03166261741816958,0.05247058333333326,1.5094869594602573,0.0,0.0,0.09867959914067165,-20.115452467576638,-0.0013998456648151303,0.0,0.0,0.0,0.0,0.8660254037844313,0.5000000000000128,0.3333333333333333,0.0,0.006585186602613827,0.7693919881337316,1.222204945775029,0.8678975819661977,4.868379669545124,-0.524638944280851
target,C:\Users\hoytb\Desktop\PRAYCGStimulus\Field of dreams\1.8prep\Fieldofdreams1_8_MediaPrep_v1_7A_20260817_210857\stimulus_target_cued_Fieldofdreams1_8_v1_7A.mp4,165.75,60.04241177978516,28.46838262100219,6.936816265678417,20.47460368957524,0.02469847230911281,0.052663000000000015,1.1222646839702901,0.0,0.0,0.07854682259033807,-22.097427570585573,-0.020132776550333575,0.0,0.0,0.0,0.0,1.0,5.4388554436784013e-14,0.3333333333333333,0.0,-0.016688771666916936,0.7215102947559456,1.1709317050395105,0.41967322733892287,3.5833025242250507,-7.417388039182921
target,C:\Users\hoytb\Desktop\PRAYCGStimulus\Field of dreams\1.8prep\Fieldofdreams1_8_MediaPrep_v1_7A_20260817_210857\stimulus_target_cued_Fieldofdreams1_8_v1_7A.mp4,166.0,59.48800491943359,28.964296994018554,5.774385556793211,15.173503370666499,0.024404865756630905,0.0512743888888889,0.8049263159106586,0.0,0.0,0.08472534987548411,-21.439732581033244,0.006178527285146035,0.0,0.0,0.0,0.0,0.8660254037844572,-0.49999999999996775,0.3333333333333333,0.0,-0.03369842834662833,0.42714906964651983,0.6199457697887243,0.40077620474107445,3.9776785401723442,2.2638101035964477
target,C:\Users\hoytb\Desktop\PRAYCGStimulus\Field of dreams\1.8prep\Fieldofdreams1_8_MediaPrep_v1_7A_20260817_210857\stimulus_target_cued_Fieldofdreams1_8_v1_7A.mp4,166.25,59.241556777954095,29.495574283599858,6.690935396194419,18.1558448333739,0.020568752992898474,0.04774343749999997,0.8577678831598853,0.0,0.0,0.10272268172797915,-19.766673024426776,0.017997331852495038,0.0,1.0,0.0,0.0,0.5000000000000174,-0.8660254037844286,0.3333333333333333,0.0,-0.041259659232661915,0.6592461155502085,0.9299244725508148,0.15387739076241186,5.1264500363721135,6.612518534875365
target,C:\Users\hoytb\Desktop\PRAYCGStimulus\Field of dreams\1.8prep\Fieldofdreams1_8_MediaPrep_v1_7A_20260817_210857\stimulus_target_cued_Fieldofdreams1_8_v1_7A.mp4,166.5,59.22067856140136,29.398961839294454,5.351330873870819,14.966016999816755,0.04571682974696092,0.04401237500000013,1.728737301505173,0.0,0.0,0.11409707725283094,-18.854509609232707,0.011374395524851796,1.0,0.0,9.0,55.0,5.977885729494213e-14,-1.0,0.3333333333333333,0.0,-0.04190022002121627,0.32001933382532616,0.5983800447096013,1.7724508547971811,5.852478842894372,4.175620718034165
target,C:\Users\hoytb\Desktop\PRAYCGStimulus\Field of dreams\1.8prep\Fieldofdreams1_8_MediaPrep_v1_7A_20260817_210857\stimulus_target_cued_Fieldofdreams1_8_v1_7A.mp4,166.75,59.22800391998296,28.6766872520447,6.285445953750601,18.686815524292037,0.06156831636279871,0.040621298611111065,2.7414580548261296,0.0,0.0,0.11669726156727181,-18.65878670081367,0.0026001843144408676,1.0,0.0,9.0,55.0,-0.4999999999999631,-0.8660254037844599,0.3333333333333333,0.0,-0.04167547201854935,0.5565644089036513,0.9851125212815186,2.7926797913003565,6.018448868327964,0.9471650776093881
target,C:\Users\hoytb\Desktop\PRAYCGStimulus\Field of dreams\1.8prep\Fieldofdreams1_8_MediaPrep_v1_7A_20260817_210857\stimulus_target_cued_Fieldofdreams1_8_v1_7A.mp4,167.0,25.112029919436466,36.77173152465751,43.95155693511644,68.32220361327703,0.6379062113403784,0.029678638888889837,40.52808579682626,1.0,1.0,0.11086234696355049,-19.10431863196219,-0.0058349146037213195,1.0,0.0,9.0,55.0,-0.8660254037844259,-0.5000000000000221,0.3333333333333333,0.0,-1.0883815042549938,10.094717942558592,6.144117083069351,39.8867777714839,5.6460056842797925,-2.156514789085575
target,C:\Users\hoytb\Desktop\PRAYCGStimulus\Field of dreams\1.8prep\Fieldofdreams1_8_MediaPrep_v1_7A_20260817_210857\stimulus_target_cued_Fieldofdreams1_8_v1_7A.mp4,167.25,17.85661319122308,39.531257153320276,1.8505599607016805,4.280559950641674,0.07961674581471656,0.026753763888888896,2.46086958058455,0.0,0.0,0.1134131498122988,-18.906731755376683,0.0025508028487483125,0.0,0.0,0.0,0.0,-1.0,-6.516916015310025e-14,0.3333333333333333,0.0,-1.3109836335592462,-0.5664775618186063,-0.5122453333503669,3.9543077465537855,5.808823685808225,0.9289952538355534
target,C:\Users\hoytb\Desktop\PRAYCGStimulus\Field of dreams\1.8prep\Fieldofdreams1_8_MediaPrep_v1_7A_20260817_210857\stimulus_target_cued_Fieldofdreams1_8_v1_7A.mp4,167.5,32.7450062179561,38.186538162231415,12.864587539672828,29.816978401184155,0.4198782615661667,0.03582999999999989,21.843135159326636,0.0,0.0,0.10800380883909348,-19.331218570063392,-0.0054093409732053205,0.0,0.0,0.0,0.0,-0.8660254037844627,0.4999999999999584,0.3333333333333333,0.0,-0.8541955380137741,2.22259418822505,2.1419597479494352,25.854124007396837,5.463544909255448,-1.9999257174405718
target,C:\Users\hoytb\Desktop\PRAYCGStimulus\Field of dreams\1.8prep\Fieldofdreams1_8_MediaPrep_v1_7A_20260817_210857\stimulus_target_cued_Fieldofdreams1_8_v1_7A.mp4,167.75,46.07215025176992,39.28375407714842,10.82270246601115,22.23060556488059,0.23976219993233938,0.041979708333333206,12.570982876613181,0.0,0.0,0.09695636766686896,-20.268473261936556,-0.011047441172224517,0.0,0.0,0.0,0.0,-0.5000000000000268,0.8660254037844233,0.3333333333333333,0.0,-0.44530784064205586,1.705529569042611,1.3534470843686126,14.26154455656986,4.75838563183534,-4.0744548064150665
target,C:\Users\hoytb\Desktop\PRAYCGStimulus\Field of dreams\1.8prep\Fieldofdreams1_8_MediaPrep_v1_7A_20260817_210857\stimulus_target_cued_Fieldofdreams1_8_v1_7A.mp4,168.0,52.303099450683604,40.31029545288086,5.191759599304193,10.318323538207997,0.107487365746498,0.04888086111111112,4.684415714182987,0.0,0.0,0.1020767332368987,-19.821464742571102,0.0051203655700297335,0.0,0.0,0.0,0.0,-1.3716044150450356e-14,1.0,0.3333333333333333,0.0,-0.2541372144433924,0.2796112514212134,0.11530793238432036,5.748108771138807,5.085219079436484,1.8744613546632904
target,C:\Users\hoytb\Desktop\PRAYCGStimulus\Field of dreams\1.8prep\Fieldofdreams1_8_MediaPrep_v1_7A_20260817_210857\stimulus_target_cued_Fieldofdreams1_8_v1_7A.mp4,168.25,55.18154775695804,40.84376918182374,2.443779589462239,5.32449118118279,0.050447624337672275,0.04999705555555555,1.2001753429092221,0.0,0.0,0.1102638999760205,-19.15133301628503,0.008187166739121801,0.0,0.0,0.0,0.0,0.49999999999995376,0.8660254037844654,0.3333333333333333,0.0,-0.16582406220538312,-0.4162571182720128,-0.4037411755728723,2.0769329296376635,5.6078067530773446,3.0028854710862736
target,C:\Users\hoytb\Desktop\PRAYCGStimulus\Field of dreams\1.8prep\Fieldofdreams1_8_MediaPrep_v1_7A_20260817_210857\stimulus_target_cued_Fieldofdreams1_8_v1_7A.mp4,168.5,56.41983200683597,40.938019439697264,1.6189337053298807,3.444413311767536,0.023779413977264723,0.05137651388888894,-0.30891330654930094,0.0,0.0,0.10599498406655672,-19.4942937217469,-0.00426891590946378,0.0,0.0,0.0,0.0,0.8660254037844205,0.5000000000000314,0.3333333333333333,0.0,-0.1278324869406744,-0.6251320586222389,-0.599152769563856,0.36052105270636087,5.335321422659556,-1.5803083135251574
target,C:\Users\hoytb\Desktop\PRAYCGStimulus\Field of dreams\1.8prep\Fieldofdreams1_8_MediaPrep_v1_7A_20260817_210857\stimulus_target_cued_Fieldofdreams1_8_v1_7A.mp4,168.75,56.85852317810054,40.99610401153564,1.032769272327376,2.357837772369291,0.012528648395090394,0.052718576388888945,-1.0076692602952084,0.0,0.0,0.10398097926766714,-19.66092193597612,-0.0020140047988895793,0.0,0.0,0.0,0.0,1.0,1.9106347008608474e-14,0.3333333333333333,0.0,-0.1143730824035463,-0.773565921643341,-0.7120892928853412,-0.363597566759892,5.206767294462317,-0.750617721514798
target,C:\Users\hoytb\Desktop\PRAYCGStimulus\Field of dreams\1.8prep\Fieldofdreams1_8_MediaPrep_v1_7A_20260817_210857\stimulus_target_cued_Fieldofdreams1_8_v1_7A.mp4,169.0,57.29938362426758,41.03731431884765,1.3010215346336693,2.8960000000000643,0.015349588857592163,0.052311888888888866,-0.8008450844719265,0.0,0.0,0.08562996672754909,-21.347484494458747,-0.018351012540118047,0.0,0.0,0.0,0.0,0.866025403784468,-0.4999999999999491,0.3333333333333333,0.0,-0.10084712273520749,-0.7056366558666456,-0.6561537699807627,-0.18203698775896493,4.035420324518569,-6.761791093686463
target,C:\Users\hoytb\Desktop\PRAYCGStimulus\Field of dreams\1.8prep\Fieldofdreams1_8_MediaPrep_v1_7A_20260817_210857\stimulus_target_cued_Fieldofdreams1_8_v1_7A.mp4,169.25,57.27797556457519,40.915648393249526,1.042228302502628,2.117450558471693,0.006491225176863313,0.05383029861111101,-1.2981561431665307,0.0,0.0,0.05888953480714158,-24.599237526632642,-0.02674043192040751,0.0,1.0,0.0,0.0,0.5000000000000361,-0.8660254037844178,0.3333333333333333,0.0,-0.10150393954536617,-0.7711706204099414,-0.7370746668461502,-0.7521765069204422,2.3285758745743967,-9.848663254462265
target,C:\Users\hoytb\Desktop\PRAYCGStimulus\Field of dreams\1.8prep\Fieldofdreams1_8_MediaPrep_v1_7A_20260817_210857\stimulus_target_cued_Fieldofdreams1_8_v1_7A.mp4,169.5,57.279004302978514,40.838201968383785,1.2010655528068497,2.618268841552711,0.006918315435573462,0.055886416666666626,-1.236017326578923,0.0,0.0,0.06570485160588652,-23.648051224236198,0.006815316798744933,1.0,0.0,9.0,56.0,2.4496649866766593e-14,-1.0,0.3333333333333333,0.0,-0.10147237700834666,-0.7309484142731105,-0.6850206000499022,-0.7246882434537608,2.763598229006576,2.4981156893227605
target,C:\Users\hoytb\Desktop\PRAYCGStimulus\Field of dreams\1.8prep\Fieldofdreams1_8_MediaPrep_v1_7A_20260817_210857\stimulus_target_cued_Fieldofdreams1_8_v1_7A.mp4,169.75,57.34826661529541,40.833779893493656,0.8683921169042632,2.011635781860361,0.005524015539512055,0.05498352083333335,-1.3904139298447484,0.0,0.0,0.0790204881831324,-22.045205831987946,0.013315636577245882,1.0,0.0,9.0,56.0,-0.49999999999994443,-0.8660254037844708,0.3333333333333333,0.0,-0.09934735252252731,-0.8151909926953208,-0.7480728464970022,-0.8144277823752359,3.6135366464934164,4.889896961759588
target,C:\Users\hoytb\Desktop\PRAYCGStimulus\Field of dreams\1.8prep\Fieldofdreams1_8_MediaPrep_v1_7A_20260817_210857\stimulus_target_cued_Fieldofdreams1_8_v1_7A.mp4,170.0,57.23047946166992,40.81436685180664,1.2409109916686998,2.7495790481567335,0.010077089972794048,0.05467027777777779,-1.072355170898548,0.0,0.0,0.07369685199533357,-22.65102125769562,-0.005323636187798825,1.0,0.0,9.0,56.0,-0.8660254037844152,-0.5000000000000407,0.3333333333333333,0.0,-0.10296115889422233,-0.7208583916087531,-0.6713724755773992,-0.5213840824710313,3.273728414984196,-1.9683907918248438
target,C:\Users\hoytb\Desktop\PRAYCGStimulus\Field of dreams\1.8prep\Fieldofdreams1_8_MediaPrep_v1_7A_20260817_210857\stimulus_target_cued_Fieldofdreams1_8_v1_7A.mp4,170.25,57.67266401672364,41.07715436859131,0.9397882357120454,1.9999964908599854,0.008031170541234268,0.05579644444444444,-1.2501437256626622,0.0,0.0,0.06416776948424097,-23.853661136285524,-0.009529082511092607,0.0,0.0,0.0,0.0,-1.0,-2.988695272492471e-14,0.3333333333333333,0.0,-0.08939457448044898,-0.7971114212940525,-0.7492826114989253,-0.653062975209452,2.665486123104618,-3.5157773975668754
target,C:\Users\hoytb\Desktop\PRAYCGStimulus\Field of dreams\1.8prep\Fieldofdreams1_8_MediaPrep_v1_7A_20260817_210857\stimulus_target_cued_Fieldofdreams1_8_v1_7A.mp4,170.5,57.77634911193848,41.09681240844726,1.014771481895431,2.2923099121093555,0.007202181744202943,0.054746541666666725,-1.2708175560734845,0.0,0.0,0.05275065597396017,-25.555442707511887,-0.011417113510280796,0.0,0.0,0.0,0.0,-0.866025403784445,0.49999999999998895,0.3333333333333333,0.0,-0.08621343081406421,-0.7781234850321221,-0.7189001297301976,-0.7064181196993882,1.9367306232903716,-4.2104750954515
target,C:\Users\hoytb\Desktop\PRAYCGStimulus\Field of dreams\1.8prep\Fieldofdreams1_8_MediaPrep_v1_7A_20260817_210857\stimulus_target_cued_Fieldofdreams1_8_v1_7A.mp4,170.75,57.650728025817884,41.09018122406006,0.8545422242403363,2.0530882658958887,0.007310314797982592,0.0537894166666667,-1.307348741841992,0.0,0.0,0.04841701055349377,-26.30004058031752,-0.004333645420466402,0.0,0.0,0.0,0.0,-0.5000000000000454,0.8660254037844124,0.3333333333333333,0.0,-0.0900675886527475,-0.8186981878692141,-0.7437643568796081,-0.6994584904146355,1.6601136016967901,-1.6041254236775084
target,C:\Users\hoytb\Desktop\PRAYCGStimulus\Field of dreams\1.8prep\Fieldofdreams1_8_MediaPrep_v1_7A_20260817_210857\stimulus_target_cued_Fieldofdreams1_8_v1_7A.mp4,171.0,59.21257174682607,39.224018109130974,11.186266462039297,19.47305670661817,0.2003599515765785,0.05090991666666684,10.753867422195654,0.0,0.0,0.040846062355392405,-27.776996079726167,-0.007570948198101363,0.0,0.0,0.0,0.0,-3.527725558308283e-14,1.0,0.3333333333333333,0.0,-0.04214894373398605,1.7975945346861613,1.06683288254905,11.72554809705373,1.176859219299095,-2.795285308205625
target,C:\Users\hoytb\Desktop\PRAYCGStimulus\Field of dreams\1.8prep\Fieldofdreams1_8_MediaPrep_v1_7A_20260817_210857\stimulus_target_cued_Fieldofdreams1_8_v1_7A.mp4,171.25,68.84478120422294,54.31154826354917,35.72279579162563,105.68546055602914,0.3378637493848785,0.09754177083333089,23.82359425150215,0.0,0.0,0.018789845949695266,-34.52153560931172,-0.02205621640569714,0.0,0.0,0.0,0.0,0.4999999999999843,0.8660254037844477,0.3333333333333333,0.0,0.2533751337160885,8.010956568382785,10.027580483523462,20.575528972850293,-0.23099128479470915,-8.125114363652775
target,C:\Users\hoytb\Desktop\PRAYCGStimulus\Field of dreams\1.8prep\Fieldofdreams1_8_MediaPrep_v1_7A_20260817_210857\stimulus_target_cued_Fieldofdreams1_8_v1_7A.mp4,171.5,82.03777883911133,66.23321674194335,27.251782966424077,81.23257039184887,0.23211970858947384,0.14445724999999993,16.483859143287305,1.0,0.0,0.007821723502570618,-42.13395080678781,-0.010968122447124648,0.0,0.0,0.0,0.0,0.8660254037844097,0.5000000000000501,0.3333333333333333,0.0,0.6581471096678118,5.865850030776478,7.485995200061188,13.76966067186367,-0.9310876400407729,-4.045269620499308
target,C:\Users\hoytb\Desktop\PRAYCGStimulus\Field of dreams\1.8prep\Fieldofdreams1_8_MediaPrep_v1_7A_20260817_210857\stimulus_target_cued_Fieldofdreams1_8_v1_7A.mp4,171.75,82.10765311889648,66.29276819763183,2.4525311182975766,5.465253149414067,0.009667063177004432,0.14484613888888892,-0.7763334972772364,0.0,0.0,0.014526723268481366,-36.756646731889944,0.006704999765910748,0.0,0.0,0.0,0.0,1.0,4.066755844124095e-14,0.3333333333333333,0.0,0.6602909098169186,-0.4140409769314068,-0.389110653596707,-0.5477741121221484,-0.5031068328725944,2.4575247303923597
target,C:\Users\hoytb\Desktop\PRAYCGStimulus\Field of dreams\1.8prep\Fieldofdreams1_8_MediaPrep_v1_7A_20260817_210857\stimulus_target_cued_Fieldofdreams1_8_v1_7A.mp4,172.0,82.12699680175781,66.33823563232421,2.4272647499084465,4.569408801269523,0.008017833116650549,0.14382441666666665,-0.8629468502089315,0.0,0.0,0.019995085306987036,-33.981534772635705,0.00546836203850567,0.0,0.0,0.0,0.0,0.8660254037844504,-0.4999999999999796,0.3333333333333333,0.0,0.6608843898546364,-0.4204391554174372,-0.4822229522342023,-0.6539213947904359,-0.15406073580541713,2.00250604546877
target,C:\Users\hoytb\Desktop\PRAYCGStimulus\Field of dreams\1.8prep\Fieldofdreams1_8_MediaPrep_v1_7A_20260817_210857\stimulus_target_cued_Fieldofdreams1_8_v1_7A.mp4,172.25,83.41425543823246,67.57155626831057,4.565400899505674,7.625309710693447,0.016159194016829373,0.14251660416666664,0.0895922998772799,0.0,0.0,0.0168768332885879,-35.45418079150174,-0.003118252018399135,0.0,1.0,0.0,0.0,0.5000000000000547,-0.8660254037844071,0.3333333333333333,0.0,0.7003785394229557,0.12099903236906953,-0.16459862533610667,-0.12992940752918422,-0.35309907471384366,-1.1569235510369982
target,C:\Users\hoytb\Desktop\PRAYCGStimulus\Field of dreams\1.8prep\Fieldofdreams1_8_MediaPrep_v1_7A_20260817_210857\stimulus_target_cued_Fieldofdreams1_8_v1_7A.mp4,172.5,82.84644024658205,67.30823654174806,2.165573421955148,3.8149315652847897,0.009346381891519127,0.14268000000000008,-0.8667151179945516,0.0,0.0,0.018727143188464974,-34.55056937687332,0.0018503098998770735,1.0,0.0,2.0,57.0,4.605786129939907e-14,-1.0,0.3333333333333333,0.0,0.682957504154068,-0.48670700201512435,-0.5606418314264474,-0.5684137110932795,-0.23499360832937205,0.6712501007239243
target,C:\Users\hoytb\Desktop\PRAYCGStimulus\Field of dreams\1.8prep\Fieldofdreams1_8_MediaPrep_v1_7A_20260817_210857\stimulus_target_cued_Fieldofdreams1_8_v1_7A.mp4,172.75,82.59604559631349,67.18478473815918,1.96129570145604,3.484330187129931,0.006521136684715784,0.14240931249999988,-1.0570674753891118,0.0,0.0,0.02285046023816572,-32.82210096455912,0.004123317049700745,1.0,0.0,2.0,57.0,-0.49999999999997496,-0.8660254037844531,0.3333333333333333,0.0,0.6752751911451637,-0.5384360552903475,-0.5950038880900631,-0.7502513508398103,0.028198132274892748,1.5075990986676833
target,C:\Users\hoytb\Desktop\PRAYCGStimulus\Field of dreams\1.8prep\Fieldofdreams1_8_MediaPrep_v1_7A_20260817_210857\stimulus_target_cued_Fieldofdreams1_8_v1_7A.mp4,173.0,82.46628801269532,67.13167960205078,2.5995704902648535,4.137448233032197,0.008084279860555935,0.14288086111111115,-0.8147957306183842,0.0,0.0,0.023392763369058663,-32.618369445406756,0.0005423031308929432,1.0,0.0,2.0,57.0,-0.8660254037844328,-0.5000000000000102,0.3333333333333333,0.0,0.6712941221743821,-0.37680633632808247,-0.5271200836528921,-0.6496447680921577,0.06281339548032949,0.1899713020063777
target,C:\Users\hoytb\Desktop\PRAYCGStimulus\Field of dreams\1.8prep\Fieldofdreams1_8_MediaPrep_v1_7A_20260817_210857\stimulus_target_cued_Fieldofdreams1_8_v1_7A.mp4,173.25,83.41264834899897,67.72158378295896,5.028173464774973,12.288685424422802,0.024611061798780365,0.14636740277777757,0.6203644942431986,0.0,0.0,0.022776151348888923,-32.85039319839238,-0.0006166120201697399,0.0,0.0,0.0,0.0,-1.0,-5.144816415755719e-14,0.3333333333333333,0.0,0.7003292326086461,0.23818648983940982,0.3201034694138955,0.4140473365845144,0.023454988423621568,-0.23644949713994495
target,C:\Users\hoytb\Desktop\PRAYCGStimulus\Field of dreams\1.8prep\Fieldofdreams1_8_MediaPrep_v1_7A_20260817_210857\stimulus_target_cued_Fieldofdreams1_8_v1_7A.mp4,173.5,83.66134722290039,67.76379927978516,3.8637535827637146,8.280000247192534,0.009889828960597973,0.1473662361111111,-0.3975626628375837,0.0,0.0,0.019156147009178753,-34.353836774137534,-0.0036200043397101693,0.0,0.0,0.0,0.0,-0.8660254037844558,0.4999999999999703,0.3333333333333333,0.0,0.7079595178093223,-0.05667845169273595,-0.09655137932076513,-0.5334365232263625,-0.20761025144980977,-1.341542438477362
target,C:\Users\hoytb\Desktop\PRAYCGStimulus\Field of dreams\1.8prep\Fieldofdreams1_8_MediaPrep_v1_7A_20260817_210857\stimulus_target_cued_Fieldofdreams1_8_v1_7A.mp4,173.75,83.6731134185791,67.62682385253906,4.218114654541015,8.917621486663819,0.00906851211376486,0.14868746527777776,-0.34501936282496487,0.0,0.0,0.018539128619569575,-34.63821364997044,-0.0006170183896091787,0.0,0.0,0.0,0.0,-0.5000000000000149,0.86602540378443,0.3333333333333333,0.0,0.708320514332335,0.033056066177572924,-0.030278282448270466,-0.5862978878090056,-0.24699459710857158,-0.23659902006313327
target,C:\Users\hoytb\Desktop\PRAYCGStimulus\Field of dreams\1.8prep\Fieldofdreams1_8_MediaPrep_v1_7A_20260817_210857\stimulus_target_cued_Fieldofdreams1_8_v1_7A.mp4,174.0,84.0576371459961,67.54074197998047,4.101760272979731,8.812357885742186,0.011000857609510376,0.15118777777777778,-0.28159456965350377,0.0,0.0,0.02233151586921363,-33.02163591768043,0.0037923872496440567,0.0,0.0,0.0,0.0,-5.683846701571531e-14,1.0,0.3333333333333333,0.0,0.7201180173149249,0.003591756570615077,-0.04121917398257951,-0.46192880887912036,-0.004926138814373706,1.3858340586023186
target,C:\Users\hoytb\Desktop\PRAYCGStimulus\Field of dreams\1.8prep\Fieldofdreams1_8_MediaPrep_v1_7A_20260817_210857\stimulus_target_cued_Fieldofdreams1_8_v1_7A.mp4,174.25,84.47586304016114,67.57812541809082,4.268273892116571,9.720922376251274,0.0091385308440775,0.15183079861111112,-0.32854335159795967,0.0,0.0,0.01882365931630138,-34.50591891803784,-0.003507856552912251,0.0,0.0,0.0,0.0,0.49999999999996564,0.8660254037844585,0.3333333333333333,0.0,0.7329495303842285,0.04575784230103334,0.053215231220651235,-0.5817913619232382,-0.22883297421478438,-1.30027785683391
target,C:\Users\hoytb\Desktop\PRAYCGStimulus\Field of dreams\1.8prep\Fieldofdreams1_8_MediaPrep_v1_7A_20260817_210857\stimulus_target_cued_Fieldofdreams1_8_v1_7A.mp4,174.5,84.84043646240234,67.77987615356444,4.493895545959482,8.542330931472925,0.01335975386649342,0.15370484722222208,-0.06488890643665432,0.0,0.0,0.017912568966759284,-34.93684248903406,-0.0009110903495420965,0.0,0.0,0.0,0.0,0.8660254037844274,0.5000000000000195,0.3333333333333333,0.0,0.7441349416595106,0.10289179955867225,-0.06928524423034972,-0.31010618946760105,-0.28698796255387793,-0.34480228243841105
target,C:\Users\hoytb\Desktop\PRAYCGStimulus\Field of dreams\1.8prep\Fieldofdreams1_8_MediaPrep_v1_7A_20260817_210857\stimulus_target_cued_Fieldofdreams1_8_v1_7A.mp4,174.75,85.21516454162595,67.95144356994628,4.224762578392046,7.793050119972239,0.012712309490516919,0.15435359722222222,-0.16647840404179118,0.0,0.0,0.021454479375853215,-33.369640395409355,0.003541910409093931,0.0,0.0,0.0,0.0,1.0,6.222876987387343e-14,0.3333333333333333,0.0,0.7556319061303315,0.03473951362460437,-0.14716401728763068,-0.35177682283819595,-0.06090746609982738,1.2936715440152144
target,C:\Users\hoytb\Desktop\PRAYCGStimulus\Field of dreams\1.8prep\Fieldofdreams1_8_MediaPrep_v1_7A_20260817_210857\stimulus_target_cued_Fieldofdreams1_8_v1_7A.mp4,175.0,85.32584594726563,66.82471252441407,5.2338683128358605,11.44484901428271,0.022817365825177342,0.15479861111111115,0.5869619750466917,0.0,0.0,0.022567878696254977,-32.93018522373794,0.0011133993204017617,0.0,0.0,0.0,0.0,0.8660254037844611,-0.499999999999961,0.3333333333333333,0.0,0.7590277023323573,0.29027440098205964,0.23239677350752272,0.2986019793187397,0.01016092412871756,0.4001051442436324
target,C:\Users\hoytb\Desktop\PRAYCGStimulus\Field of dreams\1.8prep\Fieldofdreams1_8_MediaPrep_v1_7A_20260817_210857\stimulus_target_cued_Fieldofdreams1_8_v1_7A.mp4,175.25,85.17180531311035,66.88437130737304,2.657712403583526,4.051806384277338,0.0059481090096756666,0.15447506944444442,-0.9032890154646496,0.0,0.0,0.026525474154147168,-31.526736882840837,0.003957595457892191,0.0,1.0,0.0,0.0,0.5000000000000242,-0.8660254037844247,0.3333333333333333,0.0,0.7543016094769319,-0.36208311480281513,-0.5360215288801192,-0.7871323973726291,0.26277463891588726,1.446622129344256
target,C:\Users\hoytb\Desktop\PRAYCGStimulus\Field of dreams\1.8prep\Fieldofdreams1_8_MediaPrep_v1_7A_20260817_210857\stimulus_target_cued_Fieldofdreams1_8_v1_7A.mp4,175.5,84.88370200195313,66.99291455078125,2.7010953449249255,4.3843909362792886,0.00661217515096067,0.15415075000000003,-0.8597549555017869,0.0,0.0,0.025897400479077685,-31.73487654371627,-0.0006280736750694828,1.0,0.0,9.0,58.0,6.761907273203155e-14,-1.0,0.3333333333333333,0.0,0.745462363858714,-0.3510972937431223,-0.5014533450294726,-0.744391958604315,0.2226846332780109,-0.24066679297683696
target,C:\Users\hoytb\Desktop\PRAYCGStimulus\Field of dreams\1.8prep\Fieldofdreams1_8_MediaPrep_v1_7A_20260817_210857\stimulus_target_cued_Fieldofdreams1_8_v1_7A.mp4,175.75,84.65663064575196,67.04002988586426,2.56472847738266,4.140020935058595,0.006887691247463227,0.15298500694444445,-0.8819423619031909,0.0,0.0,0.02207641870313757,-33.12142755289642,-0.0038209817759401153,1.0,0.0,9.0,58.0,-0.4999999999999563,-0.8660254037844639,0.3333333333333333,0.0,0.7384956286196714,-0.38562934618052924,-0.5268526820670213,-0.7266592688612934,-0.02120901649598363,-1.4154917339792528
target,C:\Users\hoytb\Desktop\PRAYCGStimulus\Field of dreams\1.8prep\Fieldofdreams1_8_MediaPrep_v1_7A_20260817_210857\stimulus_target_cued_Fieldofdreams1_8_v1_7A.mp4,176.0,84.52799797363281,67.04252873535157,2.5812216724395762,4.278421302032475,0.006543339835107321,0.15262852777777777,-0.8943508585918524,0.0,0.0,0.019881503700976473,-34.0310154322006,-0.0021949150021610964,1.0,0.0,9.0,58.0,-0.866025403784422,-0.5000000000000289,0.3333333333333333,0.0,0.7345490728552764,-0.3814527900505053,-0.5124676202782164,-0.7488223179005057,-0.16131066110250708,-0.8171833138120648
target,C:\Users\hoytb\Desktop\PRAYCGStimulus\Field of dreams\1.8prep\Fieldofdreams1_8_MediaPrep_v1_7A_20260817_210857\stimulus_target_cued_Fieldofdreams1_8_v1_7A.mp4,176.25,84.5167215270996,67.18984553527832,2.4798723783493064,3.970094017982486,0.006562464964576063,0.14979440972222224,-0.9198486274169299,0.0,0.0,0.02122187111727048,-33.464326545814316,0.0013403674162940082,0.0,0.0,0.0,0.0,-1.0,-1.616595672938165e-14,0.3333333333333333,0.0,0.7342031022372806,-0.40711737559900485,-0.5445145514331788,-0.7475913916806972,-0.07575487456184701,0.483617657426624
target,C:\Users\hoytb\Desktop\PRAYCGStimulus\Field of dreams\1.8prep\Fieldofdreams1_8_MediaPrep_v1_7A_20260817_210857\stimulus_target_cued_Fieldofdreams1_8_v1_7A.mp4,176.5,84.55309385375976,67.3310443786621,2.6131227661132868,3.9302117603302666,0.00613877421468502,0.15055847222222213,-0.9056636732422495,0.0,0.0,0.024206217832304686,-32.3214612557279,0.0029843467150342043,0.0,0.0,0.0,0.0,-0.8660254037844666,0.4999999999999516,0.3333333333333333,0.0,0.7353190350176565,-0.37337450637789865,-0.5486598348102995,-0.7748608569140517,0.11473627541011004,1.0885169597663933
target,C:\Users\hoytb\Desktop\PRAYCGStimulus\Field of dreams\1.8prep\Fieldofdreams1_8_MediaPrep_v1_7A_20260817_210857\stimulus_target_cued_Fieldofdreams1_8_v1_7A.mp4,176.75,84.819412310791,67.38111020812988,2.595475999164578,3.744780290222129,0.006430034889466971,0.15048568055555564,-0.8961320744930431,0.0,0.0,0.021366524012225552,-33.40532249510188,-0.002839693820079134,0.0,0.0,0.0,0.0,-0.5000000000000335,0.8660254037844193,0.3333333333333333,0.0,0.7434899034637993,-0.37784318042318776,-0.5679332169076019,-0.756114819038898,-0.06652166577683885,-1.0544285500634973
target,C:\Users\hoytb\Desktop\PRAYCGStimulus\Field of dreams\1.8prep\Fieldofdreams1_8_MediaPrep_v1_7A_20260817_210857\stimulus_target_cued_Fieldofdreams1_8_v1_7A.mp4,177.0,85.01489338378906,67.30635963134766,2.5140557201385567,4.322072045898415,0.00935889121890052,0.14969608333333334,-0.7752449908308416,0.0,0.0,0.020710707150118326,-33.676101444066774,-0.0006558168621072259,0.0,0.0,0.0,0.0,-2.1556259587539768e-14,1.0,0.3333333333333333,0.0,0.749487422933472,-0.39846116040225743,-0.5079306478599471,-0.5676085892722171,-0.10838252182431522,-0.2508748500348989
target,C:\Users\hoytb\Desktop\PRAYCGStimulus\Field of dreams\1.8prep\Fieldofdreams1_8_MediaPrep_v1_7A_20260817_210857\stimulus_target_cued_Fieldofdreams1_8_v1_7A.mp4,177.25,73.37558662109416,50.0236388031012,13.695458211993772,47.60520931243743,0.1615989177197164,0.12953083333333407,9.527315692063237,0.0,0.0,0.019103455406755,-34.377761420706776,-0.0016072517433633263,0.0,0.0,0.0,0.0,0.49999999999994693,0.8660254037844692,0.3333333333333333,0.0,0.3923839558195611,2.432994779969946,3.9908334638710063,9.230821305306701,-0.2109735617143314,-0.6009536474592747
target,C:\Users\hoytb\Desktop\PRAYCGStimulus\Field of dreams\1.8prep\Fieldofdreams1_8_MediaPrep_v1_7A_20260817_210857\stimulus_target_cued_Fieldofdreams1_8_v1_7A.mp4,177.5,55.86482342529311,30.795728805541934,20.081328674316367,66.06977534484875,0.25592138826846783,0.07364256944444451,15.769163989988112,0.0,0.0,0.016234180271014715,-35.79139271461673,-0.0028692751357402846,0.0,0.0,0.0,0.0,0.8660254037844166,0.5000000000000382,0.3333333333333333,0.0,-0.14486060491950142,4.050082696102249,5.910004121343559,15.30157770490883,-0.39411968124516666,-1.0653129433277158
target,C:\Users\hoytb\Desktop\PRAYCGStimulus\Field of dreams\1.8prep\Fieldofdreams1_8_MediaPrep_v1_7A_20260817_210857\stimulus_target_cued_Fieldofdreams1_8_v1_7A.mp4,177.75,47.49545581207275,34.018654101562504,21.034595703124996,69.39000916290286,0.35646967518329603,0.07014140277777778,20.896611995464774,0.0,0.0,0.02063841434256572,-33.706473455134145,0.004404234071551005,0.0,0.0,0.0,0.0,1.0,2.6946562445697887e-14,0.3333333333333333,0.0,-0.40163965999269846,4.291477601030075,6.255102690590863,21.773038351624304,-0.11299697897703902,1.6109620246259388
target,C:\Users\hoytb\Desktop\PRAYCGStimulus\Field of dreams\1.8prep\Fieldofdreams1_8_MediaPrep_v1_7A_20260817_210857\stimulus_target_cued_Fieldofdreams1_8_v1_7A.mp4,178.0,45.35438629760742,35.09816898803713,14.969514366149763,59.94842878417879,0.16182045874595308,0.0710814166666667,9.870262407512184,0.0,0.0,0.02346830524691735,-32.59036543261508,0.00282989090435163,0.0,0.0,0.0,0.0,0.866025403784472,-0.49999999999994227,0.3333333333333333,0.0,-0.4673294267920434,2.7556228106378766,5.273763405865225,9.24508006671293,0.06763524111637767,1.031685214868018
target,C:\Users\hoytb\Desktop\PRAYCGStimulus\Field of dreams\1.8prep\Fieldofdreams1_8_MediaPrep_v1_7A_20260817_210857\stimulus_target_cued_Fieldofdreams1_8_v1_7A.mp4,178.25,45.349903434753415,35.49153421020508,3.393088938666107,9.659465496828648,0.024244276691419334,0.07274609722222215,0.1762357193086581,0.0,0.0,0.024260943701522902,-32.301846198962636,0.0007926384546055529,0.0,1.0,0.0,0.0,0.5000000000000429,-0.866025403784414,0.3333333333333333,0.0,-0.4674669646970407,-0.17586441279413476,0.046827524112848275,0.39044041635822685,0.11822943312803745,0.2820817457210881
target,C:\Users\hoytb\Desktop\PRAYCGStimulus\Field of dreams\1.8prep\Fieldofdreams1_8_MediaPrep_v1_7A_20260817_210857\stimulus_target_cued_Fieldofdreams1_8_v1_7A.mp4,178.5,45.414442495727535,35.59154162902831,0.5003987353324973,0.9431999999999171,0.003889466851204736,0.07283972222222224,-1.5656774078395468,0.0,0.0,0.022231132784093322,-33.0607681461272,-0.00202981091742958,1.0,0.0,1.0,59.0,3.2336865303856006e-14,-1.0,0.3333333333333333,0.0,-0.46548685343199503,-0.9083776074360044,-0.8591239591167625,-0.919630146692805,-0.01133360120001725,-0.7564335551356185
target,C:\Users\hoytb\Desktop\PRAYCGStimulus\Field of dreams\1.8prep\Fieldofdreams1_8_MediaPrep_v1_7A_20260817_210857\stimulus_target_cued_Fieldofdreams1_8_v1_7A.mp4,178.75,45.54637226867675,35.74776092529296,0.391581354618065,0.14199999999993457,0.004197572978213327,0.07217774305555558,-1.5791002093092232,0.0,0.0,0.01938083820035158,-34.25254888177347,-0.002850294583741742,1.0,0.0,1.0,59.0,-0.49999999999998684,-0.8660254037844463,0.3333333333333333,0.0,-0.46143913991294633,-0.9359333294721316,-0.9423991104562481,-0.899799906545233,-0.19326819019417243,-1.058329082478166
target,C:\Users\hoytb\Desktop\PRAYCGStimulus\Field of dreams\1.8prep\Fieldofdreams1_8_MediaPrep_v1_7A_20260817_210857\stimulus_target_cued_Fieldofdreams1_8_v1_7A.mp4,179.0,45.71897567749022,35.99708835449217,0.5259489715576122,0.659200000000048,0.005715699245035623,0.07185413888888892,-1.4704013744445625,0.0,0.0,0.018189144243095784,-34.803754659532466,-0.001191693957255796,1.0,0.0,1.0,59.0,-0.8660254037844112,-0.5000000000000475,0.3333333333333333,0.0,-0.4561435259232434,-0.9019075453672959,-0.8886423602405812,-0.80209068947217,-0.26933413494137554,-0.44804988821429337
target,C:\Users\hoytb\Desktop\PRAYCGStimulus\Field of dreams\1.8prep\Fieldofdreams1_8_MediaPrep_v1_7A_20260817_210857\stimulus_target_cued_Fieldofdreams1_8_v1_7A.mp4,179.25,46.07301771545409,36.37594153900146,0.6698042535543399,0.0,0.005590622828155783,0.07152640277777778,-1.4389616736547297,0.0,0.0,0.016430320966582118,-35.68707905012015,-0.0017588232765136658,0.0,0.0,0.0,0.0,-1.0,-3.7727168162014125e-14,0.3333333333333333,0.0,-0.44528122614554594,-0.8654792088450883,-0.9571583110181574,-0.8101408227415284,-0.3816000009859291,-0.656724127493585
target,C:\Users\hoytb\Desktop\PRAYCGStimulus\Field of dreams\1.8prep\Fieldofdreams1_8_MediaPrep_v1_7A_20260817_210857\stimulus_target_cued_Fieldofdreams1_8_v1_7A.mp4,179.5,45.28244557800295,35.95082595825196,4.966403451204225,11.818106872558385,0.026830197305231902,0.0695490416666667,0.7119374745567726,0.0,0.0,0.015183146522255421,-36.37276433682117,-0.0012471744443266972,0.0,0.0,0.0,0.0,-0.8660254037844489,0.4999999999999822,0.3333333333333333,0.0,-0.4695366270077613,0.22254452793085971,0.2711924607723252,0.5568747137619596,-0.46120727078423945,-0.4684638362173955
target,C:\Users\hoytb\Desktop\PRAYCGStimulus\Field of dreams\1.8prep\Fieldofdreams1_8_MediaPrep_v1_7A_20260817_210857\stimulus_target_cued_Fieldofdreams1_8_v1_7A.mp4,179.75,44.73870711364746,35.56853248748779,1.4323466242789982,1.2043628608702939,0.009585885772108917,0.07066022916666667,-1.0462749664796696,0.0,0.0,0.017494240380949974,-35.14209820576455,0.002311093858694553,0.0,0.0,0.0,0.0,-0.5000000000000522,0.8660254037844085,0.3333333333333333,0.0,-0.48621896855810826,-0.6723813280607612,-0.8319792052934549,-0.5529988294923092,-0.31368991811940095,0.8407947509708243
target,C:\Users\hoytb\Desktop\PRAYCGStimulus\Field of dreams\1.8prep\Fieldofdreams1_8_MediaPrep_v1_7A_20260817_210857\stimulus_target_cued_Fieldofdreams1_8_v1_7A.mp4,180.0,44.53394387817383,35.17545520019531,1.2122730798721302,1.0183842773437297,0.005506663419306229,0.07127916666666667,-1.301592516785876,0.0,0.0,0.021795099318212247,-33.23282295165726,0.004300858937262272,0.0,0.0,0.0,0.0,-4.3117471020172244e-14,1.0,0.3333333333333333,0.0,-0.49250127237704844,-0.7281103428318056,-0.8513094532828186,-0.8155445946700511,-0.039165661035260695,1.5729253251015272
target,C:\Users\hoytb\Desktop\PRAYCGStimulus\Field of dreams\1.8prep\Fieldofdreams1_8_MediaPrep_v1_7A_20260817_210857\stimulus_target_cued_Fieldofdreams1_8_v1_7A.mp4,180.25,44.48874096069336,35.08080148773193,1.1132766002178203,0.21606158866882327,0.00419847448300569,0.07127860416666666,-1.3908819289826657,0.0,0.0,0.02037678285574385,-33.817287650805554,-0.0014183164624683962,0.0,0.0,0.0,0.0,0.4999999999999775,0.8660254037844516,0.3333333333333333,0.0,-0.49388813491835337,-0.7531791274138213,-0.9347012946738659,-0.8997418841465864,-0.12969694300685505,-0.5314352419122638
target,C:\Users\hoytb\Desktop\PRAYCGStimulus\Field of dreams\1.8prep\Fieldofdreams1_8_MediaPrep_v1_7A_20260817_210857\stimulus_target_cued_Fieldofdreams1_8_v1_7A.mp4,180.5,44.3594826904297,35.08318151245117,0.973808837223058,0.6327585609435409,0.007133913354202862,0.07087834722222226,-1.2848107196841214,0.0,0.0,0.025298608418344772,-31.938067341243364,0.004921825562600922,0.0,0.0,0.0,0.0,0.8660254037844058,0.5000000000000568,0.3333333333333333,0.0,-0.49785388454635043,-0.7884964166635011,-0.8913906313826986,-0.7108119906727881,0.18446367601843086,1.8014089068178387
target,C:\Users\hoytb\Desktop\PRAYCGStimulus\Field of dreams\1.8prep\Fieldofdreams1_8_MediaPrep_v1_7A_20260817_210857\stimulus_target_cued_Fieldofdreams1_8_v1_7A.mp4,180.75,44.28676184692383,35.17576223297119,0.5211056502581002,0.26760102081305037,0.007796117361821299,0.07051985416666667,-1.3707163193347816,0.0,0.0,0.02995601951722341,-30.470317902307617,0.004657411098878638,0.0,0.0,0.0,0.0,1.0,4.850777387833036e-14,0.3333333333333333,0.0,-0.5000850196024885,-0.9031340150230144,-0.9293443875198948,-0.668191402029343,0.4817466933193813,1.7041180682064758
target,C:\Users\hoytb\Desktop\PRAYCGStimulus\Field of dreams\1.8prep\Fieldofdreams1_8_MediaPrep_v1_7A_20260817_210857\stimulus_target_cued_Fieldofdreams1_8_v1_7A.mp4,181.0,44.24951409301758,35.139853808593756,0.36135395202636744,0.8639648620605055,0.003508027058094932,0.07486608333333312,-1.6204404517546853,0.0,0.0,0.025931050877242116,-31.723597654297684,-0.004024968639981294,0.0,0.0,0.0,0.0,0.8660254037844544,-0.49999999999997286,0.3333333333333333,0.0,-0.5012278112079783,-0.943587785940596,-0.8673595034294306,-0.9441802676937959,0.2248325415659671,-1.4905483431710735
target,C:\Users\hoytb\Desktop\PRAYCGStimulus\Field of dreams\1.8prep\Fieldofdreams1_8_MediaPrep_v1_7A_20260817_210857\stimulus_target_cued_Fieldofdreams1_8_v1_7A.mp4,181.25,44.357498092651326,34.91691802978516,0.746458263993214,0.13886688232418964,0.005673256958834114,0.07506840277777775,-1.414965289997866,0.0,0.0,0.02471952451301777,-32.13919774522782,-0.001211526364224346,0.0,1.0,0.0,0.0,0.5000000000000123,-0.8660254037844315,0.3333333333333333,0.0,-0.49791477363209524,-0.8460681865365182,-0.9427247605418848,-0.8048223479950284,0.14750069229395826,-0.4553471876074107
target,C:\Users\hoytb\Desktop\PRAYCGStimulus\Field of dreams\1.8prep\Fieldofdreams1_8_MediaPrep_v1_7A_20260817_210857\stimulus_target_cued_Fieldofdreams1_8_v1_7A.mp4,181.5,44.97277149658205,32.92863253936773,3.572252097892724,2.2859676902770634,0.03081763419061892,0.07476898611111114,0.5419089587564548,0.0,0.0,0.027002413477680617,-31.371948336354002,0.0022828889646628464,1.0,0.0,10.0,60.0,5.389807673648848e-14,-1.0,0.3333333333333333,0.0,-0.47903768152976745,-0.13049509603288068,-0.7195593277867536,0.8135130084243257,0.2932177237454905,0.8304168096333508
target,C:\Users\hoytb\Desktop\PRAYCGStimulus\Field of dreams\1.8prep\Fieldofdreams1_8_MediaPrep_v1_7A_20260817_210857\stimulus_target_cued_Fieldofdreams1_8_v1_7A.mp4,181.75,43.77569859771729,29.05747078704834,3.647328334712946,2.781828284072847,0.0181800997871903,0.07537679861111114,-0.051725392667503645,0.0,0.0,0.02408887638073505,-32.363669141247684,-0.002913537096945567,1.0,0.0,10.0,60.0,-0.4999999999999682,-0.866025403784457,0.3333333333333333,0.0,-0.5157648587825242,-0.11148361184024447,-0.6680205534587058,0.00013956296147340063,0.107246358794097,-1.0815990543960137
target,C:\Users\hoytb\Desktop\PRAYCGStimulus\Field of dreams\1.8prep\Fieldofdreams1_8_MediaPrep_v1_7A_20260817_210857\stimulus_target_cued_Fieldofdreams1_8_v1_7A.mp4,182.0,43.957043872070315,27.703934182739207,2.12652376441958,3.2811875549317193,0.27552579983622777,0.07205674999999982,12.0388978833732,0.0,0.0,0.022055733711843502,-33.12956980542033,-0.002033142668891548,1.0,0.0,10.0,60.0,-0.8660254037844288,-0.500000000000017,0.3333333333333333,0.0,-0.5102010371961949,-0.4965955097295299,-0.6161181335216755,16.563351344774418,-0.022529341563750332,-0.757659467248051
target,C:\Users\hoytb\Desktop\PRAYCGStimulus\Field of dreams\1.8prep\Fieldofdreams1_8_MediaPrep_v1_7A_20260817_210857\stimulus_target_cued_Fieldofdreams1_8_v1_7A.mp4,182.25,44.27807428131101,23.514547788238854,4.208277375984028,7.316794258308124,0.062177744789450096,0.06302887500000064,2.2294291593535487,0.0,0.0,0.024542077910526042,-32.20177339020344,0.0024863441986825406,0.0,0.0,0.0,0.0,-1.0,-5.928837959464661e-14,0.3333333333333333,0.0,-0.5003515612328769,0.030564981465474664,-0.1966651143375522,2.831903652800901,0.13617425786963952,0.9052778064903051
target,C:\Users\hoytb\Desktop\PRAYCGStimulus\Field of dreams\1.8prep\Fieldofdreams1_8_MediaPrep_v1_7A_20260817_210857\stimulus_target_cued_Fieldofdreams1_8_v1_7A.mp4,182.5,44.8686197357177,24.450371002196825,5.430925447463461,14.158175453184702,0.14820069256423196,0.059675416666666405,6.722304029830355,0.0,0.0,0.02192040241104415,-33.18302954779894,-0.0026216754994818937,0.0,0.0,0.0,0.0,-0.8660254037844597,0.49999999999996353,0.3333333333333333,0.0,-0.48223314288060015,0.3401749921503388,0.5144145840829042,8.368488494972526,-0.031167552059401183,-0.9742090910182286
target,C:\Users\hoytb\Desktop\PRAYCGStimulus\Field of dreams\1.8prep\Fieldofdreams1_8_MediaPrep_v1_7A_20260817_210857\stimulus_target_cued_Fieldofdreams1_8_v1_7A.mp4,182.75,44.70305839386005,29.836433544921817,12.187915842056148,31.989653105926052,0.31263423571587184,0.06171475000000017,16.462909904290484,0.0,0.0,0.02271415523047144,-32.87406821034188,0.0007937528194272916,0.0,0.0,0.0,0.0,-0.5000000000000216,0.8660254037844262,0.3333333333333333,0.0,-0.4873127004868051,2.05124125648915,2.367783281210615,18.95171408893238,0.019497769970534262,0.28249177430462213
target,C:\Users\hoytb\Desktop\PRAYCGStimulus\Field of dreams\1.8prep\Fieldofdreams1_8_MediaPrep_v1_7A_20260817_210857\stimulus_target_cued_Fieldofdreams1_8_v1_7A.mp4,183.0,42.44175133666993,31.018646557617146,11.9736684051515,33.38076577148469,0.16995320110321652,0.065299694444444,9.483750868917497,0.0,0.0,0.024013245737290176,-32.390982695602084,0.0012990905068187356,0.0,0.0,0.0,0.0,-6.467868245280473e-14,1.0,0.3333333333333333,0.0,-0.5566914536029208,1.9969875813911409,2.5123727941345706,9.76851734973187,0.10241884724178463,0.46842989091188264
target,C:\Users\hoytb\Desktop\PRAYCGStimulus\Field of dreams\1.8prep\Fieldofdreams1_8_MediaPrep_v1_7A_20260817_210857\stimulus_target_cued_Fieldofdreams1_8_v1_7A.mp4,183.25,42.641554580688464,32.04261051025389,3.9964012676241163,8.998096386719439,0.03283360495586171,0.06994905555555557,0.7503221767779582,0.0,0.0,0.023626815074257207,-32.531896357420436,-0.0003864306630329689,0.0,0.0,0.0,0.0,0.4999999999999588,0.8660254037844624,0.3333333333333333,0.0,-0.5505613263853523,-0.02308820435585763,-0.021913879700939127,0.9432643534994413,0.07775293928452759,-0.15175467011240698
target,C:\Users\hoytb\Desktop\PRAYCGStimulus\Field of dreams\1.8prep\Fieldofdreams1_8_MediaPrep_v1_7A_20260817_210857\stimulus_target_cued_Fieldofdreams1_8_v1_7A.mp4,183.5,41.97828645019532,30.24755319976808,1.880725075721738,1.846999224853509,0.008848231105878936,0.07068393055555555,-0.9651580807397218,0.0,0.0,0.022106426241467397,-33.109629208691416,-0.0015203888327898103,0.0,0.0,0.0,0.0,0.8660254037844235,0.5000000000000263,0.3333333333333333,0.0,-0.5709109360188408,-0.5588388783727891,-0.7651848462483225,-0.6004755522674773,-0.019293632316431004,-0.5689925917176445
target,C:\Users\hoytb\Desktop\PRAYCGStimulus\Field of dreams\1.8prep\Fieldofdreams1_8_MediaPrep_v1_7A_20260817_210857\stimulus_target_cued_Fieldofdreams1_8_v1_7A.mp4,183.75,41.579117088317865,29.23015946960449,1.7025417058467904,0.6792941818237468,0.01048870962485679,0.06441003472222223,-0.9320167832554447,0.0,0.0,0.019822952420790373,-34.05663322809419,-0.002283473820677024,0.0,0.0,0.0,0.0,1.0,7.006898531096285e-14,0.3333333333333333,0.0,-0.5831577790652803,-0.6039600840064707,-0.8865538105246404,-0.4948915338511312,-0.16504799518597424,-0.8497683759094827
target,C:\Users\hoytb\Desktop\PRAYCGStimulus\Field of dreams\1.8prep\Fieldofdreams1_8_MediaPrep_v1_7A_20260817_210857\stimulus_target_cued_Fieldofdreams1_8_v1_7A.mp4,184.0,41.33726478881836,29.009063543701178,1.641545512962359,1.4566188781738536,0.012519522736221762,0.06473447222222224,-0.8493799842243861,0.0,0.0,0.020702096330080525,-33.67971349769901,0.0008791439092901525,0.0,0.0,0.0,0.0,0.8660254037844651,-0.49999999999995415,0.3333333333333333,0.0,-0.590578005754172,-0.6194060920370837,-0.8057602112629378,-0.36418490985698254,-0.10893215133047783,0.3139112761947369
target,C:\Users\hoytb\Desktop\PRAYCGStimulus\Field of dreams\1.8prep\Fieldofdreams1_8_MediaPrep_v1_7A_20260817_210857\stimulus_target_cued_Fieldofdreams1_8_v1_7A.mp4,184.25,41.07370940856937,28.067596688079963,1.1876178060769393,0.359866972351061,0.005353068940806697,0.06461828472222207,-1.31547397134069,0.0,0.0,0.022214981351993256,-33.0670809392977,0.0015128850219127306,0.0,1.0,0.0,0.0,0.500000000000031,-0.8660254037844207,0.3333333333333333,0.0,-0.5986641007409533,-0.734353774413823,-0.9197544460847854,-0.8254301994243567,-0.012364548729986264,0.5470952081233158
target,C:\Users\hoytb\Desktop\PRAYCGStimulus\Field of dreams\1.8prep\Fieldofdreams1_8_MediaPrep_v1_7A_20260817_210857\stimulus_target_cued_Fieldofdreams1_8_v1_7A.mp4,184.5,44.32746960144008,32.24767414245556,4.92556622886623,9.343851951598209,0.041389307647940056,0.07900266666666528,1.407739712459109,0.0,0.0,0.023571490611457746,-32.55225905439633,0.0013565092594644904,1.0,0.0,6.0,61.0,1.8615869308312946e-14,-1.0,0.3333333333333333,0.0,-0.49883607234363925,0.21220335687817266,0.01402327330923249,1.4939240909814269,0.07422157327830627,0.48955702033696297
target,C:\Users\hoytb\Desktop\PRAYCGStimulus\Field of dreams\1.8prep\Fieldofdreams1_8_MediaPrep_v1_7A_20260817_210857\stimulus_target_cued_Fieldofdreams1_8_v1_7A.mp4,184.75,46.121878027343726,35.30820996856683,2.1099981654169717,2.298373445892981,0.009930414253476023,0.07618291666666717,-0.8528668502537489,0.0,0.0,0.02042925486160925,-33.79494947103059,-0.003142235749848496,1.0,0.0,6.0,61.0,-0.4999999999999495,-0.8660254037844678,0.3333333333333333,0.0,-0.4437821517474058,-0.5007802714799657,-0.7182698979609969,-0.5308243839870515,-0.1263476496126655,-1.16574832299875
target,C:\Users\hoytb\Desktop\PRAYCGStimulus\Field of dreams\1.8prep\Fieldofdreams1_8_MediaPrep_v1_7A_20260817_210857\stimulus_target_cued_Fieldofdreams1_8_v1_7A.mp4,185.0,46.39141537475584,36.13613705444331,1.81544376850128,1.7633280334472985,0.005186122842132923,0.08247861111111128,-1.1598755821894964,0.0,0.0,0.022408691665520404,-32.991669980943236,0.001979436803911154,1.0,0.0,6.0,61.0,-0.8660254037844181,-0.5000000000000356,0.3333333333333333,0.0,-0.43551252510726507,-0.57537000183957,-0.7738814652287361,-0.8361751374122626,0.0,0.7187621188030848
target,C:\Users\hoytb\Desktop\PRAYCGStimulus\Field of dreams\1.8prep\Fieldofdreams1_8_MediaPrep_v1_7A_20260817_210857\stimulus_target_cued_Fieldofdreams1_8_v1_7A.mp4,185.25,46.29191153717045,35.71354405212413,2.332023874235121,0.9999986854553222,0.01041775039881452,0.07908077777777774,-0.7713289950816665,0.0,0.0,0.024768292884058782,-32.122078508693384,0.0023596012185383777,0.0,0.0,0.0,0.0,-1.0,-2.4006172166471065e-14,0.3333333333333333,0.0,-0.4385653843640353,-0.4445569119679166,-0.8532204155231744,-0.4994585916593157,0.15061358230605423,0.8586429490292542
target,C:\Users\hoytb\Desktop\PRAYCGStimulus\Field of dreams\1.8prep\Fieldofdreams1_8_MediaPrep_v1_7A_20260817_210857\stimulus_target_cued_Fieldofdreams1_8_v1_7A.mp4,185.5,44.95163551025391,32.177757330322265,2.3678037919998234,1.2140310668945298,0.011067348112165958,0.08060145833333333,-0.7304793944659329,0.0,0.0,0.022949310083604353,-32.784607318833345,-0.0018189828004544287,0.0,0.0,0.0,0.0,-0.8660254037844705,0.4999999999999448,0.3333333333333333,0.0,-0.4796861509062119,-0.4354963973522688,-0.8309743109851055,-0.45764936579243287,0.034507727817962804,-0.6788597189141987
target,C:\Users\hoytb\Desktop\PRAYCGStimulus\Field of dreams\1.8prep\Fieldofdreams1_8_MediaPrep_v1_7A_20260817_210857\stimulus_target_cued_Fieldofdreams1_8_v1_7A.mp4,185.75,44.819674784851074,31.935957447814936,1.328003100299834,0.7692607727527488,0.005200250928103896,0.08061847916666666,-1.2862851362298529,0.0,0.0,0.02373268411811013,-32.493062823350854,0.0007833740345057766,0.0,0.0,0.0,0.0,-0.5000000000000403,0.8660254037844154,0.3333333333333333,0.0,-0.4837348140718959,-0.6988041396021024,-0.87720286010638,-0.8352658295047892,0.08451057096598712,0.2786729185787806
target,C:\Users\hoytb\Desktop\PRAYCGStimulus\Field of dreams\1.8prep\Fieldofdreams1_8_MediaPrep_v1_7A_20260817_210857\stimulus_target_cued_Fieldofdreams1_8_v1_7A.mp4,186.0,44.8002643737793,31.216399826049784,2.5728356597900834,1.860929598617601,0.015076052641868955,0.07805291666666658,-0.4825055336710786,0.0,0.0,0.0257117554899208,-31.797365410750253,0.0019790713718106714,0.0,0.0,0.0,0.0,-2.939647502462918e-14,1.0,0.3333333333333333,0.0,-0.4843303413857779,-0.3835763720742934,-0.7637369506125007,-0.19964224897046312,0.21083489501104788,0.7186276587020337
target,C:\Users\hoytb\Desktop\PRAYCGStimulus\Field of dreams\1.8prep\Fieldofdreams1_8_MediaPrep_v1_7A_20260817_210857\stimulus_target_cued_Fieldofdreams1_8_v1_7A.mp4,186.25,44.96626907348629,31.453651279449446,1.976817936897263,1.836973559617945,0.010096176203340156,0.07880031249999934,-0.8795489620971582,0.0,0.0,0.027039350741344986,-31.360074814077073,0.0013275952514241844,0.0,0.0,0.0,0.0,0.49999999999994016,0.8660254037844732,0.3333333333333333,0.0,-0.47923718119752945,-0.5345053743422356,-0.7662268941636627,-0.5201556598527732,0.29557543298778355,0.478918161742557
target,C:\Users\hoytb\Desktop\PRAYCGStimulus\Field of dreams\1.8prep\Fieldofdreams1_8_MediaPrep_v1_7A_20260817_210857\stimulus_target_cued_Fieldofdreams1_8_v1_7A.mp4,186.5,45.52352411804196,33.23815493774377,3.749277786063777,8.365967898558196,0.022034061542150943,0.08120812500000099,0.16186223235132946,0.0,0.0,0.023209192268485182,-32.686799473526676,-0.0038301584728598036,0.0,0.0,0.0,0.0,0.8660254037844127,0.500000000000045,0.3333333333333333,0.0,-0.4621401398930288,-0.08566704903828228,-0.08761607081130958,0.2481871687083616,0.05109603372953194,-1.4188682835311581
target,C:\Users\hoytb\Desktop\PRAYCGStimulus\Field of dreams\1.8prep\Fieldofdreams1_8_MediaPrep_v1_7A_20260817_210857\stimulus_target_cued_Fieldofdreams1_8_v1_7A.mp4,186.75,46.030458567810044,37.13146526031492,4.883183421421317,11.81551189422714,0.028118150725962597,0.07138027083333333,0.752733939480354,0.0,0.0,0.020214537002655908,-33.8867240270564,-0.002994655265829274,0.0,0.0,0.0,0.0,1.0,3.47867778827873e-14,0.3333333333333333,0.0,-0.4465869756623311,0.20147079877582696,0.2709227438311655,0.639769610659821,-0.14005311207300494,-1.111446342498994
target,C:\Users\hoytb\Desktop\PRAYCGStimulus\Field of dreams\1.8prep\Fieldofdreams1_8_MediaPrep_v1_7A_20260817_210857\stimulus_target_cued_Fieldofdreams1_8_v1_7A.mp4,187.0,45.9815721435547,34.65598709106459,3.52823794860834,6.337920025634536,0.2867427773952347,0.06508436111111142,12.94866046843476,0.0,0.0,0.01837269461507827,-34.716542871627915,-0.0018418423875776364,0.0,0.0,0.0,0.0,0.8660254037844475,-0.49999999999998473,0.3333333333333333,0.0,-0.448086851209244,-0.14164075728087497,-0.2984073757806595,17.285295308968387,-0.25761809629861887,-0.6872708639409032
target,C:\Users\hoytb\Desktop\PRAYCGStimulus\Field of dreams\1.8prep\Fieldofdreams1_8_MediaPrep_v1_7A_20260817_210857\stimulus_target_cued_Fieldofdreams1_8_v1_7A.mp4,187.25,45.54562839965821,27.309467960357786,5.342831437873815,10.491230527496295,0.07079788130969455,0.05843915277777785,2.9435262845870263,0.0,0.0,0.01774405736265481,-35.0189413437828,-0.0006286372524234619,0.0,1.0,0.0,0.0,0.5000000000000496,-0.86602540378441,0.3333333333333333,0.0,-0.4614619624238581,0.3178670297149016,0.13327954459180685,3.386710462262814,-0.29774407513549284,-0.24087416027671582
target,C:\Users\hoytb\Desktop\PRAYCGStimulus\Field of dreams\1.8prep\Fieldofdreams1_8_MediaPrep_v1_7A_20260817_210857\stimulus_target_cued_Fieldofdreams1_8_v1_7A.mp4,187.5,49.20478630065918,31.284871673583986,10.466929626464843,31.94560089111328,0.3898802027106285,0.060293402777777776,19.76237824071512,0.0,0.0,0.022765621056714317,-32.85440994839924,0.0050215636940595075,1.0,0.0,3.0,62.0,4.017708074094542e-14,-1.0,0.3333333333333333,0.0,-0.34919600021442493,1.6154375505601126,2.363204580692176,23.923397355376267,0.02278283881855856,1.8381073775237675
target,C:\Users\hoytb\Desktop\PRAYCGStimulus\Field of dreams\1.8prep\Fieldofdreams1_8_MediaPrep_v1_7A_20260817_210857\stimulus_target_cued_Fieldofdreams1_8_v1_7A.mp4,187.75,50.07525557250971,36.302584835815445,20.21607333374028,74.59277394104014,0.19220083917975558,0.07110759027777774,12.712392023447498,0.0,0.0,0.02357292641561813,-32.55172998914242,0.0008073053589038141,1.0,0.0,3.0,62.0,-0.49999999999998007,-0.8660254037844501,0.3333333333333333,0.0,-0.3224892898122004,4.084203958317537,6.795867823245802,11.200413592943338,0.07431322080178886,0.2874784074578272
target,C:\Users\hoytb\Desktop\PRAYCGStimulus\Field of dreams\1.8prep\Fieldofdreams1_8_MediaPrep_v1_7A_20260817_210857\stimulus_target_cued_Fieldofdreams1_8_v1_7A.mp4,188.0,47.84091675415039,37.46752289428708,16.731062283325542,59.750237561036386,0.15862972908020595,0.06832463888888901,10.174744297313556,0.0,0.0,0.01807601509841341,-34.85794609124116,-0.005496911317204721,1.0,0.0,3.0,62.0,-0.8660254037844073,-0.5000000000000543,0.3333333333333333,0.0,-0.3910406352669509,3.201697917760693,5.253163800147125,9.039719218708816,-0.2765551795865324,-2.0321470720716697
target,C:\Users\hoytb\Desktop\PRAYCGStimulus\Field of dreams\1.8prep\Fieldofdreams1_8_MediaPrep_v1_7A_20260817_210857\stimulus_target_cued_Fieldofdreams1_8_v1_7A.mp4,188.25,47.79955202636719,37.81965477294923,3.8081691252956045,12.444757919314966,0.024150926882220515,0.06641369444444445,0.2799339626070543,0.0,0.0,0.019130602792657832,-34.365426908042835,0.0010545876942444216,0.0,0.0,0.0,0.0,-1.0,-4.556738359910354e-14,0.3333333333333333,0.0,-0.39230973900386323,-0.07075405110033167,0.33632533740200876,0.38443226211567594,-0.20924074135089596,0.37846550945060065
target,C:\Users\hoytb\Desktop\PRAYCGStimulus\Field of dreams\1.8prep\Fieldofdreams1_8_MediaPrep_v1_7A_20260817_210857\stimulus_target_cued_Fieldofdreams1_8_v1_7A.mp4,188.5,47.78728509521484,37.79147707519531,0.5063602139949782,0.8951999999999335,0.004129443624243106,0.0669931944444444,-1.5524786474995123,0.0,0.0,0.02117256321314568,-33.48453123604668,0.0020419604204878483,0.0,0.0,0.0,0.0,-0.8660254037844528,0.4999999999999754,0.3333333333333333,0.0,-0.3926860985014401,-0.9068679878525416,-0.864112984658817,-0.9041848289206674,-0.07890220302476414,0.7417675739666528
target,C:\Users\hoytb\Desktop\PRAYCGStimulus\Field of dreams\1.8prep\Fieldofdreams1_8_MediaPrep_v1_7A_20260817_210857\stimulus_target_cued_Fieldofdreams1_8_v1_7A.mp4,188.75,47.818138038635254,37.88555013275146,0.6820806512832557,0.3588170166015239,0.0032003107387570595,0.0659941319444443,-1.5517455826673578,0.0,0.0,0.022928696313225118,-32.792412755932375,0.0017561331000794378,0.0,0.0,0.0,0.0,-0.500000000000059,0.8660254037844046,0.3333333333333333,0.0,-0.39173950492067705,-0.8623704683001315,-0.9198635764192118,-0.9639854191493747,0.03319194878832905,0.6365979122579035
target,C:\Users\hoytb\Desktop\PRAYCGStimulus\Field of dreams\1.8prep\Fieldofdreams1_8_MediaPrep_v1_7A_20260817_210857\stimulus_target_cued_Fieldofdreams1_8_v1_7A.mp4,189.0,47.782224285888674,37.870856097412116,0.7595206595420922,0.8827593627929893,0.006836911270022385,0.0700979444444443,-1.3550955351678047,0.0,0.0,0.02316379809666979,-32.703804583157,0.0002351017834446717,0.0,0.0,0.0,0.0,-5.095768645726166e-14,1.0,0.3333333333333333,0.0,-0.3928413682776925,-0.842760408509629,-0.8654060400085025,-0.7299275555296468,0.048198519192237436,0.07693710450054689
target,C:\Users\hoytb\Desktop\PRAYCGStimulus\Field of dreams\1.8prep\Fieldofdreams1_8_MediaPrep_v1_7A_20260817_210857\stimulus_target_cued_Fieldofdreams1_8_v1_7A.mp4,189.25,47.71054562072754,37.796206855773924,0.5095943474888819,0.3561789337158223,0.006074765659496215,0.07336068750000001,-1.457242732372276,0.0,0.0,0.022648475642569006,-32.89922045745085,-0.0005153224541007834,0.0,0.0,0.0,0.0,0.4999999999999707,0.8660254037844556,0.3333333333333333,0.0,-0.39504052844839777,-0.9060490112975038,-0.9201377735629372,-0.7789805575938689,0.015305435290991,-0.19918017878760205
target,C:\Users\hoytb\Desktop\PRAYCGStimulus\Field of dreams\1.8prep\Fieldofdreams1_8_MediaPrep_v1_7A_20260817_210857\stimulus_target_cued_Fieldofdreams1_8_v1_7A.mp4,189.5,43.926058996582015,31.783259387207003,5.07382464220526,13.936073413086001,0.04219455909132975,0.08596255555555563,1.4854696810420562,0.0,0.0,0.023556420940922307,-32.557813872986706,0.0009079452983533007,0.0,0.0,0.0,0.0,0.8660254037844304,0.5000000000000144,0.3333333333333333,0.0,-0.5111516785608876,0.24974669417103337,0.4913297351038375,1.5457514585726964,0.07325967469744335,0.3245086968338321
target,C:\Users\hoytb\Desktop\PRAYCGStimulus\Field of dreams\1.8prep\Fieldofdreams1_8_MediaPrep_v1_7A_20260817_210857\stimulus_target_cued_Fieldofdreams1_8_v1_7A.mp4,189.75,42.274444258117676,29.186467823791507,1.7204306776045488,2.9832015686031177,0.008755635585821,0.09070761805555554,-1.0114461818482803,0.0,0.0,0.02114402812715411,-33.49624544257612,-0.002412392813768198,0.0,0.0,0.0,0.0,1.0,5.6347989315419776e-14,0.3333333333333333,0.0,-0.5618245718411308,-0.5994300766672706,-0.6470902105418461,-0.60643515916386,-0.08072360042396706,-0.8972038935215088
target,C:\Users\hoytb\Desktop\PRAYCGStimulus\Field of dreams\1.8prep\Fieldofdreams1_8_MediaPrep_v1_7A_20260817_210857\stimulus_target_cued_Fieldofdreams1_8_v1_7A.mp4,190.0,42.263411010742175,29.31136068725585,1.057233851909659,0.952889507293757,0.005451952185482018,0.08631430555555554,-1.3446721318002481,0.0,0.0,0.021851320377099782,-33.2104463083358,0.0007072922499456735,0.0,0.0,0.0,0.0,0.8660254037844582,-0.499999999999966,0.3333333333333333,0.0,-0.5621630809097246,-0.7673707793758641,-0.8581168507963688,-0.8190659037593501,-0.03557706521086263,0.2506787592627612
target,C:\Users\hoytb\Desktop\PRAYCGStimulus\Field of dreams\1.8prep\Fieldofdreams1_8_MediaPrep_v1_7A_20260817_210857\stimulus_target_cued_Fieldofdreams1_8_v1_7A.mp4,190.25,42.39943997192382,29.408509568786624,0.9149697281598885,0.5966147445678255,0.004130130372568731,0.08617707638888897,-1.4459046392153188,0.0,0.0,0.023166096002333096,-32.70294296430836,0.0013147756252333137,0.0,1.0,0.0,0.0,0.5000000000000191,-0.8660254037844276,0.3333333333333333,0.0,-0.5579896009373982,-0.8033961884054159,-0.8951473485303202,-0.9041406286175111,0.04834519474106867,0.4742012027485741
target,C:\Users\hoytb\Desktop\PRAYCGStimulus\Field of dreams\1.8prep\Fieldofdreams1_8_MediaPrep_v1_7A_20260817_210857\stimulus_target_cued_Fieldofdreams1_8_v1_7A.mp4,190.5,42.50402436218261,29.44683961029052,0.9749911850452528,1.0019393707275388,0.005262118584662798,0.08556298611111111,-1.3753273277214682,0.0,0.0,0.024328208686879363,-32.277797349217224,0.0011621126845462668,1.0,0.0,2.0,63.0,6.17382921735779e-14,-1.0,0.3333333333333333,0.0,-0.5547808661623074,-0.7881970118466923,-0.853018704515004,-0.8312839207422402,0.12252296388599168,0.4180291412235305
target,C:\Users\hoytb\Desktop\PRAYCGStimulus\Field of dreams\1.8prep\Fieldofdreams1_8_MediaPrep_v1_7A_20260817_210857\stimulus_target_cued_Fieldofdreams1_8_v1_7A.mp4,190.75,42.52890670318604,29.474432753753664,0.5999225119233325,0.36721214131419155,0.002880644238740299,0.08490660416666672,-1.5886786064923464,0.0,0.0,0.02358473165579419,-32.547381214430054,-0.000743477031085172,1.0,0.0,2.0,63.0,-0.49999999999996136,-0.8660254037844609,0.3333333333333333,0.0,-0.5540174555551814,-0.8831752959512275,-0.9189910036771234,-0.984559704782745,0.07506675046558564,-0.2831292556094582
target,C:\Users\hoytb\Desktop\PRAYCGStimulus\Field of dreams\1.8prep\Fieldofdreams1_8_MediaPrep_v1_7A_20260817_210857\stimulus_target_cued_Fieldofdreams1_8_v1_7A.mp4,191.0,42.469232580566405,29.43636184692383,0.55915247044563,0.8917928269743656,0.0029602559484541184,0.08950533333333317,-1.5954459809114234,0.0,0.0,0.02352651651681016,-32.568847448055294,-5.8215138984029496e-05,1.0,0.0,2.0,63.0,-0.8660254037844249,-0.5000000000000238,0.3333333333333333,0.0,-0.5558483065258554,-0.8934994548584262,-0.864467119518208,-0.9794357582468172,0.07135087230874153,-0.0309883431480546
target,C:\Users\hoytb\Desktop\PRAYCGStimulus\Field of dreams\1.8prep\Fieldofdreams1_8_MediaPrep_v1_7A_20260817_210857\stimulus_target_cued_Fieldofdreams1_8_v1_7A.mp4,191.25,42.409074081420904,29.66004506301878,1.2571710951327628,1.500610076904135,0.005727218593470547,0.08738774305555579,-1.279183851206255,0.0,0.0,0.02379959426307704,-32.468608934814675,0.0002730777462668782,0.0,0.0,0.0,0.0,-1.0,-6.712859503173602e-14,0.3333333333333333,0.0,-0.5576940185651739,-0.7167408610415524,-0.8011878526360412,-0.801349284398451,0.08878145222630708,0.09091029347831395
target,C:\Users\hoytb\Desktop\PRAYCGStimulus\Field of dreams\1.8prep\Fieldofdreams1_8_MediaPrep_v1_7A_20260817_210857\stimulus_target_cued_Fieldofdreams1_8_v1_7A.mp4,191.5,41.928218896484374,30.976374391174318,4.9221237458705485,10.868390924072166,0.01697798076579333,0.06932793055555558,0.2223339755300784,0.0,0.0,0.021177148249056706,-33.48265046214346,-0.002622446014020334,0.0,0.0,0.0,0.0,-0.8660254037844636,0.4999999999999567,0.3333333333333333,0.0,-0.5724470495851054,0.21133162017655116,0.17248085400782867,-0.07723088439610698,-0.07860953972295875,-0.9744926004925281
target,C:\Users\hoytb\Desktop\PRAYCGStimulus\Field of dreams\1.8prep\Fieldofdreams1_8_MediaPrep_v1_7A_20260817_210857\stimulus_target_cued_Fieldofdreams1_8_v1_7A.mp4,191.75,41.90660979156494,30.967986854553224,0.2820349391818043,0.0,0.001653381983097648,0.07049688194444434,-1.7311148004047483,0.0,0.0,0.021598214607609266,-33.31164295631132,0.00042106635855256036,0.0,0.0,0.0,0.0,-0.5000000000000284,0.8660254037844223,0.3333333333333333,0.0,-0.5731100346275385,-0.9636736642789164,-0.9571583110181574,-1.0635484139321938,-0.05173283184879932,0.14536244405857904
target,C:\Users\hoytb\Desktop\PRAYCGStimulus\Field of dreams\1.8prep\Fieldofdreams1_8_MediaPrep_v1_7A_20260817_210857\stimulus_target_cued_Fieldofdreams1_8_v1_7A.mp4,192.0,42.07933486328124,29.192892196655407,1.495932291173843,2.7135987060544835,0.2785132773021028,0.06766383333333338,12.019438751153627,0.0,0.0,0.023017393928894028,-32.758876990263865,0.0014191793212847623,0.0,0.0,0.0,0.0,-1.567547902908612e-14,1.0,0.3333333333333333,0.0,-0.5678106879203032,-0.6562795899842468,-0.6751122015307335,16.755630531686236,0.038853526487536746,0.5126163597712995
target,C:\Users\hoytb\Desktop\PRAYCGStimulus\Field of dreams\1.8prep\Fieldofdreams1_8_MediaPrep_v1_7A_20260817_210857\stimulus_target_cued_Fieldofdreams1_8_v1_7A.mp4,192.25,42.94561381683343,24.333765774536488,3.7754767154692104,5.754399765777434,0.08576524309816835,0.060710229166667254,3.261114485486271,0.0,0.0,0.024610261820971487,-32.177675318603356,0.0015928678920774583,0.0,0.0,0.0,0.0,0.49999999999995204,0.8660254037844664,0.3333333333333333,0.0,-0.5412325399164377,-0.07903271901121799,-0.359057323295958,4.350035604552999,0.14052644370813674,0.5765247650519533
target,C:\Users\hoytb\Desktop\PRAYCGStimulus\Field of dreams\1.8prep\Fieldofdreams1_8_MediaPrep_v1_7A_20260817_210857\stimulus_target_cued_Fieldofdreams1_8_v1_7A.mp4,192.5,42.291356262206875,21.576986557006173,4.231822824477828,10.09291875076275,0.40835951763392897,0.038144791666665866,19.033308703873765,0.0,0.0,0.026827008932416442,-31.42855492235362,0.0022167471114449555,0.0,0.0,0.0,0.0,0.8660254037844195,0.5000000000000331,0.3333333333333333,0.0,-0.5613056977003225,0.03652737303979301,0.09187980234544388,25.11275784051015,0.28202163403870256,0.8060800306376414
target,C:\Users\hoytb\Desktop\PRAYCGStimulus\Field of dreams\1.8prep\Fieldofdreams1_8_MediaPrep_v1_7A_20260817_210857\stimulus_target_cued_Fieldofdreams1_8_v1_7A.mp4,192.75,45.43145877990711,34.73101934356644,11.716696251678075,25.964973815534492,0.20718276106118927,0.05784962499999885,11.223233917195069,0.0,0.0,0.02453645418073965,-32.2037639589678,-0.0022905547516767905,0.0,0.0,0.0,0.0,1.0,2.106578188724424e-14,0.3333333333333333,0.0,-0.4649647798925813,1.931914766867867,1.7415899715760266,12.164675847853673,0.13581529463365075,-0.8523737920634191
target,C:\Users\hoytb\Desktop\PRAYCGStimulus\Field of dreams\1.8prep\Fieldofdreams1_8_MediaPrep_v1_7A_20260817_210857\stimulus_target_cued_Fieldofdreams1_8_v1_7A.mp4,193.0,47.493878955078124,42.85795682373045,16.945637835693436,58.101068133545034,0.1549824547529269,0.07799972222222219,10.05371634970065,0.0,0.0,0.019946553695070507,-34.00264259109416,-0.004589900485669145,0.0,0.0,0.0,0.0,0.866025403784469,-0.4999999999999474,0.3333333333333333,0.0,-0.4016880392571516,3.256034681226035,5.081752375211032,8.804974371223194,-0.15715851345886458,-1.6984140259007583
target,C:\Users\hoytb\Desktop\PRAYCGStimulus\Field of dreams\1.8prep\Fieldofdreams1_8_MediaPrep_v1_7A_20260817_210857\stimulus_target_cued_Fieldofdreams1_8_v1_7A.mp4,193.25,47.67405525207519,43.21579091033936,5.2954553950549315,18.270120932007266,0.02354766746163402,0.07924747222222221,0.638456513288399,0.0,0.0,0.020252295502704756,-33.87051488790809,0.0003057418076342494,0.0,1.0,0.0,0.0,0.5000000000000377,-0.8660254037844168,0.3333333333333333,0.0,-0.3961600828538012,0.30587003935805074,0.9418021053618228,0.3456054484535712,-0.13764298322996973,0.10292897762345339
target,C:\Users\hoytb\Desktop\PRAYCGStimulus\Field of dreams\1.8prep\Fieldofdreams1_8_MediaPrep_v1_7A_20260817_210857\stimulus_target_cued_Fieldofdreams1_8_v1_7A.mp4,193.5,47.80742694091797,43.197578091430664,0.429427896332741,0.0,0.004835920242592645,0.07952059722222221,-1.53825766227663,0.0,0.0,0.02484381675240494,-32.09563365492691,0.004591521249700185,1.0,0.0,1.0,64.0,2.645608474540236e-14,-1.0,0.3333333333333333,0.0,-0.3920681301738319,-0.9263494856351334,-0.9571583110181574,-0.858714778920249,0.15543427839311252,1.6798740136555084
target,C:\Users\hoytb\Desktop\PRAYCGStimulus\Field of dreams\1.8prep\Fieldofdreams1_8_MediaPrep_v1_7A_20260817_210857\stimulus_target_cued_Fieldofdreams1_8_v1_7A.mp4,193.75,47.80073215484619,43.34136177062988,0.5022016769647601,0.0,0.003276039513293657,0.07954861111111111,-1.5949725771894485,0.0,0.0,0.02928366729263053,-30.667490720541778,0.004439850540225589,1.0,0.0,1.0,64.0,-0.4999999999999427,-0.8660254037844717,0.3333333333333333,0.0,-0.39227353169529383,-0.9079210502376982,-0.9571583110181574,-0.9591113849984727,0.4388303834269386,1.6240670418664673
target,C:\Users\hoytb\Desktop\PRAYCGStimulus\Field of dreams\1.8prep\Fieldofdreams1_8_MediaPrep_v1_7A_20260817_210857\stimulus_target_cued_Fieldofdreams1_8_v1_7A.mp4,194.0,47.78002714233398,43.3386840637207,0.5259481646537761,0.0,0.0038341672725974163,0.0793759444444445,-1.5616989550150642,0.0,0.0,0.033857778978923954,-29.406830687329585,0.004574111686293424,1.0,0.0,1.0,64.0,-0.8660254037844142,-0.5000000000000424,0.3333333333333333,0.0,-0.3929087784419854,-0.9019077496987885,-0.9571583110181574,-0.9231893226640511,0.7307963908726303,1.673468195305569
target,C:\Users\hoytb\Desktop\PRAYCGStimulus\Field of dreams\1.8prep\Fieldofdreams1_8_MediaPrep_v1_7A_20260817_210857\stimulus_target_cued_Fieldofdreams1_8_v1_7A.mp4,194.25,47.77893804168701,43.40225319671631,0.44164479190112743,0.0,0.004564119729027208,0.07889001388888889,-1.5482607802956192,0.0,0.0,0.03579893333617546,-28.922598267502458,0.0019411543572515066,0.0,0.0,0.0,0.0,-1.0,-3.1846387603560475e-14,0.3333333333333333,0.0,-0.39294219294209237,-0.923255812765812,-0.9571583110181574,-0.8762083273561933,0.8547004680775727,0.7046761596343619
target,C:\Users\hoytb\Desktop\PRAYCGStimulus\Field of dreams\1.8prep\Fieldofdreams1_8_MediaPrep_v1_7A_20260817_210857\stimulus_target_cued_Fieldofdreams1_8_v1_7A.mp4,194.5,47.60926476440431,43.31754467468262,0.2608964415192661,0.0,0.00460630509182807,0.07883681944444444,-1.59334207889335,0.0,0.0,0.03663577181748557,-28.72189309192851,0.0008368384813101093,0.0,0.0,0.0,0.0,-0.8660254037844745,0.49999999999993805,0.3333333333333333,0.0,-0.39814790809588774,-0.969026545978751,-0.9571583110181574,-0.8734932048652009,0.9081159522244011,0.2983450680983674
target,C:\Users\hoytb\Desktop\PRAYCGStimulus\Field of dreams\1.8prep\Fieldofdreams1_8_MediaPrep_v1_7A_20260817_210857\stimulus_target_cued_Fieldofdreams1_8_v1_7A.mp4,194.75,47.474665577697756,43.256688244628904,0.10007188410759549,0.0,0.006223324185982283,0.07875936111111112,-1.5568129705271354,0.0,0.0,0.038311711651993804,-28.333368892030272,0.0016759398345082346,0.0,0.0,0.0,0.0,-0.5000000000000471,0.8660254037844115,0.3333333333333333,0.0,-0.4022775214159592,-1.0097519960081822,-0.9571583110181574,-0.7694190753708747,1.0150913598575004,0.6070909407081148
target,C:\Users\hoytb\Desktop\PRAYCGStimulus\Field of dreams\1.8prep\Fieldofdreams1_8_MediaPrep_v1_7A_20260817_210857\stimulus_target_cued_Fieldofdreams1_8_v1_7A.mp4,195.0,47.45863873291015,43.25042529296875,0.017630477249622686,0.0,0.0010174981988966666,0.07873263888888889,-1.8309104359650397,0.0,0.0,0.04071508913314892,-27.804892202108302,0.002403377481155114,0.0,0.0,0.0,0.0,-3.7236690461718594e-14,1.0,0.3333333333333333,0.0,-0.4027692381442177,-1.0306285552189507,-0.9571583110181574,-1.1044749877367477,1.1684991853945195,0.8747503481529527
target,C:\Users\hoytb\Desktop\PRAYCGStimulus\Field of dreams\1.8prep\Fieldofdreams1_8_MediaPrep_v1_7A_20260817_210857\stimulus_target_cued_Fieldofdreams1_8_v1_7A.mp4,195.25,47.46047290039063,43.252112834167484,0.0024612507033627564,0.0,0.00014256554977037036,0.07873263888888889,-1.8773199154467526,0.0,0.0,0.047400608139100034,-26.48432172761728,0.0066855190059511155,0.0,0.0,0.0,0.0,0.4999999999999826,0.8660254037844487,0.3333333333333333,0.0,-0.4027129643832542,-1.0344698440596436,-0.9571583110181574,-1.1607871575516702,1.5952365337017207,2.450356818900007
target,C:\Users\hoytb\Desktop\PRAYCGStimulus\Field of dreams\1.8prep\Fieldofdreams1_8_MediaPrep_v1_7A_20260817_210857\stimulus_target_cued_Fieldofdreams1_8_v1_7A.mp4,195.5,47.45991191101074,43.25183955383301,0.004659216654766454,0.0,0.00020835048905574083,0.07874065277777778,-1.8735547432460469,0.0,0.0,0.05055901345035403,-25.924028179012325,0.003158405311253998,0.0,0.0,0.0,0.0,0.8660254037844087,0.5000000000000517,0.3333333333333333,0.0,-0.402730175997026,-1.033913255227932,-0.9571583110181574,-1.1565531257367625,1.796837861318045,1.1525615152545776
target,C:\Users\hoytb\Desktop\PRAYCGStimulus\Field of dreams\1.8prep\Fieldofdreams1_8_MediaPrep_v1_7A_20260817_210857\stimulus_target_cued_Fieldofdreams1_8_v1_7A.mp4,195.75,47.45941700897217,43.25163124694824,0.0036018073822609254,0.0,0.0001808063900796831,0.07875,-1.8751669710301666,0.0,0.0,0.05168537170510111,-25.732647121202316,0.0011263582547470785,0.0,0.0,0.0,0.0,1.0,4.262699331987672e-14,0.3333333333333333,0.0,-0.4027453599970236,-1.0341810219743863,-0.9571583110181574,-1.158325911311158,1.8687334216248568,0.4048733614289437
target,C:\Users\hoytb\Desktop\PRAYCGStimulus\Field of dreams\1.8prep\Fieldofdreams1_8_MediaPrep_v1_7A_20260817_210857\stimulus_target_cued_Fieldofdreams1_8_v1_7A.mp4,196.0,46.30891799316418,42.01710095214857,1.1707872404015351,3.374768371581684,0.0545052424222175,0.07812350000000007,1.0651431732503611,0.0,0.0,0.06367311493174203,-23.920878072611362,0.011987743226640923,0.0,0.0,0.0,0.0,0.8660254037844514,-0.4999999999999779,0.3333333333333333,0.0,-0.4380436123614152,-0.738615762585357,-0.6063915275943182,2.3380882069600752,2.633912273434371,4.401300930180544
target,C:\Users\hoytb\Desktop\PRAYCGStimulus\Field of dreams\1.8prep\Fieldofdreams1_8_MediaPrep_v1_7A_20260817_210857\stimulus_target_cued_Fieldofdreams1_8_v1_7A.mp4,196.25,33.7648608894356,31.858558109284054,11.683394380569489,20.000000221252442,0.4747730798721294,0.07407722222222253,24.19880658262216,0.0,0.0,0.07775215697087667,-22.185751081909338,0.01407904203913464,0.0,1.0,0.0,0.0,0.5000000000000564,-0.8660254037844061,0.3333333333333333,0.0,-0.8229055611652454,1.923481765654951,1.121602354501784,29.387248909629697,3.532578938077439,5.1707906637987495
target,C:\Users\hoytb\Desktop\PRAYCGStimulus\Field of dreams\1.8prep\Fieldofdreams1_8_MediaPrep_v1_7A_20260817_210857\stimulus_target_cued_Fieldofdreams1_8_v1_7A.mp4,196.5,20.315247804260864,21.707813864899116,11.302324444580073,19.670919058227607,0.5326294668674403,0.06932443055555572,26.90680569658362,1.0,0.0,0.08209649752964848,-21.71350741438566,0.004344340558771809,1.0,0.0,3.0,65.0,4.801729617803484e-14,-1.0,0.3333333333333333,0.0,-1.2355507093668798,1.8269837874504777,1.0873983060071912,33.110985465364884,3.8098786314211366,1.5889243115461107
target,C:\Users\hoytb\Desktop\PRAYCGStimulus\Field of dreams\1.8prep\Fieldofdreams1_8_MediaPrep_v1_7A_20260817_210857\stimulus_target_cued_Fieldofdreams1_8_v1_7A.mp4,196.75,7.733498110485402,11.567720128631915,10.318522832870567,18.851683106994617,0.4801697298169251,0.04970084722222359,24.10479156311473,0.0,0.0,0.0870505059699993,-21.204574005057207,0.004954008440350821,1.0,0.0,3.0,65.0,-0.49999999999997324,-0.866025403784454,0.3333333333333333,0.0,-1.6215690977134316,1.5778566390760485,1.0022485333890234,29.73458658005095,4.126093486759215,1.8132505402940742
target,C:\Users\hoytb\Desktop\PRAYCGStimulus\Field of dreams\1.8prep\Fieldofdreams1_8_MediaPrep_v1_7A_20260817_210857\stimulus_target_cued_Fieldofdreams1_8_v1_7A.mp4,197.0,1.026385751700452,3.9831914497376255,4.910541831588862,11.719553736877648,0.17176048825979617,0.011097388888889392,7.729808799491193,0.0,0.0,0.08584459783867725,-21.32574059182888,-0.001205908131322056,1.0,0.0,3.0,65.0,-0.8660254037844034,-0.5000000000000611,0.3333333333333333,0.0,-1.8273487997590292,0.20839874301577901,0.260949041789806,9.884837458905155,4.049120249856531,-0.45327996865545556
target,C:\Users\hoytb\Desktop\PRAYCGStimulus\Field of dreams\1.8prep\Fieldofdreams1_8_MediaPrep_v1_7A_20260817_210857\stimulus_target_cued_Fieldofdreams1_8_v1_7A.mp4,197.25,0.012485575817577865,0.3829709841895874,0.47180161537230303,1.155157503891,0.01571830739015724,0.00024976388888889073,-0.9991642735895176,0.0,0.0,0.0946263504546207,-20.47975818867725,0.008781752615943453,0.0,0.0,0.0,0.0,-1.0,-5.340759903619296e-14,0.3333333333333333,0.0,-1.8584560878043652,-0.9156192289810485,-0.8370935132679486,-0.15830562896186456,4.609660399616288,3.221662302610924
target,C:\Users\hoytb\Desktop\PRAYCGStimulus\Field of dreams\1.8prep\Fieldofdreams1_8_MediaPrep_v1_7A_20260817_210857\stimulus_target_cued_Fieldofdreams1_8_v1_7A.mp4,197.5,1.3682355279922764,6.635466859817637,1.3064679241180503,0.0,0.041454223364591515,0.019548194444444455,0.4672473309935616,0.0,0.0,0.10661886467207127,-19.443318927094385,0.011992514217450567,0.0,0.0,0.0,0.0,-0.8660254037844568,0.4999999999999686,0.3333333333333333,0.0,-1.8168605685580792,-0.7042574718268649,-0.9571583110181574,1.4981021781329176,5.3751437842474274,4.403056407889074
target,C:\Users\hoytb\Desktop\PRAYCGStimulus\Field of dreams\1.8prep\Fieldofdreams1_8_MediaPrep_v1_7A_20260817_210857\stimulus_target_cued_Fieldofdreams1_8_v1_7A.mp4,197.75,3.4002838748931876,16.19602343559265,1.830840021419525,0.0,0.03631845141351223,0.020195381944444445,0.3547694061609702,0.0,0.0,0.10277885891878871,-19.761924165706176,-0.003840005753282555,0.0,0.0,0.0,0.0,-0.5000000000000165,0.866025403784429,0.3333333333333333,0.0,-1.7545156604964418,-0.5714712233261775,-0.9571583110181574,1.1675550639879693,5.130035832092698,-1.4224915731079983
target,C:\Users\hoytb\Desktop\PRAYCGStimulus\Field of dreams\1.8prep\Fieldofdreams1_8_MediaPrep_v1_7A_20260817_210857\stimulus_target_cued_Fieldofdreams1_8_v1_7A.mp4,198.0,5.479576267242275,25.824297109984627,2.1757802360534253,0.0,0.03581906914114944,0.020338472222222206,0.42047751171621184,0.0,0.0,0.10368549726572966,-19.685639702981234,0.0009066383469409495,0.0,0.0,0.0,0.0,-5.879790189435108e-14,1.0,0.3333333333333333,0.0,-1.6907212664152331,-0.48412234016864364,-0.9571583110181574,1.1354139622106643,5.1879066486594905,0.3240278063517384
target,C:\Users\hoytb\Desktop\PRAYCGStimulus\Field of dreams\1.8prep\Fieldofdreams1_8_MediaPrep_v1_7A_20260817_210857\stimulus_target_cued_Fieldofdreams1_8_v1_7A.mp4,198.25,7.700945967674129,35.902543866729175,2.5392968467712307,0.0,0.03626409999579192,0.020760479166666634,0.5368548744401977,0.0,0.0,0.10741749660927111,-19.378499463528765,0.003731999343541445,0.0,0.0,0.0,0.0,0.4999999999999639,0.8660254037844595,0.3333333333333333,0.0,-1.6225678241235943,-0.39206937386225665,-0.9571583110181574,1.1640569132818501,5.4261205408538675,1.363614434365431
target,C:\Users\hoytb\Desktop\PRAYCGStimulus\Field of dreams\1.8prep\Fieldofdreams1_8_MediaPrep_v1_7A_20260817_210857\stimulus_target_cued_Fieldofdreams1_8_v1_7A.mp4,198.5,9.837787133026035,45.18011578369103,2.7598008293151755,0.0,0.03896574570536597,0.02105516666666666,0.7254406561781648,0.0,0.0,0.10278194342837459,-19.76166349626389,-0.004635553180896521,0.0,0.0,0.0,0.0,0.8660254037844264,0.5000000000000212,0.3333333333333333,0.0,-1.5570077865391725,-0.3362313596503034,-0.9571583110181574,1.3379394768474138,5.130232716648756,-1.715211855115598
target,C:\Users\hoytb\Desktop\PRAYCGStimulus\Field of dreams\1.8prep\Fieldofdreams1_8_MediaPrep_v1_7A_20260817_210857\stimulus_target_cued_Fieldofdreams1_8_v1_7A.mp4,198.75,11.219862646102877,47.55201671600338,2.371018074035619,0.032899200320220444,0.024324278093874798,0.02120052083333332,-0.08637673978461616,0.0,0.0,0.09414373012668842,-20.524171964697494,-0.008638213301686168,0.0,0.0,0.0,0.0,1.0,6.41882047525092e-14,0.3333333333333333,0.0,-1.5146045775168935,-0.4346824477631261,-0.9537388328783489,0.39558944418911507,4.578854695706443,-3.1879836329745275
target,C:\Users\hoytb\Desktop\PRAYCGStimulus\Field of dreams\1.8prep\Fieldofdreams1_8_MediaPrep_v1_7A_20260817_210857\stimulus_target_cued_Fieldofdreams1_8_v1_7A.mp4,199.0,12.079354849243161,48.806566247558585,3.1334293689727772,0.7672444851875273,0.0117888138800861,0.021631583333333333,-0.49584287572435465,0.0,0.0,0.09181637202643927,-20.74159743322788,-0.002327358100249144,0.0,0.0,0.0,0.0,0.8660254037844621,-0.49999999999995925,0.3333333333333333,0.0,-1.4882346525757877,-0.2416177591760592,-0.8774124290681096,-0.41121458835060043,4.430299194872846,-0.865915519682644
target,C:\Users\hoytb\Desktop\PRAYCGStimulus\Field of dreams\1.8prep\Fieldofdreams1_8_MediaPrep_v1_7A_20260817_210857\stimulus_target_cued_Fieldofdreams1_8_v1_7A.mp4,199.25,12.195906719970703,49.054336849975584,3.32245042295456,0.959841457438469,0.005595197262242444,0.022438763888888894,-0.7470897818314355,0.0,0.0,0.08846968746838665,-21.06411013854514,-0.0033466845580526206,0.0,1.0,0.0,0.0,0.5000000000000259,-0.8660254037844237,0.3333333333333333,0.0,-1.4846587456954212,-0.19375213708240957,-0.8573942787788882,-0.8098464042976032,4.216679984060228,-1.2409749037358937
target,C:\Users\hoytb\Desktop\PRAYCGStimulus\Field of dreams\1.8prep\Fieldofdreams1_8_MediaPrep_v1_7A_20260817_210857\stimulus_target_cued_Fieldofdreams1_8_v1_7A.mp4,199.5,12.235050733947753,49.35614165344239,3.2953669116973816,1.000030517578125,0.007363626194000242,0.023653083333333342,-0.6683422422856886,0.0,0.0,0.08418008057333715,-21.495813257915014,-0.004289606895049508,1.0,0.0,2.0,66.0,6.957850761066731e-14,-1.0,0.3333333333333333,0.0,-1.4834577752774267,-0.20061046893220527,-0.853217106954972,-0.6960272772937006,3.942873945958434,-1.587921525416037
target,C:\Users\hoytb\Desktop\PRAYCGStimulus\Field of dreams\1.8prep\Fieldofdreams1_8_MediaPrep_v1_7A_20260817_210857\stimulus_target_cued_Fieldofdreams1_8_v1_7A.mp4,199.75,12.099151563644423,49.777114332580545,3.1752587344169627,1.0000048461914062,0.00902047916427239,0.02387510416666666,-0.6192639060373648,0.0,0.0,0.06995541597202307,-23.1035731327656,-0.01422466460131408,1.0,0.0,2.0,66.0,-0.4999999999999546,-0.8660254037844649,0.3333333333333333,0.0,-1.4876272731592735,-0.23102534866626745,-0.8532197751883895,-0.5893893710348659,3.034912178574227,-5.243508599918807
target,C:\Users\hoytb\Desktop\PRAYCGStimulus\Field of dreams\1.8prep\Fieldofdreams1_8_MediaPrep_v1_7A_20260817_210857\stimulus_target_cued_Fieldofdreams1_8_v1_7A.mp4,200.0,11.705866203308117,49.79912979125975,2.278095922470075,0.0,0.01806875109672604,0.024110416666666815,-0.4141414778484132,0.0,0.0,0.04834779110811388,-26.312467259349418,-0.021607624863909186,1.0,0.0,2.0,66.0,-0.866025403784421,-0.5000000000000305,0.3333333333333333,0.0,-1.4996935902178954,-0.45821303600857,-0.9571583110181574,-0.007027030229847193,1.6556953175596252,-7.960055891887957
target,C:\Users\hoytb\Desktop\PRAYCGStimulus\Field of dreams\1.8prep\Fieldofdreams1_8_MediaPrep_v1_7A_20260817_210857\stimulus_target_cued_Fieldofdreams1_8_v1_7A.mp4,200.25,11.592528981018056,49.996494538879375,2.468586299991612,0.0,0.009933944133483242,0.022393499999999986,-0.7591974399961803,0.0,0.0,0.04964201266457935,-26.083012379148904,0.001294221556465469,0.0,0.0,0.0,0.0,-1.0,-1.8125391608017415e-14,0.3333333333333333,0.0,-1.5031708690505627,-0.4099753385095321,-0.9571583110181574,-0.5305971948398739,1.7383056092417624,0.4666383691609246
target,C:\Users\hoytb\Desktop\PRAYCGStimulus\Field of dreams\1.8prep\Fieldofdreams1_8_MediaPrep_v1_7A_20260817_210857\stimulus_target_cued_Fieldofdreams1_8_v1_7A.mp4,200.5,11.804020891571035,50.35518984069822,2.738340648651089,0.0,0.005679266415163863,0.022673638888888875,-0.8953110581287863,0.0,0.0,0.032537072532778516,-29.752430490564294,-0.017104940131800833,0.0,0.0,0.0,0.0,-0.8660254037844676,0.49999999999994993,0.3333333333333333,0.0,-1.4966821239676444,-0.34166570083130016,-0.9571583110181574,-0.8044355690519015,0.6464955660273718,-6.303300934452993
target,C:\Users\hoytb\Desktop\PRAYCGStimulus\Field of dreams\1.8prep\Fieldofdreams1_8_MediaPrep_v1_7A_20260817_210857\stimulus_target_cued_Fieldofdreams1_8_v1_7A.mp4,200.75,12.072517131042474,50.815668096923815,2.391145795631444,0.0,0.005683383017405874,0.023216562499999982,-0.9856387591776032,0.0,0.0,0.003565299246437855,-48.95808025000512,-0.028971773286340662,0.0,0.0,0.0,0.0,-0.5000000000000352,0.8660254037844183,0.3333333333333333,0.0,-1.488444439372063,-0.429585523927304,-0.9571583110181574,-0.8041706174527767,-1.2027756269742782,-10.66968140023159
target,C:\Users\hoytb\Desktop\PRAYCGStimulus\Field of dreams\1.8prep\Fieldofdreams1_8_MediaPrep_v1_7A_20260817_210857\stimulus_target_cued_Fieldofdreams1_8_v1_7A.mp4,201.0,,,,,,,,0.0,0.0,,,,0.0,0.0,0.0,0.0,-2.3515694466175534e-14,1.0,0.3333333333333333,0.0,0.0,0.0,0.0,0.0,0.0,0.0
