seed,heldout_condition,model,heldout_loss,train_loss
910001,doublet_EY,full_reciprocal,0.20940163859289496,1.9361116343068188
910001,doublet_EY,eta_only,15.42170899720719,54.889519976379624
910001,doublet_EY,zeta_only,18.472112006600426,48.57098805989618
910001,doublet_EY,generic_hidden_oscillator,10.24700762334512,67.33320025357207
910001,doublet_EY,null_no_coupling,13.90792893500916,120.8922128310078
910001,doublet_EY,replay_only_basis,7.066156762569886,19.842000356584506
910001,orthogonal_trap,full_reciprocal,0.27395265843508226,1.8715606144646315
910001,orthogonal_trap,eta_only,22.370243913939618,48.286223105463904
910001,orthogonal_trap,zeta_only,10.958896169838305,56.623887769501096
910001,orthogonal_trap,generic_hidden_oscillator,24.92592555931116,48.43800332194443
910001,orthogonal_trap,null_no_coupling,40.59271625254867,94.20742551346828
910001,orthogonal_trap,replay_only_basis,4.573043600993536,22.652932806516517
910001,counterphase,full_reciprocal,0.8442775657068444,1.3012357071928693
910001,counterphase,eta_only,6.373381293277795,63.4635748669624
910001,counterphase,zeta_only,8.165249173783263,58.28722620555516
910001,counterphase,generic_hidden_oscillator,20.54419382533052,52.055270429840476
910001,counterphase,null_no_coupling,22.419917449073473,112.38022431694348
910001,counterphase,replay_only_basis,1.5327225947447114,20.96737210755848
910001,lagged_E_to_Y,full_reciprocal,0.654744599755843,1.5850074992142547
910001,lagged_E_to_Y,eta_only,27.816661140242307,41.5069681766712
910001,lagged_E_to_Y,zeta_only,2.2073610313969176,64.83573903509969
910001,lagged_E_to_Y,generic_hidden_oscillator,13.176530690279245,59.42293356489175
910001,lagged_E_to_Y,null_no_coupling,26.71261048896095,108.087531277056
910001,lagged_E_to_Y,replay_only_basis,12.875523734525926,14.468658334265665
910001,recovery_probe,full_reciprocal,0.1070592951013215,2.0361754954624964
910001,recovery_probe,eta_only,0.8800589684234488,68.44357034849007
910001,recovery_probe,zeta_only,0.8143978384762087,65.33782903641676
910001,recovery_probe,generic_hidden_oscillator,0.50660324097004,72.16526229490866
910001,recovery_probe,null_no_coupling,1.075064430564268,133.72507733545268
910001,recovery_probe,replay_only_basis,0.059215431229433194,20.79627356958028
910001,lagged_Y_to_E,full_reciprocal,0.22069706882419524,1.922537721739623
910001,lagged_Y_to_E,eta_only,6.076757350126554,66.7229977801336
910001,lagged_Y_to_E,zeta_only,31.348131749582564,34.80409512531041
910001,lagged_Y_to_E,generic_hidden_oscillator,12.34104269372003,60.489109343243264
910001,lagged_Y_to_E,null_no_coupling,30.09190420986042,104.70823755615652
910001,lagged_Y_to_E,replay_only_basis,18.80068315671038,15.372189344904289
910002,doublet_EY,full_reciprocal,0.1391020936579729,1.7968389607337554
910002,doublet_EY,eta_only,15.261609477958633,59.493548430410236
910002,doublet_EY,zeta_only,16.216148579946775,52.59224472701143
910002,doublet_EY,generic_hidden_oscillator,18.248155565889537,58.59029631262759
910002,doublet_EY,null_no_coupling,11.79152134896316,126.31536231863404
910002,doublet_EY,replay_only_basis,4.9186213353786625,21.79385189029908
910002,orthogonal_trap,full_reciprocal,0.44074347626275917,1.4773954663933813
910002,orthogonal_trap,eta_only,23.492391920548055,51.33724521620852
910002,orthogonal_trap,zeta_only,14.099205472139491,55.10250208213593
910002,orthogonal_trap,generic_hidden_oscillator,24.067400183987854,45.10463620153966
910002,orthogonal_trap,null_no_coupling,43.485495183029144,94.62138848456809
910002,orthogonal_trap,replay_only_basis,5.911343406386055,23.64245088168332
910002,counterphase,full_reciprocal,0.4844053334436355,1.433733609212505
910002,counterphase,eta_only,4.579426548860481,69.48485149221855
910002,counterphase,zeta_only,9.879517858838945,58.361024890775184
910002,counterphase,generic_hidden_oscillator,16.170114460414705,52.110492523710725
910002,counterphase,null_no_coupling,21.268876530777174,116.83800713682004
910002,counterphase,replay_only_basis,2.904431622035563,20.86159467107519
910002,lagged_E_to_Y,full_reciprocal,0.5081721611048416,1.4099667815512988
910002,lagged_E_to_Y,eta_only,32.24115217933753,41.41810254538643
910002,lagged_E_to_Y,zeta_only,1.1615099036268404,67.08868430396976
910002,lagged_E_to_Y,generic_hidden_oscillator,12.508652878420548,56.06612427515592
910002,lagged_E_to_Y,null_no_coupling,30.821085685446697,107.28579798215054
910002,lagged_E_to_Y,replay_only_basis,13.326573155761215,15.835431759361054
910002,recovery_probe,full_reciprocal,0.1678287858795612,1.7503101567765793
910002,recovery_probe,eta_only,2.0065238794945217,71.65273084522946
910002,recovery_probe,zeta_only,0.8419251239620986,67.21898556451981
910002,recovery_probe,generic_hidden_oscillator,0.8575963193110914,67.4319295578633
910002,recovery_probe,null_no_coupling,1.9610913853883065,136.14579228220893
910002,recovery_probe,replay_only_basis,0.19076504093396976,21.616706418861348
910002,lagged_Y_to_E,full_reciprocal,0.3805372346983119,1.6489304979472421
910002,lagged_Y_to_E,eta_only,6.608038687964668,70.74394890404912
910002,lagged_Y_to_E,zeta_only,29.776487200698448,38.28442348778346
910002,lagged_Y_to_E,generic_hidden_oscillator,11.778088713972075,56.50251827015335
910002,lagged_Y_to_E,null_no_coupling,28.77881353399276,109.32807013360448
910002,lagged_Y_to_E,replay_only_basis,19.27046403606566,15.693752898854282
910003,doublet_EY,full_reciprocal,0.10019521008097718,2.6702614341552433
910003,doublet_EY,eta_only,14.745838523408441,59.05448828834246
910003,doublet_EY,zeta_only,15.905492245161502,48.07503393552294
910003,doublet_EY,generic_hidden_oscillator,18.087597478289716,53.388354539212756
910003,doublet_EY,null_no_coupling,11.873177600294,120.29841035153709
910003,doublet_EY,replay_only_basis,3.66347454198036,22.35437432398271
910003,orthogonal_trap,full_reciprocal,1.1108274500354332,1.889159293108406
910003,orthogonal_trap,eta_only,19.090358015810075,55.231598143460864
910003,orthogonal_trap,zeta_only,10.628868175672878,52.83168774811813
910003,orthogonal_trap,generic_hidden_oscillator,18.540290657811497,44.49422240396539
910003,orthogonal_trap,null_no_coupling,36.26393636566543,95.90765158616566
910003,orthogonal_trap,replay_only_basis,5.829994598374768,21.955139158882538
910003,counterphase,full_reciprocal,0.21601564571352297,2.5544409985226975
910003,counterphase,eta_only,5.886291924909509,67.58087511485743
910003,counterphase,zeta_only,8.161135620503465,55.29942030328754
910003,counterphase,generic_hidden_oscillator,18.67935190922908,44.08074256429509
910003,counterphase,null_no_coupling,21.48475629074837,110.68683166108272
910003,counterphase,replay_only_basis,1.5118742582686648,22.205624831947397
910003,lagged_E_to_Y,full_reciprocal,1.4165945649711498,1.5363525232170154
910003,lagged_E_to_Y,eta_only,34.51770661421027,38.36557706154863
910003,lagged_E_to_Y,zeta_only,2.255020309251152,60.94928810525145
910003,lagged_E_to_Y,generic_hidden_oscillator,12.025671190303427,51.586349522226165
910003,lagged_E_to_Y,null_no_coupling,33.53298290289223,98.63860504893886
910003,lagged_E_to_Y,replay_only_basis,16.627498122471273,13.723923693090951
910003,recovery_probe,full_reciprocal,0.5216110929239393,2.2565592315172207
910003,recovery_probe,eta_only,2.6057872833632794,70.27749639239562
910003,recovery_probe,zeta_only,1.4535420978007465,61.676484851431354
910003,recovery_probe,generic_hidden_oscillator,0.8142505593051075,61.97451438846635
910003,recovery_probe,null_no_coupling,2.5724181064924285,129.59916984533868
910003,recovery_probe,replay_only_basis,0.3015986146396791,21.638917326276953
910003,lagged_Y_to_E,full_reciprocal,0.12483032584391626,2.653339998597244
910003,lagged_Y_to_E,eta_only,5.872711830143266,70.3455846175996
910003,lagged_Y_to_E,zeta_only,27.515497803678908,35.6145291455532
910003,lagged_Y_to_E,generic_hidden_oscillator,9.8381071246956,52.92198734882858
910003,lagged_Y_to_E,null_no_coupling,26.444316685738645,105.72727126609244
910003,lagged_Y_to_E,replay_only_basis,17.78804449516735,15.668545096005339
910004,doublet_EY,full_reciprocal,0.3742942394787941,2.255986151982815
910004,doublet_EY,eta_only,11.12901565081323,54.33942589942983
910004,doublet_EY,zeta_only,19.20705391112776,53.64869148221158
910004,doublet_EY,generic_hidden_oscillator,13.709167104402553,70.92022840972099
910004,doublet_EY,null_no_coupling,11.2272603620613,124.27725428100736
910004,doublet_EY,replay_only_basis,6.828911633966431,20.72554412299933
910004,orthogonal_trap,full_reciprocal,0.3533380735007707,2.1294789896698108
910004,orthogonal_trap,eta_only,23.35312330225517,42.69764739662135
910004,orthogonal_trap,zeta_only,13.484908455166353,60.053821324125025
910004,orthogonal_trap,generic_hidden_oscillator,27.30932053594994,51.744379856943084
910004,orthogonal_trap,null_no_coupling,43.38758316235837,92.11693148071028
910004,orthogonal_trap,replay_only_basis,5.27921997071031,23.684916794585362
910004,counterphase,full_reciprocal,0.30758041111242884,2.122322004598148
910004,counterphase,eta_only,4.805794522328622,60.53654645188952
910004,counterphase,zeta_only,9.845738487256252,62.15342880264291
910004,counterphase,generic_hidden_oscillator,18.404014484564872,59.7671058311016
910004,counterphase,null_no_coupling,22.443173891865055,113.06134075120359
910004,counterphase,replay_only_basis,2.2865358284303134,21.809026740400853
910004,lagged_E_to_Y,full_reciprocal,0.6241597324407806,1.852160837435637
910004,lagged_E_to_Y,eta_only,26.148396160440512,38.90278023946092
910004,lagged_E_to_Y,zeta_only,2.240131616498572,70.21655879116412
910004,lagged_E_to_Y,generic_hidden_oscillator,11.73525431597138,66.43586599969508
910004,lagged_E_to_Y,null_no_coupling,25.20047941489179,110.30403522817686
910004,lagged_E_to_Y,replay_only_basis,12.133538116827692,16.10452576054525
910004,recovery_probe,full_reciprocal,0.09979255353174588,2.3301098621788308
910004,recovery_probe,eta_only,2.1901397664733637,62.81900310808642
910004,recovery_probe,zeta_only,1.1010444039042164,70.68171501166921
910004,recovery_probe,generic_hidden_oscillator,0.7959015332474277,77.38856233755577
910004,recovery_probe,null_no_coupling,2.3258415768956566,133.178673066173
910004,recovery_probe,replay_only_basis,0.5822854913249111,21.61154950709207
910004,lagged_Y_to_E,full_reciprocal,1.3339712161795303,1.3408787723068405
910004,lagged_Y_to_E,eta_only,7.006673889659114,61.96495286160885
910004,lagged_Y_to_E,zeta_only,32.60670189231037,39.20619692869279
910004,lagged_Y_to_E,generic_hidden_oscillator,17.521243809736685,60.64987650592978
910004,lagged_Y_to_E,null_no_coupling,30.920176234996497,104.58433840807216
910004,lagged_Y_to_E,replay_only_basis,20.54683926140196,15.211169615452208
910005,doublet_EY,full_reciprocal,0.1853706452521299,3.720766816287012
910005,doublet_EY,eta_only,18.329476454895115,56.86401402491369
910005,doublet_EY,zeta_only,12.910660627586168,50.93239793237277
910005,doublet_EY,generic_hidden_oscillator,12.457653715537921,68.00897835726317
910005,doublet_EY,null_no_coupling,11.594085723055594,122.05922283368443
910005,doublet_EY,replay_only_basis,6.110662993063609,17.407774845135187
910005,orthogonal_trap,full_reciprocal,1.2232156714795384,2.6602114493629943
910005,orthogonal_trap,eta_only,21.080733747886104,53.930138771760205
910005,orthogonal_trap,zeta_only,12.729893856996272,51.125336892979014
910005,orthogonal_trap,generic_hidden_oscillator,21.62872976380217,54.06236165680471
910005,orthogonal_trap,null_no_coupling,39.19330273890845,94.46000581783159
910005,orthogonal_trap,replay_only_basis,4.606764246835223,19.691183179881225
910005,counterphase,full_reciprocal,2.2492771432319034,1.6783332120586818
910005,counterphase,eta_only,11.327931832326998,62.77529795151306
910005,counterphase,zeta_only,12.38480080801759,51.795259773009796
910005,counterphase,generic_hidden_oscillator,27.32811708901507,47.22701965315654
910005,counterphase,null_no_coupling,29.834927344335874,103.81838121240415
910005,counterphase,replay_only_basis,2.633793533383963,19.247451360308332
910005,lagged_E_to_Y,full_reciprocal,0.5717920376500691,3.4375377954883946
910005,lagged_E_to_Y,eta_only,27.112626288246354,46.3010128989812
910005,lagged_E_to_Y,zeta_only,2.4669828213519627,62.10984950242869
910005,lagged_E_to_Y,generic_hidden_oscillator,12.499041913786364,62.13165732536367
910005,lagged_E_to_Y,null_no_coupling,26.023234897577172,107.63007365916286
910005,lagged_E_to_Y,replay_only_basis,8.78551250847594,15.21780709358375
910005,recovery_probe,full_reciprocal,0.22099700706188374,3.6386574447675653
910005,recovery_probe,eta_only,1.5640815357197726,71.84955765150778
910005,recovery_probe,zeta_only,0.8838751217307231,62.55023950545861
910005,recovery_probe,generic_hidden_oscillator,0.5119161173234414,74.04322062484816
910005,recovery_probe,null_no_coupling,1.5737203959758856,132.07958816076416
910005,recovery_probe,replay_only_basis,0.16995389543158604,18.371535332688186
910005,lagged_Y_to_E,full_reciprocal,0.20990289906771403,3.649751552761735
910005,lagged_Y_to_E,eta_only,7.620459875904982,70.63575625729133
910005,lagged_Y_to_E,zeta_only,26.662262841307054,36.77185178588228
910005,lagged_Y_to_E,generic_hidden_oscillator,11.248841837897993,63.38185740125204
910005,lagged_Y_to_E,null_no_coupling,25.434037456887058,108.21927109985297
910005,lagged_Y_to_E,replay_only_basis,17.797111611002972,12.532528356870127
910006,doublet_EY,full_reciprocal,0.16685695565663475,1.0935777328965213
910006,doublet_EY,eta_only,16.411108193428056,51.04406748519551
910006,doublet_EY,zeta_only,14.220292775422777,45.98643268657263
910006,doublet_EY,generic_hidden_oscillator,13.346320496930018,55.564533991215676
910006,doublet_EY,null_no_coupling,12.322234726929427,112.7744447886641
910006,doublet_EY,replay_only_basis,5.126516524662623,19.199088054989105
910006,orthogonal_trap,full_reciprocal,0.10641154371414702,1.226941605010093
910006,orthogonal_trap,eta_only,19.924374498362692,47.86999120200335
910006,orthogonal_trap,zeta_only,9.841030865544754,50.85293489778507
910006,orthogonal_trap,generic_hidden_oscillator,20.548014484399836,41.9757231137304
910006,orthogonal_trap,null_no_coupling,36.62354349916868,88.47313601642483
910006,orthogonal_trap,replay_only_basis,4.440054216077897,20.695294394001365
910006,counterphase,full_reciprocal,0.2833885870968264,0.9770461014563295
910006,counterphase,eta_only,5.245807046688504,61.73025739932904
910006,counterphase,zeta_only,7.744642246640634,52.274140070985204
910006,counterphase,generic_hidden_oscillator,17.195012248432125,45.06630324220005
910006,counterphase,null_no_coupling,20.18605879241192,104.9106207231816
910006,counterphase,replay_only_basis,1.6010246225216205,19.71732736466495
910006,lagged_E_to_Y,full_reciprocal,0.4144485131943969,0.9022736739335684
910006,lagged_E_to_Y,eta_only,27.534595241815488,38.930561570505056
910006,lagged_E_to_Y,zeta_only,2.243466742680946,57.96325871931446
910006,lagged_E_to_Y,generic_hidden_oscillator,9.407528995547601,53.116208602582645
910006,lagged_E_to_Y,null_no_coupling,26.750589875697507,98.34608963989601
910006,lagged_E_to_Y,replay_only_basis,11.59610444534665,14.418320162088978
910006,recovery_probe,full_reciprocal,0.2863905512001303,0.9740441373530256
910006,recovery_probe,eta_only,1.7417323848982553,64.72342442742229
910006,recovery_probe,zeta_only,0.6711792741478868,59.02654458788497
910006,recovery_probe,generic_hidden_oscillator,0.8917549303992416,61.410227515234865
910006,recovery_probe,null_no_coupling,1.5974417087935424,123.49923780679997
910006,recovery_probe,replay_only_basis,0.21279552295946813,19.24572173327775
910006,lagged_Y_to_E,full_reciprocal,0.14255183467839058,1.1178828538747654
910006,lagged_Y_to_E,eta_only,3.641350837080971,64.87168171219409
910006,lagged_Y_to_E,zeta_only,28.889179096993654,30.808544765039198
910006,lagged_Y_to_E,generic_hidden_oscillator,12.211497421354364,50.31224017677588
910006,lagged_Y_to_E,null_no_coupling,27.61681091259244,97.47986860300107
910006,lagged_Y_to_E,replay_only_basis,18.901842381931978,12.990522613609329
910007,doublet_EY,full_reciprocal,0.9547906789251964,0.5710012479074067
910007,doublet_EY,eta_only,16.467928820420358,67.3648411375436
910007,doublet_EY,zeta_only,11.481199736217079,50.953953064911765
910007,doublet_EY,generic_hidden_oscillator,26.137775729093356,65.94405483077196
910007,doublet_EY,null_no_coupling,6.866198171001444,135.07441544588394
910007,doublet_EY,replay_only_basis,2.1084966151243307,23.946053543604414
910007,orthogonal_trap,full_reciprocal,0.0650011095593728,1.4147723999118262
910007,orthogonal_trap,eta_only,26.325710716594724,57.22387716177536
910007,orthogonal_trap,zeta_only,12.655834206313408,49.97862381359873
910007,orthogonal_trap,generic_hidden_oscillator,27.13463421933777,53.85333134706964
910007,orthogonal_trap,null_no_coupling,45.54052686370923,96.40008675317614
910007,orthogonal_trap,replay_only_basis,5.45605662061138,25.42685126003759
910007,counterphase,full_reciprocal,0.2611523014203483,1.218621208050851
910007,counterphase,eta_only,5.798983029225759,76.85972279990997
910007,counterphase,zeta_only,9.782745141426732,51.955217750002085
910007,counterphase,generic_hidden_oscillator,17.940383056483185,62.33684730987111
910007,counterphase,null_no_coupling,22.63607172525476,119.30454189163062
910007,counterphase,replay_only_basis,2.9790011723965746,22.208351840540764
910007,lagged_E_to_Y,full_reciprocal,0.10701745627047236,1.4186491428421117
910007,lagged_E_to_Y,eta_only,36.998264548642325,45.004372057024696
910007,lagged_E_to_Y,zeta_only,0.5511235592712449,61.120404259229815
910007,lagged_E_to_Y,generic_hidden_oscillator,17.233500669024494,63.754464897382924
910007,lagged_E_to_Y,null_no_coupling,35.766274835810115,106.17433878107526
910007,lagged_E_to_Y,replay_only_basis,17.252252584724893,15.028700444423977
910007,recovery_probe,full_reciprocal,0.29792704492957855,1.1818464645416205
910007,recovery_probe,eta_only,3.1207573589027118,78.8818792467643
910007,recovery_probe,zeta_only,1.9364655372548425,59.66497841049373
910007,recovery_probe,generic_hidden_oscillator,1.2349012592448898,79.04232910710941
910007,recovery_probe,null_no_coupling,3.5096915355198615,138.43092208136554
910007,recovery_probe,replay_only_basis,1.0940808716964754,23.030829377301217
910007,lagged_Y_to_E,full_reciprocal,0.0671321256022303,1.4126413838689686
910007,lagged_Y_to_E,eta_only,5.039130704206968,80.15414695452266
910007,lagged_Y_to_E,zeta_only,28.94391570083264,32.65752824691594
910007,lagged_Y_to_E,generic_hidden_oscillator,11.882424204501062,68.59862923062981
910007,lagged_Y_to_E,null_no_coupling,27.621850485589984,114.3187631312954
910007,lagged_Y_to_E,replay_only_basis,20.655022316569607,16.58030275239391
910008,doublet_EY,full_reciprocal,0.45291180640013434,1.9806107830575397
910008,doublet_EY,eta_only,13.436336635267326,52.68498598818798
910008,doublet_EY,zeta_only,16.60156981091547,53.18210747111995
910008,doublet_EY,generic_hidden_oscillator,16.805693959337585,63.96459976169996
910008,doublet_EY,null_no_coupling,10.658246544782642,121.66824862344859
910008,doublet_EY,replay_only_basis,5.570396920628832,23.875106272593584
910008,orthogonal_trap,full_reciprocal,0.5388909639458211,1.924523793221393
910008,orthogonal_trap,eta_only,23.896550864341993,42.97864307929807
910008,orthogonal_trap,zeta_only,12.873001697829867,57.565910803517866
910008,orthogonal_trap,generic_hidden_oscillator,26.286120178878324,47.119359962057125
910008,orthogonal_trap,null_no_coupling,42.57019413886438,89.75630102936685
910008,orthogonal_trap,replay_only_basis,5.732569116536364,25.927513042143723
910008,counterphase,full_reciprocal,0.559435481693344,1.8740871077643297
910008,counterphase,eta_only,3.5840424280397114,62.389914001563405
910008,counterphase,zeta_only,9.86933753838189,58.88830734644341
910008,counterphase,generic_hidden_oscillator,14.348246753190752,58.663189757756044
910008,counterphase,null_no_coupling,19.53594229462793,112.7905528736033
910008,counterphase,replay_only_basis,4.178987906424189,22.10458361332613
910008,lagged_E_to_Y,full_reciprocal,0.3131101726072505,2.097214613733511
910008,lagged_E_to_Y,eta_only,27.57535010197381,37.7218261745554
910008,lagged_E_to_Y,zeta_only,1.4205862897882042,67.65216461293026
910008,lagged_E_to_Y,generic_hidden_oscillator,11.915482136796127,61.095954374150665
910008,lagged_E_to_Y,null_no_coupling,26.622809574840744,105.70368559339047
910008,lagged_E_to_Y,replay_only_basis,12.388611550453874,18.97265115521921
910008,recovery_probe,full_reciprocal,0.28511383023923575,2.127520404868582
910008,recovery_probe,eta_only,0.9581942344055292,64.33898204212367
910008,recovery_probe,zeta_only,0.5415361939522803,68.15654185275372
910008,recovery_probe,generic_hidden_oscillator,1.1090524022434238,71.81142954121471
910008,recovery_probe,null_no_coupling,1.04477477648327,131.28172039174794
910008,recovery_probe,replay_only_basis,0.29770996934823013,24.172262678332352
910008,lagged_Y_to_E,full_reciprocal,0.472929687003232,1.9373950993375293
910008,lagged_Y_to_E,eta_only,5.187624070918865,63.25877139946255
910008,lagged_Y_to_E,zeta_only,33.00055509625115,35.697522950454854
910008,lagged_Y_to_E,generic_hidden_oscillator,15.74807132545224,57.26336518549456
910008,lagged_Y_to_E,null_no_coupling,31.89452783863227,100.43196732959895
910008,lagged_Y_to_E,replay_only_basis,24.907092152120317,15.371500232235654
910009,doublet_EY,full_reciprocal,1.6966844924936786,2.8700339557290278
910009,doublet_EY,eta_only,23.444154098891538,63.132987937632215
910009,doublet_EY,zeta_only,12.3789220417241,61.006739604472386
910009,doublet_EY,generic_hidden_oscillator,22.054363668928975,66.45012353777713
910009,doublet_EY,null_no_coupling,12.573687423407161,139.48654528474748
910009,doublet_EY,replay_only_basis,4.990050767500464,26.95322879989976
910009,orthogonal_trap,full_reciprocal,1.4807846888037908,3.0544496389896545
910009,orthogonal_trap,eta_only,24.03618214937588,62.388866615774475
910009,orthogonal_trap,zeta_only,16.560840462726937,56.796644749897595
910009,orthogonal_trap,generic_hidden_oscillator,23.56121620557924,56.574237320407995
910009,orthogonal_trap,null_no_coupling,45.584830395468245,106.4754023126864
910009,orthogonal_trap,replay_only_basis,8.785962886437709,27.31286404552499
910009,counterphase,full_reciprocal,0.36856518177266123,4.104234076933477
910009,counterphase,eta_only,4.896966424162135,80.07785359811267
910009,counterphase,zeta_only,6.740609120917147,66.3442146113182
910009,counterphase,generic_hidden_oscillator,18.92701940724115,59.85382909985123
910009,counterphase,null_no_coupling,21.066127236979753,130.9941054711749
910009,counterphase,replay_only_basis,0.7260401389307144,27.11073350093137
910009,lagged_E_to_Y,full_reciprocal,0.0853960296551301,4.387403229051008
910009,lagged_E_to_Y,eta_only,35.38730512493611,49.42524796340094
910009,lagged_E_to_Y,zeta_only,0.6618577465670192,72.4430920096483
910009,lagged_E_to_Y,generic_hidden_oscillator,15.509540629637792,63.41975382125288
910009,lagged_E_to_Y,null_no_coupling,33.9245282324422,118.13570447571244
910009,lagged_E_to_Y,replay_only_basis,15.875308464792145,19.71562725929935
910009,recovery_probe,full_reciprocal,0.16372930478896763,4.291666486094795
910009,recovery_probe,eta_only,2.256264589315693,82.55628849902138
910009,recovery_probe,zeta_only,2.0990285495922425,70.7211841118459
910009,recovery_probe,generic_hidden_oscillator,0.2850280463920463,78.49582046070033
910009,recovery_probe,null_no_coupling,2.801518805758539,149.2587139023961
910009,recovery_probe,replay_only_basis,0.8721002496189344,26.845072831424005
910009,lagged_Y_to_E,full_reciprocal,1.7946465138669234,3.070790104180276
910009,lagged_Y_to_E,eta_only,3.158002333445382,82.45571176201612
910009,lagged_Y_to_E,zeta_only,37.08931621025188,35.730896451186254
910009,lagged_Y_to_E,generic_hidden_oscillator,16.35849892696447,62.5707955239262
910009,lagged_Y_to_E,null_no_coupling,36.109540614098734,115.95069209405591
910009,lagged_Y_to_E,replay_only_basis,28.280570313327612,16.821261393184084
910010,doublet_EY,full_reciprocal,1.3371016339820165,1.7804747182991214
910010,doublet_EY,eta_only,17.48529867477805,48.47408716139864
910010,doublet_EY,zeta_only,15.187645173601616,48.45149844489296
910010,doublet_EY,generic_hidden_oscillator,10.93145036418129,61.17327384612497
910010,doublet_EY,null_no_coupling,12.870786659225454,113.02796472809601
910010,doublet_EY,replay_only_basis,7.555437816877628,18.165446454742607
910010,orthogonal_trap,full_reciprocal,0.26209434444020074,2.8262851172393897
910010,orthogonal_trap,eta_only,19.86536016653365,45.35603818182037
910010,orthogonal_trap,zeta_only,10.03921775392367,54.246548850435055
910010,orthogonal_trap,generic_hidden_oscillator,22.302812378105983,45.76962850426453
910010,orthogonal_trap,null_no_coupling,37.26292785180134,88.63582353552013
910010,orthogonal_trap,replay_only_basis,3.7920781914881143,21.69654073962628
910010,counterphase,full_reciprocal,0.11610308868043973,3.001473263600698
910010,counterphase,eta_only,4.6605394842071535,59.957993111711396
910010,counterphase,zeta_only,8.111956198682243,55.23961007301446
910010,counterphase,generic_hidden_oscillator,17.4900492203951,50.249164949894805
910010,counterphase,null_no_coupling,20.573498165775913,105.32525322154555
910010,counterphase,replay_only_basis,1.4498390845629205,20.352124906897718
910010,lagged_E_to_Y,full_reciprocal,0.17457660886629464,2.9835608260151636
910010,lagged_E_to_Y,eta_only,24.554618777621656,39.83627969086143
910010,lagged_E_to_Y,zeta_only,1.8883788026961033,62.08496697034324
910010,lagged_E_to_Y,generic_hidden_oscillator,10.091852270855009,57.6473618994349
910010,lagged_E_to_Y,null_no_coupling,23.55722980407248,102.34152158324898
910010,lagged_E_to_Y,replay_only_basis,10.954040941735537,14.666431380992904
910010,recovery_probe,full_reciprocal,0.4084912602848834,2.679888201394707
910010,recovery_probe,eta_only,1.1739659087274883,63.2169325597556
910010,recovery_probe,zeta_only,0.20677734308724802,62.98313318214342
910010,recovery_probe,generic_hidden_oscillator,1.1684028305447711,66.54067369016452
910010,recovery_probe,null_no_coupling,0.9217655350877869,124.97698585223367
910010,recovery_probe,replay_only_basis,0.26736087427544136,19.698193167318074
910010,lagged_Y_to_E,full_reciprocal,1.111706524957012,2.0557193278719015
910010,lagged_Y_to_E,eta_only,3.7053807193905235,62.25400511678617
910010,lagged_Y_to_E,zeta_only,32.18966725001705,31.000243275213613
910010,lagged_Y_to_E,generic_hidden_oscillator,14.330016111677047,53.74242477069346
910010,lagged_Y_to_E,null_no_coupling,30.712543371358475,95.18620801596296
910010,lagged_Y_to_E,replay_only_basis,19.47895553254232,13.966189950221855
910011,doublet_EY,full_reciprocal,0.06152514095184858,2.648601616954595
910011,doublet_EY,eta_only,17.54640726337642,62.3593312922519
910011,doublet_EY,zeta_only,17.28114591013756,54.98536504018158
910011,doublet_EY,generic_hidden_oscillator,16.791110290197963,67.67964704119899
910011,doublet_EY,null_no_coupling,13.17529017558747,135.26811263783725
910011,doublet_EY,replay_only_basis,4.944015933751466,23.383566066972506
910011,orthogonal_trap,full_reciprocal,0.424095711160505,2.363523482740567
910011,orthogonal_trap,eta_only,21.19775717174636,58.33737919815387
910011,orthogonal_trap,zeta_only,9.331639645714782,62.827553388909536
910011,orthogonal_trap,generic_hidden_oscillator,23.307823498748977,53.7384978400014
910011,orthogonal_trap,null_no_coupling,40.45088912487151,107.9925136885532
910011,orthogonal_trap,replay_only_basis,4.407306463629235,25.052869138605303
910011,counterphase,full_reciprocal,0.5770958731945204,2.1330308847119235
910011,counterphase,eta_only,6.940287182879234,71.9185063741666
910011,counterphase,zeta_only,9.180823862837725,62.668982778532396
910011,counterphase,generic_hidden_oscillator,22.61368113959224,53.96089142669071
910011,counterphase,null_no_coupling,25.304853244798323,123.13854956862639
910011,counterphase,replay_only_basis,2.0731803352934257,24.152754677620493
910011,lagged_E_to_Y,full_reciprocal,0.8030324678250194,1.9070942900814245
910011,lagged_E_to_Y,eta_only,34.12870551409141,44.42897685510006
910011,lagged_E_to_Y,zeta_only,2.482498635000734,69.4477964431405
910011,lagged_E_to_Y,generic_hidden_oscillator,11.967808234153834,65.07851310459655
910011,lagged_E_to_Y,null_no_coupling,32.92237336621291,115.52102944721182
910011,lagged_E_to_Y,replay_only_basis,13.525255267301127,17.9253319348555
910011,recovery_probe,full_reciprocal,0.5907484203341425,2.1087085754691755
910011,recovery_probe,eta_only,2.4369804238368453,76.12070194535463
910011,recovery_probe,zeta_only,3.0161866375856654,68.45883419439224
910011,recovery_probe,generic_hidden_oscillator,0.7967822620477792,75.77779030423517
910011,recovery_probe,null_no_coupling,3.3565077326434785,145.08689508078123
910011,recovery_probe,replay_only_basis,1.3871582166282004,22.996770276055905
910011,lagged_Y_to_E,full_reciprocal,0.519224046163447,2.2582375066726113
910011,lagged_Y_to_E,eta_only,4.992534348181785,76.11301951959214
910011,lagged_Y_to_E,zeta_only,34.36703045929538,37.10799037268252
910011,lagged_Y_to_E,generic_hidden_oscillator,14.96618969284709,61.692712728419586
910011,lagged_Y_to_E,null_no_coupling,33.23348916931102,115.20991364411367
910011,lagged_Y_to_E,replay_only_basis,25.015727289439194,14.290493753460382
910012,doublet_EY,full_reciprocal,0.7636486419539704,3.0241479663618676
910012,doublet_EY,eta_only,11.862357727531741,65.93239980434718
910012,doublet_EY,zeta_only,19.441432670230547,48.2841594989465
910012,doublet_EY,generic_hidden_oscillator,14.795018179233237,67.78102530150798
910012,doublet_EY,null_no_coupling,11.58502612211848,128.58437176855165
910012,doublet_EY,replay_only_basis,6.824280346939681,21.8785052586622
910012,orthogonal_trap,full_reciprocal,0.5142177419763246,2.9683865815456403
910012,orthogonal_trap,eta_only,25.41435514398003,53.9028765400967
910012,orthogonal_trap,zeta_only,14.800421440389668,52.47285087308599
910012,orthogonal_trap,generic_hidden_oscillator,25.36894506019956,51.854669161351296
910012,orthogonal_trap,null_no_coupling,45.105218511847475,95.06417937882264
910012,orthogonal_trap,replay_only_basis,6.10918805473659,24.451939580832914
910012,counterphase,full_reciprocal,0.7782108563041411,2.704393467217824
910012,counterphase,eta_only,4.937744908081912,72.6448022401157
910012,counterphase,zeta_only,8.507098911348304,58.221086660184454
910012,counterphase,generic_hidden_oscillator,16.857965436476327,59.43345407183905
910012,counterphase,null_no_coupling,20.8112830278362,119.35811486283392
910012,counterphase,replay_only_basis,1.266928920076702,22.742214538967097
910012,lagged_E_to_Y,full_reciprocal,0.7308796307480245,2.9564375066613455
910012,lagged_E_to_Y,eta_only,36.86335122746214,40.485437884856346
910012,lagged_E_to_Y,zeta_only,0.07802165875934892,66.47399275107742
910012,lagged_E_to_Y,generic_hidden_oscillator,17.572354286475882,59.033618047207234
910012,lagged_E_to_Y,null_no_coupling,35.22182853636436,104.94756935430576
910012,lagged_E_to_Y,replay_only_basis,16.46962617356032,14.793845644652045
910012,recovery_probe,full_reciprocal,0.8610993213202478,2.621505002201717
910012,recovery_probe,eta_only,1.9326860518939626,75.34536626586406
910012,recovery_probe,zeta_only,0.07079550119646821,66.4812189086403
910012,recovery_probe,generic_hidden_oscillator,2.330620907912092,73.94933483753555
910012,recovery_probe,null_no_coupling,1.407293871078286,138.76210401959185
910012,recovery_probe,replay_only_basis,0.5503808310516698,22.33993960810664
910012,lagged_Y_to_E,full_reciprocal,0.9885050287922894,2.760485568426973
910012,lagged_Y_to_E,eta_only,9.573354973511053,73.75759248660961
910012,lagged_Y_to_E,zeta_only,27.54077153940169,39.011242870435076
910012,lagged_Y_to_E,generic_hidden_oscillator,12.109519287376777,64.1819002209386
910012,lagged_Y_to_E,null_no_coupling,26.03874782142532,114.13065006924481
910012,lagged_Y_to_E,replay_only_basis,17.015446807045816,17.617963786653416
910013,doublet_EY,full_reciprocal,0.0711654006534357,1.282981442056525
910013,doublet_EY,eta_only,17.55572853474501,58.17249773229583
910013,doublet_EY,zeta_only,14.115221925221704,43.98691333248108
910013,doublet_EY,generic_hidden_oscillator,13.177062305973577,58.52365465104832
910013,doublet_EY,null_no_coupling,12.592450844753065,118.48777187899515
910013,doublet_EY,replay_only_basis,4.813305076283109,19.648730143604148
910013,orthogonal_trap,full_reciprocal,0.23595838941162897,1.1628047215675035
910013,orthogonal_trap,eta_only,20.186574016165455,55.30846542755223
910013,orthogonal_trap,zeta_only,9.08948085117006,49.27196740229722
910013,orthogonal_trap,generic_hidden_oscillator,20.74079028904304,45.519085552564434
910013,orthogonal_trap,null_no_coupling,37.07465297340815,94.00556975034007
910013,orthogonal_trap,replay_only_basis,3.981520502383651,21.028787840958117
910013,counterphase,full_reciprocal,0.21858774968554318,1.1355590930244177
910013,counterphase,eta_only,6.276503194692012,68.5147103636903
910013,counterphase,zeta_only,7.820331402553057,50.00588294824429
910013,counterphase,generic_hidden_oscillator,19.26175762541299,46.5397941200481
910013,counterphase,null_no_coupling,22.089448063904953,108.99077465984325
910013,counterphase,replay_only_basis,1.4821009633963864,20.121155498804722
910013,lagged_E_to_Y,full_reciprocal,0.21620777656876533,1.1379390661411954
910013,lagged_E_to_Y,eta_only,33.089792381149444,41.41946428156212
910013,lagged_E_to_Y,zeta_only,1.1599906992948297,56.70250258690341
910013,lagged_E_to_Y,generic_hidden_oscillator,13.084428775961186,53.17544706564629
910013,lagged_E_to_Y,null_no_coupling,31.919005297864487,99.16121742588373
910013,lagged_E_to_Y,replay_only_basis,13.438996433126354,13.865368575986299
910013,recovery_probe,full_reciprocal,0.6561371273087506,0.69800971540121
910013,recovery_probe,eta_only,1.4414333447166878,73.02118595333026
910013,recovery_probe,zeta_only,1.0452816884078955,56.614614339966444
910013,recovery_probe,generic_hidden_oscillator,0.7638997221294646,65.03765202333162
910013,recovery_probe,null_no_coupling,1.3537691325977816,129.72645359115043
910013,recovery_probe,replay_only_basis,0.24935245578812704,19.545547418425297
910013,lagged_Y_to_E,full_reciprocal,0.05511930738631669,1.299027535323644
910013,lagged_Y_to_E,eta_only,4.568179013776149,72.33237949292932
910013,lagged_Y_to_E,zeta_only,27.17558798349192,30.48430804488242
910013,lagged_Y_to_E,generic_hidden_oscillator,9.876033830006383,56.003135432277894
910013,lagged_Y_to_E,null_no_coupling,26.050896411219785,105.02932631252843
910013,lagged_Y_to_E,replay_only_basis,17.71390207248389,13.800979374087127
910014,doublet_EY,full_reciprocal,0.49078536398956896,1.9515450069125722
910014,doublet_EY,eta_only,16.72962051253505,62.6390460103162
910014,doublet_EY,zeta_only,16.692168445350312,39.29977565117456
910014,doublet_EY,generic_hidden_oscillator,9.825469396930885,63.520887026441386
910014,doublet_EY,null_no_coupling,14.173692458911528,117.68278273640021
910014,doublet_EY,replay_only_basis,6.951424029961128,22.446703390211596
910014,orthogonal_trap,full_reciprocal,0.6707702244028375,1.874488193941981
910014,orthogonal_trap,eta_only,20.120088281829254,59.04169447469787
910014,orthogonal_trap,zeta_only,7.637171527605307,48.1919238506792
910014,orthogonal_trap,generic_hidden_oscillator,21.320634510829322,47.62302354104588
910014,orthogonal_trap,null_no_coupling,36.29206528598465,95.56440990932708
910014,orthogonal_trap,replay_only_basis,4.449264014610382,24.32538221384788
910014,counterphase,full_reciprocal,1.0008572703211616,1.505780882020884
910014,counterphase,eta_only,6.8556679705880175,72.30611478593912
910014,counterphase,zeta_only,5.864473629884135,49.45196055759009
910014,counterphase,generic_hidden_oscillator,19.38784986431655,49.2982766954864
910014,counterphase,null_no_coupling,20.245107355546303,111.61136783976544
910014,counterphase,replay_only_basis,1.2751259400367052,23.316553902763772
910014,lagged_E_to_Y,full_reciprocal,0.11646620033038166,2.380549227109506
910014,lagged_E_to_Y,eta_only,34.874531687947965,43.64022970174124
910014,lagged_E_to_Y,zeta_only,0.8063353621567473,54.59152318443766
910014,lagged_E_to_Y,generic_hidden_oscillator,15.355313462817522,53.588344589057684
910014,lagged_E_to_Y,null_no_coupling,33.789429813770354,98.06704538154138
910014,lagged_E_to_Y,replay_only_basis,16.57106493156214,15.18882969554021
910014,recovery_probe,full_reciprocal,0.324910963657563,2.117419407244578
910014,recovery_probe,eta_only,2.7947712008383383,75.71999018885086
910014,recovery_probe,zeta_only,2.202353875463485,52.970334701447385
910014,recovery_probe,generic_hidden_oscillator,0.8010224516404792,67.86232532294859
910014,recovery_probe,null_no_coupling,3.3222439539255286,128.53423124138618
910014,recovery_probe,replay_only_basis,1.0693962981854659,22.939213131461873
910014,lagged_Y_to_E,full_reciprocal,0.3385826047996662,2.138180866625402
910014,lagged_Y_to_E,eta_only,5.543992397622714,76.17950575839058
910014,lagged_Y_to_E,zeta_only,25.01691337844746,30.155775198463406
910014,lagged_Y_to_E,generic_hidden_oscillator,10.36068221487916,58.302665559709915
910014,lagged_Y_to_E,null_no_coupling,24.03393632717336,107.82253886813837
910014,lagged_Y_to_E,replay_only_basis,19.759392881008406,15.630305921966206
910015,doublet_EY,full_reciprocal,0.6777996167800832,2.6489047351546033
910015,doublet_EY,eta_only,19.554668673848283,59.62250052081957
910015,doublet_EY,zeta_only,10.213412358737969,54.80427016376862
910015,doublet_EY,generic_hidden_oscillator,20.44415703319793,62.309026386150414
910015,doublet_EY,null_no_coupling,9.42705626647713,126.82155753794116
910015,doublet_EY,replay_only_basis,3.878214761286472,23.388976293380836
910015,orthogonal_trap,full_reciprocal,1.7228269100567792,1.7697933674842659
910015,orthogonal_trap,eta_only,31.28957624370547,47.308296857319654
910015,orthogonal_trap,zeta_only,18.794267447934054,47.570980245645885
910015,orthogonal_trap,generic_hidden_oscillator,32.14690686863257,42.433771777526474
910015,orthogonal_trap,null_no_coupling,52.07231179518953,84.17630200922875
910015,orthogonal_trap,replay_only_basis,11.471880445218318,22.820628858137255
910015,counterphase,full_reciprocal,0.6669465663700852,2.70742172740004
910015,counterphase,eta_only,3.399908565743286,74.35643482172229
910015,counterphase,zeta_only,7.825928555983381,56.6240332942118
910015,counterphase,generic_hidden_oscillator,13.03175706904024,60.758710031756664
910015,counterphase,null_no_coupling,17.565140561323478,118.68347324309482
910015,counterphase,replay_only_basis,2.3136262168859196,22.034920609328616
910015,lagged_E_to_Y,full_reciprocal,0.964838809194024,2.7741908731376026
910015,lagged_E_to_Y,eta_only,26.789536261421556,50.40944257392492
910015,lagged_E_to_Y,zeta_only,3.337430831817112,62.517485397215545
910015,lagged_E_to_Y,generic_hidden_oscillator,9.94363453843248,64.09039380379551
910015,lagged_E_to_Y,null_no_coupling,25.735204671510047,110.51340913290825
910015,lagged_E_to_Y,replay_only_basis,10.134703698010341,19.464858902247215
910015,recovery_probe,full_reciprocal,0.5792521163702206,2.721689328135095
910015,recovery_probe,eta_only,3.063408667472376,74.1355701678741
910015,recovery_probe,zeta_only,1.1704620903158702,63.279499759879315
910015,recovery_probe,generic_hidden_oscillator,2.205258086496059,71.64473683536977
910015,recovery_probe,null_no_coupling,3.0543286596312154,133.19428514478707
910015,recovery_probe,replay_only_basis,1.1927839285830437,22.84903225373236
910015,lagged_Y_to_E,full_reciprocal,0.08649943748355482,3.2075584055041397
910015,lagged_Y_to_E,eta_only,3.375213797897208,75.80195539677064
910015,lagged_Y_to_E,zeta_only,29.597822813968662,34.85572586171178
910015,lagged_Y_to_E,generic_hidden_oscillator,12.613186171302388,61.420842170925596
910015,lagged_Y_to_E,null_no_coupling,28.3945718502869,107.85404195413139
910015,lagged_Y_to_E,replay_only_basis,23.51394277494041,14.439943092015778
910016,doublet_EY,full_reciprocal,0.16201522390182713,1.5889570628804883
910016,doublet_EY,eta_only,18.407060807550476,57.99424614035703
910016,doublet_EY,zeta_only,11.026316559247316,45.9512487256765
910016,doublet_EY,generic_hidden_oscillator,16.038198710155836,62.956513943663204
910016,doublet_EY,null_no_coupling,10.409474895526113,120.11498275963947
910016,doublet_EY,replay_only_basis,4.756817929251176,21.166396792238697
910016,orthogonal_trap,full_reciprocal,0.6150417345627679,1.1743042526753469
910016,orthogonal_trap,eta_only,21.698652040152783,54.162256647069235
910016,orthogonal_trap,zeta_only,10.937998855055309,46.06451615293411
910016,orthogonal_trap,generic_hidden_oscillator,22.12814859197446,49.492931666460095
910016,orthogonal_trap,null_no_coupling,39.516533278206204,91.00792437695938
910016,orthogonal_trap,replay_only_basis,4.866943881929073,23.165824500746695
910016,counterphase,full_reciprocal,0.11196494683183725,1.639007339950478
910016,counterphase,eta_only,4.5261669972448155,70.69235809211429
910016,counterphase,zeta_only,6.439135493258466,50.32864898989903
910016,counterphase,generic_hidden_oscillator,16.225164255209766,54.9128775424769
910016,counterphase,null_no_coupling,18.77935043819925,111.74510721696635
910016,counterphase,replay_only_basis,1.3842919827190907,20.68247292855687
910016,lagged_E_to_Y,full_reciprocal,0.5336210167505391,1.2774924054094967
910016,lagged_E_to_Y,eta_only,33.90980615861496,41.04156695788126
910016,lagged_E_to_Y,zeta_only,0.38558808031427705,56.36556325413281
910016,lagged_E_to_Y,generic_hidden_oscillator,17.56837691373978,53.659639583070835
910016,lagged_E_to_Y,null_no_coupling,32.49368484248339,98.03077281268219
910016,lagged_E_to_Y,replay_only_basis,14.030480293479465,15.169384251372335
910016,recovery_probe,full_reciprocal,0.19166466225514783,1.5593076245271675
910016,recovery_probe,eta_only,0.9806167905494461,73.97075632594677
910016,recovery_probe,zeta_only,0.3808011891608732,56.19420892951797
910016,recovery_probe,generic_hidden_oscillator,0.9626504660990535,70.1753913315876
910016,recovery_probe,null_no_coupling,0.9646757105261774,129.5597819446394
910016,recovery_probe,replay_only_basis,0.09213627480389965,21.392213060319506
910016,lagged_Y_to_E,full_reciprocal,0.5528636631317915,1.318394435847849
910016,lagged_Y_to_E,eta_only,2.8079981166123504,73.59330883129513
910016,lagged_Y_to_E,zeta_only,29.62660719036475,26.94840292831409
910016,lagged_Y_to_E,generic_hidden_oscillator,11.793552521241788,59.82752773719277
910016,lagged_Y_to_E,null_no_coupling,28.360738490224445,102.16371916494114
910016,lagged_Y_to_E,replay_only_basis,21.027990686056878,14.48851933839767
910017,doublet_EY,full_reciprocal,0.602129150507997,2.2471963520640994
910017,doublet_EY,eta_only,23.485924437714395,58.25335146074862
910017,doublet_EY,zeta_only,13.49734246132111,53.712900190612885
910017,doublet_EY,generic_hidden_oscillator,11.890238453421613,69.55751014281768
910017,doublet_EY,null_no_coupling,14.539992496442906,129.2176052941553
910017,doublet_EY,replay_only_basis,7.765251647066763,23.277446274062925
910017,orthogonal_trap,full_reciprocal,0.14064094665829266,2.7086845559138037
910017,orthogonal_trap,eta_only,27.42599752837568,53.21624815885147
910017,orthogonal_trap,zeta_only,13.916979227502502,54.42462600329968
910017,orthogonal_trap,generic_hidden_oscillator,28.959462954644167,47.915694430664416
910017,orthogonal_trap,null_no_coupling,47.915896776908276,95.84170101368991
910017,orthogonal_trap,replay_only_basis,7.974016081108385,26.014750266406228
910017,counterphase,full_reciprocal,0.9974136036346359,2.0340801134243542
910017,counterphase,eta_only,2.387211033306109,77.11978489099967
910017,counterphase,zeta_only,4.1392261744796635,62.651555339667354
910017,counterphase,generic_hidden_oscillator,13.21045868175733,62.98931213128394
910017,counterphase,null_no_coupling,15.145547567029418,128.61205022356881
910017,counterphase,replay_only_basis,0.8555916030526322,23.6875443673909
910017,lagged_E_to_Y,full_reciprocal,0.9298634413756914,2.106231407078628
910017,lagged_E_to_Y,eta_only,29.76448238000071,49.73773610034437
910017,lagged_E_to_Y,zeta_only,2.6074276808940344,65.3659189103038
910017,lagged_E_to_Y,generic_hidden_oscillator,13.485872665213362,62.713898147827905
910017,lagged_E_to_Y,null_no_coupling,28.141912339663953,115.61568545093425
910017,lagged_E_to_Y,replay_only_basis,10.325414533041327,20.88331014142826
910017,recovery_probe,full_reciprocal,0.4648450749280307,2.3480284819667645
910017,recovery_probe,eta_only,2.587958759285658,76.91425972105944
910017,recovery_probe,zeta_only,0.8733116929262588,65.8839917630749
910017,recovery_probe,generic_hidden_oscillator,1.2319179441268524,74.96785286891442
910017,recovery_probe,null_no_coupling,2.3321918366968863,141.42540595390133
910017,recovery_probe,replay_only_basis,0.44533316344380114,24.602344995904364
910017,lagged_Y_to_E,full_reciprocal,1.672520507401097,1.996826040955773
910017,lagged_Y_to_E,eta_only,0.7840617329880778,79.08861092839632
910017,lagged_Y_to_E,zeta_only,37.11484781954365,29.642455636457516
910017,lagged_Y_to_E,generic_hidden_oscillator,17.340809593302268,59.045109974622655
910017,lagged_Y_to_E,null_no_coupling,35.68205677385676,108.07554101674145
910017,lagged_Y_to_E,replay_only_basis,28.5994408380278,14.088141684779607
910018,doublet_EY,full_reciprocal,0.0889746497871121,3.4199218491964034
910018,doublet_EY,eta_only,13.676776665888893,52.20945442670114
910018,doublet_EY,zeta_only,13.779379513498014,53.872559488318906
910018,doublet_EY,generic_hidden_oscillator,19.95871608074673,56.60542938303444
910018,doublet_EY,null_no_coupling,8.916164360509754,119.26025596782586
910018,doublet_EY,replay_only_basis,2.6609601743124234,21.094300727564516
910018,orthogonal_trap,full_reciprocal,0.5635402869587223,3.071213527455122
910018,orthogonal_trap,eta_only,23.680413183279057,42.02755034639325
910018,orthogonal_trap,zeta_only,13.52971122029613,55.14273557418208
910018,orthogonal_trap,generic_hidden_oscillator,26.006309327482942,41.71277582006767
910018,orthogonal_trap,null_no_coupling,42.4457911206192,85.7306292077164
910018,orthogonal_trap,replay_only_basis,6.425811639406416,21.665189378509318
910018,counterphase,full_reciprocal,0.8560136734080837,2.652882825575432
910018,counterphase,eta_only,2.98607958154036,62.00707421071549
910018,counterphase,zeta_only,8.518880571764143,58.306265618305744
910018,counterphase,generic_hidden_oscillator,12.620770459636416,54.44261425116031
910018,counterphase,null_no_coupling,17.39461630633039,110.78180402200522
910018,counterphase,replay_only_basis,3.16286898774708,18.746805948206752
910018,lagged_E_to_Y,full_reciprocal,0.056991250315921484,3.451905248667594
910018,lagged_E_to_Y,eta_only,26.046503657780796,38.64272553464214
910018,lagged_E_to_Y,zeta_only,1.0843034557441087,65.92312236191023
910018,lagged_E_to_Y,generic_hidden_oscillator,10.571671396924364,56.668019000999294
910018,lagged_E_to_Y,null_no_coupling,25.02005200171385,103.15636832662176
910018,lagged_E_to_Y,replay_only_basis,10.824219197173726,15.88485896622992
910018,recovery_probe,full_reciprocal,1.4758875808473644,2.0330089181361513
910018,recovery_probe,eta_only,1.6098497675332404,63.04372591230615
910018,recovery_probe,zeta_only,1.1352387008131346,65.59658951292552
910018,recovery_probe,generic_hidden_oscillator,1.4894819250229776,65.57390278577374
910018,recovery_probe,null_no_coupling,1.2367223412425632,126.93969798709304
910018,recovery_probe,replay_only_basis,1.1280341893327557,19.971225456985184
910018,lagged_Y_to_E,full_reciprocal,0.9904681754979063,2.748406151459622
910018,lagged_Y_to_E,eta_only,3.490690455105513,62.39554063748451
910018,lagged_Y_to_E,zeta_only,34.278023728370584,32.45380448536807
910018,lagged_Y_to_E,generic_hidden_oscillator,13.328913312246426,54.39017183530419
910018,lagged_Y_to_E,null_no_coupling,33.16307419791984,95.01334613041575
910018,lagged_Y_to_E,replay_only_basis,20.25954209549325,15.029827093673108
910019,doublet_EY,full_reciprocal,0.3728974955113814,1.6126584160048412
910019,doublet_EY,eta_only,15.058667620014006,49.031560464593724
910019,doublet_EY,zeta_only,14.153983017990289,51.551183116980425
910019,doublet_EY,generic_hidden_oscillator,16.4470035686739,51.00650280658626
910019,doublet_EY,null_no_coupling,11.648677443334831,113.07936869184431
910019,doublet_EY,replay_only_basis,4.773783832585042,19.248424552107256
910019,orthogonal_trap,full_reciprocal,0.15512518375991385,1.8304307277563088
910019,orthogonal_trap,eta_only,19.764820750586715,44.445558944135286
910019,orthogonal_trap,zeta_only,12.187363511399639,54.18867707185695
910019,orthogonal_trap,generic_hidden_oscillator,20.716937155737728,39.232127870032116
910019,orthogonal_trap,null_no_coupling,38.08126277143296,86.64678336374618
910019,orthogonal_trap,replay_only_basis,5.535266481218955,21.093869366849955
910019,counterphase,full_reciprocal,0.040631717709769685,1.944924193806453
910019,counterphase,eta_only,4.286024982000225,59.33146937269322
910019,counterphase,zeta_only,8.795876138211401,56.63686981397501
910019,counterphase,generic_hidden_oscillator,16.553418915029244,42.94167630646067
910019,counterphase,null_no_coupling,20.345087461669635,104.3829586735095
910019,counterphase,replay_only_basis,2.849566281279448,18.809770899726935
910019,lagged_E_to_Y,full_reciprocal,1.176937544103418,0.9360761366684127
910019,lagged_E_to_Y,eta_only,24.309461665892826,39.09037897377203
910019,lagged_E_to_Y,zeta_only,3.6492017756736477,62.38713508103912
910019,lagged_E_to_Y,generic_hidden_oscillator,7.737069383994348,51.83346620838553
910019,lagged_E_to_Y,null_no_coupling,23.898182115818226,100.82986401936091
910019,lagged_E_to_Y,replay_only_basis,11.643395385848539,14.031157909716452
910019,recovery_probe,full_reciprocal,0.30832784976243416,1.6772280617537885
910019,recovery_probe,eta_only,2.717871905163686,60.681968734501176
910019,recovery_probe,zeta_only,2.2165479800087176,63.048479360106235
910019,recovery_probe,generic_hidden_oscillator,0.39239863091199745,59.10269659057792
910019,recovery_probe,null_no_coupling,3.1881630735759816,121.53988306160315
910019,recovery_probe,replay_only_basis,0.5820793772721341,19.430825868939667
910019,lagged_Y_to_E,full_reciprocal,0.39796116056600084,1.8237248085987974
910019,lagged_Y_to_E,eta_only,5.376466709497475,60.905075320053115
910019,lagged_Y_to_E,zeta_only,28.655822766074806,36.60920457404015
910019,lagged_Y_to_E,generic_hidden_oscillator,10.82591409886341,48.74462149351646
910019,lagged_Y_to_E,null_no_coupling,27.566673269347504,97.16137286583162
910019,lagged_Y_to_E,replay_only_basis,16.643763517553737,14.664697913898573
910020,doublet_EY,full_reciprocal,0.5538630296929351,1.7916576779175246
910020,doublet_EY,eta_only,14.968807552928856,56.96513006707562
910020,doublet_EY,zeta_only,11.357641687161824,46.955382210696655
910020,doublet_EY,generic_hidden_oscillator,22.706271979853252,53.50640032136661
910020,doublet_EY,null_no_coupling,7.841381153803187,116.55984005804606
910020,doublet_EY,replay_only_basis,2.4156797715735037,22.856864924348837
910020,orthogonal_trap,full_reciprocal,0.28064683869894924,2.148405500231648
910020,orthogonal_trap,eta_only,26.043143106129392,45.871251341428504
910020,orthogonal_trap,zeta_only,13.149681075407829,46.14200468733382
910020,orthogonal_trap,generic_hidden_oscillator,26.969924648271693,39.83513595265971
910020,orthogonal_trap,null_no_coupling,43.28724258242594,81.1139786294233
910020,orthogonal_trap,replay_only_basis,7.2387525954693706,23.347866407751468
910020,counterphase,full_reciprocal,0.8939500504912051,1.4515706571192548
910020,counterphase,eta_only,3.035979810942515,67.38400252743091
910020,counterphase,zeta_only,8.813539238142504,48.83595440388595
910020,counterphase,generic_hidden_oscillator,12.001261517954985,53.786472375074325
910020,counterphase,null_no_coupling,17.055544129537434,107.34567708231181
910020,counterphase,replay_only_basis,4.557627561731391,19.30670351682702
910020,lagged_E_to_Y,full_reciprocal,0.6785633934843355,1.6591812814943727
910020,lagged_E_to_Y,eta_only,30.667556432830892,39.5680672884503
910020,lagged_E_to_Y,zeta_only,1.920115379700508,55.850809730640776
910020,lagged_E_to_Y,generic_hidden_oscillator,11.00236979383337,55.142482921896985
910020,lagged_E_to_Y,null_no_coupling,29.77392082390149,94.62730038794776
910020,lagged_E_to_Y,replay_only_basis,14.18914089892165,15.947760641776295
910020,recovery_probe,full_reciprocal,0.10322156035310799,2.2345231146256004
910020,recovery_probe,eta_only,1.1778987507521355,69.05772497052905
910020,recovery_probe,zeta_only,0.4315128358004804,57.16622906727052
910020,recovery_probe,generic_hidden_oscillator,0.8421276187930982,64.89157651403517
910020,recovery_probe,null_no_coupling,1.1612204233995216,123.24000078844972
910020,recovery_probe,replay_only_basis,0.06208303575790065,22.31117945288385
910020,lagged_Y_to_E,full_reciprocal,0.03781290458929158,2.2999317703894167
910020,lagged_Y_to_E,eta_only,3.1596240072391684,68.77431361276533
910020,lagged_Y_to_E,zeta_only,26.441857041728298,31.155884861342706
910020,lagged_Y_to_E,generic_hidden_oscillator,10.96997546008311,54.8177584329462
910020,lagged_Y_to_E,null_no_coupling,25.281912098781675,99.11930911306757
910020,lagged_Y_to_E,replay_only_basis,18.879487940468486,15.776197574793255
910021,doublet_EY,full_reciprocal,0.23203487743603002,2.726356776475863
910021,doublet_EY,eta_only,19.373747608663443,57.726711290557134
910021,doublet_EY,zeta_only,13.835764920029897,53.766363141843684
910021,doublet_EY,generic_hidden_oscillator,13.135038973696417,63.8323364341467
910021,doublet_EY,null_no_coupling,12.937990100110657,125.20356851895025
910021,doublet_EY,replay_only_basis,5.876571191115983,21.82121335856797
910021,orthogonal_trap,full_reciprocal,0.28399574154652835,2.6672567548847113
910021,orthogonal_trap,eta_only,24.484105694461388,53.17124428542787
910021,orthogonal_trap,zeta_only,14.115280393959901,53.69841734665539
910021,orthogonal_trap,generic_hidden_oscillator,24.123857320650956,47.934433251627055
910021,orthogonal_trap,null_no_coupling,43.73909641119931,94.40246220786159
910021,orthogonal_trap,replay_only_basis,7.830606216799097,23.001390988938983
910021,counterphase,full_reciprocal,1.0891385008613321,1.8692531530505612
910021,counterphase,eta_only,5.894888931014089,70.07457085531895
910021,counterphase,zeta_only,8.777503477134928,58.42992847342457
910021,counterphase,generic_hidden_oscillator,19.241452887818323,52.22557451835097
910021,counterphase,null_no_coupling,21.834547083380457,116.30701153568046
910021,counterphase,replay_only_basis,2.2655745983568165,21.512075592231838
910021,lagged_E_to_Y,full_reciprocal,0.4958125698909455,2.4554399265402944
910021,lagged_E_to_Y,eta_only,30.380284433157154,45.30907769389776
910021,lagged_E_to_Y,zeta_only,1.7994738940002653,65.80265416787331
910021,lagged_E_to_Y,generic_hidden_oscillator,11.920940699762252,59.6901737582114
910021,lagged_E_to_Y,null_no_coupling,29.028054543114365,109.11350407594654
910021,lagged_E_to_Y,replay_only_basis,11.679431950664874,17.670154484999415
910021,recovery_probe,full_reciprocal,0.6032140453864538,2.3480384510447863
910021,recovery_probe,eta_only,1.1828849167238618,74.50647721033106
910021,recovery_probe,zeta_only,2.201848289177601,64.78790168926116
910021,recovery_probe,generic_hidden_oscillator,0.7306922912812658,70.73633511488802
910021,recovery_probe,null_no_coupling,1.9071715688126682,136.23438705024824
910021,recovery_probe,replay_only_basis,0.995044731052278,22.03464952182383
910021,lagged_Y_to_E,full_reciprocal,0.33139302427672584,2.6198594721545145
910021,lagged_Y_to_E,eta_only,4.647915656064253,73.67337208387822
910021,lagged_Y_to_E,zeta_only,30.17878884391753,36.810961134521236
910021,lagged_Y_to_E,generic_hidden_oscillator,13.087877785815119,58.52323667215854
910021,lagged_Y_to_E,null_no_coupling,28.694698912443453,109.44685970661746
910021,lagged_Y_to_E,replay_only_basis,20.25817317773275,15.10101613768
910022,doublet_EY,full_reciprocal,0.8788966191503962,1.4896804047701155
910022,doublet_EY,eta_only,20.20252223241827,58.10259649510609
910022,doublet_EY,zeta_only,10.655819898428451,58.041952486202874
910022,doublet_EY,generic_hidden_oscillator,22.66390708633441,62.975691115653305
910022,doublet_EY,null_no_coupling,9.425202451361546,132.0384661229483
910022,doublet_EY,replay_only_basis,3.5236863438041213,23.46414191703877
910022,orthogonal_trap,full_reciprocal,1.1117004617843858,1.301999178137268
910022,orthogonal_trap,eta_only,20.941266826889432,56.577792949758255
910022,orthogonal_trap,zeta_only,13.909164155770089,54.704581740685455
910022,orthogonal_trap,generic_hidden_oscillator,21.720040771021498,55.08838762607117
910022,orthogonal_trap,null_no_coupling,41.012702189059965,100.4509663852499
910022,orthogonal_trap,replay_only_basis,5.811741882648533,24.154404149179186
910022,counterphase,full_reciprocal,0.5751567056660729,1.706056127407796
910022,counterphase,eta_only,7.556574307334197,69.15541623195962
910022,counterphase,zeta_only,11.34597302528653,57.267772871169015
910022,counterphase,generic_hidden_oscillator,22.27915091748908,53.30070958548406
910022,counterphase,null_no_coupling,26.53029737252847,114.9333712017814
910022,counterphase,replay_only_basis,2.0384475368591994,24.324449696458366
910022,lagged_E_to_Y,full_reciprocal,0.05728567428920148,2.1690453450320017
910022,lagged_E_to_Y,eta_only,31.57874318458756,44.64480375499847
910022,lagged_E_to_Y,zeta_only,1.4570953819451282,67.2406770026862
910022,lagged_E_to_Y,generic_hidden_oscillator,12.191229361100227,63.49506471074608
910022,lagged_E_to_Y,null_no_coupling,30.458489993289568,111.0051785810203
910022,lagged_E_to_Y,replay_only_basis,13.102598000035236,17.792707690430255
910022,recovery_probe,full_reciprocal,0.11397469132740802,2.1123563279937954
910022,recovery_probe,eta_only,2.610921588084836,73.6126253515012
910022,recovery_probe,zeta_only,1.4760574497443315,66.76467166302132
910022,recovery_probe,generic_hidden_oscillator,0.8671289824480599,74.71273152052508
910022,recovery_probe,null_no_coupling,2.8643154701954345,138.59935310411444
910022,recovery_probe,replay_only_basis,0.6457808147568614,23.164967029195004
910022,lagged_Y_to_E,full_reciprocal,0.2009363567450998,2.0253946625761037
910022,lagged_Y_to_E,eta_only,3.9149549854014065,74.39016374212297
910022,lagged_Y_to_E,zeta_only,32.346541311376555,35.8941878013891
910022,lagged_Y_to_E,generic_hidden_oscillator,14.124739843364903,61.561554228481405
910022,lagged_Y_to_E,null_no_coupling,31.17266109787488,110.291007476435
910022,lagged_Y_to_E,replay_only_basis,26.082276707207754,13.221283663276239
910023,doublet_EY,full_reciprocal,1.7282201472925147,2.661573183666372
910023,doublet_EY,eta_only,16.408337285494497,54.86999221764809
910023,doublet_EY,zeta_only,17.356460474472897,54.24891047657205
910023,doublet_EY,generic_hidden_oscillator,15.439822062478681,66.87656861994785
910023,doublet_EY,null_no_coupling,12.998935047034447,124.91268030987723
910023,doublet_EY,replay_only_basis,7.338182766841884,22.315370836654218
910023,orthogonal_trap,full_reciprocal,0.7561926285807823,3.633600702378105
910023,orthogonal_trap,eta_only,20.288056085002285,50.92445261647728
910023,orthogonal_trap,zeta_only,10.29429044892118,61.8235705295714
910023,orthogonal_trap,generic_hidden_oscillator,22.77652222218457,52.977758873052366
910023,orthogonal_trap,null_no_coupling,38.770996585397455,99.14061877151421
910023,orthogonal_trap,replay_only_basis,3.472819420932719,25.489624421811868
910023,counterphase,full_reciprocal,0.5114050606961782,3.8762931299647168
910023,counterphase,eta_only,4.665209087523463,66.5472996139561
910023,counterphase,zeta_only,10.987269849207259,59.98052883313575
910023,counterphase,generic_hidden_oscillator,16.38733698674404,59.1263960881416
910023,counterphase,null_no_coupling,21.9824308452379,115.92918451167378
910023,counterphase,replay_only_basis,3.9461965136119668,21.920877981416005
910023,lagged_E_to_Y,full_reciprocal,1.513179510908634,2.920161569205964
910023,lagged_E_to_Y,eta_only,31.314452718385013,39.18050313392606
910023,lagged_E_to_Y,zeta_only,0.7520123087085011,70.32164304967048
910023,lagged_E_to_Y,generic_hidden_oscillator,17.47662114801056,58.03711192687507
910023,lagged_E_to_Y,null_no_coupling,29.393944094898508,108.51767126201317
910023,lagged_E_to_Y,replay_only_basis,13.95692416343041,16.504502066088012
910023,recovery_probe,full_reciprocal,0.03110437716961744,4.35868895378927
910023,recovery_probe,eta_only,1.3980042234471475,69.09695162886393
910023,recovery_probe,zeta_only,0.9701436723067212,69.94071167365323
910023,recovery_probe,generic_hidden_oscillator,0.38132596133522817,75.1324071135504
910023,recovery_probe,null_no_coupling,1.591887444942238,136.31972791196944
910023,recovery_probe,replay_only_basis,0.18723617278048404,23.465210531720153
910023,lagged_Y_to_E,full_reciprocal,0.12218181794784255,4.265516372713052
910023,lagged_Y_to_E,eta_only,3.3357156778671966,68.89714808819116
910023,lagged_Y_to_E,zeta_only,34.31812417314503,36.59273117281491
910023,lagged_Y_to_E,generic_hidden_oscillator,14.482423723013262,61.271857372223685
910023,lagged_Y_to_E,null_no_coupling,33.173421339401116,104.73819401751057
910023,lagged_Y_to_E,replay_only_basis,21.400803968217932,17.367727073146796
910024,doublet_EY,full_reciprocal,0.36478003270614184,1.0987207873121447
910024,doublet_EY,eta_only,14.775057783568275,61.16938879351498
910024,doublet_EY,zeta_only,19.800473927822754,52.55579631642587
910024,doublet_EY,generic_hidden_oscillator,15.97322863379231,63.948506442043765
910024,doublet_EY,null_no_coupling,14.130230365308309,130.31185868998045
910024,doublet_EY,replay_only_basis,6.486085321948333,21.70173706007048
910024,orthogonal_trap,full_reciprocal,0.07734874376592127,1.262520490916804
910024,orthogonal_trap,eta_only,26.17927605927651,51.06486801261758
910024,orthogonal_trap,zeta_only,15.2551891487423,57.80530957388524
910024,orthogonal_trap,generic_hidden_oscillator,27.086125824064197,46.29054623822108
910024,orthogonal_trap,null_no_coupling,47.0283696246353,97.41371943065344
910024,orthogonal_trap,replay_only_basis,8.115664448336688,23.323195322602082
910024,counterphase,full_reciprocal,0.30802738737722823,0.9979547504933742
910024,counterphase,eta_only,3.9508135747707662,71.64775662419899
910024,counterphase,zeta_only,6.297894225809381,65.37416636472585
910024,counterphase,generic_hidden_oscillator,16.988223605989457,55.16953220411106
910024,counterphase,null_no_coupling,19.327705486655113,125.11438356863363
910024,counterphase,replay_only_basis,0.7309021823056803,22.170735849344183
910024,lagged_E_to_Y,full_reciprocal,0.25283284526459954,1.0531492926060029
910024,lagged_E_to_Y,eta_only,31.091445811680916,44.247184888326686
910024,lagged_E_to_Y,zeta_only,1.5112555123699292,70.50040755193882
910024,lagged_E_to_Y,generic_hidden_oscillator,11.81770632481716,60.44326584017828
910024,lagged_E_to_Y,null_no_coupling,29.73998568452898,114.70210337075977
910024,lagged_E_to_Y,replay_only_basis,12.24510551739376,16.97046347857001
910024,recovery_probe,full_reciprocal,0.47800623335567527,0.8279759045149272
910024,recovery_probe,eta_only,3.190545603737597,72.14808509627001
910024,recovery_probe,zeta_only,1.710287480589482,69.82092741426997
910024,recovery_probe,generic_hidden_oscillator,0.9154012740235995,71.24235453607692
910024,recovery_probe,null_no_coupling,3.2168120099531414,141.22527704533564
910024,recovery_probe,replay_only_basis,0.573169493483362,22.04498261574684
910024,lagged_Y_to_E,full_reciprocal,0.0891450357969644,1.216837102073638
910024,lagged_Y_to_E,eta_only,6.900997274808201,72.76641030538856
910024,lagged_Y_to_E,zeta_only,32.19805366862819,39.33316122623127
910024,lagged_Y_to_E,generic_hidden_oscillator,13.215883711316742,59.045088453678694
910024,lagged_Y_to_E,null_no_coupling,30.99898588420791,113.44310317108085
910024,lagged_Y_to_E,replay_only_basis,20.738032460191437,15.516562268214454
910025,doublet_EY,full_reciprocal,0.1867978149883496,3.129845440381179
910025,doublet_EY,eta_only,14.649071729668801,50.492049056567815
910025,doublet_EY,zeta_only,10.792123006357842,45.82601671582027
910025,doublet_EY,generic_hidden_oscillator,12.558096683805006,62.79434442055113
910025,doublet_EY,null_no_coupling,7.99856023782924,109.39753695918932
910025,doublet_EY,replay_only_basis,4.502379382804165,20.526351625462937
910025,orthogonal_trap,full_reciprocal,0.6256978614065389,2.793256151939476
910025,orthogonal_trap,eta_only,24.769348279092746,40.288537180378455
910025,orthogonal_trap,zeta_only,12.299315727084911,45.678979104544055
910025,orthogonal_trap,generic_hidden_oscillator,26.72383310191311,43.245460033330495
910025,orthogonal_trap,null_no_coupling,40.99616791227933,76.39992928473923
910025,orthogonal_trap,replay_only_basis,5.840851086725397,22.374272319520536
910025,counterphase,full_reciprocal,0.6011193359565893,2.7580669717222692
910025,counterphase,eta_only,5.1492795978408665,58.98439935359122
910025,counterphase,zeta_only,9.810110902710488,46.33524518592144
910025,counterphase,generic_hidden_oscillator,15.805783104720641,53.775591807912036
910025,counterphase,null_no_coupling,20.091365931008955,97.30473126600961
910025,counterphase,replay_only_basis,4.275459308538918,18.610610812723756
910025,lagged_E_to_Y,full_reciprocal,0.6246340487570616,2.972726001904955
910025,lagged_E_to_Y,eta_only,23.484841470035285,39.92611934031863
910025,lagged_E_to_Y,zeta_only,2.6775502411695484,54.311832892902984
910025,lagged_E_to_Y,generic_hidden_oscillator,8.937817714105266,61.03147542113834
910025,lagged_E_to_Y,null_no_coupling,22.606747094579003,94.78935010243956
910025,lagged_E_to_Y,replay_only_basis,9.966314563172409,16.789802092993263
910025,recovery_probe,full_reciprocal,0.9817832918420903,2.3314090040886306
910025,recovery_probe,eta_only,0.9159747085158038,62.49498610183811
910025,recovery_probe,zeta_only,0.36668489540418897,55.69109796146104
910025,recovery_probe,generic_hidden_oscillator,1.9755411319446443,67.5210046205771
910025,recovery_probe,null_no_coupling,0.7491868735235634,116.64691032349499
910025,recovery_probe,replay_only_basis,0.8786977177584002,20.388385436232504
910025,lagged_Y_to_E,full_reciprocal,1.0363652957662999,2.2768270001644213
910025,lagged_Y_to_E,eta_only,5.209205380559975,61.259098647637536
910025,lagged_Y_to_E,zeta_only,26.14996589220844,29.907816964656785
910025,lagged_Y_to_E,generic_hidden_oscillator,14.440084417573946,55.14129049505873
910025,lagged_Y_to_E,null_no_coupling,24.954069147798478,92.44202804922007
910025,lagged_Y_to_E,replay_only_basis,20.11113100944284,13.410222083963163
910026,doublet_EY,full_reciprocal,0.14522370361246198,1.6374033923189755
910026,doublet_EY,eta_only,11.931121084293432,52.99280597544505
910026,doublet_EY,zeta_only,17.48528833779274,50.10590620265834
910026,doublet_EY,generic_hidden_oscillator,15.8559321941697,58.30100031331456
910026,doublet_EY,null_no_coupling,10.832053459787335,117.54582544624515
910026,doublet_EY,replay_only_basis,5.041437343977705,22.744887499179114
910026,orthogonal_trap,full_reciprocal,0.0739523767694295,1.708674719162008
910026,orthogonal_trap,eta_only,20.793658465073367,44.229087367592264
910026,orthogonal_trap,zeta_only,11.483149357591582,56.63858702526267
910026,orthogonal_trap,generic_hidden_oscillator,23.011416484022636,44.668950760477706
910026,orthogonal_trap,null_no_coupling,38.83379258840544,89.54408631762706
910026,orthogonal_trap,replay_only_basis,4.790789060097802,24.72090699621174
910026,counterphase,full_reciprocal,0.6512685478647455,1.1313585480666921
910026,counterphase,eta_only,3.100377317030321,61.152141511049884
910026,counterphase,zeta_only,8.896565853657048,57.90620705149519
910026,counterphase,generic_hidden_oscillator,13.483427316604654,53.51455321550322
910026,counterphase,null_no_coupling,17.931982078715464,110.44589682731703
910026,counterphase,replay_only_basis,3.7058917648276695,20.587928618281552
910026,lagged_E_to_Y,full_reciprocal,0.4114177536763675,1.5344481357571402
910026,lagged_E_to_Y,eta_only,30.128880455717933,33.708879238191415
910026,lagged_E_to_Y,zeta_only,0.12338231790728624,66.57328221876432
910026,lagged_E_to_Y,generic_hidden_oscillator,13.412550017663214,53.7750793393909
910026,lagged_E_to_Y,null_no_coupling,28.807818726313172,99.57006017971932
910026,lagged_E_to_Y,replay_only_basis,15.287897688421676,15.312892920890512
910026,recovery_probe,full_reciprocal,0.6500724809598691,1.1325546149715684
910026,recovery_probe,eta_only,1.6881535663807758,62.14960612752857
910026,recovery_probe,zeta_only,1.6238905189835366,65.07277401768808
910026,recovery_probe,generic_hidden_oscillator,0.3686024888324541,66.62937804327544
910026,recovery_probe,null_no_coupling,1.816481314521941,126.56139759151054
910026,recovery_probe,replay_only_basis,0.3622939551493031,22.914443845939026
910026,lagged_Y_to_E,full_reciprocal,0.12344135272436531,1.6591857432070722
910026,lagged_Y_to_E,eta_only,4.032633185877868,61.997224994275186
910026,lagged_Y_to_E,zeta_only,31.45341427267756,35.24325026399405
910026,lagged_Y_to_E,generic_hidden_oscillator,13.702936420598594,53.48469293645552
910026,lagged_Y_to_E,null_no_coupling,30.155750738289143,98.22212816774335
910026,lagged_Y_to_E,replay_only_basis,19.2438621972555,17.061345209285847
910027,doublet_EY,full_reciprocal,0.5953971977878416,3.2436197800029856
910027,doublet_EY,eta_only,20.738778188431052,66.07206401965107
910027,doublet_EY,zeta_only,13.027309944230918,65.4277364540988
910027,doublet_EY,generic_hidden_oscillator,22.87466404268131,75.3308412715359
910027,doublet_EY,null_no_coupling,10.432817604676192,149.45941765048212
910027,doublet_EY,replay_only_basis,3.0520912074313804,22.054482545323125
910027,orthogonal_trap,full_reciprocal,1.5343869328157687,2.246249327182869
910027,orthogonal_trap,eta_only,30.37664781732478,56.36209274542939
910027,orthogonal_trap,zeta_only,18.96196967572003,60.07032873203751
910027,orthogonal_trap,generic_hidden_oscillator,31.595116613959004,57.556049314019944
910027,orthogonal_trap,null_no_coupling,54.332044537931516,105.5601907172268
910027,orthogonal_trap,replay_only_basis,9.76519018543748,22.88647508509732
910027,counterphase,full_reciprocal,1.3198872594240239,2.519129718366803
910027,counterphase,eta_only,8.17466840403013,77.63801003711202
910027,counterphase,zeta_only,8.379725413520966,69.87869250448718
910027,counterphase,generic_hidden_oscillator,24.756140248542387,63.22732221659245
910027,counterphase,null_no_coupling,26.044163329789434,133.84807192536886
910027,counterphase,replay_only_basis,1.1323844295188303,21.858797821966384
910027,lagged_E_to_Y,full_reciprocal,0.9379505822764724,3.219114316662997
910027,lagged_E_to_Y,eta_only,29.517534209374027,55.56871486354413
910027,lagged_E_to_Y,zeta_only,3.63467944733509,75.70660657235635
910027,lagged_E_to_Y,generic_hidden_oscillator,11.973901065366165,76.09570682488338
910027,lagged_E_to_Y,null_no_coupling,28.179670407322885,131.71256484783544
910027,lagged_E_to_Y,replay_only_basis,8.566288338233736,19.020204925174518
910027,recovery_probe,full_reciprocal,0.09500121621771612,3.6315264595753356
910027,recovery_probe,eta_only,2.5832610848691973,82.50298798804894
910027,recovery_probe,zeta_only,1.302046385761444,76.48726751058558
910027,recovery_probe,generic_hidden_oscillator,1.0766029462447975,86.90685951889003
910027,recovery_probe,null_no_coupling,2.7839486247503515,157.10828663040797
910027,recovery_probe,replay_only_basis,0.3156083726919696,21.61644248445286
910027,lagged_Y_to_E,full_reciprocal,0.7619496872320339,3.3101463642555715
910027,lagged_Y_to_E,eta_only,3.9942052441067446,82.81663696397538
910027,lagged_Y_to_E,zeta_only,39.37366724402207,38.44373643522804
910027,lagged_Y_to_E,generic_hidden_oscillator,15.178737658738932,73.2801047191253
910027,lagged_Y_to_E,null_no_coupling,38.119590750687934,121.77264450447038
910027,lagged_Y_to_E,replay_only_basis,26.27638981598933,13.714074800573801
910028,doublet_EY,full_reciprocal,0.7220139639638288,5.795401417076086
910028,doublet_EY,eta_only,19.01630494348309,58.983522492582246
910028,doublet_EY,zeta_only,13.576354074508812,76.38473919581563
910028,doublet_EY,generic_hidden_oscillator,26.10303920905134,69.74272897088284
910028,doublet_EY,null_no_coupling,9.722942988539966,148.72187034967064
910028,doublet_EY,replay_only_basis,3.6139661598448165,35.88855326548596
910028,orthogonal_trap,full_reciprocal,0.6972406648822134,5.931782685486088
910028,orthogonal_trap,eta_only,27.93722343537982,49.91134272622182
910028,orthogonal_trap,zeta_only,18.29377244524085,73.62448217650056
910028,orthogonal_trap,generic_hidden_oscillator,30.98082548961663,53.73771022631885
910028,orthogonal_trap,null_no_coupling,51.433308908044076,107.01150443016653
910028,orthogonal_trap,replay_only_basis,10.022930816442452,36.262991249235
910028,counterphase,full_reciprocal,4.256777826705589,2.555030439021846
910028,counterphase,eta_only,1.549355214423142,74.84870487199974
910028,counterphase,zeta_only,10.405971187499393,78.73184687897637
910028,counterphase,generic_hidden_oscillator,9.258882640209158,74.75498468849881
910028,counterphase,null_no_coupling,15.233748163040772,143.21106517516984
910028,counterphase,replay_only_basis,7.470551178162145,28.774019545235497
910028,lagged_E_to_Y,full_reciprocal,0.35993955684071477,6.259037365567007
910028,lagged_E_to_Y,eta_only,31.852578586845915,44.38307589948757
910028,lagged_E_to_Y,zeta_only,0.27967183225974585,88.9256216925856
910028,lagged_E_to_Y,generic_hidden_oscillator,14.107167367049534,69.90669996165843
910028,lagged_E_to_Y,null_no_coupling,30.306471651578875,128.13834168663172
910028,lagged_E_to_Y,replay_only_basis,16.817586845335214,27.491993580380772
910028,recovery_probe,full_reciprocal,0.21923233178674004,6.256512341105328
910028,recovery_probe,eta_only,0.769271877543215,75.46638260879027
910028,recovery_probe,zeta_only,0.8683190700663709,88.2694989964094
910028,recovery_probe,generic_hidden_oscillator,0.5347250460098096,83.47914228269816
910028,recovery_probe,null_no_coupling,0.9590736531759166,157.48573968503467
910028,recovery_probe,replay_only_basis,0.23910791597078515,35.50763532249219
910028,lagged_Y_to_E,full_reciprocal,3.470203091687579,4.2054683085021445
910028,lagged_Y_to_E,eta_only,1.6818338159011166,74.55382067043237
910028,lagged_Y_to_E,zeta_only,51.89807074863775,37.23974731783802
910028,lagged_Y_to_E,generic_hidden_oscillator,24.466199281320236,60.25233643461526
910028,lagged_Y_to_E,null_no_coupling,50.78926797383099,107.6555453643796
910028,lagged_Y_to_E,replay_only_basis,39.7606792870652,21.17406881377993
910029,doublet_EY,full_reciprocal,0.522491525416053,4.035803769079443
910029,doublet_EY,eta_only,21.06753112368947,58.196626839663175
910029,doublet_EY,zeta_only,13.654346551492157,62.763936405466694
910029,doublet_EY,generic_hidden_oscillator,17.938189311485814,70.4555273540231
910029,doublet_EY,null_no_coupling,12.085223766709017,138.61791239213193
910029,doublet_EY,replay_only_basis,4.553802302033018,29.754563268590367
910029,orthogonal_trap,full_reciprocal,0.5480414281345056,3.8744822163813533
910029,orthogonal_trap,eta_only,26.420417948655004,52.343182321129376
910029,orthogonal_trap,zeta_only,13.276424002482411,64.34586797622853
910029,orthogonal_trap,generic_hidden_oscillator,28.985408726609926,51.46769836355375
910029,orthogonal_trap,null_no_coupling,47.12615073832005,103.57698542052091
910029,orthogonal_trap,replay_only_basis,8.679883662360162,30.141655629638148
910029,counterphase,full_reciprocal,1.1481773410305718,3.4578592066780587
910029,counterphase,eta_only,2.3555469470936945,75.07397938721344
910029,counterphase,zeta_only,4.392284636162617,71.47514164340068
910029,counterphase,generic_hidden_oscillator,14.083907119803289,66.01215643849267
910029,counterphase,null_no_coupling,15.802808200376766,134.90032795846417
910029,counterphase,replay_only_basis,0.963319269126969,28.960621794506707
910029,lagged_E_to_Y,full_reciprocal,0.7421865121575408,3.8225943511749714
910029,lagged_E_to_Y,eta_only,28.92314820384973,48.40218860021877
910029,lagged_E_to_Y,zeta_only,3.4831048694082325,73.32203610821492
910029,lagged_E_to_Y,generic_hidden_oscillator,10.445823576729964,69.67721721624986
910029,lagged_E_to_Y,null_no_coupling,28.09487357636231,122.60826258247863
910029,lagged_E_to_Y,replay_only_basis,13.656294388216388,23.585578487769915
910029,recovery_probe,full_reciprocal,0.38011196737679037,3.9909895126166006
910029,recovery_probe,eta_only,2.720370356142029,74.60496644792647
910029,recovery_probe,zeta_only,1.3218389883494612,74.4713008365695
910029,recovery_probe,generic_hidden_oscillator,1.7462310508902694,78.34983250740568
910029,recovery_probe,null_no_coupling,2.8984925261303216,147.80464363271062
910029,recovery_probe,replay_only_basis,1.734647970945388,28.815118928467218
910029,lagged_Y_to_E,full_reciprocal,4.6894798075087625,1.7393933173792089
910029,lagged_Y_to_E,eta_only,2.4192784005159433,75.17710049831393
910029,lagged_Y_to_E,zeta_only,45.71407499117351,30.097007274162813
910029,lagged_Y_to_E,generic_hidden_oscillator,22.23314781702156,58.85311463282599
910029,lagged_Y_to_E,null_no_coupling,44.69558735094249,106.00754880789846
910029,lagged_Y_to_E,replay_only_basis,37.869561998853236,15.075144211430882
910030,doublet_EY,full_reciprocal,0.035902989897269706,1.1382138000348854
910030,doublet_EY,eta_only,15.271190207429159,57.759424677321654
910030,doublet_EY,zeta_only,13.34549999672658,46.29494614287178
910030,doublet_EY,generic_hidden_oscillator,14.342265698071376,66.62124599769751
910030,doublet_EY,null_no_coupling,9.690950012153891,121.15766240415961
910030,doublet_EY,replay_only_basis,4.7057664666245484,19.302710258801298
910030,orthogonal_trap,full_reciprocal,0.1978823797151061,0.9762344102170489
910030,orthogonal_trap,eta_only,21.7764553300491,51.637473000092385
910030,orthogonal_trap,zeta_only,10.183774547439523,49.122650026309074
910030,orthogonal_trap,generic_hidden_oscillator,23.283668446667992,51.76144944803943
910030,orthogonal_trap,null_no_coupling,39.26079153503329,91.58782088128021
910030,orthogonal_trap,replay_only_basis,4.036165821008184,21.49147371094331
910030,counterphase,full_reciprocal,0.6323708226030803,0.5536437867310255
910030,counterphase,eta_only,7.742806422108184,64.84399596895518
910030,counterphase,zeta_only,9.806782142216868,49.21859399454689
910030,counterphase,generic_hidden_oscillator,21.929748207278323,52.30894487238721
910030,counterphase,null_no_coupling,24.8846838359632,105.9639285803503
910030,counterphase,replay_only_basis,2.3823939649144372,19.51311157461528
910030,lagged_E_to_Y,full_reciprocal,0.22330880359946034,0.9508079863326947
910030,lagged_E_to_Y,eta_only,30.441469084149148,41.616776303757945
910030,lagged_E_to_Y,zeta_only,1.1100110386987185,58.165881272452374
910030,lagged_E_to_Y,generic_hidden_oscillator,14.299292789259452,60.19106816667702
910030,lagged_E_to_Y,null_no_coupling,29.009168846177687,101.83944357013581
910030,lagged_E_to_Y,replay_only_basis,11.569839944587482,14.769532967966569
910030,recovery_probe,full_reciprocal,0.061108354566313465,1.1130084353658414
910030,recovery_probe,eta_only,1.6251908980473706,70.43305448985973
910030,recovery_probe,zeta_only,0.8592362696103232,57.87636792656933
910030,recovery_probe,generic_hidden_oscillator,0.49133845367878665,73.74735462598673
910030,recovery_probe,null_no_coupling,1.6998340766392686,129.14877833967424
910030,recovery_probe,replay_only_basis,0.11090355768579965,19.630455371222347
910030,lagged_Y_to_E,full_reciprocal,0.10676655059609608,1.0673502393360588
910030,lagged_Y_to_E,eta_only,5.524780277387957,69.97913060420657
910030,lagged_Y_to_E,zeta_only,27.496310889202004,31.23929330697765
910030,lagged_Y_to_E,generic_hidden_oscillator,12.313852352476852,62.176508603459624
910030,lagged_Y_to_E,null_no_coupling,26.303184110346177,104.54542830596733
910030,lagged_Y_to_E,replay_only_basis,19.543675285025255,12.998018269425256
910031,doublet_EY,full_reciprocal,0.3320275160543216,2.197134135813698
910031,doublet_EY,eta_only,19.86129534107646,67.53288654680902
910031,doublet_EY,zeta_only,15.093102384632338,44.69061496977068
910031,doublet_EY,generic_hidden_oscillator,14.361743842654228,65.18427017124802
910031,doublet_EY,null_no_coupling,14.255773848032927,127.50646942906008
910031,doublet_EY,replay_only_basis,6.774897402404961,22.716303478701214
910031,orthogonal_trap,full_reciprocal,1.598710892534754,1.0211007502042073
910031,orthogonal_trap,eta_only,22.863418652504244,64.0515926451831
910031,orthogonal_trap,zeta_only,8.998400128000785,50.67106612566825
910031,orthogonal_trap,generic_hidden_oscillator,22.846019366899682,50.22893515077135
910031,orthogonal_trap,null_no_coupling,39.784889400512114,101.97735387658088
910031,orthogonal_trap,replay_only_basis,3.5366486254882146,25.748689694862758
910031,counterphase,full_reciprocal,0.4957630087466002,2.1927291528542714
910031,counterphase,eta_only,7.695726507805871,79.21928478988148
910031,counterphase,zeta_only,10.429610888815377,48.97949026548761
910031,counterphase,generic_hidden_oscillator,19.874391087253315,52.94863414869661
910031,counterphase,null_no_coupling,24.62127624919264,117.14096702790036
910031,counterphase,replay_only_basis,4.7062962751442745,21.554034013083694
910031,lagged_E_to_Y,full_reciprocal,0.03927758208118118,2.4898840697868385
910031,lagged_E_to_Y,eta_only,37.312777872693786,48.66820678607282
910031,lagged_E_to_Y,zeta_only,0.6882557994099943,58.601673908046095
910031,lagged_E_to_Y,generic_hidden_oscillator,16.192007464190844,56.88294705348018
910031,lagged_E_to_Y,null_no_coupling,36.129986901774984,105.63225637531801
910031,lagged_E_to_Y,replay_only_basis,14.221558727226455,17.773395381441375
910031,recovery_probe,full_reciprocal,0.13854032105918287,2.3906213308088367
910031,recovery_probe,eta_only,2.7061900730350255,83.27479458573158
910031,recovery_probe,zeta_only,1.6598225900596841,57.505235050696385
910031,recovery_probe,generic_hidden_oscillator,0.9079907549656322,71.9150344809843
910031,recovery_probe,null_no_coupling,3.0363967401749643,138.72584653691803
910031,recovery_probe,replay_only_basis,0.5311364084467033,23.40888990345055
910031,lagged_Y_to_E,full_reciprocal,0.6545463185075601,2.1496943997407403
910031,lagged_Y_to_E,eta_only,7.3941646665824345,82.81830683238229
910031,lagged_Y_to_E,zeta_only,24.916642432870212,34.26473679370501
910031,lagged_Y_to_E,generic_hidden_oscillator,9.931750270326383,62.891274965623545
910031,lagged_Y_to_E,null_no_coupling,23.93392013740535,117.82832313968765
910031,lagged_Y_to_E,replay_only_basis,20.521327003112216,15.563162490686741
910032,doublet_EY,full_reciprocal,0.5934991252002138,1.615016963875985
910032,doublet_EY,eta_only,22.347819646272466,58.043298896800906
910032,doublet_EY,zeta_only,13.211907517199652,54.82006098653616
910032,doublet_EY,generic_hidden_oscillator,14.247015575362171,65.77197777445954
910032,doublet_EY,null_no_coupling,13.78291924135328,128.9995065668631
910032,doublet_EY,replay_only_basis,7.159678463186292,25.464667063101842
910032,orthogonal_trap,full_reciprocal,0.8524344648742781,1.4143566030379677
910032,orthogonal_trap,eta_only,19.42624980916813,59.969561806216966
910032,orthogonal_trap,zeta_only,10.762299593932857,57.46255792601816
910032,orthogonal_trap,generic_hidden_oscillator,20.177814484614633,54.1010244545125
910032,orthogonal_trap,null_no_coupling,38.124081510460755,104.6583442977556
910032,orthogonal_trap,replay_only_basis,3.7647703863095474,28.28927531144332
910032,counterphase,full_reciprocal,0.36572216641476996,1.6262788668716452
910032,counterphase,eta_only,5.783212971002708,72.84040406983044
910032,counterphase,zeta_only,10.634697731607737,57.32743938131975
910032,counterphase,generic_hidden_oscillator,19.06151868193238,54.371286688737996
910032,counterphase,null_no_coupling,23.67852998900975,119.1038958192066
910032,counterphase,replay_only_basis,3.33625915946313,25.592289580184605
910032,lagged_E_to_Y,full_reciprocal,0.026904367376850764,1.9650966659095643
910032,lagged_E_to_Y,eta_only,33.56949770839152,44.63542505833772
910032,lagged_E_to_Y,zeta_only,0.8008207917591665,67.23114771197665
910032,lagged_E_to_Y,generic_hidden_oscillator,14.360773545117402,59.34350407853135
910032,lagged_E_to_Y,null_no_coupling,32.26790275111384,110.51452305710252
910032,lagged_E_to_Y,replay_only_basis,14.669633028849347,19.866828069961596
910032,recovery_probe,full_reciprocal,0.5308340942535873,1.461166939032828
910032,recovery_probe,eta_only,3.4394584031004065,74.76546436362882
910032,recovery_probe,zeta_only,1.849135320392729,65.8642476636729
910032,recovery_probe,generic_hidden_oscillator,1.8458785645401825,71.5869268061302
910032,recovery_probe,null_no_coupling,3.707503333665289,139.07492247455104
910032,recovery_probe,replay_only_basis,1.5259700314986464,25.73463840451827
910032,lagged_Y_to_E,full_reciprocal,0.405061628875545,1.5795909630995313
910032,lagged_Y_to_E,eta_only,3.466145193349864,76.92497334972352
910032,lagged_Y_to_E,zeta_only,32.79320869409115,34.93414056813616
910032,lagged_Y_to_E,generic_hidden_oscillator,15.712175568093397,57.72062980257698
910032,lagged_Y_to_E,null_no_coupling,31.22148898261343,111.56093682560292
910032,lagged_Y_to_E,replay_only_basis,27.357759180226434,15.01959597388729
910033,doublet_EY,full_reciprocal,0.11396057273696103,2.4667764438169844
910033,doublet_EY,eta_only,15.741080864175242,55.69871260777794
910033,doublet_EY,zeta_only,13.264770802861378,51.2016170761314
910033,doublet_EY,generic_hidden_oscillator,16.553584344156736,61.229504058937216
910033,doublet_EY,null_no_coupling,9.801328900748379,121.27287735932381
910033,doublet_EY,replay_only_basis,4.26815903228965,24.81327069422888
910033,orthogonal_trap,full_reciprocal,0.3372971965174641,2.243439820036481
910033,orthogonal_trap,eta_only,22.207737605669458,48.42146057774064
910033,orthogonal_trap,zeta_only,10.841683282570388,54.201817618558465
910033,orthogonal_trap,generic_hidden_oscillator,24.798184466649353,46.198395826270676
910033,orthogonal_trap,null_no_coupling,40.32708834810955,90.74711791196266
910033,orthogonal_trap,replay_only_basis,5.355571444851568,25.993746522877327
910033,counterphase,full_reciprocal,1.1904839297691283,1.4126413164697884
910033,counterphase,eta_only,2.0734026202333404,67.96745137088537
910033,counterphase,zeta_only,8.007491793187008,55.793101811693404
910033,counterphase,generic_hidden_oscillator,10.642405620193502,59.74066414859851
910033,counterphase,null_no_coupling,15.606147415090662,115.46805884498153
910033,counterphase,replay_only_basis,3.862798211360668,22.066073068094965
910033,lagged_E_to_Y,full_reciprocal,0.708810855940766,2.124736074256611
910033,lagged_E_to_Y,eta_only,32.81775485438158,37.009986569445736
910033,lagged_E_to_Y,zeta_only,0.11604025510303219,63.71265857571287
910033,lagged_E_to_Y,generic_hidden_oscillator,16.063054525138927,54.475225974467094
910033,lagged_E_to_Y,null_no_coupling,31.45135387470127,99.62285238537092
910033,lagged_E_to_Y,replay_only_basis,15.78158946183,17.265133999168324
910033,recovery_probe,full_reciprocal,0.040752244010634917,2.5399847725433102
910033,recovery_probe,eta_only,1.1731298228511051,68.65461160097622
910033,recovery_probe,zeta_only,1.1084499778814627,62.692143626998956
910033,recovery_probe,generic_hidden_oscillator,0.27840376174793036,70.10466600704407
910033,recovery_probe,null_no_coupling,1.4733223649279892,129.60088389514422
910033,recovery_probe,replay_only_basis,0.1096773234111437,24.870704510453677
910033,lagged_Y_to_E,full_reciprocal,1.4230773273723152,1.7497577736740269
910033,lagged_Y_to_E,eta_only,1.7375697443440368,68.78964141990053
910033,lagged_Y_to_E,zeta_only,33.989212544098535,29.83948628671737
910033,lagged_Y_to_E,generic_hidden_oscillator,15.33257961114746,55.20570088845856
910033,lagged_Y_to_E,null_no_coupling,32.41496535649435,98.65924090357785
910033,lagged_Y_to_E,replay_only_basis,23.550559049561333,16.67878969552266
910034,doublet_EY,full_reciprocal,0.055776066583457184,1.0553541785101315
910034,doublet_EY,eta_only,16.67027412255004,55.668064989281724
910034,doublet_EY,zeta_only,14.93805053288305,58.416911969979324
910034,doublet_EY,generic_hidden_oscillator,18.7197595888802,59.516509773440916
910034,doublet_EY,null_no_coupling,11.388745380433548,129.39305991471943
910034,doublet_EY,replay_only_basis,4.401892863387582,21.54856898090821
910034,orthogonal_trap,full_reciprocal,0.29237329258798594,0.8040423033525445
910034,orthogonal_trap,eta_only,21.991802530534095,49.95452574227977
910034,orthogonal_trap,zeta_only,14.2045844539594,59.45045647142041
910034,orthogonal_trap,generic_hidden_oscillator,23.461232565189896,47.54900204336636
910034,orthogonal_trap,null_no_coupling,43.065619542344464,97.71618575280851
910034,orthogonal_trap,replay_only_basis,5.849641619972753,23.4365214987021
910034,counterphase,full_reciprocal,0.04915406965785215,1.047261526282678
910034,counterphase,eta_only,4.11118853026409,67.16307866035336
910034,counterphase,zeta_only,9.292183657572153,63.734464291807924
910034,counterphase,generic_hidden_oscillator,17.086896872511318,52.94383218679791
910034,counterphase,null_no_coupling,21.40843553559257,119.37336975956042
910034,counterphase,replay_only_basis,2.0365708774309756,21.26197024990477
910034,lagged_E_to_Y,full_reciprocal,0.050439766267172656,1.0459758296733577
910034,lagged_E_to_Y,eta_only,29.626052577789324,41.35138515563171
910034,lagged_E_to_Y,zeta_only,0.7458988570239734,72.32377231593702
910034,lagged_E_to_Y,generic_hidden_oscillator,12.444222158540734,57.5865069007685
910034,lagged_E_to_Y,null_no_coupling,28.30508724703487,112.47671804811812
910034,lagged_E_to_Y,replay_only_basis,11.965117795499426,16.387574847795307
910034,recovery_probe,full_reciprocal,0.6323839892960325,0.46403160664449794
910034,recovery_probe,eta_only,2.777223967224325,68.20021376619671
910034,recovery_probe,zeta_only,3.0078688494586716,69.76790634888478
910034,recovery_probe,generic_hidden_oscillator,0.16671222370849453,69.86401683560074
910034,recovery_probe,null_no_coupling,3.42395126737512,137.35785402777788
910034,recovery_probe,replay_only_basis,0.8593427319207564,21.44414674757644
910034,lagged_Y_to_E,full_reciprocal,0.04069939570264098,1.0557162002378895
910034,lagged_Y_to_E,eta_only,4.7261824431350306,68.81625371150031
910034,lagged_Y_to_E,zeta_only,34.33862580961545,38.437149388728
910034,lagged_Y_to_E,generic_hidden_oscillator,13.757947296367286,56.610990006315454
910034,lagged_Y_to_E,null_no_coupling,33.18996632237242,107.59183897278058
910034,lagged_Y_to_E,replay_only_basis,21.78972507576122,14.721403309580978
910035,doublet_EY,full_reciprocal,0.5206130945851651,2.6577791597613425
910035,doublet_EY,eta_only,17.49871582022378,62.897969219739565
910035,doublet_EY,zeta_only,18.628241895913987,46.33776195904924
910035,doublet_EY,generic_hidden_oscillator,10.415140328084028,65.7997808454034
910035,doublet_EY,null_no_coupling,15.68568538928048,126.95899485369787
910035,doublet_EY,replay_only_basis,6.304061812267767,21.435753777548115
910035,orthogonal_trap,full_reciprocal,1.4774104561923629,1.613189085725248
910035,orthogonal_trap,eta_only,24.19806297221077,56.64080910835556
910035,orthogonal_trap,zeta_only,8.795863808158593,56.76479432440765
910035,orthogonal_trap,generic_hidden_oscillator,26.19331100420854,46.027905923406166
910035,orthogonal_trap,null_no_coupling,41.485853617159215,101.15882662581913
910035,orthogonal_trap,replay_only_basis,4.743828448362746,23.829045882099777
910035,counterphase,full_reciprocal,0.4072225969767387,2.683376944940872
910035,counterphase,eta_only,5.041787013084239,75.12369086983136
910035,counterphase,zeta_only,5.969054644734184,58.56332533974216
910035,counterphase,generic_hidden_oscillator,18.216027528531264,53.63080244254708
910035,counterphase,null_no_coupling,19.908989410395833,122.73569083258252
910035,counterphase,replay_only_basis,1.9740503067644346,20.925593193445877
910035,lagged_E_to_Y,full_reciprocal,0.10582300510000887,2.9847765368176016
910035,lagged_E_to_Y,eta_only,33.80046524347163,46.0668500667932
910035,lagged_E_to_Y,zeta_only,1.5323164819948147,63.130844490232946
910035,lagged_E_to_Y,generic_hidden_oscillator,13.255196964310285,58.96601996330442
910035,lagged_E_to_Y,null_no_coupling,32.76730185975546,109.87737838322286
910035,lagged_E_to_Y,replay_only_basis,13.436393894413477,16.20773385702056
910035,recovery_probe,full_reciprocal,0.7549829342715892,2.3356166076460214
910035,recovery_probe,eta_only,2.0815472050330595,77.78576810523177
910035,recovery_probe,zeta_only,1.9389809825815525,62.36902471181017
910035,recovery_probe,generic_hidden_oscillator,0.4514863735796461,71.3953435974987
910035,recovery_probe,null_no_coupling,2.236185493814283,140.40849474916402
910035,recovery_probe,replay_only_basis,0.32066505439575,21.914352460718394
910035,lagged_Y_to_E,full_reciprocal,0.2049486819125121,2.9734435724339954
910035,lagged_Y_to_E,eta_only,4.253237752969841,78.17374351669199
910035,lagged_Y_to_E,zeta_only,31.784366093786375,32.54979579815563
910035,lagged_Y_to_E,generic_hidden_oscillator,12.277341120251764,59.94387580736294
910035,lagged_Y_to_E,null_no_coupling,30.560664472573063,112.08401577040526
910035,lagged_Y_to_E,replay_only_basis,20.30683825580544,15.476607434121181
910036,doublet_EY,full_reciprocal,0.643798769763038,1.0176557821261185
910036,doublet_EY,eta_only,11.44661184511607,47.35988451422335
910036,doublet_EY,zeta_only,13.821506868276948,48.72434778721462
910036,doublet_EY,generic_hidden_oscillator,21.830754071599873,53.21117373284192
910036,doublet_EY,null_no_coupling,6.992604369056146,111.91078790769586
910036,doublet_EY,replay_only_basis,2.305215688659819,21.774073262506313
910036,orthogonal_trap,full_reciprocal,0.2408522362446001,1.4206023156445564
910036,orthogonal_trap,eta_only,16.064809048578166,42.041207053002346
910036,orthogonal_trap,zeta_only,9.128516081333022,53.231853677831026
910036,orthogonal_trap,generic_hidden_oscillator,18.376318330739476,47.148026002798694
910036,orthogonal_trap,null_no_coupling,32.56792685950861,86.33546541724337
910036,orthogonal_trap,replay_only_basis,2.628227220508969,23.219909966625607
910036,counterphase,full_reciprocal,0.03035359446033146,1.5998260721771747
910036,counterphase,eta_only,3.244032849056391,54.251616054075896
910036,counterphase,zeta_only,8.176545537526437,53.415592464857895
910036,counterphase,generic_hidden_oscillator,14.47220989796499,50.530938629753905
910036,counterphase,null_no_coupling,18.35181706694915,100.55157520980285
910036,counterphase,replay_only_basis,2.400153498691215,20.508393634318264
910036,lagged_E_to_Y,full_reciprocal,0.5419083244988019,1.323386567616206
910036,lagged_E_to_Y,eta_only,28.19192388736015,29.06858944232392
910036,lagged_E_to_Y,zeta_only,0.23557844167888592,61.305549531494265
910036,lagged_E_to_Y,generic_hidden_oscillator,12.089430103117492,53.02277179626103
910036,lagged_E_to_Y,null_no_coupling,27.047386682648057,91.85600559410392
910036,lagged_E_to_Y,replay_only_basis,13.492993252306377,14.775647349518689
910036,recovery_probe,full_reciprocal,0.44971332339908293,1.1804663432384233
910036,recovery_probe,eta_only,1.874618557898493,55.38589477178557
910036,recovery_probe,zeta_only,0.5809453102012488,60.939573230046626
910036,recovery_probe,generic_hidden_oscillator,1.6414724384431958,63.36167608927569
910036,recovery_probe,null_no_coupling,1.7937839937994133,117.10960828295259
910036,recovery_probe,replay_only_basis,0.8334596475643605,20.70189887216548
910036,lagged_Y_to_E,full_reciprocal,0.46760562216896284,1.2751550816947264
910036,lagged_Y_to_E,eta_only,3.005345928761954,55.801150430577465
910036,lagged_Y_to_E,zeta_only,33.086931805269444,28.45419616790371
910036,lagged_Y_to_E,generic_hidden_oscillator,14.128499079439573,51.395845254098596
910036,lagged_Y_to_E,null_no_coupling,32.14987330479061,86.7535189719614
910036,lagged_Y_to_E,replay_only_basis,24.235701108790753,13.02893451465331
910037,doublet_EY,full_reciprocal,1.5373583475513701,1.4877956034271764
910037,doublet_EY,eta_only,13.838675103794166,53.98196581766215
910037,doublet_EY,zeta_only,19.55467393167654,59.87812494342076
910037,doublet_EY,generic_hidden_oscillator,22.502218522547953,66.04867981717403
910037,doublet_EY,null_no_coupling,11.056414971955316,132.2299649208585
910037,doublet_EY,replay_only_basis,4.387079723699079,23.840946802289743
910037,orthogonal_trap,full_reciprocal,0.7525639214998909,2.244580939088191
910037,orthogonal_trap,eta_only,21.87849586985169,45.46231735516061
910037,orthogonal_trap,zeta_only,12.794949668941566,66.74020067982367
910037,orthogonal_trap,generic_hidden_oscillator,25.685270240548903,52.94647114549785
910037,orthogonal_trap,null_no_coupling,42.46353587205121,100.82284402076262
910037,orthogonal_trap,replay_only_basis,5.017113758562689,25.443614719839456
910037,counterphase,full_reciprocal,0.16580690078454027,2.9171307288189547
910037,counterphase,eta_only,4.596054140045112,62.090261374255995
910037,counterphase,zeta_only,11.19254975560101,67.20793981415041
910037,counterphase,generic_hidden_oscillator,19.423220498355413,58.83653580180887
910037,counterphase,null_no_coupling,23.988047611566415,119.29833228124743
910037,counterphase,replay_only_basis,3.0727996705816736,23.45844731409648
910037,lagged_E_to_Y,full_reciprocal,0.3730481279208137,2.695539466690798
910037,lagged_E_to_Y,eta_only,29.159689122924284,37.24736030566563
910037,lagged_E_to_Y,zeta_only,1.6460828797685472,76.70788329286108
910037,lagged_E_to_Y,generic_hidden_oscillator,10.144643425168118,68.48709796087864
910037,lagged_E_to_Y,null_no_coupling,28.138350644142673,115.14802924867116
910037,lagged_E_to_Y,replay_only_basis,15.803637471035792,15.508355666763192
910037,recovery_probe,full_reciprocal,0.3124311824961961,2.684713678091885
910037,recovery_probe,eta_only,0.9184383859848112,65.4886110426051
910037,recovery_probe,zeta_only,1.0828723741234954,77.01301647216965
910037,recovery_probe,generic_hidden_oscillator,1.0187158953575415,77.17214438142426
910037,recovery_probe,null_no_coupling,1.2845643494118628,142.00181554340196
910037,recovery_probe,replay_only_basis,0.789193936107582,23.336770007006542
910037,lagged_Y_to_E,full_reciprocal,0.0879660113436329,2.9091788492444484
910037,lagged_Y_to_E,eta_only,4.624324555704374,64.41797678004073
910037,lagged_Y_to_E,zeta_only,37.778323786361405,40.31756505993175
910037,lagged_Y_to_E,generic_hidden_oscillator,17.21253510857134,61.41920627747542
910037,lagged_Y_to_E,null_no_coupling,36.35546644368635,106.93091344912747
910037,lagged_Y_to_E,replay_only_basis,21.581276266541916,17.841712903481685
910038,doublet_EY,full_reciprocal,1.0798112198165928,2.7625670359757484
910038,doublet_EY,eta_only,22.879104985268988,60.658180224200265
910038,doublet_EY,zeta_only,18.118299689748987,55.62306313498642
910038,doublet_EY,generic_hidden_oscillator,10.870257002452817,70.61242792734083
910038,doublet_EY,null_no_coupling,17.746156571094726,134.81829929243563
910038,doublet_EY,replay_only_basis,8.585202419469963,23.32822929115443
910038,orthogonal_trap,full_reciprocal,0.9530372833290179,2.9599756180416703
910038,orthogonal_trap,eta_only,21.048751147299186,62.229183330138504
910038,orthogonal_trap,zeta_only,10.496093515553612,63.24019629422891
910038,orthogonal_trap,generic_hidden_oscillator,22.361429205316977,55.18320813411573
910038,orthogonal_trap,null_no_coupling,40.83821181973094,111.72624404379941
910038,orthogonal_trap,replay_only_basis,5.317060092439021,26.2580632406015
910038,counterphase,full_reciprocal,0.9867991866175422,2.780268586117418
910038,counterphase,eta_only,6.363176968641587,76.2161644052024
910038,counterphase,zeta_only,6.613488446564277,66.84683939445489
910038,counterphase,generic_hidden_oscillator,21.53179184135206,55.21644537571599
910038,counterphase,null_no_coupling,22.54428395321171,130.02017191031865
910038,counterphase,replay_only_basis,0.8391206850303243,25.3094869987844
910038,lagged_E_to_Y,full_reciprocal,0.14207344548931924,3.6485921050883823
910038,lagged_E_to_Y,eta_only,33.50924683633525,48.798603205321385
910038,lagged_E_to_Y,zeta_only,1.5692281890051303,72.17213463573027
910038,lagged_E_to_Y,generic_hidden_oscillator,13.194609119676441,63.781472449801385
910038,lagged_E_to_Y,null_no_coupling,32.0763081870849,120.48814767644545
910038,lagged_E_to_Y,replay_only_basis,12.877364055466334,19.460299284162872
910038,recovery_probe,full_reciprocal,0.7794495687781642,2.9876182039567962
910038,recovery_probe,eta_only,3.282369643536189,78.97361025171413
910038,recovery_probe,zeta_only,2.156035548157374,71.02905504052029
910038,recovery_probe,generic_hidden_oscillator,0.8153896790233511,75.89522518299958
910038,recovery_probe,null_no_coupling,3.3424564950761053,149.22199936845425
910038,recovery_probe,replay_only_basis,0.5690817274966975,24.722547243223183
910038,lagged_Y_to_E,full_reciprocal,0.5405739492711603,3.3384751435505278
910038,lagged_Y_to_E,eta_only,2.0912340727400367,81.44605113672922
910038,lagged_Y_to_E,zeta_only,37.657311181454745,35.52850412364475
910038,lagged_Y_to_E,generic_hidden_oscillator,17.528979806923836,59.44710176255399
910038,lagged_Y_to_E,null_no_coupling,36.01703883733198,116.54741702619837
910038,lagged_Y_to_E,replay_only_basis,26.7435415994382,14.933121282316934
910039,doublet_EY,full_reciprocal,0.758169925536532,3.152217849606523
910039,doublet_EY,eta_only,19.31420929764669,52.852371645352086
910039,doublet_EY,zeta_only,20.21871971987084,65.73291034166891
910039,doublet_EY,generic_hidden_oscillator,14.568814570128833,60.55166612787705
910039,doublet_EY,null_no_coupling,17.517329195719185,131.9796141449475
910039,doublet_EY,replay_only_basis,7.0746782738432215,19.276759923276845
910039,orthogonal_trap,full_reciprocal,0.07517784521967845,3.8352099299233773
910039,orthogonal_trap,eta_only,23.41064781212171,48.681458353196184
910039,orthogonal_trap,zeta_only,16.589935489957817,70.56507273436208
910039,orthogonal_trap,generic_hidden_oscillator,24.961211984129946,43.83029110042419
910039,orthogonal_trap,null_no_coupling,46.165817918263876,103.33112542240283
910039,orthogonal_trap,replay_only_basis,6.616463362634833,21.642022529838442
910039,counterphase,full_reciprocal,0.08400413892385043,3.81211389339511
910039,counterphase,eta_only,4.5312719134474255,66.82526595740664
910039,counterphase,zeta_only,11.411110908296068,74.15579931017103
910039,counterphase,generic_hidden_oscillator,18.726575023221418,49.34974409348867
910039,counterphase,null_no_coupling,24.0092753601169,125.48766798054979
910039,counterphase,replay_only_basis,2.4161626336758086,19.93748529736697
910039,lagged_E_to_Y,full_reciprocal,1.6351230666675298,2.5329814032218305
910039,lagged_E_to_Y,eta_only,24.544206279322285,46.46688987760413
910039,lagged_E_to_Y,zeta_only,3.6162028032953506,83.20149836642912
910039,lagged_E_to_Y,generic_hidden_oscillator,10.038195435886248,58.03812368082383
910039,lagged_E_to_Y,null_no_coupling,22.831176749586778,126.66576659107994
910039,lagged_E_to_Y,replay_only_basis,7.450661473268822,17.02259599788715
910039,recovery_probe,full_reciprocal,0.6123848181395575,3.283733214179403
910039,recovery_probe,eta_only,0.8368415195823035,70.15935968180796
910039,recovery_probe,zeta_only,2.3326116452197043,83.01162846700595
910039,recovery_probe,generic_hidden_oscillator,0.48189197194114297,67.59442714476894
910039,recovery_probe,null_no_coupling,1.6453676082974322,147.8515757323693
910039,recovery_probe,replay_only_basis,0.850924326611439,19.356678884493412
910039,lagged_Y_to_E,full_reciprocal,1.520067060074834,2.515052921746012
910039,lagged_Y_to_E,eta_only,7.48804202583659,65.81912874769839
910039,lagged_Y_to_E,zeta_only,38.081924282786915,47.26231582943874
910039,lagged_Y_to_E,generic_hidden_oscillator,12.327307481454028,56.46419560310011
910039,lagged_Y_to_E,null_no_coupling,37.32797650868253,112.16896683198419
910039,lagged_Y_to_E,replay_only_basis,19.356428648671848,15.31524520755459
910040,doublet_EY,full_reciprocal,0.43160170035051976,1.6195931245679693
910040,doublet_EY,eta_only,16.60042778887331,53.62891794890706
910040,doublet_EY,zeta_only,16.79300661072025,50.642524893834434
910040,doublet_EY,generic_hidden_oscillator,13.048347391438108,52.557557638625866
910040,doublet_EY,null_no_coupling,14.604409079611786,116.16571504604175
910040,doublet_EY,replay_only_basis,6.6964402247304795,22.04970935787424
910040,orthogonal_trap,full_reciprocal,0.2522822238023066,1.7989126011161825
910040,orthogonal_trap,eta_only,25.88252294754753,45.41083144970113
910040,orthogonal_trap,zeta_only,14.532567419705371,54.054946965183575
910040,orthogonal_trap,generic_hidden_oscillator,25.797661064010462,34.1794672790791
910040,orthogonal_trap,null_no_coupling,44.537653031675376,86.23247109397815
910040,orthogonal_trap,replay_only_basis,8.392589991284861,23.340317561319573
910040,counterphase,full_reciprocal,1.2491671297516929,0.8272827502893123
910040,counterphase,eta_only,1.9599759818157385,67.7820800766456
910040,counterphase,zeta_only,8.33718170834154,58.45239620760611
910040,counterphase,generic_hidden_oscillator,10.376952352020336,49.242961358191025
910040,counterphase,null_no_coupling,15.494576365407585,115.27554776024593
910040,counterphase,replay_only_basis,4.54081536811881,19.157652087850792
910040,lagged_E_to_Y,full_reciprocal,0.11934505726567411,1.957104822775331
910040,lagged_E_to_Y,eta_only,27.07241904416498,42.4568352824027
910040,lagged_E_to_Y,zeta_only,1.2582604848728338,65.8774392799375
910040,lagged_E_to_Y,generic_hidden_oscillator,9.781292973639717,49.83862073657165
910040,lagged_E_to_Y,null_no_coupling,26.047007338999414,104.72311678665412
910040,lagged_E_to_Y,replay_only_basis,11.67084757950395,17.435220571488856
910040,recovery_probe,full_reciprocal,0.06561245135884675,1.9483050430128181
910040,recovery_probe,eta_only,1.6408727717519702,67.8883815548157
910040,recovery_probe,zeta_only,1.4350545695390524,65.35452334640858
910040,recovery_probe,generic_hidden_oscillator,0.26785415188220874,59.297933987950955
910040,recovery_probe,null_no_coupling,1.992609703769463,128.7775144218841
910040,recovery_probe,replay_only_basis,0.19461770009054585,22.566998429892415
910040,lagged_Y_to_E,full_reciprocal,0.23767576246942937,1.7762417319022354
910040,lagged_Y_to_E,eta_only,5.254979930065833,67.17538371892722
910040,lagged_Y_to_E,zeta_only,29.3161482603614,37.49657471014541
910040,lagged_Y_to_E,generic_hidden_oscillator,10.91501228642912,48.704901423782246
910040,lagged_Y_to_E,null_no_coupling,28.093868606189904,102.67625551946364
910040,lagged_Y_to_E,replay_only_basis,17.194491972388676,17.350983312441453
910041,doublet_EY,full_reciprocal,0.33424659913982974,1.9891816766220225
910041,doublet_EY,eta_only,15.906990915023215,73.731244527512
910041,doublet_EY,zeta_only,14.903048970538553,50.147073059748735
910041,doublet_EY,generic_hidden_oscillator,27.01499188862296,63.537670330588924
910041,doublet_EY,null_no_coupling,9.253001933016462,139.69830279205368
910041,doublet_EY,replay_only_basis,2.3856251088101015,26.936433858806886
910041,orthogonal_trap,full_reciprocal,0.5243504926460869,1.7990777831157654
910041,orthogonal_trap,eta_only,26.693452249581,63.005951291535624
910041,orthogonal_trap,zeta_only,12.907156199949782,51.688266502275965
910041,orthogonal_trap,generic_hidden_oscillator,26.343018049458895,52.26341717605297
910041,orthogonal_trap,null_no_coupling,46.22006731668556,102.73123740838457
910041,orthogonal_trap,replay_only_basis,7.030653812676177,27.600222570456218
910041,counterphase,full_reciprocal,0.41911877036763184,1.8596863014078728
910041,counterphase,eta_only,3.9848793384989127,84.19320833642394
910041,counterphase,zeta_only,6.534636079252818,57.38229301010455
910041,counterphase,generic_hidden_oscillator,15.9744720129404,61.526817617246465
910041,counterphase,null_no_coupling,18.93943001524519,130.01187470982495
910041,counterphase,replay_only_basis,2.810609882874782,23.66719762406435
910041,lagged_E_to_Y,full_reciprocal,0.5351088815988791,1.935187169199519
910041,lagged_E_to_Y,eta_only,41.80983601667259,46.17044116265333
910041,lagged_E_to_Y,zeta_only,0.6993905315778702,63.175831810280165
910041,lagged_E_to_Y,generic_hidden_oscillator,18.041122704915537,59.89384159298798
910041,lagged_E_to_Y,null_no_coupling,40.59073562086296,108.3605691042072
910041,lagged_E_to_Y,replay_only_basis,19.46582786804573,16.67506358675961
910041,recovery_probe,full_reciprocal,0.728238405481306,1.5505666662941988
910041,recovery_probe,eta_only,4.518041250829774,83.46223592849616
910041,recovery_probe,zeta_only,1.642472550940278,62.23274979091776
910041,recovery_probe,generic_hidden_oscillator,2.3672852855181343,75.13400434466872
910041,recovery_probe,null_no_coupling,4.3752003181377965,144.57610440693236
910041,recovery_probe,replay_only_basis,1.1662957303979422,25.567313887515972
910041,lagged_Y_to_E,full_reciprocal,0.29421141104253684,2.001309116056941
910041,lagged_Y_to_E,eta_only,4.031130346147851,85.60710509638737
910041,lagged_Y_to_E,zeta_only,30.595118484570428,33.28010385728761
910041,lagged_Y_to_E,generic_hidden_oscillator,10.65364082453575,67.28132347336776
910041,lagged_Y_to_E,null_no_coupling,29.57286952112218,119.37843520394797
910041,lagged_Y_to_E,replay_only_basis,22.471851882145433,18.597611661952964
910042,doublet_EY,full_reciprocal,0.5837454608937203,1.5095075745177915
910042,doublet_EY,eta_only,15.318711296267784,57.52178270295414
910042,doublet_EY,zeta_only,19.12577160884225,52.98587145304166
910042,doublet_EY,generic_hidden_oscillator,17.042195105908853,61.24533708740959
910042,doublet_EY,null_no_coupling,14.095383755869971,127.54168514939307
910042,doublet_EY,replay_only_basis,6.62787765189538,26.127992627503325
910042,orthogonal_trap,full_reciprocal,0.6748191361373622,1.5016914012293272
910042,orthogonal_trap,eta_only,17.80148912233699,55.385239132797544
910042,orthogonal_trap,zeta_only,9.210589903650451,62.59830495961043
910042,orthogonal_trap,generic_hidden_oscillator,19.413838190448033,51.255879426404945
910042,orthogonal_trap,null_no_coupling,36.41375853335206,105.22331037191098
910042,orthogonal_trap,replay_only_basis,2.9491971032932724,28.309875420283745
910042,counterphase,full_reciprocal,0.3311288190353486,1.6444393117741614
910042,counterphase,eta_only,4.439997981236793,68.09732427241958
910042,counterphase,zeta_only,10.96760266085581,60.60785525988031
910042,counterphase,generic_hidden_oscillator,17.16175240748823,53.14203280119425
910042,counterphase,null_no_coupling,22.69394506568055,118.9431238395825
910042,counterphase,replay_only_basis,3.7348185728157683,25.61376246388634
910042,lagged_E_to_Y,full_reciprocal,1.0043560541609753,1.414891275969014
910042,lagged_E_to_Y,eta_only,35.86466567513695,36.39848220204129
910042,lagged_E_to_Y,zeta_only,0.7821410179958167,70.60312970287599
910042,lagged_E_to_Y,generic_hidden_oscillator,14.565143469808937,56.10457414704403
910042,lagged_E_to_Y,null_no_coupling,34.76686460383726,106.87020430142579
910042,lagged_E_to_Y,replay_only_basis,17.85658611353742,17.984090203391723
910042,recovery_probe,full_reciprocal,0.39776253429471053,1.5778055965147995
910042,recovery_probe,eta_only,1.7858880722450579,70.47725980493318
910042,recovery_probe,zeta_only,0.5155387473329581,70.86973197353885
910042,recovery_probe,generic_hidden_oscillator,1.1875288341559513,69.05341302885601
910042,recovery_probe,null_no_coupling,1.5450177723696206,140.09205113289343
910042,recovery_probe,replay_only_basis,0.29962874445633625,26.366345705553844
910042,lagged_Y_to_E,full_reciprocal,0.09361366683261212,1.8819544639768977
910042,lagged_Y_to_E,eta_only,4.642802406917075,70.27596421434858
910042,lagged_Y_to_E,zeta_only,33.40215097770758,37.98311974316423
910042,lagged_Y_to_E,generic_hidden_oscillator,14.597493956525353,55.70629125215712
910042,lagged_Y_to_E,null_no_coupling,32.12209917415359,109.51496973110946
910042,lagged_Y_to_E,replay_only_basis,24.783818537798275,17.201534361451472
910043,doublet_EY,full_reciprocal,0.6798813597448385,2.7907770427251064
910043,doublet_EY,eta_only,17.3754767124488,51.48698767230928
910043,doublet_EY,zeta_only,12.614700039391131,66.14434043736222
910043,doublet_EY,generic_hidden_oscillator,25.507620601467586,63.52894216350164
910043,doublet_EY,null_no_coupling,8.632258935821278,134.91546305273766
910043,doublet_EY,replay_only_basis,2.829124920067018,28.152431820623306
910043,orthogonal_trap,full_reciprocal,1.4392941859374617,2.378157141118768
910043,orthogonal_trap,eta_only,16.034463410543307,52.178503415258426
910043,orthogonal_trap,zeta_only,10.24444209658183,68.31216989212038
910043,orthogonal_trap,generic_hidden_oscillator,18.414264496960143,58.93691628540866
910043,orthogonal_trap,null_no_coupling,35.225720494170915,108.32200149438802
910043,orthogonal_trap,replay_only_basis,3.4494843602112053,29.72982217359034
910043,counterphase,full_reciprocal,0.46052606271284197,3.010132339757103
910043,counterphase,eta_only,4.402801835212618,63.189601252380406
910043,counterphase,zeta_only,10.159039840977734,67.8948058993669
910043,counterphase,generic_hidden_oscillator,18.714651620284467,58.033342505511676
910043,counterphase,null_no_coupling,22.681045170384493,120.86667681817445
910043,counterphase,replay_only_basis,4.17801819774359,26.004854124276573
910043,lagged_E_to_Y,full_reciprocal,0.2894099664974902,3.2643074426993466
910043,lagged_E_to_Y,eta_only,30.575760540339708,36.77131043404458
910043,lagged_E_to_Y,zeta_only,0.5751293834575565,77.41628369731365
910043,lagged_E_to_Y,generic_hidden_oscillator,11.956775866870581,64.94126705596189
910043,lagged_E_to_Y,null_no_coupling,29.263521740670534,114.2842002478884
910043,lagged_E_to_Y,replay_only_basis,14.061679563707138,21.533509886793887
910043,recovery_probe,full_reciprocal,0.560769422175447,2.9098889802944976
910043,recovery_probe,eta_only,3.3174072000504156,64.02966377433387
910043,recovery_probe,zeta_only,1.6295072962033292,76.31129866255509
910043,recovery_probe,generic_hidden_oscillator,1.1016358970598943,75.64635822873626
910043,recovery_probe,null_no_coupling,3.2718236818050483,140.2758983067539
910043,recovery_probe,replay_only_basis,0.9870792011192516,27.487985257687477
910043,lagged_Y_to_E,full_reciprocal,2.8116791554660945,2.0322881947051927
910043,lagged_Y_to_E,eta_only,1.1692873773481214,66.30768310882742
910043,lagged_Y_to_E,zeta_only,45.63784098235114,32.28215408988281
910043,lagged_Y_to_E,generic_hidden_oscillator,22.0070073147938,55.344173467575
910043,lagged_Y_to_E,null_no_coupling,44.47335196570667,99.07437002285228
910043,lagged_Y_to_E,replay_only_basis,35.94206156429493,14.396537225046277
910044,doublet_EY,full_reciprocal,2.1380833742717753,1.9939372845592338
910044,doublet_EY,eta_only,15.462106079061076,65.92374355031963
910044,doublet_EY,zeta_only,24.886650779242686,44.688536007733404
910044,doublet_EY,generic_hidden_oscillator,9.686287018108393,70.31770755280517
910044,doublet_EY,null_no_coupling,18.152051144023154,128.95523766528808
910044,doublet_EY,replay_only_basis,10.584512538166901,26.071788751174367
910044,orthogonal_trap,full_reciprocal,0.24158098000005665,3.630745527744809
910044,orthogonal_trap,eta_only,22.63926775039609,59.88345771497072
910044,orthogonal_trap,zeta_only,10.036514584796976,59.35188548311908
910044,orthogonal_trap,generic_hidden_oscillator,23.78356473975189,52.40134581426477
910044,orthogonal_trap,null_no_coupling,41.36573382627042,105.74155498304081
910044,orthogonal_trap,replay_only_basis,6.24175830312953,29.058275759984113
910044,counterphase,full_reciprocal,1.3447930898920029,2.640475971252844
910044,counterphase,eta_only,4.385167023201205,76.81865727417254
910044,counterphase,zeta_only,4.321162321395028,64.46314364088005
910044,counterphase,generic_hidden_oscillator,17.39699278433966,58.363639319147545
910044,counterphase,null_no_coupling,17.79317528858828,129.31411352072297
910044,counterphase,replay_only_basis,0.458894395656844,28.00767611166289
910044,lagged_E_to_Y,full_reciprocal,0.5381646491217491,3.5341918687057
910044,lagged_E_to_Y,eta_only,38.66317959348455,42.44404155739269
910044,lagged_E_to_Y,zeta_only,0.40550803077367814,68.16437348600289
910044,lagged_E_to_Y,generic_hidden_oscillator,16.898947031273686,59.285963522742975
910044,lagged_E_to_Y,null_no_coupling,37.31558327601493,109.79170553329631
910044,lagged_E_to_Y,replay_only_basis,20.177391650305527,17.643136081613594
910044,recovery_probe,full_reciprocal,0.3743584787698153,3.4659329659975744
910044,recovery_probe,eta_only,2.2780344553345553,78.82918669554267
910044,recovery_probe,zeta_only,1.5715740151285917,66.97755342175242
910044,recovery_probe,generic_hidden_oscillator,1.50392307361475,74.25670902987245
910044,recovery_probe,null_no_coupling,2.66789258795995,144.4393962213513
910044,recovery_probe,replay_only_basis,1.3729913841938113,27.545249935733292
910044,lagged_Y_to_E,full_reciprocal,0.40779409173952186,3.432497353027868
910044,lagged_Y_to_E,eta_only,5.713083230192126,78.760041584699
910044,lagged_Y_to_E,zeta_only,31.177077810291152,37.392803706485424
910044,lagged_Y_to_E,generic_hidden_oscillator,14.666951202386421,61.15427559511551
910044,lagged_Y_to_E,null_no_coupling,29.812852686454487,117.29443612285675
910044,lagged_Y_to_E,replay_only_basis,21.910836440543918,20.38602640131168
910045,doublet_EY,full_reciprocal,0.20077275525176946,2.7181357885408826
910045,doublet_EY,eta_only,15.39512045719003,51.32389632824541
910045,doublet_EY,zeta_only,11.825600598217395,49.79120949262959
910045,doublet_EY,generic_hidden_oscillator,14.471491858454948,58.857310624867424
910045,doublet_EY,null_no_coupling,9.661375731096866,114.19086495719634
910045,doublet_EY,replay_only_basis,4.067634229910045,21.272036384648587
910045,orthogonal_trap,full_reciprocal,0.44977827280830085,2.4769982860243838
910045,orthogonal_trap,eta_only,18.38599499387639,48.545141829773485
910045,orthogonal_trap,zeta_only,7.829667138458511,54.02590592731193
910045,orthogonal_trap,generic_hidden_oscillator,19.973786629774253,47.078276647385294
910045,orthogonal_trap,null_no_coupling,33.88378063090653,89.9684600573867
910045,orthogonal_trap,replay_only_basis,2.821266345639428,23.273136350426242
910045,counterphase,full_reciprocal,0.44583630220191833,2.357838398335523
910045,counterphase,eta_only,4.72133472114343,61.41691484486357
910045,counterphase,zeta_only,9.64373712670803,51.682473470918495
910045,counterphase,generic_hidden_oscillator,16.02009046449482,50.75575349468509
910045,counterphase,null_no_coupling,20.30747466929146,103.54476601900176
910045,counterphase,replay_only_basis,4.125613985071159,19.513246978129402
910045,lagged_E_to_Y,full_reciprocal,0.1053875423212161,2.6982871582162256
910045,lagged_E_to_Y,eta_only,26.89392065838216,38.78424926733905
910045,lagged_E_to_Y,zeta_only,1.1906878681444373,60.42612222270255
910045,lagged_E_to_Y,generic_hidden_oscillator,10.816969841988682,56.23509343517087
910045,lagged_E_to_Y,null_no_coupling,25.733647693634147,98.11859299465905
910045,lagged_E_to_Y,replay_only_basis,11.009128212181928,16.594285966527686
910045,recovery_probe,full_reciprocal,0.8943457826352158,1.9093289179022257
910045,recovery_probe,eta_only,4.476896272018002,61.201273653703204
910045,recovery_probe,zeta_only,2.623924976668948,58.575947729478216
910045,recovery_probe,generic_hidden_oscillator,1.5853533197295397,65.19049063945036
910045,recovery_probe,null_no_coupling,4.658091072953432,119.19414961533978
910045,recovery_probe,replay_only_basis,1.7626009812240437,20.639801670747993
910045,lagged_Y_to_E,full_reciprocal,1.1142512866185132,1.6894234139189281
910045,lagged_Y_to_E,eta_only,2.4962792528932987,64.22273753254214
910045,lagged_Y_to_E,zeta_only,31.22256349704248,29.94320021268705
910045,lagged_Y_to_E,generic_hidden_oscillator,15.328012926269372,51.447831032910535
910045,lagged_Y_to_E,null_no_coupling,29.607870890410783,94.24436979788243
910045,lagged_Y_to_E,replay_only_basis,22.868513859273733,12.596841889962663
910046,doublet_EY,full_reciprocal,0.20362699035315296,1.4126662276029205
910046,doublet_EY,eta_only,13.932502520773003,56.03075061481485
910046,doublet_EY,zeta_only,16.34290609629887,58.450486765074
910046,doublet_EY,generic_hidden_oscillator,23.012782600424245,56.592479336681286
910046,doublet_EY,null_no_coupling,10.319663707976998,128.3037039129134
910046,doublet_EY,replay_only_basis,3.645165737697366,24.223471060767125
910046,orthogonal_trap,full_reciprocal,0.461348772319059,1.1549444456370144
910046,orthogonal_trap,eta_only,22.335647757384585,47.28483278963568
910046,orthogonal_trap,zeta_only,16.375442746562527,58.399810932326005
910046,orthogonal_trap,generic_hidden_oscillator,23.577869794296806,45.99455719561318
910046,orthogonal_trap,null_no_coupling,44.20050765303607,94.42285996785432
910046,orthogonal_trap,replay_only_basis,7.854857434472759,24.69435707302818
910046,counterphase,full_reciprocal,0.28029577513332876,1.3359974428227446
910046,counterphase,eta_only,3.2427773840829666,65.6957944306508
910046,counterphase,zeta_only,9.05277565441644,64.89846436307798
910046,counterphase,generic_hidden_oscillator,15.140058366725016,53.52871886926598
910046,counterphase,null_no_coupling,19.599379457264718,119.02398816362569
910046,counterphase,replay_only_basis,2.1991262006748897,22.82912389323483
910046,lagged_E_to_Y,full_reciprocal,0.7510516095127054,1.0278739224107911
910046,lagged_E_to_Y,eta_only,31.597244331673576,37.10320489348725
910046,lagged_E_to_Y,zeta_only,1.0149599508135339,72.94232646084234
910046,lagged_E_to_Y,generic_hidden_oscillator,11.768447969747424,57.20060961195306
910046,lagged_E_to_Y,null_no_coupling,30.183521137562003,108.43984648332841
910046,lagged_E_to_Y,replay_only_basis,15.619261803249223,15.999020925454364
910046,recovery_probe,full_reciprocal,0.11049129842790274,1.5058019195281707
910046,recovery_probe,eta_only,1.7421094366125964,66.88978527083471
910046,recovery_probe,zeta_only,1.4063346534706922,72.45670739840295
910046,recovery_probe,generic_hidden_oscillator,0.28763482531911444,68.38395112746237
910046,recovery_probe,null_no_coupling,2.022220405674247,136.60114721521617
910046,recovery_probe,replay_only_basis,0.32262666057683376,23.57117877057148
910046,lagged_Y_to_E,full_reciprocal,0.0379981700059516,1.5782950479501219
910046,lagged_Y_to_E,eta_only,4.757582041270148,66.39992048703122
910046,lagged_Y_to_E,zeta_only,33.46667204804508,40.39637000382857
910046,lagged_Y_to_E,generic_hidden_oscillator,14.17726117699572,54.79179640470477
910046,lagged_Y_to_E,null_no_coupling,32.29807525937636,106.32529236151404
910046,lagged_Y_to_E,replay_only_basis,21.031642762185953,17.0538388504323
910047,doublet_EY,full_reciprocal,1.22303829409218,1.5061580226390814
910047,doublet_EY,eta_only,18.749067244026246,61.22842570724639
910047,doublet_EY,zeta_only,16.80347826714496,51.907891405100436
910047,doublet_EY,generic_hidden_oscillator,13.201951697342386,70.99905507028846
910047,doublet_EY,null_no_coupling,14.123825344492925,129.99256301815234
910047,doublet_EY,replay_only_basis,8.33759416909365,22.661448015514544
910047,orthogonal_trap,full_reciprocal,0.03219190205501868,2.6774152185745077
910047,orthogonal_trap,eta_only,24.537941248289727,55.70145227711926
910047,orthogonal_trap,zeta_only,12.894712071342877,56.245700110268146
910047,orthogonal_trap,generic_hidden_oscillator,25.635343418824267,53.283600256588635
910047,orthogonal_trap,null_no_coupling,44.65293972333828,99.463448639307
910047,orthogonal_trap,replay_only_basis,5.549880259230243,26.17644765802686
910047,counterphase,full_reciprocal,0.04045339987114283,2.6691537207583833
910047,counterphase,eta_only,5.324232582206056,74.11231757837565
910047,counterphase,zeta_only,8.487639213832,59.800165313803944
910047,counterphase,generic_hidden_oscillator,18.629814298645705,59.791110774821675
910047,counterphase,null_no_coupling,22.19834297424361,121.91804538840167
910047,counterphase,replay_only_basis,1.5862815937113435,24.142479084412244
910047,lagged_E_to_Y,full_reciprocal,0.3272533918321887,2.461643862594105
910047,lagged_E_to_Y,eta_only,30.901082552853687,48.05547575307349
910047,lagged_E_to_Y,zeta_only,1.2950817485142132,67.41628792373119
910047,lagged_E_to_Y,generic_hidden_oscillator,14.405210204631361,64.11317963855878
910047,lagged_E_to_Y,null_no_coupling,29.458906877004733,114.65748148564053
910047,lagged_E_to_Y,replay_only_basis,13.528623253049062,17.752384598880496
910047,recovery_probe,full_reciprocal,0.6377583365459578,2.0914379801853036
910047,recovery_probe,eta_only,3.8668541705666732,75.08970413536049
910047,recovery_probe,zeta_only,1.4978396715866973,66.69022009484769
910047,recovery_probe,generic_hidden_oscillator,1.7218074866905961,76.69911758677678
910047,recovery_probe,null_no_coupling,3.692815495040249,140.423572867605
910047,recovery_probe,replay_only_basis,1.1556604811424662,23.742842365843565
910047,lagged_Y_to_E,full_reciprocal,0.5992615080147436,2.110345612614783
910047,lagged_Y_to_E,eta_only,5.934090623721652,76.56526347289646
910047,lagged_Y_to_E,zeta_only,31.25966527781317,36.92087862248137
910047,lagged_Y_to_E,generic_hidden_oscillator,15.147178368314798,63.37121147487534
910047,lagged_Y_to_E,null_no_coupling,29.989557948525476,114.12683041411981
910047,lagged_Y_to_E,replay_only_basis,23.13969617539344,15.867988217172817
910048,doublet_EY,full_reciprocal,0.2233360907812376,1.9597017035955198
910048,doublet_EY,eta_only,17.916442362013104,70.47122089954323
910048,doublet_EY,zeta_only,18.236661208111755,53.35496509314844
910048,doublet_EY,generic_hidden_oscillator,21.138905667485353,63.12871167181608
910048,doublet_EY,null_no_coupling,13.566387918889646,141.71741663217074
910048,doublet_EY,replay_only_basis,3.742816221906112,26.298149634729377
910048,orthogonal_trap,full_reciprocal,0.3442639885476553,1.9192403310260528
910048,orthogonal_trap,eta_only,24.57542711468122,64.04552031673985
910048,orthogonal_trap,zeta_only,11.69581856866414,59.75357725186858
910048,orthogonal_trap,generic_hidden_oscillator,24.465983737686194,50.8857295267794
910048,orthogonal_trap,null_no_coupling,44.664685704168555,110.61911884689182
910048,orthogonal_trap,replay_only_basis,6.058051895160512,26.87808588661512
910048,counterphase,full_reciprocal,0.1832785278863252,1.9960736351869972
910048,counterphase,eta_only,4.189106084359688,82.85315345710646
910048,counterphase,zeta_only,6.760030088450415,64.1715499818938
910048,counterphase,generic_hidden_oscillator,17.526148648616505,57.18403293081626
910048,counterphase,null_no_coupling,20.457836668977837,134.82596788208255
910048,counterphase,replay_only_basis,1.1935938327467062,25.190632354388363
910048,lagged_E_to_Y,full_reciprocal,0.6008213460962636,1.7067678975570943
910048,lagged_E_to_Y,eta_only,41.07673489212437,45.73902814186432
910048,lagged_E_to_Y,zeta_only,1.2077325019384437,69.63884065608599
910048,lagged_E_to_Y,generic_hidden_oscillator,16.059865955388343,59.29184730907724
910048,lagged_E_to_Y,null_no_coupling,39.88602523984917,115.39777931121121
910048,lagged_E_to_Y,replay_only_basis,18.541546658973054,16.72743441864631
910048,recovery_probe,full_reciprocal,0.5871554458365345,1.592196717236788
910048,recovery_probe,eta_only,2.631830781140649,84.18393225284805
910048,recovery_probe,zeta_only,0.9412720032336239,69.841407897169
910048,recovery_probe,generic_hidden_oscillator,2.4257471203955245,72.28443445903723
910048,recovery_probe,null_no_coupling,2.6221924003530197,152.66161215070736
910048,recovery_probe,replay_only_basis,1.1077930879348614,24.708689961784106
910048,lagged_Y_to_E,full_reciprocal,0.8065017881888008,1.3765360061879566
910048,lagged_Y_to_E,eta_only,6.291134885240587,83.37095836883827
910048,lagged_Y_to_E,zeta_only,35.102201224433216,35.68047867596942
910048,lagged_Y_to_E,generic_hidden_oscillator,11.118854454398925,64.23285881006667
910048,lagged_Y_to_E,null_no_coupling,34.08667661882214,121.19712793223825
910048,lagged_Y_to_E,replay_only_basis,23.728760589275055,17.754191136922
910049,doublet_EY,full_reciprocal,1.0298049281990058,3.1535640715425513
910049,doublet_EY,eta_only,18.939447783788438,54.39874474915983
910049,doublet_EY,zeta_only,13.867713708826823,52.57515257121009
910049,doublet_EY,generic_hidden_oscillator,14.588139507647982,63.13450195902085
910049,doublet_EY,null_no_coupling,12.411248135187321,121.80453266733647
910049,doublet_EY,replay_only_basis,6.749104854557085,22.089902988622168
910049,orthogonal_trap,full_reciprocal,1.5225820157446461,2.660813143543922
910049,orthogonal_trap,eta_only,21.769927682095435,51.0536637245613
910049,orthogonal_trap,zeta_only,9.002181819502844,58.26746094154317
910049,orthogonal_trap,generic_hidden_oscillator,24.115581623251725,47.31099904478153
910049,orthogonal_trap,null_no_coupling,38.292435065188805,95.92334573733498
910049,orthogonal_trap,replay_only_basis,3.752356495747744,25.441525606088234
910049,counterphase,full_reciprocal,0.8011462253964048,3.523302049979248
910049,counterphase,eta_only,6.836029376617677,65.98756203003904
910049,counterphase,zeta_only,12.516100818811822,53.64788972634227
910049,counterphase,generic_hidden_oscillator,19.299894701101476,51.85288184801123
910049,counterphase,null_no_coupling,24.90468783864236,109.31109296388142
910049,counterphase,replay_only_basis,6.840720904852048,20.359109768978698
910049,lagged_E_to_Y,full_reciprocal,0.7779166974877053,3.405478461800863
910049,lagged_E_to_Y,eta_only,28.12256416390177,43.781172818271564
910049,lagged_E_to_Y,zeta_only,2.8961455815204014,63.546720698516516
910049,lagged_E_to_Y,generic_hidden_oscillator,11.068434822002532,60.35814584603073
910049,lagged_E_to_Y,null_no_coupling,27.497930243696246,106.71785055882755
910049,lagged_E_to_Y,replay_only_basis,13.327920981937787,17.30028959735027
910049,recovery_probe,full_reciprocal,0.1394041280409028,4.043991031247665
910049,recovery_probe,eta_only,1.351675641894977,70.55206134027836
910049,recovery_probe,zeta_only,1.4866863996471968,64.40171198517052
910049,recovery_probe,generic_hidden_oscillator,0.14378729097121987,71.03827420172092
910049,recovery_probe,null_no_coupling,1.7300626877757304,132.48571811474807
910049,recovery_probe,replay_only_basis,0.13127889181624264,23.729324736478233
910049,lagged_Y_to_E,full_reciprocal,0.24556284697737982,3.9378323123111882
910049,lagged_Y_to_E,eta_only,4.398595499266431,70.16821213394016
910049,lagged_Y_to_E,zeta_only,30.793599376088867,35.094799008728856
910049,lagged_Y_to_E,generic_hidden_oscillator,13.41415281996602,58.01242784806724
910049,lagged_Y_to_E,null_no_coupling,29.37941683203332,104.83636397049047
910049,lagged_Y_to_E,replay_only_basis,19.18647705363489,17.6314918040862
910050,doublet_EY,full_reciprocal,0.6097496985395626,2.2801901982173742
910050,doublet_EY,eta_only,20.880726448836924,70.26056649892536
910050,doublet_EY,zeta_only,10.915899707160479,53.030719386618415
910050,doublet_EY,generic_hidden_oscillator,26.344053172444504,72.20209097123767
910050,doublet_EY,null_no_coupling,8.567141274284797,143.47545020817026
910050,doublet_EY,replay_only_basis,2.0797294928915897,28.660170965258192
910050,orthogonal_trap,full_reciprocal,0.6303252197519323,2.3612286231148
910050,orthogonal_trap,eta_only,23.471231183016062,66.26838881966243
910050,orthogonal_trap,zeta_only,8.014105577893057,55.85855237078866
910050,orthogonal_trap,generic_hidden_oscillator,25.51086483816523,60.977836298483666
910050,orthogonal_trap,null_no_coupling,41.76392813565212,110.27866334680294
910050,orthogonal_trap,replay_only_basis,3.456874809840964,30.26571687114786
910050,counterphase,full_reciprocal,0.10596934694777127,2.7839705498091654
910050,counterphase,eta_only,4.3139494106774885,84.72120368701496
910050,counterphase,zeta_only,6.84666360261136,56.49111126197427
910050,counterphase,generic_hidden_oscillator,16.733521996088385,69.21963994297566
910050,counterphase,null_no_coupling,20.005138895490497,132.03745258696458
910050,counterphase,replay_only_basis,2.378401191913729,26.592720750610987
910050,lagged_E_to_Y,full_reciprocal,0.6967526226447001,2.4770038770094978
910050,lagged_E_to_Y,eta_only,43.38965267235485,45.36226149036555
910050,lagged_E_to_Y,zeta_only,0.7200553472162488,62.50711160418824
910050,lagged_E_to_Y,generic_hidden_oscillator,19.591411978871307,66.89728915777759
910050,lagged_E_to_Y,null_no_coupling,42.02141006970433,110.0211814127507
910050,lagged_E_to_Y,replay_only_basis,20.100155939430724,18.488633003456584
910050,recovery_probe,full_reciprocal,0.8960921826053088,1.9902566952074854
910050,recovery_probe,eta_only,3.390489158106846,85.31542865959958
910050,recovery_probe,zeta_only,1.7331832393205235,61.43862412141595
910050,recovery_probe,generic_hidden_oscillator,2.6737634308613694,83.27939850820268
910050,recovery_probe,null_no_coupling,3.5934255789826173,148.44916590347242
910050,recovery_probe,replay_only_basis,1.5882513739206863,27.220665276345017
910050,lagged_Y_to_E,full_reciprocal,2.8384106492587255,1.4245792247136597
910050,lagged_Y_to_E,eta_only,0.5672425073579301,88.18467165536245
910050,lagged_Y_to_E,zeta_only,37.804943079449615,25.36686428128686
910050,lagged_Y_to_E,generic_hidden_oscillator,16.854248566445865,69.63445257020304
910050,lagged_Y_to_E,null_no_coupling,36.0915475283407,115.95104395411435
910050,lagged_Y_to_E,replay_only_basis,30.399466444604442,16.47393505981629
910051,doublet_EY,full_reciprocal,0.06399359641117885,2.1033449801408546
910051,doublet_EY,eta_only,16.041457406237527,56.2806048758099
910051,doublet_EY,zeta_only,14.072759594358933,52.347975456468696
910051,doublet_EY,generic_hidden_oscillator,15.814116213019874,56.508663366229186
910051,doublet_EY,null_no_coupling,11.937288490028289,120.24683641718075
910051,doublet_EY,replay_only_basis,4.700121907501579,19.098675721323097
910051,orthogonal_trap,full_reciprocal,1.8451844928658059,0.8104651974335572
910051,orthogonal_trap,eta_only,30.785806660289037,42.43058534054879
910051,orthogonal_trap,zeta_only,18.863330781892408,49.30177671885059
910051,orthogonal_trap,generic_hidden_oscillator,31.370182416074524,35.0536334410174
910051,orthogonal_trap,null_no_coupling,51.14432793112928,81.03979697607977
910051,orthogonal_trap,replay_only_basis,11.490771064011465,19.318228836088437
910051,counterphase,full_reciprocal,0.13327844594480526,2.041180859475436
910051,counterphase,eta_only,2.992461808084124,68.74050343023755
910051,counterphase,zeta_only,6.9123709423392565,59.22768914517446
910051,counterphase,generic_hidden_oscillator,13.854655265813427,51.15641455167564
910051,counterphase,null_no_coupling,17.39884246695828,114.78528244025078
910051,counterphase,replay_only_basis,2.2232149531640877,17.612136155625816
910051,lagged_E_to_Y,full_reciprocal,1.5639883595035062,1.2283640827373417
910051,lagged_E_to_Y,eta_only,22.95597107532459,48.598128219238994
910051,lagged_E_to_Y,zeta_only,4.635593735865291,63.06029303369144
910051,lagged_E_to_Y,generic_hidden_oscillator,7.180544382304881,57.99835171921847
910051,lagged_E_to_Y,null_no_coupling,22.22017620466445,109.9639487025446
910051,lagged_E_to_Y,replay_only_basis,7.445370424578819,16.64618926971411
910051,recovery_probe,full_reciprocal,0.2318219642894101,1.9355166122626233
910051,recovery_probe,eta_only,2.7861389134345527,68.76796038112903
910051,recovery_probe,zeta_only,2.0521066737135665,63.923536713940535
910051,recovery_probe,generic_hidden_oscillator,0.6910232683332198,64.32004654915585
910051,recovery_probe,null_no_coupling,3.2434544145334803,128.9406704926756
910051,recovery_probe,replay_only_basis,0.6183992054293167,18.98510296986747
910051,lagged_Y_to_E,full_reciprocal,0.4661694115405996,1.975290792585935
910051,lagged_Y_to_E,eta_only,7.649339631579241,68.63890431919394
910051,lagged_Y_to_E,zeta_only,27.258554143781392,38.71708924387271
910051,lagged_Y_to_E,generic_hidden_oscillator,10.081851739742449,55.0970443617809
910051,lagged_Y_to_E,null_no_coupling,26.240035399895277,105.94408950731379
910051,lagged_Y_to_E,replay_only_basis,16.360882195877668,14.394328254394921
910052,doublet_EY,full_reciprocal,0.5597904455351232,1.253401043768713
910052,doublet_EY,eta_only,17.793292095724215,57.89231322381644
910052,doublet_EY,zeta_only,10.968114791189848,43.301618987977506
910052,doublet_EY,generic_hidden_oscillator,14.246414929961325,65.25298902364322
910052,doublet_EY,null_no_coupling,9.519630776385043,116.35140674444759
910052,doublet_EY,replay_only_basis,4.940869566701105,19.044242228396538
910052,orthogonal_trap,full_reciprocal,0.7206203587164531,1.1754529172847223
910052,orthogonal_trap,eta_only,27.810503378675996,47.17100335125225
910052,orthogonal_trap,zeta_only,13.783116411094607,41.36191581141871
910052,orthogonal_trap,generic_hidden_oscillator,29.42748454846248,44.943294989344174
910052,orthogonal_trap,null_no_coupling,45.72714554748191,80.14389197335073
910052,orthogonal_trap,replay_only_basis,7.850656900204093,20.409664598232066
910052,counterphase,full_reciprocal,0.22164966622755408,1.5776586298889734
910052,counterphase,eta_only,4.152121026736362,70.00865640562726
910052,counterphase,zeta_only,4.922321681258366,48.91140006026168
910052,counterphase,generic_hidden_oscillator,14.586026892592749,58.76649255464653
910052,counterphase,null_no_coupling,16.54972866023131,109.32130886060132
910052,counterphase,replay_only_basis,0.37904756431947917,19.415833930763625
910052,lagged_E_to_Y,full_reciprocal,0.7946012967986587,1.1433581182189536
910052,lagged_E_to_Y,eta_only,28.49862333252028,45.14639037971417
910052,lagged_E_to_Y,zeta_only,1.8650965845924108,52.76852628728959
910052,lagged_E_to_Y,generic_hidden_oscillator,14.676416741529286,58.712433673399126
910052,lagged_E_to_Y,null_no_coupling,27.148569482099415,98.72246803873321
910052,lagged_E_to_Y,replay_only_basis,10.126713558571224,15.746217117201532
910052,recovery_probe,full_reciprocal,0.02941231122047987,1.6907745883937115
910052,recovery_probe,eta_only,1.7466655073546495,71.8983482048798
910052,recovery_probe,zeta_only,1.0117877408976463,52.71965213049614
910052,recovery_probe,generic_hidden_oscillator,0.6983151739947109,72.65420427324457
910052,recovery_probe,null_no_coupling,1.9625322065218898,123.90850531431074
910052,recovery_probe,replay_only_basis,0.29093435831828207,19.661885437425163
910052,lagged_Y_to_E,full_reciprocal,0.1835971575238215,1.5365897420903698
910052,lagged_Y_to_E,eta_only,3.2312023620984154,72.45440295744226
910052,lagged_Y_to_E,zeta_only,26.25840934130671,27.473030530087073
910052,lagged_Y_to_E,generic_hidden_oscillator,11.398733853100024,61.99011656182839
910052,lagged_Y_to_E,null_no_coupling,24.963430848113063,100.90760667271957
910052,lagged_Y_to_E,replay_only_basis,20.199263904571463,12.281330015806056
910053,doublet_EY,full_reciprocal,0.6101127010424078,2.7526825235453565
910053,doublet_EY,eta_only,19.503477760052952,52.37191689804759
910053,doublet_EY,zeta_only,13.089256294573179,50.22628268063586
910053,doublet_EY,generic_hidden_oscillator,13.257052378197702,59.063267147826465
910053,doublet_EY,null_no_coupling,12.793246155502132,117.70075395626857
910053,doublet_EY,replay_only_basis,5.102543142127097,21.592230287294438
910053,orthogonal_trap,full_reciprocal,0.9486115071863007,2.341643416625817
910053,orthogonal_trap,eta_only,21.94457365760087,48.8783668228021
910053,orthogonal_trap,zeta_only,8.980003701418994,55.26931354253199
910053,orthogonal_trap,generic_hidden_oscillator,24.401548728255534,42.1206481472491
910053,orthogonal_trap,null_no_coupling,38.77397698711176,91.72002312465897
910053,orthogonal_trap,replay_only_basis,4.809518596822398,23.086814965752616
910053,counterphase,full_reciprocal,0.29857120774291085,3.014991725006421
910053,counterphase,eta_only,3.8572371353607835,66.9657033450422
910053,counterphase,zeta_only,8.654224903224389,54.39037204586179
910053,counterphase,generic_hidden_oscillator,14.223743556453563,51.96240693161601
910053,counterphase,null_no_coupling,18.803044768790556,111.69095534298016
910053,counterphase,replay_only_basis,4.019165119846115,19.493331966940552
910053,lagged_E_to_Y,full_reciprocal,0.2745235315312492,3.0421710373276913
910053,lagged_E_to_Y,eta_only,28.211689375927598,41.9065379005544
910053,lagged_E_to_Y,zeta_only,1.3317428436911005,62.28210387570297
910053,lagged_E_to_Y,generic_hidden_oscillator,12.108479042466755,54.07767144560282
910053,lagged_E_to_Y,null_no_coupling,26.840549699382336,103.65345041238837
910053,lagged_E_to_Y,replay_only_basis,10.697342385560432,17.34174273416881
910053,recovery_probe,full_reciprocal,0.9307348533097337,2.382828079439598
910053,recovery_probe,eta_only,0.4950284330918251,69.62319884339017
910053,recovery_probe,zeta_only,1.9174137988155728,61.078196373208584
910053,recovery_probe,generic_hidden_oscillator,1.0312009587071016,65.12199220442741
910053,recovery_probe,null_no_coupling,1.0955065406502706,129.39849357112047
910053,recovery_probe,replay_only_basis,1.203007094468677,21.232026409696083
910053,lagged_Y_to_E,full_reciprocal,1.1511161713323181,2.5898950989389977
910053,lagged_Y_to_E,eta_only,2.7726202263533426,68.1418203462077
910053,lagged_Y_to_E,zeta_only,33.05741164849515,29.938198523529007
910053,lagged_Y_to_E,generic_hidden_oscillator,12.168406858432771,54.353790017071866
910053,lagged_Y_to_E,null_no_coupling,32.18767596033368,98.30632415143705
910053,lagged_Y_to_E,replay_only_basis,21.469194284979086,15.211029023865061
910054,doublet_EY,full_reciprocal,0.36362576932128987,1.4413825333026935
910054,doublet_EY,eta_only,17.17571395796867,59.033994103939825
910054,doublet_EY,zeta_only,10.859449046399655,43.35411237609931
910054,doublet_EY,generic_hidden_oscillator,15.65333535770034,62.52568207343608
910054,doublet_EY,null_no_coupling,9.103105871818155,117.63209170675705
910054,doublet_EY,replay_only_basis,4.832355920816049,21.855580693255554
910054,orthogonal_trap,full_reciprocal,0.5563568946052324,1.2209384193521033
910054,orthogonal_trap,eta_only,20.787234824297663,54.82039184261084
910054,orthogonal_trap,zeta_only,10.665422321913592,43.430029817023225
910054,orthogonal_trap,generic_hidden_oscillator,20.79672713955846,51.00388552290294
910054,orthogonal_trap,null_no_coupling,37.41635858884773,89.31883898972748
910054,orthogonal_trap,replay_only_basis,3.9910808845012546,23.882135343926215
910054,counterphase,full_reciprocal,0.10507231116673221,1.6314258678556866
910054,counterphase,eta_only,5.7620226283611045,69.00787187521406
910054,counterphase,zeta_only,8.000813411306764,45.88375137056944
910054,counterphase,generic_hidden_oscillator,17.2290163970949,53.867396109794285
910054,counterphase,null_no_coupling,20.686801975060526,106.04839560351468
910054,counterphase,replay_only_basis,1.6397158814688588,22.023127451473826
910054,lagged_E_to_Y,full_reciprocal,0.36468219503432375,1.4293979940154786
910054,lagged_E_to_Y,eta_only,34.81183195429673,39.40829309761179
910054,lagged_E_to_Y,zeta_only,0.3447545583414551,53.46052152272321
910054,lagged_E_to_Y,generic_hidden_oscillator,17.303175188173235,53.99379286525205
910054,lagged_E_to_Y,null_no_coupling,33.61085465157575,93.12434292699947
910054,lagged_E_to_Y,replay_only_basis,16.27581960354757,14.38079904089852
910054,recovery_probe,full_reciprocal,0.5240610468642241,1.2124371321581948
910054,recovery_probe,eta_only,1.95714345194222,72.2629815999663
910054,recovery_probe,zeta_only,0.6387026111984535,53.10077414174167
910054,recovery_probe,generic_hidden_oscillator,2.0436538004481712,69.1552922224049
910054,recovery_probe,null_no_coupling,1.9052098639695563,124.82998771460566
910054,recovery_probe,replay_only_basis,0.7306966230915367,21.841776323573377
910054,lagged_Y_to_E,full_reciprocal,0.13650900131543514,1.5999891777069837
910054,lagged_Y_to_E,eta_only,3.5322093497191087,72.67749871218939
910054,lagged_Y_to_E,zeta_only,25.231338051079838,28.508138701860283
910054,lagged_Y_to_E,generic_hidden_oscillator,11.009910829386296,60.08650167750288
910054,lagged_Y_to_E,null_no_coupling,24.012866627303506,102.72233095127172
910054,lagged_Y_to_E,replay_only_basis,19.840292447821255,14.976387559434041
910055,doublet_EY,full_reciprocal,0.6474157272426612,2.1984969294133228
910055,doublet_EY,eta_only,19.398706861255256,46.951406673161614
910055,doublet_EY,zeta_only,11.074490210165349,54.58398466691837
910055,doublet_EY,generic_hidden_oscillator,12.412396527006488,58.18971302202903
910055,doublet_EY,null_no_coupling,11.684151433767864,112.56487380281571
910055,doublet_EY,replay_only_basis,7.326003764926776,19.53562342196219
910055,orthogonal_trap,full_reciprocal,1.068358059056381,1.928442793741018
910055,orthogonal_trap,eta_only,25.70940426250147,40.29783234753446
910055,orthogonal_trap,zeta_only,18.152783220526807,48.77307695641263
910055,orthogonal_trap,generic_hidden_oscillator,26.472333957239094,39.5135485100823
910055,orthogonal_trap,null_no_coupling,45.69520772947372,78.55381750710984
910055,orthogonal_trap,replay_only_basis,9.999786929207914,21.522507169170474
910055,counterphase,full_reciprocal,0.13800656358666116,2.649467768032667
910055,counterphase,eta_only,2.7513729721196327,61.86922944604328
910055,counterphase,zeta_only,7.536652741628768,58.01768362488898
910055,counterphase,generic_hidden_oscillator,13.350263580647933,51.446559684744834
910055,counterphase,null_no_coupling,17.126551754424664,107.12247348215891
910055,counterphase,replay_only_basis,1.664625772096819,20.489497602150482
910055,lagged_E_to_Y,full_reciprocal,1.326495250925247,1.801696541817091
910055,lagged_E_to_Y,eta_only,20.98488436609067,43.50524839363574
910055,lagged_E_to_Y,zeta_only,3.4950356667295535,63.20994649142679
910055,lagged_E_to_Y,generic_hidden_oscillator,7.437376338779319,57.452710931422985
910055,lagged_E_to_Y,null_no_coupling,19.861182210776484,104.3878430258071
910055,lagged_E_to_Y,replay_only_basis,6.879975419055531,19.066228962186834
910055,recovery_probe,full_reciprocal,0.01653621183614266,2.7501517355958285
910055,recovery_probe,eta_only,1.4368321526860361,63.05330060704037
910055,recovery_probe,zeta_only,1.1262402318867084,64.29570759979057
910055,recovery_probe,generic_hidden_oscillator,0.49112844136123823,64.30569482403152
910055,recovery_probe,null_no_coupling,1.7560916901874937,122.49293354639607
910055,recovery_probe,replay_only_basis,0.47048085061057443,21.08237012728455
910055,lagged_Y_to_E,full_reciprocal,0.8217062858490927,1.9449816615828788
910055,lagged_Y_to_E,eta_only,3.515276607018436,62.83483692739844
910055,lagged_Y_to_E,zeta_only,29.564850073248188,35.85709775842909
910055,lagged_Y_to_E,generic_hidden_oscillator,15.855218902118619,49.034868368083686
910055,lagged_Y_to_E,null_no_coupling,28.12584041795334,96.12318481863024
910055,lagged_Y_to_E,replay_only_basis,21.920853487789966,12.59762462952567
910056,doublet_EY,full_reciprocal,0.09342469960214181,2.4036370526470705
910056,doublet_EY,eta_only,10.093289766929077,46.19169882060848
910056,doublet_EY,zeta_only,18.36470268876812,56.30401149536009
910056,doublet_EY,generic_hidden_oscillator,16.361651645196822,54.74752441146474
910056,doublet_EY,null_no_coupling,11.146071124522027,114.4083399696543
910056,doublet_EY,replay_only_basis,5.486357834693654,23.508153091936272
910056,orthogonal_trap,full_reciprocal,1.0870203380098409,1.7377316477459672
910056,orthogonal_trap,eta_only,23.221093665013484,34.54734956696188
910056,orthogonal_trap,zeta_only,19.759321062955046,55.94347236267832
910056,orthogonal_trap,generic_hidden_oscillator,24.748289490480957,40.76321811942682
910056,orthogonal_trap,null_no_coupling,44.18091820272791,81.37349289144842
910056,orthogonal_trap,replay_only_basis,10.591069026016546,23.520128954091057
910056,counterphase,full_reciprocal,1.2278919836392286,1.5151669353298995
910056,counterphase,eta_only,0.8075841679767642,54.945091402335926
910056,counterphase,zeta_only,4.5133066769934675,69.336017303848
910056,counterphase,generic_hidden_oscillator,9.734589750757046,54.27378323692685
910056,counterphase,null_no_coupling,12.176372249551115,113.37803884462524
910056,counterphase,replay_only_basis,0.900069232913428,22.336801783991348
910056,lagged_E_to_Y,full_reciprocal,0.5780209457752337,1.9587404832563593
910056,lagged_E_to_Y,eta_only,24.311242137520807,31.441433432791875
910056,lagged_E_to_Y,zeta_only,1.2067867536557677,72.63720230105129
910056,lagged_E_to_Y,generic_hidden_oscillator,9.874699702558772,54.13367328512513
910056,lagged_E_to_Y,null_no_coupling,23.55205589424753,102.00235519992883
910056,lagged_E_to_Y,replay_only_basis,13.27839770700226,17.051686009792647
910056,recovery_probe,full_reciprocal,0.3296372725311724,2.16742447971804
910056,recovery_probe,eta_only,1.123098930594271,54.629576639718415
910056,recovery_probe,zeta_only,1.0065464248512577,72.74699204350554
910056,recovery_probe,generic_hidden_oscillator,1.1658528722084975,62.8425201154754
910056,recovery_probe,null_no_coupling,1.4350545528353091,124.11935654134105
910056,recovery_probe,replay_only_basis,0.6046393858497168,23.33754819870628
910056,lagged_Y_to_E,full_reciprocal,0.08020517051084364,2.4168565817383687
910056,lagged_Y_to_E,eta_only,4.2020438180283906,54.116184286734054
910056,lagged_Y_to_E,zeta_only,34.246392151589774,39.507146316767034
910056,lagged_Y_to_E,generic_hidden_oscillator,16.105211889642526,48.101116909616
910056,lagged_Y_to_E,null_no_coupling,33.063939070292435,92.49047202388391
910056,lagged_Y_to_E,replay_only_basis,21.239913873068428,17.213608132049004
910057,doublet_EY,full_reciprocal,0.17741294799934318,1.6224644524978364
910057,doublet_EY,eta_only,13.56495018755129,50.520832640449264
910057,doublet_EY,zeta_only,17.516729523659716,53.71247050298341
910057,doublet_EY,generic_hidden_oscillator,14.948796499677442,62.58401752116521
910057,doublet_EY,null_no_coupling,11.476538603423789,121.05623078312492
910057,doublet_EY,replay_only_basis,4.541442183167869,19.392842257426167
910057,orthogonal_trap,full_reciprocal,0.5180682160978751,1.2880368254089065
910057,orthogonal_trap,eta_only,20.54515534632964,43.14941672793186
910057,orthogonal_trap,zeta_only,11.059278285257509,60.82653309459957
910057,orthogonal_trap,generic_hidden_oscillator,23.78275701161804,47.53316140195996
910057,orthogonal_trap,null_no_coupling,39.0675207081304,93.4652486784183
910057,orthogonal_trap,replay_only_basis,4.272410701975946,21.4288159657982
910057,counterphase,full_reciprocal,0.3016640641284142,1.5044409773783676
910057,counterphase,eta_only,4.280229309361732,58.74212166564759
910057,counterphase,zeta_only,7.733834899570405,62.98658967617433
910057,counterphase,generic_hidden_oscillator,17.587618763002652,52.98820857024528
910057,counterphase,null_no_coupling,20.253381208728403,112.27938817782031
910057,counterphase,replay_only_basis,1.5693621927294459,19.464753963157197
910057,lagged_E_to_Y,full_reciprocal,0.30982649609359636,1.5830955559374194
910057,lagged_E_to_Y,eta_only,24.601179550908544,38.124181949848584
910057,lagged_E_to_Y,zeta_only,2.088701908317212,69.14049811832592
910057,lagged_E_to_Y,generic_hidden_oscillator,8.987733472884845,61.58809386036309
910057,lagged_E_to_Y,null_no_coupling,23.41408153313973,109.11868785340899
910057,lagged_E_to_Y,replay_only_basis,9.329728341004449,15.407825804701012
910057,recovery_probe,full_reciprocal,0.5816538131204028,1.2244512283863789
910057,recovery_probe,eta_only,3.687038848931066,59.038322651826064
910057,recovery_probe,zeta_only,2.353046048134941,68.05159846684356
910057,recovery_probe,generic_hidden_oscillator,0.9821976000665493,69.59362973318137
910057,recovery_probe,null_no_coupling,3.9583537638603707,128.57441562268832
910057,recovery_probe,replay_only_basis,1.0852523822140636,18.944465052193827
910057,lagged_Y_to_E,full_reciprocal,0.26529310451519356,1.6693553819814104
910057,lagged_Y_to_E,eta_only,2.607009457038058,61.4787733709625
910057,lagged_Y_to_E,zeta_only,35.72768220443216,34.65741562275579
910057,lagged_Y_to_E,generic_hidden_oscillator,16.467046807690373,54.3272815344726
910057,lagged_Y_to_E,null_no_coupling,34.36289356926601,98.1698758172827
910057,lagged_Y_to_E,replay_only_basis,22.204036255796424,12.47882265712043
910058,doublet_EY,full_reciprocal,1.0181174448098977,2.0660267093323297
910058,doublet_EY,eta_only,23.766320514000153,60.08517543195568
910058,doublet_EY,zeta_only,13.92830613345955,46.277333570605336
910058,doublet_EY,generic_hidden_oscillator,9.312993072445854,63.87561289288203
910058,doublet_EY,null_no_coupling,16.822353060623794,120.74593912692696
910058,doublet_EY,replay_only_basis,8.91748616687234,20.310306558231055
910058,orthogonal_trap,full_reciprocal,0.6511313414894938,2.5149975871152614
910058,orthogonal_trap,eta_only,27.181906904697783,57.024899663736534
910058,orthogonal_trap,zeta_only,14.122995702630584,46.640025368208384
910058,orthogonal_trap,generic_hidden_oscillator,25.774912716725282,44.59126303679722
910058,orthogonal_trap,null_no_coupling,45.76372808940178,91.80456409814899
910058,orthogonal_trap,replay_only_basis,8.281294166681445,22.472747059556596
910058,counterphase,full_reciprocal,0.2153369434573855,2.793571257953497
910058,counterphase,eta_only,4.452952830775473,78.13449036349935
910058,counterphase,zeta_only,5.458419018201415,54.74989268346595
910058,counterphase,generic_hidden_oscillator,16.131565015149768,53.52557405781714
910058,counterphase,null_no_coupling,18.105460255492623,119.46283193205811
910058,counterphase,replay_only_basis,0.3769284854749962,21.845669784384963
910058,lagged_E_to_Y,full_reciprocal,0.7474562278055717,2.580945316595978
910058,lagged_E_to_Y,eta_only,29.40788054661675,52.93272839807833
910058,lagged_E_to_Y,zeta_only,2.5643726207999906,58.60766648321119
910058,lagged_E_to_Y,generic_hidden_oscillator,12.449352184266495,57.410760697728215
910058,lagged_E_to_Y,null_no_coupling,28.183087453574075,109.38520473397666
910058,lagged_E_to_Y,replay_only_basis,9.300431978795832,18.741432080291794
910058,recovery_probe,full_reciprocal,1.0682819092832596,1.9288232132346732
910058,recovery_probe,eta_only,3.2910225041669223,79.04958644052815
910058,recovery_probe,zeta_only,0.76387291399666,59.25864499874601
910058,recovery_probe,generic_hidden_oscillator,3.4076621112033134,66.34959221523577
910058,recovery_probe,null_no_coupling,2.9542947668779935,134.61399742067277
910058,recovery_probe,replay_only_basis,1.2742900286379995,21.210180676434796
910058,lagged_Y_to_E,full_reciprocal,0.14731578917767094,2.849789333340262
910058,lagged_Y_to_E,eta_only,4.51683402006593,80.58875417631015
910058,lagged_Y_to_E,zeta_only,27.042208695667078,32.980309217075586
910058,lagged_Y_to_E,generic_hidden_oscillator,10.27702687249538,59.38011220047152
910058,lagged_Y_to_E,null_no_coupling,25.7393685615805,111.82892362597025
910058,lagged_Y_to_E,replay_only_basis,21.374644716068723,13.456194770461257
910059,doublet_EY,full_reciprocal,0.6602926153626806,2.5937805849002684
910059,doublet_EY,eta_only,18.022518234675665,46.085344043215315
910059,doublet_EY,zeta_only,12.834065377374497,60.56880259676517
910059,doublet_EY,generic_hidden_oscillator,16.566789547893023,56.342450877624145
910059,doublet_EY,null_no_coupling,11.360477817986126,122.07700251394826
910059,doublet_EY,replay_only_basis,4.552701817392134,25.659614484653765
910059,orthogonal_trap,full_reciprocal,1.4724428943004437,1.956770269235446
910059,orthogonal_trap,eta_only,15.089852283018942,48.827397308291
910059,orthogonal_trap,zeta_only,9.05438745017462,64.45391412174544
910059,orthogonal_trap,generic_hidden_oscillator,16.279060533025074,49.67683772289702
910059,orthogonal_trap,null_no_coupling,32.38795987534554,101.04952045658888
910059,orthogonal_trap,replay_only_basis,2.8359701626182163,27.812853265928783
910059,counterphase,full_reciprocal,0.364716501485576,2.6753508645349706
910059,counterphase,eta_only,2.8030931984757497,60.4018156801504
910059,counterphase,zeta_only,7.736817597017449,65.36742386206222
910059,counterphase,generic_hidden_oscillator,13.937532974092306,51.82672133427917
910059,counterphase,null_no_coupling,17.978034522107407,115.45944580982699
910059,counterphase,replay_only_basis,2.649763479497788,25.080753545462052
910059,lagged_E_to_Y,full_reciprocal,0.7389020874433012,2.502078341683729
910059,lagged_E_to_Y,eta_only,30.044953558097312,32.860968770161264
910059,lagged_E_to_Y,zeta_only,1.0576211634523005,72.0114757630339
910059,lagged_E_to_Y,generic_hidden_oscillator,10.907631046207685,55.04826720971441
910059,lagged_E_to_Y,null_no_coupling,29.10779511260188,104.32968521933252
910059,lagged_E_to_Y,replay_only_basis,14.540201080484506,19.328846457672782
910059,recovery_probe,full_reciprocal,0.5667049061849501,2.4406500205247768
910059,recovery_probe,eta_only,1.626667198322344,61.24113259262001
910059,recovery_probe,zeta_only,2.74419512077758,70.29635962447449
910059,recovery_probe,generic_hidden_oscillator,0.5054716414427238,65.25878266692877
910059,recovery_probe,null_no_coupling,2.559004938488024,130.87847539344637
910059,recovery_probe,replay_only_basis,0.7037363514044916,25.75904338987843
910059,lagged_Y_to_E,full_reciprocal,1.7487589896064228,2.105200651008248
910059,lagged_Y_to_E,eta_only,0.7405839670770282,62.57869252349774
910059,lagged_Y_to_E,zeta_only,41.442860818888335,31.62623610759787
910059,lagged_Y_to_E,generic_hidden_oscillator,20.419800514898476,45.53609774102362
910059,lagged_Y_to_E,null_no_coupling,40.04420806540543,93.39327226652897
910059,lagged_Y_to_E,replay_only_basis,31.154412479862113,13.987337147006969
910060,doublet_EY,full_reciprocal,0.637724201666924,1.2882995879978738
910060,doublet_EY,eta_only,20.396824133936057,54.33135309864425
910060,doublet_EY,zeta_only,13.088984753761567,56.0630210909335
910060,doublet_EY,generic_hidden_oscillator,17.832404597834568,56.01808637417959
910060,doublet_EY,null_no_coupling,12.38608103331918,126.15613054187457
910060,doublet_EY,replay_only_basis,4.044998944664268,22.261524482183646
910060,orthogonal_trap,full_reciprocal,0.3364551786924928,1.5203367046983287
910060,orthogonal_trap,eta_only,22.460304318285736,51.66058246228005
910060,orthogonal_trap,zeta_only,12.847924472882571,56.97813368732194
910060,orthogonal_trap,generic_hidden_oscillator,23.0331749913854,43.6160412324776
910060,orthogonal_trap,null_no_coupling,41.845580131625184,96.69663144356858
910060,orthogonal_trap,replay_only_basis,6.101042311393846,23.077816971256357
910060,counterphase,full_reciprocal,0.17563126050622524,1.704723915252907
910060,counterphase,eta_only,3.5966348820776686,69.68738791132388
910060,counterphase,zeta_only,7.469742451037677,61.41182937788784
910060,counterphase,generic_hidden_oscillator,14.935167351251188,51.19270871247875
910060,counterphase,null_no_coupling,18.75992892303281,119.78228265216094
910060,counterphase,replay_only_basis,1.3309936408545135,21.935797994511773
910060,lagged_E_to_Y,full_reciprocal,0.0479034400728248,1.8088884433179966
910060,lagged_E_to_Y,eta_only,29.495637448139288,43.240352245933764
910060,lagged_E_to_Y,zeta_only,1.2586111039324233,67.89339474076264
910060,lagged_E_to_Y,generic_hidden_oscillator,11.44356176632757,54.7934398462189
910060,lagged_E_to_Y,null_no_coupling,28.31570051208818,110.22651106310558
910060,lagged_E_to_Y,replay_only_basis,12.720523493094214,16.227383200213445
910060,recovery_probe,full_reciprocal,0.3435744705891429,1.4840881940677648
910060,recovery_probe,eta_only,1.8097278048321757,70.92626188924088
910060,recovery_probe,zeta_only,1.3993714289234978,67.31368732112466
910060,recovery_probe,generic_hidden_oscillator,0.40104877969208086,65.72682728403785
910060,recovery_probe,null_no_coupling,1.9440649328730621,136.5981466423207
910060,recovery_probe,replay_only_basis,0.07438985392700233,22.012226916187313
910060,lagged_Y_to_E,full_reciprocal,1.076850081166945,1.1282607693726914
910060,lagged_Y_to_E,eta_only,3.0772937648380334,70.61158932990652
910060,lagged_Y_to_E,zeta_only,36.259603291908114,32.453455458140034
910060,lagged_Y_to_E,generic_hidden_oscillator,13.024830550932453,53.62438567293055
910060,lagged_Y_to_E,null_no_coupling,35.29085604225534,103.25135553293842
910060,lagged_Y_to_E,replay_only_basis,23.53077089744116,14.565462837661274
