time_lsl,condition,time_sec,theta_front,theta_midline,theta_parietal,theta_global,alpha_posterior,gamma_pt_30_45,gamma_front_35_40,gamma_visual_30_45,gamma_global_30_45,hf_jaw_45_55,p2p_global,theta_front_z,theta_midline_z,theta_parietal_z,theta_global_z,alpha_posterior_z,gamma_pt_30_45_z,gamma_front_35_40_z,gamma_visual_30_45_z,gamma_global_30_45_z,hf_jaw_45_55_z,p2p_global_z,artifact_score,meaninggamma_score,tsp_z,taskgamma_score,theta_integration_z,alpha_drop_proxy_z,nas_score,artifact_z,visual_drive_z,theta_future_10_30_z,A_sem_raw,A_sem,R_int_raw,R_int,artifact_penalty,visual_penalty,NIP_density,NIP_density_z,NIP_density_clip,condition_norm,condition_stim,luminance_z,visual_change_z,optical_flow_z,histogram_delta_z,cut_event,flash_event,audio_rms_z,audio_derivative_z,cue_on,cue_impulse,cue_value,cue_phase_sin,cue_phase_cos,als_start_pulse_regressor,condition_norm_stim,stimulus_condition
1386.2144613,CONTROL_1,0.7165148000001409,3.477805566394976,2.869334499774129,2.294794500537672,2.732208981451438,2.321689428582423,1.0001393473404223,0.7263938631903554,0.8028921009866001,0.8116912598748395,1.1327766116038778,5542.89609375,1.0519329623310842,0.0402681188326688,-0.4301514862988521,0.4015812982066238,-0.2681386867002055,0.1746649378114671,0.1174822733926558,0.6324756214541566,0.3372798524285876,0.7831892003179428,2.1465538804122346,1.4648715403650887,-0.4129194147887598,-0.5077907580068833,-0.2924018461514831,-0.1949416837330916,0.2681386867002055,-0.447477438176986,2.325894115730026,0.6324756214541566,0.1148942015149178,-0.3845603889289718,0.0,-0.2684581762990614,0.0,0.7054748778249477,0.96887102113672,0.0,0.0,0.0,control,control,-0.6591335505694236,19.66128830894153,8.152468791527673,16.12066312843441,1.0,1.0,-1.2343661602939189,0.0440064936540114,0.0,0.0,0.0,1.0,6.123233995736766e-17,0.0,control,control
1387.2144613,CONTROL_1,1.716514800000141,3.1359373375537483,3.2306875495308,3.3144109389713265,3.034503981059149,1.6420576776927451,1.153637334981411,0.918752868147367,0.9063688655317026,0.8982461720821852,1.1670756165838765,5487.55107421875,0.5960328882252838,0.543485277530643,1.0623648344651002,0.8892800215872358,-0.9436966528041332,0.7882248306387968,1.7265300112263695,1.4594667454758274,1.1861472247056577,0.9591567119657496,2.108208237556487,1.5336824747611182,-0.1060091489680223,-0.3249291607893965,1.146053184876391,0.8029250559978716,0.9436966528041332,-0.5065193880731993,2.466834314939687,1.4594667454758274,1.1207585175922157,-0.4036066587774324,0.0,0.575090826273172,0.575090826273172,0.6907169607931103,0.929625616048637,0.0,0.0,0.0,control,control,-0.1676881834131272,-0.1009089613218485,0.0149274325247624,0.2426489448625608,0.0,0.0,-0.7050671059817221,0.4682220341283781,0.0,0.0,0.0,-0.4999999999999997,-0.8660254037844388,0.0,control,control
1388.2144613,CONTROL_1,2.716514800000141,2.018082432597157,2.866016586063961,3.5247049144134954,2.7257316554107294,1.6333054129909557,1.2969527053890215,0.8848589656582917,0.874918495290196,0.923489689043046,1.2577296628576091,5468.75556640625,-0.8946880709485152,0.0356476206490771,1.370193522464616,0.3911312952456985,-0.9523964555031744,1.3610829160064368,1.4430137436173176,1.2081139209914034,1.4337172050005378,1.4242479574084748,2.095185822242972,1.7597168898257234,0.4983138212030148,0.3170967330543043,0.6628137921592776,0.7029205715568466,0.9523964555031744,-0.1157459532808584,2.929803402150381,1.2081139209914034,1.5423015794685209,-0.1561910185259877,0.0,0.7807247096167766,0.7807247096167766,0.6443775220167445,0.941382540925044,0.0,0.0,0.0,control,control,0.3647527946075152,0.0735772968292943,0.0811353956142605,0.7404608281791235,0.0,0.0,-0.7917675347326245,-0.1080630211021544,0.0,0.0,0.0,-0.5000000000000004,0.8660254037844384,0.0,control,control
1389.2144613,CONTROL_1,3.716514800000141,1.74456483147087,2.1013979975014143,2.1998049420709447,1.938896155247441,1.8772836827943464,1.2713567167686244,0.8675650775752894,0.8138202545597253,0.8633730131276784,1.2057760559333717,5464.87587890625,-1.2594388260724358,-1.0291536696214698,-0.5691973676417877,-0.8782865563170431,-0.709880617321434,1.2587710077130752,1.298353546895449,0.7198139340371813,0.844136747775148,1.1577053292209367,2.092497791548848,1.6251015603848924,0.6005607407038387,0.4925886505982614,0.5773854048709572,-0.7991755186316287,0.709880617321434,-0.0262272534329328,2.6540810694340324,0.7198139340371813,1.7420261634999368,0.0045945470543835,0.0045945470543835,0.821306154034851,0.821306154034851,0.6715866979947593,0.9646492678611176,0.0024446647208219,0.0052653942064862,0.0024446647208219,control,control,0.8035997840820805,0.4814668536742704,0.5208194683133057,0.4475251023362211,0.0,0.0,-0.8270861342728523,-0.0065433464062793,0.0,0.0,0.0,1.0,1.1943401194869637e-15,0.0,control,control
1390.2144613,CONTROL_1,4.716514800000141,1.920420184553652,1.889544997296709,1.735423082723072,1.810755796987573,1.926972634263889,1.2538043311945584,0.9686720871016592,0.8028021238621753,0.8882358641160463,1.1866124426380766,5489.2130859375,-1.0249260467653651,-1.3241783411897354,-1.2489603432251886,-1.0850180246442411,-0.6604895066962181,1.1886108709113068,2.1440951070261747,0.6317565200830281,1.087973434192825,1.0593883853993782,2.109359757753409,1.5843740715763936,0.5714025709881486,0.4766390929756944,1.4508488714042498,-1.286569342207462,0.6604895066962181,-0.2100629726046053,2.5706620541806906,0.6317565200830281,1.928335653032248,0.0044779178547107,0.0044779178547107,0.96423564899547,0.96423564899547,0.6800429587826157,0.9689058575869768,0.0028449670181867,0.0061275776296097,0.0028449670181867,control,control,1.0801220052672316,0.0731748197070846,0.1720877299293017,1.866557688601023,0.0,0.0,-0.7898429352502424,0.1351147217711365,1.0,0.0,8.0,-0.4999999999999991,-0.8660254037844392,0.0,control,control
1391.2144613,CONTROL_1,5.716514800000141,1.927268335934192,1.878801430806348,1.936244647905102,1.9473640661443847,1.6533540288238122,1.2643521766133916,0.8698791721355411,0.8722183176457247,0.915461891294602,1.1376186217094366,5585.6498046875,-1.015793660487592,-1.3391397397643516,-0.954997385884103,-0.86462510197774,-0.9324680131996568,1.2307725630885038,1.317710522765325,1.186533975434773,1.3549864269764202,0.8080306343521251,2.1761756701279578,1.4921031522400414,0.4424598836263229,0.2644797873111069,0.6369915939331887,-1.1470685628242272,0.9324680131996568,-0.0879970250838688,2.3816705535322926,1.186533975434773,1.9967742283782297,-0.1123355732739677,0.0,1.0404913768349169,1.0404913768349169,0.6995971685900988,0.9423988383165588,0.0,0.0,0.0,control,control,1.3258014712043502,0.527255789010583,0.5786592997313651,0.9317935623164756,0.0,0.0,-0.62358437792654,0.0817029204595184,0.0,0.0,0.0,-0.5000000000000014,0.8660254037844378,0.0,control,control
1392.2144613,CONTROL_1,6.716514800000141,3.377759450688201,2.786185904788475,1.996627149434484,2.481467416467538,1.621926236807521,1.281295917688446,0.8885817058377213,0.9563222828748916,0.9794906234376544,1.1468731111137664,5566.604882812499,0.918515967954871,-0.0755239015932976,-0.8666093748398691,-0.0029452116588907,-0.9637074236978715,1.298499835073458,1.4741537813067025,1.8586967845959748,1.9829334749071377,0.8555098388655084,2.1629804489749134,1.5092451439202108,0.2706446744848142,-0.008159843204582,0.7722175365582853,-0.4710666382165833,0.9637074236978715,-0.2874287796258773,2.416781190285873,1.8586967845959748,2.093276093280599,-0.3462790430700322,0.0,1.1027760867535383,1.1027760867535383,0.6959223586438775,0.9112528763008944,0.0,0.0,0.0,control,control,1.4071725559741566,0.4557063252157367,0.2318638157785626,-0.4619159654499974,0.0,0.0,-0.8036080849710525,0.0767414156284571,0.0,0.0,0.0,1.0,2.3274478990165602e-15,0.0,control,control
1393.2144613,CONTROL_1,7.716514800000141,3.4483922977372115,2.9463841434345825,2.0816862967983245,2.4749031251146354,2.072642858375724,1.3013090185497282,0.9389929909732472,0.8590447080927093,0.9334113641503312,1.061355293021439,5551.043359374999,1.0127087518619788,0.1475667919381359,-0.7420996465877198,-0.0135355175417651,-0.5156924453551736,1.3784959067373446,1.895834920314132,1.0812498740274252,1.5310217491578049,0.4167694829854466,2.1521986907412063,1.2844840868633265,0.6789374291119141,0.5167499480078004,1.2300899219139638,-0.2972664273247919,0.5156924453551736,-0.1574102112717199,1.956420225357613,1.0812498740274252,2.166282035986065,0.072631430108243,0.072631430108243,1.2229343913866038,1.2229343913866038,0.7456767871891579,0.9473728998127068,0.0627479201142518,0.135148403879102,0.0627479201142518,control,control,1.4990538398445026,-0.3840464231449191,-0.3872557239667791,1.058188755393192,0.0,0.0,-0.752509821254712,-0.021253955713377,1.0,0.0,9.0,-0.4999999999999989,-0.8660254037844393,0.0,control,control
1394.2144613,CONTROL_1,8.716514800000141,2.360297294253758,2.19621905782206,1.8192906940495792,1.888921316866066,2.1130594895340904,1.2888341147625089,0.8992643708336528,0.8135438532807705,0.8719199662313877,1.172367002328055,5510.51162109375,-0.4383257429305806,-0.8971066740546272,-1.1261947875024962,-0.958911988134895,-0.4755180757699144,1.328631405265055,1.5635123114653524,0.7176049221361162,0.92795902241094,0.9863036214202584,2.12411638860058,1.5552100050104192,0.6886671812648095,0.5810264429443921,0.8425519588964838,-1.0116507307785616,0.4755180757699144,-0.0912340562117175,2.510927516528352,0.7176049221361162,2.3459176406926283,0.0529687617031209,0.0529687617031209,1.265503221005587,1.265503221005587,0.6861636468270751,0.9647558198310264,0.0443739599873379,0.0955740023759249,0.0443739599873379,control,control,1.6373677999909937,-0.05038600357396,0.0150930784887884,-1.1141961316665474,0.0,0.0,-0.6891655100281505,0.0723708640418165,0.0,0.0,0.0,-0.5000000000000032,0.8660254037844368,0.0,control,control
1395.2144613,CONTROL_1,9.71651480000014,2.655834164721893,2.4095611174727187,1.9075384984465915,2.0269238898218247,1.8130074883599805,1.2528782742084204,0.8957381580429417,0.8684085869875657,0.8867599830348005,1.3424378987364576,5478.9849609375,-0.0442110818399358,-0.6000083510697477,-0.997017497524255,-0.7362696065503389,-0.7737715334302511,1.184909249581288,1.534016189278184,1.1560864304901548,1.073499070308898,1.85883483514352,2.102273229793788,1.980554032468654,0.2851404907925703,0.1117275262190471,0.7426503687656985,-0.7985129242970013,0.7737715334302511,-0.3289010590139063,3.3821273118629485,1.1560864304901548,2.554850623890445,-0.391079932469657,0.0,1.2810763399438692,1.2810763399438692,0.602107609226695,0.943834617487299,0.0,0.0,0.0,control,control,1.599898775428334,-0.0976226893795387,-0.271957057365699,1.503138755021919,0.0,0.0,-0.7907817199231141,0.0929689897930507,0.0,0.0,0.0,1.0,2.57237725884603e-15,0.0,control,control
1396.2144613,CONTROL_1,10.71651480000014,2.4858987763346034,2.568247617446236,2.1877671930928613,2.1798842456068943,2.3824071439179293,1.186087248533988,0.9579095414962496,0.801879288207687,0.8744856943005982,1.077310873666711,5473.714941406251,-0.2708292628319584,-0.3790228918514798,-0.58681824558943,-0.4894955271212075,-0.2077849197891739,0.9179331466080062,2.054068390244256,0.6243811745303561,0.9531218096929704,0.4986279457799707,2.098621911418627,1.2986249285992988,0.3747435033725568,0.2810863271930033,1.4999288714424293,-0.4829205687204548,0.2077849197891739,-0.395855943883239,1.985383835120413,0.6243811745303561,2.572955246542179,-0.1120251375453825,0.0,1.503261097311463,1.503261097311463,0.742444190627673,0.9692632242508784,0.0,0.0,0.0,control,control,1.5881975296234154,0.7873576900414943,0.612579557342788,2.122463890306008,0.0,0.0,-0.5934683673802705,0.3827595689645799,1.0,0.0,1.0,-0.4999999999999987,-0.8660254037844394,0.0,control,control
1397.2144613,CONTROL_1,11.71651480000014,2.588326755608052,2.713090898536528,2.2601700837270955,2.2551239097370126,2.227220157828172,1.1304002777863091,0.910438267822546,0.910398508451702,0.9201950522013338,0.9521345959632398,5497.629980468751,-0.1342359224693485,-0.1773153805524048,-0.4808347680102641,-0.3681098337043037,-0.3620416986276497,0.6953420082555141,1.6569799069999804,1.491671839464475,1.4014058127628344,-0.1435760516146924,2.11519137972018,1.05759568986009,-0.0911420580220746,-0.3148928339417459,1.2187454824710795,-0.3290750742813345,0.3620416986276497,-0.5973316318153417,1.4917019919449586,1.491671839464475,2.5144009861184866,-0.3484496647333333,0.0,1.5363253914911967,1.5363253914911967,0.7995107516814429,0.928129886607555,0.0,0.0,0.0,control,control,1.5311644760531136,-0.2346569838017332,-0.3008350631913695,1.1743460177513851,0.0,0.0,-0.3946663264807092,0.5640158773700967,0.0,0.0,0.0,-0.5000000000000034,0.8660254037844367,0.0,control,control
1398.2144613,CONTROL_1,12.71651480000014,2.58197667607612,2.5956405220425016,2.168484109949711,2.1650439092228426,1.928446165476829,1.0720419200980509,0.747231345489816,0.8892989779659607,0.856312048940528,1.0528758901635855,5555.98642578125,-0.1427041025602514,-0.3408757677890155,-0.615044856323573,-0.5134377462066476,-0.6590248079856282,0.4620728414144937,0.2917839847348935,1.3230434086332514,0.7748879672907957,0.3732667801511843,2.155623480553039,1.2644451303521116,-0.3171036341951722,-0.5155601454901599,-0.1398455082067577,-0.4779603120562943,0.6590248079856282,-0.3676827678180405,1.9153759560502144,1.3230434086332514,2.4923454630299995,-0.3472178812456781,0.0,1.4573354307134674,1.4573354307134674,0.750281812215344,0.9359884236918056,0.0,0.0,0.0,control,control,1.467885870312664,0.0705650447048981,0.1433140508298767,-0.4994115765061628,0.0,0.0,0.6843385383198992,-0.1976668408913948,0.0,0.0,0.0,1.0,2.8173066186755008e-15,0.0,control,control
1399.2144613,CONTROL_1,13.71651480000014,2.138014848958484,2.547524579530549,2.347558696092633,2.061381942023949,1.9984703589253257,1.085954826759149,0.6419033149779644,0.7451917504012586,0.7733956826650894,1.0859815679933151,5572.7705078125,-0.734751601589702,-0.4078816167648146,-0.3529151648261043,-0.6806777241474988,-0.5894203469783121,0.5176853067704924,-0.5892656404877471,0.1713317308736067,-0.0382952035312673,0.5431120497882658,2.167252285108226,1.3551821674482458,0.1189236591026686,0.0932238994716275,-1.0574825090424316,-0.3803983907954594,0.5894203469783121,0.1531898889685441,2.101225722461198,0.1713317308736067,2.469439225134673,-0.1501004851809804,0.0,1.428742588121946,1.428742588121946,0.7296547088108873,0.9914700021043412,0.0,0.0,0.0,control,control,1.3958183887427151,0.27614382017326,0.2086757638425764,0.3891616318187385,0.0,0.0,-0.3930178463211706,0.1823322441967198,1.0,0.0,7.0,-0.4999999999999985,-0.8660254037844395,0.0,control,control
1400.2144613,CONTROL_1,14.71651480000014,2.279036776206681,2.7059533204536868,2.3629273897879304,2.088477087369101,1.9894503058287936,1.1563737462949877,0.6349703620491655,0.7845360142732619,0.8535347156996661,1.0133045133292051,5492.57255859375,-0.5466911102684838,-0.1872551105899705,-0.3304184441923227,-0.6369645704010222,-0.5983863329200607,0.7991627735922666,-0.6472585180714326,0.4857729210900939,0.7476499110097087,0.170249907851707,2.1116873590398706,1.140968633445789,0.3439000928492865,0.2710341546857724,-1.1322913698309465,-0.2588367773911466,0.5983863329200607,0.282936716927805,1.66246844615463,0.4857729210900939,2.4598057072800663,0.0397624266604447,0.0397624266604447,1.5007873998656325,1.5007873998656325,0.7792913741392458,0.9760039494061816,0.0453882564587892,0.0977586253710337,0.0453882564587892,control,control,-1.2270180399838595,-1.0508401169591912,-1.1643274709511144,-0.1378325663456748,0.0,0.0,-0.0265194014790399,0.1398076677134337,0.0,0.0,0.0,-0.5000000000000036,0.8660254037844366,0.0,control,control
1401.2144613,CONTROL_1,15.71651480000014,2.2610731670570425,2.354992762403077,1.8499278907366008,1.9084197300862904,1.983022702159531,1.1738233333520542,0.7144847752753949,0.7568618978101262,0.8984235195482249,1.1244224888061651,5426.47421875,-0.5706465704476494,-0.6759997744476832,-1.0813480055615536,-0.927454798145674,-0.6047754088513204,0.8689120056776779,0.0178649408247712,0.2646000927670769,1.1878865191447356,0.7403292339261784,2.0658913081129184,1.4031102710195484,0.4255244054543138,0.3858343915392522,-0.5501406283495354,-0.8786738900046185,0.6047754088513204,0.1872183840930772,2.199393208840666,0.2646000927670769,2.4690625239999853,0.0411136554312585,0.0411136554312585,1.4171566238831976,1.4171566238831976,0.7189891718947944,0.9868571271982142,0.0413409616484315,0.0890414370936844,0.0413409616484315,control,control,-1.2319988304104357,-0.9200504106946444,-0.8557610491707291,1.153333062299491,0.0,0.0,-0.4714421971792353,0.0704542399843789,0.0,0.0,0.0,1.0,6.614949657305472e-15,0.0,control,control
1402.2144613,CONTROL_1,16.71651480000014,2.056452919682446,1.8854773762500463,1.6240127246815803,1.7303774442690136,1.8375850611490387,1.1670910934205323,0.7520259506229467,0.7318740970081449,0.8790819585192173,1.199034854947153,5476.240039062499,-0.8435189173686336,-1.3298428753818234,-1.4120430196231146,-1.2146940697629112,-0.7493412812187963,0.8420019954921807,0.3318899758476782,0.064896424384084,0.998198612731068,1.1231202920236656,2.100371418306916,1.6117458551652906,0.4163517831664286,0.4066173195088161,-0.2815469868166896,-1.370942947502469,0.7493412812187963,0.1580152439263214,2.6267255950351145,0.064896424384084,2.494445728355648,0.022346254526746,0.022346254526746,1.3679046949863185,1.3679046949863185,0.674348095479145,0.9967604375237368,0.0205463891124078,0.0442534459941435,0.0205463891124078,control,control,-1.228221836701731,-1.0542103117207131,-0.9989335600289616,0.7791351770118375,0.0,0.0,-0.5383175950359921,-0.4024765119066754,1.0,0.0,7.0,-0.4999999999999983,-0.8660254037844396,0.0,control,control
1403.2144613,CONTROL_1,17.71651480000014,2.246679994159922,2.100258707553105,1.616325605711941,1.8260482347364704,1.816413585744245,1.182506179581403,0.6818278652832459,0.6862032091075498,0.8379741639826177,1.131373499383291,5587.25078125,-0.589840657633395,-1.0307402350347334,-1.4232954377770095,-1.0603464211536342,-0.7703858525549043,0.9036189505946076,-0.2553041117976917,-0.3001074398749134,0.5950433828488342,0.7759906776155123,2.177284902286623,1.4766377899510676,0.6394971070630604,0.6845132230442974,-0.8503682969341106,-1.2270178364058717,0.7703858525549043,0.4668751836774107,2.3499940291399235,-0.3001074398749134,2.5571844323554958,0.2964936666014339,0.2964936666014339,1.4842175166455993,1.4842175166455993,0.7029291993742202,1.0,0.3093317921608586,0.6662483458173918,0.3093317921608586,control,control,2.29371978972466,1.263279555471938,1.3867291670208646,0.1059559013707799,0.0,0.0,-0.7883477544697416,-0.1141037373204247,0.0,0.0,0.0,-0.5000000000000038,0.8660254037844365,0.0,control,control
1404.2144613,CONTROL_1,18.71651480000014,2.3284914498685483,2.565368127346422,2.016060416845648,2.0142671161534813,1.5971587170589328,1.139272970829259,0.6147735141477484,0.6922253793749922,0.7771052606042154,1.1184211247705411,5494.02998046875,-0.4807405846412705,-0.3830328450745201,-0.8381629241122907,-0.7566890391184552,-0.988326484306638,0.7308078060564257,-0.8162014403661768,-0.2519779744783483,-0.0019143720205214,0.709539853987688,2.1126971297325587,1.4111184918601234,0.4662204741588167,0.504017170330569,-1.351683014845314,-0.6105978845934054,0.988326484306638,0.5523680584592108,2.2157958380229648,-0.2519779744783483,2.629363088095213,0.2383179812827175,0.2383179812827175,1.5634215918091254,1.5634215918091254,0.7172223494102401,1.0,0.2672309349730653,0.5755702222953349,0.2672309349730653,control,control,2.0919594797748475,1.2712001632612326,1.0997871472972185,0.1419431388606896,0.0,0.0,-0.8503552411578259,-0.052691302646528,0.0,0.0,0.0,1.0,6.859879017134943e-15,0.0,control,control
1405.2144613,CONTROL_1,19.71651480000014,1.7849897624085382,2.8536566910363805,3.1033557801248643,2.165011641053492,3.862248256232097,1.0654995293627203,0.735371421370842,0.7411332907918005,0.798461717106275,1.0547795714192223,5408.268945312499,-1.2055299586919457,0.0184353368126116,0.7534219248708957,-0.5134898051061286,1.263185867969407,0.4359216936366316,0.1925778982884635,0.1388963325600129,0.2075341578170995,0.3830334207205047,2.0532778350445526,1.2181556278825287,0.0827690702699948,0.0619346203859929,-0.2209414320913265,0.3859286308417536,-1.263185867969407,-0.5561123101410669,1.8205646915812408,0.1388963325600129,2.64491710797145,-0.239105971914792,0.0,1.6555429980111795,1.6555429980111795,0.7610283229557145,0.9930792428824832,0.0,0.0,0.0,control,control,2.0795342034914928,1.2234809710243402,1.385242460686588,-0.2163061176763099,0.0,0.0,-0.1106128503809519,2.2447271167724003,1.0,0.0,3.0,-0.4999999999999981,-0.8660254037844397,0.0,control,control
1406.2144613,CONTROL_1,20.71651480000014,2.2236918664136693,3.222611420625483,3.386832050641557,2.5499609563249948,5.226404617832009,0.9825820969384252,0.82078344507491,0.6889633922619856,0.7900465510539445,1.1037682080342122,5363.89033203125,-0.6204965895361441,0.5322385296652274,1.168374984028535,0.1075568210960318,2.619165331677196,0.1044853553912256,0.9070337853707626,-0.2780479274865305,0.1250043543438455,0.6343645741806514,2.0225302362591684,1.3284474052199098,-0.1303097212934661,-0.0886025321704865,0.5488005952179787,0.8503067568468811,-2.619165331677196,-1.1881224702080715,2.0464669439711614,-0.2780479274865305,2.685029415234366,-0.3069700415956742,0.0,1.7426119004377585,1.7426119004377585,0.7356726401555265,1.0,0.0,0.0,0.0,control,control,2.0654809720529514,0.3111476695691024,0.2551287286198473,0.6050030185541374,0.0,0.0,1.597409454874887,-2.5827018981802827,0.0,0.0,0.0,-0.500000000000004,0.8660254037844363,0.0,control,control
1407.2144613,CONTROL_1,21.71651480000014,3.107796995756036,3.1802014248937622,2.7542722502097967,2.6721946131992262,3.073713180113544,1.047194805838254,0.9382363358387869,0.7818001848427039,0.8226246281065068,1.244793973313485,5357.6416015625,0.558506195691074,0.4731787332503895,0.2424328449885475,0.3047588869226799,0.4793773547165783,0.3627543226729585,1.8895056391208964,0.4639080447977682,0.4445063439617326,1.357882734806377,2.0182008207329667,1.688041777769672,-0.2216239374486783,-0.2912101441683435,1.3768066140102388,0.3578057891194686,-0.4793773547165783,-0.931382209654988,2.782996725853633,0.4639080447977682,2.099813670910005,-0.4731184742537771,0.0,1.1239812185828524,1.1239812185828524,0.6587247507601142,0.9770715431507092,0.0,0.0,0.0,control,control,2.007015748339979,0.2847954931615447,0.2054699440746815,-0.78890324661515,0.0,0.0,0.5390150629162078,0.023454295852999,0.0,0.0,0.0,1.0,7.1048083769644134e-15,0.0,control,control
1408.2144613,CONTROL_1,22.71651480000014,3.2551247624293653,3.185213869154801,2.518268395676562,2.572227397642109,1.9354932286242856,1.0694274497210143,0.7689487201014775,0.8060645156650444,0.8064566513396177,1.1487214527575074,5388.1603515625,0.7549758704890996,0.4801590201495051,-0.1030300088618361,0.1434797275902775,-0.6520199856819767,0.4516223189745081,0.4734458336220341,0.6578297073914491,0.2859426344836576,0.8649925652569525,2.0393456517912174,1.4521691085240849,-0.1416603557435202,-0.2403348118522376,-0.0025020232526141,0.1885645056438344,0.6520199856819767,-0.2556091839877855,2.299876691466978,0.6578297073914491,1.0639202084281405,-0.3261180707547241,0.0,0.4374755433084183,0.4374755433084183,0.7082334530308726,0.9676435573750451,0.0,0.0,0.0,control,control,-0.1088811970434725,2.035951543470603,1.716877038662969,9.895091054841524,1.0,1.0,-0.3692327417335411,0.3658106150600073,1.0,0.0,8.0,-0.4999999999999979,-0.8660254037844398,0.0,control,control
1409.2144613,CONTROL_1,23.71651480000014,2.5886853402762937,2.640037196995386,2.033655953809489,2.100561076787028,1.881330438812828,1.0192521529149268,0.6756248149179157,0.8339132972872139,0.8439528098035056,1.080200055816681,5387.80849609375,-0.1337577301044747,-0.279049338925409,-0.8124065464184563,-0.6174692224127482,-0.705858117987662,0.2510623624301538,-0.307191488529723,0.880398467804455,0.6536775751589697,0.5134505971637067,2.03910186970828,1.2762762334359934,-0.3761461596604037,-0.5082059298310719,-0.6890261374962598,-0.5457279426719327,0.705858117987662,-0.2148204529449625,1.939608703943383,0.880398467804455,0.6306856557358812,-0.2907104040298927,0.0,0.1505386534236094,0.1505386534236094,0.7475595542962847,0.9569348918958528,0.0,0.0,0.0,control,control,-1.3676448351621528,-1.4410007781727214,-1.4434267147253634,-0.4187909585956379,0.0,0.0,-0.4556270122745824,-0.0454833505996472,0.0,0.0,0.0,-0.5000000000000042,0.8660254037844362,0.0,control,control
1410.2144613,CONTROL_1,24.71651480000014,1.9263836122640976,2.014044717591005,1.730554867679811,1.6765482102942777,1.5760461058569062,1.023705119978704,0.8582160487711498,0.8627527633871469,0.8886657530300599,1.06694946067665,5375.62587890625,-1.0169734881309107,-1.1508010982209114,-1.256086444895555,-1.3015378770508348,-1.0093125442782525,0.2688616967172255,1.2201506384763448,1.1108848247273466,1.0921894707354496,0.4454697838426346,2.030661177272416,1.2380654805575253,-0.429464362076727,-0.5960970857858291,0.8434188441576571,-1.2034437715582331,1.0093125442782525,-0.4809819460979345,1.8613445273279705,1.1108848247273466,0.4774941966918651,-0.2611109764247392,0.0,0.05504425858511,0.05504425858511,0.7563873403137529,0.945970171854684,0.0,0.0,0.0,control,control,-1.388071391679102,-1.4910615015946629,-1.5597661522697353,0.7667765709455608,0.0,0.0,-0.2609201259400462,-0.8253389116522095,0.0,0.0,0.0,1.0,7.349737736793884e-15,0.0,control,control
1411.2144613,CONTROL_1,25.71651480000014,2.240556422246095,2.126550270993167,1.7981943018794722,1.794079107907004,1.6719108876919857,0.8966368686567879,0.8819364609484328,0.7498033153125807,0.8110255702219976,0.9967833509924156,5377.7556640625,-0.5980067773654579,-0.9941268292230362,-1.1570757231526627,-1.1119228692012575,-0.914022386111384,-0.2390536438094417,1.4185675286181407,0.2081875725331211,0.3307512544328295,0.0854897864537343,2.03213679299453,1.0588132897241322,-0.5766226166270672,-0.6078507525070354,1.213627617139468,-1.0756012761878495,0.914022386111384,-0.4972185650761426,1.4941959090658643,0.2081875725331211,0.3918126651939216,-0.1120085371471465,0.0,0.0501394792758654,0.0501394792758654,0.7992117205840432,0.9896446114582386,0.0,0.0,0.0,control,control,-1.3847285437074066,-1.640239227575739,-1.6341563095712863,-0.1433789618984447,0.0,0.0,-0.1103010471357454,0.292584541096526,1.0,0.0,4.0,-0.4999999999999976,-0.86602540378444,0.0,control,control
1412.2144613,CONTROL_1,26.71651480000014,2.3380002765027155,2.2922018640960298,1.921516221342468,1.907407723473301,1.7349407868476674,0.7644917978150934,0.8299678117097631,0.6753117424331241,0.7530293005646536,0.8816299618065209,5412.45068359375,-0.468060041667535,-0.7634418410344822,-0.976556882372483,-0.9290874891721492,-0.8513702948551886,-0.7672619724614286,0.983859324994179,-0.3871525490540081,-0.2380338066387696,-0.5052928139356863,2.056175140782398,1.028087570391199,-0.8887804728903255,-0.8307075905322242,0.9186529255117364,-0.8699993617034826,0.8513702948551886,-0.5250937716742671,1.4312627569200094,-0.3871525490540081,0.3614142074118062,-0.0869838693097231,0.0,0.0383005316502629,0.0383005316502629,0.8067919799348012,1.0,0.0,0.0,0.0,control,control,-1.3733675281163162,-1.4333511858044576,-1.4745584062839556,0.1153602935561923,0.0,0.0,-0.1855850079435132,-0.4141841695845416,0.0,0.0,0.0,-0.5000000000000044,0.866025403784436,0.0,control,control
1413.2144613,CONTROL_1,27.71651480000014,1.889368100538532,1.9781242682940223,1.8418315972361847,1.8086453280664387,1.621863964278434,0.888495206085124,0.6716098409636817,0.7129259978506075,0.7781134373940924,0.9537313630573035,5438.754589843749,-1.0663357075917512,-1.2008236079148358,-1.0931993741071886,-1.0884228874435178,-0.9637693229588152,-0.27159737738978,-0.3407760080585346,-0.086537667020425,0.0079730897143315,-0.135384002533754,2.0743997290708527,1.0371998645354263,-0.5006091600664879,-0.4876285100134241,-0.5321766298449462,-1.1470114910110123,0.9637693229588152,-0.0502795008683869,1.4499267754109215,-0.086537667020425,0.2507976148691437,-0.0729236178678159,0.0,-0.0419306859032375,0.0,0.8045364416488486,1.0,0.0,0.0,0.0,control,control,-1.3959610220294945,-1.3458983887978095,-1.339726072950881,0.8061700189594673,0.0,0.0,-0.5396994302952477,-0.3729280489294675,0.0,0.0,0.0,1.0,7.594667096623355e-15,0.0,control,control
1414.2144613,CONTROL_1,28.71651480000014,2.8124150722426373,2.491446120490651,1.9272785044747704,2.1733482526917176,1.724503971949937,1.1297956076949307,0.7602036383816586,0.8548010675570084,0.8965116309127747,1.1200842487028555,5497.2466796875,0.1645981648813024,-0.4859759979834616,-0.9681220422741452,-0.500040178554056,-0.8617445503776593,0.6929250298822877,0.4002948316110275,1.0473345011222976,1.1691361115633252,0.7180723399913472,2.114925810839933,1.41649907541564,-0.0277668143644265,-0.1848669895327712,-0.1270611947134544,-0.7270490201288035,0.8617445503776593,-0.1572561121136685,2.2268164777633617,1.0473345011222976,0.1832924139901734,-0.330440929242531,0.0,-0.2057177818713828,0.0,0.7160376914876408,0.9489807879894446,0.0,0.0,0.0,control,control,-1.4203460122930536,-1.3181780121148192,-1.317695529059647,-0.120882803912947,0.0,0.0,-0.664945137136032,-0.2654337630545988,1.0,0.0,9.0,-0.4999999999999913,-0.8660254037844437,0.0,control,control
1415.2144613,CONTROL_1,29.71651480000014,3.1551760782842173,3.010265385954197,2.2644160584142217,2.457024601445104,1.7015443366545198,1.0182590164370138,0.935077347556957,0.8206492808403468,0.8743720042722503,1.1411140902611714,5531.9943359375,0.6216888064556865,0.2365272625262853,-0.4746195028583785,-0.0423793064925443,-0.884566563184383,0.2470926119447182,1.863081282487021,0.7743918302886933,0.9520068209169824,0.8259637756619274,2.1390006278319924,1.48248220174696,-0.3945650790930644,-0.5107238536363684,1.4306875790641016,-0.1190461201660466,0.884566563184383,-0.621025403418125,2.3619646929596536,0.7743918302886933,0.0113476948254075,-0.3145367391009337,0.0,-0.3463513175661627,0.0,0.701668152510428,0.9620204300204536,0.0,0.0,0.0,control,control,2.390332069145125,1.5211154747961613,1.4935608093085957,6.310440603332179,1.0,1.0,-0.4286655091213771,0.2870259451490919,0.0,0.0,0.0,-0.5000000000000047,0.8660254037844359,0.0,control,control
1416.2144613,CONTROL_1,30.71651480000014,9.954346540670295,11.08121784072055,11.601406904962044,12.33041150426018,6.850834710553609,1.548578755044562,1.4890620834334387,1.5101775186477382,1.5755415473386931,1.6576878863420534,5549.42763671875,9.688756337610752,11.476066447289975,13.192883981789526,15.88655830145501,4.233858418161843,2.366878851392312,6.497061824524383,6.285133637261876,7.828565670837602,3.4761924202486214,2.1510792417924987,2.81363583102056,-0.536326879404485,-1.4790969249937669,5.201933153921165,12.33447521453975,-4.233858418161843,-4.0056406372626485,5.088465347764168,6.285133637261876,-0.2259150514322415,-1.51748583863605,0.0,1.703625240743325,1.703625240743325,0.4661397476445175,0.730331541237527,0.0,0.0,0.0,control,control,2.622192904338532,0.6584402456709388,0.6670698366659266,0.9626097931319196,0.0,0.0,0.1119509944444057,-0.8566768767795683,0.0,0.0,0.0,1.0,7.839596456452825e-15,0.0,control,control
1417.2144613,CONTROL_1,31.71651480000014,14.841493981834892,16.5049365448905,17.78973506062654,18.86079377983281,9.849117886637805,1.9090591712511769,1.6944152995535495,1.8605034282598447,1.924902852545464,1.6322440394538118,5218.21982421875,16.206036074733316,19.02909060946969,22.2513695283359,26.42215797434787,7.214169566938437,3.8077858556677255,8.214803751546647,9.084954631256638,11.254846231503349,3.345655384953208,1.9216028300624903,2.633629107507849,-0.0303555421490595,-1.3930987368375556,6.604450010752753,20.640230068902795,-7.214169566938437,-5.27622572660597,4.719771277648127,9.084954631256638,-0.3158867775963461,-1.7981602473980156,0.0,3.42008032213334,3.42008032213334,0.4926453713613979,0.6349254226940925,0.0,0.0,0.0,control,control,2.715197910138256,2.6185001276101785,2.2657261803556983,0.0044648385901924,0.0,1.0,-0.1411766922090829,0.5565815220135626,1.0,0.0,5.0,-0.499999999999991,-0.8660254037844438,0.0,control,control
1418.2144613,CONTROL_1,32.71651480000014,7.624301900809934,8.43118534463329,8.91533314977891,9.195104879507086,5.345944140414156,1.2461842208702516,1.0382563079981608,1.0699442110542936,1.1393200099482,1.111145403873532,5519.336816406249,6.581513738370834,7.78565391573305,9.261004534509109,10.828303814006809,2.7379883216845275,1.1581518782836693,2.7261543313783654,2.766768529124061,3.550423382526139,0.6722125174530779,2.130230900628067,1.4012217090405723,-0.1605225341698951,-0.5755378135385043,2.086310934547305,8.52332922512108,-2.7379883216845275,-1.97959496506244,2.195525011091674,2.766768529124061,-0.3299035607330597,-0.6613409751586385,0.0,1.3753370933604647,1.3753370933604647,0.719406471792417,0.8708039387814615,0.0,0.0,0.0,control,control,2.759668890669029,1.166150932319349,1.1995033347062938,0.08359043555069,0.0,0.0,-0.414566649339114,-0.4554941806926496,0.0,0.0,0.0,-0.500000000000011,0.8660254037844323,0.0,control,control
1419.2144613,CONTROL_1,33.71651480000014,4.69127676033186,5.173454960953023,5.446653619388004,5.707819405759998,4.391208674133245,1.0620825000695644,0.7961154951243804,0.8563459339516455,0.9041581153111576,1.2882471498557455,5419.9296875,2.670163498453849,3.2489665165716084,4.1835453886352685,5.202194629874534,1.7889756410325397,0.4222631945310919,0.7006909158296917,1.0596811453354282,1.244127246703799,1.580814780613343,2.061356947838114,1.8210858642257288,-0.4038966723927401,-0.5628488441930544,0.1398536511404866,3.716255952603438,-1.7889756410325397,-1.2765350890629965,3.0555008011632983,1.0596811453354282,-0.3261391736461541,-0.5854868576147461,0.0,0.2849260703461929,0.2849260703461929,0.6323418556890232,0.9483951323723624,0.0,0.0,0.0,control,control,2.741213644692228,1.0021851175972143,1.05481549113134,0.4828260016154007,0.0,0.0,0.5087965268350635,0.4609675000645272,0.0,0.0,0.0,1.0,9.790984586812941e-16,0.0,control,control
1420.2144613,CONTROL_1,34.71651480000014,4.488518199088468,5.033606567089329,5.32808670759165,5.6140258036026,6.622783664491606,0.9918128328826972,0.6957595542465692,0.8556915317552058,0.906481875647124,1.244525906226998,5593.520800781251,2.3997738123172687,3.0542148423960294,4.00998693637013,5.050875487669759,4.0071743342533965,0.1413823169978587,-0.1387680930360643,1.0544511324878585,1.2669169911549074,1.3565074442347904,2.1816290678805688,1.7690682560576796,-0.6699426433873116,-0.8281103132604903,-0.6163807362999489,3.53210088938308,-4.0071743342533965,-1.912648156638301,2.948957093801028,1.0544511324878585,-0.3097159832071079,-0.5688776999686972,0.0,0.2640766138064618,0.2640766138064618,0.6425288477042249,0.9486431707383888,0.0,0.0,0.0,control,control,2.561445190789608,0.583099864788708,0.595643322220626,-0.5157661779311145,0.0,0.0,0.9933774975504328,1.654635454470348,1.0,0.0,1.0,-0.499999999999997,-0.8660254037844404,0.0,control,control
1421.2144613,CONTROL_1,35.71651480000014,3.5130655906641053,3.698654829806363,3.382186015888873,3.243016262809673,7.254969958117813,0.8460284022026051,0.6061518662620166,0.7169383624375573,0.8149343342896284,0.9574961104624482,5631.115234375,1.0989541427775835,1.1951724994939334,1.1615741102549904,1.2256771626278538,4.635571236196,-0.4413450596839535,-0.888319941031305,-0.0544706622746395,0.3690855580364457,-0.1160693538070006,2.2076762666377405,1.1038381333188705,-0.6982398612175472,-0.6900692618763513,-1.053943209440034,1.1783733048744618,-4.635571236196,-1.742280570180578,1.5864168690241178,-0.0544706622746395,-0.3009868134754591,-0.2379625303536176,0.0,-0.0022878693787252,0.0,0.7882322253231984,1.0,0.0,0.0,0.0,control,control,1.7873946462559316,1.014055401686797,0.874851654569283,1.6889466449092512,0.0,0.0,0.1641207529321549,-1.1096476714990662,0.0,0.0,0.0,-0.5000000000000051,0.8660254037844357,0.0,control,control
1422.2144613,CONTROL_1,36.71651480000014,3.257016849410745,3.730621917640132,3.3100907634333283,3.04899444386228,4.775805837217972,0.9018079470253136,0.7487042259320509,0.7426200680104125,0.8340388316915996,0.8916019581579252,5674.75302734375,0.7574990724782094,1.239689591911972,1.0560409539783036,0.9126577824481564,2.1712674879374885,-0.2183838856037835,0.3041043590485746,0.1507787253715299,0.5564485175116581,-0.4541325139461997,2.237910590129991,1.1189552950649957,-0.5508952632500679,-0.5735120720557974,0.0789615066832716,1.1478652729451375,-2.1712674879374885,-1.1871433130945193,1.617380200748712,0.1507787253715299,-0.2685545050249375,-0.2607004771568904,0.0,-0.0130339755232792,0.0,0.7845797694238719,0.9924894102325692,0.0,0.0,0.0,control,control,1.0692902782302578,1.0649296723987889,1.1957537455948466,-0.4945961136374291,0.0,0.0,-0.5118560133270672,-0.0821950723078574,0.0,0.0,0.0,1.0,8.329455176111767e-15,0.0,control,control
1423.2144613,CONTROL_1,37.71651480000014,2.4025823932235824,2.971427911197828,2.685607436161658,2.4442860957504604,2.591445059138165,0.948042657821859,0.7931788454701288,0.8074133369506301,0.8588513348255453,1.1496128481070846,5674.8234375,-0.3819362392342099,0.1824425281894237,0.1419211704352175,-0.0629305990151337,0.0,-0.0335751813517162,0.6761263809692644,0.668609549957793,0.7997914289396418,0.8695657772685257,2.237959373610924,1.5537625754397246,-0.6560291676968749,-0.7563206001905438,0.2960795324472622,0.1621818493123206,-0.0,-0.7899168185450314,2.5079628567133643,0.668609549957793,-0.1984118025467557,-0.4564275745019397,0.0,-0.3437580586445405,0.0,0.6864688509525639,0.967122145645635,0.0,0.0,0.0,control,control,1.229472119875021,1.6022187838711253,1.7631521171884976,2.203546932960218,0.0,0.0,-0.3582656238278203,0.6762819501427628,1.0,0.0,4.0,-0.4999999999999907,-0.866025403784444,0.0,control,control
1424.2144613,CONTROL_1,38.71651480000014,3.578125195524428,4.55952492962303,4.4308750216863535,3.7092223443366894,8.595086025121592,0.9235083604394552,0.82467791819138,0.7920046400337345,0.9043629834582566,1.228812868878837,5607.705859375,1.1857147018902294,2.394012819035992,2.696646905827919,1.977816996525401,5.967654505382796,-0.1316433130835083,0.9396103375291124,0.5454625261884276,1.2461364438857516,1.275893324839858,2.191457146275529,1.7336752355576937,-0.7559740061388813,-0.8377933850671455,0.5391023569105662,2.545329862431956,-5.967654505382796,-2.6978399705288405,2.876464263937821,0.5454625261884276,-0.1814015478389727,-0.4969251427332845,0.0,0.077596332895718,0.077596332895718,0.6495537829575578,0.973095427262792,0.0,0.0,0.0,control,control,1.361698798902052,0.9587953974246676,1.0239682861935038,1.1523324942459556,0.0,0.0,-0.3707655135589094,-0.1411150405406854,0.0,0.0,0.0,-0.5000000000000114,0.866025403784432,0.0,control,control
1425.2144613,CONTROL_1,39.71651480000014,3.8603351781012,5.507449660359645,5.211894686983053,3.989292950822513,11.036960300331312,0.8668116547744985,0.7605814509223902,0.6623326766930914,0.8333894899185346,0.9970453119606232,5602.934375000001,1.562057225459157,3.714084671154118,3.8399048539673775,2.4296606506275955,8.39489192724062,-0.358270548958517,0.4034551641056002,-0.4908818472427079,0.550080247582725,0.086833750214527,2.188151236596842,1.1374924934056845,-0.4708350257749903,-0.3972027486885842,0.2086496779938083,3.776994762560748,-8.39489192724062,-2.955617271343708,1.6553485331054436,-0.4908818472427079,-0.1648723240407034,-0.2483022799658165,0.0,0.5070966725463331,0.5070966725463331,0.7801240917494475,1.0,0.0,0.0,0.0,control,control,1.277167235786155,0.5337794949020411,0.4346450196696143,1.7662970173935844,0.0,0.0,-0.7013771335508245,-0.1863012718794738,0.0,0.0,0.0,1.0,1.5679811893542238e-14,0.0,control,control
1426.2144613,CONTROL_1,40.71651480000014,2.514702385942627,3.3777592002289225,3.1242148145347755,2.3913079952045093,4.763568212323853,0.9734543698996982,0.7992288035899521,0.7509986166463765,0.8490454939052802,1.0106383526234102,5646.49931640625,-0.2324180662158753,0.7482959972386033,0.7839554158177415,-0.1484012552844045,2.159103216664712,0.0680001394629426,0.726733169192492,0.2177404764910863,0.7036229019008492,0.1565714450121721,2.21833508508663,1.187453265049401,-0.3050723435712877,-0.3377334150449507,0.4128698180644061,0.7661257065281724,-2.159103216664712,-1.1502710689253433,1.7576793787761005,0.2177404764910863,-0.0693163772839728,-0.2897807639953454,0.0,-0.1104267655107805,0.0,0.7682409125436742,0.9891720253351806,0.0,0.0,0.0,control,control,1.1207138617348829,0.3683722143853631,0.4113882848502908,1.191585948522378,0.0,0.0,0.4422612439073422,0.6436023388183452,1.0,0.0,10.0,-0.4999999999999966,-0.8660254037844406,0.0,control,control
1427.2144613,CONTROL_1,41.71651480000014,2.3046281288468538,2.333358693864976,2.5527619859203203,2.387718584501752,2.2902202749134544,1.0204550477462546,0.775805579045962,0.82366597207442,0.8444300083453558,1.1090864309035475,5581.73017578125,-0.5125636348822267,-0.706127192794232,-0.0525382313070912,-0.1541921251952372,-0.2994192109249652,0.2558705559129131,0.5308021990062974,0.7985013672022208,0.658357589983598,0.6616491687410805,2.1734599661415985,1.4175545674413397,-0.377993564468199,-0.4977687695485321,0.1124459181677343,-0.3793327120506616,0.2994192109249652,-0.51496505406873,2.228978361738228,0.7985013672022208,-0.0473527265735088,-0.3852540366862559,0.0,-0.3343467542607342,0.0,0.7158055305709536,0.9608614353779508,0.0,0.0,0.0,control,control,1.0942307313795263,1.178322806678383,1.1830256926683091,0.3748949183135376,0.0,0.0,-0.362713326065932,-1.419802506852664,0.0,0.0,0.0,-0.5000000000000056,0.8660254037844355,0.0,control,control
1428.2144613,CONTROL_1,42.71651480000014,2.6595855111408064,2.5545169074672702,2.716692655939468,2.566478468429149,2.717504547285765,0.9590058700080436,0.732265844726639,0.7628787356961841,0.7710330656502052,1.1973221679277537,5565.356347656249,-0.0392084551958166,-0.3981441608352998,0.1874237693577969,0.1342048621720452,0.1253038742077822,0.0102468087432375,0.1666003201909851,0.3126869415231409,-0.0614660259141431,1.1143335277075876,2.162115404864352,1.6382244662859695,-0.5087497373613542,-0.5556527785898253,-0.2455174985663167,-0.1053601957387514,-0.1253038742077822,-0.6135018789463744,2.6809597187089094,0.3126869415231409,0.0161926197790269,-0.4396663907891133,0.0,-0.3908091239610176,0.0,0.6688844476213116,0.984487234885242,0.0,0.0,0.0,control,control,1.1189224844669934,0.3931206575675906,0.4975415092220994,0.4547112536559567,0.0,0.0,-0.3647207199882632,-1.1869762183490755,0.0,0.0,0.0,1.0,8.819313895770708e-15,0.0,control,control
1429.2144613,CONTROL_1,43.71651480000014,2.5438832167933088,2.5707665405219973,2.44558921578238,2.139685077456387,2.5757270283540006,0.9558959740948092,0.8800319746598925,0.7301931665673412,0.7936739458153713,1.0289019091031246,5512.88173828125,-0.1935038243385666,-0.3755150611744813,-0.209417919141555,-0.554349669642276,-0.0156238152408399,-0.0021840213448493,1.40263685069123,0.0514623499737217,0.1605791932619152,0.2502707400631111,2.1257585177021308,1.188014628882621,-0.3171995010563072,-0.3249188535523654,1.106179198806787,-0.2924664901580182,0.0156238152408399,-0.61982744461517,1.7588291775860945,0.0514623499737217,0.1272625171194944,-0.2676562863486347,0.0,-0.174740614654268,0.0,0.768108425595948,0.9974301901305638,0.0,0.0,0.0,control,control,1.071995688045615,1.0233234069134836,1.0719653446974864,-0.2056744367685314,0.0,0.0,0.3465211306007281,0.1096242606400151,1.0,0.0,10.0,-0.4999999999999902,-0.8660254037844443,0.0,control,control
1430.2144613,CONTROL_1,44.71651480000014,2.07832566602491,2.239774565659444,2.138037957119453,1.9346060813211663,2.294158881279301,0.95256148228126,0.7547086120026687,0.6772566253776763,0.7913857407929129,0.9314465923403497,5541.225390625001,-0.8143504078752936,-0.8364516473035448,-0.6596119879338095,-0.8852078205780061,-0.2955042129833408,-0.0155126028539429,0.3543299454523251,-0.371608953934113,0.1381381493614557,-0.2497137229729051,2.145396338398666,1.072698169199333,-0.1536240112768366,-0.0978826681867197,0.0900335538659776,-0.7480318176186771,0.2955042129833408,-0.1696108551905376,1.5226352508131236,-0.371608953934113,0.1845146857698283,-0.1840696556744674,0.0,-0.0992350075830887,0.0,0.7958096239599223,1.0,0.0,0.0,0.0,control,control,1.0930644047118163,1.5047693952500245,1.6582657076064458,1.027073263625704,0.0,1.0,-0.3308722237272082,-0.2500695966604487,0.0,0.0,0.0,-0.5000000000000119,0.8660254037844318,0.0,control,control
1431.2144613,CONTROL_1,45.71651480000014,2.3294375155528395,2.1639432189440093,1.8535489379399224,2.021841985106407,1.7944506842844683,0.8996238805833826,0.672460200115439,0.7291959116472952,0.8091054562864904,1.10160179214555,5542.1341796875,-0.4794789540503283,-0.94205373052957,-1.0760475103503182,-0.7444683476650363,-0.7922171060542954,-0.227114003780793,-0.3336629099751506,0.043492242182948,0.3119201791149779,0.6232500006428919,2.14602599037308,1.384637995507986,-0.5884957874218213,-0.5950196237492635,-0.6230439079069489,-1.009050620439944,0.7922171060542954,-0.2148817627149848,2.161557852973073,0.043492242182948,0.1928805670128873,-0.2106201810997703,0.0,-0.1892172810369397,0.0,0.7230812544939274,0.9978277506467624,0.0,0.0,0.0,control,control,1.1756017990312222,0.3322313120974783,0.362598426407446,0.3924046868823935,0.0,0.0,-0.3298651526380413,-0.2896338949541745,0.0,0.0,0.0,1.0,1.6169670613201182e-14,0.0,control,control
1432.2144613,CONTROL_1,46.71651480000014,2.586816677029233,2.5245148649333675,2.147895006800669,2.2699697577491817,1.615481079798344,0.8785322383166916,0.6480633064381177,0.7028404704842155,0.7961019547824646,1.153111914065894,5398.94375,-0.1362496952563739,-0.4399247480178703,-0.6451832214200054,-0.3441587225961702,-0.9701139477524646,-0.3114212052469813,-0.5377384435870884,-0.1671416716948117,0.1843913321596393,0.887517374704727,2.0468168994076743,1.4671671370562007,-0.6197134044178474,-0.5946421536636256,-0.8266749265393933,-0.5425539847189378,0.9701139477524646,-0.1239389801285092,2.330596011697436,-0.1671416716948117,0.1370907689226324,-0.2040723095917456,0.0,-0.2536258635087726,0.0,0.7049774928220328,1.0,0.0,0.0,0.0,control,control,1.187274756046064,0.8581205006776343,0.9286032650423878,0.4245581720827721,0.0,0.0,-0.4715567429155308,0.6034802303237824,1.0,0.0,6.0,-0.4999999999999961,-0.8660254037844408,0.0,control,control
1433.2144613,CONTROL_1,47.71651480000014,2.8421731500744767,3.337446358777365,2.727244901419412,2.653874675461729,2.2553536570625194,0.9092635774803566,0.6297354158079259,0.6725153420568669,0.7812278170687316,0.9598889391881168,5276.9380859375,0.2042821973366332,0.6921566798924372,0.2028701646941823,0.2752029556020023,-0.3340768345711035,-0.188582349484265,-0.6910478816576605,-0.4095015111668267,0.0385166512900275,-0.1037931925334939,1.9622856143861307,0.9811428071930652,-0.2905425223741421,-0.229117295699118,-0.8891879960848607,0.4475134222933097,0.3340768345711035,-0.0071327152519422,1.3351093717775295,-0.4095015111668267,0.1529244163433536,-0.1501548805809639,0.0,-0.0037166298676199,0.0,0.818512667534958,1.0,0.0,0.0,0.0,control,control,1.059311470606205,0.903146643913452,0.7834816190829031,4.547135583670366,0.0,0.0,-0.46262721170824,-0.3991551368519684,0.0,0.0,0.0,-0.5000000000000059,0.8660254037844353,0.0,control,control
1434.2144613,CONTROL_1,48.71651480000014,2.9314696121835864,3.4058332588525504,2.554556696033868,2.575053651469116,2.363069941168244,0.9144949860157868,0.7030966600000702,0.7828370130323744,0.8374517190008794,0.965534200306658,5190.221874999999,0.3233639377806562,0.7873916905590707,-0.0499111315129517,0.1480393808599957,-0.2270062132949823,-0.1676714404250418,-0.0773945513214154,0.4721944240034039,0.5899196239829583,-0.0748307619262176,1.902204528814636,0.951102264407318,-0.5707150549280627,-0.6415442185285734,-0.2732522573169845,0.3687402795230594,0.2270062132949823,-0.4177523981940714,1.2735796145993756,0.4721944240034039,0.218590435434383,-0.2136493410760674,0.0,0.0357244185187737,0.0357244185187737,0.8261020695679497,0.976666807735398,0.0,0.0,0.0,control,control,0.9700854166779032,-0.1997938819433552,-0.2018476906777808,0.9658093700055104,0.0,0.0,-0.4691536487844122,-0.849766011433967,0.0,0.0,0.0,1.0,9.309172615429648e-15,0.0,control,control
1435.2144613,CONTROL_1,49.71651480000014,2.3360957550960824,2.673122022542741,2.200723001325245,2.148496033881088,1.8472045670906,0.9677126478989716,0.7253022112594326,0.9018194464740972,0.8742807081482229,0.9744526423734632,5117.8685546875,-0.4705998256461842,-0.2329756945513841,-0.5678535109042709,-0.5401347729166767,-0.7397794356159405,0.0450494129449521,0.1083508055398999,1.4231075763750685,0.9511114552014406,-0.0290756136592051,1.852074732066366,0.926037366033183,-0.6845475802946176,-0.8980137167508778,-0.1344208892046338,-0.4004146027278275,0.7397794356159405,-0.4743405465798084,1.2222410911360997,1.4231075763750685,0.2471655067545315,-0.243142157493032,0.0,-0.0103203089422428,0.0,0.8324882563858862,0.9313171739224424,0.0,0.0,0.0,control,control,0.8398353417798899,0.6713555798733788,0.63491825886197,0.2596483307286775,0.0,0.0,-0.6526051525151273,0.0887628481342095,1.0,0.0,6.0,-0.4999999999999898,-0.8660254037844445,0.0,control,control
1436.2144613,CONTROL_1,50.71651480000014,3.023991155290363,3.4935733901150323,2.9555385595992045,2.6386534313469494,1.3817181005165593,0.9577768387753444,0.751728157124885,0.8962052282562079,0.8475542553133922,0.9129585318943496,5101.9037109375,0.4467465010031433,0.909577845034382,0.537046819676015,0.2506462102616033,-1.2024757269472566,0.0053341432223051,0.3293989879445912,1.378238482768151,0.6889979227673525,-0.3445648124950061,1.841013534475865,0.9205067672379325,-0.7071760175560308,-0.9139117899712534,0.0979387603295319,0.7233123323551985,1.2024757269472566,-0.386042187587952,1.2109131865989349,1.378238482768151,0.3024935834704007,-0.1666542368799298,0.0,0.17477099691048,0.17477099691048,0.8339040109847201,0.9334088872498776,0.0,0.0,0.0,control,control,0.5752377621763188,0.8617891307242934,0.8418831120848261,-0.152902491395076,0.0,0.0,-0.6491246408676008,0.5337425124004775,0.0,0.0,0.0,-0.5000000000000123,0.8660254037844316,0.0,control,control
1437.2144613,CONTROL_1,51.71651480000014,2.815622706251597,2.946525681610954,2.549116343300018,2.349060731458798,1.576937274842957,0.8517660235486912,0.6999895054435514,0.762764040882751,0.7533368479091712,1.0419214669863337,4969.23056640625,0.1688757211413437,0.1477638967889437,-0.0578747293325965,-0.2165596324386581,-1.0084267170536068,-0.4184107242422271,-0.1033853283655343,0.3117702952296707,-0.2350176068699327,0.3170662405389657,1.74909131528012,1.033078777909543,-0.7858000220499977,-0.8325655663344482,-0.2570523417823633,0.0449445837281735,1.0084267170536068,-0.2884456987284324,1.441485867361782,0.3117702952296707,0.3820242080526582,-0.1023713079737867,0.0,0.0601829822782281,0.0601829822782281,0.805555739516568,0.9845323572480064,0.0,0.0,0.0,control,control,0.4814635087876703,1.0298254729122294,1.1321240936990904,1.3163755138132909,0.0,0.0,0.691108722483554,4.118164164949266,0.0,0.0,0.0,1.0,1.6659529332860122e-14,0.0,control,control
1438.2144613,CONTROL_1,52.71651480000014,1.8186295478263743,1.8261658904242528,2.032139902853649,1.7333767650816705,1.7926051601312147,0.8510477284609533,0.7400817889797762,0.7264001813980373,0.7556299862565348,0.99157106639184,4964.6400390625,-1.1606694558108268,-1.4124395419811762,-0.8146257444515688,-1.2098552039753865,-0.7940515679400677,-0.4212818827754689,0.2319792579867762,0.0211486357563336,-0.2125281805213599,0.0587486972676679,1.7459107811772534,0.9023297392224608,-0.6542663400958009,-0.657438635459251,0.1117172938750282,-1.1135326432163724,0.7940515679400677,-0.2946350437018739,1.1736825637040946,0.0211486357563336,0.4893113875314306,-0.059482485655364,0.0,0.1664655867163872,0.1664655867163872,0.83857405385731,0.9989431270961652,0.0,0.0,0.0,control,control,0.4567194814635769,0.2078809883189661,0.0345817056979345,1.2642387134403754,0.0,0.0,0.6492066643987036,-2.967599338247031,1.0,0.0,4.0,-0.4999999999999834,-0.8660254037844481,0.0,control,control
1439.2144613,CONTROL_1,53.71651480000014,1.9301824605835245,2.299407419808819,2.318271839282432,2.0388376464940863,1.7335083117051422,0.9249770747698304,0.7859728830791534,0.7408641790236248,0.7667114846015265,0.9939337110440484,4979.459179687499,-1.0119075150914925,-0.7534074459323201,-0.3957853169003992,-0.717048898542369,-0.852794183589804,-0.1257725898187411,0.6158498293895496,0.1367455787687687,-0.1038489370086214,0.0708700022617797,1.7561781815440465,0.9135240919029132,-0.4020145653635384,-0.4225264021788537,0.4189119538685065,-0.5745963814163597,0.852794183589804,-0.2304587538398176,1.1966111042137435,0.1367455787687687,0.6663537070159536,-0.0679820075458432,0.0,0.2869559292791059,0.2869559292791059,0.8356949159030468,0.993186042072181,0.0,0.0,0.0,control,control,0.3711416915823268,0.2472607192549279,0.3652395377419183,0.5662955667168248,0.0,0.0,-0.1908593378944891,-1.1846517909409278,0.0,0.0,0.0,-0.5000000000000063,0.8660254037844349,0.0,control,control
1440.2144613,CONTROL_1,54.71651480000014,2.485904770925196,3.164320606696404,2.9626164058493947,2.6280602114599843,3.0964981851177167,0.8876971386879886,0.6883470922090499,0.6404585080202889,0.730365517011704,0.986547793152662,4965.43466796875,-0.2708212687159081,0.4510632419975693,0.5474073833606246,0.2335559513354969,0.502025783984541,-0.2747874006218802,-0.200771976222683,-0.6657012225612678,-0.460303645517028,0.0329773113997513,1.7464613376049132,0.8897193245023323,-0.2642218038510195,-0.1643666204668293,-0.354504957192796,0.4992353126790969,-0.502025783984541,-0.2982275924806049,1.1478536111056263,-0.6657012225612678,0.877128077359865,-0.1721780416658439,0.0,0.5416586750218809,0.5416586750218809,0.8418292791379904,1.0,0.0,0.0,0.0,control,control,0.3470461837846526,-0.5779188698873023,-0.6288647054400627,0.1155339376880117,0.0,0.0,-0.6081101112122718,-0.2482315858665414,0.0,0.0,0.0,1.0,9.79903133508859e-15,0.0,control,control
1441.2144613,CONTROL_1,55.71651480000014,3.224322137775728,4.078371348894666,3.7784424624044526,3.148616297513436,4.165983656321819,0.856502346913064,0.8325946463579136,0.6774312735017526,0.7839758613030897,0.941045502327013,4957.09765625,0.7138988774328999,1.723962468127022,1.7416149877255178,1.0733797623337922,1.565100645861653,-0.3994787623285834,1.005832314245264,-0.3702131579882977,0.065467462383598,-0.2004675041432499,1.7406850622226118,0.8703425311113059,-0.4874897898105057,-0.431957816112261,0.8881163720495833,1.73278872792627,-1.565100645861653,-1.0140625600725357,1.1081656001151334,-0.3702131579882977,1.0550602024000029,-0.16622484001727,0.0,0.918875047247986,0.918875047247986,0.8468558057082497,1.0,0.0,0.0,0.0,control,control,0.2679543088724284,1.5427707674315494,1.3655214543253524,1.6535016283434871,0.0,1.0,-0.6330273821968909,0.5257255562641294,1.0,0.0,6.0,-0.4999999999999894,-0.8660254037844448,0.0,control,control
1442.2144613,CONTROL_1,56.71651480000014,2.7457474661162222,3.2826156728637983,2.9057808831198906,2.681816010669819,2.7620758494872546,0.8440522546034394,0.8491629630920444,0.7171715963640991,0.7694527725579169,0.9255549632336744,4903.8947265625,0.0756932476957846,0.615799936830587,0.4642114460694908,0.3202812848109502,0.1696080112973537,-0.4492440877284837,1.1444232399298893,-0.0526066458655571,-0.0769643865555923,-0.2799401191630566,1.7038235603574907,0.8519117801787454,-0.6438097067202251,-0.6359187098403916,1.0437563168173238,0.5400056914500388,-0.1696080112973537,-0.7446874623420184,1.0704152958819646,-0.0526066458655571,1.1845397465336216,-0.1605622943822947,0.0,0.7766166664812482,0.7766166664812482,0.8516647679887919,1.0,0.0,0.0,0.0,control,control,0.0308690397309308,0.6905424538645817,0.7442938044895601,-0.715304399185635,0.0,0.0,-0.2331363440417144,-0.242535745190959,0.0,0.0,0.0,-0.5000000000000128,0.8660254037844313,0.0,control,control
1443.2144613,CONTROL_1,57.71651480000014,2.153943185638333,2.050177600228509,1.7349289980556175,1.8815653011033555,1.653924496972596,0.8677554870592585,0.799230941882741,0.737375397566032,0.7840811982447426,0.9725382466358208,4885.9974609375,-0.7135102891186971,-1.1004827556784698,-1.2496835852230788,-0.97077959924754,-0.9319009644974516,-0.3544978764669481,0.7267510556188417,0.1088630747905634,0.0665005301851161,-0.0388972237746754,1.6914234896453793,0.8457117448226896,-0.6040278888493178,-0.6203573500679023,0.6039475885299064,-1.1750831704507745,0.9319009644974516,-0.3273441945296451,1.0577162353931149,0.1088630747905634,1.2469282922427374,-0.031935859609217,0.0,0.7141923692609489,0.7141923692609489,0.8532886154588128,0.9945716333801008,0.0,0.0,0.0,control,control,-0.0391494258798211,0.5352950647409521,0.4721301132347198,-0.6051703833535527,0.0,0.0,0.2302058005709698,-1.1848865913385738,0.0,0.0,0.0,1.0,1.7149388052519063e-14,0.0,control,control
1444.2144613,CONTROL_1,58.71651480000014,2.160656808917076,1.993987194713516,1.6786111798743368,1.8740519473158097,1.9051727320564056,0.8901700844328371,0.8006040011607556,0.7972834882938373,0.7938174160102184,1.012782615176836,4798.9341796875,-0.7045573034590716,-1.1787330325984575,-1.33212170569366,-0.9829010470228856,-0.68215873797812,-0.2649025783548562,0.7382364442321518,0.587651327465254,0.1619862441639849,0.1675723631456848,1.6311019373731463,0.8993371502594156,-0.6954148305325489,-0.7835625296523371,0.579627801256012,-1.255427369146059,0.68215873797812,-0.5196548417023964,1.1675530715193676,0.587651327465254,1.2425845724759663,-0.1433273093270176,0.0,0.6946762400052715,0.6946762400052715,0.8393454133725455,0.9710449042706162,0.0,0.0,0.0,control,control,-0.110101100040472,0.0177168367206405,0.0621839989973134,0.732872371538559,0.0,0.0,-0.2776332995308397,0.0551886752036358,1.0,0.0,3.0,-0.499999999999983,-0.8660254037844485,0.0,control,control
1445.2144613,CONTROL_1,59.71651480000014,1.9756241231231169,2.099154534001636,1.8380461062590032,1.960207091997846,2.2296492602622884,0.8241572925984265,0.627173604625893,0.736810589139054,0.7241262264486231,0.9838871893924106,4688.432861328125,-0.9513085603728536,-1.0322778976548603,-1.0987405824013865,-0.8439051849390684,-0.3596271564911151,-0.5287679364980808,-0.712476961560254,0.1043490995233923,-0.5214940511229867,0.019327357896865,1.5545414062759384,0.7869343820864018,-0.7620237168528686,-0.7776760817813775,-0.7770185729573341,-1.0655092400281232,0.3596271564911151,-0.2894548744893797,0.9373270372840868,0.1043490995233923,1.2643733964148285,-0.0991768740617528,0.0,0.7444623218977668,0.7444623218977668,0.8688375974470144,0.9947961323014376,0.0,0.0,0.0,control,control,-0.1293298969497272,1.124401825189293,0.9514576828917836,-0.2313649044370558,0.0,0.0,-0.2201074116484251,0.3142228348960267,0.0,0.0,0.0,-0.5000000000000068,0.8660254037844347,0.0,control,control
1446.2144613,CONTROL_1,60.71651480000014,2.063836166306937,1.997333989766708,1.7436119239230323,1.8303073843183533,2.6704269769778723,0.8385754750705922,0.613874673650766,0.6752308690688362,0.6986585921911046,0.9487765431216788,4692.030224609374,-0.833672952171294,-1.174072314504213,-1.2369735031955589,-1.0534750477717816,0.0785084918486122,-0.4711357901205177,-0.82372007599577,-0.3877988927499079,-0.7712620102020153,-0.1608041957796883,1.557033829420306,0.7785169147101529,-0.5300354063355881,-0.4718655724231019,-0.9005653571431789,-1.2055229088498858,-0.0785084918486122,-0.2108382144826601,0.9200861795735744,-0.3877988927499079,1.27727807087846,-0.1380129269360361,0.0,0.7560817226788857,0.7560817226788857,0.8710874311815114,1.0,0.0,0.0,0.0,control,control,-0.2088971640526281,0.5590095089319854,0.7239133999564474,-0.1135831439839593,0.0,0.0,-0.0507396853268396,0.105956307053092,0.0,0.0,0.0,1.0,1.0288890054747531e-14,0.0,control,control
1447.2144613,CONTROL_1,61.71651480000014,2.5516658340556555,2.1221170028613576,1.7372674703328996,2.0693397399202427,2.6359882238192216,0.8276313064366733,0.6613440847290191,0.6516415174164562,0.6772682952192199,0.8987450915208958,4769.81025390625,-0.1831252764440538,-1.0003005604106867,-1.2462605254253585,-0.6678392455753103,0.04427616822842,-0.5148816596091572,-0.4266471730202566,-0.5763260903648006,-0.9810424226557052,-0.4174854040961224,1.6109235063955494,0.8054617531977747,-0.5145329662809207,-0.4280840527262005,-0.4992921964174109,-1.1232805429180224,-0.04427616822842,-0.252538407539899,0.9752752412750342,-0.5763260903648006,1.2349594884385386,-0.1462912861912551,0.0,0.7181803557157219,0.7181803557157219,0.8639060226359521,1.0,0.0,0.0,0.0,control,control,-0.3170419144073253,-0.0889156622539249,-0.0703518719044424,0.6089322624278286,0.0,0.0,0.006437833752151,1.1626002555621937,1.0,0.0,4.0,-0.4999999999999767,-0.8660254037844521,0.0,control,control
1448.2144613,CONTROL_1,62.71651480000014,2.893335101532997,2.4825241157573577,2.008677800653618,2.4377686262174327,2.2549218723140765,0.7901497902947121,0.6585497645198276,0.6659025500997529,0.6965054048218294,1.0130949227779542,4759.407666015624,0.272509471747001,-0.4984007052740216,-0.8489696105692751,-0.0734453662956195,-0.3345060311559761,-0.6647022232562506,-0.4500211482203641,-0.462351252628849,-0.7923788995565825,0.1691746251200341,1.6037161023073778,0.886445363713706,-0.7244906257645799,-0.6551379378702527,-0.505456933334728,-0.6736851579216483,0.3345060311559761,-0.274517892374826,1.1411478064278708,-0.462351252628849,1.1730680823559323,-0.1209962662907842,0.0,0.649975486684972,0.649975486684972,0.8426764765597792,1.0,0.0,0.0,0.0,control,control,-0.2326467736820191,-0.0614191582845207,-0.1064483509236264,-0.4720639461452925,0.0,0.0,-0.5078154166241262,0.0377894046233325,0.0,0.0,0.0,-0.5000000000000131,0.866025403784431,0.0,control,control
1449.2144613,CONTROL_1,63.71651480000014,2.7809343941149143,2.8726631048801803,2.522032818894774,2.58854923136063,1.9578082351028745,0.788539540655187,0.6830891101815647,0.6421893226192075,0.7207642393422548,1.0398641172453598,4754.741552734375,0.1226169502478851,0.0449035057624938,-0.0975196395899605,0.1698120767130999,-0.6298387377185947,-0.6711386893717739,-0.2447540299289083,-0.6518684716347651,-0.5544659655739623,0.3065112196361869,1.6004831986979349,0.9534972091670608,-0.6813590265913714,-0.5835787558461565,-0.31534365987773,-0.0263080669137333,0.6298387377185947,-0.1897266869881932,1.2784849976536383,-0.6518684716347651,1.0620775145686012,-0.0972969389902565,0.0,0.551681510549975,0.551681510549975,0.8254944410801786,1.0,0.0,0.0,0.0,control,control,-0.2699576112959999,-0.2085723590088535,-0.2200121039867746,-0.549025867267342,0.0,0.0,-0.632004190527607,0.1150238006203446,0.0,0.0,0.0,1.0,3.4283920569760004e-15,0.0,control,control
1450.2144613,CONTROL_1,64.71651480000014,3.575143173271371,3.2130847714290973,2.305739086994726,2.622766824435476,1.9529002338390429,0.8881643543754179,0.7592694775507125,0.7243965051067608,0.7940524276170379,0.8722916215841789,4784.1390625,1.1817380113075406,0.5189717996798413,-0.4141307815559402,0.2250160214737315,-0.6347173199023864,-0.2729198529653155,0.3924807478765924,0.0051351614697841,0.1642910663866402,-0.5532022064327684,1.620851181578211,0.8104255907891055,-0.4773235571770163,-0.4780938313974839,0.2581043134206449,0.0524205090619505,0.6347173199023864,-0.2626586481618376,0.9854422919786348,0.0051351614697841,0.9852923872914632,-0.0532249651878113,0.0,0.5523724291196191,0.5523724291196191,0.8625895203117605,0.999743274886044,0.0,0.0,0.0,control,control,-0.2763873490997429,0.5607540676355687,0.658974024951933,1.399371641977859,0.0,0.0,-0.4213510932798552,0.3532245154089644,1.0,0.0,7.0,-0.4999999999999825,-0.8660254037844487,0.0,control,control
1451.2144613,CONTROL_1,65.71651480000014,3.1431203167162804,2.720060717949762,1.931577451098961,2.3278609497615177,2.265273655113228,0.9821828735784598,0.8081691817647932,0.8447667970824944,0.8836546819998764,0.8788852828213357,4850.500927734375,0.6056117857543072,-0.1676092697997009,-0.9618292367084031,-0.250761675089474,-0.3242162980406686,0.1028895856634335,0.8015177901714836,0.9671401439162524,1.0430445454018575,-0.5193741067188647,1.666829815339136,0.833414907669568,-0.4439631916246467,-0.5890342132120847,0.5674416668382332,-0.5647192532540521,0.3242162980406686,-0.5378697910901677,1.032529559856418,0.9671401439162524,0.9545271024906468,-0.2223038065423127,0.0,0.51328953776499,0.51328953776499,0.8565184382790935,0.9527935721901408,0.0,0.0,0.0,control,control,-0.3169882357415641,-0.0035597616157945,0.0989393019177758,1.9369504203155283,0.0,0.0,-0.0720561326444311,0.7359527558797876,0.0,0.0,0.0,-0.5000000000000072,0.8660254037844345,0.0,control,control
1452.2144613,CONTROL_1,66.71651480000014,2.2377021022929213,2.533438631249251,2.432589655334899,2.3920873916575456,2.1306216221468466,0.9962971752111888,0.7193958706017263,0.8680288769815673,0.8671694104363855,0.9418767648322196,4886.6953125,-0.6018131699120376,-0.4274975875625,-0.2284466983954759,-0.1471438390001575,-0.4580612124423991,0.1593070640304088,0.0589453510030481,1.1530517704286096,0.881369040262973,-0.196202797494977,1.6919069941595808,0.8459534970797904,-0.4557494298895521,-0.6287071954538436,-0.1923697892745016,-0.3279721429789879,0.4580612124423991,-0.3797177112070479,1.058211398139766,1.1530517704286096,0.9252109002011062,-0.2283887403060381,0.0,0.4889159204198094,0.4889159204198094,0.8532252403022407,0.9439778392136752,0.0,0.0,0.0,control,control,-0.3206518569644034,1.0384914252415045,1.0658408693078512,3.894013349683883,0.0,0.0,-0.2258964249449966,0.0286598468842744,0.0,0.0,0.0,1.0,2.4989603489608482e-14,0.0,control,control
1453.2144613,CONTROL_1,67.71651480000014,3.19188603737047,3.5116635033285166,3.2213318850875234,3.26898238727196,2.3769100707455846,1.0461394014215384,0.7561407748749892,0.8175378169389348,0.8289890093672525,0.9579933697278596,4963.351953125,0.6706435546771604,0.9347699815832344,0.92611555306252,1.2675688438261306,-0.2132490429219916,0.3585356757006999,0.3663097247739729,0.7495248658016076,0.5069235477830094,-0.1135182163722764,1.7450183344179022,0.8725091672089511,-0.1219253191321004,-0.2343540490023416,0.0585485140465601,0.9304427673228772,0.2132490429219916,-0.2862591519882761,1.1126033559150978,0.7495248658016076,0.8793696323978605,-0.2248461308451588,0.0,0.6347567927558131,0.6347567927558131,0.8462922724012714,0.9632173003230065,0.0,0.0,0.0,control,control,-0.2770574783770136,0.2578416267959514,-0.0264363850070908,2.7292653397555715,0.0,0.0,0.0394373223400574,0.4366278927608188,1.0,0.0,5.0,-0.4999999999999885,-0.8660254037844453,0.0,control,control
1454.2144613,CONTROL_1,68.71651480000014,3.633531299626328,3.658884075736704,2.909509535499744,3.3403479229865987,3.846701550619061,0.936322772386979,0.8359112893584808,0.7237627496176094,0.776743217287758,1.0125685041527843,5008.75185546875,1.2596017871323657,1.139788088387713,0.4696694539257932,1.382704326406289,1.247732350958451,-0.0804217345989939,1.033575423638335,7.015806895085172e-05,-0.0054650284865051,0.1664738885939972,1.7764735304898145,0.9714737095419056,-0.3233147173086032,-0.3233252410189458,0.8108124299026072,0.804728771156753,-1.247732350958451,-0.8924439385652202,1.315304895045838,7.015806895085172e-05,0.8083787425603424,-0.1973041532251498,0.0,0.5295151397667145,0.5295151397667145,0.8209478150175756,0.9999964921027052,0.0,0.0,0.0,control,control,0.2302899198073002,0.309420843424635,0.4877778014387462,0.0252397078874954,0.0,0.0,0.2216609897703542,0.093394229555213,0.0,0.0,0.0,-0.5000000000000259,0.8660254037844237,0.0,control,control
1455.2144613,CONTROL_1,69.71651480000014,3.764592919730145,3.6776272797145655,2.770248047578524,3.316786877546843,4.059634046707029,0.8861076653584327,0.6758363994559865,0.7066135812598615,0.7454791611454848,1.056381715025153,4981.65322265625,1.4343796614036448,1.1658897135351625,0.2658182450382688,1.3446928085267582,1.45938850708464,-0.2811408199775476,-0.3054216227393511,-0.1369867945576383,-0.3120800605789515,0.3912530534417026,1.757698318112837,1.0744756857772697,-0.5018143633266916,-0.4812663441430458,-0.5037553391892816,0.7158539792867157,-1.45938850708464,-0.7840321188546601,1.5262760027196598,-0.1369867945576383,0.7977260943893979,-0.2289414004079489,0.0,0.4726376615219727,0.4726376615219727,0.7953751407982748,1.0,0.0,0.0,0.0,control,control,0.2408402139826675,1.290467011855924,1.175430881412706,0.7483082679312739,0.0,0.0,-0.1244105472041801,-0.8778518339147986,0.0,0.0,0.0,1.0,1.8129105491836944e-14,0.0,control,control
1456.2144613,CONTROL_1,70.71651480000014,4.145174730608179,4.181345989359011,3.50760079923505,3.9276278953093104,2.649071406260565,0.9839362181268018,0.6852519621765414,0.7155650644903457,0.7949797652238932,1.0200551766963692,4986.29521484375,1.941906425065549,1.867364069489753,1.345156488837273,2.3301751517274805,0.057280928686816,0.1098980286385049,-0.2266621703325037,-0.065446123461253,0.1733857164471623,0.2048834908196255,1.7609145094895609,0.9828990001545932,-0.1129205781887048,-0.1031036596695168,-0.4998614275307782,1.606260279163513,-0.057280928686816,-0.1612532402492379,1.338706448143675,-0.065446123461253,0.8287543731654088,-0.2008059672215512,0.0,0.7005741498269376,0.7005741498269376,0.8180711487731551,1.0,0.0,0.0,0.0,control,control,0.2440476041319522,1.7823911805956845,1.6988043385616782,0.3097241224711527,0.0,1.0,-0.5495920744121101,-0.0915477986747596,1.0,0.0,9.0,-0.4999999999999945,-0.8660254037844418,0.0,control,control
1457.2144613,CONTROL_1,71.71651480000014,3.481828628768971,3.672962567078082,3.4150662947778803,3.63991483210513,2.245765175400277,0.8795045342764871,0.7609408972029871,0.6553769181938953,0.7667208359998097,0.9350613714082764,5058.4830078125,1.0572979371362992,1.1593936747148053,1.2097043198350776,1.866001765443572,-0.3436078418574609,-0.3075347581732654,0.4064618662082465,-0.5464725932904949,-0.1037572253231109,-0.2311684713508649,1.8109296210780816,0.9054648105390408,-0.3426355531563524,-0.2606646641627782,0.2569793531168026,1.1845489972749417,0.3436078418574609,-0.2255842751746636,1.180103891648172,-0.5464725932904949,0.8355958664140216,-0.1254744074686066,0.0,0.6448113221975776,0.6448113221975776,0.8377667288763292,1.0,0.0,0.0,0.0,control,control,0.228816118425662,1.1756758739192483,1.156804689635813,-0.2461868760186648,0.0,0.0,-0.6585914102635189,-0.0551927056589875,0.0,0.0,0.0,-0.50000000000002,0.8660254037844272,0.0,control,control
1458.2144613,CONTROL_1,72.71651480000014,3.221151109982403,3.794301805235863,3.565851561960921,3.61717608261749,3.7848370919758567,0.8557408870308922,0.587491485460747,0.7141909659782286,0.7621694572651471,1.0566894529887565,5132.46279296875,0.7096701375734852,1.328369657359623,1.4304240569032292,1.8293168744900845,1.1862387144407136,-0.4025224585416592,-1.0444105983005525,-0.0764279827998964,-0.14839382431215,0.392831871361533,1.8621863094697944,1.1275090904156635,-0.6576499371656115,-0.646185739745627,-1.2256572562690535,1.379396857131426,-1.1862387144407136,-0.6545581021093562,1.6349002886722872,-0.0764279827998964,0.8225726453199811,-0.245235043300843,0.0,0.606445179849429,0.606445179849429,0.7825205904023155,1.0,0.0,0.0,0.0,control,control,0.2788632326229328,1.3682517173841688,1.3830986253156108,-0.485007505673365,0.0,0.0,-0.5512752018479004,0.0989628506341158,0.0,0.0,0.0,1.0,1.1268607494065414e-14,0.0,control,control
1459.2144613,CONTROL_1,73.71651480000014,3.1385500305061043,3.614121971042012,3.518026492395636,3.7564456505646704,4.627983290032986,0.9231911671000038,0.5078817946954317,0.7505175828346553,0.8104438608847289,1.1364405301129976,5152.6064453125,0.5995170578851324,1.0774527651990145,1.360417636667877,2.054003325082225,2.024331004776033,-0.1329111936228582,-1.7103310363075954,0.213896031852751,0.3250462740456567,0.8019865567807946,1.876142782972304,1.3390646698765494,-0.5425409722404584,-0.5746253770183711,-2.0118694053710184,1.2189352009334458,-2.024331004776033,-0.7734195448338987,2.068213479008111,0.213896031852751,0.7884155639539504,-0.3358995456735467,0.0,0.4854459131032377,0.4854459131032377,0.733276800244453,0.9893621844654608,0.0,0.0,0.0,control,control,0.1444756975936501,1.0112416991662243,0.7174985855546984,2.297288042471704,0.0,0.0,-0.6502585716290769,-0.0844434639365223,1.0,0.0,3.0,-0.4999999999999758,-0.8660254037844526,0.0,control,control
1460.2144613,CONTROL_1,74.71651480000014,2.7279532836604408,3.135461346539277,3.1655925633718014,3.460643121240081,3.4188998587975368,0.989666947733472,0.6730149251501618,0.764920439432607,0.8517776089985224,1.0400729517245293,5057.7931640625,0.0519637273254945,0.4108740837541993,0.8445242367271067,1.5767790371794554,0.8224949478435384,0.1328048165210581,-0.3290227369692658,0.3290043329232909,0.7304174916105968,0.3075826234179338,1.8104516647545,1.0590171440862166,-0.2471009860236478,-0.2964516359621414,-0.6269782271210845,0.6276991602406531,-0.8224949478435384,-0.5019448565348643,1.494613448438845,0.3290043329232909,0.6805721851599787,-0.2636725372166216,0.0,0.377748344394289,0.377748344394289,0.7991616667974129,0.9836843492777422,0.0,0.0,0.0,control,control,0.2587367628677225,0.701234244385244,0.5922468449157762,0.0668761899634957,0.0,0.0,-0.747534394248845,-0.193323805754397,0.0,0.0,0.0,-0.500000000000014,0.8660254037844306,0.0,control,control
1461.2144613,CONTROL_1,75.71651480000014,2.786340738278479,3.109026736607668,3.25525766232045,3.386509111907504,2.292575977788041,1.0063993500191577,0.6900892382476567,0.793499841196376,0.834379231354243,0.9065677022761546,5047.1498046875,0.1298266073522171,0.3740614726249132,0.9757761649417582,1.457177119326025,-0.2970776283832167,0.1996873282133986,-0.1861992446626364,0.5574122435531642,0.5597869088262936,-0.3773523054830585,1.803077442813017,0.9015387214065084,-0.2207916373818359,-0.3044034739148105,-0.4615057570676132,0.6749188187833357,0.2970776283832167,-0.185923306532292,1.1720623821219482,0.5574122435531642,1.716473538811197,-0.1981371822871894,0.0,1.1607058836062123,1.1607058836062123,0.8387778749589453,0.972514190154327,0.0,0.0,0.0,control,control,0.3876606889978882,2.8318416928267545,2.235620830252612,3.791678785246821,0.0,1.0,-0.5222815603741316,0.3687444285393227,0.0,0.0,0.0,1.0,4.408109496293883e-15,0.0,control,control
1462.2144613,CONTROL_1,76.71651480000014,3.124502699447819,3.046877316224737,3.159013104507336,3.4926894179324752,1.960566404978278,0.955180818792585,0.6433852329304109,0.7796587726098914,0.759214446016448,0.9272236113667712,5227.031445312499,0.5807841698008311,0.2875127226949373,0.8348932133668957,1.6284799849498075,-0.6270971006059118,-0.0050426295737323,-0.5768696690614435,0.4467937784482877,-0.1773744167448858,-0.2713792918163735,1.9277079372302688,0.9638539686151346,-0.4023839441844167,-0.4694030109516598,-0.8165725038217941,0.5612029680309165,0.6270971006059118,-0.1039532794057424,1.2996979597008782,0.4467937784482877,3.059207687563985,-0.1545053822780394,0.0,2.058731280945841,2.058731280945841,0.8228719382844589,0.977907994112381,0.0,0.0,0.0,control,control,0.3177149091070424,0.533913585119591,0.5373988319745558,-0.926602672628144,0.0,0.0,-0.3058267534023636,0.4885326312057834,1.0,0.0,5.0,-0.4999999999999817,-0.8660254037844491,0.0,control,control
1463.2144613,CONTROL_1,77.71651480000014,3.087217501834041,3.29672529835045,3.346663161649829,3.6171385218701855,1.841962439957004,0.8921211098529548,0.7647399415636312,0.7723199978115514,0.722710664325462,0.9915829070753096,5304.43984375,0.5310623093846494,0.6354488803014295,1.1095756942689372,1.8292562769660328,-0.7449901408836017,-0.2571039683139832,0.4382401743555075,0.3881419482900712,-0.5353768507138886,0.0588094446744096,1.9813401307981808,1.0200747877362952,-0.647972347149582,-0.7061936393930925,0.2474974694999295,0.8725122872851834,0.7449901408836017,-0.4073731006468402,1.414850784120654,0.3881419482900712,3.258676785924694,-0.1470561302803664,0.0,2.2433485899862244,2.2433485899862244,0.808780583903466,0.9807800079548372,0.0,0.0,0.0,control,control,0.2715967267134218,0.6738547871884708,0.6546149424143957,-1.1350434319267344,0.0,0.0,0.1030010845127323,0.9712853342700464,0.0,0.0,0.0,-0.5000000000000081,0.866025403784434,0.0,control,control
1464.2144613,CONTROL_1,78.71651480000014,2.565176241474521,2.820551484588041,2.8861482413111674,3.005307844657397,2.044727018768974,0.8269457612759292,0.736822272078781,0.7184573058169339,0.7209207413630973,1.0404550435363624,4940.60380859375,-0.1651084055451762,-0.02766668982937,0.4354731507510609,0.8421772958747409,-0.5434409544590114,-0.517621910617126,0.2047139979218831,-0.0423311960074231,-0.5529311080390096,0.3095429060963522,1.7292573457469391,1.0194001259216456,-0.7576560234949393,-0.7513063440938259,0.0792694440957532,0.2039032304608454,0.5434409544590114,-0.4297090999622253,1.413468925679253,-0.0423311960074231,3.2258007453627524,-0.1305041956830362,0.0,2.086820828994208,2.086820828994208,0.808948244320654,1.0,0.0,0.0,0.0,control,control,0.222122557827985,1.4571909764328457,1.379979621378164,0.4100783970947277,0.0,0.0,0.635850395874669,1.207999112076891,0.0,0.0,0.0,1.0,2.5969320928926363e-14,0.0,control,control
1465.2144613,CONTROL_1,79.71651480000014,2.411330106997017,2.313192775405667,2.194821823759648,2.4750223729914493,4.219475410464153,0.851765607466061,0.6134560319837304,0.6837767046942108,0.753373558299259,1.0958532904098546,4712.673388671875,-0.3702706820951826,-0.7342100779295911,-0.5764916649162933,-0.0133431324961524,1.618271764757175,-0.4184123874015814,-0.8272219366310806,-0.3195001762157962,-0.2346575781716835,0.5937579046849106,1.571336388227902,1.0825471464564065,-0.5772241123401542,-0.5292990859077848,-0.9932556263947868,-0.6553508714229422,-1.618271764757175,-0.7480206153798814,1.5428081612496292,-0.3195001762157962,3.2325103096794927,-0.2314212241874443,0.0,2.0313359925882004,2.0313359925882004,0.7934051941802572,1.0,0.0,0.0,0.0,control,control,0.1679647167744803,0.6290408152536924,0.579830133498383,1.940524122635168,0.0,0.0,0.8603556295038094,0.7627598429429645,1.0,0.0,3.0,-0.4999999999999877,-0.8660254037844457,0.0,control,control
1466.2144613,CONTROL_1,80.71651480000014,2.9336808946437825,2.963054419531909,2.6036686733394308,2.903931467506536,8.011647393836633,0.885276645536718,0.7061800730978024,0.7326368921742189,0.7810046625617402,1.0488145444763315,4538.59091796875,0.3263128044854954,0.1707816754933077,0.0219790665169524,0.6786247072391811,5.387713067123966,-0.284462560155283,-0.0516023672184586,0.070992718895833,0.0363281148438488,0.3524304644929209,1.450723832562273,0.901577148527597,-0.5347042989007238,-0.5453532067350988,-0.2058810143115371,0.09638037100513,-5.387713067123966,-2.032566795278941,1.1721410894690991,0.070992718895833,3.1973304166700736,-0.1843402896878648,0.0,2.0815862024497123,2.0815862024497123,0.8387679723201932,0.9964566565653036,0.0,0.0,0.0,control,control,0.1510422634127214,0.9424858165211154,0.759421222166214,0.2096049104114667,0.0,0.0,1.06723714909963,-0.0881018133887678,0.0,0.0,0.0,-0.5000000000000268,0.8660254037844233,0.0,control,control
1467.2144613,CONTROL_1,81.71651480000014,3.1263545614166293,3.2485724977945867,2.835168360030844,3.211799057118977,7.119507522439441,0.9751668494980502,0.8157436986033663,0.8570344537052835,0.8363674683682409,1.0696582766752545,4479.942578125,0.5832537295246932,0.5683917031297169,0.3608487116253251,1.1753138043764129,4.500920776722072,0.0748452376624792,0.8648772319975266,1.065183827289927,0.5792860855511616,0.4593670852676791,1.410089493415259,0.934728289341469,-0.5316511742243624,-0.6914287483178514,0.6124838502465395,0.4646202073775209,-4.500920776722072,-2.0720070242987694,1.240042047817432,1.065183827289927,3.1152840888708844,-0.3138283664474059,0.0,2.0876165965125084,2.0876165965125084,0.8302683583195659,0.948134232426212,0.0,0.0,0.0,control,control,-0.084693219830666,1.1325292696001783,0.8710948111971581,2.7294699151215656,0.0,0.0,0.6321554057135278,-0.9515151188526918,0.0,0.0,0.0,1.0,1.9108822931154828e-14,0.0,control,control
1468.2144613,CONTROL_1,82.71651480000014,3.206657032916993,3.414779330644952,3.585817709739948,3.661592143985103,4.418021085355914,1.0339691986468362,0.8479518335829775,0.9025045193197712,0.8653729145294211,1.10120152502606,4434.265576171875,0.6903414891330819,0.7998499134297831,1.4596505388426155,1.9009742173329696,1.815627335819043,0.3098891206227416,1.1342923640854066,1.4285827104805011,0.8637503202971065,0.6211964714209179,1.3784423096496656,0.9998193905352918,-0.4400696756792567,-0.6543570822513319,0.8068652362958981,1.1297502261361994,-1.815627335819043,-1.322490086642648,1.373363195823278,1.4285827104805011,3.0329953425345866,-0.3774344046311518,0.0,2.143042305627959,2.143042305627959,0.8138294308287769,0.93106225449589,0.0,0.0,0.0,control,control,-0.0774177254258561,1.1034761754070004,1.0274733652499657,1.8082294280093785,0.0,0.0,0.4596671587422629,0.5501032872378671,1.0,0.0,2.0,-0.4999999999999936,-0.8660254037844423,0.0,control,control
1469.2144613,CONTROL_1,83.71651480000014,3.7503566960430783,4.438008894136738,5.228093341404309,4.529546308404161,7.119173244839898,1.0217266731256642,0.9237872577102816,0.8679871542590952,0.8851095036640245,1.0071540641711798,4346.66455078125,1.415394874616292,2.224790629947424,3.863616472559249,3.3012624738022374,4.500588502817909,0.2609534781290134,1.7686417550430518,1.152718320486431,1.0573123739015131,0.1386956620511298,1.317748182845184,0.728221922448157,-0.3245534146532767,-0.4974611627262413,1.521347904898759,3.0442035512533363,-4.500588502817909,-2.1208659927082785,0.8170707752505211,1.152718320486431,2.984519305676492,-0.2608868147459499,0.0,2.575443607936633,2.575443607936633,0.8846522789812472,0.9439935778126708,0.0,0.0,0.0,control,control,-0.0009451875042596,1.7775673027472756,1.2619636845237885,4.238811022764481,0.0,0.0,0.2993630036062963,-0.3774953856503354,0.0,0.0,0.0,-0.5000000000000208,0.8660254037844266,0.0,control,control
1470.2144613,CONTROL_1,84.71651480000014,3.6595911906287855,5.280651554976042,6.278811705506295,4.720802517124688,9.618319406245211,1.0379110864920695,0.91278659410399,0.8249319222398367,0.8929449096513067,1.001955085150204,4270.3306640625,1.294354084178161,3.398247574259342,5.401659846357462,3.609820038276213,6.984754517112129,0.3256455765934573,1.6766232249288568,0.8086188999145718,1.134156314026078,0.1120228357704909,1.2648604617331596,0.6884416487518252,-0.1294814505645991,-0.2507742855517849,1.423101418592536,4.399953710308402,-6.984754517112129,-2.693660792623064,0.7355918686118204,0.8086188999145718,3.0328227853040635,-0.2073730482815216,0.0,2.892627911482752,2.892627911482752,0.8955306957493636,0.960375480954585,0.0,0.0,0.0,control,control,0.0837475768358767,0.2429627720342707,0.0784733283614678,2.291499841621643,0.0,0.0,0.1666553422718416,-0.3809947740094967,0.0,0.0,0.0,1.0,1.2248324933383295e-14,0.0,control,control
1471.2144613,CONTROL_1,85.71651480000014,4.288225929041855,5.129926125979297,5.587448810950712,4.661568837511419,7.543543502104585,1.018803337728267,0.7715098119293056,0.8699653756222776,0.9071394651770892,1.039788628055316,4283.429345703125,2.132673061052436,3.188348634221754,4.389641635587943,3.514257127986544,4.922415039758603,0.2492683649839444,0.4948688962588577,1.1685283578015115,1.2733661490605994,0.306123930123384,1.273935846877598,0.790029888500491,-0.3572240323717074,-0.5325032860419341,0.2350443328877488,3.788995134904849,-4.922415039758603,-2.0210240215887905,0.9436673274499722,1.1685283578015115,3.14424040715354,-0.2817735020536772,0.0,2.8172172128709514,2.8172172128709514,0.8680116878760142,0.9432476439980304,0.0,0.0,0.0,control,control,0.1501964911820767,1.9342584976538524,1.2147509257922346,2.0925202931555087,0.0,0.0,0.093265755981913,-0.3403259351177945,1.0,0.0,9.0,-0.4999999999999749,-0.8660254037844531,0.0,control,control
1472.2144613,CONTROL_1,86.71651480000014,4.126717786420596,4.198779458182147,4.2398748889389255,4.330808232705969,3.85691137645724,0.9469049288418012,0.7244254363867583,0.929877751537861,0.9080389098177916,0.9084879346701868,4055.80400390625,1.917293075496893,1.891641768690952,2.4170605784129293,2.980634259869139,1.2578809780178652,-0.0381228948546678,0.1010167448039267,1.647350857896604,1.2821872452779055,-0.367500751003259,1.1162262618889784,0.5581131309444892,-0.7542239778546015,-1.0013266065390922,-0.0289808142185286,2.154351173551941,-1.2578809780178652,-1.0868134886386356,0.4686498858631349,1.647350857896604,3.2704806159600017,-0.2679795858270627,0.0,2.649909183002919,2.649909183002919,0.932116489960103,0.9209334139523924,0.0,0.0,0.0,control,control,0.2880868987234274,0.5185120255965189,0.6602903478151767,1.7270227253800186,0.0,0.0,-0.1176226621874586,0.100162824221891,0.0,0.0,0.0,-0.5000000000000149,0.86602540378443,0.0,control,control
1473.2144613,CONTROL_1,87.71651480000014,2.8480214525165057,3.313415715747071,3.480634259789268,3.480617870198651,2.236520258299659,0.8935135872248592,0.7362415418407503,0.8575800099874762,0.8205610427485314,0.8488210636899806,3726.504052734375,0.2120812300977397,0.658691812457299,1.3056828213675864,1.6090047093856925,-0.3527973439446091,-0.2515379782954795,0.1998562961677915,1.069543938518868,0.4242682057021989,-0.6736154858277914,0.8880717065739868,0.4440358532869934,-0.7368873200988317,-0.8973189108766619,0.1517318274199131,0.9821873169124428,0.3527973439446091,-0.5288202845537588,0.2349940813102026,1.069543938518868,3.358388612856757,-0.1106747832271032,0.0,2.512060380185688,2.512060380185688,0.965364902130086,0.9479275564196226,0.0,0.0,0.0,control,control,0.4690533879841351,0.8801997894461943,0.8981026202379541,1.8713526121962447,0.0,0.0,0.1107992220045888,0.7882535307915163,0.0,0.0,0.0,1.0,3.3809536366015776e-14,0.0,control,control
1474.2144613,CONTROL_1,88.71651480000014,2.6965112448570943,3.316234810594492,3.282621668337524,3.238454202195473,3.002382049997645,0.8730064040421841,0.8325207684810378,0.7694007126495817,0.8116677120874187,0.8415379238518401,3395.318017578125,0.0100340403549618,0.6626176597697112,1.0158316446716715,1.2183170966644157,0.4084737909588372,-0.3335089885290537,1.0052143393774409,0.3648108852436921,0.3370489129253171,-0.7109808844755929,0.6586103832160287,0.3293051916080143,-0.5435190962663496,-0.5982407290529035,1.0062652886077006,0.8392246522206914,-0.4084737909588372,-0.7115772781849765,0.0,0.3648108852436921,3.427432463714086,-0.043777306229243,0.0,2.5670476550439982,2.5670476550439982,1.0,0.9819248075698234,0.0,0.0,0.0,control,control,0.6620650258420492,0.4650642364672315,0.0589928124615223,3.1962421943398707,0.0,0.0,0.7771580543356105,0.4946098106685381,1.0,0.0,1.0,-0.4999999999999809,-0.8660254037844497,0.0,control,control
1475.2144613,CONTROL_1,89.71651480000014,3.088427859985808,3.712530993938214,3.483646279492345,3.448819428483957,2.805430257540779,0.7972941169839547,0.9746835724125038,0.7381698711929772,0.8299221071249447,0.959379795923225,3239.7654296875,0.5326763885079285,1.2144963266838764,1.3100918210618355,1.557703631134733,0.2127025484315272,-0.6361450259591274,2.194380077270208,0.1152125450377375,0.5160746891965942,-0.1064052996032902,0.5508362053214257,0.2754181026607128,-0.7453239423875138,-0.7626058241431743,2.284561808094812,1.262294073872856,-0.2127025484315272,-0.9643104428170088,-0.1103728225422796,0.1152125450377375,3.6235540445716095,-0.0138255054045285,0.0,2.788946645974698,2.788946645974698,1.0,0.99425593334621,0.0,0.0,0.0,control,control,0.8079710344029725,0.3936124368940727,0.2305580031790776,3.4495667121639344,0.0,0.0,0.964563128788089,-0.1549326142121141,0.0,0.0,0.0,-0.5000000000000089,0.8660254037844335,0.0,control,control
1476.2144613,CONTROL_1,90.71651480000014,3.050019260743677,3.380697071754673,3.4229995509881905,3.368014606234216,2.318740906386052,0.8044549482385697,0.8812274391271032,0.8247286061740486,0.857970548962221,1.0571764485497528,3231.821875,0.4814564102720462,0.7523872519348161,1.221317034111124,1.427339553973893,-0.2710695351418581,-0.607521856856662,1.4126366913384405,0.8069939884427367,0.7911533243853005,0.3953303519180989,0.5453325355489361,0.4703314437335175,-1.0075526137449993,-1.1286017120114098,1.4469342946192263,0.9868521430229702,0.2710695351418581,-0.9168702674113672,0.2888533376681954,0.8069939884427367,3.804812409488648,-0.099506848992079,0.0,2.817411114596418,2.817411114596418,0.9575972460307672,0.9604535103811284,0.0,0.0,0.0,control,control,-0.1063624136806957,0.6752717175165085,0.952602472240316,0.289993402545658,0.0,0.0,1.285406812819265,0.1328070877879794,0.0,0.0,0.0,1.0,2.694903836824424e-14,0.0,control,control
1477.2144613,CONTROL_1,91.71651480000014,2.7090033198148977,3.12036100400732,3.3027493769422325,3.2777566468503903,2.74158151966101,1.0010785011006578,0.8758600095998635,0.9807611853282402,0.9565655547952776,0.9800690442554766,3025.3668212890625,0.0266929089438963,0.3898454762208885,1.0452946196294488,1.2817245367769357,0.1492365266573896,0.1784189093737925,1.367739129403573,2.0540136317993043,1.758101142674998,-0.000261242391926,0.4022907257815054,0.2011453628907527,-0.5907722024786521,-0.8988742472485478,1.2728480613374369,0.7175700479251687,-0.1492365266573896,-0.9173826184545852,-0.2625000219605968,2.0540136317993043,3.8533178062604394,-0.2464816358159165,0.0,2.8408364739673404,2.8408364739673404,1.0,0.9023970371083598,0.0,0.0,0.0,control,control,-0.0914491751882025,0.1221495880719414,0.119752679734173,0.1206243786615995,0.0,0.0,1.231192325962244,0.0155821765368711,1.0,0.0,5.0,-0.4999999999999868,-0.8660254037844463,0.0,control,control
1478.2144613,CONTROL_1,92.71651480000014,2.357342542144592,2.640735337050541,2.6212646269856377,2.788642981793213,2.5278995112749265,1.0433598616560955,0.9035580240831116,0.980111817902492,1.010291786659161,1.0532324806360276,2908.63752441406,-0.4422660672774757,-0.278077115070747,0.0477360541511594,0.4926274285020678,-0.0631646491107174,0.3474253403353723,1.5994279321020264,2.0488238570737094,2.285008791259877,0.3750962308349443,0.3214151570911008,0.3482556939630226,-0.4567269331311815,-0.7640505116922379,1.4255076735274277,-0.1151705304597938,0.0631646491107174,-0.8458800256781006,0.038814871509609,2.0488238570737094,3.883170438957499,-0.2422063962086788,0.0,2.712397076543808,2.712397076543808,0.9941946856126757,0.9026312293589532,0.0,0.0,0.0,control,control,-0.159866657083787,0.4299463752837302,0.4576560889810789,-0.6978496989002796,0.0,0.0,1.2023924570060496,-0.3848443530953605,0.0,0.0,0.0,-0.5000000000000275,0.8660254037844227,0.0,control,control
1479.2144613,CONTROL_1,93.71651480000014,2.886822822873107,2.2094369489589285,1.8890297876876865,2.4969654277809794,2.51516538815621,0.8801586062687875,0.7243032140762313,0.8198176015112693,0.9051497568561356,1.10575447459768,3148.8185546875,0.2638249902036155,-0.878699552193186,-1.024110580611855,0.0220580478800102,-0.0758224425450822,-0.3049203112501188,0.0999943776300575,0.7677450103363778,1.2538525428315304,0.6445549101640563,0.4878239159206209,0.5661894130423386,-0.7151784181284357,-0.8303401696788923,0.0346771021820025,-0.9514050664025204,0.0758224425450822,-0.5605807182668133,0.4851919197380592,0.7677450103363778,3.909693882060797,-0.1535348228193118,0.0,2.6640069294818494,2.6640069294818494,0.9298064916677063,0.9623402019836166,0.0,0.0,0.0,control,control,-0.2188778874162598,0.622846061554877,0.7592975063698598,-1.1479964530106233,0.0,0.0,0.228437983487197,-1.0814769702512348,0.0,0.0,0.0,1.0,2.0088540370472716e-14,0.0,control,control
1480.2144613,CONTROL_1,94.71651480000014,4.142812831463809,2.8598058797095254,2.032496615398704,2.938210309450893,2.331302204576582,0.8852976577580377,0.7867615259041986,0.8648262423190475,0.8784245805385819,1.0499903286562349,3117.417431640625,1.938756702733648,0.0269986442331008,-0.8141035880060205,0.7339274660573015,-0.2585835307047335,-0.2843785704140552,0.622446681738008,1.127456164970405,0.9917515295467184,0.3584627041014177,0.4660677351509136,0.4122652196261657,-0.7820545330602383,-0.951172957805799,0.5904750194349804,-0.3935524718864598,0.2585835307047335,-0.669025477814359,0.1699207106827489,1.127456164970405,3.885201419116347,-0.1219953167931508,0.0,2.69415288677903,2.69415288677903,0.9748339729848174,0.9451866968014192,0.0,0.0,0.0,control,control,1.2287815813472664,0.1681916333298239,0.21858294491516,1.4093888269292163,0.0,0.0,0.2408445894824457,0.6053951506187436,1.0,0.0,5.0,-0.4999999999999928,-0.8660254037844428,0.0,control,control
1481.2144613,CONTROL_1,95.71651480000014,3.814507559587173,3.1420512133826484,2.2765931076374453,2.7425854114387493,2.7886575854086724,0.9347538283273582,0.9256045068731672,0.948454494463764,0.9421732708438424,1.030040055802467,3132.35185546875,1.5009435772343596,0.4200510758159858,-0.456794716968964,0.4183218055409404,0.196030413474823,-0.0866930946595865,1.7838427104403538,1.7958170529935518,1.6169521316326922,0.2561098844549155,0.4764150091643646,0.36626244680964,-0.8067946749097397,-1.0761672328587724,1.7139503724028404,-0.0183718205764891,-0.196030413474823,-1.1251738701264262,0.075696732736999,1.7958170529935518,3.8596059261446616,-0.226852556269776,0.0,2.690369638390713,2.690369638390713,0.9887097092482692,0.9141223515472678,0.0,0.0,0.0,control,control,1.1979246664467542,1.2520419423633056,0.9711166109323182,2.900262743450178,0.0,0.0,0.5383739685362416,0.6551891793847197,0.0,0.0,0.0,-0.5000000000000216,0.8660254037844262,0.0,control,control
1482.2144613,CONTROL_1,96.71651480000014,2.926119658300262,2.988904972867732,2.5283833008633443,2.461169344223342,3.0257869222211884,0.953402452738986,0.9659725077926344,0.9429735454152652,1.0172593846556568,1.01983882417307,3088.912182617188,0.3162294802145428,0.2067809344152484,-0.0882237930092906,-0.0356925079536629,0.4317383718963247,-0.0121510881406677,2.121513622050935,1.7520130527984386,2.3533419043268724,0.2037735164869623,0.4463179526442925,0.3250457345656274,-0.706617090261528,-0.9694190481812938,2.043289960444695,0.0592785707029788,-0.4317383718963247,-1.1973989904615112,-0.0087243216408589,1.7520130527984386,2.83076368369008,-0.2102415663358126,0.0,1.993390292723651,1.993390292723651,1.0,0.9161266564436296,0.0,0.0,0.0,control,control,1.0533156225121147,0.7482024444631917,0.6118830713876284,1.5940273503024711,0.0,0.0,0.3992353861984983,0.6255726587746906,0.0,0.0,0.0,1.0,1.322804237270118e-14,0.0,control,control
1483.2144613,CONTROL_1,97.71651480000014,2.5023836140992937,2.6839976111403083,2.188943156329904,2.258137854823356,2.732712708293456,0.9973806541749408,0.915868753839935,0.947938195065343,1.0527076700532505,1.0370472451474475,3140.126171875,-0.2488458255759777,-0.217830443122287,-0.5850968685521969,-0.3632473742760761,0.140420875885657,0.1636379301681157,1.7024049248907218,1.7916907641430175,2.700992801425573,0.2920595475253251,0.4818014226643784,0.3869304850948517,-0.5601864585556533,-0.8289400731771059,1.56476282107498,-0.401463655837242,-0.140420875885657,-0.958915633347155,0.1180295023579667,1.7916907641430175,1.5712467379124844,-0.2327073170508571,0.0,1.082168291185044,1.082168291185044,0.9824513771652226,0.9143109676470724,0.0,0.0,0.0,control,control,0.8007042121805951,1.3274995588407812,1.3522852359306323,1.5133825685473654,0.0,0.0,0.9286097967407893,0.3294707643316569,1.0,0.0,8.0,-0.4999999999999741,-0.8660254037844536,0.0,control,control
1484.2144613,CONTROL_1,98.71651480000014,2.5377186315903204,2.541544119684088,2.0282069246962533,2.4486790996111503,2.5769534251601267,0.9742553517217108,0.8961298018585111,0.9033031884035498,0.963691644495344,1.043148307083131,3175.0682128906246,-0.2017246375460412,-0.4162099538680165,-0.8203828447373771,-0.0558432757797351,-0.0144047695872218,0.071201812191188,1.5372922178458064,1.4349657110141874,1.827988626632178,0.3233604172694325,0.5060109186006745,0.4146856679350535,-0.5347076036475409,-0.749952460299669,1.415820347814246,-0.6182963993026969,0.0144047695872218,-0.8264413593619147,0.1748783307154602,1.4349657110141874,1.369999589460347,-0.1962669194909382,0.0,0.9327679630149238,0.9327679630149238,0.9741093139970504,0.9307651533649616,0.0,0.0,0.0,control,control,0.2179674906061117,1.535740348758218,1.3263105874706005,0.7274969797671923,0.0,0.0,0.4287115371476038,-0.5557432220318309,0.0,0.0,0.0,-0.5000000000000157,0.8660254037844296,0.0,control,control
1485.2144613,CONTROL_1,99.71651480000014,2.553913362204664,2.789460704612018,2.610076381693532,2.9350149822487084,2.252033802434498,0.9642045623203752,0.8839104842119022,0.872163725736463,0.9398159319717784,0.9824922993515804,3181.813671875,-0.1801280741209219,-0.0709634434385436,0.0313586811805628,0.7287723791411729,-0.3373767896384338,0.0310269449979008,1.4350798705655656,1.186097674352097,1.5938330734202382,0.0121710182406463,0.5106844910974173,0.2614277546690318,-0.449464179692591,-0.6273788308454056,1.3619661956488325,-0.0198023811289903,0.3373767896384338,-0.6112862732417516,-0.1390281874238498,1.186097674352097,1.3667214300979251,-0.0917252024764865,0.0,0.9567050010685476,0.9567050010685476,1.0,0.9424193970224762,0.0,0.0,0.0,control,control,-0.4727257617700918,0.0256449097670566,0.1018564643157823,-0.604645727987495,0.0,0.0,1.6687822135776147,2.9286539345555505,0.0,0.0,0.0,1.0,3.4789253805333663e-14,0.0,control,control
1486.2144613,CONTROL_1,100.71651480000014,2.119178059695604,2.6054647534690423,2.8070442518948178,2.9763546447298723,2.807094679680255,0.9254528567427832,0.7973306261293281,0.8195614403975346,0.8961212996160919,0.8942489084937196,3324.2359863281245,-0.7598714954446252,-0.3271946273415109,0.3196805930880911,0.7954665045591003,0.2143569938481972,-0.1238708011319937,0.7108552634520956,0.765697758778897,1.165308027244564,-0.4405526079309468,0.6093613955589806,0.3046806977794903,-0.4680351911494802,-0.5828898549663148,0.6656527892902214,-0.0037570171267098,-0.2143569938481972,-0.59767483297524,-0.0504364763549774,0.765697758778897,1.273167791917416,-0.0918837310534676,0.0,0.8912174543421911,0.8912174543421911,1.0,0.9624387146494026,0.0,0.0,0.0,control,control,-0.3989944961003731,-0.3192390429824006,-0.2966736514441451,-0.4744983596758851,0.0,0.0,0.5332085588588532,-0.0641640832272578,1.0,0.0,7.0,-0.49999999999998,-0.8660254037844501,0.0,control,control
1487.2144613,CONTROL_1,101.71651480000014,2.3200689085154456,2.774650615865784,2.979206030250335,3.096631166558921,3.009302320394004,0.8986770811919332,0.7134336976253272,0.8342780670066298,0.8238386579462174,0.9679682042241056,3558.1259765625,-0.4919725064845315,-0.0915878460386138,0.5716913044905982,0.9895110842736464,0.4153525805205864,-0.2308985363474696,0.0090728693773907,0.8833137243994498,0.4564126620853338,-0.0623433555730596,0.7714114247941789,0.3857057123970894,-0.6364847679865494,-0.768981826646467,-0.0296289246350141,0.2400517292259922,-0.4153525805205864,-0.63551915280679,0.1155208936677303,0.8833137243994498,1.1837206406551584,-0.1233257809780935,0.0,0.8592866602536497,0.8592866602536497,0.982821134638494,0.9567954165235332,0.0,0.0,0.0,control,control,-0.4528323051912418,-0.3960389130992376,-0.3558093735923636,-0.1745620847798303,0.0,0.0,0.3515412875936751,-0.4147505749990378,0.0,0.0,0.0,-0.5000000000000098,0.866025403784433,0.0,control,control
1488.2144613,CONTROL_1,102.71651480000014,2.726760820565494,2.8152284804602483,2.873763666498161,2.952394712107839,2.4321888278003323,0.8689423451817716,0.6548759587241371,0.7942080765119899,0.8124181308979759,0.9865100777519064,3430.64599609375,0.0503735122440948,-0.0350794597360557,0.417344588541403,0.7568114538066396,-0.1583016325990144,-0.3497537846801975,-0.4807518587795985,0.5630724931976736,0.34440847262655,0.0327838164215258,0.6830872748758244,0.3579355456486751,-0.6363130437115521,-0.7207739176912031,-0.482797299021718,0.1911325644026736,0.1583016325990144,-0.3231161492161433,0.0586413749115823,0.5630724931976736,1.1678541174689032,-0.052619660530606,0.0,0.8469281888720295,0.8469281888720295,0.991242367202511,0.972238995442978,0.0,0.0,0.0,control,control,-0.4481504847559136,-0.0017500076471706,-0.0730156646735735,-0.538151362840854,0.0,0.0,0.1994726414282351,-0.2143861388079989,0.0,0.0,0.0,1.0,2.792875580756212e-14,0.0,control,control
1489.2144613,CONTROL_1,103.71651480000014,3.052400659628393,2.911000868468616,3.0850396135443936,3.250468012656505,2.303281539979634,0.8383303076011115,0.7159083139333362,0.7237539711316368,0.8323325102122479,0.9258726466701118,3431.0953125,0.4846321365795112,0.0982923466116251,0.7266106882874804,1.2376992235020583,-0.2864362364666619,-0.4721157699144622,0.0297725801775076,0.0,0.5397141624820154,-0.2783102770194078,0.6833985824982487,0.3416992912491243,-0.5575405927267433,-0.5575405927267433,0.062376699843842,0.4124515174495528,0.2864362364666619,-0.2736546236419663,0.0253858908874696,0.0,1.1873428567381534,0.0391575518368788,0.0391575518368788,0.9098224195734976,0.9098224195734976,0.9961993571621436,1.0,0.0354910152642773,0.0764416423091367,0.0354910152642773,control,control,-0.4954971593433101,0.383712650093845,0.3919940414625664,-0.2851825221236839,0.0,0.0,0.8669166141643772,-1.2865821610511912,1.0,0.0,1.0,-0.499999999999986,-0.8660254037844467,0.0,control,control
1490.2144613,CONTROL_1,104.71651480000014,3.147612585895184,3.323562231618098,3.194038487244608,3.467939775211509,3.143112090567629,0.8341595932906039,0.7475595366280939,0.7012107293559959,0.7910708264181906,1.0116758007551856,3370.899658203125,0.611602473624037,0.6728217634587929,0.8861634297010775,1.5885508786966271,0.5483602807420581,-0.4887868876580615,0.2945292433139825,-0.1801666387336988,0.1350496991401392,0.1618939657768019,0.6416921908358029,0.4017930783063024,-0.5261768336778425,-0.4991518378677877,0.3162776956519222,0.7794925965799352,-0.5483602807420581,-0.5464377430273001,0.1484714207300982,-0.1801666387336988,1.2097291364135585,-0.0222707131095147,0.0,0.980438201695963,0.980438201695963,0.9779754484375478,1.0,0.0,0.0,0.0,control,control,-0.4127935236332278,-0.6284174365796709,-0.5592765246266213,-0.7427834438340482,0.0,0.0,-0.0943054524919436,-0.3535505488403304,0.0,0.0,0.0,-0.5000000000000284,0.8660254037844223,0.0,control,control
1491.2144613,CONTROL_1,105.71651480000014,18.97452619377352,20.591887321407544,21.434936024477263,23.1762327332443,13.211773608149608,2.3768560133069814,2.017066229155013,2.266878923332286,2.291007285117378,2.18108864977358,3003.218652343749,21.717661703389123,24.720543217610903,27.58722105635705,33.384344153864326,10.556669173465798,5.677656494936478,10.913719502858635,12.33272652403106,14.845331158711604,6.161446117529825,0.3869454285265971,3.274195773028211,0.5426532682685545,-1.307255710336105,8.675756435867463,26.153882136983977,-10.556669173465798,-6.981414456738868,6.031795220324274,12.33272652403106,1.1793097789256413,-2.194767822038374,0.0,5.151523989596103,5.151523989596103,0.4046352305412201,0.5397569538522083,0.0,0.0,0.0,control,control,-0.4587407675761336,-0.1008825220411661,-0.0616992503066514,-0.1213047618980936,0.0,0.0,-0.5031777252943334,-0.1980855200397434,0.0,0.0,0.0,1.0,2.10682578097906e-14,0.0,control,control
1492.2144613,CONTROL_1,106.71651480000014,23.43250929391525,24.74197575850588,25.45575557520513,28.02634337096246,13.979419130931774,2.585775321086171,2.1672226435951774,2.486349610202921,2.492781495393693,2.2568597291238657,3179.5828125,27.66262720254032,30.499920790508742,33.472903726918084,41.20912712857263,11.319713347580151,6.512745671417187,12.169750324135563,14.08674648032612,16.82418526765264,6.550181834379732,0.509138846383951,3.5296603403818416,0.699969318207585,-1.413042653841333,9.659148821185806,31.98641225871341,-11.319713347580151,-7.620618818528624,6.555043848320063,14.08674648032612,1.0952921620512477,-2.428676893514489,0.0,6.180730387930547,6.180730387930547,0.3740908572498913,0.4944361166568934,0.0,0.0,0.0,control,control,-0.7178608540063663,-0.102996653324233,0.0166307215129443,-1.2028386582609485,0.0,0.0,-0.7626028099888413,-0.0369031850663166,1.0,0.0,2.0,-0.4999999999999673,-0.8660254037844575,0.0,control,control
1493.2144613,CONTROL_1,107.71651480000014,7.589352195269282,7.464021833854031,6.8567276233480845,8.15954468535626,3.344745791224761,1.0749752920804014,0.9363494690063568,1.0089939395856071,1.0075195751481856,1.0325732462954105,3326.101123046875,6.534906385005572,6.438790303488938,6.247614174764727,9.15761331192596,0.7487853676153929,0.4737980726489459,1.8737223447074456,2.279651119405043,2.2578209651653784,0.2691061573156908,0.6106536503472179,0.4398799038314543,-0.4340497951006826,-0.7759974630114392,1.6453028505873457,6.343202239126832,-0.7487853676153929,-1.1721490876369127,0.2264817663807491,2.279651119405043,0.9643131447882336,-0.3075303992857175,0.0,1.9096873842200175,1.9096873842200175,0.9665983129114044,0.8922735205924888,0.0,0.0,0.0,control,control,-0.8460820196517089,-0.3461186170692637,-0.398148070001023,-0.9181826932942228,0.0,0.0,-0.2187247378866988,-3.075710626266608,0.0,0.0,0.0,-0.5000000000000225,0.8660254037844257,0.0,control,control
1494.2144613,CONTROL_1,108.71651480000014,3.0527447296410326,3.1585748990536167,2.6846496158707738,2.9826128808645875,1.5286234317838865,0.863379618712182,0.7354103963371358,0.833902159874628,0.841885940113497,0.8453411275033469,3566.689013671875,0.4850909728533339,0.4430618188003394,0.1405191114230073,0.8055630452808317,-1.0564509618139852,-0.3719890329004662,0.1929039167213473,0.8803094570840913,0.633407226569236,-0.6914689399385499,0.7773443012397495,0.3886721506198747,-0.7772653805348668,-0.9093117990974804,0.1887331372914951,0.2917904651116734,1.0564509618139852,-0.3082210096545744,0.1215968232817109,0.8803094570840913,0.8176976843056132,0.0345909859297501,0.0345909859297501,0.6125069485440071,0.6125069485440071,0.98192580988965,0.9569391507785334,0.0199084275577891,0.0428793847394285,0.0199084275577891,control,control,-1.1287729267473896,-0.7598994344118857,-0.7469190943836626,-1.3226272716773615,0.0,0.0,0.0436444305773697,2.763570507210252,0.0,0.0,0.0,1.0,1.4207759812019062e-14,0.0,control,control
1495.2144613,CONTROL_1,109.71651480000014,2.5971178099816967,3.5200630500584507,3.281222737591785,2.768873554565868,1.4236826193175809,0.7883184068896858,0.6963103721088726,0.726366761608761,0.7749923080045634,0.8700766214709841,3613.348974609375,-0.1225125682577049,0.9464671183380908,1.0137838874063605,0.4607330060562649,-1.1607627479220168,-0.6720226019985557,-0.1341606028096737,0.0208815432431529,-0.0226366681360309,-0.5645660363294608,0.8096725254038453,0.4048362627019226,-0.7805402078091399,-0.7836724392956127,-0.0673640179855154,0.9801255028722256,1.1607627479220168,-0.1124069406671798,0.1547045436881726,0.0208815432431529,0.7788940504680182,0.1484029454458982,0.1484029454458982,0.7180452543488319,0.7180452543488319,0.9770614995777844,0.9989564676967612,0.1040070552996386,0.2240136006152504,0.1040070552996386,control,control,-1.3435447564574758,-1.0657854849204769,-1.1312541927491504,-0.7598470714336448,0.0,0.0,2.1142400628230464,5.113379799711003,1.0,0.0,6.0,-0.4999999999999732,-0.866025403784454,0.0,control,control
1496.2144613,CONTROL_1,110.71651480000014,1.992102957702874,3.056329156725134,3.0985296086288825,2.4372750627194266,1.5681481282034224,0.7557203427947541,0.674618761023951,0.6715081142176765,0.7101017062643328,0.8532063532622307,3671.8136230468754,-0.9293331286939488,0.300675274731731,0.7463573666183588,-0.0742416424106635,-1.0171631806161474,-0.8023231031311442,-0.3156069445286998,-0.4175513229921173,-0.6590363036963182,-0.6511172094394843,0.8501795944709256,0.4250897972354628,-0.7624525893927688,-0.6998198909439513,-0.2212986180547794,0.5235163206750449,1.0171631806161474,-0.0594222694362607,0.1961883168255655,-0.4175513229921173,0.6400730881852335,0.1231462295685872,0.1231462295685872,0.5233261783408375,0.5233261783408375,0.9710005468352888,1.0,0.0625767572131463,0.1347797479484256,0.0625767572131463,control,control,-1.4807469006909262,-1.889433886507115,-1.9476475296251408,-1.4079625371640991,0.0,0.0,-0.6469252384897182,-1.1592554950903318,0.0,0.0,0.0,-0.5000000000000165,0.866025403784429,0.0,control,control
1497.2144613,CONTROL_1,111.71651480000014,2.006350847676159,2.316518433210254,2.08130165485616,2.072658048592782,2.035613911973968,0.7568381300116986,0.6097884612771483,0.6924148964533229,0.6718249474104877,0.9285360046459956,3687.234033203125,-0.9103327842726816,-0.7295787953865126,-0.7426626861334661,-0.6624857501305285,-0.5524994363254971,-0.797855100549662,-0.8579004918153834,-0.250463345157273,-1.0344268029635455,-0.2646461932969531,0.8608635827601846,0.4304317913800923,-0.8178008775896395,-0.7802313758160485,-0.7660446645229909,-0.7361207407599893,0.5524994363254971,-0.1415893233094658,0.2071299168129706,-0.250463345157273,0.475303431067139,0.0518054279268789,0.0518054279268789,0.3016429142250517,0.3016429142250517,0.969408208961376,1.0,0.0151486902801191,0.0326277159225227,0.0151486902801191,control,control,-1.5200062400823726,-1.7129786809119207,-1.7417916483645404,-1.1131986087075447,0.0,0.0,-0.2307642967372196,-4.146720741376386,0.0,0.0,0.0,1.0,3.5768971244651544e-14,0.0,control,control
1498.2144613,CONTROL_1,112.71651480000014,2.3822259437849502,2.305789746805431,1.716631306390914,2.0592109706637385,2.7353669812093684,0.7238564485460369,0.6332356299485534,0.6526470323245662,0.6521767734240941,0.8950407902387661,3898.5482910156247,-0.4090826834623264,-0.7445194720815962,-1.2764677781925744,-0.6841801967727308,0.1430592388082423,-0.929688991379986,-0.6617692334021815,-0.5682899683645225,-1.2271217453593992,-0.4364899402157634,1.0072720785748848,0.5036360392874424,-0.8566965122742637,-0.7714530170195854,-0.5552559953790457,-1.0104936251370853,-0.1430592388082423,-0.3828021659111621,0.357068605679993,-0.5682899683645225,0.4617188586538936,-0.0535602908519989,0.0,0.2696429102057265,0.2696429102057265,0.9478487926697832,1.0,0.0,0.0,0.0,control,control,0.7988696042470254,0.067191603194753,0.0160741691643793,0.0986069670228508,0.0,0.0,-0.5923396885733433,0.1903852842275302,1.0,0.0,9.0,-0.4999999999999792,-0.8660254037844506,0.0,control,control
1499.2144613,CONTROL_1,113.71651480000014,2.2127062870116987,2.2115082570741342,1.6387165443923828,1.864603316653752,3.7043040605816593,0.7565879721931162,0.6501081585980604,0.6189460669044129,0.647425464100859,0.739501931710453,3930.216064453125,-0.6351464634961475,-0.8758150662722182,-1.3905195426873598,-0.9981447166752464,1.1061884065767436,-0.7988550276934518,-0.5206336309327736,-0.8376296543892067,-1.2737191175620115,-1.234466030651274,1.0292130073261243,0.5146065036630622,-0.634336274572995,-0.5086918264146141,-0.4495714999251762,-1.133167304479789,-1.1061884065767436,-0.5468575825285817,0.3795385728166631,-0.8376296543892067,0.4223720258361401,-0.0569307859224994,0.0,0.2387296321627986,0.2387296321627986,0.94465945083628,1.0,0.0,0.0,0.0,control,control,0.8486248070677216,0.1880678289033903,0.3162479588643305,0.0012143409628576,0.0,0.0,-0.6701443382617994,-0.314319363025246,0.0,0.0,0.0,-0.5000000000000107,0.8660254037844325,0.0,control,control
1500.2144613,CONTROL_1,114.71651480000014,2.1698810449850527,2.899352551433111,2.6186201139567,2.122316046241531,7.169415229381412,0.7808803975430272,0.7288367296476738,0.6728064021953224,0.6743831767811099,0.7102887702991397,3913.986572265625,-0.6922562776480036,0.0820710001855552,0.0438650113674373,-0.5823714839654899,4.550529331576217,-0.7017537032834685,0.1379164025245696,-0.4071753449775632,-1.009337557441351,-1.384341145801472,1.0179684488017455,0.5089842244008728,-0.6864883886415396,-0.6254120868949051,0.1861087722452185,0.0629680057764962,-4.550529331576217,-1.7914349831884382,0.3680228861575521,-0.4071753449775632,0.3575262655936911,-0.0552034329236328,0.0,0.2076585541472502,0.2076585541472502,0.946292621296455,1.0,0.0,0.0,0.0,control,control,0.8416859596101502,0.090943255436617,0.200167959705828,0.4254288414720597,0.0,0.0,-0.8161196188973991,-9.359175763659406,0.0,0.0,0.0,1.0,2.8908473246880007e-14,0.0,control,control
1501.2144613,CONTROL_1,115.71651480000014,3.3726711663764872,4.263400351688496,3.894023630397228,3.310390474396944,9.99358990158286,0.7554903734228423,0.8124068976514404,0.6787094563139792,0.700874402566398,0.8134335602036845,3887.180908203125,0.9117304611452892,1.981632270901149,1.9108029030039184,1.3343733601254222,7.3577756013055104,-0.8032423333135865,0.8369655050445949,-0.3599978613926285,-0.7495309601348196,-0.8551674269276242,0.9993962190083964,0.4996981095041982,-0.8021676092022161,-0.7481679299933217,0.912851560996942,1.9462175869525336,-7.3577756013055104,-2.8414267131515025,0.3490028438501969,-0.3599978613926285,0.3154757898542623,-0.0523504265775295,0.0,0.5577261437109607,0.5577261437109607,0.94899625505854,1.0,0.0,0.0,0.0,control,control,0.8462112036874949,0.1489131347928753,0.1554324282225089,0.4552841849219656,0.0,0.0,-0.0648737286934827,3.70656763286759,1.0,0.0,7.0,-0.4999999999999851,-0.8660254037844473,0.0,control,control
1502.2144613,CONTROL_1,116.71651480000014,3.7082049705039375,4.496396048118677,4.610269631663304,3.913147517913846,10.786137500650469,0.8051576127416675,0.7582594128305215,0.6956977015259842,0.7326504790943873,0.8601270309394954,3857.479150390625,1.3591832317206718,2.306100079946636,2.959245048771751,2.3068136618616144,8.145572586019332,-0.604713176665866,0.3840317420530685,-0.2242270140454619,-0.4378944060017292,-0.6156113855680645,0.9788174387150232,0.4894087193575116,-0.6485859015893323,-0.614951849482513,0.4128578563801572,2.632672564359193,-8.145572586019332,-2.9175868273167485,0.3279278692150086,-0.2242270140454619,0.2507028476096593,-0.0491891803822512,0.0,0.6528373258163489,0.6528373258163489,0.9520010127462502,1.0,0.0,0.0,0.0,control,control,0.8219165951741867,0.0293841291695736,-0.0730911570659143,1.567664371699104,0.0,0.0,1.8108239077809816,4.516241971342368,0.0,0.0,0.0,-0.5000000000000293,0.8660254037844217,0.0,control,control
1503.2144613,CONTROL_1,117.71651480000014,2.752447306463484,3.7918408264965255,4.286800583262541,3.168896573441253,11.515804411083169,0.851959973712354,0.8363401775627487,0.7126893983331909,0.7593245122184986,0.747824061588857,3858.7928222656246,0.0846278530586949,1.32494251946869,2.485750491601038,1.1060983474663213,8.87086579561405,-0.4176354695078844,1.037162994675184,-0.0884285813886072,-0.1762949678109263,-1.191770200636188,0.979727612620011,0.4898638063100055,-0.5091514175993732,-0.4958871303910821,1.0191059104746538,1.905346505534864,-8.87086579561405,-3.2054704608999,0.3288599891797376,-0.0884285813886072,-0.0055565209202853,-0.0493289983769606,0.0,0.3317403027300121,0.3317403027300121,0.951867915178621,1.0,0.0,0.0,0.0,control,control,0.7893854950625543,0.1340130427835811,0.1095970261094499,0.1250503400849474,0.0,0.0,0.3067711876291983,0.6182184949426038,0.0,0.0,0.0,1.0,2.2047975249108475e-14,0.0,control,control
1504.2144613,CONTROL_1,118.71651480000014,2.586592393537303,3.3786183965799697,3.5091484328510028,2.630397697452893,7.830864010443294,0.7763267222694378,0.8319528157182431,0.682344515423392,0.6983561593398854,0.7965311156822087,3926.6082519531246,-0.1365487896207085,0.7494925067099604,1.3474219176233366,0.2373270654331203,5.208013318501693,-0.7199555869418306,1.0004635188563245,-0.330946299604878,-0.7742280507554358,-0.9418836772953428,1.0267133444696066,0.5133566722348033,-0.7324635501388241,-0.6828216051980924,1.0521132475330814,1.0484572121666484,-5.208013318501693,-2.196224638377826,0.3769786382361574,-0.330946299604878,-0.1297507880365004,-0.0565467957354236,0.0,0.1531446466979061,0.1531446466979061,0.945022260448737,1.0,0.0,0.0,0.0,control,control,0.7371900352230116,1.0234868472796368,0.9395637431290176,-0.6566417378567572,0.0,0.0,-0.7803223216540585,-0.436711340746684,1.0,0.0,10.0,-0.4999999999999664,-0.866025403784458,0.0,control,control
1505.2144613,CONTROL_1,119.71651480000014,2.916437353507045,4.446804718836534,5.842833355583413,3.722893555693013,9.168314891323575,0.7761723526880873,0.692377762044929,0.7300604632758317,0.6845886798707089,0.9081395103621528,3984.121484375,0.3033175945804066,2.237039620005256,4.76347397740535,1.99987304222314,6.537447376973244,-0.7205726307561817,-0.1670561635274302,0.0504017790843122,-0.9092494356986984,-0.369288306021782,1.0665612275963543,0.5332806137981771,-0.8715334068852353,-0.8790936737478822,-0.120233159287929,3.500256798705303,-6.537447376973244,-2.4865406520607336,0.4177873311805392,0.0504017790843122,-0.0917288899365409,-0.0687163131671983,0.0,0.6373832600639798,0.6373832600639798,0.9392551610529606,0.9974830838041824,0.0,0.0,0.0,control,control,0.8274393181105283,0.3952340853247333,0.4655177578620896,-0.4474662051393008,0.0,0.0,-0.6642338706644906,-1.525609409046038,0.0,0.0,0.0,-0.5000000000000233,0.8660254037844252,0.0,control,control
1506.2144613,CONTROL_1,120.71651480000014,2.641169400718192,4.561068341748089,6.12539240227632,3.858201019215283,12.83268259286242,0.8526404873456642,0.7002802698202651,0.7357360579797673,0.7468566779781128,0.8565994409208236,3941.4822265624994,-0.0637673506944386,2.396162161527484,5.177084402730116,2.218167348478004,10.179850469924595,-0.4149153304471826,-0.1009531377711902,0.0957613964277135,-0.2985703814150563,-0.6337093227549097,1.037018736409969,0.5185093682049845,-0.5780591612481285,-0.5924233707122856,-0.1268516472106407,3.7866232821288,-10.179850469924595,-3.434483457809122,0.3875325131817367,0.0957613964277135,-0.1186939298317716,-0.0696212445485861,0.0,0.6991947794484996,0.6991947794484996,0.9435273969924464,0.9952233747118944,0.0,0.0,0.0,control,control,0.7904367664599449,0.122797534565341,0.2229170396198773,1.2115776339614477,0.0,0.0,-0.7245945685552,0.1400385569860508,0.0,0.0,0.0,1.0,1.5187477251336943e-14,0.0,control,control
1507.2144613,CONTROL_1,121.71651480000014,1.893044031376016,3.213907893613852,3.619937097114812,2.577045541025503,11.130698053265824,0.7897099047640637,0.633025398387801,0.6419270476301171,0.6990752585612238,0.8028860842495621,3932.336474609375,-1.06143365177072,0.5201180725765341,1.5095945575852725,0.1512529371378898,8.488067806143711,-0.6664605272131221,-0.663527781785843,-0.6539645855689815,-0.7671756507141565,-0.9092801657343133,1.0306821276055624,0.5153410638027812,-0.5664081882146739,-0.4683135003793266,-0.6257479159332578,1.0148563150809031,-8.488067806143711,-2.7176229350086203,0.3810431164379956,-0.6539645855689815,-0.0691802482308207,-0.0571564674656993,0.0,0.1458147955504812,0.1458147955504812,0.94444628268858,1.0,0.0,0.0,0.0,control,control,0.7554527270441396,0.5495530975805667,0.5194409312997805,0.6505210833196075,0.0,0.0,-0.5399084786362999,-0.8395514401373638,1.0,0.0,2.0,-0.4999999999999724,-0.8660254037844546,0.0,control,control
1508.2144613,CONTROL_1,122.71651480000014,2.2773627725691754,3.289733166805136,3.345724946887497,2.4872047003021027,10.15696675455808,0.7271873674046878,0.6269562918366032,0.6367245041214629,0.6614635461052064,0.8341295599529308,4131.007763671875,-0.5489234861314854,0.6257116978649045,1.1082023338636129,0.0063108660315124,7.520173156098851,-0.916374691633527,-0.7142947431197254,-0.6955435557166063,-1.136043860561068,-0.7489887322668837,1.168330977684658,0.584165488842329,-0.818975819343297,-0.7146442859858061,-0.6312424424219258,0.8669570158642586,-7.520173156098851,-2.560487226874351,0.5220109475059019,-0.6955435557166063,0.0255462750478441,-0.0783016421258852,0.0,0.1129721535804573,0.1129721535804573,0.9246854603836364,1.0,0.0,0.0,0.0,control,control,-1.329375293809013,0.6040056390812829,0.5779597338706733,8.501332810291204,1.0,1.0,-0.7428927271028298,0.1169469158730681,0.0,0.0,0.0,-0.500000000000042,0.8660254037844144,0.0,control,control
1509.2144613,CONTROL_1,123.71651480000014,2.518381206698136,3.2140292155516303,3.2553851042613253,2.582015379968724,7.027995622061479,0.7446914874446227,0.769061959419495,0.6172544574814308,0.702077737245751,0.7996614274111759,4413.334326171875,-0.2275121565303119,0.5202870244668193,0.9759627146770672,0.1592708802436691,4.40995740837927,-0.8464074811130989,0.4743930597138435,-0.8511490757227548,-0.7377295323338734,-0.9258239354471608,1.363940151301502,0.6819700756507511,-0.7189978235228226,-0.5913254621644093,0.5155024110794305,0.7481248695719431,-4.40995740837927,-1.8049476337093493,0.7223366380286137,-0.8511490757227548,0.0992346890626861,-0.108350495704292,0.0,0.1107387605539769,0.1107387605539769,0.8973130369429267,1.0,0.0,0.0,0.0,control,control,-1.3619436325042136,-1.1059555848790852,-1.2088861986121189,-0.4293531415001281,0.0,0.0,2.6774286679542416,-4.976924319267445,0.0,0.0,0.0,1.0,3.674868868396943e-14,0.0,control,control
1510.2144613,CONTROL_1,124.71651480000014,2.1169653179757426,2.6727692031155272,2.6089341080934565,2.2823404742280844,3.1477920884801294,0.8315670340910153,0.697778805155475,0.590528074376266,0.6888094406701435,0.7290907874049317,4365.466015625,-0.7628223081524373,-0.2334670278605,0.0296866190926776,-0.3242007919592308,0.5530122262507852,-0.4991498270626384,-0.1218774301434195,-1.0647475748866928,-0.8678552959849039,-1.2878793339793777,1.330774725471233,0.6653873627356165,-0.2928350165362001,-0.1331228803031961,-0.163436814061664,-0.1018902043839111,-0.5530122262507852,-0.2663084943312058,0.6883715293985737,-1.0647475748866928,0.1295379325929494,-0.103255729409786,0.0,-0.0125791765947214,0.0,0.90189630257896,1.0,0.0,0.0,0.0,control,control,-1.0270098658996991,-0.7077859233733039,-0.7494967760133472,0.1747619322390206,0.0,0.0,-0.9235155907546012,-0.0454490724744077,1.0,0.0,2.0,-0.4999999999999783,-0.8660254037844511,0.0,control,control
1511.2144613,CONTROL_1,125.71651480000014,2.2868152008571148,3.032367531473514,2.7366709065791643,2.3315949506179203,3.892360172276236,0.873803172442545,0.5403359400690104,0.6379192225405669,0.6766379981429547,0.7357899397292267,4030.111279296875,-0.5363181534524061,0.2673065208633867,0.2166679674857386,-0.2447375349180095,1.293117289995587,-0.3303241576277064,-1.4388580724692064,-0.6859953104400199,-0.9872239161058,-1.2535100231103529,1.0984251291004017,0.5492125645502008,-0.2275289401112497,-0.1246296435452467,-1.49358017419983,0.2419872441745627,-1.293117289995587,-0.2185017799388723,0.4504195332062436,-0.6859953104400199,0.15314920144425,-0.0675629299809365,0.0,0.088038959864951,0.088038959864951,0.9346689000691956,1.0,0.0,0.0,0.0,control,control,0.7338413797470675,0.5656386925357956,0.644308766787224,-0.1579489181598779,0.0,0.0,-0.6413056623203119,-0.0379310591058417,0.0,0.0,0.0,-0.5000000000000114,0.866025403784432,0.0,control,control
1512.2144613,CONTROL_1,126.71651480000014,3.0329005291158806,5.131813102707072,6.622952450493548,4.295804278329053,9.860603924091022,0.8111361176724646,0.5947003082943115,0.6328883912316369,0.6668918900960138,0.7719542429126913,3894.0724609375,0.4586276407073426,3.19097642183312,5.905413669042385,2.924161662290452,7.225586755865133,-0.5808159849112295,-0.9841101196440778,-0.7262019486860584,-1.082806626742909,-1.0679727911882575,1.0041710121535083,0.5020855060767542,-0.4521666793902977,-0.3432363870873889,-0.964427499935459,4.548195045437753,-7.225586755865133,-2.2014381997386145,0.353892766527194,-0.7262019486860584,0.2086093929862714,-0.0530839149790791,0.0,1.0025816691988614,1.0025816691988614,0.9483004325324133,1.0,0.0,0.0,0.0,control,control,1.085251213412605,-0.2599368646432533,-0.2155638775840649,-0.4729584866573885,0.0,0.0,-0.0369928427925145,-1.7390670622163469,0.0,0.0,0.0,1.0,1.466481255793882e-15,0.0,control,control
1513.2144613,CONTROL_1,127.71651480000014,3.4181932893800755,5.568180682285878,7.558216368442754,5.006822254229477,11.104957810295891,0.8022533152720585,0.7401885147244159,0.7268499130942281,0.7118704941779515,0.96819982341039,3891.692431640625,0.972436714315214,3.798658171555243,7.274454623212581,4.071261546831374,8.462481852919739,-0.6163221916867,0.2328719992339022,0.0247429124287442,-0.6416893234954475,-0.0611550571986848,1.002522015474545,0.5012610077372724,-0.7502974629710787,-0.7540088998353903,0.2616372952212591,5.5365563973839125,-8.462481852919739,-3.06987509841212,0.3522040093371551,0.0247429124287442,0.240622501759709,-0.0557997508920225,0.0,1.2229164293080057,1.2229164293080057,0.9485406803362074,0.9987636193277234,0.0,0.0,0.0,control,control,0.8636915853146776,0.163108054415967,0.1121899035220497,0.6443788388629481,0.0,0.0,-0.8703658056420751,0.1807977841090218,1.0,0.0,5.0,-0.4999999999999597,-0.8660254037844619,0.0,control,control
1514.2144613,CONTROL_1,128.71651480000014,3.5412736153808946,4.02310025941681,4.3559911886447455,3.717069812967016,6.546319339379861,0.8391116521644043,0.7703131374735752,0.77176457249001,0.7371630113691366,0.9323701205801124,3896.8702636718754,1.1365710942046054,1.6469924228377486,2.5870318204261404,1.99047747862979,3.931168344414959,-0.4689925909472146,0.4848589342799703,0.3837029632387806,-0.3936387847239243,-0.2449756564784884,1.0061094619967252,0.5030547309983626,-0.7290523108303786,-0.7866077553161956,0.4763433992671833,2.1170121216319444,-3.931168344414959,-1.7925154422381189,0.3558779561591829,0.3837029632387806,0.2584240624071043,-0.0994260490125311,0.0,0.5509175745874845,0.5509175745874845,0.9480180911440884,0.9809977155036532,0.0,0.0,0.0,control,control,0.2074308968713654,-0.9775409083099832,-0.8439710833379328,0.6617990297281033,0.0,0.0,-0.1122693915893516,0.2111199440164755,0.0,0.0,0.0,-0.5000000000000301,0.8660254037844213,0.0,control,control
1515.2144613,CONTROL_1,129.71651480000014,2.8679103387274494,2.96198409408544,2.7776184736309686,2.6586638211856344,3.0648597329528533,0.7570026010684171,0.6553454129971821,0.651742252775938,0.6481962801341824,0.8181497327256712,3892.297802734375,0.2386041530619036,0.1692911494539755,0.2766070875476704,0.2829293826307769,0.4705769760570241,-0.7971976792669192,-0.4768249600298974,-0.5755210086777875,-1.266159516794942,-0.83097158965247,1.0029414451531815,0.5014707225765909,-0.7211330068738413,-0.6348048555721731,-0.4028932208573152,0.222949118500823,-0.4705769760570241,-0.4423209579046873,0.3526335522795696,-0.5755210086777875,0.3554558209198125,-0.0528950328419354,0.0,0.2405138655020978,0.2405138655020978,0.9484795664618314,1.0,0.0,0.0,0.0,control,control,0.3302567649166013,-0.4382701363683809,-0.4349006860803516,-0.4145987285275661,0.0,0.0,0.0702345440198979,-0.1324030423657339,0.0,0.0,0.0,1.0,2.3027692688426363e-14,0.0,control,control
1516.2144613,CONTROL_1,130.71651480000014,2.199175525864501,2.150043837961573,1.900314561837931,1.945605405515244,1.3744690697283513,0.7151300991357671,0.5959868499102996,0.6493192304011097,0.673189489893985,0.8496667926629746,3901.443896484375,-0.6531904772105079,-0.9614098893065668,-1.0075919085303715,-0.8674623852434404,-1.2096813062762033,-0.964569826570227,-0.9733484353792984,-0.5948859164046376,-1.021044366741417,-0.6692765604568367,1.0092782907706026,0.5046391453853013,-0.8825195421749292,-0.7932866547142335,-0.8583657650830668,-0.9845008989184694,1.2096813062762033,0.0741867582405871,0.3591231915463465,-0.5948859164046376,0.3649818865291672,0.1387117309455666,0.1387117309455666,0.2090375176625238,0.2090375176625238,0.9475567221684604,1.0,0.0274753129358832,0.059177175635501,0.0274753129358832,control,control,0.3375925567408973,-0.5245040073595139,-0.4322554502749858,0.6494156888971879,0.0,0.0,1.8966156252872528,9.257443405306018,1.0,0.0,4.0,-0.4999999999999902,-0.8660254037844443,0.0,control,control
1517.2144613,CONTROL_1,131.71651480000014,2.20528181276976,1.928672996130408,1.6048737486261908,1.776187222141166,1.85972416177161,0.7706612391394949,0.6964837289547495,0.6941921621679314,0.7653713584479855,0.8436361555762599,3922.21552734375,-0.645047407987449,-1.2696890255138602,-1.4400586861508744,-1.1407882154960838,-0.7273348847130771,-0.7426015725696875,-0.1327105046416227,-0.2362593547496614,-0.1169919156965432,-0.7002161227683088,1.0236698574411194,0.5118349287205597,-0.7878695305874459,-0.7524306273749968,-0.0750188436793407,-1.3548738558323672,0.7273348847130771,-0.2306118556099652,0.3738617668271873,-0.2362593547496614,0.3055444591217406,0.0530209676828834,0.0530209676828834,0.1578018563611403,0.1578018563611403,0.9454641906783294,1.0,0.0079105165283452,0.0170379142562574,0.0079105165283452,control,control,0.310079415678447,-0.2823828365938274,-0.3793836010169857,0.1236515866569367,0.0,0.0,1.7398515957233904,4.972998984230293,0.0,0.0,0.0,-0.5000000000000488,0.8660254037844105,0.0,control,control
1518.2144613,CONTROL_1,132.71651480000014,1.5745362325207128,1.8639884157716224,2.0565684204071712,1.6495660748372611,3.768886401846019,0.8005528295347206,0.7651166937517546,0.7380515576205197,0.7588839883872488,0.9275565613704716,3928.95947265625,-1.4861813084734037,-1.3597682174886834,-0.7788672378540185,-1.345068709626783,1.1703836344389902,-0.6231193482018438,0.4413916371953122,0.1142669774535191,-0.1806153038556635,-0.2696711261221078,1.0283423811945132,0.5141711905972566,-0.7916555879598897,-0.8087956345779175,0.468628676596459,-1.069317727671351,-1.1703836344389902,-0.9592145671502438,0.3786469541988995,0.1142669774535191,0.2391376904552304,-0.0705090804242572,0.0,0.1105993401888263,0.1105993401888263,0.9447858006783538,0.99430294126648,0.0,0.0,0.0,control,control,0.2953416139777671,-0.0233876606641416,0.0649349727140181,-0.1511127803434921,0.0,0.0,5.546209384391419,0.7438812869819988,0.0,0.0,0.0,1.0,4.458890412105883e-14,0.0,control,control
1519.2144613,CONTROL_1,133.71651480000014,1.5863654411188963,2.0720497357318592,2.498179346795813,1.956442946552364,3.801420911152415,0.6968988049700088,0.6624802977269244,0.6405671769786768,0.6735334533593508,0.927807125360136,3936.025244140625,-1.4704064086097797,-1.070023807317401,-0.1324363936482599,-0.8499779579944051,1.2027231284465116,-1.037443686784009,-0.4171429600285882,-0.6648327351821104,-1.0176710242521434,-0.2683856333856421,1.0332378813160226,0.5166189406580113,-0.9339069646347729,-0.8341820543574563,-0.2869367734970888,-0.6012301004828307,-1.2027231284465116,-0.7822923531959841,0.3836604943318196,-0.6648327351821104,0.1430083941341974,-0.0575490741497729,0.0,0.0425568017441652,0.0425568017441652,0.944075559544202,1.0,0.0,0.0,0.0,control,control,0.3192697677077272,-0.5129714968894169,-0.5066632035160559,1.0894014719954717,0.0,0.0,3.882536937961393,4.427947927796024,1.0,0.0,5.0,-0.4999999999999716,-0.866025403784455,0.0,control,control
1520.2144613,CONTROL_1,134.71651480000014,2.0068187235611727,2.2650707613952514,2.2300760407724662,2.089188125464585,2.127121490810572,0.7171585874015505,0.7261437289635324,0.5926656850208087,0.6707459893133363,0.8436242599654828,3984.454443359375,-0.9097088460630002,-0.8012243820220903,-0.5248864805704851,-0.6358174380571444,-0.4615403636202759,-0.9564615831848708,0.1153899465379072,-1.0476636910078092,-1.0450084360721543,-0.700277151973943,1.0667919173026477,0.5333959586513238,-0.7231282809949685,-0.5659787273437971,0.221156352671294,-0.6630554312962877,0.4615403636202759,-0.2299587361623513,0.418023583263482,-1.0476636910078092,0.0963886115269562,0.006527517053519,0.006527517053519,0.004768490579347,0.004768490579347,0.939221876494498,1.0,2.923459917539483e-05,6.296638054944125e-05,2.923459917539483e-05,control,control,0.3404468300901271,-0.7510517926893054,-0.7431257332916638,0.5208038104333217,0.0,0.0,0.4676362855577764,-0.9014380557832976,0.0,0.0,0.0,-0.5000000000000182,0.8660254037844282,0.0,control,control
1521.2144613,CONTROL_1,135.71651480000014,2.013883166563036,2.305827609879385,2.310466860365927,2.047398746854516,3.743959885576436,0.7890630251130116,0.742665828949869,0.6885520751481483,0.7158797212256062,0.8137940812336616,4001.682080078125,-0.9002880230196244,-0.7444667442894619,-0.4072102586500616,-0.7032370997301722,1.1456065303512364,-0.6690462250158838,0.2535942776177987,-0.2813351930267411,-0.6023697523467637,-0.8533178109233475,1.0787280374894472,0.5393640187447236,-0.7054199121427053,-0.6632196331886941,0.2860148291855887,-0.5758385014697618,-1.1456065303512364,-0.822784095721609,0.4302475064792018,-0.2813351930267411,0.113360515055627,-0.0645371259718802,0.0,0.0148152345670586,0.0148152345670586,0.9375013079687476,1.0,0.0,0.0,0.0,control,control,0.3286678829596197,-0.0112319426955812,-0.1067368517289128,2.639333785420266,0.0,0.0,0.1694722170431014,0.2167131042230546,0.0,0.0,0.0,1.0,9.306696692883296e-15,0.0,control,control
1522.2144613,CONTROL_1,136.71651480000014,2.4904567568178195,2.8551829868817418,2.8230667965250844,2.386101711783023,6.738476985068355,0.7109149470468351,0.5692123596491521,0.6772397571176986,0.6800415280896726,0.9111493595591594,4015.738232421875,-0.264750945326075,0.0205608433197585,0.34313442186078,-0.1568006591167914,4.122174176798018,-0.9814185703464964,-1.1973121276222378,-0.3717437658538766,-0.9538445798133008,-0.3538465847840598,1.0884668035476124,0.5442334017738062,-0.9873666027410912,-0.9316050378630096,-1.0880158354790652,0.1818476325902693,-4.122174176798018,-1.5704642998639913,0.4402210930925909,-0.3717437658538766,0.1495379028320799,-0.0660331639638886,0.0,0.0750128945366211,0.0750128945366211,0.9360998189962358,1.0,0.0,0.0,0.0,control,control,0.3514271452827134,-0.6463894227705904,-0.6126949295373876,0.8745662046694583,0.0,0.0,0.9633521005893128,-0.1028742872080771,1.0,0.0,7.0,-0.4999999999999528,-0.8660254037844658,0.0,control,control
1523.2144613,CONTROL_1,137.71651480000014,2.4834645478500184,2.716873501256999,2.5451191445111867,2.220675700614639,7.108764592761934,0.7685965613048804,0.570001246664414,0.6680415730093289,0.6563879778000071,0.8812866333806603,4033.435888671874,-0.2740754403146522,-0.1720477604375049,-0.0637258358906993,-0.4236858360646858,4.490242241304276,-0.75085447236595,-1.1907132326674772,-0.4452560818620114,-1.1858213280689334,-0.5070542250556845,1.1007285754594116,0.5503642877297058,-0.7326059156466725,-0.6658175033673708,-1.140590686508416,-0.1178867981641021,-4.490242241304276,-1.5341076392028503,0.4527785201285776,-0.4452560818620114,0.1537810056260253,-0.0679167780192866,0.0,0.039729925918931,0.039729925918931,0.934338227819713,1.0,0.0,0.0,0.0,control,control,0.3683994383884207,-1.1883746739011571,-1.1388988035727698,0.5565694897405508,0.0,0.0,0.0614749272983695,0.5706643875728002,0.0,0.0,0.0,-0.5000000000000369,0.8660254037844174,0.0,control,control
1524.2144613,CONTROL_1,138.71651480000014,1.84541095212879,1.9338418643066968,1.8476615868188588,1.679849654151507,5.016343286188211,0.8349067960583261,0.6414608349131995,0.7091142688918178,0.7032729938024024,0.7947536539858852,4080.63076171875,-1.1249549811212265,-1.2624909040116117,-1.0846654251887196,-1.296211589958514,2.4103631299310293,-0.4858001797726383,-0.5929669049406672,-0.1170011824768001,-0.7260073288613416,-0.951002761418446,1.133427411990782,0.566713705995391,-0.5865281924046061,-0.568978015033086,-0.6131952864963554,-1.1735781646001655,-2.4103631299310293,-0.9909890564908588,0.486265789085947,-0.1170011824768001,0.1605781555309507,-0.072939868362892,0.0,0.0394648405087734,0.0394648405087734,0.9296567301262244,1.0,0.0,0.0,0.0,control,control,0.3221954868304226,-0.2811630829353674,-0.354199520323127,-0.9413674472759654,0.0,0.0,-0.3033154924678437,-0.4646379297193738,0.0,0.0,0.0,1.0,3.086790812551577e-14,0.0,control,control
1525.2144613,CONTROL_1,139.71651480000014,2.3949065087506174,2.827208930546335,2.920363421256821,2.4279112870682225,7.068676800990266,0.8324612953532666,0.6454627547514279,0.6866503795912277,0.7186555928187709,0.7723953184568184,4115.52548828125,-0.3921724530874648,-0.018395587671594,0.4855573908259006,-0.0893484137335135,4.45039474000756,-0.4955752991313025,-0.5594915806940466,-0.296533632532253,-0.5751460308389238,-1.0657098985476692,1.1576041262398222,0.5788020631199111,-0.5364890435249918,-0.4920089986451538,-0.5802982716911987,0.2335809015771532,-4.45039474000756,-1.5622903275773217,0.5110254508490303,-0.296533632532253,0.0097616217830948,-0.0766538176273545,0.0,-0.0231045020637574,0.0,0.9262104358395826,1.0,0.0,0.0,0.0,control,control,0.3227259621159917,-0.8007227899552407,-0.8453897793255354,3.713180116586736,0.0,0.0,-0.1613719584258717,1.026020889903215,1.0,0.0,10.0,-0.4999999999999834,-0.8660254037844481,0.0,control,control
1526.2144613,CONTROL_1,140.71651480000014,2.3045887982757014,3.0563293160145304,3.18255759866568,2.5140715196999803,7.854956912450729,0.7330505796714102,0.5606638692671839,0.5836554373720803,0.6518250134482892,0.7631239689683085,4141.46064453125,-0.5126160843606814,0.3006754965567786,0.8693576849768705,0.0496556568439507,5.231961805099585,-0.8929383460157071,-1.2688186792082845,-1.1196740100730882,-1.2305715503296637,-1.1132756019860526,1.175573227116352,0.587786613558176,-0.6479990958796702,-0.480047994368707,-1.1925307460939016,0.5850165907668246,-5.231961805099585,-1.6186840865775158,0.5294278216305461,-1.1196740100730882,-0.1534595959931726,-0.0794141732445819,0.0,0.037589144908783,0.037589144908783,0.923657291075178,1.0,0.0,0.0,0.0,control,control,0.2818473676617478,-0.2341060859447547,-0.2873057858875151,0.8782423787490639,0.0,0.0,-0.4507947471915813,-0.2911182701864814,0.0,0.0,0.0,-0.5000000000000063,0.8660254037844349,0.0,control,control
1527.2144613,CONTROL_1,141.71651480000014,2.3893938863458404,2.9769705657344234,2.9047891763195253,2.4004886705703776,7.349431860640768,0.7820650332619008,0.5061972206780616,0.6683995306776592,0.6891287152131453,0.7415394926224417,4160.04228515625,-0.3995238380680865,0.1901611813720337,0.462759783925605,-0.133589883407542,4.729466924058109,-0.6970184948557755,-1.7244221884866606,-0.4423952674967181,-0.8647240844171109,-1.2240125342970043,1.1884474651438182,0.5942237325719091,-0.6907360843749015,-0.6243767942503937,-1.698723497915694,0.3264604826488194,-4.729466924058109,-1.4824788170553276,0.5426124825292099,-0.4423952674967181,-0.0530621571231347,-0.0813918723793814,0.0,-0.0160997758496176,0.0,0.9218323800071012,1.0,0.0,0.0,0.0,control,control,0.2012668812272952,-0.5558815091461966,-0.4882992490556174,-0.7011572491270006,0.0,0.0,-0.7533355332254602,-0.3364603981689051,0.0,0.0,0.0,1.0,5.2429119558148264e-14,0.0,control,control
1528.2144613,CONTROL_1,142.71651480000014,2.534954901619213,3.23347706960167,3.211545789683,2.606454940431944,7.419268984393616,0.888098540479732,0.5322654367367659,0.7229286473451438,0.693790478139588,0.7625555648687018,4149.084326171875,-0.2054102233722154,0.547369939262817,0.9117906495426806,0.1986997244301852,4.798885436685368,-0.2731829232987063,-1.5063663501962077,-0.0065960261598254,-0.8190049178830566,-1.1161917406634436,1.1808552737379496,0.5904276368689748,-0.4184812233600111,-0.4174918194360373,-1.5856775285887748,0.7295802944027487,-4.798885436685368,-1.44894931074468,0.5348372286500623,-0.0065960261598254,0.043295574642181,-0.0802255842975093,0.0,0.0959973768325671,0.0959973768325671,0.92290812932025,1.0,0.0,0.0,0.0,control,control,-0.0744242617623788,-0.4311445458139618,-0.3231403034565536,-0.608884246149538,0.0,0.0,-0.7785731887234901,0.3995452755275343,1.0,0.0,2.0,-0.4999999999999648,-0.866025403784459,0.0,control,control
1529.2144613,CONTROL_1,143.71651480000014,1.9138892611588625,2.6043703602494817,2.8687910906468104,2.24096712504792,4.425202122993164,0.9341535432650646,0.5848139487707931,0.7387827270881451,0.6996626884161965,0.8269981824758046,4142.481787109375,-1.0336353920875554,-0.3287186699552829,0.410065723338152,-0.3909492648196193,1.8227653295551884,-0.0890925452592135,-1.0668077008167565,0.1201105179095826,-0.7614145676667464,-0.7855755297557,1.1762807229115868,0.5881403614557934,-0.2781663168915158,-0.2961828945779532,-1.1915696548659014,0.0406735266914345,-1.8227653295551884,-0.5817420948428603,0.5301523765228435,0.1201105179095826,0.0115171802585487,-0.0939361186275764,0.0,-0.0633261249591555,0.0,0.9235569104687632,0.994012471229738,0.0,0.0,0.0,control,control,-0.3485028819434713,-0.8945809593223931,-0.9476844008360922,2.8441913046793603,0.0,0.0,-0.221652142706716,-1.022178422306884,0.0,0.0,0.0,-0.500000000000025,0.8660254037844242,0.0,control,control
1530.2144613,CONTROL_1,144.71651480000014,1.9775094762807628,2.21726325890843,2.343079724690754,2.0298254454245583,2.729195495587148,0.9304464268245184,0.6589473433648502,0.7524818076555843,0.7443185905121902,0.8831627947077452,4186.295849609375,-0.94879433830782,-0.8678007000635866,-0.3594714909753855,-0.7315884673812908,0.1369247457252905,-0.1039105764328842,-0.4466954742217018,0.2295942081499358,-0.3234620898445668,-0.4974287726447619,1.2066371742583206,0.6033185871291603,-0.3350981960676519,-0.3695373272901422,-0.5715474768957708,-0.6136360955194861,-0.1369247457252905,-0.2465499474187071,0.5612407808415759,0.2295942081499358,-0.001399821293296,-0.1117374221042286,0.0,-0.0841861171262363,0.0,0.9192601501153388,0.9885859300501052,0.0,0.0,0.0,control,control,-0.3726834652500082,-1.2659409887475346,-1.261158695684158,-0.7585043196213301,0.0,0.0,-0.6268471404561121,0.0782370768500068,0.0,0.0,0.0,1.0,1.7146912129972712e-14,0.0,control,control
1531.2144613,CONTROL_1,145.71651480000014,2.1398582845354506,2.220549935096651,1.8326245357014428,1.8738179273326936,2.987236623600832,0.8176105626309997,0.614963564862183,0.6903333988433944,0.6730479533286459,0.8975610096769164,4211.85380859375,-0.7322932789225242,-0.8632237029852151,-1.1066766868386224,-0.9832785962617396,0.3934191478539294,-0.5549364289904946,-0.814611701054503,-0.267098771048782,-1.022432454017304,-0.4235602140153575,1.2243449350584288,0.6121724675292144,-0.6144949760057244,-0.5744301603484072,-0.8289207106891829,-0.9849501949119188,-0.3934191478539294,-0.3451975027078398,0.5793755101300964,-0.267098771048782,0.0014586001471516,-0.0869063265195144,0.0,-0.0858853064165082,0.0,0.9167629679891,1.0,0.0,0.0,0.0,control,control,-0.6466230983013578,-0.9057747329425236,-0.8262899429253423,-0.1296563983538541,0.0,0.0,1.398581822645662,-9.14529623995506,1.0,0.0,9.0,-0.4999999999999953,-0.8660254037844414,0.0,control,control
1532.2144613,CONTROL_1,146.71651480000014,1.9992438170819744,2.0576929750308,1.805438142406993,1.8238671787068867,3.3795502049285724,0.8023324301695139,0.6339379409046453,0.707165824754207,0.6551468650016262,0.7116766781193757,4225.3470703125,-0.9198104002112651,-1.0900169091687866,-1.1464721767554067,-1.063865163582817,0.7833811599726621,-0.6160059547851624,-0.6558945312773292,-0.1325732388175635,-1.1979932560738658,-1.3772206277087202,1.2336937039125837,0.6168468519562917,-0.7238170341880881,-0.7039310483654535,-0.6561047555701116,-1.1182445429620966,-0.7833811599726621,-0.5708424640256637,0.5889496959497971,-0.1325732388175635,-0.0072826918670966,-0.0883424543924695,0.0,-0.0883424543924695,0.0,0.9154473240804442,1.0,0.0,0.0,0.0,control,control,-0.4601671264932263,-0.3607936778412928,-0.2817387884107581,-0.8775036007837504,0.0,0.0,-0.6757502820150793,-0.7997021344906203,0.0,0.0,0.0,-0.5000000000000437,0.8660254037844134,0.0,control,control
1533.2144613,CONTROL_1,147.71651480000014,2.26902376401716,2.26092312315652,2.0014818607754847,1.9951726300117207,4.236766621272896,0.8713669180498572,0.7035403673529244,0.7298793863684075,0.7395806455506257,0.6882329779782217,4193.5609375,-0.5600440123930778,-0.8070003474697519,-0.8595030399124203,-0.7874945652668525,1.6354593302146991,-0.3400623177628982,-0.0736830208290961,0.0489546040024142,-0.3699283941472273,-1.4974961161685714,1.2116707701975584,0.6058353850987792,-0.5086552754384379,-0.5159984660388002,-0.1401262876630663,-0.8332516936910861,-1.6354593302146991,-0.8448385143211032,0.566395746550471,0.0489546040024142,-0.046857870523657,-0.0908339144628603,0.0,-0.0849593619825706,0.0,0.918549611678128,0.9975552630487255,0.0,0.0,0.0,control,control,-0.4221393482746402,-0.4554891059985679,-0.5996162016227867,-0.8690434817515607,0.0,0.0,-0.1985697366785778,-1.4654676972299752,0.0,0.0,0.0,1.0,3.87081235626052e-14,0.0,control,control
1534.2144613,CONTROL_1,148.71651480000014,5.725307238837283,5.098455317629889,4.441657912037127,4.610809899988821,5.178560901542996,0.8776718105949074,0.6805732935865973,0.721614221207636,0.7627520030961622,0.7523267517991187,4184.977490234375,4.049099977506472,3.144522656358327,2.712430919528464,3.4323666929411347,2.571608395697161,-0.314860494249247,-0.2657983735604498,-0.0171009810999975,-0.1426806402051617,-1.1686696123688978,1.2057237526319948,0.6028618763159974,-0.4595906199432472,-0.4570254727782475,-0.3377987190771374,2.928476787943396,-2.571608395697161,-1.051939075227294,0.5603053348466426,-0.0171009810999975,-0.1202354122898548,-0.0840458002269963,0.0,0.5016495573616829,0.5016495573616829,0.9193891468992008,1.0,0.0,0.0,0.0,control,control,-0.30313566053371,-0.7595495979110057,-0.739819120469876,-0.880891886152384,0.0,0.0,4.983906649953923,-5.186726203923379,1.0,0.0,3.0,-0.4999999999999767,-0.8660254037844521,0.0,control,control
1535.2144613,CONTROL_1,149.71651480000014,5.745643681884731,5.116084746250161,4.40711757638909,4.524364965054407,3.4286589437517505,0.8269431112238826,0.6857026354802638,0.748366823760312,0.7613163457050384,0.6912249266123536,4262.543798828125,4.0762197421122845,3.169073247492775,2.6618707159694126,3.2929033062991344,0.8321955358076435,-0.5176325033660909,-0.2228923709408993,0.1967070651102156,-0.1567605195096896,-1.482146231924604,1.2594653538124805,0.6297326769062402,-0.7439131453812264,-0.7734192051477587,-0.2509174143259366,2.915471981731094,-0.8321955358076435,-0.7244255074016215,0.6153427503584777,0.1967070651102156,-0.1677356132399255,-0.1159062603669975,0.0,0.4907929837924472,0.4907929837924472,0.9118302710306564,0.9902128556513214,0.0,0.0,0.0,control,control,0.1717898041800999,-0.0337932955446974,0.0027296906955312,-0.7837413641909553,0.0,0.0,0.6514194493671068,5.285712192784698,0.0,0.0,0.0,-0.5000000000000131,0.866025403784431,0.0,control,control
1536.2144613,CONTROL_1,150.71651480000014,2.816747528369868,2.849465234584056,2.1109715860594744,2.151368251578455,1.7040650104011363,0.8536282702445723,0.785906456355253,0.8127919269752465,0.7990871101613246,0.7478724326864822,4304.382080078125,0.1703757332624274,0.0125983504964166,-0.6992317890944595,-0.5355009651921195,-0.8820609986235061,-0.4109669792088053,0.6152941820475006,0.7115954920643466,0.2136675562082683,-1.1915220377028977,1.288452890615227,0.6442264453076135,-0.82108201275823,-0.927821336567882,0.5569793155227986,-0.3433167192990214,0.8820609986235061,-0.4840082391169933,0.6450292329461363,0.7115954920643466,-0.2427320044496916,-0.0498366941961161,0.0,-0.0967543849419204,0.0,0.907778942931626,0.965045745017754,0.0,0.0,0.0,control,control,0.3445800330223381,0.0087567796730092,-0.0402184802073262,-0.0686509635354946,0.0,0.0,2.3904085788066887,-4.316796060888285,0.0,0.0,0.0,1.0,6.026933499523767e-14,0.0,control,control
1537.2144613,CONTROL_1,151.71651480000014,3.1286634503858464,3.1381489786585006,2.380945141512404,2.447487574704131,2.06585525273087,0.8022088200744381,0.7336519906708849,0.7253708702517365,0.7446848246010156,0.779434811002405,4296.402490234375,0.5863327598742991,0.4146168571985408,-0.3040440277955438,-0.0577655873521512,-0.5224393653720069,-0.616500047234534,0.1781951763631445,0.0129223331115859,-0.3198703333435057,-1.0295945072343495,1.2829242539849517,0.6414621269924758,-0.781388395571708,-0.783326745538446,0.1719546564236591,0.0552864147014985,0.5224393653720069,-0.398422565660322,0.6393672901541358,0.0129223331115859,-0.3209793244055495,-0.0190898686907096,0.0,-0.0848478105828206,0.0,0.908550239279349,0.9993540920328388,0.0,0.0,0.0,control,control,0.3565244951403269,-0.0693121253285185,-0.0276484571725897,1.225886300914062,0.0,0.0,-0.2805525678842004,-0.7529174950028618,1.0,0.0,1.0,-0.499999999999958,-0.8660254037844629,0.0,control,control
1538.2144613,CONTROL_1,152.71651480000014,3.64072315964569,3.57471249872574,2.7568422355929614,2.866663448926342,2.280750545253948,0.8028966280025474,0.6917039798288891,0.7329506631331679,0.7202061280269311,0.7550085618823003,4268.96083984375,1.269192527772113,1.0225714719647798,0.2461947940744122,0.6184994484420733,-0.3088321780206837,-0.6137507515262178,-0.1726922279828157,0.0735003910207525,-0.5599395137943337,-1.1549108620108437,1.2639113828329769,0.6319556914164883,-0.7974648112376033,-0.8084898698907161,-0.1772434629553833,0.634383133019596,0.3088321780206837,-0.407131501670171,0.619895981769595,0.0735003910207525,-0.307634741803439,-0.0554796174848269,0.0,0.0338922293384799,0.0338922293384799,0.9112077175173726,0.99633172506858,0.0,0.0,0.0,control,control,0.4308639240244184,0.8453770562111785,0.7327768308503502,0.0660149746993267,0.0,0.0,-0.1705844056705836,0.1346433826803952,0.0,0.0,0.0,-0.5000000000000319,0.8660254037844203,0.0,control,control
1539.2144613,CONTROL_1,153.71651480000014,3.2871544815677085,3.386382046749305,2.7225336549621084,2.7717555839210344,2.7732538851760737,0.821825213780416,0.7710620270939241,0.7300782426621243,0.7376883660211173,0.8140279204186854,4251.8109375,0.7976892614884731,0.7603040993669721,0.1959738339136899,0.4653826431296008,0.1807190446548897,-0.538089687562271,0.4911232583742795,0.0505438727680404,-0.388486489937095,-0.8521181230741404,1.2520291206917,0.62601456034585,-0.7122836831175476,-0.7198652640327539,0.4691420401783848,0.478138966640331,-0.1807190446548897,-0.6363386575656933,0.6077272152214287,0.0505438727680404,-0.0586031998290077,-0.0972243470153791,0.0,0.0044687110448519,0.0044687110448519,0.9128724775095368,0.9974759970270652,0.0,0.0,0.0,control,control,0.5112460458218876,-0.2661082678696292,-0.2260635712828831,0.137913194306315,0.0,0.0,2.2756096428555312,-3.4212951743096265,0.0,0.0,0.0,1.0,2.4987127567062125e-14,0.0,control,control
1540.2144613,CONTROL_1,154.71651480000014,2.5488270460219926,2.9692242978374312,2.514123190237239,2.3330177317740675,2.59317639824017,0.8490855423852968,0.908956102222118,0.7102429672372416,0.7795545693332193,0.8484312268174671,4240.549658203125,-0.1869109563222463,0.1793737951184442,-0.1090977678130487,-0.2424421328954705,0.0017209612718294,-0.4291251040240948,1.6445818640438068,-0.1079805727054488,0.0221066593878891,-0.6756155037421526,1.244226774650915,0.6221133873254575,-0.5468602504085521,-0.5306631645027348,1.5963347932184662,0.0351380136526977,-0.0017209612718294,-0.7027887209476105,0.5997367394711502,-0.1079805727054488,0.2070964128351053,-0.0899605109206725,0.0,0.0620345807944407,0.0620345807944407,0.9139672762848988,1.0,0.0,0.0,0.0,control,control,0.5249687318023344,0.010408452954796,0.067982878285591,-0.0315164414488147,0.0,0.0,3.3359536741859674,11.21923582091634,1.0,0.0,5.0,-0.4999999999999885,-0.8660254037844453,0.0,control,control
1541.2144613,CONTROL_1,155.71651480000014,2.392867297766695,2.820876582342155,2.378773002033149,2.18962002548449,1.585712255897006,0.8377586221243755,0.8270976493771677,0.7547831414741883,0.785312397659627,0.8501881506794189,4278.096728515626,-0.3948918530207042,-0.0272139614845155,-0.3072236093534333,-0.4737885937495678,-0.9997043341665308,-0.4744009026724074,0.9598509443648956,0.2479865752650377,0.0785752349639543,-0.6666017868625347,1.2702411578904016,0.6351205789452008,-0.7199763487514708,-0.7571743350412264,0.9196710252966972,-0.1672187854189744,0.9997043341665308,-0.4051333490730985,0.6263783799914487,0.2479865752650377,0.2822980907729124,0.0262405040944577,0.0262405040944577,0.1036519065423214,0.1036519065423214,0.9103221264505292,0.9876772261770114,0.0024454546163923,0.0052670955079057,0.0024454546163923,control,control,0.5404084414316307,-0.6206386507342635,-0.5828124703500144,-0.686327195834996,0.0,0.0,1.4082330982203903,-2.358243777591732,0.0,0.0,0.0,-0.5000000000000505,0.8660254037844095,0.0,control,control
1542.2144613,CONTROL_1,156.71651480000014,4.800873715066849,3.774562799801708,2.5044685508283764,3.267089217903552,2.6067416179675567,0.743727647715956,0.700018696293092,0.7000814943134228,0.7131566638922401,1.008975200978836,4287.31484375,2.81631706164049,1.3008812876425613,-0.1232302458171839,1.2645145548523993,0.0152048696336591,-0.8502601270644359,-0.103141152271833,-0.1891915378136769,-0.6290755101620676,0.1480388168336187,1.2766279033929644,0.7123333601132915,-0.9621264288579718,-0.9337476981859204,-0.0686594605340469,0.5888255209126887,-0.0152048696336591,-0.588345618785552,0.7845274424170655,-0.1891915378136769,0.4122107992615259,-0.1176791163625598,0.0,0.2886335473030461,0.2886335473030461,0.8889812663943293,1.0,0.0,0.0,0.0,control,control,0.6436993410627069,0.7547021751792795,0.8473054303340996,0.6469372003617687,0.0,0.0,1.2137092873990167,-8.29332935463071,0.0,0.0,0.0,1.0,4.65483389996946e-14,0.0,control,control
1543.2144613,CONTROL_1,157.71651480000014,5.613197308990958,4.007383707196686,2.645451025644584,3.890924780260301,3.0911734208295125,0.8368212736071259,0.7683854386777381,0.7357469400253663,0.7542846064338417,1.0417071437942795,4223.01494140625,3.8995952238820193,1.6251056869763385,0.0831401466885794,2.2709612633842315,0.4967329368981401,-0.4781476583440885,0.4687340879939353,0.0958483662432194,-0.2257226833598386,0.3159666774811995,1.2320778948860431,0.7740222861836213,-0.7052001580751206,-0.7195774130116035,0.3947654310340521,0.854122916832459,-0.4967329368981401,-0.7485566539089797,0.9108801740823989,0.0958483662432194,0.5046909631799184,-0.1481338300615461,0.0,0.3874762314800748,0.3874762314800748,0.8722911474478366,0.9952190470016394,0.0,0.0,0.0,control,control,0.6019563707156106,0.3340978151965031,0.596566560918567,-0.2957170494630941,0.0,0.0,-0.6112892456254315,-0.1943565534849775,1.0,0.0,7.0,-0.4999999999999698,-0.866025403784456,0.0,control,control
1544.2144613,CONTROL_1,158.71651480000014,3.186570461278884,2.97483613389566,2.810475432312584,3.0935954178158025,2.428951015484136,0.8925974485741176,0.7329430019169082,0.7529384885270577,0.758877762278483,0.9895212582462248,4276.9658203125,0.6635549417859206,0.1871887898948891,0.3247031609675078,0.9846134485587176,-0.1615200371248368,-0.2551999542015003,0.1722646156857759,0.2332440229550208,-0.1806763649838275,0.0482323677429599,1.2694576112871665,0.6588449895150632,-0.5015466096145234,-0.5365332130577766,0.0713533568573852,0.2559459754311984,0.1615200371248368,-0.3804280161006157,0.6749712843197635,0.2332440229550208,0.51613484974158,-0.1050069698338415,0.0,0.3112378972573811,0.3112378972573811,0.9037109704661008,0.9884055387322984,0.0,0.0,0.0,control,control,0.6872774574473786,-0.4744748230458074,-0.433178022145832,-0.1590874390045241,0.0,0.0,0.4793071504389418,0.0202002367551413,0.0,0.0,0.0,-0.50000000000002,0.8660254037844272,0.0,control,control
1545.2144613,CONTROL_1,159.71651480000014,2.5311079425566603,3.3258103872155687,3.307483886287703,2.906226667191984,2.1021371604285246,0.787700933012255,0.6842454272363897,0.6124054070691776,0.6941168150031285,0.9914755870508228,4326.668359375,-0.2105403547320209,0.6759525256671981,1.052225002666211,0.6823275999696251,-0.4863749352765732,-0.6744907594765952,-0.2350816501944607,-0.8899029125719846,-0.8158044442326748,0.0582588503446344,1.3038938772431006,0.6810763637938675,-0.5332938310248675,-0.3998083941390697,-0.2367280512737788,0.8640887641667045,0.4863749352765732,-0.0872424469548316,0.7205061160592379,-0.8899029125719846,0.5234562889090382,-0.0351196771173997,0.0,0.4311612376607819,0.4311612376607819,0.8975594534558213,1.0,0.0,0.0,0.0,control,control,0.8004184008046359,-0.4388787277628198,-0.3697647629830725,-0.4890071854984737,0.0,0.0,-0.8662617356330884,-0.0909399187964461,0.0,0.0,0.0,1.0,1.1266131571519062e-14,0.0,control,control
1546.2144613,CONTROL_1,160.71651480000014,2.4272696958136706,3.2730598188987696,2.7695278524904907,2.514014835574933,1.881320012025676,0.7524747806345096,0.679864768003743,0.6392619357571571,0.7034383581154997,0.820217731699892,4362.38447265625,-0.3490143642812712,0.6024925365348026,0.2647640222124043,0.0495642071823377,-0.7058684822755462,-0.8152962163413419,-0.27172505989647,-0.6752642838457097,-0.724385556435635,-0.8203619339555756,1.3286396869957726,0.6643198434978863,-0.745033677869815,-0.6437440352929586,-0.2339809666856061,0.4336282793736035,0.7058684822755462,-0.1539752305859146,0.6861850110007867,-0.6752642838457097,0.5770995854394391,0.0029525206912139,0.0029525206912139,0.38776761403221,0.38776761403221,0.9021921530212632,1.0,0.0010329124916774,0.0022247187531126,0.0010329124916774,control,control,-1.2113383769017534,-0.9507848089049272,-1.0249429979878475,-0.3597960032249929,0.0,0.0,-0.94330280612855,0.0743415985184389,1.0,0.0,10.0,-0.4999999999999512,-0.8660254037844668,0.0,control,control
1547.2144613,CONTROL_1,161.71651480000014,2.525598652426189,2.5305234238684577,1.9773812956229333,2.13961871138606,1.740700726395462,0.8083258119787556,0.647879354530564,0.7357629760432627,0.7077669121679153,0.7333548795285166,4370.33056640625,-0.2178872959416958,-0.4315572803647773,-0.8947814892134884,-0.5544567393848004,-0.845644880995851,-0.592049297391371,-0.5392771674996272,0.0959765268454882,-0.6819342592125356,-1.266002848615974,1.3341451159506534,0.6670725579753267,-0.7924092212811236,-0.8068057003079467,-0.5580329826456161,-0.6631693847891329,0.845644880995851,-0.1775158338490032,0.6918231865352866,0.0959765268454882,0.6173281708526884,0.011556070947626,0.011556070947626,0.3283562416165889,0.3283562416165889,0.9014294679194714,0.99521266962845,0.0034041063750374,0.0073318692059164,0.0034041063750374,control,control,-1.2093937170231663,-0.8555175697591936,-0.8266252385201228,-0.7404440655793495,0.0,0.0,-0.802753560943873,0.0791423821419272,0.0,0.0,0.0,-0.5000000000000386,0.8660254037844164,0.0,control,control
1548.2144613,CONTROL_1,162.71651480000014,3.018106269083104,2.195926958124024,1.74246671015511,2.24809042426197,1.9317231438873623,0.8442738919161543,0.7570958691110281,0.6983306872749925,0.713434877160201,0.8548966619812403,4376.025341796875,0.4388986817802582,-0.8975134495895251,-1.2386498691062664,-0.3794571000882856,-0.6557674721311916,-0.4483581623302043,0.3742989125962943,-0.2031840692483591,-0.6263469975949139,-0.6424452546881977,1.338090725241645,0.6690453626208225,-0.5445050787484842,-0.5140274683612304,0.3191271125236398,-1.0680816593478957,0.6557674721311916,-0.2452189832421277,0.6958639321257717,-0.2031840692483591,0.4755348255652755,-0.006014468999187,0.0,0.228494788076827,0.228494788076827,0.9008832663936542,1.0,0.0,0.0,0.0,control,control,-1.1837080876941997,-0.8225325606482917,-0.8235829007588971,-0.7681427708977641,0.0,0.0,-0.2999127805590423,0.8613549094381862,0.0,0.0,0.0,1.0,3.2827343004151544e-14,0.0,control,control
1549.2144613,CONTROL_1,163.71651480000014,2.2751461383896903,1.9231513507180609,1.6999462211219043,1.968378962128288,1.877461018074969,0.8766329942018409,0.8208224453055813,0.7445640601440302,0.7290929361326767,0.9551413685047516,4423.106298828125,-0.5518794896481564,-1.277378421570183,-1.300891435107709,-0.8307213392405937,-0.7097043450072885,-0.3190128358179708,0.9073600151355236,0.1663152010889271,-0.4727841894774011,-0.1281501148410354,1.370710635378414,0.685355317689207,-0.548561985621397,-0.5735092657847362,0.8157743946677145,-1.289134928338946,0.7097043450072885,-0.3844639719296238,0.7292703716199487,0.1663152010889271,0.3535824689399253,-0.0228927281225702,0.0,0.1381171725149554,0.1381171725149554,0.8963802626657069,0.9917187202353936,0.0,0.0,0.0,control,control,-1.2103447886910292,-0.963205561736034,-1.093334509168299,-0.7643280868422246,0.0,0.0,5.515717292855484,1.8439556613964097,1.0,0.0,6.0,-0.4999999999999817,-0.8660254037844491,0.0,control,control
1550.2144613,CONTROL_1,164.71651480000014,1.86945039301172,2.0824806366715807,2.027658252528386,1.954499806509452,1.488387127722217,0.913558334344342,0.652539515818986,0.7405967899699808,0.7490470319564386,0.9594257373213134,4278.10234375,-1.0928970653648036,-1.055497824107681,-0.8211859920135715,-0.8531128656822847,-1.0964460852022877,-0.1714154106749465,-0.5002957744489024,0.1346085929923363,-0.277088989099806,-0.1061696019931712,1.2702450483899206,0.6351225241949603,-0.3773090492710043,-0.3975003382198547,-0.6162225528289058,-0.938341908060626,1.0964460852022877,0.1179906251155269,0.6263823642984636,0.1346085929923363,0.318704995450044,0.0720551207438222,0.0720551207438222,0.1409352046818139,0.1409352046818139,0.9103215824002668,0.9932921689641344,0.0091823996680644,0.0197773353548502,0.0091823996680644,control,control,-1.3590757971477527,-1.2443891535402882,-1.2662765895150598,-1.0621376779383822,0.0,0.0,0.3935285861912649,-4.652155501440127,0.0,0.0,0.0,-0.5000000000000573,0.8660254037844056,0.0,control,control
1551.2144613,CONTROL_1,165.71651480000014,2.62763521782798,2.6045433613697035,2.461604653994491,2.379607690006496,1.4356501672830213,0.8641268094473454,0.6355575395706837,0.676024252076519,0.760110267677366,0.936946988692852,4277.9326171875,-0.0818159274911869,-0.3284777500786463,-0.1859744927561559,-0.1672775976507672,-1.1488669347081686,-0.3690023731114097,-0.6423468859754102,-0.3814581387826997,-0.1685888520676246,-0.2214945061241677,1.2701274538131389,0.6350637269065694,-0.3942579562641072,-0.3370392354467023,-0.7088622244242001,-0.2572261214174011,1.1488669347081686,0.2147412958665442,0.626261934288153,-0.3814581387826997,0.249164377506358,0.1106019444429839,0.1106019444429839,0.1019499036978821,0.1019499036978821,0.9103380270544316,1.0,0.0102648419470578,0.0221087328901125,0.0102648419470578,control,control,-1.4410762384661977,-1.2992799849268557,-1.38147677787464,-0.966585339623014,0.0,0.0,-0.8098113890763831,-0.0118570096803316,0.0,0.0,0.0,1.0,5.4388554436784013e-14,0.0,control,control
1552.2144613,CONTROL_1,166.71651480000014,2.4297919792304694,2.6047261662566235,2.5051539716301106,2.23592682170049,1.7258176228330029,0.90687519510351,0.6539629717318228,0.6372288125397405,0.723655679263435,0.8999784657469133,4529.149365234374,-0.3456507607064901,-0.3282231775605677,-0.1222269256522492,-0.399080889594037,-0.8604387736572919,-0.1981291563036227,-0.4883888272437633,-0.6915130993381289,-0.5261088342986217,-0.4111577046888245,1.444182279009263,0.7220911395046316,-0.1366223564114355,-0.0328953915107161,-0.6193793230440156,-0.2252250516064085,0.8604387736572919,0.2643611417583393,0.8045135592069393,-0.6915130993381289,0.2310199811058769,0.0480429534313038,0.0480429534313038,0.0674730670689069,0.0674730670689069,0.886320164756869,1.0,0.0028731002490968,0.0061881718492515,0.0028731002490968,control,control,-1.4679996871250742,-1.592705786182607,-1.628855519420813,-1.0110099681571232,0.0,0.0,-0.8265753439291976,0.1432215512812366,1.0,0.0,9.0,-0.4999999999999631,-0.8660254037844599,0.0,control,control
1553.2144613,CONTROL_1,167.71651480000014,1.940185935795036,2.092306351237263,1.8942534665896729,1.6789565002658475,1.7372437756963348,0.8962291331943816,0.6852312987233192,0.6452099133738237,0.6922728885489665,0.8274695381281563,4424.24560546875,-0.9985673310512796,-1.0418146182533246,-1.0164641503251657,-1.297652533442144,-0.8490811103658984,-0.2406834379875977,-0.2268350163225855,-0.6277277695713492,-0.8338883283693376,-0.7831572881392501,1.3715000008157128,0.6857500004078564,-0.1924162187395896,-0.0982570533038872,-0.3381016569276501,-1.0291393842892451,0.8490811103658984,0.1752991233599939,0.7300787701903111,-0.6277277695713492,0.2814261929591518,0.0441452195303371,0.0441452195303371,0.1050164318788589,0.1050164318788589,0.8962715743771733,1.0,0.0041550912134675,0.0089493634920446,0.0041550912134675,control,control,-1.422399917332784,-1.2651311730565324,-1.300197032539869,-1.1748156772262537,0.0,0.0,-0.7545503318846145,0.0638833017885837,0.0,0.0,0.0,-0.5000000000000268,0.8660254037844233,0.0,control,control
1554.2144613,CONTROL_1,168.71651480000014,2.5872284975166044,2.549664951708551,1.9218132177227187,1.9235558534858048,1.665295003345162,0.7676057941963418,0.5969344001129694,0.6429029124250306,0.6654617034565145,0.7853083031387909,4354.258154296875,-0.1357005100005595,-0.4049009528221811,-0.9761221385531176,-0.9030353798011634,-0.9205986141458576,-0.7548147520430595,-0.965422352010181,-0.6461654286549968,-1.0968328529105158,-0.9994611609018396,1.3230093899215296,0.6615046949607648,-0.6940330257540018,-0.5971082114557522,-0.9420948377396072,-0.6905115456876494,0.9205986141458576,0.0741288463625869,0.6804189565341642,-0.6461654286549968,0.3749488843343022,0.047146275596142,0.047146275596142,0.1678142601901456,0.1678142601901456,0.9029728039323258,1.0,0.0071441559056578,0.0153873031322009,0.0071441559056578,control,control,-1.3922586297802768,-1.2870902265388369,-1.2925958577289884,-1.211273534599931,0.0,0.0,-0.71917578954993,-0.125089781230307,0.0,0.0,0.0,1.0,1.9106347008608474e-14,0.0,control,control
1555.2144613,CONTROL_1,169.71651480000014,2.6299017905641966,2.734391766804906,2.36342580203306,2.205109289268925,1.5356568207144086,0.8531967970395438,0.5474154745337141,0.7008222478833076,0.6964032618063364,0.7586620924334025,4340.207470703125,-0.0787933281642178,-0.1476519740444734,-0.3296888674786841,-0.4487994467786376,-1.0494597317625616,-0.4126916575417511,-1.3796390672664451,-0.1832714007657594,-0.7933806436626863,-1.1361667998964582,1.3132744128715927,0.6566372064357964,-0.5127059688826844,-0.4852152587678204,-1.4406254544899564,-0.2386704207615788,1.0494597317625616,0.2404824023035501,0.6704492502893472,-0.1832714007657594,0.4728228538434816,0.0929239325665146,0.0929239325665146,0.2544568503773901,0.2544568503773901,0.9043241701751524,1.0,0.0213828636561473,0.0460550706418776,0.0213828636561473,control,control,-1.4807943167340418,-0.5949116135802741,-0.6036676911867334,-0.7513541057535708,0.0,0.0,-0.8115055500961451,0.0030112506160415,1.0,0.0,9.0,-0.4999999999999444,-0.8660254037844708,0.0,control,control
1556.2144613,CONTROL_1,170.71651480000014,2.485536560078909,2.4513505855034303,2.259008916289558,2.2680794806080504,2.1115738392297425,0.8564611013860853,0.5673059647893176,0.7197262437770399,0.7092770948100517,0.8444172867756506,4360.601123046875,-0.2713122981183115,-0.5418126962106694,-0.4825344869303774,-0.3472083454803119,-0.4769948209287936,-0.3996436283408457,-1.2132587703973965,-0.0321897847006906,-0.6671234906680786,-0.6962086096201167,1.3274040981787982,0.6637020490893991,-0.5543027159679538,-0.5494742482628502,-1.279273375584535,-0.5121735915705234,0.4769948209287936,-0.0065125510099666,0.6849196297388251,-0.0321897847006906,0.5138143922635323,-0.0311887213215047,0.0,0.2569321301236488,0.2569321301236488,0.902363411830594,1.0,0.0,0.0,0.0,control,control,-1.5097255200131368,-1.113844768118288,-1.082345785142238,-1.27296590810264,0.0,0.0,-0.8013431011011245,-0.0377678477104344,0.0,0.0,0.0,-0.5000000000000454,0.8660254037844124,0.0,control,control
1557.2144613,CONTROL_1,171.71651480000014,3.447369933927034,4.175915197817955,3.729694611248183,3.3800125209239265,5.377529639393978,0.7907926401423043,0.6457023497731316,0.6331951344716057,0.7261634100331905,0.9807613205456824,4429.215869140625,1.0113453735264055,1.859801195755571,1.6702577981879754,1.4466960358376169,2.7693844938340093,-0.6621326333244578,-0.5574874123539437,-0.7237504424187041,-0.5015148421771662,0.0032904097983149,1.3749436341773922,0.6891170219878535,-0.5810992339748748,-0.4725366676120691,-0.5642335095197926,1.7650294969717732,-2.7693844938340093,-1.0468259817986807,0.7369751842034801,-0.7237504424187041,0.5307316126266199,-0.110546277630522,0.0,0.6139717506024666,0.6139717506024666,0.8953448947904965,1.0,0.0,0.0,0.0,control,control,-1.4955455055395437,-0.9237328527316084,-0.9573252654979824,-0.7171654839115328,0.0,0.0,-0.8989830848425366,-0.0021214877223491,0.0,0.0,0.0,1.0,4.066755844124095e-14,0.0,control,control
1558.2144613,CONTROL_1,172.71651480000014,3.4035270860011604,4.324216159667461,4.017312742227393,3.4523466814228305,5.643632243743307,0.8904765401087485,0.6985012747728296,0.6718246592754342,0.7720337126248942,0.8926039471063256,4434.51474609375,0.9528785259747482,2.066323843632317,2.0912737199139446,1.5633942206501448,3.033892050954265,-0.2636776182458785,-0.115834104520489,-0.4150214801402523,-0.0516524111080141,-0.4489919128689543,1.378614946337041,0.6893074731685205,-0.2907469684889203,-0.2284937464678824,-0.2222415682511495,2.078798781773131,-3.033892050954265,-1.091888826994929,0.7373652708601796,-0.4150214801402523,0.5774008280278206,-0.1106047906290269,0.0,0.7093355453450737,0.7093355453450737,0.8952925070087042,1.0,0.0,0.0,0.0,control,control,-1.5504800617705734,-0.8100286605824585,-0.7741871967553329,0.0012784506337907,0.0,0.0,-0.717636109013395,0.1633124271929771,1.0,0.0,2.0,-0.4999999999999749,-0.8660254037844531,0.0,control,control
1559.2144613,CONTROL_1,173.71651480000014,2.938216949072692,2.9886625294093347,2.4025836045888904,2.418084769821563,3.3133381703349145,0.9389662902682344,0.5894748081869084,0.735192906821173,0.7292830978712013,0.7531870553763532,4429.47646484375,0.3323618823927849,0.2064433097338968,-0.2723696078072617,-0.1052017355638201,0.7175660073357523,-0.0698551039034581,-1.0278204680561305,0.091420507058644,-0.4709192220114031,-1.1642559134923285,1.3751241871855298,0.6875620935927649,-0.2737428047721747,-0.2874558808309713,-1.1822472154784571,-0.0329631490366824,-0.7175660073357523,-0.265774499930238,0.733790342729024,0.091420507058644,0.6419327714190777,-0.1210390122563908,0.0,0.3392843885840008,0.3392843885840008,0.8957727267088532,0.9954394058835884,0.0,0.0,0.0,control,control,-1.6333121536247228,-1.3950031753415464,-1.4355699417190495,-0.7043168255139852,0.0,0.0,-0.5912218719316713,0.039621457552878,0.0,0.0,0.0,-0.5000000000000149,0.86602540378443,0.0,control,control
1560.2144613,CONTROL_1,174.71651480000014,2.680225800006572,3.0550487290379365,2.6671285235924835,2.4557585304371434,3.25932142920763,0.8583121003205526,0.4832440525938449,0.6724656765301852,0.6542827298721459,0.7805338441414572,4445.700732421875,-0.011683495490252,0.2988921621134657,0.114871705989713,-0.0444218848186584,0.6638730482829396,-0.3922448426934958,-1.9164212227418005,-0.4098984403703654,-1.2064680623898505,-1.0239560309342273,1.3863651258538332,0.6931825629269166,-0.422076029295597,-0.3605912632400422,-1.991655652800156,0.2068819340515894,-0.6638730482829396,-0.0941442756071072,0.7453023222503026,-0.4098984403703654,0.479826257026883,-0.1117953483375453,0.0,0.2654594183915905,0.2654594183915905,0.8942272438675561,1.0,0.0,0.0,0.0,control,control,-1.7075677030347216,-1.5051426835463904,-1.5308525732205251,0.5536726146508474,0.0,0.0,-0.6410139537786141,-0.2403578980185705,0.0,0.0,0.0,1.0,6.222876987387343e-14,0.0,control,control
1561.2144613,CONTROL_1,175.71651480000014,1.8549597627143943,2.705742256919238,2.846802484738836,2.399631914986401,2.8700357538277306,0.882631291897553,0.4526567859921573,0.6191174604215048,0.6485892508516203,0.8034077146967996,4485.65654296875,-1.1122211173505123,-0.1875490358582953,0.3778787636624969,-0.1349721047644839,0.2769207925227052,-0.2950365287152662,-2.1722780886211024,-0.8362598694140675,-1.26230554696485,-0.9066039944618915,1.414048398065478,0.7070241990327389,-0.1791016241785274,-0.0536626437664172,-2.2752750062004705,0.0951648639021008,-0.2769207925227052,0.2560088436319053,0.7736530918956397,-0.8362598694140675,0.2813832402603385,-0.0776466372395601,0.0,0.1255541615415017,0.1255541615415017,0.8904325137601606,1.0,0.0,0.0,0.0,control,control,3.057657341505998,2.213167338383119,2.1870182284988338,-0.3092215601682936,0.0,1.0,-0.6802961874789343,-0.1087784765397908,1.0,0.0,9.0,-0.4999999999999563,-0.8660254037844639,0.0,control,control
1562.2144613,CONTROL_1,176.71651480000014,1.9388275221182096,2.512280895620859,2.421547539608385,2.201217252483349,2.530214363082659,0.8690380601948197,0.6982562014425291,0.6695287966185008,0.7096636642570464,0.7728071246010635,4540.270068359375,-1.0003788503551665,-0.4569616687832669,-0.244610166653112,-0.4550785495561859,-0.0608636727701968,-0.3493711940413868,-0.1178840979055743,-0.4333701214763384,-0.6633322998239718,-1.0635971695479112,1.4518872272403371,0.7259436136201686,-0.3791775549297105,-0.3141720367082596,-0.2120272028002698,-0.3507859177181894,0.0608636727701968,-0.2145245660947793,0.8124042886972395,-0.4333701214763384,0.2566585994641085,-0.1127310923890564,0.0,0.05780037632029,0.05780037632029,0.8852717284495304,1.0,0.0,0.0,0.0,control,control,1.0652204822591165,2.3285680768269086,2.296425539614399,0.5841764865659651,0.0,1.0,-0.6816112633080202,0.089309609624296,0.0,0.0,0.0,-0.5000000000000335,0.8660254037844193,0.0,control,control
1563.2144613,CONTROL_1,177.71651480000014,2.242691590977579,2.597583698769171,2.488683285175412,2.297248062352985,2.789192907751673,0.798678715894569,0.7661160941578037,0.6390695851746354,0.6851675275356998,0.7253568372817666,4557.385009765625,-0.5951594125014829,-0.3381697165410708,-0.146336745209089,-0.3001500742608471,0.1965625270389318,-0.6306105276099224,0.4497514379901994,-0.6768015586643137,-0.9035725205034936,-1.307035980423598,1.463745266793301,0.7318726333966505,-0.5766981404265752,-0.4751779066269282,0.4244359115435174,-0.2422532308750799,-0.1965625270389318,-0.4855193229966577,0.8245482486034663,-0.6768015586643137,0.1199478814949404,-0.1236822372905199,0.0,-0.0397187202440616,0.0,0.8836605906580322,1.0,0.0,0.0,0.0,control,control,-0.7697564927869829,0.069490866501128,0.0938441820778692,-0.305497343690629,0.0,0.0,-0.6167606734488665,-0.3805247909620525,0.0,0.0,0.0,1.0,2.6946562445697887e-14,0.0,control,control
1564.2144613,CONTROL_1,178.71651480000014,2.20558258496482,2.389762753434216,2.0790002152482816,2.031338847390872,2.9481700379398017,0.8123473548773027,0.6706901578067667,0.6337678100594817,0.6474418609915613,0.6570217625269492,4607.112255859375,-0.6446463117332529,-0.6275793830702587,-0.7460315374451295,-0.7291468649469445,0.354586731450131,-0.5759744454160859,-0.3484689887094203,-0.7191735924350451,-1.273558308831819,-1.6576220417359957,1.4981986509471208,0.7490993254735604,-0.5115385194322102,-0.4036624805669534,-0.3917502087237889,-0.6868054602576941,-0.354586731450131,-0.3347287335412801,0.8598323707325107,-0.7191735924350451,0.0048824630748306,-0.1289748556098766,0.0,-0.1255571314574951,0.0,0.8789960670877449,1.0,0.0,0.0,0.0,control,control,-0.7223247761826684,-0.2022629123492442,-0.1347016813636325,0.1234349153517189,0.0,0.0,-0.4883050396445041,0.2341546601702318,1.0,0.0,1.0,-0.4999999999999868,-0.8660254037844463,0.0,control,control
1565.2144613,CONTROL_1,179.71651480000014,2.5568443160565884,2.590935874302265,1.8128046506460105,1.915046940343827,2.70896344063992,0.7500930848901892,0.6611728937737589,0.6760568839994343,0.6778491279910819,0.7869313559329845,4674.05029296875,-0.1762194860581408,-0.3474274198924385,-1.135689069148133,-0.9167629839033952,0.116813963860906,-0.8248162954517619,-0.4280791539111984,-0.3811973429341882,-0.9753460389819316,-0.9911342557442756,1.544576483789181,0.7722882418945906,-0.8844692858984438,-0.8272896844583155,-0.4149471405219055,-0.7415582445202857,-0.116813963860906,-0.4963324177285799,0.9073284631562284,-0.3811973429341882,0.0204793376444374,-0.1360992694734342,0.0,-0.121763733122328,0.0,0.8727559901607415,1.0,0.0,0.0,0.0,control,control,-0.5588074715413383,-0.3225245978694179,-0.3056822417771002,-0.3201912029988535,0.0,0.0,3.2386569388494224,4.535341951557067,0.0,0.0,0.0,-0.5000000000000522,0.8660254037844085,0.0,control,control
1566.2144613,CONTROL_1,180.7165148000001,2.254761639970772,2.526547249080627,1.916037642801087,1.9121804503881192,1.990396021358528,0.7805412148770402,0.5958699082199873,0.7566667093176057,0.7307546442859755,0.832170940316171,4688.050634765625,-0.5790633387332101,-0.4370944672809138,-0.984576435195856,-0.9213875509448488,-0.5974462861094993,-0.7031094792346073,-0.9743266311351844,0.2630401372395218,-0.4564873693708419,-0.7590372285409341,1.5542765816651647,0.7771382908325823,-0.9894580999765856,-1.028914120562514,-0.9928338340346782,-0.7108354512383849,0.5974462861094993,-0.3085240743854581,0.917262449222498,0.2630401372395218,0.043277763657567,-0.0795372409356924,0.0,-0.1072949328230778,0.0,0.8714564667329411,0.9869341028616644,0.0,0.0,0.0,control,control,-0.372758072663621,0.6873289662672756,0.6112113319572887,0.0415050973984334,0.0,0.0,2.089205937557232,0.525353990615408,0.0,0.0,0.0,1.0,4.850777387833036e-14,0.0,control,control
1567.2144613,CONTROL_1,181.7165148000001,1.7563650767548642,2.0369581208697376,1.700392077260337,1.7253243294588718,1.6884961434638543,0.9238303084505702,0.6700000136228093,0.7412899047722813,0.7702334124512399,0.8121868267951092,4726.95849609375,-1.2437025503802652,-1.1188920892841137,-1.30023879011471,-1.2228463635329037,-0.89753654412138,-0.130356427240694,-0.3542419180205483,0.1401479987898639,-0.0693084405435125,-0.8615636642448032,1.5812337851751723,0.7906168925875862,-0.377062449964043,-0.3980846497825225,-0.5193070343572713,-1.2095654396994118,0.89753654412138,0.0071974167747231,0.9448696432403074,0.1401479987898639,0.0116258652984587,-0.0228381122064143,0.0,-0.1328725990996526,0.0,0.8678551583675017,0.9930170946396306,0.0,0.0,0.0,control,control,-0.0210137139519917,0.6619398244969347,0.6668568138286357,0.0422192127661563,0.0,0.0,2.735514835225576,-2.3778375742702487,1.0,0.0,10.0,-0.4999999999999682,-0.866025403784457,0.0,control,control
1568.2144613,CONTROL_1,182.7165148000001,1.9769504083614629,2.5153975582195525,2.374659562635309,2.0433154967406164,3.116063926896179,0.959896640447604,0.7721051417667457,0.7335491244932016,0.7820769132346074,0.908940582318503,4714.34833984375,-0.9495398861076344,-0.4526214311719033,-0.3132448691177233,-0.7098246908923705,0.5214742466319523,0.0138073832095855,0.4998487209798894,0.0782833220970532,0.0468439664331692,-0.365178488874259,1.572496873488934,0.786248436744467,-0.2101538887104997,-0.2218963870250578,0.2998347659913762,-0.3829331501448133,-0.5214742466319523,-0.4894998156803491,0.9359220676526206,0.0782833220970532,0.0187086398459976,-0.1497823087995395,0.0,-0.1272922622556948,0.0,0.8690207203083544,0.996093484258443,0.0,0.0,0.0,control,control,0.1593438313597555,0.8893234695061066,0.9410331708601252,-0.0356750382355195,0.0,0.0,-0.8058599243173397,-0.0004742093223091,0.0,0.0,0.0,-0.5000000000000216,0.8660254037844262,0.0,control,control
1569.2144613,CONTROL_1,183.7165148000001,3.229667663057292,5.656137803715157,5.595901666002324,3.892346593269055,8.531968758841975,0.8816154068090125,0.6617883412532614,0.7333829265420435,0.7875484268127957,0.7825605317361067,4719.469970703125,0.7210274292151463,3.921146504676271,4.402014939554054,2.273255103474722,5.904915570690471,-0.2990972096116672,-0.4229310488101648,0.0769550603269584,0.1005045760398051,-1.013558319014423,1.5760453811854878,0.7880226905927439,-0.5230371533742887,-0.5345804124233324,-0.5451624190554339,4.161580722115163,-5.904915570690471,-2.0921466229967045,0.9395561367583452,0.0769550603269584,0.0648446365409843,-0.1501680277529868,0.0,0.7367739694879699,0.7367739694879699,0.8685471371948273,0.9961596400999546,0.0,0.0,0.0,control,control,0.2236484324945476,-0.2506245181658526,-0.1899543483247602,-0.268592113157922,0.0,0.0,2.886112173600248,-3.836812171607992,0.0,0.0,0.0,1.0,7.006898531096287e-14,0.0,control,control
1570.2144613,CONTROL_1,184.7165148000001,3.1454454108042604,5.765084060275895,5.668476253842811,3.853760411007138,11.206148063964957,0.8981285379039945,0.7123490510455498,0.6987792772113248,0.7858348737821126,0.673495304326582,4746.886279296875,0.6087124265205053,4.072864127411688,4.508249747803168,2.211003224172421,8.563065561477686,-0.2330911654895925,0.0,-0.1995989175739404,0.0836992992355393,-1.5731062325981522,1.595040694343979,0.7975203471719895,-0.3626116311317107,-0.3326717934956197,-0.1411072954205992,4.290556937607429,-8.563065561477686,-2.854063243193022,0.9590094637920944,-0.1995989175739404,0.0566445795503487,-0.1438514195688141,0.0,0.7539111736379157,0.7539111736379157,0.8660164115923751,1.0,0.0,0.0,0.0,control,control,0.6521092800309511,0.2813823127307743,0.235098989158008,0.7042720882262454,0.0,0.0,-0.8081760630574958,0.0144286542807426,1.0,0.0,6.0,-0.4999999999999495,-0.8660254037844678,0.0,control,control
1571.2144613,CONTROL_1,185.7165148000001,2.2972476484324,3.169674730996878,3.151070836547894,2.455095462068697,10.090533936067366,0.9068242183059626,0.7642148540489465,0.6631724398748328,0.7211301211685025,0.7295916691518582,4787.16533203125,-0.5224059111864358,0.4585193495898931,0.8232673076767539,-0.0454916266179768,7.454138542966977,-0.1983329200071119,0.4338479137599768,-0.4841704207632143,-0.5508776638070234,-1.2853096117764198,1.6229479240062266,0.8114739620031133,-0.2317417632407652,-0.159116200126283,0.2805626532609764,0.6408933286333236,-7.454138542966977,-2.503946334708352,0.9875895909369302,-0.4841704207632143,0.0825864745755353,-0.1481384386405395,0.0,0.0378507592889999,0.0378507592889999,0.8623117294149096,1.0,0.0,0.0,0.0,control,control,0.6994977682023984,0.1118020826090285,0.1714413218123738,0.5004924392677369,0.0,0.0,0.0454991306474829,4.105064759130637,0.0,0.0,0.0,-0.5000000000000403,0.8660254037844154,0.0,control,control
1572.2144613,CONTROL_1,186.7165148000001,4.493376353745402,4.286974106237389,4.588528699484178,4.721110568462777,10.397018825462874,0.8713060351459908,0.6279207836660963,0.5872304700859472,0.6868283445537049,0.830549181706451,4813.356982421875,2.406252428583019,2.014460879354643,2.927420634332323,3.6103170238185367,7.7587863294345425,-0.3403056780084973,-0.7062269461546091,-1.0911021820356317,-0.8872844400011439,-0.7673574940183803,1.641094736134722,0.8205473680673611,-0.1635567563128666,0.0001085709924781,-0.8262873686693251,2.4709407568434827,-7.7587863294345425,-2.258239726836504,1.006173957933682,-1.0911021820356317,0.1660684025501831,-0.1508880938426849,0.0,0.4595099394637725,0.4595099394637725,0.8599112491780937,1.0,0.0,0.0,0.0,control,control,-0.0319433759183269,0.1469714464784227,0.1472723543969452,1.137697051395358,0.0,0.0,0.0283609165305679,-7.662346395159402,0.0,0.0,0.0,1.0,3.47867778827873e-14,0.0,control,control
1573.2144613,CONTROL_1,187.7165148000001,4.36759036127364,3.801219501507925,4.020345857600521,4.486720427482601,7.35151319579465,0.8713444716146731,0.6269854740514471,0.6832254588799371,0.6975821663181908,0.8581699431721262,4861.950537109375,2.2385098937364103,1.3380031818728575,2.0957135994868046,3.232170601689901,4.731535783468364,-0.3401520403226371,-0.714050639253675,-0.3239057584502478,-0.7818188091044563,-0.6256520227440155,1.6747626453507625,0.8373813226753812,-0.4361303555338957,-0.3875444917663585,-0.838357959841861,1.716858390679831,-4.731535783468364,-1.592793543587252,1.0406536657993797,-0.3239057584502478,0.2038094199041826,-0.1560980498699069,0.0,0.3299402221989871,0.3299402221989871,0.8554753070161482,1.0,0.0,0.0,0.0,control,control,-0.181984745037377,0.2384883330415779,0.2774168561621928,-0.3760722129717275,0.0,0.0,0.3127594957077815,-9.42658819971552,1.0,0.0,3.0,-0.49999999999998,-0.8660254037844501,0.0,control,control
1574.2144613,CONTROL_1,188.7165148000001,2.4058831329380026,2.226561425774846,2.094882254714306,2.1406795358283324,3.1456498587513217,0.8707968862574148,0.7859435597696396,0.7583673689121008,0.7219348036696062,0.8792210861391017,4886.983935546875,-0.3775345213983386,-0.8548521526118125,-0.7227833803768962,-0.5527452895530182,0.5508828372741428,-0.342340840438369,0.6156045452925067,0.2766318879655187,-0.5429859254549252,-0.5176513023907272,1.6921069658348848,0.8460534829174424,-0.6506753719556613,-0.6921701551504891,0.4896763846727384,-0.7888177664943543,-0.5508828372741428,-0.7957853952733684,1.0584161915203605,0.2766318879655187,0.1606560356338864,-0.1919582552839163,0.0,-0.0463032037843336,0.0,0.8531990304726073,0.9862636225970304,0.0,0.0,0.0,control,control,-0.1135070044241214,-0.1536356284381156,-0.1769589849074135,-0.3409671718041658,0.0,0.0,-0.9491338084575608,0.2214010017989645,0.0,0.0,0.0,-0.500000000000059,0.8660254037844046,0.0,control,control
1575.2144613,CONTROL_1,189.7165148000001,2.005637793512173,2.3167161005821884,2.353499421343916,2.017053697961128,3.9940267684501087,0.8927301917628505,0.828910498710154,0.7274514898872971,0.7823103140224655,0.9545091475691168,4923.2388671875,-0.9112836811937102,-0.7293035254992409,-0.3442191208428048,-0.752193389531303,1.3941744858108542,-0.2546693550848329,0.9750150959933928,0.0295507421910353,0.0491329909197511,-0.13139365922141,1.7172260943892794,0.8586130471946397,-0.4796653766503552,-0.4840979879790105,0.8240291729659411,-0.5367613231710229,-1.3941744858108542,-0.9986767051518174,1.0841409910271795,0.0295507421910353,0.0414691406180493,-0.1661672377170011,0.0,-0.1335927502214424,0.0,0.8499131181577132,0.998523553910996,0.0,0.0,0.0,control,control,-0.1096039440359758,-0.4831416571355288,-0.6118414444324266,1.1638927313994634,0.0,0.0,-0.9672768951377008,0.070910784990235,0.0,0.0,0.0,1.0,5.6347989315419776e-14,0.0,control,control
1576.2144613,CONTROL_1,190.7165148000001,2.2995751693357795,3.2726288815163214,3.3905280510844973,2.596529647489486,7.199607036936099,0.854442116233323,0.7423626213229515,0.6946232268994754,0.784807071264089,0.8951016948251257,4931.25068359375,-0.5193020341285112,0.6018924168310437,1.1737851959226395,0.1826870457438131,4.580540166234759,-0.4077138860229604,0.2510580015214727,-0.2328142653285454,0.073619362690697,-0.4361774755096916,1.7227770591037546,0.8613885295518773,-0.5415760255459388,-0.5066538857466569,0.1376393406392435,0.8878388063768416,-4.580540166234759,-1.8127436751989463,1.0898258002768346,-0.2328142653285454,-0.0607748088046927,-0.1634738700415252,0.0,0.0140938912338431,0.0140938912338431,0.8491886879768382,1.0,0.0,0.0,0.0,control,control,-0.1206367947024045,-0.272579266375368,-0.1920641175193006,-0.1039518844310685,0.0,0.0,-0.2210479812492905,1.9943388818191743,1.0,0.0,2.0,-0.4999999999999613,-0.8660254037844609,0.0,control,control
1577.2144613,CONTROL_1,191.7165148000001,2.4029828411227383,2.917284654056329,2.969996454655876,2.4417554121600484,5.517287432545368,0.8729998942741135,0.7400042432084482,0.6496866900991781,0.7570029196566219,0.8647179784735624,4954.908496093751,-0.3814022199498806,0.1070430925412525,0.5582103116741669,-0.0670134027595748,2.908304563952765,-0.3335350092779971,0.2313306018556957,-0.5919491613749054,-0.1990634523167775,-0.5920580021930513,1.7391683086968823,0.8695841543484413,-0.3437488413838905,-0.2549564671776547,0.0973183155880846,0.3326267021077097,-2.908304563952765,-1.1563532741760305,1.1066122747174727,-0.5919491613749054,-0.0415455217868547,-0.1659918412076209,0.0,-0.0994665007860789,0.0,0.8470531450919522,1.0,0.0,0.0,0.0,control,control,-0.1617683211124877,-1.1201673326540396,-1.0679952987843122,-0.464577317389414,0.0,0.0,0.7301504008489289,0.4849650855681185,0.0,0.0,0.0,-0.5000000000000284,0.8660254037844223,0.0,control,control
1578.2144613,CONTROL_1,192.7165148000001,2.3480172417455605,1.9547891878120207,1.774375540760084,1.8883390223432723,1.97533043136856,0.8459030365812363,0.694018051733903,0.5867836987113053,0.7249093266540896,0.8579107905472089,4965.877294921875,-0.454701867929053,-1.2333198409092674,-1.1919416672185283,-0.959851415832232,-0.6124215713554506,-0.4418461692971372,-0.1533354416198417,-1.0946727996802792,-0.5138139761660447,-0.6269815785888659,1.7467680104583443,0.8733840052291723,-0.2770566907163325,-0.1128557707642906,-0.2612199006028505,-1.212630754063898,0.6124215713554506,0.0732828150792429,1.1143952200414666,-1.0946727996802792,0.0083402072560443,-0.0643036250410159,0.0,-0.1539928564190646,0.0,0.8460648368531597,1.0,0.0,0.0,0.0,control,control,-0.4166605853842313,-0.5246963211119376,-0.5352416002619619,-0.2884289073477394,0.0,0.0,2.094664409333497,3.0386987600310884,0.0,0.0,0.0,1.0,2.1065781887244243e-14,0.0,control,control
1579.2144613,CONTROL_1,193.7165148000001,2.937817555595422,2.755523179388089,2.0105856723535185,2.2171608463229004,1.3109391106275257,0.8067327398388585,0.7677447102434176,0.5985921593547794,0.7122283157579545,0.7743601503771642,4925.977197265625,0.3318292692379978,-0.1182245500707595,-0.8461768646476819,-0.4293564225883609,-1.272830460065203,-0.5984171018586686,0.4633745123502603,-1.0002990319707583,-0.6381800707376882,-1.0556295307926555,1.7191233387680205,0.8595616693840101,-0.4632028580149057,-0.313158003219292,0.398088370468925,-0.4822007073592207,1.272830460065203,0.0362588179375002,1.0860839816509529,-1.0002990319707583,0.0378357224397417,0.0334507944527625,0.0334507944527625,-0.1328017097460737,0.0,0.8496654482680466,1.0,0.0,0.0,0.0,control,control,1.287336501714036,0.6049715692923832,0.6227037519976321,-0.9139603180623715,0.0,0.0,3.354073563106444,7.684657234961095,1.0,0.0,1.0,-0.4999999999999427,-0.8660254037844717,0.0,control,control
1580.2144613,CONTROL_1,194.7165148000001,2.556148872999791,2.578664458344948,1.7919175140567845,2.0479200741739723,1.5234960104178938,0.8847133611004911,0.7062450780633229,0.7085868332520916,0.7538252911265214,0.7401604725995794,4890.155419921875,-0.1771468975997308,-0.3645164885343122,-1.166263696114069,-0.7023960316725057,-1.0615476488725772,-0.2867141123979809,-0.0510586126240628,-0.1212164726867696,-0.2302273124794148,-1.2310874544609305,1.6943043199635195,0.8471521599817597,-0.4560763869530514,-0.4378939160500359,-0.1911681245200076,-0.7653900923241906,1.0615476488725772,-0.0241034409126721,1.0606665281226912,-0.1212164726867696,0.0445086166316117,0.0001321681124828,0.0001321681124828,-0.1279439475762754,0.0,0.8529110813229278,1.0,0.0,0.0,0.0,control,control,1.1789543432947758,1.1321462026758642,1.2865937891233212,0.1130716587334199,0.0,0.0,0.3296064854556103,-0.2967586230115355,0.0,0.0,0.0,-0.5000000000000471,0.8660254037844115,0.0,control,control
1581.2144613,CONTROL_1,195.7165148000001,2.819163794373417,2.14248340363585,1.5400118816080794,2.0855650391802816,1.5774991600158097,0.9050732626869744,0.6053376582021631,0.7233422430542494,0.7746704774573508,0.7656865592255957,4914.128076171875,0.1735979567893442,-0.9719384853222224,-1.535003600209409,-0.6416626374744215,-1.0078681998800654,-0.2053318139889958,-0.8951306418722972,-0.0032905499800528,-0.0257929471266027,-1.100128496663006,1.710913708173186,0.855456854086593,-0.4180443350176255,-0.4175507525206176,-1.0576619018966964,-1.2534710427658156,1.0078681998800654,0.1342317526394847,1.0776764009253783,-0.0032905499800528,0.1001290035160682,0.0096635327391257,0.0096635327391257,-0.0781379824136104,0.0,0.850737668861432,1.0,0.0,0.0,0.0,control,control,1.190185286941254,0.8468506683169589,0.9610218510261844,0.0414718637948355,0.0,0.0,6.484546484781682,3.967815742671962,0.0,0.0,0.0,1.0,4.2626993319876725e-14,0.0,control,control
1582.2144613,CONTROL_1,196.7165148000001,3.1839073611445383,2.77390613615624,2.261348145647024,2.4531412008611704,1.5169842999308236,0.7844178170914585,0.5839288272840379,0.5825499232275593,0.6737706568479901,0.8585746544329862,4995.145263671875,0.660003551378235,-0.0926246020986432,-0.479110318917363,-0.0486444763088413,-1.0680203274764597,-0.6876139820247302,-1.0742115794461435,-1.1285093306304947,-1.015344705653219,-0.623575693312567,1.767046241206226,0.883523120603113,-0.5135164964548353,-0.3442400968602611,-1.1231888640907393,-0.2858674605080031,1.0680203274764597,0.2667510316747385,1.135162398298174,-1.1285093306304947,0.1203572008288127,0.0299413441279536,0.0299413441279536,-0.0593492159970833,0.0,0.8434333806824688,1.0,0.0,0.0,0.0,control,control,1.1590852904397313,1.0512555801934782,1.106559295341026,-0.0287776684283034,0.0,0.0,2.5961798353192886,1.7612904574071726,1.0,0.0,3.0,-0.4999999999999732,-0.866025403784454,0.0,control,control
1583.2144613,CONTROL_1,197.7165148000001,4.055581977802698,3.612170892844164,2.8214401623859504,3.1017755672886698,1.665061521375199,0.7809349069842173,0.6032138938032532,0.5726775847328115,0.6445853650495436,0.9454805009291504,4992.3525390625,1.822429564692158,1.0747357104300568,0.3407533519711077,0.997810651490149,-0.9208306966001332,-0.7015358189489005,-0.9128955409084588,-1.207409519908594,-1.3015727350773456,-0.1777142006980133,1.7651113097277922,0.8825556548638961,-0.4995814006968666,-0.3184699727105775,-0.9581504998872076,0.7077445312005822,0.9208306966001332,0.2075962866237006,1.1331808118655733,-1.207409519908594,0.0586634563941137,-0.0007130742962609,0.0,0.0333958325985301,0.0333958325985301,0.8436841183665966,1.0,0.0,0.0,0.0,control,control,1.021792922612467,1.348044735803497,1.4862464272160862,-0.0540187036963294,0.0,0.0,4.107814867038931,-4.074100183181442,0.0,0.0,0.0,-0.5000000000000165,0.866025403784429,0.0,control,control
1584.2144613,CONTROL_1,198.7165148000001,7.606710787116521,4.955737442287647,2.9286392812564848,4.511578914335954,1.7552561629745214,0.8214442083765702,0.7043946651256672,0.6284018205521379,0.6954211371873638,0.8704377463481804,4993.87783203125,6.558055021356931,2.9457749668798625,0.4976716091262941,3.2722753084144136,-0.8311766912471642,-0.539612636744491,-0.0665369769047401,-0.7620588306204013,-0.8030126047298844,-0.5627133223492328,1.766168104719021,0.8830840523595105,-0.4936630591172282,-0.379354234524168,-0.152404830808495,1.7217232880030784,0.8311766912471642,-0.0388312772843627,1.1342630882355635,-0.7620588306204013,0.0369133644917646,-0.0454629595482598,0.0,0.2000445495095164,0.2000445495095164,0.8435471645757796,1.0,0.0,0.0,0.0,control,control,-0.286035757141759,-0.0336387027817389,-0.0373285110695587,-0.3668419233654484,0.0,0.0,-0.973777859903036,0.0194836469569115,0.0,0.0,0.0,1.0,6.418820475250922e-14,0.0,control,control
1585.2144613,CONTROL_1,199.7165148000001,7.91781795777416,4.777901365822483,2.615278688689732,4.341534551977567,1.633750600177739,0.8933263145014941,0.5859264538056592,0.6917459063193077,0.7084445763199647,0.8218525951406185,4994.180078125,6.972933533579062,2.6981219716358584,0.0389738272342905,2.997939250762536,-0.951953936815598,-0.252286542063925,-1.0575018005804768,-0.2558099454817112,-0.675288224072918,-0.8119744354926792,1.7663775150844638,0.8831887575422319,-0.3835502505308841,-0.3451787587086274,-1.2152273544500536,1.3685478994350744,0.951953936815598,0.1953926426645369,1.134477547891439,-0.2558099454817112,0.0412287936210662,0.0019303547383043,0.0019303547383043,0.151937367504499,0.151937367504499,0.8435200289870491,1.0,0.0002473985344443,0.0005328545869137,0.0002473985344443,control,control,-0.577419387653584,0.6447084540458496,0.7385755151091133,-0.1886557195566325,0.0,0.0,0.0359781719173719,-7.394051472878661,1.0,0.0,2.0,-0.4999999999999546,-0.8660254037844649,0.0,control,control
1586.2144613,CONTROL_1,200.7165148000001,4.327819799720523,3.25140744012094,2.360609418296576,2.96345381509014,1.7238779313094683,0.8853875904952385,0.4681092148278902,0.6727522874735037,0.6537713466995194,0.7801046446501071,4827.113134765625,2.1854736638979366,0.5723396195054077,-0.3338114949038495,0.7746533314863961,-0.8623668384641414,-0.2840190926029997,-2.043021360204728,-0.4076078323559588,-1.2114833351098344,-1.0261579947094863,1.650625648027252,0.8253128240136259,-0.3476845572818206,-0.2865433824284268,-2.1783447930573847,0.1192640623007791,0.8623668384641414,0.4115202436560283,1.0159346786140018,-0.4076078323559588,0.0458189130804272,0.0386928605259252,0.0386928605259252,-0.0553121258100425,0.0,0.8586531673597582,1.0,0.0,0.0,0.0,control,control,-0.3744183267117847,0.2738513835977372,0.2564842773801316,-0.2069907891300926,0.0,0.0,1.0017090053029338,2.3116415278975246,0.0,0.0,0.0,-0.5000000000000352,0.8660254037844183,0.0,control,control
1587.2144613,CONTROL_1,201.7165148000001,2.5886675088169464,2.646585113768817,2.287235147092122,2.232610652958564,2.03709989866974,0.7653081135645753,0.5638918901933107,0.6154735034980543,0.6492875994023083,0.713309017375421,4742.5427734375,-0.1337815093356288,-0.2699307661713247,-0.441216881055766,-0.4044309326448674,-0.5510223567915598,-0.7639990071844059,-1.241816877186981,-0.8653825429462246,-1.2554566543481502,-1.3688460793152957,1.592031308389541,0.7960156541947705,-0.66011903070192,-0.5303116492599862,-1.2498210389395723,-0.3555738236135454,0.5510223567915598,0.0449983682905742,0.9559275157002683,-0.8653825429462246,0.0603446206100669,-0.0539860185927201,0.0,-0.0966480560989359,0.0,0.8664168567906716,1.0,0.0,0.0,0.0,control,control,-0.1442178787900745,-0.007599588351452,-0.0315451536152324,-0.2654144751057069,0.0,0.0,5.255318432351031,13.596072742286871,0.0,0.0,0.0,1.0,2.8905997324333656e-14,0.0,control,control
1588.2144613,CONTROL_1,202.7165148000001,2.3884583750815795,2.5967829388213737,2.506853615104654,2.206398712919631,1.9402527494053767,0.8489790526132927,0.6249521858683876,0.6859121594784661,0.7104361053487172,0.7130311130666868,4825.83798828125,-0.4007713937597896,-0.3392848479783207,-0.1197389845700783,-0.4467191931549847,-0.647288993973166,-0.4295507633705279,-0.7310587213658019,-0.3024335220727885,-0.6557567616713292,-1.370271838742214,1.649742166332011,0.8248710831660055,-0.5299168014365533,-0.484551773125635,-0.8298888013146712,-0.2295119162741995,0.647288993973166,-0.0281835496115852,1.0150298944600131,-0.3024335220727885,0.0520748847045138,-0.0551611350730271,0.0,-0.1158020648758423,0.0,0.8587697096349394,1.0,0.0,0.0,0.0,control,control,-0.1653191607963251,-0.009813966490481,-0.1130318401085159,2.1628778077387176,0.0,0.0,0.0853264524175926,-6.64268703574622,1.0,0.0,9.0,-0.4999999999999359,-0.8660254037844757,0.0,control,control
1589.2144613,CONTROL_1,203.7165148000001,5.601127851896267,3.94647990824594,2.864772800607516,3.8945330330804846,1.9401980658862843,0.8064664532368105,0.6161854002258662,0.6943911461595484,0.7079181641975988,0.7728216674104715,4945.291845703125,3.883499939442933,1.54029157877234,0.4041837433708377,2.276782531669587,-0.6473433497134465,-0.5994814987379036,-0.8043912727029469,-0.2346690654164659,-0.6804508897570689,-1.063522559162409,1.7325054392197237,0.8662527196098618,-0.7339105057446059,-0.698710145932136,-0.8710840779209363,0.9722376610715888,0.6473433497134465,-0.13951897980129,1.0997887505227997,-0.2346690654164659,0.0009602204850902,-0.0678668101214029,0.0,0.030151373975461,0.030151373975461,0.8479205720788588,1.0,0.0,0.0,0.0,control,control,-0.1093685380458007,0.8753763845365983,0.8413448549576655,-0.5842584936964009,0.0,0.0,-0.2093199969590169,1.6049696231632733,0.0,0.0,0.0,-0.5000000000000538,0.8660254037844075,0.0,control,control
1590.2144613,CONTROL_1,204.7165148000001,5.717975462522404,3.95895409798379,2.5592950035658366,3.8240820115456873,1.831214420397709,0.810713135470184,0.7730266828691367,0.638833124540529,0.733538499241069,0.7588426207747292,4702.5884765625,4.039322650796089,1.557663028442316,-0.0429751886841702,2.1631224535737923,-0.755673735673894,-0.5825067231331935,0.5075572430033545,-0.6786913630706093,-0.4291853528790483,-1.135240617838883,1.564349084921245,0.7821745424606225,-0.5405083816736359,-0.4387046772130445,0.4576402881714971,0.7573439198790728,0.755673735673894,-0.1981949738388649,0.9275778200855176,-0.6786913630706093,-0.0013532316143311,-0.0257856126617435,0.0,0.0123321109629869,0.0123321109629869,0.8701090998991025,1.0,0.0,0.0,0.0,control,control,-0.0648317063858545,0.9735437087158754,0.9503282585122048,0.0870141087298186,0.0,0.0,0.6838191028833474,-1.783237112547594,0.0,0.0,0.0,1.0,5.046720875696613e-14,0.0,control,control
1591.2144613,CONTROL_1,205.7165148000001,3.078611208889547,3.0174318156121656,2.588653616411517,2.6033102856192465,2.4722763263311007,0.890857389938188,0.8413596999528662,0.6417014446149838,0.7702520285927084,0.6606559752812552,4688.71982421875,0.5195853446942768,0.2465071710199882,0.0,0.1936263883193817,-0.118454422785481,-0.2621552909233816,1.0791503773226934,-0.6557676153785041,-0.0691258670224115,-1.638977087588,1.5547402277166018,0.7773701138583009,-0.2269791540054804,-0.1286140116987048,0.9503466715889636,0.1232535855099941,0.118454422785481,-0.3333285601420045,0.917737274680297,-0.6557676153785041,0.0105478838644627,-0.1198924277842224,0.0,-0.1056263553949218,0.0,0.8713944004858996,1.0,0.0,0.0,0.0,control,control,-0.3007727513142951,0.1953923978830994,0.1693812668415824,-0.6620016935083312,0.0,0.0,7.296254125506045,-1.9908560528422807,1.0,0.0,6.0,-0.4999999999999664,-0.866025403784458,0.0,control,control
1592.2144613,CONTROL_1,206.7165148000001,3.033721423433701,2.9862306795458045,2.616181256356759,2.4921841959310425,2.952055095110373,0.8003760111879162,0.7719655276917695,0.6672376371903683,0.7435692522995698,0.6965175524880263,4510.81865234375,0.4597223484009934,0.2030567364656489,0.0402950073593395,0.0143443884664342,0.3584485011760342,-0.6238261238904537,0.4986808748914757,-0.4516811743886885,-0.3308110518303414,-1.4549929601032197,1.4314818955646742,0.7157409477823371,-0.644672949799997,-0.5769207736416937,0.4757021689185048,0.1216758719124942,-0.3584485011760342,-0.6060534871145326,0.7915069448626446,-0.4516811743886885,-0.0054964276029171,-0.1187260417293966,0.0,-0.0943908673468978,0.0,0.8880510563710965,1.0,0.0,0.0,0.0,control,control,-0.4452854426281415,-0.1473344896784685,-0.1691520430224057,-0.6110615407558937,0.0,0.0,4.207066511215322,-1.6587322073156985,0.0,0.0,0.0,-0.5000000000000233,0.8660254037844252,0.0,control,control
1593.2144613,CONTROL_1,207.7165148000001,2.297119669085052,2.4603191030265723,2.4037614843147845,2.300649044942782,2.4802677055812787,0.7805249023118813,0.7968199544408611,0.661789236972826,0.7189474013005358,0.8252306077899816,4376.39169921875,-0.5225765786805682,-0.5293232156077866,-0.270645425410306,-0.2946631992895906,-0.1105109447099669,-0.7031746835795271,0.7065835885945171,-0.4952250428100993,-0.5722841863426744,-0.7946438895899665,1.3383445549624715,0.6691722774812358,-0.6971389879663012,-0.6228552315447864,0.7150841901190899,-0.3999843205090463,0.1105109447099669,-0.524174060703837,0.6961238821739191,-0.4952250428100993,-0.046386568258444,-0.0878419406195928,0.0,-0.1044185823260878,0.0,0.9008481393812326,1.0,0.0,0.0,0.0,control,control,-0.3767876254511132,0.5648658448968762,0.3499969146525536,-0.8767155464855605,0.0,0.0,-0.1941460865540137,1.6838688060173677,0.0,0.0,0.0,1.0,7.202842018959862e-14,0.0,control,control
1594.2144613,CONTROL_1,208.7165148000001,2.2955132454785114,2.218443701206108,2.224619369125572,2.465638518815587,2.048091885370988,0.8124792478989556,0.649564473696279,0.6013331487161737,0.6674115424286956,0.8763759029641877,4169.739501953125,-0.52471883285771,-0.8661568262414491,-0.5328739660435036,-0.0284822969146732,-0.540096257224234,-0.5754472445747346,-0.525181455254807,-0.9783929172707484,-1.0777102561396492,-0.5322482215656065,1.1951661548314745,0.5975830774157371,-0.382405492883907,-0.2356465552932947,-0.5307154134650576,-0.6995153961424763,0.540096257224234,0.0919816240599087,0.5494931728680174,-0.9783929172707484,-0.0797175385125125,0.0123877062624188,0.0123877062624188,-0.0732258135242117,0.0,0.920881444350882,1.0,0.0,0.0,0.0,control,control,-0.3644442838759135,-0.6095675856234124,-0.6454129142453918,0.3396234424136981,0.0,0.0,1.547291778387594,4.768450049610925,1.0,0.0,1.0,-0.4999999999999478,-0.8660254037844688,0.0,control,control
1595.2144613,CONTROL_1,209.7165148000001,2.8847588449935366,2.590803220393329,2.195871840571003,2.3515770735961343,1.6133714699494934,0.8422896278773544,0.5195146522728887,0.6020039724966093,0.6612848710576645,0.8930366219452956,4090.857666015625,0.2610725622537054,-0.3476121525885925,-0.57495464847663,-0.2124999660546284,-0.9722109123761696,-0.456289633287561,-1.6130243197661365,-0.9730316623586748,-1.137796174950054,-0.4467721191807535,1.1405130941896373,0.5702565470948187,-0.2582926882357295,-0.1123379388819282,-1.641516048217951,-0.4612834005326113,0.9722109123761696,0.5105606833939305,0.4935223208378299,-0.9730316623586748,-0.0706777088974496,0.1483873912398405,0.1483873912398405,-0.0229722797862814,0.0,0.9286453681125442,1.0,0.0,0.0,0.0,control,control,-0.3677983360215117,0.1470967387983412,0.1028498583857283,-0.6881447565486416,0.0,0.0,3.1654596041663217,-2.9721355796482483,0.0,0.0,0.0,-0.500000000000042,0.8660254037844144,0.0,control,control
1596.2144613,CONTROL_1,210.7165148000001,2.8561210820828493,2.901284007318353,2.4515110807455875,2.3916082206626106,1.9339042247808889,0.7951066366479069,0.5359250284691083,0.650874947957009,0.7037133066709983,0.8397994834457122,4046.6580078125,0.2228825313243609,0.0847607290902272,-0.200749482880832,-0.1479168953947855,-0.6535994648678319,-0.6448887901033614,-1.4757545376655885,-0.5824525492050614,-0.7216890617842585,-0.7198997738892282,1.1098894839324185,0.5549447419662092,-0.5797665833731422,-0.492398700992383,-1.4532685256313005,-0.0579943768953023,0.6535994648678319,0.1659485300224925,0.4621603158886536,-0.5824525492050614,-0.0524758486647128,0.0536081518502506,0.0536081518502506,-0.0527291943810487,0.0,0.9330242870072482,1.0,0.0,0.0,0.0,control,control,-0.3978445105275352,1.3701069875976888,0.7366940183256796,1.214424155276944,0.0,0.0,-0.7634071600530982,-0.0892275915981163,0.0,0.0,0.0,1.0,3.674621276142308e-14,0.0,control,control
1597.2144613,CONTROL_1,211.7165148000001,2.473865284152078,3.06807016138799,2.6769662482623704,2.476421564241088,2.43234019621302,0.6946034122779485,0.6516966210901208,0.6027675653548957,0.6751049495450963,0.8579357468021401,3884.5912109375,-0.2868765860838447,0.3170256971529079,0.1292721845182315,-0.0110857885536474,-0.1581511715046441,-1.0466187966064977,-0.5073464340060958,-0.9669289926535938,-1.002258937246133,-0.6268535430938752,0.9976019544604168,0.4988009772302083,-0.8328938934852917,-0.6878545445872527,-0.3703919791620235,0.2231489408355697,0.1581511715046441,-0.2617306584150204,0.3471653161008157,-0.9669289926535938,-0.0193577989019265,-0.0283521216894257,0.0,-0.0074450092480084,0.0,0.9492578621530654,1.0,0.0,0.0,0.0,control,control,-0.376142272774694,0.1382356609659403,0.0269089342791072,0.6415174634936566,0.0,0.0,3.992703202535501,11.302871867053891,1.0,0.0,8.0,-0.4999999999999783,-0.8660254037844511,0.0,control,control
1598.2144613,CONTROL_1,212.7165148000001,2.575896200934868,3.298402990498575,2.8106404507270426,2.4397725196328244,1.9467485170204728,0.7690246341650939,0.6620880132779656,0.5593048820770844,0.6785027331775907,0.8546129800416505,3709.16630859375,-0.150812750377252,0.6377852200016697,0.3249447152103799,-0.0702124439457773,-0.6408321626779929,-0.74914338584116,-0.4204243473768204,-1.3142847826700903,-0.9689359566072964,-0.6439006556550227,0.8760592987661739,0.4380296493830869,-0.3986511242524002,-0.2015084068518866,-0.3426459132623021,0.4813649676060247,0.6408321626779929,0.1545614970701782,0.222692031030832,-1.3142847826700903,-0.006248004402553,0.0859052443076008,0.0859052443076008,0.0783253385735979,0.0783253385735979,0.967147941887072,1.0,0.0065075103887053,0.0140160763999641,0.0065075103887053,control,control,-0.4066542793801373,0.6749172701560916,0.5395333939722973,-0.258416186990467,0.0,0.0,2.416792164716558,-4.426732541155099,0.0,0.0,0.0,-0.5000000000000606,0.8660254037844036,0.0,control,control
1599.2144613,CONTROL_1,213.7165148000001,2.126575892949514,2.622219148509646,2.4631673289225824,2.338538694626641,1.5470261601065598,0.8883188457223298,0.6665584088866912,0.653786371586434,0.7630830997140099,0.7927401716617531,3451.0965332031246,-0.7500060781751946,-0.303862600467202,-0.1836870464711508,-0.2335350502823741,-1.038158541396378,-0.2723023224314577,-0.383030309374549,-0.559184315893108,-0.139433486360341,-0.9613327250582356,0.6972563726346844,0.3486281863173422,-0.1637448584482055,-0.0798672110642392,-0.4021117753460201,-0.2437748234691764,1.038158541396378,0.3171596944358486,0.0395778192457891,-0.559184315893108,-0.0430150590622289,0.1973610624879656,0.1973610624879656,0.0257792965567165,0.0257792965567165,0.9940809143352084,1.0,0.0050577140608043,0.0108934603943844,0.0050577140608043,control,control,-0.3615619777639621,0.1240286934614139,0.0301402272000934,0.2444009118057765,0.0,0.0,2.138491985301007,0.97604842742926,0.0,0.0,0.0,1.0,5.830742419405554e-14,0.0,control,control
1600.2144613,CONTROL_1,214.7165148000001,1.952488279990524,2.35690552775754,2.154532167161201,2.184902837710724,1.7636904828797757,0.8924695514046466,0.8181852561978233,0.7511612685340833,0.8027304900195859,0.8189383050107364,3392.545263671875,-0.9821614788625324,-0.6733360738159136,-0.6354677345092229,-0.4813989295414203,-0.8227929275498315,-0.25571118288143,0.8853004127320591,0.2190403979568399,0.2493991652829864,-0.8269259007807878,0.6566892883837123,0.3283446441918561,-0.414461483214288,-0.447317542907814,0.8671420474044526,-0.6544019041625683,0.8227929275498315,-0.2296082563805218,-0.0019674161580848,0.2190403979568399,-0.0625060999269799,0.0971340913776539,0.0971340913776539,0.0,0.0,1.0,0.989107735127056,0.0,0.0,0.0,control,control,-0.3389876252448645,0.6661230766979377,0.5806971477694693,0.4196862448728122,0.0,0.0,3.1790723637558465,-1.1511536168341263,1.0,0.0,6.0,-0.4999999999999597,-0.8660254037844619,0.0,control,control
1601.2144613,CONTROL_1,215.7165148000001,2.5923540044613445,2.757149490254861,2.366450827388261,2.3684965631759125,1.942744598956396,0.836285894933359,0.7870640442970316,0.7403402144062352,0.7538606714473701,0.7974463658943279,3253.60234375,-0.1288653647638783,-0.1159597635023672,-0.3252608300881746,-0.1852034064720435,-0.6448120808326022,-0.4802876660845595,0.6249771925178378,0.1325580291310554,-0.2298803281289805,-0.9371880803689694,0.5604230727461758,0.2802115363730879,-0.5967358603737007,-0.6166195647433591,0.6749962249457058,-0.2206102967952709,0.6448120808326022,-0.3141925872063486,-0.1005547971332331,0.1325580291310554,-0.0525823163185452,0.0808148486291636,0.0808148486291636,0.0,0.0,1.0,0.99339401463634,0.0,0.0,0.0,control,control,0.0625227229283798,0.4826631692136582,0.4767122727023853,0.3388735993402166,0.0,0.0,-1.0528791558831982,-0.04009888084093,0.0,0.0,0.0,-0.5000000000000301,0.8660254037844213,0.0,control,control
1602.2144613,CONTROL_1,216.7165148000001,2.7442364384570963,3.1213276580020963,3.00408368514955,2.610079496738666,1.7825456911083342,0.7831585576335433,0.681595167653123,0.7167714308614889,0.7127827032880882,0.7621810091140707,3250.721875,0.0736782092580029,0.3911916302855167,0.6081072591180575,0.2045472954647824,-0.8040507394388781,-0.6926474753617724,-0.257250584724354,-0.0558047872092023,-0.6327430426831692,-1.1181133603767337,0.5584273479839457,0.2792136739919728,-0.7429192183365447,-0.7345485002551644,-0.1538921343819041,0.4996494447017871,0.8040507394388781,-0.1476355370173573,-0.1025986426937187,-0.0558047872092023,-0.1408540681065063,0.1206076109158317,0.1206076109158317,0.0999298889403574,0.0999298889403574,1.0,1.0,0.0120523051641809,0.0259586262466881,0.0120523051641809,control,control,0.0944015613463019,0.4439834806892889,0.6024019711491037,-0.0199026789932052,0.0,0.0,-0.8683721614758156,0.4281621034563057,0.0,0.0,0.0,1.0,2.3025216765880012e-14,0.0,control,control
1603.2144613,CONTROL_1,217.7165148000001,2.4176363695685064,3.0191332943122675,3.110931428506328,2.6870990313392813,1.7935385320264214,0.7947179367663237,0.6180911436714166,0.7257812089637563,0.7014602125396527,0.7704884369866295,3105.8978515625,-0.3618609343294502,0.2488766356685555,0.764511172183417,0.3288044904194909,-0.7931237907749794,-0.646442495538536,-0.7884500788886017,0.0162017792188802,-0.7437857637043822,-1.0754929574880707,0.4580864261322302,0.2290432130661151,-0.709373921531673,-0.711804188414505,-0.6841002582704966,0.5066939039259863,0.7931237907749794,-0.0279661591350623,-0.2053589789599695,0.0162017792188802,-0.2061398401011484,0.1170243551099812,0.1170243551099812,0.1013387807851972,0.1013387807851972,1.0,0.9991902390725336,0.0118495024287759,0.0255218234659363,0.0118495024287759,control,control,0.1857605107078916,1.0510554082446977,1.0928667947678024,-0.0633282366892609,0.0,0.0,2.3871263537421887,3.649625984479929,1.0,0.0,3.0,-0.499999999999941,-0.8660254037844727,0.0,control,control
1604.2144613,CONTROL_1,218.7165148000001,2.788383555599897,2.647110220645768,2.501378429973046,2.6833912151980543,2.140492698723228,0.8677560739478826,0.6089964775025859,0.6516605050860638,0.6824847241491198,0.8170769586138635,3029.3692382812496,0.1325508165347311,-0.2691995068369696,-0.1277535701143076,0.3228225945861062,-0.4482493041457863,-0.354495530564394,-0.8645252905927806,-0.5761743400245152,-0.9298834970041308,-0.8364753467184565,0.4050637892629543,0.2025318946314771,-0.203467485213683,-0.1170413342100057,-0.8265343816095514,-0.1984765384756386,0.4482493041457863,0.23676551778588,-0.2596600945353489,-0.5761743400245152,-0.1775164154814144,0.1027522232897499,0.1027522232897499,0.023676551778588,0.023676551778588,1.0,1.0,0.0024328183350848,0.0052398790958466,0.0024328183350848,control,control,0.2304710368339469,1.7672968948432826,1.5636716797379824,0.4144121789682841,0.0,0.0,2.176932615562956,3.715042654592827,0.0,0.0,0.0,-0.5000000000000487,0.8660254037844105,0.0,control,control
1605.2144613,CONTROL_1,219.7165148000001,2.7057836553791925,2.385132547157198,1.954431359298902,2.3180910115000626,1.872414557988228,0.943076730338356,0.6451063855082699,0.6408124472782297,0.6918302726117994,0.7974139210866068,2885.208203125,0.0223993094485319,-0.6340273686302966,-0.9283756460287031,-0.2665237168824323,-0.7147205560771231,-0.0534249134647699,-0.5624725439438043,-0.6628725235190565,-0.838229182261153,-0.9373545351125956,0.3051822169979895,0.1525911084989947,0.1404326926421511,0.2398635711700095,-0.5872640927023606,-0.7812015073294999,0.7147205560771231,0.4627120819687559,-0.3619500054045916,-0.6628725235190565,-0.1210137202144898,0.309718588041138,0.309718588041138,0.0462712081968755,0.0462712081968755,1.0,1.0,0.0143310532696938,0.0308666641345073,0.0143310532696938,control,control,0.3021931851331811,0.8315176840422391,0.7508971329054877,-0.8437732362280022,0.0,0.0,0.2678167579325302,-11.044691986329717,0.0,0.0,0.0,1.0,4.458642819851248e-14,0.0,control,control
1606.2144613,CONTROL_1,220.7165148000001,2.118845633435171,2.317064840356445,2.0227762994763325,2.100111863115117,1.5100323233897637,0.8617030530973564,0.6542549781787163,0.6532542289619709,0.7042859838263978,0.7800130620038712,2585.8783203125,-0.760314804134877,-0.7288178734798526,-0.8283322034051674,-0.6181939480436722,-1.0749306331329167,-0.3786905762546132,-0.485946246960549,-0.5634372245444291,-0.7160726624411158,-1.0266278500413726,0.0977923401925434,0.0488961700962717,-0.1937115901881309,-0.1091960065064665,-0.4034976454209636,-0.7785750384425101,1.0749306331329167,0.3740163082856069,-0.5743404547392927,-0.5634372245444291,-0.0767845929686185,0.2173420412127785,0.2173420412127785,0.0374016308285606,0.0374016308285606,1.0,1.0,0.0081289467889661,0.0175083760823715,0.0081289467889661,control,control,-0.8657949363817095,0.881175274021665,0.8345482034998264,5.924163408178697,1.0,0.0,-0.126046298511921,-0.0819895183838313,1.0,0.0,3.0,-0.4999999999999716,-0.866025403784455,0.0,control,control
1607.2144613,CONTROL_1,221.7165148000001,3.212038217744917,3.4432277601259,2.7298552701227963,2.6456044089874675,2.30519468541279,0.8217252318339224,0.7039637741647489,0.6565506818255421,0.7211760217989083,0.8501815385507856,2444.18623046875,0.697517594880442,0.8394669523961413,0.2066912269546128,0.26186036506379,-0.2845345586301102,-0.5384893339245329,-0.0701413006330394,-0.5370918196517112,-0.5504275039429007,-0.6666357097073219,-0.0003786301793271,0.0,-0.350507197046434,-0.2699434240986773,0.0644810328480938,0.5230790896753771,0.2845345586301102,-0.0289393123016924,-0.6744907580950871,-0.5370918196517112,-0.0507288921343456,0.0426801837945165,0.0426801837945165,0.1046158179350754,0.1046158179350754,1.0,1.0,0.0044650223372826,0.009616902696847,0.0044650223372826,control,control,-1.519671849748345,-1.172864923149792,-1.272499947930393,-0.6704202668770644,0.0,0.0,-0.4477495704928326,0.1725704816024069,0.0,0.0,0.0,-0.5000000000000675,0.8660254037843997,0.0,control,control
1608.2144613,CONTROL_1,222.7165148000001,3.399548106647047,3.535050348336488,2.8733333367885496,2.737927016007704,2.9539516775791177,0.8398140465020386,0.6686888533721852,0.7102116839782062,0.7410605937028023,0.9232537920195416,2214.7586181640627,0.9475723382995892,0.9673383014126812,0.41671467116199,0.4108063206415166,0.3603337153283403,-0.4661849906578259,-0.3652095326413226,-0.1082305899693866,-0.3554141434015856,-0.2917460410159691,-0.1593369132767799,0.0,-0.4283042841685406,-0.4120696956731326,-0.2486632849768661,0.6920264862873357,-0.3603337153283403,-0.2576378935666085,-0.6744907580950871,-0.1082305899693866,1.0940614052024291,0.0,0.0,0.9042482808991674,0.9042482808991674,1.0,1.0,0.0,0.0,0.0,control,control,-1.5121769640877782,-1.562947982689206,-1.6093382183490017,-0.880695655495862,0.0,0.0,0.6501894072328032,2.59374401082328,0.0,0.0,0.0,1.0,6.614763963114497e-14,0.0,control,control
1609.2144613,CONTROL_1,223.7165148000001,2.34397236875781,2.839734180214207,3.122018766959888,2.671634257625536,3.017150108427184,0.8641105306983157,0.6067155141352021,0.7118661292634292,0.7279608220689789,0.7928416958554092,2403.0201171875,-0.4600959283865412,-0.0009530323808784,0.7807408375477706,0.3038548537819307,0.4231533280800841,-0.3690674422869968,-0.8836051301209104,-0.0950081861565719,-0.483887137488796,-0.9608118656414648,-0.0289004572743697,0.0,-0.3358145771321966,-0.3215633492087108,-0.7913382695491612,0.3898939025834461,-0.4231533280800841,-0.1235220074837626,-0.6744907580950871,-0.0950081861565719,3.131929739835441,0.0,0.0,2.270329598401498,2.270329598401498,1.0,1.0,0.0,0.0,0.0,control,control,-1.451364208426359,-1.541223819512916,-1.6018556825540624,0.2201314588308306,0.0,0.0,4.486381754613375,7.616028329433565,1.0,0.0,6.0,-0.4999999999999528,-0.8660254037844658,0.0,control,control
1610.2144613,CONTROL_1,224.7165148000001,3.269482445111911,3.318892219860184,3.653291324003845,3.475842503678696,2.721791473352332,0.9188039153796148,0.71029622903317,0.7206822548226391,0.7457283923604997,0.7829734259717901,2521.551953125,0.7741226295229731,0.6663183451273677,1.5584185330743512,1.6013005126292823,0.1295651039849031,-0.15044785150833,-0.0171714790057949,-0.0245492998763639,-0.309635782822973,-1.0114400076736336,0.0532239955922349,0.0266119977961174,-0.148508596000632,-0.1448262010191773,0.0137874844222582,1.1123684391008597,-0.1295651039849031,-0.117828196906462,-0.6199834286470469,-0.0245492998763639,4.318981576112184,0.0,0.0,3.2457607910987,3.2457607910987,1.0,1.0,0.0,0.0,0.0,control,control,-1.4709258836941332,-1.6378178692864451,-1.6530422044815047,-0.9022725160816656,0.0,0.0,-0.0850282257027863,-6.086036881207611,0.0,0.0,0.0,-0.5000000000000369,0.8660254037844174,0.0,control,control
1611.2144613,CONTROL_1,225.7165148000001,4.941804488237576,4.267523329279875,3.861619851376868,4.110167279334474,2.733339124373497,0.8830533400856525,0.8003918061851365,0.6679792879178102,0.7543819385720718,0.8126053867275805,2626.7084472656247,3.004255993989076,1.9873738941427583,1.8633701947625605,2.624669684125577,0.1410435371612875,-0.2933495239210146,0.7364614722438331,-0.445753867215769,-0.2247681208247902,-0.8594162856303099,0.1260813800945951,0.0630406900472975,-0.1530958429073198,-0.0862327628249545,0.7940386807122624,1.9253720444526592,-0.1410435371612875,-0.2289857000117899,-0.545369311168575,-0.445753867215769,4.5991032107694325,0.0,0.0,3.6044466564291344,3.6044466564291344,1.0,1.0,0.0,0.0,0.0,control,control,1.1447556261156928,1.922548196888716,1.7266763181673477,1.8471656092623387,0.0,1.0,-0.6733862622316226,0.0695630575452861,0.0,0.0,0.0,1.0,3.0865432202969425e-14,0.0,control,control
1612.2144613,CONTROL_1,226.7165148000001,3.6905004949389744,3.3532251132938944,2.8495915621334302,2.983582932101301,2.702068326482853,0.8083864251735768,0.6775849421791134,0.6046795876266791,0.6870849617753901,0.8102666251015147,2719.8756347656245,1.3355733404200676,0.7141300381384724,0.3819614200167837,0.8071280488381944,0.1099601797492824,-0.5918070152227904,-0.2907953840884409,-0.9516480215616984,-0.8847677256853677,-0.8714150612191696,0.1906320068358552,0.0953160034179276,-0.2825592085306779,-0.1398120052964231,-0.1666726311372252,0.548045729077628,-0.1099601797492824,-0.0291447296815306,-0.4792622435064719,-0.9516480215616984,4.612502344456413,0.0,0.0,3.3383607869350147,3.3383607869350147,1.0,1.0,0.0,0.0,0.0,control,control,1.0307452190661348,0.8942678167572048,0.8522159944499377,2.666958923621054,0.0,0.0,0.1637735369536708,1.3514363060263692,1.0,0.0,8.0,-0.4999999999999342,-0.8660254037844767,0.0,control,control
1613.2144613,CONTROL_1,227.7165148000001,2.0738921808947026,2.175406333436772,1.6174187939990488,1.7383684027965405,2.0150972830655154,0.8611863704061172,0.6807219572426751,0.657242940785899,0.6998504900480964,0.9373854246464672,2667.39384765625,-0.8202627039849948,-0.926090295576519,-1.4216952268558494,-1.2018020924641812,-0.5728930863846057,-0.380755852689402,-0.2645548293886366,-0.5315592537828773,-0.7595727464030575,-0.2192451556307753,0.1542701466003348,0.0771350733001674,-0.2139938821904368,-0.1342599941230052,-0.188649634541328,-1.1738927612161842,0.5728930863846057,0.160263294463541,-0.5165008587804119,-0.5315592537828773,4.609773931552249,0.109973457127222,0.109973457127222,3.2428680815329285,3.2428680815329285,1.0,1.0,0.3566294139336981,0.768119421037698,0.3566294139336981,control,control,-1.032305814837973,-1.004925352834945,-1.0442053685928734,-1.054415926610671,0.0,0.0,1.0785655604317097,0.8228984824280552,0.0,0.0,0.0,-0.5000000000000556,0.8660254037844065,0.0,control,control
1614.2144613,CONTROL_1,228.7165148000001,2.321658102885379,2.3858094287867413,1.8505838905846763,1.970624805997832,1.7973360441022923,0.990200715516554,0.802685188532736,0.6894940646558069,0.7684538504641003,0.848221731349244,2528.174853515625,-0.4898532284414182,-0.6330847490768624,-1.0803877518398932,-0.8270980732603086,-0.7893490413891949,0.1349383852330366,0.7556451942599527,-0.2738067689870078,-0.086761084989718,-0.6766902986601455,0.0578126537081597,0.0289063268540798,0.2235441726649694,0.2646151880130206,0.7146840162381736,-0.8567362504583778,0.7893490413891949,0.2375071608665061,-0.6152841290761288,-0.2738067689870078,4.62471211440244,0.3248842065756516,0.3248842065756516,3.2610491961683583,3.2610491961683583,1.0,1.0,1.0594633807013236,2.2819048760409806,1.0594633807013236,control,control,-1.0629811471737307,-1.3089282623858536,-1.3426847802653932,-1.2053340660021488,0.0,0.0,0.3809837008538931,0.19917916875388,0.0,0.0,0.0,1.0,5.2426643635601894e-14,0.0,control,control
1615.2144613,CONTROL_1,229.7165148000001,2.2339500596750126,2.382814762762064,2.192064613878387,2.157397826570689,1.6421634741124855,0.9753140270186506,0.7288854225983437,0.6080217896679024,0.7574292696080108,0.7177198113400973,2459.5912597656247,-0.6068167249757845,-0.637255095305301,-0.5805276735489864,-0.5257733281817281,-0.943591490539352,0.0754335334776487,0.1383237101114504,-0.9249369871093784,-0.1948821233352522,-1.3462169552690475,0.0102947015242914,0.0051473507621457,0.3978746412753948,0.5366151893418016,0.1181784890515018,-0.6088913844271437,0.943591490539352,0.584528435564313,-0.6639478313322632,-0.9249369871093784,4.622543033476076,0.5562894296315684,0.5562894296315684,3.294232966989685,3.294232966989685,1.0,1.0,1.8325469782802009,3.94699615058298,1.8325469782802009,control,control,-1.141107940362983,-1.0879683158227305,-1.110400238553222,-0.7245483461765231,0.0,0.0,0.6398472750996888,-0.0463192939243777,1.0,0.0,1.0,-0.4999999999999648,-0.866025403784459,0.0,control,control
1616.2144613,CONTROL_1,230.7165148000001,2.5069843879842018,2.6142927687093214,2.305226590540756,2.3736219996963266,2.9134529276527714,0.875705050293009,0.6521957432681388,0.5575868485141666,0.7276673705755156,0.6715002078837257,2061.6361328124995,-0.2427104407167788,-0.3149008090130172,-0.4148809747590421,-0.1769344346034445,0.3200777192037048,-0.3227219995275583,-0.5031713686816423,-1.3280153869613085,-0.4867650954439761,-1.583341869368127,-0.2654274013858351,0.0,0.1420833859088995,0.3412856939530958,-0.4224908687997527,-0.3648908918860297,-0.3200777192037048,0.2421186666604687,-0.6744907580950871,-1.3280153869613085,4.607248797994863,0.2054969779507686,0.2054969779507686,3.249286025262451,3.249286025262451,1.0,1.0,0.6677184586890986,1.438152591641829,0.6677184586890986,control,control,-1.0542346167060133,-1.0958666728400173,-1.1215023300856832,-0.6262330139154971,0.0,0.0,0.8073921993110162,-0.1961310357029968,0.0,0.0,0.0,-0.500000000000025,0.8660254037844242,0.0,control,control
1617.2144613,CONTROL_1,231.7165148000001,2.781128710991338,2.969928453098192,2.80298357471968,2.64083886358234,3.76671615722778,0.8573623933668215,0.6019653100853499,0.6074523471620826,0.683299133719256,0.72803106019757,2179.9105957031247,0.1228760824833136,0.1803543956968557,0.3137365667574077,0.2541720129133769,1.1682263984971348,-0.3960409973252521,-0.9233397143290752,-0.9294879981505902,-0.9218963626621453,-1.2933161552461654,-0.1834812687189474,0.0,-0.0707201979725455,0.0687030017500429,-0.824329464997762,0.2470454812271317,-1.1682263984971348,-0.0931575257901546,-0.6744907580950871,-0.9294879981505902,4.607944574199184,0.024046050612515,0.024046050612515,3.274970298184855,3.274970298184855,1.0,1.0,0.0787501015446364,0.1696143953408503,0.0787501015446364,control,control,-1.1034056417588736,-1.019948698056702,-1.061496071112766,-0.7336209134637348,0.0,0.0,0.6075042216455873,-1.891285995773774,0.0,0.0,0.0,1.0,7.398785506823437e-14,0.0,control,control
1618.2144613,CONTROL_1,232.7165148000001,2.203876670265181,2.566690365071743,2.916676508698787,2.336203788777648,2.750180843748179,0.8882642660437752,0.6725882680098229,0.6598076719296034,0.7110362184227771,0.8813051269796958,2382.9633300781247,-0.6469212427516156,-0.3811915081556612,0.4801604817935692,-0.2373020017808955,0.1577843054840731,-0.2725204875177834,-0.3325916455662219,-0.5110618029718688,-0.6498712908730221,-0.5069593455509996,-0.0427967464408342,0.0,-0.0936488564776293,-0.016989586031849,-0.2644615236867761,0.049484486818954,-0.1577843054840731,0.0290035827619505,-0.6744907580950871,-0.5110618029718688,4.57117844645773,0.0043505374142925,0.0043505374142925,3.2126221681603964,3.2126221681603964,1.0,1.0,0.0139766329405675,0.0301033027083993,0.0139766329405675,control,control,-1.114769142824841,-1.1817747095642313,-1.2035081755275747,-0.471270496421929,0.0,0.0,1.6029255540808869,0.8869877273172481,1.0,0.0,8.0,-0.4999999999999461,-0.8660254037844698,0.0,control,control
1619.2144613,CONTROL_1,233.7165148000001,2.13797519498813,2.288461945489016,2.3048474629519204,2.0178542640488586,2.035883075415058,0.8500991977406631,0.7619204863065214,0.5948878706991454,0.7032185370838338,0.8670791721235985,2020.5124755859367,-0.7348044823387679,-0.7686500196189733,-0.4154359423847684,-0.7509018198411823,-0.5522318862786164,-0.4250733357842592,0.4146559490971696,-1.0299038795178443,-0.7265414005900893,-0.5799441414161056,-0.2939198129214665,0.0,-0.0646069779530137,0.0898786039746629,0.5209242830432343,-0.5920429810018708,0.5522318862786164,0.1707930037321347,-0.6744907580950871,-1.0299038795178443,4.483458228964652,0.1399112448927446,0.1399112448927446,3.1555000606484698,3.1555000606484698,1.0,1.0,0.4414899417444587,0.950894640759404,0.4414899417444587,control,control,-1.1131308423782205,-1.228960188270778,-1.1626710422632054,0.5979418447953051,0.0,0.0,1.014916295986484,-0.3806225068193434,0.0,0.0,0.0,-0.5000000000000437,0.8660254037844134,0.0,control,control
1620.2144613,CONTROL_1,234.7165148000001,2.857797135584972,2.8291930926379623,2.199883636528063,2.2957425352085385,1.9670589752484868,0.7942153041423231,0.7345339790739029,0.5615675661896546,0.6491498246971762,0.7134816647196978,2326.6099609374983,0.2251176407945007,-0.0156324605558346,-0.5690821745582169,-0.3025789720835511,-0.6206434474904012,-0.6484516112517312,0.1855728473226551,-1.2962013058065978,-1.256807848046222,-1.367960329901203,-0.0818410215189998,0.0,-0.194781154219422,-0.0003509583484323,0.3476857501355879,-0.2923573175570257,0.6206434474904012,0.1974929866586989,-0.6744907580950871,-1.2962013058065978,4.454259214068467,0.122720465122365,0.122720465122365,3.1377307485137966,3.1377307485137966,1.0,1.0,0.3850637768863596,0.8293622281518488,0.3850637768863596,control,control,-0.8493630500415011,-1.0798642801193292,-1.1487543516786305,-0.7217087363598446,0.0,0.0,1.6758442963994002,1.613642590506515,0.0,0.0,0.0,1.0,3.870564764005883e-14,0.0,control,control
1621.2144613,CONTROL_1,235.7165148000001,2.6442725994738647,2.641564968180097,2.2251923877768327,2.284930413851568,1.872803018750116,0.7597031526723872,0.6517075871008389,0.5647999051679954,0.6521840705523179,0.7022699680241168,2526.335791015624,-0.0596290645849873,-0.2769217778733343,-0.5320351803424583,-0.3200223892412082,-0.7143344237902358,-0.786403074215927,-0.5072547053410257,-1.2703683020721994,-1.2270501804545022,-1.425480784795501,0.0565384643698651,0.0282692321849325,-0.3488414765368904,-0.1582862312260604,-0.317721244833277,-0.4044784791078963,0.7143344237902358,0.2724456329332218,-0.6165890415929136,-1.2703683020721994,4.416392277686888,0.1480170085085186,0.1480170085085186,3.1187191576741435,3.1187191576741435,1.0,1.0,0.4616234800971337,0.9942588760655028,0.4616234800971337,control,control,-0.4545156887805493,-0.8487935686843128,-0.903400520704499,-1.0578648312807322,0.0,0.0,4.431918004139787,-3.708299172820674,1.0,0.0,1.0,-0.4999999999999767,-0.8660254037844521,0.0,control,control
1622.2144613,CONTROL_1,236.7165148000001,2.190069224492689,2.31438618647381,2.327324831358279,2.1464890611369154,3.2944913693969675,0.71725772816589,0.6566579574169175,0.5476262236941852,0.6481696810202149,0.7366025646493429,2258.2076171875,-0.6653342306219048,-0.7325481439089043,-0.3825335313115899,-0.5433726632108026,0.6988321761212188,-0.9560652991835116,-0.4658457670887951,-1.4076211646646124,-1.2664203814807546,-1.2493409346723867,-0.1292333951444622,0.0,-0.4633978915508973,-0.2522547168512054,-0.2268294422929172,-0.5575408376102471,-0.6988321761212188,-0.2024348000118466,-0.6744907580950871,-1.4076211646646124,4.292856553446979,0.0,0.0,3.004999587412885,3.004999587412885,1.0,1.0,0.0,0.0,0.0,control,control,-0.2738968065218737,-0.0509553592805812,0.0403973575340672,-0.8975806936544789,0.0,0.0,-0.2151606177031657,-9.450406276208168,0.0,0.0,0.0,-0.5000000000000624,0.8660254037844026,0.0,control,control
1623.2144613,CONTROL_1,237.7165148000001,2.2612083423358387,2.407895936894699,2.509572039046037,2.315034679824746,5.028472380964828,0.801829831202842,0.7359568380305118,0.6200917150507831,0.7017244884526268,0.7161849651132748,2246.74072265625,-0.5704663067834028,-0.6023272672647386,-0.1157597508638198,-0.2714545594640625,2.422419521627337,-0.6180149359637797,0.1974748010986148,-0.8284735810188698,-0.741193938537198,-1.354091325719546,-0.1371782011285232,0.0,-0.3280491826071752,-0.2037781454543447,0.3519785350895597,-0.3590435090642792,-2.422419521627337,-0.8472310374196061,-0.6744907580950871,-0.8284735810188698,4.219512804590368,0.0,0.0,2.953658963213257,2.953658963213257,1.0,1.0,0.0,0.0,0.0,control,control,-0.0468366807460704,0.0739408138504932,-0.0047202622300192,-0.4336505041691719,0.0,0.0,-0.983162107558899,-0.2139539742224521,0.0,0.0,0.0,1.0,6.026685907269132e-14,0.0,control,control
1624.2144613,CONTROL_1,238.7165148000001,2.2244615796677967,2.5410747404418577,2.609387752493896,2.3863444058534187,4.972698205579154,0.9598406118690308,0.7013225100405789,0.7157379784537975,0.768788428853383,0.7376484516828633,2368.864599609374,-0.6194701346041187,-0.4168636073760907,0.0303506645571851,-0.1564091157950113,2.3669796625634447,0.0135834266014707,-0.0922349898001612,-0.0640641870079569,-0.083479784473223,-1.24397511899171,-0.0525650126344865,0.0,0.0360058920542557,0.0456155201054492,-0.0956308464505289,-0.1932564714094527,-2.3669796625634447,-0.6641559577382057,-0.6744907580950871,-0.0640641870079569,4.174607479067231,0.0285674942558967,0.0285674942558967,2.922225235347061,2.922225235347061,1.0,1.0,0.0834806526252135,0.1798032020271035,0.0834806526252135,control,control,0.1479962337605081,-0.0530456359760368,-0.0017883088331994,-0.7399561778693345,0.0,0.0,1.990661985104538,-5.838105896918687,1.0,0.0,3.0,-0.499999999999958,-0.8660254037844629,0.0,control,control
1625.2144613,CONTROL_1,239.7165148000001,2.264383131671766,2.609985805429422,2.7960713335157026,2.368097510526004,4.2646289542623705,1.000861549951937,0.6162909567487502,0.7492715210240593,0.7463842209636264,0.7391790923368942,2713.343359375,-0.566232550700173,-0.3208986491468891,0.3036184160282557,-0.1858472062972966,1.6631546534256,0.1775517154411332,-0.8035083117810078,0.2039374477988772,-0.3032038948017974,-1.2361223247991715,0.1861061379991326,0.0930530689995663,0.0829103414616346,0.052319724291803,-0.8711595078911827,-0.0086401165593166,-1.6631546534256,-0.329911336590885,-0.4838972398267755,0.2039374477988772,4.144469606217044,0.0228580292778379,0.0228580292778379,2.9011287243519304,2.9011287243519304,1.0,0.9898549394575163,0.0656413249096219,0.1413803082857883,0.0656413249096219,control,control,0.1358932981515907,0.1279273329558488,-0.0228083591540019,-0.4006570505767391,0.0,0.0,0.2287484493299403,1.975659799346472,0.0,0.0,0.0,-0.5000000000000319,0.8660254037844203,0.0,control,control
1626.2144613,CONTROL_1,240.7165148000001,2.225605797426456,2.3999724636300424,2.462568606983216,2.2080690675346544,3.154073393879135,1.0033274812438513,0.6157769857067349,0.6843305151310898,0.684221341238768,0.7455872996575971,2718.9273925781245,-0.6179442573304866,-0.6133614281939043,-0.1845634566901513,-0.4440243757931462,0.5592558808391339,0.1874084996403175,-0.807807585124887,-0.3150740973979777,-0.912852024752045,-1.2032456772986122,0.1899750198735126,0.0949875099367563,0.2739375562454207,0.3211986708551174,-0.8784065875191556,-0.3989624424420278,-0.5592558808391339,0.1691985177796719,-0.4799350716998649,-0.3150740973979777,4.098917939564029,0.2336774571521391,0.2336774571521391,2.886162409472788,2.886162409472788,1.0,1.0,0.674431092773692,1.452610469778752,0.674431092773692,control,control,0.1236344314629398,0.076945646599955,0.1139171261613378,-0.538415129589163,0.0,0.0,0.4534407621440462,1.58159226306221,0.0,0.0,0.0,1.0,8.182807050532378e-14,0.0,control,control
1627.2144613,CONTROL_1,241.7165148000001,2.403051019080477,2.990253379936033,2.332573376769889,2.2312069444084743,3.453525132298757,0.903618745038824,0.6399068881396069,0.5379338589291278,0.6436737762491999,0.7736007340875861,2655.005517578125,-0.3813113008958027,0.2086587145367545,-0.3748507013847474,-0.4066955644408465,0.8569126737835872,-0.211145790484909,-0.6059653842233078,-1.4850829955086675,-1.3105129323441542,-1.0595256378330724,0.1456869265603333,0.0728434632801666,0.2904223921230829,0.513184841449383,-0.5713898024221222,-0.0830959934239964,-0.8569126737835872,0.1920455736372982,-0.5252910369179142,-1.4850829955086675,4.0558829195624,0.3100693677959578,0.3100693677959578,2.858322601057409,2.858322601057409,1.0,1.0,0.8862782818667686,1.9088934735830605,0.8862782818667686,control,control,0.0732225393126531,0.3448360698985633,0.4263514947937246,-0.6784653176939445,0.0,0.0,3.4603783945607853,-1.815846200506099,1.0,0.0,7.0,-0.4999999999999393,-0.8660254037844737,0.0,control,control
1628.2144613,CONTROL_1,242.7165148000001,2.428683423662781,3.398681211078063,3.148386340835631,2.505133285749696,5.137223282560814,0.8081786407337795,0.6283430792772239,0.5475617327004879,0.6695124225688771,0.7642607337154811,2622.360595703124,-0.3471290804882747,0.7774318101529877,0.8193377381714525,0.0352354206756789,2.530518558786768,-0.5926375681217079,-0.7026945209482413,-1.408136579691372,-1.0571063578907225,-1.1074435475574895,0.1230689832318328,0.0615344916159164,-0.1151733881337067,0.096047098819999,-0.5699187518217934,0.7983847741622201,-2.530518558786768,-0.5214466299541448,-0.5484543427675701,-1.408136579691372,4.058962196608464,0.0336164845869996,0.0336164845869996,3.0009504924583683,3.0009504924583683,1.0,1.0,0.1008814059760757,0.2172814807872758,0.1008814059760757,control,control,0.0222310749098898,-0.2445648485031416,-0.1572353902716323,-0.8301697358009354,0.0,0.0,1.010440719253033,-3.180126866936367,0.0,0.0,0.0,-0.5000000000000505,0.8660254037844095,0.0,control,control
1629.2144613,CONTROL_1,243.7165148000001,1.8832794635666483,2.4112724207018568,2.887506848097703,2.3476357967443167,5.734696473698032,0.794397027479322,0.6310733513734486,0.6249802719809552,0.6754810044705036,0.6931025475275996,2349.08544921875,-1.074455239658518,-0.5976252048662843,0.4374618817345667,-0.2188585088410305,3.1244104322578203,-0.6477252294086414,-0.6798562964467025,-0.7894040062375205,-0.9985708651515336,-1.472513291246984,-0.0662689419725323,0.0,-0.3714338272255092,-0.2530232262898811,-0.5179249890945422,-0.0800816615658588,-3.1244104322578203,-0.910911994613533,-0.6744907580950871,-0.7894040062375205,2.8932810864183893,0.0,0.0,2.025296760492872,2.025296760492872,1.0,1.0,0.0,0.0,0.0,control,control,-0.1326099906812903,-0.9257408857171692,-0.9046691893256074,-0.6073210435435411,0.0,0.0,0.0556817061911545,0.2836608385251264,0.0,0.0,0.0,1.0,4.6545863077148244e-14,0.0,control,control
1630.2144613,CONTROL_1,244.7165148000001,2.519531251692877,2.716597084757613,2.679920610102257,2.607265233904688,7.635096430390556,0.834295469571992,0.6197896670269378,0.66711854017832,0.6880801827234319,0.7946679127657998,2372.77373046875,-0.2259785083170676,-0.1724326956844378,0.133596784531788,0.2000069875100696,5.0134191900837815,-0.4882437649896311,-0.7742422430585613,-0.4526330032586236,-0.8750073253862432,-0.9514426479152368,-0.0498565821907075,0.0,-0.3298222138491128,-0.2619272633603193,-0.6521813018111535,-0.0194179555763248,-5.0134191900837815,-1.4762635656393992,-0.6744907580950871,-0.4526330032586236,0.8281558549189727,0.0,0.0,0.5797090984432809,0.5797090984432809,1.0,1.0,0.0,0.0,0.0,control,control,-0.1712908329118788,-0.0697667318981254,0.0017883088331994,-0.4483732775772028,0.0,0.0,2.2073493214434974,10.98730450346486,1.0,0.0,5.0,-0.4999999999999698,-0.866025403784456,0.0,control,control
1631.2144613,CONTROL_1,245.7165148000001,3.032389721760405,3.877458147207557,3.4066355108265527,3.224292949673011,6.088613810311294,0.9013110902667528,0.6530355546228938,0.7010015571033384,0.7197413229664997,0.8261038542133349,2470.090576171875,0.4579464510220523,1.4441724661719229,1.1973633235840546,1.1954704575018833,3.476206350824587,-0.2203699141128089,-0.4961465009824277,-0.1818383531238792,-0.5644979824035359,-0.790163788774726,0.0175691236954904,0.0087845618477452,-0.1589226309813875,-0.1316468780128056,-0.4432501629161617,1.3207678948779886,-3.476206350824587,-1.0104273269698532,-0.6564980087209086,-0.1818383531238792,-0.3620985093865503,0.0,0.0,0.2641535789755977,0.2641535789755977,1.0,1.0,0.0,0.0,0.0,control,control,-0.2444911558972432,0.1574279599302226,0.1645553753338662,-0.7260536274750451,0.0,0.0,1.7561659513184598,-9.77800302147686,0.0,0.0,0.0,-0.5000000000000692,0.8660254037843987,0.0,control,control
1632.2144613,CONTROL_1,246.7165148000001,2.1437383715283813,2.927418920551901,2.6038022038037085,2.46221951920693,2.3350819405672785,0.9240289431335984,0.6735625884412056,0.6704079294205706,0.7100875766486663,0.7109071773845438,2525.336572265625,-0.7271189696466669,0.1211559851675179,0.0221745286434359,-0.0339982391120126,-0.2548264508523837,-0.1295624476146189,-0.3244416341519291,-0.4263440511566476,-0.659174876648635,-1.3811684719566364,0.0558461584379717,0.0279230792189858,0.0126772004854612,0.0766288081589584,-0.2990317920530209,0.0716652569054769,0.2548264508523837,0.1956305850992918,-0.6172980403647768,-0.4263440511566476,-0.6815559738373528,0.0988256584182981,0.0988256584182981,0.0338961098910245,0.0338961098910245,1.0,1.0,0.0033498053777994,0.0072149140448148,0.0033498053777994,control,control,-0.3265315252028957,-0.0544312667532582,-0.1658807029162904,-0.0418182185011963,0.0,0.0,-0.539993013851,-0.4468456580658581,0.0,0.0,0.0,1.0,1.1263655648972708e-14,0.0,control,control
1633.2144613,CONTROL_1,247.7165148000001,1.7710238407116543,2.18556767897916,2.0872392167229736,1.8420721512778115,2.1292742000314013,0.964719833927218,0.5891861029696772,0.7054837339535464,0.7201513785347278,0.7568739575325126,2541.64521484375,-1.2241542829181142,-0.9119396929018428,-0.7339712727178693,-1.034494707923475,-0.4594005579667983,0.0330865810669475,-1.0302354341596958,-0.1460165868779729,-0.5604764568330926,-1.145340641796061,0.0671455560903608,0.0335727780451804,0.0757991919629429,0.0977016799946388,-1.0469002739377278,-0.8229554828098561,0.4594005579667983,0.3984625432457417,-0.6057261922998216,-0.1460165868779729,-0.7117448726460911,0.1894047703670346,0.1894047703670346,0.0398462543245741,0.0398462543245741,1.0,1.0,0.0075470706503324,0.0162551133248411,0.0075470706503324,control,control,-0.4023602339596973,-0.7454789232601721,-0.6657486921534885,-0.8480420746239262,0.0,0.0,-0.6970866874673374,-0.0370365554489758,1.0,0.0,7.0,-0.4999999999999512,-0.8660254037844668,0.0,control,control
1634.2144613,CONTROL_1,248.7165148000001,1.959571891279008,2.505370226990177,2.124781862920741,2.0607210199739705,2.217715529420376,0.9221349581258428,0.6763330539134065,0.7477521331219313,0.7534517229185616,0.7137550142282881,2516.950732421875,-0.9727150938553532,-0.4665854066633725,-0.6790162817401706,-0.681744003247209,-0.3714893552848596,-0.1371330565602752,-0.30126719944435,0.191794428885119,-0.2338909966652123,-1.3665579384071975,0.0500360526250652,0.0250180263125326,-0.2105156132482,-0.2392847775809678,-0.2732384418824143,-0.5728008442017716,0.3714893552848596,0.0294613491036303,-0.6232482391078089,0.191794428885119,-0.6833425542990468,0.0371272741920592,0.0371272741920592,0.002946134910363,0.002946134910363,1.0,0.9904561133032684,0.000108338029604,0.0002333417865283,0.000108338029604,control,control,-0.4180163931350775,-0.3844877633097457,-0.3930572471235786,0.1301771669377461,0.0,0.0,3.084671933160301,6.8674725338925,0.0,0.0,0.0,-0.5000000000000878,0.866025403784388,0.0,control,control
1635.2144613,CONTROL_1,249.7165148000001,3.0377470899977124,3.38338451205076,2.522736863442048,2.754480071371222,2.2000391114504128,0.902947855028284,0.7954583837722223,0.6976824631738496,0.779634311460957,0.6773854929528833,2556.360400390625,0.4650907960367357,0.7561297582479025,-0.0964890579538258,0.4375117043869065,-0.3890598189310317,-0.2138274621425757,0.695194300088042,-0.2083647064704323,0.0228887119451176,-1.5531480206089114,0.0773409314703967,0.0386704657351983,-0.150567431311724,-0.1193127253411592,0.7389835491898862,0.3298203501470383,0.3890598189310317,-0.085446425821885,-0.59528498662741,-0.2083647064704323,-0.6004984930545378,0.0583589728396547,0.0583589728396547,0.0659640700294076,0.0659640700294076,1.0,1.0,0.0038495953712392,0.0082913771333944,0.0038495953712392,control,control,-0.4123591836428927,-0.3660477114982504,-0.3717905281995818,-0.2751769995453816,0.0,0.0,-0.7581821643123398,-2.920089736006964,0.0,0.0,0.0,1.0,3.282486708160518e-14,0.0,control,control
1636.2144613,CONTROL_1,250.7165148000001,3.3276519539564227,3.461265794929744,2.435117804303671,2.639320578346932,2.350856341284796,0.9002142234566298,0.7064142179000046,0.5878976180217728,0.7202592382086606,0.8133233102295379,2588.45380859375,0.8516948668812075,0.8645865649982708,-0.2247459895259604,0.2517225322008369,-0.2391466035655493,-0.2247542939526218,-0.0496437889632158,-1.0857703046449672,-0.5594186479155968,-0.855733053062293,0.0995767600852173,0.0497883800426086,0.1428182176624645,0.3056837633592096,-0.0059023104857125,0.3199202877361551,0.2391466035655493,0.2836692928782008,-0.5725130090189681,-1.0857703046449672,-0.4942659774063296,0.2353980778241484,0.2353980778241484,0.0923509868350511,0.0923509868350511,1.0,1.0,0.0217392447861342,0.0468226553013001,0.0217392447861342,control,control,-0.3873870992068673,-0.5378582487976864,-0.6020122283311808,-0.5664365031309746,0.0,0.0,0.4614016795769226,4.77608946434708,1.0,0.0,1.0,-0.4999999999999325,-0.8660254037844776,0.0,control,control
1637.2144613,CONTROL_1,251.7165148000001,2.790506489315511,3.3404733163094766,2.361973777358329,2.4238865482588032,3.9304006753964686,0.861451382458016,0.6569103566837395,0.5721640107695014,0.6729989449679941,0.8652368196687596,2590.2379394531254,0.1353818653325404,0.6963719949972477,-0.3318143437298485,-0.0958416074080412,1.3309297743061477,-0.3796965504232299,-0.4637344935905686,-1.2115140269547235,-1.0229130922302625,-0.5893961408908799,0.1008128901890813,0.0504064450945406,0.0317317477372881,0.2134588517804967,-0.3814119672583963,0.1822788256336995,-1.3309297743061477,-0.1506287752841545,-0.5712470734186391,-1.2115140269547235,-0.4691940449753605,0.0858167098312246,0.0858167098312246,0.0364557651267399,0.0364557651267399,1.0,1.0,0.0031285138175567,0.006738289463406,0.0031285138175567,control,control,-0.3517386479619077,-0.2306548668791036,-0.1794327632264935,-1.047256577571951,0.0,0.0,-0.5774436574479341,-4.864097084446736,0.0,0.0,0.0,-0.5000000000000081,0.866025403784434,0.0,control,control
1638.2144613,CONTROL_1,252.7165148000001,19.027058992179544,19.80449368149037,19.634170857530258,21.538696463130087,13.08934339001495,2.4459115176700044,1.8905980736970496,2.235908922289946,2.20274496754394,2.2671506891950632,2584.0623046875,21.78771707755324,23.62402558610679,24.951257864492018,30.74247330102017,10.434972815041636,5.953684138733416,9.855836616153564,12.085212832570466,13.979718801435244,6.602978544874732,0.0965341188174946,3.349756331846113,0.8864205643722245,-0.9263613605133456,7.529976498508682,24.2876417252994,-10.434972815041636,-6.5249448928757765,6.186560161472974,12.085212832570466,-0.5050074303660276,-2.067962366599123,0.0,3.9295443208389353,3.9295443208389353,0.3953499233986736,0.5464783206312976,0.0,0.0,0.0,control,control,-0.3480656192222523,-0.3637883659351315,-0.3336352527366535,-1.0321123716706877,0.0,0.0,0.7194360352482004,-4.302899871923536,0.0,0.0,0.0,1.0,5.438607851423766e-14,0.0,control,control
1639.2144613,CONTROL_1,253.7165148000001,31.104829183868784,32.10715871912575,33.2846326203328,36.24100257588595,18.99542974957909,3.49198543051664,2.9432378194153803,3.3010373362857792,3.33144610332166,3.123497088695797,2563.3937011718745,37.89408748842052,40.7566114292888,44.9328275989356,54.46200531857554,16.305657466661106,10.135035358508356,18.660974706675784,20.59776874973868,25.04919530807844,10.996375528739897,0.0822139343555537,5.539294731547725,1.5409926132128884,-1.5486726992479138,14.742392184161762,42.8447195141122,-16.305657466661106,-11.009731519622854,10.671225003474516,20.59776874973868,-0.5044337229684084,-3.5330685858653084,0.0,6.968260152301262,6.968260152301262,0.2017585183293005,0.3570467913846221,0.0,0.0,0.0,control,control,-0.4566030351609026,-0.397056103938413,-0.3924772323202854,-0.2213074389431928,0.0,0.0,-0.3901532387152701,1.0986431444267974,1.0,0.0,10.0,-0.4999999999999138,-0.8660254037844883,0.0,control,control
1640.2144613,CONTROL_1,254.7165148000001,18.116760944440365,19.239954254456485,20.2373812855436,21.64362229139012,11.125890766635974,2.0620296035844112,1.8827352641232016,1.8463967313681704,1.9806124076945568,1.8304663354006947,2673.39140625,20.573784595937937,22.83785282061809,25.83423834100137,30.91175229193458,8.483289334899704,4.419237012197852,9.790065658559744,8.97221325235902,11.801204866549387,4.362614453918286,0.1584255383915058,2.260519996154896,0.7138323748334714,-0.631999613020382,8.120126406471556,24.33604558080973,-8.483289334899704,-5.497879215777831,3.9555602849827056,8.97221325235902,-0.4913924224883971,-1.4201583018387731,0.0,4.2738750734145405,4.2738750734145405,0.5524822113570332,0.6385146479272991,0.0,0.0,0.0,control,control,-0.6304584420027097,-0.6175495707554798,-0.6510711257862318,-0.774651078117141,0.0,0.0,-0.1900119866445874,0.7896826335340997,0.0,0.0,0.0,-0.5000000000000268,0.8660254037844233,0.0,control,control
1641.2144613,CONTROL_1,255.7165148000001,6.24168451234189,6.5987574601513685,6.651064041291839,6.935654410692006,3.8009087919768514,0.9388799511418576,0.8359742996499714,0.7858390528935977,0.8580446057469212,1.0149479384756737,2674.7072265625,4.7377174546416025,5.233830555811595,5.946563464678813,7.183086028026832,1.202214078967594,-0.0702002173863174,1.0341024931509155,0.4961868664623946,0.7918796192497345,0.1786813312639051,0.1593372008354406,0.1690092660496729,-0.2861179371605738,-0.360545967129933,1.0094002309850767,5.590197010245204,-1.202214078967594,-0.8076307858160943,-0.3283219430020309,0.4961868664623946,-0.5181110379113539,-0.0595424239754873,0.0,1.1180394020490407,1.1180394020490407,1.0,0.9754958791024572,0.0,0.0,0.0,control,control,-0.8436402216309961,-0.5262991490476412,-0.590823339299273,-0.8882043641424644,0.0,0.0,3.225364449746557,-4.389995146257656,0.0,0.0,0.0,1.0,7.594728994687013e-14,0.0,control,control
1642.2144613,CONTROL_1,256.71651480000014,2.901345105567413,2.8120984449729827,2.447408380233605,2.4333014779726208,2.0305230948385526,0.7224129001772451,0.6531083508978454,0.5610349871121435,0.6565222833240469,0.7761901191468087,2668.65087890625,0.2831912524004877,-0.0394383203173799,-0.2067550230452762,-0.0806523081867323,-0.5575597385631519,-0.9354591216341916,-0.495537573515997,-1.3004577026110165,-1.184504157565648,-1.0462410645390334,0.1551410772058214,0.0775705386029107,-0.4996915603710636,-0.3046229049794111,-0.2810654277581768,-0.123096671681328,0.5575597385631519,0.1369340533234817,-0.5156089283473166,-1.3004577026110165,-0.5532930797472838,0.104174068782995,0.104174068782995,0.0136934053323481,0.0136934053323481,1.0,1.0,0.0014264977489654,0.0030724348083376,0.0014264977489654,control,control,-1.0129343686402257,-0.5958230511202784,-0.587180933842642,0.4764102003306691,0.0,0.0,-0.4254729654321392,0.3605671485849047,1.0,0.0,5.0,-0.4999999999999936,-0.8660254037844423,0.0,control,control
1643.2144613,CONTROL_1,257.71651480000014,2.66128566204552,2.5371151323607832,2.0371463533001064,2.1027917990203484,1.925535165140002,0.7472209081104209,0.5629071179667504,0.5657230935643617,0.6629320585591286,0.7491828658878791,2655.63603515625,-0.0369412105147972,-0.4223777236384484,-0.807297293556924,-0.6138703524783495,-0.6619183594777418,-0.8362969181247933,-1.2500543159478144,-1.262990137390002,-1.1216417627929958,-1.1847989951608486,0.1461237789107313,0.0730618894553656,-0.412515842402134,-0.2230673217936337,-1.0592455587804577,-0.6148375085976863,0.6619183594777418,0.3632154643983991,-0.5248436512093003,-1.262990137390002,-0.5294002339183398,0.1537700735814211,0.1537700735814211,0.0363215464398399,0.0363215464398399,1.0,1.0,0.0055851668686451,0.0120295045050329,0.0055851668686451,control,control,-1.167725792089966,-1.4298972029289,-1.454758698707009,0.0183609619402338,0.0,0.0,-0.54085102562619,0.2615504824748775,0.0,0.0,0.0,-0.5000000000000454,0.8660254037844124,0.0,control,control
1644.2144613,CONTROL_1,258.71651480000014,2.9905819098326827,2.9364780074343075,2.435316642174401,2.4675458257725724,1.8129982749347744,0.7255458105362986,0.625498103634535,0.6540673646328969,0.6992488607347848,0.7623122739145328,2609.214501953125,0.4021934358306289,0.1337715918835331,-0.224454930304018,-0.0254051994793078,-0.7737806916292095,-0.922936298542632,-0.7264922195435509,-0.5569386063721523,-0.7654730873687129,-1.117439919840551,0.1139607487392781,0.056980374369639,-0.7422528799047886,-0.6587120889489658,-0.5100032385003026,-0.0453416692102424,0.7737806916292095,0.0281913987386721,-0.557782194475271,-0.5569386063721523,-0.4660235197388175,0.1202958135551822,0.1202958135551822,0.0028191398738672,0.0028191398738672,1.0,1.0,0.0003391307246527,0.0007304302048533,0.0003391307246527,control,control,-1.3044060260460384,-1.3033293357329547,-1.3451037982320906,-0.7665891401811306,0.0,0.0,-0.6002325318904057,0.1976399713146819,0.0,0.0,0.0,1.0,9.750850137950261e-14,0.0,control,control
1645.2144613,CONTROL_1,259.71651480000014,2.857810034859889,2.8305286191456616,2.2717789263498003,2.395194117849313,1.675033947106884,0.786050501041346,0.7093890359621211,0.6410174165149158,0.6738127089398611,0.7558057780339571,2592.22421875,0.2251348426866173,-0.0137726177925791,-0.4638417239336268,-0.1421316939114709,-0.9109180466458006,-0.6810878418146266,-0.0247599823829874,-0.6612343998283701,-1.014932289444653,-1.1508208266720836,0.1021890782756479,0.0510945391378239,-0.462429436659153,-0.3632442766848975,0.1327383432862131,-0.238807170863103,0.9109180466458006,0.0962138491557571,-0.5698377027657546,-0.6612343998283701,-0.4179407521279757,0.1510697843702336,0.1510697843702336,0.0096213849155757,0.0096213849155757,1.0,1.0,0.001453500544539,0.0031305942615178,0.001453500544539,control,control,-1.4099971141483392,-1.3600902516713709,-1.3834494472520136,-0.1546481162959196,0.0,0.0,-0.3676485323059756,-10.987380092760343,1.0,0.0,2.0,-0.4999999999999749,-0.8660254037844531,0.0,control,control
1646.2144613,CONTROL_1,260.71651480000014,2.581917101585242,2.7975559458490777,2.17879753726999,2.131272369269127,1.7931970432129487,0.8729305458458703,0.6934299758307993,0.5987195411715602,0.6712312488222607,0.8390024983919737,2743.056005859374,-0.1427835484183765,-0.0596900799038205,-0.5999480434257971,-0.5679220643177578,-0.7934632326682913,-0.3338122077928088,-0.1582545885127821,-0.9992809905553486,-1.0402493651689764,-0.723988623603925,0.2066924624785306,0.1033462312392653,-0.0099004189082531,0.1399917296750491,-0.1006380943743962,-0.3298190616648088,0.7934632326682913,0.3699482691747474,-0.4628145391005919,-0.9992809905553486,-0.3218793702431768,0.2235088306627229,0.2235088306627229,0.0369948269174747,0.0369948269174747,1.0,1.0,0.0082686705048946,0.0178093173272351,0.0082686705048946,control,control,-1.526006425384075,-1.705412692835056,-1.7541479262911872,-0.7633059151338445,0.0,0.0,-0.8233587699886001,-0.0529114298681082,0.0,0.0,0.0,-0.5000000000000641,0.8660254037844016,0.0,control,control
1647.2144613,CONTROL_1,261.71651480000014,2.466625573308236,2.785747562410357,2.115524004616068,2.0735402942420205,1.7727438559232604,0.8602034784741024,0.6350589462924813,0.6228958900942727,0.6833133576130399,0.7815055352450786,2668.35693359375,-0.2965311384281776,-0.0761343334305323,-0.6925679508720176,-0.6610624051284606,-0.8137938213844259,-0.3846846538270323,-0.6465175271500724,-0.806062483403248,-0.9217568650988992,-1.0189708698284088,0.1549374180135813,0.0774687090067906,-0.1219299618875932,-0.0010205893771059,-0.569713540945012,-0.3843511421512749,0.8137938213844259,0.3924557233271221,-0.515817498158039,-0.806062483403248,-0.1830015763218314,0.1809374317067322,0.1809374317067322,0.0392455723327122,0.0392455723327122,1.0,1.0,0.0071009930637417,0.0152943376732465,0.0071009930637417,control,control,-1.5589763147056126,-1.40211096921953,-1.4265815671534596,-0.3724834841175202,0.0,0.0,2.3138088538779127,-7.178287027773661,0.0,0.0,0.0,1.0,5.382875090519059e-15,0.0,control,control
1648.2144613,CONTROL_1,262.71651480000014,2.1735098808980275,2.444107584630927,1.7972417195226256,1.9827873916596404,1.8263508074769528,0.819227565119983,0.6495118997027536,0.6500964188103971,0.7078459466948231,0.7609007390074825,2667.5713867187496,-0.6874170254973999,-0.551899237121179,-1.1584701148678938,-0.8074759243396554,-0.760508195583046,-0.5484729704846898,-0.5256212270521807,-0.5886745904224354,-0.6811591462875211,-1.1246816542681974,0.1543931540460132,0.0771965770230066,-0.361736008092589,-0.2734348195292237,-0.4078021286867599,-0.8551846759945364,0.760508195583046,0.1943483211444548,-0.5163748853864276,-0.5886745904224354,-0.0570500017604474,0.1432284775091251,0.1432284775091251,0.0194348321144454,0.0194348321144454,1.0,1.0,0.0027836214143974,0.0059954495778428,0.0027836214143974,control,control,-1.5667792604449775,-1.786890334907046,-1.853061385731693,-0.925548640969356,0.0,0.0,-1.0939667635589645,0.0237729285996272,1.0,0.0,4.0,-0.4999999999999563,-0.8660254037844639,0.0,control,control
1649.2144613,CONTROL_1,263.71651480000014,1.5873353078046155,1.9791358948927589,1.9819698461174888,1.836900786106427,2.1630682894931543,0.8396234229108933,0.6285933059048296,0.6893726098291675,0.7412342758552466,0.7130814200125368,2686.825146484375,-1.4691130380751998,-1.199414825387548,-0.888064760997245,-1.0428377774267483,-0.4258090338609418,-0.4669469484655532,-0.7006014211779196,-0.2747774416210231,-0.3537107956816592,-1.3700137441390323,0.1677330679507534,0.0838665339753767,-0.3917414773920393,-0.3505248611488858,-0.6048313175553754,-1.0437397931923966,0.4258090338609418,0.0738468264011533,-0.5027133202610868,-0.2747774416210231,-0.0204324345098851,0.0749483790393142,0.0749483790393142,0.0073846826401153,0.0073846826401153,1.0,1.0,0.0005534699935964,0.0011920807270318,0.0005534699935964,control,control,-1.6190597358800067,-1.697453335384919,-1.7472033755134997,-0.3828553642067463,0.0,0.0,2.7223627790361173,-2.493775995525685,0.0,0.0,0.0,-0.5000000000000827,0.8660254037843909,0.0,control,control
1650.2144613,CONTROL_1,264.71651480000014,1.8013531221129349,2.119448236544983,2.3273443996091943,2.045555386910366,2.10911463980514,0.8102250286463015,0.557258353596209,0.6491838856739425,0.685480874627279,0.6872689552262731,2802.350341796875,-1.1837085191064645,-1.0040170614997443,-0.3825048872717737,-0.706211030138083,-0.4794392796512616,-0.5844577765323433,-1.2973051921623515,-0.5959675977709087,-0.900499441050737,-1.502441935586108,0.2477743782224451,0.1238871891112225,-0.4068409145903309,-0.3174457749246946,-1.1821625453070714,-0.6932609743857591,0.4794392796512616,0.2340119425328827,-0.4207420586170547,-0.5959675977709087,0.0045391381825783,0.1070176833276216,0.1070176833276216,0.0265785909810931,0.0265785909810931,1.0,1.0,0.002844379232909,0.0061263116395662,0.002844379232909,control,control,-1.6381420058771483,-1.561532793529108,-1.6360493278275383,-0.7064931191807677,0.0,0.0,1.3949166794736996,0.3533645943684182,0.0,0.0,0.0,1.0,2.6944086523151533e-14,0.0,control,control
1651.2144613,CONTROL_1,265.71651480000014,2.4183413035802666,2.4033437100036155,1.891441317013959,2.0819505107356826,2.0350313352601503,0.7539993675980765,0.5666173282282342,0.5373810730042985,0.610791384972043,0.7523036824982618,2696.1376953125,-0.3609208660777425,-0.6086666594005519,-1.0205805797784118,-0.647494030353369,-0.5530785210127134,-0.8092021598110379,-1.219019088720152,-1.4895008863784456,-1.6329994136516552,-1.1687879670403991,0.1741852415061057,0.0870926207530528,-0.3096500047668453,-0.0862248718100783,-1.0384917039556556,-0.8146236195894818,0.5530785210127134,0.4061847424379482,-0.4961055722759125,-1.4895008863784456,0.0545746142709501,0.1438894895175992,0.1438894895175992,0.0788207042334599,0.0788207042334599,1.0,1.0,0.0113414708955702,0.024427609495051,0.0113414708955702,control,control,-1.6293605049751898,-1.3438130911952937,-1.359683124059543,-0.8569812510761123,0.0,0.0,-0.4626417785192851,0.1357514352188006,1.0,0.0,2.0,-0.4999999999999376,-0.8660254037844747,0.0,control,control
1652.2144613,CONTROL_1,266.71651480000014,2.364303905976722,2.1902279808690674,1.4672484543885915,1.923848168085175,2.153669398780127,0.7645136814036941,0.5961128593062301,0.5624193201838396,0.6425140235868552,0.7695467626667493,2694.26552734375,-0.432982705972733,-0.9054497964493478,-1.6415148318708352,-0.9025637826621988,-0.4351515866263387,-0.7671744997037533,-0.9722943899317604,-1.2893940481953114,-1.3218869395480148,-1.0803241205771632,0.1728881151358616,0.0864440575679308,-0.337497597227377,-0.1440884899980802,-0.8021117793978048,-1.2734823141600915,0.4351515866263387,0.2822219033670432,-0.4974339748810139,-1.2893940481953114,0.0582780537314827,0.1076060234990072,0.1076060234990072,0.0690168279487422,0.0690168279487422,1.0,1.0,0.0074266264100792,0.0159956968087717,0.0074266264100792,control,control,-1.6460495983328238,-1.7124253208613025,-1.7864413412690805,-0.1043654950044333,0.0,0.0,3.0705273370765505,11.817452630658376,0.0,0.0,0.0,-0.5000000000001014,0.8660254037843801,0.0,control,control
1653.2144613,CONTROL_1,267.71651480000014,1.9267249597143703,1.8645861529128755,1.5105218743280735,1.8368766735632585,2.45133045941536,0.8163224037355862,0.6164896425785722,0.6054247064518476,0.7009649709650796,0.7959527911667128,2842.939453125,-1.0165182825436512,-1.358935813871024,-1.5781711242956935,-1.042876678687226,-0.1392747379537438,-0.5600854387329746,-0.8018463413154915,-0.9456929971901422,-0.7486427314180482,-0.9448507116444758,0.2758964311190323,0.1379482155595161,-0.2635799436063039,-0.1217259940277825,-0.696312035522127,-1.4685534690833588,0.1392747379537438,0.1516980006891379,-0.3919419284326698,-0.9456929971901422,0.0421983720618419,0.0436459107964322,0.0436459107964322,0.0447086605122031,0.0447086605122031,1.0,1.0,0.0019513502085435,0.0042028782087698,0.0019513502085435,control,control,-1.6513810974882015,-1.3428842363887137,-1.3181546837930884,0.6278772968498358,0.0,0.0,-0.8641373064472379,-0.2207503833585442,0.0,0.0,0.0,1.0,4.850529795578401e-14,0.0,control,control
1654.2144613,CONTROL_1,268.71651480000014,1.930987617801532,1.5095607018786494,1.4419181164314974,1.725428570437184,2.904012526282377,0.8561140692847179,0.5794530156957177,0.6067184854515976,0.6612557700332804,0.8894744492650561,2940.8484375,-1.0108337936854392,-1.853341212843617,-1.678593424747886,-1.2226781894244574,0.3106939046002236,-0.4010307799393452,-1.1116509211227446,-0.9353530551370404,-1.138081576546215,-0.4650474791501484,0.3437323986371728,0.1718661993185864,-0.1166237604710276,0.0236791977995283,-1.0543597759675547,-1.7659673187957514,-0.3106939046002236,0.1535897087955557,-0.3224703040498266,-0.9353530551370404,-0.0054033739880615,0.0313261755491682,0.0313261755491682,0.0153589708795555,0.0153589708795555,1.0,1.0,0.0004811378180275,0.0010362894584218,0.0004811378180275,control,control,0.639587643684167,0.4284161652232158,0.4611932875237362,0.4732162565499071,0.0,0.0,-1.0632812565174286,0.0489518296040208,1.0,0.0,7.0,-0.4999999999999189,-0.8660254037844854,0.0,control,control
1655.2144613,CONTROL_1,269.71651480000014,2.4733928656641955,2.01298400098428,1.728486513713239,1.9476979693521776,4.101042682555422,0.7615553938876666,0.5997827303213685,0.5857883568397989,0.6127438937232531,0.8418105567761442,3067.22158203125,-0.2875065821041375,-1.1522782430724057,-1.2591141050389794,-0.8640864090837639,1.5005489351786163,-0.7789993229420327,-0.941596593088979,-1.1026276182979808,-1.6138506336376766,-0.7095821693434473,0.4312896803545807,0.2156448401772903,-0.446990866582062,-0.2815967238373648,-0.8007579723977936,-1.2056961740556926,-1.5005489351786163,-0.4050261898845428,-0.232801846298002,-1.1026276182979808,-0.0820367270688442,0.0,0.0,0.0,0.0,1.0,1.0,0.0,0.0,0.0,control,control,0.6545483551560927,1.3609425336221228,1.3274861803809588,0.0012465185163267,0.0,1.0,0.1105154124755974,2.4036139877813567,0.0,0.0,0.0,-0.5000000000000216,0.8660254037844262,0.0,control,control
1656.2144613,CONTROL_1,270.71651480000014,2.595317205779527,2.4462311179625105,2.1073129709167766,2.1002130914802564,4.00274864036651,0.765999573925123,0.6242577494193917,0.5505734213397958,0.6299146563955837,0.7341494136272066,2837.217333984375,-0.1249137729323449,-0.5489420228116846,-0.7045872763208709,-0.6180306342458511,1.4028440779020854,-0.7612351120270033,-0.7368675546854371,-1.3840670237483184,-1.4454523322826032,-1.2619265732736618,0.271931876786902,0.135965938393451,-0.3108031383134547,-0.1031930847512069,-0.580550261277049,-0.6267646495662778,-1.4028440779020854,-0.2970287121852396,-0.3960020758660129,-1.3840670237483184,-0.200173209547679,0.0,0.0,0.0,0.0,1.0,1.0,0.0,0.0,0.0,control,control,0.6782917643090145,-0.0815542393393175,-0.0469293165260188,1.0532178010830893,0.0,0.0,2.768625829417139,5.16335199835588,0.0,0.0,0.0,1.0,7.006650938841648e-14,0.0,control,control
1657.2144613,CONTROL_1,271.71651480000014,2.7248213205671727,2.481339314498667,2.1325948516256807,2.227026621462328,2.418530020603449,0.8107231201944355,0.5969421642979749,0.6498066377297596,0.6490873369220705,0.7788613847633948,2653.7637695312496,0.0477870823908152,-0.5000506493478897,-0.6675796152482293,-0.4134397651944151,-0.1718785674571243,-0.582466812340643,-0.9653574060289832,-0.5909905343220172,-1.2574206825128127,-1.032536411480581,0.1448265848796259,0.0724132924398129,-0.3937234484378902,-0.3050748682895876,-0.8378440260537756,-0.5838151322980595,0.1718785674571243,0.0890491912102621,-0.5261721231066979,-0.5909905343220172,-0.2881398025478368,0.0391391638001079,0.0391391638001079,0.0089049191210262,0.0089049191210262,1.0,1.0,0.0003485310881045,0.0007506769973221,0.0003485310881045,control,control,0.7565810306723703,0.9438075576151216,0.8010359917408892,1.2529664645234495,0.0,0.0,0.7852150694435986,-3.766765694073168,1.0,0.0,6.0,-0.4999999999999002,-0.8660254037844962,0.0,control,control
1658.2144613,CONTROL_1,272.71651480000014,2.6175919866554618,2.9227987041277,2.847681437202173,2.5223474069641623,1.893742948462322,0.8552935252043427,0.6036532654712379,0.7811211216556533,0.7140136046561399,0.7902168610833196,2584.972607421875,-0.0952091282906064,0.1147219113908564,0.3791653758112004,0.0630073155178325,-0.6935200102372798,-0.4043106466382666,-0.9092202776235556,0.4584809401640906,-0.6206712609300172,-0.974278310035423,0.0971648195352576,0.0485824097676288,-0.5769245781376056,-0.6456967191622192,-0.8202882184058962,0.2469436436010284,0.6935200102372798,0.0108937464574721,-0.5749831061378119,0.4584809401640906,-0.3087011750995788,0.0506443506845219,0.0506443506845219,0.0504781033659528,0.0504781033659528,1.0,0.9773367126016044,0.0024984936435284,0.0053813325989152,0.0024984936435284,control,control,0.8928066448898413,2.086834978843069,2.302690374430373,1.235726094669772,0.0,1.0,2.7439999784625555,-3.842737716478539,0.0,0.0,0.0,-0.5000000000000403,0.8660254037844154,0.0,control,control
1659.2144613,CONTROL_1,273.71651480000014,2.051250927095864,2.520774230101773,2.630879790058842,2.2539311242037154,1.7956229335161484,0.8625247952478503,0.6597081796310316,0.7286082669553546,0.7410456114885483,0.7879921490280039,2533.839794921875,-0.8504560604127797,-0.445133924010571,0.0618107466263124,-0.3700341790709515,-0.7910518834088203,-0.3754059206474793,-0.4403312186297444,0.038795758422079,-0.3555610780182394,-0.9856919660506652,0.061737592606052,0.030868796303026,-0.3967016351709636,-0.4025209989342754,-0.3541969375436311,-0.1916615886921293,0.7910518834088203,0.0982959589022494,-0.6112645522820472,0.038795758422079,-0.2966517191300207,0.1287466853360109,0.1287466853360109,0.0098295958902249,0.0098295958902249,1.0,0.9980620922515768,0.0012630754127568,0.0027204507448567,0.0012630754127568,control,control,1.0165471215441026,2.233144458750446,2.2082755412250754,0.0490369950134487,0.0,1.0,-0.6744907594765952,-0.6306767484709841,0.0,0.0,0.0,1.0,9.162772082104897e-14,0.0,control,control
1660.2144613,CONTROL_1,274.71651480000014,2.233834913984884,2.544258618884664,2.1559509421580207,2.1027064308112675,1.821490157755577,0.7729036306581637,0.6742436144638835,0.6213548781563373,0.6737817346364436,0.8717777418894866,2494.507421875,-0.6069702780826072,-0.4124297655565531,-0.6333909291945705,-0.6140080787610869,-0.765339710054548,-0.7336383182559616,-0.3187449765847903,-0.8183783226188099,-1.0152360627936126,-0.5558386132677209,0.0344862673323676,0.0172431336661838,-0.4515166887559241,-0.3287599403631026,-0.1396461804373459,-0.5229103473755619,0.765339710054548,0.1408511973527211,-0.6391729599102248,-0.8183783226188099,-0.3193735788393814,0.1359286361110903,0.1359286361110903,0.0140851197352721,0.0140851197352721,1.0,1.0,0.0019145711150769,0.0041236622639371,0.0019145711150769,control,control,1.471198251028954,-0.3980045618831399,-0.4069812478632699,0.2527053101729553,0.0,0.0,-0.1934170941700958,3.117246230015588,1.0,0.0,2.0,-0.49999999999998,-0.8660254037844501,0.0,control,control
1661.2144613,CONTROL_1,275.71651480000014,2.053307361375232,2.321358598456108,2.181662902745414,2.05530796230842,1.550096258974666,0.7690702426602509,0.6094993601747716,0.5576897898054615,0.6531982573477084,0.8979401310083202,2459.11748046875,-0.8477136922683768,-0.7228384227667518,-0.5957537164457479,-0.6904770002087884,-1.0351068450264531,-0.7489610802368286,-0.8603187694254614,-1.3271926753644545,-1.2171037769743744,-0.4216151710807704,0.0099664448561344,0.0049832224280672,-0.2856894494662864,-0.0866105481616181,-0.674324304973271,-0.6592960696062499,1.0351068450264531,0.484044538146446,-0.6642840029059238,-1.3271926753644545,-0.3521438020279363,0.2278727074759348,0.2278727074759348,0.0484044538146446,0.0484044538146446,1.0,1.0,0.0110300539446369,0.0237568700700167,0.0110300539446369,control,control,1.4972856509147352,-0.0572797320426567,0.250868469306871,1.9885724187875768,0.0,0.0,0.6462039100464047,-0.5979796161393063,0.0,0.0,0.0,-0.500000000000059,0.8660254037844046,0.0,control,control
1662.2144613,CONTROL_1,276.71651480000014,1.3193733019870988,1.7185326088799584,2.127873485322617,1.7906811262848823,2.365248127360273,0.7666868808986831,0.5780570704347462,0.5955728448016893,0.6709251887825646,0.8513154245825084,2450.834033203125,-1.8264551014889985,-1.5623287269666946,-0.6744907594765952,-1.11740490264981,-0.2248410833819719,-0.7584878187268245,-1.1233277467790632,-1.0244295345721095,-1.043250978538227,-0.6608184242318155,0.0042272814562059,0.0021136407281029,-0.4004658918086119,-0.2468014616227954,-0.9342342022793828,-1.1184097432216449,0.2248410833819719,0.1945025524242066,-0.670161548676683,-1.0244295345721095,-0.3302543562952187,0.0629015453709267,0.0629015453709267,0.0194502552424206,0.0194502552424206,1.0,1.0,0.0012234511126072,0.0026351067061969,0.0012234511126072,control,control,1.4543455747972511,-0.5905248203295378,-0.6830773178687034,0.9298014791931036,0.0,0.0,1.0909783645700086,0.1853013348136591,0.0,0.0,0.0,1.0,1.1318893225368145e-13,0.0,control,control
1663.2144613,CONTROL_1,277.71651480000014,1.4404337286870037,2.0810439698472445,2.276706605007319,1.7799563493908193,3.725024536705518,0.7947009474107855,0.6297055020538265,0.6664458747759066,0.6638443719461713,0.7201619962326055,2519.95107421875,-1.6650143683420793,-1.0574985140086652,-0.4566285793210067,-1.1347074051938943,1.1267846819694325,-0.6465104051399808,-0.6912981047151907,-0.458008976499359,-1.1126944593089725,-1.3336875772661254,0.0521148310944302,0.0260574155472151,-0.4927216172520089,-0.4240202707771051,-0.5361848573169993,-0.757063546664836,-1.1267846819694325,-0.4193944905942154,-0.62111933725408,-0.458008976499359,-0.2876620711292454,0.0,0.0,0.0,0.0,1.0,1.0,0.0,0.0,0.0,control,control,1.4443428665729232,-0.3272406103703831,-0.3322297238032454,1.3900842768049015,0.0,0.0,5.659839431611618,4.113619785441386,1.0,0.0,6.0,-0.4999999999999613,-0.8660254037844609,0.0,control,control
1664.2144613,CONTROL_1,278.71651480000014,3.2994694787606624,2.820429615165775,2.58254538316582,2.77166226852008,4.978738592297236,0.7958088760137212,0.6610094862755741,0.6384155965469952,0.6725677564108742,0.8189286433811304,2499.08447265625,0.8141119871448191,-0.0278364041418576,-0.0089412424776521,0.4652320954792055,2.3729838425629914,-0.6420818092650467,-0.4294460276136176,-0.6820282662507674,-1.0271418747234091,-0.8269754687761633,0.0376574642363877,0.0188287321181938,-0.4080790991068265,-0.3057748591692114,-0.2736327583269045,-0.0183888233097548,-2.3729838425629914,-0.7711950104710881,-0.6359252992927037,-0.6820282662507674,-0.2748651991415031,0.0,0.0,0.0,0.0,1.0,1.0,0.0,0.0,0.0,control,control,1.3751227113773683,-0.2800956999920354,-0.193971438749464,0.3304307797144666,0.0,0.0,-0.5823887604250327,-0.4499937683458602,0.0,0.0,0.0,-0.5000000000000776,0.8660254037843939,0.0,control,control
1665.2144613,CONTROL_1,279.71651480000014,7.141327492365221,4.736856071840306,3.0995182808043227,4.673092522217116,4.578665734378988,0.7645835582512204,0.6941584567251845,0.6354715351921306,0.7086255585754614,1.0062834723109353,2462.784130859375,5.937440817797069,2.6409626471759067,0.7478045866729869,3.532848524889908,1.97530906378046,-0.7668951889991752,-0.1521609796618345,-0.7055573417852754,-0.673513282273148,0.1342291801984522,0.0125068733815308,0.0733680267899915,-0.5382921260718266,-0.4324585248040353,0.0212208108904613,1.6943836169244468,-1.97530906378046,-0.7836424152106665,-0.5242166134091832,-0.7055573417852754,-0.2643125777295106,0.0,0.0,0.3388767233848894,0.3388767233848894,1.0,1.0,0.0,0.0,0.0,control,control,1.3173996960851293,-0.4637469447629708,-0.5305318962267479,0.5948121030053655,0.0,0.0,2.0322980462657507,-5.288102906964136,0.0,0.0,0.0,1.0,2.1063305964697886e-14,0.0,control,control
1666.2144613,CONTROL_1,280.71651480000014,8.594750407035773,5.298087318942008,2.9723277363213385,5.082256901840142,2.775571192813978,0.7609487572136465,0.710863284034239,0.6828432594499098,0.6793946675372956,0.8021699936989994,2534.3544921875,7.875660162575987,3.422528469656766,0.5616228458417658,4.192961811096841,0.1830224621050755,-0.7814241621103963,-0.0124281680965848,-0.3269603141046335,-0.960188515741634,-0.912953994534026,0.0620941991750556,0.0310470995875278,-0.6747498270706566,-0.6257057799549616,0.1751660975341323,1.992075657749266,-0.1830224621050755,-0.3885672484017958,-0.6108993472363957,-0.3269603141046335,-0.2085495527631327,0.0,0.0,0.3984151315498532,0.3984151315498532,1.0,1.0,0.0,0.0,0.0,control,control,1.2024375899518387,-0.148742160052331,-0.1207685716285104,1.9703515149836857,0.0,0.0,0.0212290726336293,2.5226964050887086,1.0,0.0,4.0,-0.4999999999999427,-0.8660254037844717,0.0,control,control
1667.2144613,CONTROL_1,281.71651480000014,5.031764156874544,3.334564634385102,2.3872871556491964,3.2539503449150606,1.930111954721866,0.6968826398518011,0.7030792895685193,0.6645129457602045,0.6353607862777298,0.7276020840327853,2573.738427734375,3.1242221567914523,0.6881436152128899,-0.2947605764417982,1.2433173415625247,-0.6573690036579731,-1.037508301756149,-0.0775398517901845,-0.4734570352628586,-1.3920406674303265,-1.2955169732674874,0.0893812493834584,0.0446906246917292,-0.8829709955870808,-0.811952440297652,0.1706645674759204,0.1966915193855458,0.6573690036579731,-0.2222454927810353,-0.582954353275972,-0.4734570352628586,-0.2512410631853028,0.0986053505486959,0.0986053505486959,0.0393383038771091,0.0393383038771091,1.0,1.0,0.0038789672437934,0.0083546391775771,0.0038789672437934,control,control,1.1179152579618148,-0.1143567352372935,-0.2722481473468929,0.9483171087880804,0.0,0.0,1.7238164627266206,3.290290202864832,0.0,0.0,0.0,-0.5000000000000964,0.866025403784383,0.0,control,control
1668.2144613,CONTROL_1,282.71651480000014,1.9240587287136988,1.935211004681582,1.89711172966864,1.8356916701267807,1.6034277212427672,0.7526101591728653,0.6938755658131393,0.645137314858064,0.6645598896869611,0.7767320594298642,2578.016943359375,-1.0200738481336722,-1.260584250865133,-1.0122802198454366,-1.044788469037452,-0.9820950571986722,-0.814755083244021,-0.1545273101706758,-0.6283079802922231,-1.1056771838135406,-1.0434606957462185,0.0923456070347618,0.0461728035173809,-0.6063904910210882,-0.5121442939772547,0.0376182597609841,-1.1364322353552847,0.9820950571986722,0.0610674062835652,-0.5799185192070809,-0.6283079802922231,-0.4106059281676063,0.1564743695223356,0.1564743695223356,0.0061067406283565,0.0061067406283565,1.0,1.0,0.0009555483896585,0.0020580895662589,0.0009555483896585,control,control,1.0766643878231954,-0.6814091900287369,-0.7521301555801398,1.2732673837201376,0.0,0.0,5.674716880987768,8.963239939309936,0.0,0.0,0.0,1.0,4.262451739733036e-14,0.0,control,control
1669.2144613,CONTROL_1,283.71651480000014,2.047976873648284,2.2026884523166577,2.043377458747391,1.9813653743046733,1.5112002299020106,0.7763799090545124,0.6591186799485529,0.6408743423015391,0.6818384369188537,0.7216066667861063,2591.885302734375,-0.8548221906449963,-0.8880974507527613,-0.7981761905363014,-0.8097700941060831,-1.0737697271761537,-0.7197429895087846,-0.445262275175592,-0.6623778556086038,-0.9362218102078684,-1.3262758438179203,0.1019542612568211,0.0509771306284105,-0.5006550227028759,-0.4012983443615853,-0.2780708104554985,-0.8431368206445313,1.0737697271761537,0.2082990979130088,-0.5700781816787484,-0.6623778556086038,-0.5728195808399429,0.1923103237633743,0.1923103237633743,0.0208299097913008,0.0208299097913008,1.0,1.0,0.0040058066959269,0.0086278298980587,0.0040058066959269,control,control,0.5960829952424802,0.9753593564787808,0.8882900065971148,0.9625562291007188,0.0,0.0,4.1734834762131925,-11.397103911169657,1.0,0.0,6.0,-0.499999999999924,-0.8660254037844825,0.0,control,control
1670.2144613,CONTROL_1,284.71651480000014,2.210963576061146,2.414082251423061,1.9423688914328128,1.842624840311568,1.5290087641922014,0.7529446012345306,0.6106235124646036,0.6129345122149996,0.7069319360783888,0.7251546116758968,2608.5521484375,-0.6374704643376267,-0.5937122586966066,-0.9460327075277164,-1.0336030433688548,-1.0560679391289878,-0.8134182563665756,-0.8509154420411313,-0.8856742795915022,-0.6901230949580177,-1.3080734780617111,0.1135018389481258,0.0567509194740629,-0.5176199883780656,-0.3847688464393402,-0.6617486078180032,-0.7698724831121615,1.0560679391289878,0.3007901386622831,-0.558252169472355,-0.8856742795915022,-0.6869578236652307,0.2035287116686906,0.2035287116686906,0.0300790138662283,0.0300790138662283,1.0,1.0,0.0061219429404581,0.0131856293489149,0.0061219429404581,control,control,-0.330607025969664,-0.8431149977204073,-0.8569995401876318,0.6380907284447596,0.0,0.0,4.348079120911276,5.98061778653699,0.0,0.0,0.0,-0.5000000000000165,0.8660254037844292,0.0,control,control
1671.2144613,CONTROL_1,285.71651480000014,1.7875239530017648,1.9914066018217875,1.6825356548341417,1.5345446841085997,1.4696739393114164,0.7260872578321027,0.561161909090253,0.5888746421872256,0.6652836231098379,0.8089909174467442,2585.6297363281246,-1.2021504762429145,-1.1823267441323897,-1.3263770524033147,-1.5306350785466345,-1.115047104777331,-0.9207720333956376,-1.2646526675841363,-1.077961881987608,-1.0985793349076944,-0.877959947921595,0.0976201094703348,0.0488100547351674,-0.5556878883837666,-0.3939936060856254,-1.0466621729190189,-1.254351898267852,1.115047104777331,0.4044603696513824,-0.5745168382785598,-1.077961881987608,-0.7455367657537173,0.227926121164307,0.227926121164307,0.0404460369651382,0.0404460369651382,1.0,1.0,0.0092187083219321,0.0198555380523783,0.0092187083219321,control,control,-0.3097103954116753,0.6367622702069229,0.6003227260444609,0.502178111822519,0.0,0.0,-0.95224250069009,-0.8329984259260329,0.0,0.0,0.0,1.0,6.418572882996284e-14,0.0,control,control
1672.2144613,CONTROL_1,286.71651480000014,1.5165345137279558,1.6873817306046113,1.5631159508666437,1.479000287037408,1.655409704787926,0.670527686770489,0.5257042688375093,0.5089763336262775,0.5630436984721352,0.8745379182663858,2544.0298828125,-1.563529788574965,-1.6057091729521993,-1.5011838233358217,-1.6202459936385782,-0.9304246591752644,-1.1428539316015345,-1.5612493143090926,-1.7165128870825592,-2.101273855134437,-0.5416778127128581,0.0687977666602314,0.0343988833301157,-0.5506741419551677,-0.2931972088927838,-1.284135552241238,-1.5534464981440106,0.9304246591752644,0.4897581825310718,-0.6040341437257267,-1.7165128870825592,-0.7763992304740858,0.2130274262559504,0.2130274262559504,0.0489758182531071,0.0489758182531071,1.0,1.0,0.0104331925112386,0.0224713315228601,0.0104331925112386,control,control,-1.6671449675212486,-1.7474950553716695,-1.77999457175889,-0.2949450527555015,0.0,0.0,1.9059662354056708,4.667864893635027,1.0,0.0,4.0,-0.4999999999999053,-0.8660254037844933,0.0,control,control
1673.2144613,CONTROL_1,287.71651480000014,1.761167292274781,2.178221612127864,2.164214075024561,1.9055548668315188,1.7540237222780637,0.702596869994557,0.5980427855780728,0.4997112344800042,0.5857459947121775,0.7257445679989584,2578.498681640625,-1.237298532028449,-0.9221697626106876,-0.6212953408938375,-0.9320767407971416,-0.8324017445633944,-1.0146674652874643,-0.9561509112181528,-1.7905599911917045,-1.878626311945031,-1.3050467679221438,0.0926793780631073,0.0463396890315536,-0.3995563906282564,-0.1309723919495007,-0.7140689671541752,-0.7717325517522626,0.8324017445633944,0.4296901824682738,-0.5795767003113029,-1.7905599911917045,-0.7576505153714669,0.1893137890547502,0.1893137890547502,0.0429690182468273,0.0429690182468273,1.0,1.0,0.0081346276562695,0.0175206117094219,0.0081346276562695,control,control,-1.675645136409589,-2.0310064463702515,-2.0932340447762923,-1.372497275397604,0.0,0.0,4.371288095744792,-3.405982407292309,0.0,0.0,0.0,-0.5000000000000352,0.8660254037844183,0.0,control,control
1674.2144613,CONTROL_1,288.71651480000014,1.9937589829424915,2.501847325889828,2.722692550788925,2.2503600798981505,1.777451082433735,0.717324532456098,0.683773868484302,0.51791094720287,0.6799111467748521,0.6901801776564715,2719.47294921875,-0.927124728012722,-0.4714913685288824,0.1962064259020943,-0.375795418096472,-0.8091148104888286,-0.9557982700597404,-0.2390261525247363,-1.645107039046163,-0.9551232645382132,-1.4875062088151991,0.1903530072746588,0.0951765036373294,-0.4038049323029155,-0.1570388764459911,-0.0238707109191335,-0.137642471313394,0.8091148104888286,0.252773036320399,-0.479547970288702,-1.645107039046163,-0.6915269201614491,0.1592831770213841,0.1592831770213841,0.0252773036320399,0.0252773036320399,1.0,1.0,0.0040262492290454,0.008671859655813,0.0040262492290454,control,control,-1.7628717830281817,-2.0463991384372906,-2.119712081229957,-0.6494219585471834,0.0,0.0,0.0664306290484476,-1.483570887630352,0.0,0.0,0.0,1.0,8.574694026259533e-14,0.0,control,control
1675.2144613,CONTROL_1,289.71651480000014,1.8399843089207368,2.116835418786648,2.24379629477791,2.0094677409643458,3.234480423975736,0.7034685567399792,0.6430058675174635,0.4805932392360902,0.6456600297555984,0.7483743942096568,2781.2126953125,-1.1321917081171304,-1.007655649106602,-0.5048027488295471,-0.7644319695533067,0.639180942670647,-1.0111831718819304,-0.5800429910468213,-1.9433519000352992,-1.2910332084133662,-1.1889467758191348,0.2331292186441159,0.1165646093220579,-0.3601511592000902,-0.0686483741947952,-0.3563883504068532,-0.7562291989680745,-0.639180942670647,-0.0566542279294264,-0.4357403414230072,-1.9433519000352992,-0.5980027214423943,0.0,0.0,0.0,0.0,1.0,1.0,0.0,0.0,0.0,control,control,-1.864636195834262,-2.2495578066396,-2.3357169437881327,-0.8867974476333025,0.0,0.0,2.780634612961,8.997821849878735,1.0,0.0,6.0,-0.4999999999999852,-0.8660254037844473,0.0,control,control
1676.2144613,CONTROL_1,290.71651480000014,2.4438869246420776,3.3197500631980885,3.2415239416314505,2.5975468344040205,8.238529372010978,0.7336918649916131,0.7313957452324144,0.5430774002134541,0.6277370618560763,0.7610582909975938,2639.113818359375,-0.3268543762648879,0.6675129704042245,0.9556727206459464,0.1843280942570261,5.613235090661646,-0.8903750097897254,0.1593220977693971,-1.4439755738872389,-1.466808589339493,-1.1238733500135631,0.1346764069548777,0.0673382034774388,-0.4018181097985515,-0.1852217737154656,0.3650812993474688,0.8115928455250854,-5.613235090661646,-1.7728168412532552,-0.5365670415254344,-1.4439755738872389,-0.5286407697344563,0.0,0.0,0.162318569105017,0.162318569105017,1.0,1.0,0.0,0.0,0.0,control,control,-1.8693137739558368,-2.147396471673934,-2.205880712791993,-1.04700832862408,0.0,0.0,0.9774231499937516,-9.036937489217149,0.0,0.0,0.0,-0.5000000000000538,0.8660254037844075,0.0,control,control
1677.2144613,CONTROL_1,291.71651480000014,3.353858936449188,4.453021714952915,4.182886373463951,3.341427625070268,10.097891035470075,0.7306064123108548,0.6825139956274322,0.5476316044272381,0.6731053356971991,0.7715378759269609,2468.85966796875,0.8866433185142771,2.245697355489787,2.333640690074161,1.3844462319241448,7.46145154313569,-0.9027081357493804,-0.249564757518859,-1.407578161595324,-1.0218696896499606,-1.0701089191154092,0.0167162923703772,0.0083581461851886,-0.4121453157373141,-0.2010085914980155,-0.025977260127811,2.289669022781974,-7.46145154313569,-2.247442300801482,-0.657371403464845,-1.407578161595324,-0.518533600221036,0.0,0.0,0.4579338045563948,0.4579338045563948,1.0,1.0,0.0,0.0,0.0,control,control,-0.4336437142523848,-0.254725249305431,-0.145982822714418,-0.30502402586905,0.0,0.0,0.2316314361154504,0.7787098544277945,0.0,0.0,0.0,1.0,1.0730815169522781e-13,0.0,control,control
1678.2144613,CONTROL_1,292.71651480000014,5.614151240627415,4.669018366529593,3.665195185677831,4.180518330491879,8.752566202843541,0.7244086763850407,0.5234531693980904,0.5155637010015383,0.6486259383087857,0.8452648213287014,2341.620361328125,3.90086734415253,2.5464924404292506,1.57584342655276,2.7381684779609854,6.12419073021964,-0.9274816344046756,-1.580079347566154,-1.663866340063435,-1.261945743175957,-0.6918604209066876,-0.0714411073555266,0.0,-0.3451284153824734,-0.0955484643729581,-1.348208938964985,2.061167933491005,-6.12419073021964,-1.511398017205409,-0.6744907580950871,-1.663866340063435,-0.5386730075611764,0.0,0.0,0.412233586698201,0.412233586698201,1.0,1.0,0.0,0.0,0.0,control,control,-0.4513437561873293,-0.2057572570833754,-0.1034832545105676,-0.7832485452449206,0.0,0.0,0.7934389806990009,1.2970080903367305,1.0,0.0,6.0,-0.4999999999999664,-0.866025403784458,0.0,control,control
1679.2144613,CONTROL_1,293.71651480000014,5.415515347799593,3.922307086673293,2.9474429122771904,3.971730733572573,5.624353521254442,0.7137512412980554,0.6665146678091886,0.620038433269582,0.6674875072019606,0.9594304850926122,2391.087255859374,3.635975462952498,1.50662871471822,0.5251963970074505,2.401327165311452,3.014728887172393,-0.9700813767874792,-0.3833961954521034,-0.8288994114970366,-1.0769652491166786,-0.106145244041627,-0.0371681070576912,0.0,-0.6799665827635165,-0.555631671038961,-0.1408758512552335,1.0159125558628352,-3.014728887172393,-1.1022531182015871,-0.6744907580950871,-0.8288994114970366,-0.5423453875716029,0.0,0.0,0.203182511172567,0.203182511172567,1.0,1.0,0.0,0.0,0.0,control,control,-0.4203078937942998,-0.324519888565265,-0.3094841838722207,1.239152385006568,0.0,0.0,3.713283930523704,-5.312974289693479,0.0,0.0,0.0,-0.5000000000000726,0.8660254037843967,0.0,control,control
1680.2144613,CONTROL_1,294.71651480000014,3.4735198161527854,3.200194346673432,2.701006379812158,3.0443517587925,2.33753824930495,0.7878509875237949,0.7249570408693098,0.6594489332965794,0.6799718140462025,0.8678292711952487,2670.782275390625,1.0462176788148705,0.50102070469303,0.1644621710061808,0.9051676433968044,-0.2523848654897629,-0.673890963795664,0.1054635186384188,-0.5139288588433851,-0.9545282842430324,-0.5760958354024305,0.1566178093321455,0.0783089046660727,-0.5135930893669975,-0.4365037605404896,0.2543590334208166,0.3327414378496054,0.2523848654897629,-0.1769494545629823,-0.5140965893426931,-0.5139288588433851,-0.5387004086171354,0.0378577298234644,0.0378577298234644,0.066548287569921,0.066548287569921,1.0,1.0,0.0025193670910362,0.0054262904733595,0.0025193670910362,control,control,-0.4090027089128619,0.04461835099287,-0.035795269885131,-0.6514828444595809,0.0,0.0,6.319884547899443,-0.1731299302034203,0.0,0.0,0.0,1.0,1.5182525406244242e-14,0.0,control,control
1681.2144613,CONTROL_1,295.71651480000014,3.0127986934813125,3.3091815733657755,2.863877990570456,2.709450784160905,2.224886266502536,0.8774398636001494,0.6101996767373247,0.6555157766135201,0.6733801526237182,0.7652908380035529,2524.95283203125,0.4318207379819114,0.6527953820824262,0.4028739188780645,0.3648650317138266,-0.3643616003611841,-0.3157876293565698,-0.8544607500361671,-0.5453628303303732,-1.0191744859194931,-1.1021587036264355,0.0555802850838499,0.0277901425419249,-0.1318581743764204,-0.0500537498268644,-0.7824613783325058,0.5278346504802454,0.3643616003611841,0.2693010292486875,-0.6175703244415981,-0.5453628303303732,-0.3856140949127742,0.0950493944414807,0.0950493944414807,0.1324970330209178,0.1324970330209178,1.0,1.0,0.0125937627539311,0.0271248342881614,0.0125937627539311,control,control,-0.2328333997624226,-0.7629424593248919,-0.7965026215336782,0.8977793065032448,0.0,0.0,3.9303507127813697,2.907576536431213,1.0,0.0,2.0,-0.4999999999999478,-0.8660254037844688,0.0,control,control
1682.2144613,CONTROL_1,296.71651480000014,2.287890589975624,2.4122219741480087,2.201480408479423,2.050283257091568,1.67874089825042,0.782014381791799,0.730032429087674,0.7224319334824731,0.7111591624784742,0.7965373058588416,2453.991015625,-0.5348840629536117,-0.5963028648790442,-0.5667448169910873,-0.6985834601992036,-0.9072333153605192,-0.697220958165196,0.1479182086759963,-0.0105657864960035,-0.6486655453545389,-0.9418519192318248,0.0064145879469506,0.0032072939734753,-0.6943247563849637,-0.6927398884105631,0.3214216247239265,-0.5815238409350657,0.9072333153605192,-0.1384653716806059,-0.6679215019802967,-0.0105657864960035,-0.1986605866498544,0.1360849973040779,0.1360849973040779,0.0,0.0,1.0,1.0,0.0,0.0,0.0,control,control,-1.860163975096844,-2.260018014484881,-2.3360910227820826,-0.5685033597794326,0.0,0.0,2.060220445957257,0.124526808479698,0.0,0.0,0.0,-0.5000000000000913,0.866025403784386,0.0,control,control
1683.2144613,CONTROL_1,297.71651480000014,2.2162101192665182,1.8301769919905988,1.5602955027310803,1.786870259870576,1.6529809561980178,0.7353205447200492,0.7419878759986562,0.660314591802745,0.6703153292578357,0.9766790179858668,2439.7966796875,-0.6304739105945779,-1.406853716332756,-1.505312400235448,-1.123553051602466,-0.93283884958857,-0.8838648751945639,0.2479233257289055,-0.5070104757244311,-1.049232035407358,-0.0176534229356993,-0.0034199182298256,0.0,-0.706411208691013,-0.6303596373323483,0.4688895445275465,-1.456083058284102,0.93283884958857,-0.0974179179623354,-0.6744907580950871,-0.5070104757244311,-0.1076112570402648,0.1399258274382855,0.1399258274382855,0.0,0.0,1.0,1.0,0.0,0.0,0.0,control,control,-1.872991053196165,-2.0180829030908467,-2.105747312987688,-0.6501556377495251,0.0,0.0,0.4721054182224494,-2.501920474866408,0.0,0.0,0.0,1.0,3.674373683887671e-14,0.0,control,control
1684.2144613,CONTROL_1,298.71651480000014,1.9781457702007368,1.6655318299266,1.3061962905698945,1.6775221462546417,1.767951977141586,0.7636266829450896,0.5349850139902627,0.5370090453004406,0.5800720955363701,0.9154191613238336,2398.519873046874,-0.947945805391343,-1.6361371572861514,-1.877263270139464,-1.2999666061891255,-0.8185569771365325,-0.7707199968634442,-1.4836175860893182,-1.492474149123306,-1.934271771701201,-0.3319408066952408,-0.032018438911049,0.0,-0.2483540446702871,-0.0244829223017911,-1.2909375868734572,-1.7567002137128076,0.8185569771365325,0.5847927836849622,-0.6744907580950871,-1.492474149123306,0.0035253597509179,0.2105024641232242,0.2105024641232242,0.0609470301941388,0.0609470301941388,1.0,1.0,0.0128295000368587,0.0276325725122246,0.0128295000368587,control,control,-1.297809901719871,-1.421649241027377,-1.508727207367423,2.524007352961352,0.0,0.0,0.8589591798779708,1.1036357784714237,1.0,0.0,6.0,-0.4999999999999291,-0.8660254037844796,0.0,control,control
1685.2144613,CONTROL_1,299.71651480000014,1.7439995046643193,1.6302716487705775,1.5160095242402074,1.6923285470038485,1.81876927394644,0.7988263276856526,0.5374668707773667,0.5699463372384505,0.6339901405696126,0.7254098596224205,2393.888427734375,-1.2601927204424217,-1.6852401832283916,-1.5701382927839922,-1.27607913615945,-0.7680442845976007,-0.6300204959351803,-1.462857310011734,-1.2292377771533254,-1.4054829596226537,-1.3067639547671086,-0.0352273229147625,0.0,-0.1997872739315164,-0.0154016073585175,-1.305352186027939,-1.6276892380061918,0.7680442845976007,0.5606102799776921,-0.6744907580950871,-1.2292377771533254,0.0536493970879672,0.1992981846862939,0.1992981846862939,0.0936156059593462,0.0936156059593462,1.0,1.0,0.0186574203260051,0.0401849268146243,0.0186574203260051,control,control,0.3919521726562324,0.1026901048440455,0.1614153397501183,-0.4740460422772678,0.0,0.0,1.3384945969268902,-2.0769358274744487,0.0,0.0,0.0,-0.5000000000000114,0.866025403784432,0.0,control,control
1686.2144613,CONTROL_1,300.71651480000014,1.953183438082356,2.085777524218687,2.232008035387477,1.982614880909773,2.2703629291438707,0.8465285222363069,0.6330864490088086,0.6659895517179589,0.7088153477725234,0.7579947628009627,2431.103173828125,-0.9812344473373874,-1.0509066067784825,-0.5220584234836837,-0.8077542394708648,-0.3191575296582521,-0.4393459872596519,-0.6630171045568382,-0.4616559316420724,-0.6716519684217668,-1.1395904658289762,-0.009443189585972,0.0,-0.2777664111849265,-0.2085180214386156,-0.5531806077419252,-0.786482515131083,0.3191575296582521,0.1309778654541823,-0.6744907580950871,-0.4616559316420724,0.101906567878789,0.0675203092668651,0.0675203092668651,0.0844323840605705,0.0844323840605705,1.0,1.0,0.0057009006839084,0.0122787755626104,0.0057009006839084,control,,,,,,,,,,,,,,,,,
1687.2144613,CONTROL_1,301.71651480000014,3.689798391429703,2.969948334822877,2.6632349776683544,2.8624188850034127,2.311201992882083,0.8643514661401608,0.6361212337895931,0.6661313811810772,0.7080224519012669,0.770758441614039,2388.873291015625,1.3346370467990087,0.1803820828161775,0.1091723266757291,0.6116516064029847,-0.2785632595988275,-0.3681043786915147,-0.6376316873915503,-0.4605224239639074,-0.6794281121155009,-1.0741077265623824,-0.0387020464421677,0.0,-0.2069215303041471,-0.1378431667095609,-0.5456055927186716,0.1447772047459533,0.2785632595988275,0.1525511645663463,-0.6744907580950871,-0.4605224239639074,0.2293604316722363,0.064667163624776,0.064667163624776,0.2047628595763907,0.2047628595763907,1.0,1.0,0.0132414333445035,0.0285198071636912,0.0132414333445035,control,,,,,,,,,,,,,,,,,
1688.2144613,CONTROL_1,302.71651480000014,4.064729821200993,2.9351693168634885,2.17729754889985,2.8872438184004072,1.84761149765781,0.9308152943460606,0.5643921969489564,0.6854002812660538,0.7570067518082713,0.7646457999882862,2424.613232421875,1.834628716679248,0.1319491206158743,-0.6021437290179495,0.6517021806481238,-0.7393749442337029,-0.1024361446148321,-1.237631903088292,-0.3065244765987248,-0.1990258693718263,-1.1054680047134762,-0.0139397274393603,0.0,0.0048474221947215,0.0508260936845302,-1.212022866934584,-0.2350973042010375,0.7393749442337029,0.5087878832867131,-0.6744907580950871,-0.3065244765987248,0.2981519131923121,0.2067101546858005,0.2067101546858005,0.2595851275632898,0.2595851275632898,1.0,1.0,0.0536588818727408,0.1155721532416353,0.0536588818727408,control,,,,,,,,,,,,,,,,,
1889.2144613,TARGET_1,0.0073538000001462,5.420509665590825,5.905563547327869,6.096669052197809,6.23763520948989,3.8984387501970783,3.161102011005969,3.960854989488787,2.629976333145143,3.1212010564420543,3.805040005912254,2852.292333984374,3.642635660242104,4.268494656550009,5.13503911279241,6.056957333330613,1.299159432275775,8.812433033009883,27.173155385990928,15.234617942752504,22.98726541955371,14.49296125458539,0.2823765486100639,7.387668901597727,1.6333995276470754,-0.6517931637658003,23.123129902339027,4.701766884671209,-1.299159432275775,-7.769967793775015,14.457109122436163,15.234617942752504,-0.3746926068709124,-3.4250306868192486,0.0,-1.2282129914311826,0.0,0.1143414229451007,0.4668576446914607,0.0,0.0,0.0,target,target,10.282216548035986,-1.5538702959852086,-1.331025749219839,-1.9309693574032087,0.0,0.0,0.0,0.0,0.0,0.0,0.0,0.0,1.0,1.0,target,target
1890.2144613,TARGET_1,1.0073538000001463,12.683872242990743,10.096268199431986,8.839635512595871,10.58689458777241,4.653363442208836,3.3868169087647213,3.6793818428492897,2.602378955346712,3.241519888607252,3.971077444830912,2780.8671875,13.328728891303378,10.104434022204376,9.15019820118585,13.073706697998002,2.0495590256283265,9.714657294101178,24.818684224308456,15.014058413413643,24.167264662702955,15.34479923017473,0.2328898345171574,7.788844532345943,2.5125257163199173,0.2604169543078705,20.442808767696675,9.627316111695112,-2.0495590256283265,-7.06936854138144,15.278806630426663,15.014058413413643,-0.2986559241610206,-3.122978069453911,0.0,-0.3663577722249771,0.0,0.1010822239763301,0.472034633197175,0.0,0.0,0.0,target,target,-2.329789761906146,-1.0327858246136936,-1.1582630016462805,-1.0373326899377404,0.0,0.0,-1.2265599185674656,0.0227870311989127,0.0,0.0,0.0,0.8660254037844387,-0.4999999999999998,0.0,target,target
1891.2144613,TARGET_1,2.0073538000001463,10.46534958879021,7.467599436033735,6.128491867379562,7.4884194903360335,3.552866475455252,2.298548532521873,1.33001589914464,1.286401889226734,1.5401330878364583,2.019958531264727,2758.355859375,10.370206989798596,6.443772441608526,5.18162140515363,8.074873269038466,0.955658554394642,5.364646987408191,5.166669711619833,4.49670837950393,7.481305357037754,5.334784643762486,0.2172929234346273,2.7760387835985565,3.0967893586821766,2.422283101756587,3.131498268868146,5.812696923381077,-0.955658554394642,-0.5381076996524353,5.011458177321528,4.49670837950393,-0.3294070020413753,0.6403516290148661,0.6403516290148661,0.4108206580779863,0.4108206580779863,0.47155538107355,0.7986476501922459,0.0990737760751913,0.2133881518057918,0.0990737760751913,target,target,-0.0027919265206545,1.094686155876696,0.9621772688000392,2.034448829258179,0.0,0.0,-0.7021718648778144,-0.068770622666369,0.0,0.0,0.0,-0.8660254037844385,-0.5000000000000004,0.0,target,target
1892.2144613,TARGET_1,3.0073538000001463,2.959507075204828,2.7553849526179426,3.254853541747049,2.857372330066536,4.721600884851808,2.107764006932639,1.33691549270692,1.1130355350186374,1.2520366939650962,1.4990266473737113,2699.8061035156243,0.3607534358116626,-0.1184170434856509,0.9751846125416384,0.6035098958110829,2.117387445803921,4.602045894894679,5.224383544231099,3.111156398202842,4.655866308099199,2.662197278625764,0.1767268879270031,1.4194620832763831,3.158275634704588,2.691602174974162,3.719006549688333,0.4283837845279937,-2.117387445803921,-0.5115561477347162,2.232885381227882,3.111156398202842,-0.3387754546288447,1.339185658419039,1.339185658419039,-0.2492560502785836,0.0,0.7153861535477106,0.8559375852638739,0.0,0.0,0.0,target,target,0.4825126328796261,1.965423192379251,2.063764856817451,5.11987043636945,0.0,0.0,-0.7686557048404798,-0.0481730332712928,0.0,0.0,0.0,-2.4492935982947064e-16,1.0,0.0,target,target
1893.2144613,TARGET_1,4.007353800000146,3.0739070256429866,2.953710261939513,3.2412983592581,2.859487948359257,5.056198428856199,2.1038547293808723,1.2618914031708854,1.07838228301331,1.22974185536554,1.5105749630153005,2659.91103515625,0.5133120577673709,0.1577690817508783,0.9553425127744262,0.6069230661971614,2.449979376647464,4.586419788308159,4.596820818077632,2.8342059934151016,4.437214811902079,2.721444722344872,0.1490857007710311,1.4352652115579514,3.2356313877233864,2.8105004887111207,3.091399568111105,0.5565557972626523,-2.449979376647464,-0.4122143991609336,2.2652537259929924,2.8342059934151016,-0.3346597285745111,1.4362533786433165,1.4362533786433165,-0.2284768994464184,0.0,0.7119211921356573,0.8678726430612066,0.0,0.0,0.0,target,target,0.904386520790136,0.2560563274426776,0.0486529870107647,3.2734109532156594,0.0,0.0,-0.8115858191555277,-0.0021674698142921,0.0,0.0,0.0,0.8660254037844392,-0.4999999999999992,0.0,target,target
1894.2144613,TARGET_1,5.007353800000146,3.3034108105191007,2.763238228303825,2.5260122542485064,2.489845975003373,2.634518311624592,1.804009441771884,0.8667902581160084,0.9328882876323058,1.025752763467713,1.2608428652771024,2660.56123046875,0.8193679696818277,-0.1074806391027821,-0.0916945351791345,0.010572088683487,0.0428150668433603,3.387882625981061,1.2918723244620915,1.671411202647406,2.4366387614327136,1.4402199217069618,0.149536186784963,0.7948780542459624,2.604169191492978,2.3534575110958675,0.2461821544053357,-0.0995875871409583,-0.0428150668433603,0.8512089935992031,0.9535974563163462,1.671411202647406,-0.3402617953889875,1.5192417321808356,1.5192417321808356,-0.0579187190875316,0.0,0.8667197301251856,0.9198261813242864,0.0,0.0,0.0,target,target,1.175964045632178,0.2564593675333826,0.1529904431783609,4.7501298562280905,0.0,0.0,-0.7177349122176203,0.1316653595769806,1.0,0.0,8.0,-0.8660254037844378,-0.5000000000000013,0.0,target,target
1895.2144613,TARGET_1,6.007353800000146,3.5723169006877,3.1534690546550044,2.535946399892209,2.608772701233735,2.023288232579896,1.7142686664479707,0.9268142844748118,0.9229941575394404,1.0350366201218135,1.3060868749458214,2645.27431640625,1.17796902146983,0.4359514636704912,-0.0771529154609886,0.2024390154723864,-0.5647512342902157,3.029172122109423,1.793962277827612,1.5923368539017126,2.527688047967541,1.6723396523818452,0.1389446908929766,0.9056421716374108,2.245443680334472,2.006593152249214,0.8102587043909036,0.1793992741047513,0.5647512342902157,0.7300207178371518,1.180467166885686,1.5923368539017126,-0.3147693147387221,1.3142781867223368,1.3142781867223368,-0.0681881484281874,0.0,0.837721079133985,0.9234701129278288,0.0,0.0,0.0,target,target,1.3776748903621454,-0.2206261636439008,-0.3270702401747043,0.3603085157704546,0.0,0.0,-0.6938498135181855,-0.6262897837573125,0.0,0.0,0.0,-4.898587196589413e-16,1.0,0.0,target,target
1896.2144613,TARGET_1,7.007353800000146,3.194770961426146,2.5718577479663813,2.2038072695271005,2.3978763513925814,1.9909290800416064,1.8944633126706776,0.9970319165853426,0.8959071987829897,1.0385444104503996,1.358638917412757,2610.1458984375,0.6744907594765952,-0.3739954550439041,-0.563338753731511,-0.1378043915195757,-0.5969164226366949,3.749443504969817,2.3813198706200005,1.37585661733071,2.562089893949344,1.9419524924717888,0.1146060642030621,1.0282792783374255,3.010823869319712,2.804445376720105,1.18688917479319,-0.4686671043877075,0.5969164226366949,1.0522728859417685,1.431655417713943,1.37585661733071,-0.2639668179562254,1.9028715256639288,1.9028715256639288,-0.1095210240629145,0.0,0.8067444619972902,0.9335200565878834,0.0,0.0,0.0,target,target,1.4269042143869786,-0.5673215296895481,-0.5520343859023416,-0.4592004618913915,0.0,0.0,-0.7623919540847959,0.0191177690715843,0.0,0.0,0.0,0.8660254037844393,-0.499999999999999,0.0,target,target
1897.2144613,TARGET_1,8.007353800000146,2.265882011296021,1.6631074236335444,1.739493782700389,1.899763307118004,2.643662361433003,1.9248772730169736,1.1387068791381318,1.0217461293414982,1.1511567675238152,1.5403267586974123,2581.4083984375,-0.5642337123346141,-1.6395133647019804,-1.2430016454991966,-0.9414203828763332,0.0519043062475476,3.8710137388035872,3.5664049050023863,2.3815672141565885,3.6665096570454097,2.874083245132579,0.0946953672532698,1.4843893061929243,2.6663678873005505,2.309132805177062,2.2275541437532587,-1.4412575051005885,-0.0519043062475476,0.2477584698402433,2.3658708698323707,2.3815672141565885,-0.244645407476501,1.1379203166695546,1.1379203166695546,-0.3301047834908312,0.0,0.7012571469452703,0.8877382342399425,0.0,0.0,0.0,target,target,1.5842740651173064,0.1493429202797683,-0.0682934677702461,1.978443567418035,0.0,0.0,-0.6805135533648312,0.1593745795151292,1.0,0.0,9.0,-0.8660254037844377,-0.5000000000000016,0.0,target,target
1898.2144613,TARGET_1,9.007353800000146,1.81438257657695,1.9433070472458207,1.8699469669061533,1.8278745813578856,2.7413760770873696,1.8979787864416864,1.0415459589069669,1.0699973629175832,1.1383936813409858,1.5813996267293386,2531.36005859375,-1.166333025408682,-1.2493097714090506,-1.05204404695181,-1.0573999386882584,0.1490323155283218,3.7634955048906393,2.753671656882622,2.7671933212922246,3.541338627997278,3.0848033633410066,0.0600195141877941,1.5724114387644004,2.4018749827472607,1.9867959845534269,1.419694920968862,-1.1506769091804303,-0.1490323155283218,0.1773174430908004,2.5461599039571405,2.7671933212922246,-0.2326809459669673,0.8486452708702228,0.8486452708702228,-0.364192241284491,0.0,0.6825469346335932,0.8707854434432191,0.0,0.0,0.0,target,target,1.644455097508924,-0.1945848422064136,-0.2427384592214119,0.2815116834312744,0.0,0.0,-0.6654694490003767,-0.1440228868154731,0.0,0.0,0.0,-7.34788079488412e-16,1.0,0.0,target,target
1899.2144613,TARGET_1,10.007353800000146,2.3218050044744727,2.255156130676364,2.059847294616208,2.03974583193838,1.9828287717745745,1.8478553578330017,0.814086958324485,0.9206896253404264,1.0236741716556266,1.4138004790703689,2441.9591796875,-0.4896573270978478,-0.8150314117489956,-0.7740676160685587,-0.7155837043368756,-0.6049681767969843,3.5631428751401315,0.8510189039275322,1.5739189251813372,2.4162534508297098,2.2249532019430207,-0.0019216361192065,1.1124766009715104,2.734152101083786,2.498064262306585,-0.3178859651003782,-0.7945495139087771,0.6049681767969843,1.173234524194328,1.6041103847787817,1.5739189251813372,-0.0517862685686916,1.668519303596749,1.668519303596749,-0.1232931052973844,0.0,0.7861430090735277,0.9243209249583496,0.0,0.0,0.0,target,target,1.6250856151082018,-0.5753439448107925,-0.5304047999260368,-1.1432975197395336,0.0,0.0,-0.7444575924361249,0.0404896851774725,0.0,0.0,0.0,0.8660254037844403,-0.4999999999999972,0.0,target,target
1900.2144613,TARGET_1,11.007353800000146,2.720452034084364,2.333191360398483,2.0756047541084026,2.0562711257337973,2.060281389413981,1.80712971480506,0.8663214357604898,0.9175981948341844,1.0610235503932814,1.5802565273688003,2367.71884765625,0.0419603987061284,-0.7063602199448824,-0.751001819383281,-0.6889231088987331,-0.5279798183610994,3.400354935339965,1.2879507115864082,1.5492120685219617,2.782548883135901,3.0789388098311488,-0.0533588436886247,1.5394694049155744,2.473263360128385,2.2408815498500907,0.0529946265225232,-0.7286810196640817,0.5279798183610994,0.8635161598631331,2.47868724348862,1.5492120685219617,0.0931427503410111,1.3009665804801729,1.3009665804801729,-0.2202515452982719,0.0,0.6894899990305047,0.9254634837689768,0.0,0.0,0.0,target,target,1.5996681280316245,-0.6746868632550549,-0.6991088220563708,-0.5526421391041424,0.0,0.0,-0.6559373654760414,0.1449953952296403,1.0,0.0,1.0,-0.8660254037844376,-0.5000000000000018,0.0,target,target
1901.2144613,TARGET_1,12.007353800000146,2.617355370818524,2.1791792720493377,1.8072036772206184,1.9325259268520232,2.48028306113689,1.7460631294483635,0.9632698761378976,1.0368065116658307,1.1050981909129556,1.5939674438006004,2331.0684570312496,-0.0955246685148621,-0.9208361336154228,-1.1438877838161745,-0.8885637764500915,-0.1104956811971846,3.156260480796246,2.098906604764565,2.501930491471537,3.214800771883321,3.1492812541184327,-0.0787519649004869,1.5746406270592164,1.886924652016404,1.5116350782956731,0.9161813278006994,-1.0323619587157986,0.1104956811971846,0.1344311968180378,2.5507257806612555,2.501930491471537,0.0607311713648832,0.5433944112357374,0.5433944112357374,-0.3266539274619662,0.0,0.6820796309034542,0.8824117240583671,0.0,0.0,0.0,target,target,1.536572318011569,0.2671983596882191,0.0022702227169114,1.975027869398707,0.0,0.0,0.5438585253202713,4.121597845238959,0.0,0.0,0.0,-9.797174393178826e-16,1.0,0.0,target,target
1902.2144613,TARGET_1,13.007353800000146,2.309059575323895,2.160134128467024,1.957145845434464,1.9616610559698968,2.5287194226250587,1.6824744683821826,0.97781771629681,0.8485089064250656,1.009821209546907,1.3061006086605864,2286.5036132812497,-0.5066540574285775,-0.9473582372670748,-0.9244021764894738,-0.8415594750400268,-0.0623496523961647,2.902084822415296,2.220596615083009,0.9970472561556972,2.280393714581435,1.6724101117906325,-0.1096285929481977,0.8362050558953161,2.3440670187869723,2.1945099303636177,1.2860241455053565,-0.9358802068782742,0.0623496523961647,0.6291985671107926,1.0382444080882147,0.9970472561556972,0.1603653120369187,1.416851833176834,1.416851833176834,0.0194389139236901,0.0194389139236901,0.85578452195819,0.9513698717094604,0.0224238538624612,0.048297187425684,0.0224238538624612,target,target,1.4853562889461438,-0.7781184447289589,-0.6859553438164127,0.5754811711224077,0.0,0.0,-0.2211707282131857,-1.3663310899072147,0.0,0.0,0.0,0.8660254037844404,-0.499999999999997,0.0,target,target
1903.2144613,TARGET_1,14.007353800000146,2.795070664349107,2.684964574531647,2.326173713000874,2.403521163791938,1.922120632492724,1.7062752798147829,0.8531329625673674,0.6884736790131614,0.9448854768452264,1.1250995375411752,2175.56796875,0.1414684436118417,-0.2164838581946599,-0.38421854037068,-0.1286974998923185,-0.6653124250542412,2.99722107492399,1.177631556204955,-0.2819617385906349,1.6435514675080942,0.743802762713194,-0.1864900457256346,0.371901381356597,3.0029323380915627,3.045226598880158,0.3353509421348083,-0.3003511992826699,0.6653124250542412,1.5983791709199846,0.0872465331481415,-0.2819617385906349,0.2701704187683891,2.4433223873640144,2.4433223873640144,0.3358702302576495,0.3358702302576495,0.9869982822034354,1.0,0.8099695328594432,1.7445373385657872,0.8099695328594432,target,target,-0.9835237062670188,20.80508625183057,15.19333916368028,75.19260771779469,1.0,1.0,-0.4132134112622975,0.4368173266278862,1.0,0.0,7.0,-0.8660254037844375,-0.500000000000002,0.0,target,target
1904.2144613,TARGET_1,15.007353800000146,2.908310546557881,2.732906728123378,2.5530749497185847,2.520060161443688,2.035618363122128,1.7200090050996586,0.7700789746624358,0.8066464432869375,0.9585296010037024,1.2579007957318022,2109.04638671875,0.2924800508199766,-0.1497200261790224,-0.0520801143533909,0.0593172554048923,-0.5524950118579914,3.052117319125033,0.482900205383276,0.6624805000620955,1.7773630736441193,1.4251259369898202,-0.2325793388250676,0.7125629684949101,2.642108401979572,2.542736326970258,-0.4582698665217097,-0.1009000702662067,0.5524950118579914,1.3448530153940057,0.7849977317879274,0.6624805000620955,0.2604569682429767,1.9020505394445997,1.9020505394445997,0.1990555195412951,0.1990555195412951,0.888918556840156,0.967418568057304,0.3255912073203628,0.7012683752114109,0.3255912073203628,target,target,-1.1623768874567904,-1.193733926466396,-0.9903332725866112,-1.1813076346629978,0.0,0.0,-0.2842293829701519,-0.5982686677385031,0.0,0.0,0.0,-4.777360477947854e-15,1.0,0.0,target,target
1905.2144613,TARGET_1,16.007353800000146,2.682812361500638,2.3864227197597305,2.31264159285359,2.195318268409712,2.3308019755565907,1.6852599524906722,0.8661117376604018,0.8434409291709596,0.9620452125959532,1.4523091398179089,2045.355859375,-0.0082341735663604,-0.6322306853264926,-0.4040268814419431,-0.4645955015589942,-0.2590807612989325,2.913218918420999,1.2861966255032014,0.9565437457848972,1.8118416248684768,2.4225179188374533,-0.2767071435580424,1.2112589594187266,2.275613867541604,2.132132305673869,0.2550771560432699,-0.5181287833842179,0.2590807612989325,0.7907391740226589,1.8064387705237392,0.9565437457848972,0.2495577673948851,1.3144330858509057,1.3144330858509057,-0.0172014609998754,0.0,0.7626425664543671,0.9532985149440866,0.0,0.0,0.0,target,target,-1.174930679448278,-1.310132657981374,-1.073518698705594,-1.47236348218426,0.0,0.0,-0.5092446465074957,0.3920573900699251,0.0,0.0,0.0,0.8660254037844405,-0.4999999999999968,0.0,target,target
1906.2144613,TARGET_1,17.007353800000146,3.854463272970474,3.2545247684050884,2.6600884313596445,2.763787767115149,3.518217659773535,1.711126564876596,0.8970499225378762,0.7853117298033494,0.9715191938490464,1.5221506015834472,1978.1543945312496,1.5542267172153412,0.5766807841446276,0.1045664067015439,0.4525280008450654,0.9212174273884224,3.0166125600395004,1.5449888582916085,0.4919724757530975,1.904755514631892,2.7808323435239406,-0.3232674915732151,1.3904161717619703,2.496818150585424,2.423022279222459,0.4432316753412408,0.3406235954230858,-0.9212174273884224,0.537668062239492,2.1733928515739938,0.4919724757530975,0.2098062096986452,1.4175487349422118,1.4175487349422118,-0.057253055638481,0.0,0.721798743374253,0.9757014567998074,0.0,0.0,0.0,target,target,-1.1818949161868713,-1.232541047743516,-1.022508042677361,-1.2536042069629736,0.0,0.0,-0.7059501901748592,-0.5876353350341883,1.0,0.0,7.0,-0.8660254037844356,-0.5000000000000053,0.0,target,target
1907.2144613,TARGET_1,18.007353800000146,3.880028208666552,3.320187505653392,2.47554058161947,2.776618281693214,3.1448314195712306,1.705867197812138,0.8044470957192607,0.7631719563153238,0.942117198876838,1.3761177804387907,1913.32900390625,1.5883189641546265,0.6681221490166641,-0.1655750575948132,0.4732277331865165,0.5500693039052876,2.995589895560303,0.7703832241919752,0.3150303743747055,1.6164022187268212,2.031625998595874,-0.3681815831743032,1.015812999297937,2.631376014704672,2.584121458548466,-0.2324674995225847,0.2512735457109254,-0.5500693039052876,0.9506814397491572,1.406121687258887,0.3150303743747055,0.1516904004595577,1.7193044335871743,1.7193044335871743,0.0405878803499581,0.0405878803499581,0.8098402661157416,0.9843718876566772,0.0556298288021555,0.1198172394716776,0.0556298288021555,target,target,2.30298557170539,0.4753277473844902,-0.0236605526586456,0.2852199380602833,0.0,0.0,-0.7786486574035396,0.0380917768020611,0.0,0.0,0.0,-1.469576158976824e-15,1.0,0.0,target,target
1908.2144613,TARGET_1,19.007353800000143,2.5973216813443054,2.360767418040281,1.8523228462261845,2.025886813904998,1.7499482877733683,1.4526771145917017,0.7139205563149618,0.8065317354749207,0.8780253901570008,1.1998712694858693,1848.3314453125,-0.1222406945897821,-0.6679580385216409,-1.0778422655391604,-0.7379427423989026,-0.8364527504814928,1.983542228270943,0.013145352874466,0.6615637498833399,0.9878365617926148,1.1274114306491094,-0.4132149608737036,0.5637057153245547,1.611068486980635,1.5118339244981345,-0.6236666330244084,-0.8729001520304007,0.8364527504814928,0.977497236565777,0.4801047507554906,0.6615637498833399,0.1133861552210005,1.2137049794753356,1.2137049794753356,0.1051043196979544,0.1051043196979544,0.9305162748539212,0.9674629131308898,0.1148396865285607,0.2473452555567058,0.1148396865285607,target,target,2.079793109943821,-0.0996856553316492,-0.3658317962155027,0.0592797198728136,0.0,0.0,-0.8287528979717805,-0.0170968532077172,0.0,0.0,0.0,0.8660254037844406,-0.4999999999999966,0.0,target,target
1909.2144613,TARGET_1,20.007353800000143,2.339037459204265,2.3605493129739408,2.236145159623669,2.06420505844594,1.9221411818589087,1.3987519815818394,0.8608357041807496,0.8307353130809089,0.9015831562734604,1.2588677148517884,1828.282861328125,-0.466676901525789,-0.6682617697669019,-0.5160024938117085,-0.6761231325176453,-0.6652919988631366,1.7679934817452565,1.2420635747158648,0.8549998699409729,1.218873928823758,1.4300866159251966,-0.4271055665278262,0.7150433079625983,1.2899827002752664,1.1617327197841203,0.6213043772889011,-0.5921321317893051,0.6652919988631366,0.4597469306293906,0.7900780223224465,0.8549998699409729,0.1138476593452798,0.8057445487033805,0.8057445487033805,0.007156351256268,0.007156351256268,0.8882414201971992,0.9581509040825816,0.0049074282635959,0.0105697702133962,0.0049074282635959,target,target,2.10451465839675,-0.7564803480730398,-0.7714672236604347,-0.6500899240836866,0.0,0.0,0.7548736182978008,3.83975285973845,1.0,0.0,3.0,-0.8660254037844355,-0.5000000000000056,0.0,target,target
1910.2144613,TARGET_1,21.007353800000143,2.487218879188408,2.4258871622262808,2.4379146238545,2.230191733764787,1.7198180750777563,1.356883803091431,0.800833386138901,0.7530763519951224,0.8987237269723318,1.1527773901504446,1832.20908203125,-0.2690688331163437,-0.5772728411323176,-0.2206520001898771,-0.4083334245957652,-0.8664023594870769,1.6006386160415262,0.7401552074335958,0.2343458342159114,1.190830734334155,0.8858011342183741,-0.4243852954333355,0.442900567109187,1.4078924322886606,1.372740557156274,0.2292704116459174,-0.3989624206610974,0.8664023594870769,0.7972101760347446,0.232668761047305,0.2343458342159114,0.0298554342642009,1.1597416123709952,1.1597416123709952,0.0657195074313193,0.0657195074313193,0.965701678245298,0.9883510884145166,0.0727461093331423,0.1566828119065543,0.0727461093331423,target,target,2.082686344613081,-0.2660837400753197,-0.5440824780618511,-0.4852493214409354,0.0,0.0,0.1301938329903363,-2.537124387640004,0.0,0.0,0.0,-1.7145055188062944e-15,1.0,0.0,target,target
1911.2144613,TARGET_1,22.007353800000143,2.420371858850196,2.3270574078278994,2.5430941077674083,2.2781158594568,1.9642876380463832,1.164037144188333,0.7150862593883703,0.6764192875901978,0.8232673427490896,1.038800640560738,1834.31953125,-0.3582130090148777,-0.7149023096995855,-0.0666900882078539,-0.3310164496227852,-0.6233981730034316,0.8297947946525779,0.0228962449300423,-0.37830099654964,0.4508096198343522,0.3010551620625783,-0.4229230765617408,0.1505275810312891,0.9245682481871296,0.9813133976695756,-0.2221843489909244,-0.3907961989537197,0.6233981730034316,0.7156513166120969,-0.3661765716462181,-0.37830099654964,-0.0676384373830851,0.867915999492176,0.867915999492176,0.0715651316612096,0.0715651316612096,1.0,1.0,0.0621125227745279,0.133779865509442,0.0621125227745279,target,target,2.0231027747377337,-0.3898639012105606,-0.5279226848067274,-0.2576365463988215,0.0,0.0,0.0582778230304326,-1.5674012047436685,0.0,0.0,0.0,0.8660254037844407,-0.4999999999999964,0.0,target,target
1912.2144613,TARGET_1,23.007353800000143,2.41970807071647,2.5699769420311305,2.8104620720338067,2.371011221431838,1.953582263234971,1.183130028940964,0.7812674950700788,0.7583009005916314,0.8069858646306832,0.9807026871543356,1860.1506835937496,-0.3590982069766246,-0.3766146492625126,0.3246836041681333,-0.1811464567284326,-0.6340393786629825,0.9061125920558104,0.5764901231292505,0.2761006700510576,0.2911327719848626,0.0029895972242822,-0.4050260345023996,0.0014947986121411,0.8091036578849049,0.7676885573772463,0.3495882754622626,-0.0259655225471896,0.6340393786629825,0.4865831855944461,-0.671429075878116,0.2761006700510576,-0.0294445217245391,0.6868385795742403,0.6868385795742403,0.0486583185594446,0.0486583185594446,1.0,0.986289818990164,0.0329622105277801,0.0709950247441685,0.0329622105277801,target,target,-1.3000554935797357,2.623606866155399,1.7575908289096434,9.489474540371988,0.0,0.0,-0.4406885994341614,0.2378012355880389,1.0,0.0,8.0,-0.8660254037844354,-0.5000000000000058,0.0,target,target
1913.2144613,TARGET_1,24.007353800000143,2.586751159216091,2.688941828311814,2.688338855564954,2.3015409648138494,2.309786798124494,1.337214212111406,0.7985967724257297,0.7464807807897197,0.8592674464547949,0.9801199647578906,1876.280859375,-0.1363370668614156,-0.2109451686830475,0.145919426921287,-0.2932242466670136,-0.2799699715289663,1.5220156170098518,0.721446344615396,0.1816337218040137,0.8038723479341511,0.0,-0.3938502870738706,0.0,1.458443814378447,1.431198756107845,0.3409424403629331,-0.0325128708808802,0.2799699715289663,0.7200497738272749,-0.6744907580950871,0.1816337218040137,0.0367790248841701,1.1395818148571566,1.1395818148571566,0.0977502948016466,0.0977502948016466,1.0,0.9909594278654372,0.1103873887167527,0.2377557593349243,0.1103873887167527,target,target,-1.3114938044901812,-1.126724892234446,-0.9459248329795744,-1.311505207028981,0.0,0.0,-0.4986872889157014,0.1413304025198226,0.0,0.0,0.0,-1.959434878635765e-15,1.0,0.0,target,target
1914.2144613,TARGET_1,25.007353800000143,3.0556428264135467,2.752671516233265,2.143171555912743,2.1799859464610134,2.3971635605824995,1.4298385635176565,0.8738345334696984,0.7263619311541251,0.8958820572507966,1.12502924091657,1889.9075195312496,0.4889557441947169,-0.1221957517288073,-0.6520974170673279,-0.4893314510472236,-0.1931169546509217,1.892252308678663,1.3507963936787406,0.0208429380246144,1.162961712832286,0.7434421131224478,-0.3844090934833044,0.3717210565612239,1.7920270162297418,1.7889005755260496,0.7848030523687688,-0.3871465843980676,0.1931169546509217,0.7197778687457643,0.0868771875956446,0.0208429380246144,0.0995232308681141,1.3747261499217294,1.3747261499217294,0.1286124703429096,0.1286124703429096,0.9870529652320696,0.9989583959452596,0.174336022316982,0.3754902969193426,0.174336022316982,target,target,-1.3323537784636788,-0.752977399889963,-0.7717417789094423,-0.6649831323484497,0.0,0.0,-0.3432352431356748,-0.0133423060589005,0.0,0.0,0.0,0.8660254037844408,-0.4999999999999961,0.0,target,target
1915.2144613,TARGET_1,26.007353800000143,2.784172240807805,2.824447586018797,2.4095448421592773,2.242492036750715,1.88467985487193,1.3232006006155237,0.7464817188140357,0.7060395313561271,0.7849869465167787,1.0894444435036958,1908.7766601562496,0.1269347967826027,-0.0222410123837125,-0.2621797361115106,-0.3884890934913264,-0.7025287786836037,1.4660006157731735,0.2855134953073068,-0.141574628137678,0.075383447815324,0.5608779758570588,-0.3713356618804375,0.2804389879285294,1.4454419886392285,1.4666781828598805,-0.1510964056181189,-0.1422103742476115,0.7025287786836037,0.927077622831544,-0.1000889254252576,-0.141574628137678,0.1099966565570247,1.2636830202519602,1.2636830202519602,0.1697054218730717,0.1697054218730717,1.0,1.0,0.2144538600656964,0.4618973320680354,0.2144538600656964,target,target,-1.3173059252017765,-0.7825754238772854,-0.6497437164679922,-0.938628548766352,0.0,0.0,0.0442334290511751,0.5939494257630661,1.0,0.0,4.0,-0.8660254037844353,-0.5000000000000059,0.0,target,target
1916.2144613,TARGET_1,27.007353800000143,1.8772761776200904,2.3958173658328343,2.5408114309870835,2.0833828467343407,1.8203715423978115,1.4051294054173542,0.6753776991802009,0.7133791057713628,0.7850378843565247,1.0821497977887289,1932.2841796875,-1.082460951441654,-0.6191477817587385,-0.0700314744598228,-0.6451832133074233,-0.7664516203132371,1.7934852262636585,-0.3092585662776146,-0.0829164074039708,0.0758830089502374,0.5234535474935058,-0.3550485423527108,0.2617267737467529,1.75707427541836,1.7695117365289557,-0.8230615662802174,-0.3445896281092807,0.7664516203132371,1.23214058832789,-0.1384157294075271,-0.0829164074039708,0.072148133171494,1.5340939354777292,1.5340939354777292,0.1737177520528348,0.1737177520528348,1.0,1.0,0.2664993499090777,0.5739945118411925,0.2664993499090777,target,target,-1.3144224010690269,-0.7292689182788067,-0.6852780751091979,-0.7790120431279667,0.0,0.0,-0.3004465908438204,0.2105560586762669,0.0,0.0,0.0,-9.309791596066238e-15,1.0,0.0,target,target
1917.2144613,TARGET_1,28.007353800000143,1.9549518115559363,1.9739948818241528,1.7310323357914343,1.7577539832723903,1.796272805944285,1.4749287293926026,0.7408366650229412,0.7495983317359902,0.8549949445024738,1.1849249968549516,1953.182128906249,-0.9788762241108976,-1.2065741561056782,-1.255387526241069,-1.1705269378558247,-0.7904059063849331,2.072486054846753,0.2382936574081655,0.2065493342372507,0.7619707687767793,1.050731118645714,-0.3405694563582202,0.525365559322857,1.8688523980330007,1.837869997897413,-0.4111692461342369,-1.2309808411733736,0.7904059063849331,1.1203081748366344,0.401575527572604,0.2065493342372507,0.0172951477255736,1.498937701514519,1.498937701514519,0.0639010917556744,0.0639010917556744,0.941541993483205,0.9897256784634596,0.089257844378593,0.1922462956460012,0.089257844378593,target,target,-1.3349530708936943,-0.9260799368591732,-0.7794490917965028,-0.8800740414817512,0.0,0.0,-0.7961634307448283,-0.1255798168405748,0.0,0.0,0.0,0.8660254037844409,-0.4999999999999959,0.0,target,target
1918.2144613,TARGET_1,29.007353800000143,2.160674141843083,2.2612964914628906,2.0590506138770657,2.0014004800198046,2.190139477528142,1.3036109807173462,0.6722166455191851,0.732982560710876,0.7888038949247296,1.21257976964255,1976.21494140625,-0.704534189049529,-0.8064803979677168,-0.7752337987239056,-0.7774470471064805,-0.3989001133977742,1.3876972759706636,-0.3357001994289453,0.0737553179481484,0.1128172904771093,1.19261108150344,-0.3246112362768321,0.5963055407517199,1.2128065295008816,1.2017432318086594,-0.8317009036095413,-0.7908570983458112,0.3989001133977742,0.7630110151234669,0.5468764917619602,0.0737553179481484,-0.0768000285537545,0.9284969738184536,0.9284969738184536,-0.0057303722519473,0.0,0.9212429632561702,0.9963190255602492,0.0,0.0,0.0,target,target,-1.3418405260473838,-0.8098289673305293,-0.7050494323400235,-0.9194208535380308,0.0,0.0,-0.7193364588543667,-0.19928856133142,1.0,0.0,9.0,-0.8660254037844352,-0.5000000000000061,0.0,target,target
1919.2144613,TARGET_1,30.007353800000143,2.5677641433241867,3.3247607138054405,3.712056172064961,3.0577705803644672,5.102082070940861,1.24225502594292,0.6146868907847375,0.7230940127147227,0.7950899917314578,1.209751027805667,2001.52744140625,-0.1616572961834195,0.6744907594765952,1.6444386201505914,0.9268165034785568,2.4955879873157825,1.14244615825723,-0.8169260288840234,-0.0052744184205082,0.17446673754054,1.1780985129195791,-0.3070735410513735,0.5890492564597897,0.9970298905894606,0.9978210533525368,-1.2497998825632783,1.1594646898135932,-2.4955879873157825,-0.1172860931464867,0.5320139969767477,-0.0052744184205082,-0.1304610931353683,0.6183957308331868,0.6183957308331868,0.1520908384162065,0.1520908384162065,0.9232990496081368,1.0,0.0868384224479027,0.1870352701387408,0.0868384224479027,target,target,2.46937734874201,-0.2183971774609146,-0.6882706861920039,2.3794311399732275,0.0,0.0,-0.3859311802419901,0.2670796546897275,0.0,0.0,0.0,-9.554720955895708e-15,1.0,0.0,target,target
1920.2144613,TARGET_1,31.007353800000143,3.143874166240689,3.230643348848858,3.3134907921599748,3.026448807903481,4.95553664966257,1.2378672150812804,0.6527646228174164,0.6725104518693046,0.83008902069419,1.1130254006639275,2008.7497802734367,0.6066170855307954,0.5434237240399656,1.0610179219579312,0.8762844455117885,2.3499209748329064,1.1249072653805956,-0.498412795761858,-0.4095405937736963,0.5177116555952567,0.6818576473133965,-0.3020695636541304,0.3409288236566982,1.1830142672872146,1.2444453563532691,-0.8648718180211815,0.8022208229989485,-2.3499209748329064,0.0476312717105153,0.0238078007639413,-0.4095405937736963,-0.2405588027311684,0.8531843889161553,0.8531843889161553,0.16163612165625,0.16163612165625,0.9964351989295,1.0,0.1374138103086138,0.2959660989613707,0.1374138103086138,target,target,2.693193311403605,-0.49147086605154,-0.7847958672417568,-0.191185890286055,0.0,0.0,-0.2653365009111031,-0.6177489726910008,0.0,0.0,0.0,0.866025403784441,-0.4999999999999957,0.0,target,target
1921.2144613,TARGET_1,32.007353800000146,2.380013678066588,1.9079005126022688,1.5978837199346825,1.6923599199230923,2.147326760162713,1.1997629327031865,0.6592643862988462,0.6268802120833318,0.7864271469861189,1.012242301817232,2034.050756835937,-0.4120328613959765,-1.2986166079631278,-1.4502907023399343,-1.2760285215853295,-0.4414562067952808,0.9725973897172964,-0.4440434683233739,-0.7742195964065249,0.0895078823134194,0.1648003411160361,-0.2845398524102946,0.082400170558018,1.2229742058200757,1.3391071452810543,-0.7077928583922025,-1.3744536551515312,0.4414562067952808,0.975457697021356,-0.5057167608330001,-0.7742195964065249,-0.3403551692640907,1.109265558457891,1.109265558457891,0.0975457697021356,0.0975457697021356,1.0,1.0,0.1082041627038442,0.2330534598736088,0.1082041627038442,target,target,2.730383041939383,-0.7962066978213492,-0.7706509765786526,0.2863647355047261,0.0,0.0,-0.4347548202590606,-0.5036880981692907,1.0,0.0,5.0,-0.8660254037844349,-0.5000000000000063,0.0,target,target
1922.2144613,TARGET_1,33.007353800000146,2.1847806532604155,2.0428171557517447,1.6681286313123125,1.6055222631212966,2.4599678556458286,1.241419138247836,0.6505567631986123,0.6707477135555903,0.7890896658780013,0.973231395411068,2079.119921875,-0.6723868310489165,-1.110732847545262,-1.3474660785600456,-1.4161254944712782,-0.1306891151922252,1.1391049602878398,-0.5168811358631445,-0.4236284805164178,0.115619923302798,-0.0353410953898106,-0.2533138067600835,0.0,1.287374928468586,1.3509192005460486,-0.8016573759351044,-1.2290994630526535,0.1306891151922252,0.901474590049989,-0.6744907580950871,-0.4236284805164178,-0.3231919987210497,1.0782275009414544,1.0782275009414544,0.0901474590049989,0.0901474590049989,1.0,1.0,0.0971994694391821,0.2093512124175949,0.0971994694391821,target,target,2.792318828427225,-0.5195038500381332,-0.5983352494507318,1.0425747234798393,0.0,0.0,-0.5134451224377995,0.1192701821942374,0.0,0.0,0.0,-9.799650315725178e-15,1.0,0.0,target,target
1923.2144613,TARGET_1,34.007353800000146,2.0951557215013765,2.1640616346495443,2.071499502640705,1.8905867130827707,3.7915742661847673,1.2226094583750573,0.7304109940229064,0.7620702389996578,0.805226009418222,1.083357060506744,2118.983154296875,-0.7919066038256071,-0.9418888258333882,-0.7570110936411497,-0.956225170258768,1.1929355053129778,1.0639191852544174,0.1510848348123454,0.3062253982504314,0.2738733971938464,0.5296472844989437,-0.2256946770448651,0.2648236422494718,0.8905343853043985,0.8446005755668338,-0.1811008720636269,-0.8494499597372689,-1.1929355053129778,0.0285359947617026,-0.1320726493791804,0.3062253982504314,-0.4571898436739031,0.5748305877291349,0.5748305877291349,0.0028535994761702,0.0028535994761702,1.0,0.984805351614082,0.0016154119312638,0.0034793239954416,0.0016154119312638,target,target,2.705845775390885,-0.1811102943148725,-0.3644080069353432,-0.0434413976010474,0.0,0.0,0.2584585816655423,0.8255900783265199,0.0,0.0,0.0,0.8660254037844448,-0.4999999999999894,0.0,target,target
1924.2144613,TARGET_1,35.007353800000146,1.905483263185868,2.279806327221125,2.550885219428104,2.039008219577612,5.314993862810041,1.1500828326742671,0.7201288087234095,0.7663930308960563,0.794859156220094,1.1080076855933845,2134.804833984375,-1.0448452524241274,-0.7807037594019226,-0.0552854453714295,-0.7167737094880129,2.7072235633264645,0.7740168264288226,0.0650762437414981,0.3407733525185238,0.1722028714125236,0.656114777057069,-0.2147326702768967,0.3280573885285345,0.5727318059152057,0.521615803037427,-0.210442309997841,-0.4179946023866761,-2.7072235633264645,-0.5961805177177723,-0.0025557800680942,0.3407733525185238,-0.5414760577254686,0.3421288608311986,0.3421288608311986,0.0,0.0,1.0,0.983105669537662,0.0,0.0,0.0,target,target,2.49086292357744,0.5454749314189704,0.1276285285465533,1.2142908413082014,0.0,0.0,0.2654995429040421,-1.6001661732767742,1.0,0.0,1.0,-0.8660254037844313,-0.5000000000000128,0.0,target,target
1925.2144613,TARGET_1,36.007353800000146,2.376686411514995,2.969190332338579,3.059726666133822,2.369581883011304,4.641722217106853,1.3212807787337588,0.5780314741702876,0.779466813880394,0.8247418648028702,1.0990656508338172,2159.904248046875,-0.4164699542272768,0.1793264950559772,0.6895575517227581,-0.1834524377201062,2.037987579264088,1.4583267320557003,-1.1235418548289222,0.445259635337313,0.4652706553693294,0.6102385889103055,-0.1973426110505967,0.3051192944551527,1.2262060360738525,1.1594170907732555,-1.5644033614566355,0.4344420233893677,-2.037987579264088,0.1923403577991159,-0.0495381321690843,0.445259635337313,-0.3703344498912353,0.8103879918258776,0.8103879918258776,0.1061224404577851,0.1061224404577851,1.0,0.9779830095300708,0.0841068824928358,0.1811519952128611,0.0841068824928358,target,target,1.613273435196891,2.154493631868807,1.801744682880514,2.198749428222728,0.0,0.0,0.0166722133018075,0.4396341239454895,0.0,0.0,0.0,-2.939152317953648e-15,1.0,0.0,target,target
1926.2144613,TARGET_1,37.00735380000015,2.51297735624854,3.1482791535528345,3.0454936556813434,2.5298522024268486,4.056873454215287,1.4262650952442597,0.5693875259591612,0.7026269155823588,0.7944867042683104,1.119103782046301,2208.031689453125,-0.2347184881299986,0.4287240518960062,0.6687232462004172,0.0751149559721384,1.4566444618770378,1.8779684939880423,-1.195846893619141,-0.1688484124216135,0.1685501346521578,0.7130421568152409,-0.1639976471251082,0.3565210784076204,1.847935168733702,1.873262430596944,-1.754469286718057,0.5487236490482117,-1.4566444618770378,0.7897805441737987,0.0557442293273873,-0.1688484124216135,-0.2590261975821706,1.4125246069926876,1.4125246069926876,0.1803611498279141,0.1803611498279141,0.991673226832512,1.0,0.2526431955562251,0.5441506996274844,0.2526431955562251,target,target,1.0599512049933055,0.9679558572242758,0.7786752919760208,1.168923892536336,0.0,0.0,-0.5871357631330827,-0.1834738097557293,0.0,0.0,0.0,0.8660254037844414,-0.4999999999999953,0.0,target,target
1927.2144613,TARGET_1,38.00735380000015,2.234803206638848,3.1394057134428635,3.323985064226825,2.61105934244355,7.054774842229131,1.4078367268224472,0.5755067226511859,0.7323314103175911,0.8089967157229588,0.9762235132256112,2245.52158203125,-0.6056790066058911,0.4163669752834714,1.0763794557111266,0.2061281006385432,4.43657611106146,1.8043068914638765,-1.144660937459396,0.0685512936629175,0.3108537310755658,-0.0199903431831725,-0.1380228793198604,0.0,1.7803139386818554,1.7700312446324178,-1.595737660325365,0.7463732154972991,-4.43657611106146,-0.1310941347910885,-0.6744907580950871,0.0685512936629175,-0.2146661726658715,1.2343946589204453,1.2343946589204453,0.1492746430994598,0.1492746430994598,1.0,0.996578302711144,0.1836333271335295,0.3955151185237241,0.1836333271335295,target,target,1.2646559700830708,0.3814024267821613,0.3211164126800614,-0.1398793063664351,0.0,0.0,-0.3902086170074675,0.1298535823057329,1.0,0.0,4.0,-0.8660254037844347,-0.5000000000000068,0.0,target,target
1928.2144613,TARGET_1,39.00735380000015,2.56353991074813,3.007385450396181,3.116414830688294,2.6572133922007706,11.259606359695637,1.400445795627412,0.6728529713154802,0.7474739834360384,0.8795330188951946,1.0382176409407124,2293.432470703125,-0.1672905425104974,0.2325166889619726,0.7725377858602912,0.2805893757990719,8.61620342251482,1.7747639702724518,-0.3303774510435367,0.1895714436343327,1.0026222835121894,0.2980641425712744,-0.1048279533541036,0.1490320712856372,1.671155947179026,1.6427202306338762,-0.8113264614330589,0.5025272374111319,-8.61620342251482,-1.6428902486351695,-0.3692397104238298,0.1895714436343327,-0.1596981182020699,1.1371080889983958,1.1371080889983958,0.1005054474822264,0.1005054474822264,1.0,0.9905662078881924,0.1132074111312999,0.2438296105085631,0.1132074111312999,target,target,1.3426639270206315,-0.1189244121167128,-0.1451314217535514,0.1647170724018066,0.0,0.0,-0.5462113396678394,-0.4291715614678851,0.0,0.0,0.0,-1.028950903538412e-14,1.0,0.0,target,target
1929.2144613,TARGET_1,40.00735380000015,7.578721775616175,5.79437890425946,3.776052304700362,4.570111834610767,9.32452527797562,1.5560357839801773,1.004851101827343,0.6554542864654724,0.9227760155672368,1.2611151860099152,2323.79140625,6.5207301360922,4.113659875956877,1.7381162707098976,3.3667076692897515,6.692721422002509,2.3966859774977527,2.446725918692224,-0.5458542624588686,1.4267180167092617,1.4416170351728226,-0.0837938492952224,0.7208085175864113,2.407532839961754,2.489410979330584,1.667352294921183,2.9258880733333874,-6.692721422002509,-1.2066272080332998,0.8018864623617747,-0.5458542624588686,-0.0427749291399876,1.5936473673980522,1.5936473673980522,0.4648946453124113,0.4648946453124113,0.8866695009191389,1.0,0.656914039658355,1.414881701002151,0.656914039658355,target,target,1.2488032308774617,-0.5856850217302942,-0.5410050560249824,-0.40309797080923,0.0,0.0,-0.7323890372499784,0.0819772321846576,0.0,0.0,0.0,0.866025403784445,-0.4999999999999889,0.0,target,target
1930.2144613,TARGET_1,41.00735380000015,7.099016169584489,5.520623764345223,3.38816333146854,4.127862362389793,3.549127837372172,1.6593603566256805,0.9057675108780888,0.7016546787911307,0.8899023994273098,1.1521783359695628,2364.693359375,5.881016343207449,3.732430815404121,1.1703237152247905,2.6532175245708105,0.9519423261046924,2.809693435726318,1.6179098832330687,-0.1766185741610874,1.104317595539674,0.8827277484564998,-0.055455044829751,0.4413638742282499,2.761168968125636,2.787661754249799,0.8051455557444268,2.451377265314456,-0.9519423261046924,0.8699849541840244,0.2295212699884444,-0.1766185741610874,0.282249181026565,2.03816030546074,2.03816030546074,0.7404201847016225,0.7404201847016225,0.9661577164997224,1.0,1.458023807992702,3.1403366057258086,1.458023807992702,target,target,1.1006069479150162,-0.5786696111513762,-0.5993260205833827,-0.5175185479409757,0.0,0.0,0.5540477974727985,1.2233586501768468,1.0,0.0,10.0,-0.866025403784431,-0.5000000000000131,0.0,target,target
1931.2144613,TARGET_1,42.00735380000015,2.53145716818674,2.241605183443911,1.683265424942374,1.8692468623796936,1.636948444995422,1.513935045972533,0.6868592913991166,0.7231395959007852,0.8318374063248809,0.980645399699156,2432.21123046875,-0.2100746431589616,-0.8339023446733834,-1.325308813646184,-0.9906531891096556,-0.9487752602188646,2.228401528320883,-0.2132171566711122,-0.0049101154734259,0.5348585451039218,0.0026956898371013,-0.0086754756242604,0.0013478449185506,2.2297831075069445,2.2305196248279584,-0.7706544999809707,-1.0796055791597836,0.9487752602188646,1.5540606037092115,-0.671730069942955,-0.0049101154734259,0.5229523140244743,1.936531335906428,1.936531335906428,0.5214726801880532,0.5214726801880532,1.0,1.0,1.0098481860032755,2.175042140839833,1.0098481860032755,target,target,1.1129236734625605,-0.2435720217303013,-0.1894221172259546,-0.5823847847891473,0.0,0.0,-0.4125472664513502,0.6843038928070866,0.0,0.0,0.0,-3.429011037612589e-15,1.0,0.0,target,target
1932.2144613,TARGET_1,43.00735380000015,7.176579460827631,5.020593691276668,2.8393353010805047,4.053877631341331,4.3240023126067655,1.388374542467901,0.855141066959033,0.8392827933793537,0.9351787178327352,1.0798917675006112,2486.814013671875,5.984451255382516,3.0360932231171924,0.3669482872008565,2.533856440435059,1.722172121563886,1.726512935137296,1.194428980528634,0.9233117307789002,1.548354663466266,0.5118689557172396,0.0291559108558657,0.2705124332865526,1.3357257210430429,1.197228961426208,0.695172638422672,1.7015207551590246,-1.722172121563886,-0.168881153271588,-0.1204207317142668,0.9233117307789002,0.5624907890093227,0.7757367311707697,0.7757367311707697,0.7340477033383308,0.7340477033383308,1.0,0.9548838331900265,0.5437373678380124,1.17111829776874,0.5437373678380124,target,target,1.0860813789144497,0.212103549346315,-0.0440378606950395,-0.1789597839549337,0.0,0.0,-0.6210360915346043,-0.4952699003211654,0.0,0.0,0.0,0.8660254037844416,-0.4999999999999949,0.0,target,target
1933.2144613,TARGET_1,44.00735380000015,7.296477403093817,5.34973541523424,3.3165051006117863,4.326124607528935,4.298523317508096,1.3446651579311892,0.7066216777143911,0.7818564013501003,0.883527460188231,1.1897546635005136,2548.2232421875,6.144341751640575,3.494453165700809,1.065430271926569,2.973078071303012,1.696845850263734,1.551798427774386,-0.0479084257287021,0.4643573297444391,1.0417968467768617,1.0755092258299763,0.07170312404056,0.5736061749352683,1.245871818630015,1.1762182191683492,-0.5792595764061157,2.279941718813689,-1.696845850263734,0.0511637016901964,0.5003831085782511,0.4643573297444391,0.5535367860077469,0.7246257226268865,0.7246257226268865,0.7735229978504425,0.7735229978504425,0.9276901738871972,0.9770495942204352,0.5080501010902778,1.094253962967169,0.5080501010902778,target,target,1.0742309936135872,-0.7350866683726738,-0.6330384825482884,-0.1387298665533883,0.0,0.0,0.2115322573361695,0.0618336486057512,1.0,0.0,10.0,-0.8660254037844345,-0.5000000000000072,0.0,target,target
1934.2144613,TARGET_1,45.00735380000015,2.8193990515634826,2.664067599645456,2.4333007084624065,2.2447104715965507,1.5191697093180283,1.480091557596714,0.5787839985732811,0.6644145737943434,0.8085353109638744,1.1778212239506365,2615.8993164062504,0.1739116851833175,-0.2455848062417098,-0.2274058575873719,-0.3849100470511893,-1.0658480176648717,2.093122835616865,-1.117247126445543,-0.4742432285979255,0.3063286101389072,1.0142859435739475,0.1185923038412101,0.566439123707579,2.1174981846992447,2.1886346689889336,-1.782137616276654,-0.2364953319145409,1.0658480176648717,1.6868516400951137,0.4857033830863288,-0.4742432285979255,0.4748919096883591,1.8471959399919111,1.8471959399919111,0.4282539933284134,0.4282539933284134,0.9297351601127812,1.0,0.7354846984835155,1.5841096070843816,0.7354846984835155,target,target,1.0914871059995757,-0.606267039046076,-0.6599554843650577,-0.7758341350018243,0.0,0.0,-0.2928761925285506,0.542744643005615,0.0,0.0,0.0,-1.0779367755043061e-14,1.0,0.0,target,target
1935.2144613,TARGET_1,46.00735380000015,1.971589906917571,2.256245223458502,2.3027236018723167,1.8580981056553776,1.3927962531108566,1.5761629619112068,0.6427632878967827,0.7314953653686698,0.8671993001655617,1.0948861414100175,2690.66669921875,-0.9566884094255164,-0.8135147504789297,-0.4185448539370512,-1.008639707010335,-1.191463977974382,2.477138036342734,-0.5820721250090611,0.061869583473383,0.881662176899783,0.5887960463746408,0.1703946770785755,0.3795953617266081,2.360584841695398,2.3513044041743907,-1.2962554745263968,-0.6160298022079905,1.191463977974382,1.7125565690723812,0.1030055274937722,0.061869583473383,0.4682287977783199,2.0618891389705687,2.0618891389705687,0.4835649862279962,0.4835649862279962,0.9846679225456556,0.9969113007029432,0.9787380382697564,2.108036146012074,0.9787380382697564,target,target,1.2302633868992494,0.6183017285446218,0.3842619641451502,0.2360667989614775,0.0,0.0,-0.5911339516520748,-0.7578477096309307,0.0,0.0,0.0,0.8660254037844453,-0.4999999999999885,0.0,target,target
1936.2144613,TARGET_1,47.00735380000015,1.7103314740086322,1.904430983471577,2.1442369254669043,1.781800744098304,1.402420361446488,1.480055272550787,0.5673580711724665,0.7331394812213308,0.8420568497566444,1.0961040028970586,2748.7638671875,-1.305090889900727,-1.3034482444813265,-0.6505379272559698,-1.1317318053810708,-1.1818975575646935,2.092977797566319,-1.2128229100749168,0.0750094339798349,0.6350833835426007,0.5950441592727054,0.2106471383249246,0.402845648798815,1.966013083473673,1.954761668376698,-1.8367787716662003,-0.9769930858686482,1.1818975575646935,1.6140486364074946,0.1506273207509167,0.0750094339798349,0.5774919442186766,1.7600678620532402,1.7600678620532402,0.5430551264811856,0.5430551264811856,0.9776592369758788,0.9962565525358488,0.930962161250152,2.0051349899041555,0.930962161250152,target,target,1.162982790332886,0.0921177917436598,0.2000442986373685,-0.9242325366808596,0.0,0.0,-0.5816953665359128,0.1509879410621693,1.0,0.0,6.0,-0.8660254037844308,-0.5000000000000135,0.0,target,target
1937.2144613,TARGET_1,48.00735380000015,1.6923106844289408,1.5787906259292477,1.6506092154566534,1.5656524907572744,1.7321787025628668,1.2429266405882895,0.6002330057416849,0.6949201099791088,0.7822673962780957,1.204332570623012,2789.8446289062504,-1.3291226033263166,-1.7569322142172663,-1.3731110300429687,-1.4804482160136203,-0.8541158229138834,1.1451307264145527,-0.93783012191897,-0.2304415619220525,0.048712085023619,1.1502996765405673,0.2391098298272703,0.6947047531839188,1.0521090847912915,1.0866753190795992,-1.3977889918185875,-1.5650216221301176,0.8541158229138834,0.9545918517610268,0.7484201086884601,-0.2304415619220525,0.6055923040846808,0.9076176762527792,0.9076176762527792,0.4071107817321102,0.4071107817321102,0.8938091402059868,1.0,0.330263319000057,0.7113313133152697,0.330263319000057,target,target,1.0574044630852604,0.1045435042609011,0.1995166156314974,-0.2637155225148049,0.0,0.0,-0.6169267293699313,-0.1279733549721919,0.0,0.0,0.0,-3.91886975727153e-15,1.0,0.0,target,target
1938.2144613,TARGET_1,49.00735380000015,1.7818632123052334,1.4200389149414216,1.1589986066084177,1.4257045966732382,1.9318512881545007,1.2540802784442973,0.7048348133388345,0.7248280279036622,0.7832852059798516,1.0976882934378636,2826.62138671875,-1.2096993851069815,-1.9780084857349136,-2.092731496631238,-1.7062290240758138,-0.6556400959743789,1.1897138831890428,-0.0628552179620452,0.0085839117705815,0.0586940193237537,0.6031721986824546,0.2645905041935366,0.4338813514379956,1.0782391762098404,1.0769515894442532,-0.4687540266188048,-2.035369991183076,0.6556400959743789,0.7416058640649408,0.2141953881078152,0.0085839117705815,0.5712707177348131,0.9307442843561886,0.9307442843561886,0.441920780604691,0.441920780604691,0.9683813543173816,0.999570896502722,0.3981390936087109,0.8575242482159712,0.3981390936087109,target,target,0.9234256943394198,1.2550300904496343,1.2037887684298505,0.6895415701942885,0.0,0.0,-0.5517421521523043,-0.4451954742790385,0.0,0.0,0.0,0.8660254037844418,-0.4999999999999945,0.0,target,target
1939.2144613,TARGET_1,50.00735380000015,2.292504942297608,2.251667501018193,2.0814528434720185,2.023469601314297,1.838343920924844,1.2640896873922012,0.7072550390977098,0.7923565405898034,0.7872759253490255,1.0967619771703156,2876.95048828125,-0.5287305705022273,-0.8198896474979857,-0.742441375973903,-0.7418424810520526,-0.7485869701289596,1.2297233450440392,-0.0426104741132425,0.5482749318302802,0.0978320806771138,0.5984198284987031,0.2994608822349895,0.4489403553668463,0.9255920300617296,0.8433507902871875,-0.4622763992159639,-0.7811655117359444,0.7485869701289596,0.6146515117127126,0.2450395996021116,0.5482749318302802,0.6027296460592478,0.7210668276384213,0.7210668276384213,0.446619963472428,0.446619963472428,0.9639113589073324,0.9729585999298818,0.3020265400058781,0.6505140686193218,0.3020265400058781,target,target,0.8157072399591788,0.9557926958230114,0.7890694093328743,-0.190239885756564,0.0,0.0,-0.7446484526696022,-0.2461592776929818,1.0,0.0,6.0,-0.8660254037844343,-0.5000000000000077,0.0,target,target
1940.2144613,TARGET_1,51.00735380000015,1.9986106301313709,2.246648947057412,2.3277811091628284,1.9872820290778217,1.88462425346802,1.106920369255581,0.8332391738583985,0.7678348233955726,0.8003147514853394,1.1150991706988118,2924.750537109375,-0.9206547898133096,-0.8268784427125744,-0.3818656310655539,-0.8002246336013026,-0.7025840468068028,0.6014884640943767,1.0112236683794706,0.3522962253588448,0.2257073658301503,0.6924969108425028,0.3325790131232737,0.5125379619828883,0.350050294723059,0.2972058609192322,0.7327170618601544,-0.6043720368890642,0.7025840468068028,0.0883086256481206,0.3753017363453069,0.3522962253588448,0.629482569027001,0.246602747848183,0.246602747848183,0.3931734004319167,0.3931734004319167,0.9452599967893388,0.98253942259218,0.0900499143006544,0.193952280251265,0.0900499143006544,target,target,0.5076669069370932,0.980592629106987,0.8060566478521428,0.8921646423332659,0.0,0.0,-0.6584998407099479,0.3184415666272494,0.0,0.0,0.0,-1.1269226474702003e-14,1.0,0.0,target,target
1941.2144613,TARGET_1,52.00735380000015,1.5763006054017503,1.7941653486570486,1.882753554889075,1.6881809812664128,1.5745446306353956,1.1715300849793686,0.7872314251406763,0.7423997431702746,0.8423718237389344,1.0141706706882858,2989.7833984375,-1.483828420256965,-1.4570032220600684,-1.03329774112805,-1.2827704890363072,-1.010805019498063,0.8597454670969745,0.6263773025250792,0.1490178789825213,0.6381724183514124,0.1746936389529942,0.3776368502240015,0.2761652445884979,0.7385478983059677,0.7161952164585894,0.342399624603711,-1.245150481594059,1.010805019498063,0.5283125228038642,-0.1088425086021452,0.1490178789825213,0.5608797299152831,0.7221455760349815,0.7221455760349815,0.4454470632210845,0.4454470632210845,1.0,0.992576795149005,0.3192897471486344,0.6876960961180775,0.3192897471486344,target,target,0.4984700232054266,0.5248312056261352,0.3402016005028698,0.0385700236517612,0.0,0.0,1.7415050300086408,4.378287421202143,0.0,0.0,0.0,0.8660254037844455,-0.4999999999999881,0.0,target,target
1942.2144613,TARGET_1,53.00735380000015,1.8769372030031404,2.26281459513658,2.356110818702201,1.9872694144481005,2.291987897939932,1.3434796251667998,0.62493936882872,0.7675225397985218,0.8240167304973472,1.0738989506330845,3027.2861328125,-1.0829129927252543,-0.8043662998085973,-0.3403965528355378,-0.8002449850421764,-0.2976621832183542,1.547059633689584,-0.7311659335479791,0.3498004402995234,0.4581590676294836,0.481123426144161,0.4036205154324983,0.4423719707883296,1.3140364868876686,1.26156642084274,-1.2285238346674574,-0.5723814263220676,0.2976621832183542,0.8554497106439817,0.2315860774387035,0.3498004402995234,0.5088660085122401,0.997713837333245,0.997713837333245,0.4070132654071606,0.4070132654071606,0.9658585233876534,0.9826620406032808,0.3854182331318189,0.8301256669356616,0.3854182331318189,target,target,0.4481064271104248,-0.0188490898099863,-0.1246506434783424,0.0379777954074083,0.0,0.0,0.1599416274835204,0.0699501434848637,1.0,0.0,4.0,-0.8660254037844306,-0.500000000000014,0.0,target,target
1943.2144613,TARGET_1,54.00735380000015,2.7245701582863715,2.9172503477119136,2.736347601973621,2.3987308147564392,5.206137926166409,1.29012759268447,0.598577464443127,0.7149107122544107,0.7865148080601445,1.0927256371843208,3061.6548828125,0.0474521436841153,0.1069953178201759,0.21619471364031,-0.1364258682483679,2.599020120710602,1.3338016761420202,-0.9516784207388264,-0.070675737022142,0.090367598113036,0.5777118020147208,0.4274328082830654,0.5025723051488931,1.2328951078125463,1.2434964683658678,-1.4107719160615546,0.161595015730243,-2.599020120710602,0.0280993537161695,0.3548898400127459,-0.070675737022142,0.5274082707131185,0.8177184787179584,0.8177184787179584,0.3510812520149365,0.3510812520149365,0.9481586143552712,1.0,0.272202710585922,0.5862785858123913,0.272202710585922,target,target,0.3740476730218231,-0.0488170079874519,-0.1331205733461812,0.0993841568307932,0.0,0.0,-0.4791702692960569,-0.5091079605724798,0.0,0.0,0.0,-1.8619583192132475e-14,1.0,0.0,target,target
1944.2144613,TARGET_1,55.00735380000015,3.2037810549515955,3.222438656385484,2.864892385664055,2.5960593611877347,4.4119540486190765,1.1457754917275549,0.5250006088697456,0.6660936835552989,0.773501809795401,1.0022398833964654,3108.17451171875,0.6865062144367587,0.5319979396659583,0.4043587921851539,0.1819283232069366,1.8095966655437792,0.7567995867095837,-1.56713530066875,-0.4608237051457497,-0.0372543861364201,0.1134839638336961,0.4596638037896035,0.2865738838116498,0.8464444125576837,0.915567968329546,-1.8279786682990584,0.4681783659255562,-1.8095966655437792,0.2519874229707305,-0.0875232851605701,-0.4608237051457497,0.5522938616835179,0.6545024467561399,0.6545024467561399,0.5054401186606468,0.5054401186606468,1.0,1.0,0.330811794352107,0.712512636429432,0.330811794352107,target,target,0.3234038764264928,-0.2183655766476337,-0.3677375493366182,0.393957897316553,0.0,0.0,-0.6759182458408332,-0.129284155222115,0.0,0.0,0.0,0.866025403784442,-0.499999999999994,0.0,target,target
1945.2144613,TARGET_1,56.00735380000015,2.8522877336176333,2.8232905567910977,2.334347972900602,2.263507141377481,2.30659853121962,1.304410181128267,0.5578500625084524,0.6403965227205525,0.7728429331940764,0.8982917008245258,3143.00537109375,0.2177705504442161,-0.0238522813653511,-0.3722530444737599,-0.3545849941463678,-0.2831391276239157,1.39089182806876,-1.292355655815384,-0.6661966119651327,-0.043716166698122,-0.4198114783566152,0.483796267835413,0.2418981339177065,1.56358610877713,1.6635156005718998,-1.7005531463120007,-0.1980526629195555,0.2831391276239157,1.2500678292998044,-0.1790292230636121,-0.6661966119651327,0.4921587356426066,1.3594666418107184,1.3594666418107184,0.469517897879805,0.469517897879805,1.0,1.0,0.6382939199006864,1.3747771133010032,0.6382939199006864,target,target,0.2354429598677503,-0.4874619905216444,-0.8134938408243791,0.0185232839666884,0.0,0.0,-0.3700336555749933,0.9047886115520108,1.0,0.0,6.0,-0.866025403784434,-0.5000000000000081,0.0,target,target
1946.2144613,TARGET_1,57.00735380000015,2.5236813128605444,2.686823988100824,2.242391233067296,2.0697748153014417,3.382452432366008,1.405127010472743,0.6625280017919566,0.6745392256521866,0.8431433891588287,1.0418475404170868,3193.66220703125,-0.2204441736399429,-0.2138944548016191,-0.5068594806119368,-0.6671373295387881,0.7862659911510733,1.7934756532263725,-0.4167439242883967,-0.3933265391647506,0.6457393685547304,0.3166869678911855,0.5188937157270844,0.417790341809135,1.8266923564817512,1.885691337356464,-0.9695604230472736,-0.3603769677067779,-0.7862659911510733,0.8419027962783346,0.1812373978918437,-0.3933265391647506,0.3078182235433452,1.398434102601349,1.398434102601349,0.2724774264243985,0.2724774264243985,0.9731805930176718,1.0,0.3708224121928347,0.7986887380363903,0.3708224121928347,target,target,-0.0040692142896887,-0.5973914044277295,-0.7429429389330847,0.3626809275856373,0.0,0.0,-0.1110366147684952,0.5235745054575526,0.0,0.0,0.0,-1.1759085194360944e-14,1.0,0.0,target,target
1947.2144613,TARGET_1,58.00735380000015,2.1398451126493376,2.312501125161868,2.266748803520457,1.90058713718711,2.894728583231466,1.2685857828255311,0.8799427270833715,0.7304107639818714,0.8948937460280375,1.0909194123509744,3226.81337890625,-0.7323108443566546,-0.7351732641286053,-0.4712048265036239,-0.9400912809278822,0.3014656104884664,1.2476950714139474,1.4018903111094712,0.0532013986501818,1.1532690780729122,0.5684451515802321,0.5418624129600934,0.5551537822701628,1.090286136318843,1.0823059265213155,0.9511780976884436,-0.6031890453161146,-0.3014656104884664,0.1461218167067602,0.462588477231624,0.0532013986501818,0.2074357268439541,0.706553055077304,0.706553055077304,0.0904289188767003,0.0904289188767003,0.9329643661916897,0.9973434649185022,0.059451377272675,0.1280482083260545,0.059451377272675,target,target,-0.0538977357062644,-0.7422956601479791,-0.7069850066934661,-0.3815963154673285,0.0,0.0,-0.2908516450047185,-0.5945692430790889,0.0,0.0,0.0,0.8660254037844457,-0.4999999999999877,0.0,target,target
1948.2144613,TARGET_1,59.00735380000015,1.9641903141169592,1.9581289835481388,1.7479782259093803,1.6929389837895692,1.978804901532759,1.1576108090018356,0.7768941820727617,0.6158059325809977,0.7878730350404369,1.0167768797768266,3256.27236328125,-0.9665561731471884,-1.2286688700039643,-1.2305821027332244,-1.2750943059720938,-0.6089679275338632,0.8041075424032395,0.5399081633361837,-0.8627257542249168,0.1036880964916225,0.188064526196279,0.5622729883525002,0.3751687572743896,1.012269367063363,1.1416782301971005,0.2450890884167765,-1.2296254863685945,0.6089679275338632,0.6833982838595332,0.0939388505361918,-0.8627257542249168,0.1882374126955042,0.9336457631697428,0.9336457631697428,0.1860151896923774,0.1860151896923774,0.986007983476206,1.0,0.1712422681377479,0.3688268738360518,0.1712422681377479,target,target,-0.0972988752164902,-0.678780951689944,-0.543364992654795,-0.0681828677784777,0.0,0.0,-0.365536238447859,-0.0942505536012323,1.0,0.0,3.0,-0.8660254037844303,-0.5000000000000144,0.0,target,target
1949.2144613,TARGET_1,60.00735380000015,2.026536427971806,2.436978125340416,2.119407982954028,1.912090214005576,2.1620420293911584,1.1470186656848496,0.7319303174896357,0.6318531032652795,0.7817770698229105,0.9401786826759008,3279.37021484375,-0.8834142034386372,-0.56182766099816,-0.6868825766073543,-0.9215331311516872,-0.4268291424510576,0.7617687833207313,0.1637936964937867,-0.734476018355204,0.0439033212116481,-0.2049146330655784,0.5782762705674537,0.2891381352837268,0.9465508559241208,1.0567222586774017,-0.0989330331573278,-0.6243551188027572,0.4268291424510576,0.6642736027959386,-0.0822711240546303,-0.734476018355204,0.1861773106200856,0.8648110018975822,0.8648110018975822,0.1967514777136538,0.1967514777136538,1.0,1.0,0.1701528425663747,0.3664804354704761,0.1701528425663747,target,target,-0.1417962901643277,-0.7963384701112391,-0.7122353383480275,-0.1874490798468798,0.0,0.0,-0.0213001985726862,0.5286584196996276,0.0,0.0,0.0,-1.9109441911791416e-14,1.0,0.0,target,target
1950.2144613,TARGET_1,61.00735380000015,2.383229944554863,3.1496381931331805,3.133164311361609,2.38113940535485,3.863073750219181,1.137722579641898,0.7340899616881591,0.7044515629442726,0.8460627204178014,0.9486337479752116,3318.459326171874,-0.4077437932502793,0.4306166387626186,0.7970557048805518,-0.1648064498615412,1.2640064138579934,0.7246106052632624,0.1818587234621702,-0.1542657456808638,0.6743700377035132,-0.1615367915682219,0.6053590526358652,0.3026795263179326,0.7029337346720815,0.7260735965242111,-0.0749638094331285,0.6138361718215852,-1.2640064138579934,-0.0520666601671992,-0.0545353235355922,-0.1542657456808638,0.16825211093594,0.5001525659187024,0.5001525659187024,0.240543712019475,0.240543712019475,1.0,1.0,0.1203085547821498,0.2591242725209636,0.1203085547821498,target,target,-0.2025514033356794,-0.7314145221787663,-0.6636160978419773,-0.8107880470932096,0.0,0.0,0.0504348071914954,-0.1220187562346332,0.0,0.0,0.0,0.8660254037844423,-0.4999999999999936,0.0,target,target
1951.2144613,TARGET_1,62.00735380000015,2.442255192159312,2.949819990621376,2.970505609194741,2.3494633691440114,3.740232630713159,1.1477734021142358,0.5798260255329312,0.651190230101733,0.7848412438536682,1.079586925290784,3360.6549316406254,-0.3290303812195899,0.1523515232700646,0.5589556129761097,-0.2159100488024144,1.141901617048863,0.7647856046474721,-1.1085307623607872,-0.5799327996130098,0.0739545024947843,0.5103049941638427,0.634594160529777,0.5724495773468099,0.8246496901753231,0.9116396101172746,-1.4428395578593578,0.3556535681230872,-1.141901617048863,0.3235731160223011,0.4980141377750853,-0.5799327996130098,-0.115551817196853,0.5815351018394915,0.5815351018394915,0.0287859045605847,0.0287859045605847,0.9280198831045394,1.0,0.0155350657799356,0.0334599033799415,0.0155350657799356,target,target,-0.2996368030783684,0.3874914481229526,0.4448182793521743,-0.5816103082059378,0.0,0.0,0.0275952897611575,-0.1132987220156528,1.0,0.0,4.0,-0.8660254037844337,-0.5000000000000084,0.0,target,target
1952.2144613,TARGET_1,63.00735380000015,2.2289671603577013,2.284596647428061,2.134818117382639,1.9700884209687288,3.3442349664974262,1.0777190512002883,0.6440103392490398,0.5794171345607606,0.6941907140485464,1.0192363979486694,3405.16787109375,-0.6134616951027951,-0.7740328005559656,-0.6643251949558758,-0.8279634342298041,0.7482776048256439,0.4847653861454547,-0.571640769545561,-1.1535467236362351,-0.8150796963599326,0.2006828308031944,0.6654348268297549,0.4330588288164746,0.7802420322140183,0.9532740407594535,-0.8010968232860433,-0.7191789977559206,-0.7482776048256439,0.3978580080532121,0.2125106776304886,-1.1535467236362351,-0.3524622892719253,0.6345327251041236,0.6345327251041236,0.0079091991607479,0.0079091991607479,0.9686261015727488,1.0,0.0048611912165249,0.0104701834366496,0.0048611912165249,target,target,-0.2378498202915212,0.0288145059693726,-0.0048999570657154,-0.6361743755097099,0.0,0.0,-0.5340839280277251,-0.1360398019487486,0.0,0.0,0.0,-2.6459798629221888e-14,1.0,0.0,target,target
1953.2144613,TARGET_1,64.00735380000015,2.223631576539748,1.993451124885672,1.8744937766921368,1.7765674816395212,3.264514449282242,1.059414222371066,0.6303904359132126,0.6497558947908936,0.7156915893717118,0.8692474899859428,3466.276171875,-0.620576989396879,-1.179479558844225,-1.0453884188575686,-1.1401747350477078,0.6690349408445359,0.4115975942591636,-0.6855687588119026,-0.5913960742539374,-0.6042148121866295,-0.5688198099983075,0.7077735430706323,0.3538867715353161,0.5301145273642126,0.6188239385023032,-0.8769398502605226,-1.112433988850897,-0.6690349408445359,0.2502743573837032,0.0503485790776013,-0.5913960742539374,-0.3559866081075953,0.4321173297991958,0.4321173297991958,0.0174751488767301,0.0174751488767301,0.9924761599987826,1.0,0.0074944997870766,0.0161418845796233,0.0074944997870766,target,target,-0.264520469882538,-0.8913270086670805,-0.8479178603805249,-0.9396544847628298,0.0,0.0,-0.5622353113886327,0.1604971480116447,0.0,0.0,0.0,0.866025403784446,-0.4999999999999872,0.0,target,target
1954.2144613,TARGET_1,65.00735380000015,3.4743218972682754,3.017775036264485,3.1166467777024587,3.075826796657449,2.412281969140228,1.1451660598010798,0.5152433910870559,0.6830139048891706,0.7498490855365257,1.029627666703284,3501.938037109375,1.0472872980691377,0.24698513715749,0.7728773103041352,0.9559469675834849,-0.178089167437306,0.7543635743993243,-1.6487526349042672,-0.3255965078023794,-0.2692230332852707,0.2539941646649035,0.7324817672149028,0.4932379659399031,0.7450128606451814,0.7938523368155384,-1.960653019989074,0.5099312237308127,0.178089167437306,0.7641857111864439,0.3357710235171875,-0.3255965078023794,-0.3699433704052284,0.6295783973772362,0.6295783973772362,0.1280391623372288,0.1280391623372288,0.9508816676892364,1.0,0.0766512279358382,0.165093776686773,0.0766512279358382,target,target,-0.3294303695997018,2.269251744566437,2.859928267346678,10.47265955529739,0.0,0.0,-0.4479296027884597,0.0524157778997829,1.0,0.0,7.0,-0.8660254037844372,-0.5000000000000026,0.0,target,target
1955.2144613,TARGET_1,66.00735380000015,8.723355508105014,5.894031365956599,4.270931859139143,5.9088043509773245,2.7867240279419057,1.0275095413946709,0.564300106352948,0.6557234044914299,0.7618249576310736,1.156023166162554,3560.2541015625,8.047162133690946,4.252435039654156,2.4625218255545627,5.526447764489441,0.1941084459565544,0.2840686739038581,-1.2384022240057666,-0.5437034586551411,-0.1517724251525715,0.9024532536763612,0.7728858902816524,0.8376695719790068,0.2649474914384058,0.3465030102366769,-1.5188367854764828,3.357478432604359,-0.1941084459565544,0.2852338801968136,1.04124406490719,-0.5437034586551411,-0.3602463724697577,0.1006061478797224,0.1006061478797224,0.5438324648044748,0.5438324648044748,0.8553995495920289,1.0,0.0468013809290344,0.1008022563995746,0.0468013809290344,target,target,-0.3244159131743476,-1.3120150632662153,-1.10036821077733,-1.1589346729825718,0.0,0.0,0.1731013956285991,0.738605201064592,0.0,0.0,0.0,-1.9599300631450363e-14,1.0,0.0,target,target
1956.2144613,TARGET_1,67.00735380000015,7.089837930546705,4.687535651188135,3.183411440603816,4.670338282069979,2.294929368015775,0.9404142434879548,0.6504371912750038,0.7540812950455841,0.7827313400746834,0.9326562248944326,3608.863720703124,5.86877665696439,2.572279452269743,0.8706075402949915,3.528405052767029,-0.2947383446260713,-0.064067366644072,-0.517881333037349,0.2423773859032167,0.0532621069859795,-0.2435078277676566,0.8065649297093617,0.4032824648546808,-0.249720067923868,-0.2860766758093506,-0.6026851075900012,1.7214434962823673,0.2947383446260713,-0.0298848925887408,0.1515220178288168,0.2423773859032167,-0.3917253480111925,-0.0076028372887978,0.0,0.3215603965821509,0.3215603965821509,0.9775280394503532,0.9879542684542596,0.0,0.0,0.0,target,target,-0.3305600080271911,-1.1934146470537257,-0.9891063750769872,-0.8491995920740516,0.0,0.0,-0.321680306830202,-0.14045914339985,0.0,0.0,0.0,0.8660254037844426,-0.4999999999999932,0.0,target,target
1957.2144613,TARGET_1,68.00735380000015,2.455161150036252,2.7431322735297545,2.619132398292436,2.393468433714876,2.035653322618092,0.9347553143071776,0.6677222330249163,0.759194219839748,0.7799994495760212,0.8280426769941225,3658.599829101562,-0.3118195770087205,-0.1354800193242332,0.0446148940714988,-0.1449157755218698,-0.5524602619129536,-0.0866871549229631,-0.3732951342665996,0.2832401191086107,0.0264697199358629,-0.7802168582308159,0.8410244540863364,0.4205122270431682,-0.2909492533717689,-0.3334352712380605,-0.4567514022966509,-0.0454325626263671,0.5524602619129536,-0.0114342294387357,0.1868124282337165,0.2832401191086107,-0.494419013613144,0.0208583607588522,0.0208583607588522,-0.0280218642350574,0.0,0.9723671065058488,0.9859378035278804,0.0,0.0,0.0,target,target,-0.320798842702532,-1.2806053931823054,-1.0468395567414304,-1.29003470915451,0.0,0.0,0.1338476013619557,0.9074714918148388,1.0,0.0,5.0,-0.8660254037844264,-0.5000000000000212,0.0,target,target
1958.2144613,TARGET_1,69.00735380000015,2.726238624029545,2.678404237916992,2.181655037184572,2.265523817125892,2.591474661666289,0.8540168477726987,0.7561028520836469,0.7434360118048104,0.7862831299657216,0.9105483139515016,3697.0121337890623,0.0496771344606316,-0.2256197267131409,-0.5957652300674261,-0.3513314497964828,2.9425087431589624e-05,-0.4094137628430641,0.3659925075912614,0.1572997861974467,0.0880954685456715,-0.3569301873558571,0.8676383125561371,0.4338191562780685,-0.5729234770816876,-0.5965184450113046,0.3598911592325102,-0.4106924783902835,-2.9425087431589624e-05,-0.4668413497713379,0.2140679984958743,0.1572997861974467,-0.4927052932788439,-0.0509861741180747,0.0,-0.0321101997743811,0.0,0.968399858752917,0.9921658587922408,0.0,0.0,0.0,target,target,0.19454558406201,0.0311688881572606,-0.4877937129847542,-0.286056844846942,0.0,0.0,0.2545314397864159,0.4032234692640876,0.0,0.0,0.0,-1.2738802633678828e-14,1.0,0.0,target,target
1959.2144613,TARGET_1,70.00735380000015,2.51220784692588,2.829554287399147,3.172860750738322,2.599377045142444,6.327773791581143,0.8391808896843572,0.754736339785564,0.7052712796290145,0.7469097029214844,0.9474879695474696,3754.4423828125,-0.2357446711082038,-0.0151294638284446,0.8551634220697512,0.1872808107816296,3.713932781805207,-0.4687158357533856,0.3545618832623214,-0.1477145317395103,-0.2980503514918888,-0.1674150897563783,0.9074287008660724,0.4537143504330362,-0.530444337252816,-0.5082871574918896,0.3583122545924088,0.4200169791206532,-3.713932781805207,-1.5214965760588766,0.2548178103117975,-0.1477145317395103,-0.4090905792772659,-0.0382226715467696,0.0,0.045780724277361,0.045780724277361,0.9624985959766986,1.0,0.0,0.0,0.0,target,target,0.2163816580771242,-0.9726643326192372,-0.9737823907121368,-0.84464237073686,0.0,0.0,-0.3764215974558075,-0.6661134006950329,0.0,0.0,0.0,0.8660254037844534,-0.4999999999999745,0.0,target,target
1960.2144613,TARGET_1,71.00735380000015,7.828922283954032,6.96418637730527,6.923911377339824,6.053809491003085,9.144264709578865,0.8830604735387008,0.8135819209559856,0.6646052042437998,0.7435489004843451,1.0413160052267791,3815.335546875,6.854386266347911,5.742723732498751,6.345957871024569,5.760387531160944,6.513541354568288,-0.2933210101876749,0.8467943591213921,-0.4727197011629338,-0.3310106475721697,0.3139599813548055,0.949618360229706,0.6317891707922558,-0.285816407478712,-0.2149084523042719,0.7621773189702469,6.04434080176166,-6.513541354568288,-2.31076494915244,0.619554910250107,-0.4727197011629338,-0.4014580462509152,-0.092933236537516,0.0,1.1159349238148162,1.1159349238148162,0.9112543367600172,1.0,0.0,0.0,0.0,target,target,0.2162550417176262,-1.0579718928579087,-0.957767138851192,-0.5906544220753424,0.0,0.0,-0.5833794134293446,-0.0485109843962805,1.0,0.0,9.0,-0.8660254037844298,-0.5000000000000153,0.0,target,target
1961.2144613,TARGET_1,72.00735380000015,7.151283662893853,6.05905526713349,5.607191899259215,5.298851704972705,5.32469987251814,0.9106542608195894,0.8235293112450806,0.7146705571667643,0.7743550869419148,1.013547078327922,3884.577734375,5.950717918442538,4.482245909448697,4.418541602685367,4.5423986496674615,2.716871394183109,-0.1830235305467025,0.9300024514360424,-0.0725950676732822,-0.0288860669883382,0.1714943625891519,0.99759261726157,0.5845434899253609,-0.303751129342394,-0.2928618691914016,0.8296224615913779,4.450393756067031,-2.716871394183109,-1.2397883514244012,0.5227851783517928,-0.0725950676732822,-0.4443546652590846,-0.0784177767527689,0.0,0.8116609744606373,0.8116609744606373,0.9245780786182012,1.0,0.0,0.0,0.0,target,target,0.2162655548723506,-0.7318435496184508,-0.8816554976900681,-0.8039942872811277,0.0,0.0,-0.5430685084607998,0.2709248069642323,0.0,0.0,0.0,-5.878304635907295e-15,1.0,0.0,target,target
1962.2144613,TARGET_1,73.00735380000015,1.897110740239286,2.370152027280192,2.469241337814156,2.08142559432492,2.0188272166569767,0.9298812086277596,0.6757751081020374,0.7302280299302595,0.777566486900228,0.8895870375510764,3953.0431640625,-1.0560104719730077,-0.6548891121617314,-0.1747959016627512,-0.6483408887656569,-0.5691855104106288,-0.1061698582746668,-0.305934313655186,0.0517409795947161,0.0026089986806518,-0.4644698565472995,1.0450286998033749,0.5225143499016874,-0.2549077886082394,-0.2626689355474468,-0.4100204365619411,-0.4148425069122413,0.5691855104106288,0.0136885914568461,0.3957356123420488,0.0517409795947161,-0.4388126200556019,0.0218618558774479,0.0218618558774479,-0.0579914827056227,0.0,0.9423671336507804,0.9974162945475648,0.0,0.0,0.0,target,target,0.214941665679056,0.4020292725518564,-0.585891592143604,0.7188042854328881,0.0,0.0,-0.4531291368564265,-0.0010692525134131,0.0,0.0,0.0,0.8660254037844499,-0.4999999999999804,0.0,target,target
1963.2144613,TARGET_1,74.00735380000015,2.272262295575941,2.2599421723767232,2.101931578725341,2.0091107659846377,1.8511032114170465,1.036789058688144,0.6761930180445197,0.7028176784157223,0.7776859959982972,0.8735918042680455,4003.80322265625,-0.555725252552051,-0.8083664111146115,-0.7124645675957036,-0.7650078846101499,-0.7359041601770149,0.3211606236002237,-0.3024385737613371,-0.1673238269682669,0.0037810566430955,-0.5465317531149249,1.0801976652253444,0.5400988326126722,0.2446992548859491,0.2697978289311892,-0.5177534378145612,-0.7604154893551576,0.7359041601770149,0.3616588227445935,0.4317525697927538,-0.1673238269682669,-0.4169842060932017,0.2799455413053265,0.2799455413053265,-0.0285970031944537,0.0,0.9372896820341742,1.0,0.0,0.0,0.0,target,target,0.1486683454385052,-0.8124706655995163,-1.0286670795406934,-1.0299802749951237,0.0,0.0,-0.4468642561975759,0.4187112465351691,1.0,0.0,3.0,-0.8660254037844333,-0.5000000000000093,0.0,target,target
1964.2144613,TARGET_1,75.00735380000015,2.3661879380395,1.8094403522163471,1.533754346593927,1.7762054642030245,1.771763095596265,0.9889935389107768,0.7000994451614209,0.6160624317511746,0.7396712745602331,0.8930419124482587,4044.49072265625,-0.4304702456603212,-1.4357313830777,-1.544163390876105,-1.140758785203516,-0.8147687029300172,0.1301130767045853,-0.1024657028227872,-0.8606758009045967,-0.3690395710027575,-0.4467449768003166,1.1083878864396,0.5541939432198,0.2928011212162442,0.4219024913519337,-0.2735424578038836,-1.4899473869769024,0.8147687029300172,0.453043797028326,0.460622511965279,-0.8606758009045967,-0.4273106520206709,0.3712247625978219,0.3712247625978219,-0.0237889970919592,0.0,0.9332395330931388,1.0,0.0,0.0,0.0,target,target,0.2878786454734957,0.6129765848658748,0.281624325401998,0.9686974952050148,0.0,0.0,-0.6744907594765952,0.0216439295372317,0.0,0.0,0.0,-2.7439516068539766e-14,1.0,0.0,target,target
1965.2144613,TARGET_1,76.00735380000015,2.95528515121706,3.0091165063307503,2.876656203340558,2.5998039409257285,2.8030346404594777,0.9198359205468264,0.6895142255068993,0.5248680995859488,0.7311350641028344,0.968981783426286,4100.7591796875,0.3551232681139601,0.2349273426136516,0.4215786890158132,0.1879695305050606,0.2103212909330524,-0.1463227356711603,-0.191009120602408,-1.5895051530134334,-0.4527564896083446,-0.0571432918927955,1.1473733303989435,0.5736866651994718,0.2665824015836734,0.5050081745356885,-0.2978501029844859,0.3282530158147324,-0.2103212909330524,0.2335844596082709,0.5005479706597042,-1.5895051530134334,-0.3175471751942795,0.2300121749840616,0.2300121749840616,0.0139268535248179,0.0139268535248179,0.9276672330309026,1.0,0.0029716389995969,0.006400407646487,0.0029716389995969,target,target,0.3243101258060454,-0.451327189632037,-0.7975838782866492,-0.5104594311552003,0.0,0.0,-0.4109459340690266,0.2369679106575823,0.0,0.0,0.0,0.8660254037844465,-0.4999999999999864,0.0,target,target
1966.2144613,TARGET_1,77.00735380000015,4.082391989571343,4.420760411587348,3.949614068748616,3.4096548251012635,4.349797736433452,1.0284431103794704,0.7845757140364914,0.5273913809687459,0.7679009522785651,0.9732392293195636,4133.1884765625,1.8581821890103984,2.2007705410448937,1.9921762836109709,1.4945185731740176,1.7478129248847034,0.2878003220841612,0.6041627670242138,-1.5693389706230592,-0.0921835066400072,-0.0353009043293048,1.1698418785458928,0.5849209392729464,0.6908387269839954,0.9262395725774544,0.3859824516849368,2.0964734123279323,-1.7478129248847034,-0.1573210837043193,0.5235582791199657,-1.5693389706230592,-0.2015935208828596,0.4874436629785125,0.4874436629785125,0.3407609405975916,0.3407609405975916,0.9244708660313592,1.0,0.1535562389194853,0.330734159122079,0.1535562389194853,target,target,0.2476083737706886,0.2474719032539884,-0.3121200474583159,-0.1739168450236064,0.0,0.0,-0.2784450842990006,0.2629802280226312,1.0,0.0,5.0,-0.8660254037844367,-0.5000000000000034,0.0,target,target
1967.2144613,TARGET_1,78.00735380000015,3.380467505405212,3.227370738308096,2.534407789727752,2.465816468463633,3.354001183975726,0.931499564655295,0.7621584756725385,0.5277485215039828,0.7068603526762093,0.9041801957995892,4188.39306640625,0.9221273077694904,0.5388663146616405,-0.0794051357030175,-0.0281952070974727,0.7579852825607293,-0.0997009894245193,0.4166466864224317,-1.5664846868235258,-0.6908251326928744,-0.3896011615058272,1.2080902250832215,0.6040451125416108,0.2975573728283119,0.5325300758518408,0.2905606556431588,0.2297305894793114,-0.7579852825607293,-0.0421464075527819,0.5627288675426272,-1.5664846868235258,-0.1582661683198062,0.2061212769066593,0.2061212769066593,-0.0384632122355318,0.0,0.919054982193636,1.0,0.0,0.0,0.0,target,target,0.2389674947508417,-0.5077493798529215,-0.7598966370942237,-0.801170454639055,0.0,0.0,0.1218682290902661,0.4348916648649005,0.0,0.0,0.0,-2.057901807076824e-14,1.0,0.0,target,target
1968.2144613,TARGET_1,79.00735380000015,1.987807372164568,1.961913257691404,1.6155124100216418,1.6421990888510527,1.4954014341485249,0.8044664580043154,0.6439120594299443,0.6338858749802311,0.6565976157700429,0.9001765574703371,4237.1845703125,-0.9350615281181353,-1.2233989222800137,-1.4244857950466625,-1.356954019226013,-1.0894738232725245,-0.607475850190738,-0.5724628621771258,-0.7182300120868644,-1.1837653519467752,-0.4101414155087379,1.2418952828649334,0.6209476414324667,-0.5113322563184521,-0.4035977545054224,-0.575830809987558,-1.323942358663338,1.0894738232725245,0.1609092791954933,0.5973490308921566,-0.7182300120868644,-0.0907225303494254,0.0979551107363791,0.0979551107363791,-0.0735114267142741,0.0,0.914294678037873,1.0,0.0,0.0,0.0,target,target,0.2048645394950606,-0.8821991282735436,-0.8934978337573458,-1.026968166758264,0.0,0.0,0.448883611169057,0.3669528318400617,0.0,0.0,0.0,0.866025403784443,-0.4999999999999923,0.0,target,target
1969.2144613,TARGET_1,80.00735380000015,1.8807956104278032,2.235165548022655,2.3870512760803453,1.9821308376210265,4.3318544971511965,0.8612262500534833,0.6369831994258195,0.7121611502124291,0.7085258899390028,0.909175663773994,4288.09951171875,-1.0777675943453098,-0.8428701257448795,-0.2951058573660504,-0.8085351564370372,1.72997723928148,-0.380596446350987,-0.6304215031978315,-0.0926503649848727,-0.6744907594765952,-0.3639724276843959,1.2771715584127814,0.6385857792063907,-0.5078152634078792,-0.4939177086601483,-0.6949188364116825,-0.568987991555465,-1.72997723928148,-0.7488947668619054,0.6334758859241927,-0.0926503649848727,-0.0825553988624819,-0.0950213828886289,0.0,-0.0950213828886289,0.0,0.9093534896559454,1.0,0.0,0.0,0.0,target,target,0.1490338303200148,-0.6560041518008393,-0.7962097975891608,-0.7015972284417016,0.0,0.0,0.8775417918074416,0.6464700027903089,1.0,0.0,3.0,-0.8660254037844259,-0.5000000000000221,0.0,target,target
1970.2144613,TARGET_1,81.00735380000015,2.001048975572859,2.5068804688559503,2.820512052998165,2.1937869418836726,4.835469560065907,1.0172361891074937,0.6333331689141278,0.7341152281401471,0.7331875723315342,0.9413628663474958,4351.17900390625,-0.9174031221422956,-0.4644822567905461,0.3393947838306684,-0.4670660220532043,2.230573580103689,0.2430041816250387,-0.660953337874217,0.0828076488225579,-0.4326269877436817,-0.1988393007302511,1.320876009137169,0.6604380045685845,0.0489120033949973,0.0364908560716136,-0.8868138844226228,-0.0625437364799388,-2.230573580103689,-0.610826948075902,0.6782341357976273,0.0828076488225579,-0.0754004509864651,-0.0817810374150372,0.0,-0.101735120369644,0.0,0.9032687774843474,0.9958681771248844,0.0,0.0,0.0,target,target,-0.0120932564284308,5.455441454461061,5.95779032471671,20.715163398043288,1.0,0.0,0.8263760794475878,0.016367176449602,0.0,0.0,0.0,-1.3718520072996712e-14,1.0,0.0,target,target
1971.2144613,TARGET_1,82.00735380000015,1.95636183604474,2.2202693718325635,2.048940851810668,1.862673105585276,1.872708755569848,1.0020729871357286,0.5674455718497775,0.7434184240969984,0.707461646858604,0.9763106703109272,4390.38037109375,-0.9769958789524276,-0.8636144129811156,-0.7900324860678638,-1.0012587657834764,-0.7144281219470051,0.1823940542891997,-1.212090982984123,0.1571592244170667,-0.6849280784465228,-0.0195431927356741,1.348036567365541,0.6740182836827705,-0.0411162451774662,-0.0646901288400262,-1.426194067477116,-0.8268234495244897,0.7144281219470051,0.3225960773968908,0.7060495878108268,0.1571592244170667,-0.0624627290014294,0.0307870847999123,0.0307870847999123,-0.0736478304319349,0.0,0.899507904318952,0.9921728318467216,0.0,0.0,0.0,target,target,-0.0767931542356528,-1.3220010776765565,-1.1097560782173383,-0.8618633669016932,0.0,0.0,0.4009401602501833,-0.1439944573649469,0.0,0.0,0.0,0.8660254037844538,-0.4999999999999737,0.0,target,target
1972.2144613,TARGET_1,83.00735380000015,1.7932904960011835,2.2974489990967264,2.098741345292773,1.8481747324266704,2.019212891279645,0.9074045248527328,0.5335438040331871,0.6370570001400002,0.6943417376198778,0.9265313910366104,4427.544140625,-1.1944604741924747,-0.7561347258236564,-0.7171344368579814,-1.0246492885831378,-0.5688021475625472,-0.1960133272351465,-1.4956730426128848,-0.6928862320429126,-0.813598567457151,-0.2749306569093671,1.3737853817247805,0.6868926908623902,-0.1252263187357247,-0.0212933839292878,-1.6183928835196957,-0.7366345813408188,0.5688021475625472,0.3895993803382634,0.7324192560696349,-0.6928862320429126,-0.0713620523319483,0.0338973407746763,0.0338973407746763,-0.0709029503766188,0.0,0.8959569729598373,1.0,0.0,0.0,0.0,target,target,-0.0438515989737243,-1.2365849960408213,-1.031850046013286,-0.2167056933419275,0.0,0.0,0.5302783706376384,0.2567688913516654,1.0,0.0,2.0,-0.8660254037844294,-0.5000000000000161,0.0,target,target
1973.2144613,TARGET_1,84.00735380000015,2.232540230101701,2.600611311426519,2.366198973697136,2.090980229443064,2.201972950772031,0.9741632683790704,0.5621570276763366,0.6228387955361697,0.6914295572333121,0.9172188381131005,4465.762890625,-0.608696810203733,-0.3339534891144736,-0.3256294939604702,-0.6329261999499862,-0.3871375712473794,0.070833738011781,-1.2563286834266394,-0.8065187857720811,-0.8421591060712847,-0.3227077503263387,1.400265136367664,0.7001325681838321,0.1780821709860513,0.2990599888518636,-1.4490702599755427,-0.3297914915374719,0.3871375712473794,0.4658662282692428,0.7595374890012773,-0.8065187857720811,-0.0818894588575174,0.1810197025205719,0.1810197025205719,-0.0673440005232673,0.0,0.8923198598974741,1.0,0.0,0.0,0.0,target,target,-0.0026026973614392,-1.129876124941062,-0.9608458841107828,-0.7059425586930463,0.0,0.0,0.5266613974293098,0.4355198114407582,0.0,0.0,0.0,-6.858022075225178e-15,1.0,0.0,target,target
1974.2144613,TARGET_1,85.00735380000015,2.0759709272131595,2.366978338832301,2.233165316438249,1.91241960783509,1.6882095516837772,0.9184927044416664,0.6035921285300584,0.6529630331470039,0.6762408313791707,0.9403951925416996,4506.04697265625,-0.8174905815100755,-0.6593087634817236,-0.5203643934632946,-0.9210017133301808,-0.897821418039936,-0.1516918192806045,-0.9097316769049404,-0.5657644750666955,-0.9911190376942948,-0.2038038515034301,1.4281758505642637,0.7140879252821318,-0.132196234327794,-0.0473315630677897,-1.0503307034053224,-0.589836578472509,0.897821418039936,0.3482894791943925,0.7881211846993526,-0.5657644750666955,-0.1023639726427196,0.0686984568802463,0.0686984568802463,-0.0833892297854636,0.0,0.8885021800996009,1.0,0.0,0.0,0.0,target,target,0.0586827786809399,-1.0510736068854702,-0.9091849409100038,-0.3662526072757868,0.0,0.0,0.2783825723696709,-0.1379689156660705,0.0,0.0,0.0,0.8660254037844504,-0.4999999999999796,0.0,target,target
1975.2144613,TARGET_1,86.00735380000015,1.450664825880044,2.015349757389654,2.344884856920501,1.7160291756234365,3.6228151050280135,0.8739356171650945,0.5933083498438154,0.6440902297555637,0.6832595638989641,0.8619611552964254,4560.28505859375,-1.65137063787815,-1.1489837109872731,-0.3568291352693775,-1.23784242587284,1.0251879044641068,-0.3297947515356665,-0.9957535963631938,-0.6366763332231425,-0.9222844345637394,-0.6062015995019727,1.465754557558204,0.732877278779102,-0.2901773546023422,-0.1946759046188708,-1.0965242281740526,-0.7529064231283253,-1.0251879044641068,-0.2923726629432309,0.8266059872692844,-0.6366763332231425,-0.081772934746415,-0.1239908980903926,0.0,-0.1239908980903926,0.0,0.8833878813628033,1.0,0.0,0.0,0.0,target,target,0.1459869180935525,-0.992222863641213,-0.8828558936127789,-0.561068309852205,0.0,0.0,0.1092203290595088,-0.5619170223244538,1.0,0.0,9.0,-0.8660254037844327,-0.5000000000000102,0.0,target,target
1976.2144613,TARGET_1,87.00735380000015,1.5838692289571703,2.1794188321962005,2.5156641428089026,1.891079143083472,4.264754655721855,0.9868745198048848,0.6388602265000733,0.6523209172768231,0.7205448463303339,0.8224593211685862,4609.97587890625,-1.4737352447329022,-0.9205025242089911,-0.1068421187512659,-0.955430722838176,1.663279601417206,0.1216429647800494,-0.6147205165538437,-0.5708962950222907,-0.5566176120233179,-0.8088616901096659,1.5001827042107925,0.7500913521053962,0.1339338300115021,0.2195682742648457,-0.8326540957752052,-0.5136723214801286,-1.663279601417206,-0.3370061761198839,0.8618642633719501,-0.5708962950222907,-0.0423885293184753,-0.0055539030090707,0.0,-0.1292796395057925,0.0,0.8787282040641646,1.0,0.0,0.0,0.0,target,target,0.2648085030596634,-0.8259513079336211,-0.7613200330147245,-0.3256189952265263,0.0,0.0,-0.0221713694516013,-0.2135860646980451,0.0,0.0,0.0,-2.8419233507857654e-14,1.0,0.0,target,target
1977.2144613,TARGET_1,88.00735380000015,1.8751190179792872,2.47523754343266,2.407870975262336,1.9295388833902207,2.622384927293353,0.9828345145274384,0.6411891289854592,0.6101116682528536,0.7197567162154545,0.8164847418995501,4655.7021484375,-1.0853376423919472,-0.5085479234152569,-0.264629945394435,-0.8933828349356567,0.0307544113044764,0.1054943152560608,-0.5952396751106117,-0.9082345800749544,-0.5643470166586952,-0.8395136535624813,1.531864022880866,0.765932011440433,0.2318934154221866,0.3681286024334299,-0.8130962567847352,-0.386588934404846,-0.0307544113044764,0.2410354881489171,0.8943094801371112,-0.9082345800749544,-0.0508360358024546,0.1120166074512366,0.1120166074512366,-0.1100428732056749,0.0,0.8744620147337964,1.0,0.0,0.0,0.0,target,target,0.4715688382140415,-0.5283017650678783,-0.5168493544686901,0.8035599257855823,0.0,0.0,0.4072351134077118,0.6996161338784649,0.0,0.0,0.0,0.8660254037844469,-0.4999999999999855,0.0,target,target
1978.2144613,TARGET_1,89.00735380000015,2.1809653822492905,2.646879473352297,2.159856835336388,1.9080460865408675,2.480195175486242,0.8988682112317433,0.626721345549267,0.5987901725713395,0.7161423720841069,0.79540662562368,4700.46640625,-0.6774747046503953,-0.2695208435393327,-0.6276734759482995,-0.928057604941482,-0.1105830400519225,-0.2301345541706073,-0.7162600256508721,-0.9987165011170532,-0.5997938645271591,-0.9476527576983276,1.562878814407166,0.7814394072035831,-0.0759436305805344,0.0738638445870236,-0.8540862389091161,-0.4485971597438161,0.1105830400519225,0.147055981970011,0.9260720984951544,-0.9987165011170532,-0.0864236466805939,-0.0744126158655248,0.0,-0.124205216577272,0.0,0.8703056434024052,1.0,0.0,0.0,0.0,target,target,0.6943084679269175,-0.5431959938959084,-0.5641996767786999,-0.217094269497921,0.0,0.0,1.0712877149976745,0.3815200102373325,1.0,0.0,1.0,-0.866025403784422,-0.5000000000000289,0.0,target,target
1979.2144613,TARGET_1,90.00735380000015,2.062093956544062,2.471766259831536,2.31913129730082,2.0004951737709185,2.689961926968421,0.9861143622519396,0.6482339411417152,0.6550757909792799,0.7680062245526629,0.8708928427246166,4753.46943359375,-0.8359962846514565,-0.5133820031939355,-0.3945272407542112,-0.7789075962469666,0.0979263472773519,0.1186044742181548,-0.5363111156391154,-0.5488792160215309,-0.0911510730506472,-0.5603784972728749,1.599601814489392,0.799800907244696,0.1107619730145167,0.1930938554177463,-0.7659124610048281,-0.4539546219740733,-0.0979263472773519,0.0946962852790397,0.9636805613985732,-0.5488792160215309,-0.1297123851617495,-0.0239981014666379,0.0,-0.1350824556818819,0.0,0.8654098370417564,1.0,0.0,0.0,0.0,target,target,0.8152471452642027,-1.029796482445265,-0.9364330624419176,0.0946061350216092,0.0,0.0,0.8057653247700928,-0.401647490539291,0.0,0.0,0.0,-2.1558735510086122e-14,1.0,0.0,target,target
1980.2144613,TARGET_1,91.00735380000016,2.236850876054274,2.787195056869225,2.6988421287764623,2.17354816525908,4.16818646714322,1.006606750288071,0.5898517812652596,0.6770054948045533,0.7245816700345197,0.840931402244678,4785.96953125,-0.6029483268893194,-0.0741185650585398,0.1612941365657307,-0.4997176555086312,1.5672902528013952,0.2005163455101228,-1.0246671575101507,-0.3736160011766141,-0.5170273930198127,-0.714092581098722,1.6221194167607182,0.8110597083803591,0.128517018826848,0.1845594190033401,-1.2775611709827712,0.0435877857535954,-1.5672902528013952,-0.2612560737447276,0.9867411067733776,-0.3736160011766141,-0.1818405475261155,-0.0384344127754408,0.0,-0.1392936088652875,0.0,0.8624214850761751,1.0,0.0,0.0,0.0,target,target,-0.0913430257912744,-0.8956426833437704,-0.8334242343447812,-0.6679471594455442,0.0,0.0,0.9997875030026416,-0.598635851306696,0.0,0.0,0.0,0.8660254037844436,-0.4999999999999915,0.0,target,target
1981.2144613,TARGET_1,92.00735380000016,2.5307745204947256,2.8949313368511103,2.652188564132985,2.2674981736622057,4.833238504924214,0.9140017266086108,0.6782137428013366,0.6475968085810139,0.722794627639439,0.816236822225076,4832.89462890625,-0.2109849913783093,0.0759140546680158,0.0930025672779951,-0.3481461798995006,2.2283558981431053,-0.1696430896541564,-0.2855355824016788,-0.6086515918517054,-0.5345533998445425,-0.8407855799122744,1.6546313401629973,0.8273156700814986,-0.1634439500264342,-0.0721462112486784,-0.4499537275085143,0.0844583109730055,-2.2283558981431053,-0.7420115390911362,1.0200369557632647,-0.6086515918517054,-0.201849795047587,-0.1530055433644897,0.0,-0.1361138811698886,0.0,0.858124964898751,1.0,0.0,0.0,0.0,target,target,-0.0991194211287537,-0.595298253988643,-0.6726359631205832,-0.2822110119848252,0.0,0.0,1.04177246713359,-0.2213333749918147,1.0,0.0,5.0,-0.8660254037844254,-0.5000000000000229,0.0,target,target
1982.2144613,TARGET_1,93.00735380000016,2.268793523572383,2.39653005501024,2.2940119274852404,2.117609512426378,4.471870665907095,1.0013672673780143,0.7312368316007424,0.6200451060690395,0.7898926523573236,0.8997354047610112,4871.48486328125,-0.5603510506814605,-0.6181552969211808,-0.431297018097789,-0.5899646315073829,1.869154136273971,0.1795731616797016,0.1579928144347808,-0.828846082172835,0.1234950283117832,-0.4124047040374294,1.6813684767219217,0.8406842383609607,0.2594982308499537,0.3838251431758789,-0.0970715355753847,-0.5247261575094849,-1.869154136273971,-0.4657533297155648,1.0474187765885907,-0.828846082172835,-0.1974563909992192,0.0680503644207528,0.0680503644207528,-0.1571128164882886,0.0,0.8546076395461873,1.0,0.0,0.0,0.0,target,target,-0.1630457732317315,-0.4670847749309367,-0.555205122970016,-0.8778440495955034,0.0,0.0,0.7925309572422122,-0.482858576115031,0.0,0.0,0.0,-1.469823751231459e-14,1.0,0.0,target,target
1983.2144613,TARGET_1,94.00735380000016,1.8747939590094287,2.302972161253183,2.432031868757572,1.9636218340980152,4.948267969063437,1.0099904299759457,0.6135290585632388,0.5790795889967787,0.734606096292594,0.9266751301394396,4927.14326171875,-1.0857711263952707,-0.7484432175624925,-0.2292631873601325,-0.8383961114675004,2.342695863476085,0.2140415400651813,-0.8266110827093422,-1.1562444035124189,-0.4187151406095488,-0.2741932182499632,1.71993124328129,0.859965621640645,0.4037356758843666,0.5771723364112294,-1.0951128731357989,-0.4888532024613126,-2.342695863476085,-0.2949278653186536,1.0869113663103973,-1.1562444035124189,-0.1881504510292487,0.180281099356899,0.180281099356899,-0.1630367049465595,0.0,0.8495600047877222,1.0,0.0,0.0,0.0,target,target,-0.2310861899683054,-0.3691295663993779,-0.4900324563196224,-0.5101815082434403,0.0,0.0,0.09153203261099,-0.2271462975767052,0.0,0.0,0.0,0.8660254037844544,-0.4999999999999728,0.0,target,target
1984.2144613,TARGET_1,95.00735380000016,1.7187266924919855,1.879063172236664,2.06382861365372,1.7342833416407282,3.580973275979204,0.9546785819242358,0.5231855594594325,0.5568906045169437,0.6895092842558178,0.8970525572834726,4989.454296875,-1.293895404606091,-1.338775240892774,-0.768239754318131,-1.2083926054174443,0.983596879775694,-0.0070501633782729,-1.5823178555399064,-1.333579801430469,-0.8609917411568059,-0.4261687766403627,1.763103270688822,0.8815516353444109,0.2393148582862883,0.4393518285008587,-1.8009432235314409,-1.0535074976054526,-0.983596879775694,0.1918239055445315,1.13112435510723,-1.333579801430469,-0.1448803159350681,0.0966382729410966,0.0966382729410966,-0.1504862627116313,0.0,0.8439444084962556,1.0,0.0,0.0,0.0,target,target,1.1998426810055378,-0.918553163189872,-0.9667525443546668,-0.1882219742962159,0.0,0.0,0.3412403335850208,0.3817502005075845,1.0,0.0,5.0,-0.8660254037844288,-0.500000000000017,0.0,target,target
1985.2144613,TARGET_1,96.00735380000016,1.6763360537345255,1.801999668465064,1.8190633014448576,1.6822326033647543,2.1551510119797297,0.9865376788258924,0.5912185211252816,0.6317441963094607,0.7185967493336844,0.8127979005560866,5005.99013671875,-1.350425651410317,-1.4460932154701822,-1.1265276451938542,-1.2923671291150016,-0.4336788543733706,0.1202965489856363,-1.0132346296673962,-0.7353464078209201,-0.5757231247702457,-0.8584286132654773,1.7745600813348144,0.8872800406674072,0.1558477815561066,0.2661497427292446,-1.265128777080657,-1.2863104303320183,0.4336788543733706,0.384707425448091,1.1428574116986454,-0.7353464078209201,-0.1419270902145742,0.0990284637182953,0.0990284637182953,-0.1329578692099877,0.0,0.8424604076435224,1.0,0.0,0.0,0.0,target,target,1.1465467726478469,-0.8354907691050265,-0.9892268044217444,0.1376771695240797,0.0,0.0,0.316424109766344,-0.8165134845843258,0.0,0.0,0.0,-7.83773951454306e-15,1.0,0.0,target,target
1986.2144613,TARGET_1,97.00735380000016,1.9583849874123,2.48818472082513,2.4690382746218766,2.099276842643993,2.1857626498250644,0.935878393731942,0.6882364856355202,0.5810064908997048,0.7184230137601474,0.8272340616750218,5049.948828125,-0.9742978954003308,-0.4905177951930517,-0.175093145917746,-0.6195411036972307,-0.4032507059314635,-0.0821979984064184,-0.2016971798905188,-1.1408445137150742,-0.5774269964052393,-0.7843653758238314,1.8050167384169984,0.9025083692084992,0.0914704890917327,0.2625971661489938,-0.406774772591039,-0.3328054705553989,0.4032507059314635,0.224429857637636,1.1740484379076357,-1.1408445137150742,-0.2872200722177968,0.0419684981834738,0.0419684981834738,-0.1536642799223817,0.0,0.8385280332280438,1.0,0.0,0.0,0.0,target,target,0.9875711364307828,-0.4093398492004967,-0.6861051772853907,0.182883781803685,0.0,0.0,0.4850197517416542,0.3243433169943168,0.0,0.0,0.0,0.8660254037844509,-0.4999999999999788,0.0,target,target
1987.2144613,TARGET_1,98.00735380000016,2.065323113353452,2.757341895578453,2.585582634192713,2.160356928985286,1.8861882121767488,0.9676811782367276,0.6093220451506955,0.480237903554133,0.6765478689268732,0.9299695697409276,5084.41005859375,-0.8316900265540312,-0.1156918214984975,-0.0044953091275987,-0.5209993475607314,-0.7010294626324225,0.0449236228750595,-0.8618019770269835,-1.94619175936332,-0.9881078376403416,-0.2572914352598778,1.8288931061031315,0.9144465530515656,0.4974791003893301,0.7894078642938279,-1.1016445210086396,-0.0600935653130481,0.7010294626324225,0.764089349488263,1.1985005111691265,-1.94619175936332,-0.3647323030506563,0.4904031827818391,0.4904031827818391,-0.1033661417265426,0.0,0.8354581042941417,1.0,0.0,0.0,0.0,target,target,0.6829389300539651,0.855982306385413,0.8531992152178492,1.1550867511378695,0.0,0.0,0.7962609418442482,-1.182846253816728,1.0,0.0,8.0,-0.8660254037844323,-0.500000000000011,0.0,target,target
1988.2144613,TARGET_1,99.00735380000016,2.151581915805932,2.957784661115518,2.840049940679009,2.31926725805501,1.884464016587167,0.9884522780577942,0.5949238047099852,0.5686250209642791,0.6797120834899967,0.8881575321161599,5110.93125,-0.7166591722284983,0.1634430551077689,0.3679943778914601,-0.2646260541887945,-0.7027433232107996,0.1279495568040873,-0.9822406131859112,-1.239797798386776,-0.9570755318702772,-0.4718037869168819,1.847268239807777,0.9236341199038886,0.3309702562634868,0.5169399260215033,-1.2451365323629051,0.2657187164996145,0.7027433232107996,0.6110808048649683,1.2173187050184633,-1.239797798386776,-0.3774565390783943,0.3112443772583422,0.3112443772583422,-0.0683459819663497,0.0,0.8331031576620128,1.0,0.0,0.0,0.0,target,target,0.0324199201490578,1.879677416637663,1.936684510538048,1.793247004890667,0.0,0.0,0.2055721762977292,-0.9779254292995584,0.0,0.0,0.0,-2.9398950947175544e-14,1.0,0.0,target,target
1989.2144613,TARGET_1,100.00735380000016,1.8498677871161733,2.7280372790283853,3.285766086851083,2.360899308151495,3.560222579502644,0.9080724766752746,0.635447781582755,0.6282568881255188,0.6897591956752762,0.8733509154249736,5142.2984375,-1.119011546693545,-0.1565011792360026,1.0204344499756044,-0.1974602138337717,0.9629705651743028,-0.1933434000592207,-0.6432649913805898,-0.7632171373274557,-0.8585407924523638,-0.5477676085085086,1.8690009084282144,0.9345004542141072,-0.159842515548138,-0.0453599449490196,-0.8285542549193113,0.4319666353698008,-0.9629705651743028,-0.2850593108027938,1.2395753904682885,-0.7632171373274557,-0.4144808856182628,-0.1859363085702432,0.0,-0.0995429814962831,0.0,0.8303264779783653,1.0,0.0,0.0,0.0,target,target,-0.3495937453155799,3.1200706629206985,3.341907788007711,8.528923037359336,0.0,0.0,1.5753716736030563,-1.9201580974031256,0.0,0.0,0.0,0.8660254037844475,-0.4999999999999847,0.0,target,target
1990.2144613,TARGET_1,101.00735380000016,1.5043843591052246,2.128512872773083,2.7075113316209043,2.035707230836908,6.285765869863491,0.9146063518322396,0.6450880017532203,0.6526637873853762,0.7197528553687534,1.0106964738422204,5175.28955078125,-1.579732687603271,-0.9913937268124992,0.1739841308082909,-0.7220992623315082,3.6721766600250216,-0.1672262906256372,-0.5626263206774802,-0.568156061137782,-0.5643848810237586,0.1568696299377679,1.8918587095097013,1.024364169723735,-0.2244627116583472,-0.1392393024876799,-0.7769107904520045,-0.4087047980021041,-3.6721766600250216,-1.1852535712845813,1.4236363987486538,-0.568156061137782,-0.3526939844363729,-0.213545459812298,0.0,-0.213545459812298,0.0,0.8077154407236145,1.0,0.0,0.0,0.0,target,target,-0.4071774956356284,-0.5105952076097093,-0.5769630666100853,-0.7833752316841414,0.0,0.0,0.2894662582139116,0.0242812586986486,1.0,0.0,7.0,-0.8660254037844215,-0.5000000000000298,0.0,target,target
1991.2144613,TARGET_1,102.00735380000016,1.7937593072488427,2.001527422315444,2.070473543097397,1.962123085985859,6.878949349948722,0.9531991995497726,0.5818714132481776,0.6646120015721965,0.7146970934487665,1.0245649180487213,5213.18740234375,-1.1938352886252932,-1.1682325762930994,-0.7585128950098906,-0.8408140725383624,4.26180453542703,-0.0129635287915659,-1.0914214698847442,-0.4726653765976476,-0.6139681019690574,0.2280202542450184,1.9181161305626515,1.073068192403835,-0.115797695083348,-0.0448978885937008,-1.3564476357878117,-0.963372735651495,-4.26180453542703,-1.2147728302108112,1.5233931411776778,-0.4726653765976476,-0.2753802137100483,-0.2285089711766516,0.0,-0.2285089711766516,0.0,0.7957191586353267,1.0,0.0,0.0,0.0,target,target,-0.4423666669109593,-0.7317070699445927,-0.7575284036767703,-0.8927049651847108,0.0,0.0,0.1045690037982491,-0.9030850990013588,0.0,0.0,0.0,-2.2538452949404006e-14,1.0,0.0,target,target
1992.2144613,TARGET_1,103.00735380000016,2.564054073109574,2.32683125501806,2.10657757350191,2.160516063724826,5.261072710250191,0.989476802370632,0.5699429588460362,0.6138562513312361,0.6716799556485608,0.8847763096728549,5255.97666015625,-0.1666048787403385,-0.7152172481634386,-0.7056637523392667,-0.5207426122213448,2.6536256198730768,0.1320447702804621,-1.1912007995600438,-0.8783076976236353,-1.0358487762844115,-0.489150800336748,1.947762548831854,0.973881274415927,0.1959821458447526,0.327728300488298,-1.467682310734141,-0.7104405002513526,-2.6536256198730768,-0.4785690973526539,1.3202361269195668,-0.8783076976236353,-0.2323848098985283,-0.0147367628213673,0.0,-0.198035419037935,0.0,0.8203407969414562,1.0,0.0,0.0,0.0,target,target,-0.439810230671283,-0.9906001119106302,-0.923371874865464,-0.6739838116079998,0.0,0.0,0.1159796283188648,-0.2018863859362417,0.0,0.0,0.0,0.866025403784444,-0.4999999999999907,0.0,target,target
1993.2144613,TARGET_1,104.00735380000016,3.383149124049164,2.8959022722910217,2.155711143220677,2.3720903385183534,3.086329857184481,0.965138015932877,0.7710930817167445,0.7057585093403809,0.7674674254246969,0.8404951476830077,5306.0171875,0.9257033936276148,0.0772661710364273,-0.6337419472972577,-0.1794054949984842,0.4919184060872278,0.0347581320137554,0.4913830245890693,-0.1438205691824957,-0.0964352214401226,-0.7163307401854621,1.982432989028433,0.9912164945142166,-0.1627087924009252,-0.1411357070235508,0.2348893679570763,-0.2782378881304151,-0.4919184060872278,-0.4543757622582963,1.3557425387339257,-0.1438205691824957,-0.2499903691601056,-0.2033613808100888,0.0,-0.2033613808100888,0.0,0.8159833074284188,1.0,0.0,0.0,0.0,target,target,-0.4762391744633735,-1.2107494530539602,-1.0484154345349728,-1.208364450393649,0.0,0.0,0.6166350000178044,-2.009770328078489,1.0,0.0,1.0,-0.8660254037844249,-0.5000000000000238,0.0,target,target
1994.2144613,TARGET_1,105.00735380000016,2.5530655894157133,2.4641032424985823,2.199775642364773,2.112825163999399,2.384500273458017,0.9392296952992706,0.7844935783400365,0.725071561055747,0.7998532657739856,1.014162890859192,5348.1544921875,-0.1812586257332131,-0.5240534554258703,-0.5692402566027795,-0.5976833189586266,-0.2057043366895133,-0.0688022251973824,0.6034757170126708,0.0105302400701233,0.2211814509727493,0.1746537253412878,2.011627703388203,1.0931407143647456,-0.345772987813112,-0.3473525238236305,0.3473910947208299,-0.5466468560143249,0.2057043366895133,-0.4007294627264591,1.564506160040771,0.0105302400701233,-0.2706103545914577,-0.2050839023111034,0.0,-0.2346759240061156,0.0,0.7908270961820005,0.9994736265796158,0.0,0.0,0.0,target,target,-0.1510194410545367,5.7719011845125285,6.466823776345092,8.448712778555839,0.0,0.0,-0.1060487062599817,-0.3540931447125957,0.0,0.0,0.0,-1.5677954951632475e-14,1.0,0.0,target,target
1995.2144613,TARGET_1,106.00735380000016,2.632592722971761,3.762429245064401,4.054978325509313,3.1203681161219685,2.5716142673275,0.9036635950307892,0.555036490432811,0.5994378969180985,0.6833061822445745,0.9959344072646894,5377.16806640625,-0.0752048218903808,1.2839842033535935,2.146408666409825,1.027806391883336,-0.0197119239416138,-0.2109665167583516,-1.3158906693415489,-0.9935398579553036,-0.921827235873001,0.081134368114803,2.031729677592633,1.0564320228537185,-0.127335572187425,0.0216954065058705,-1.5272570458653905,1.7151964348817097,0.0197119239416138,0.1730225261599603,1.4893185413911878,-0.9935398579553036,-0.1787681115270761,-0.1868942214163874,0.0,0.1369437583836598,0.1369437583836598,0.7997966419353703,1.0,0.0,0.0,0.0,target,target,-0.5233412437503134,0.8943732802988535,0.9527676487341128,-0.1477308316956028,0.0,0.0,-0.5836351975342063,-0.6438588432505492,0.0,0.0,0.0,0.8660254037844548,-0.4999999999999719,0.0,target,target
1996.2144613,TARGET_1,107.00735380000016,2.669707176059586,3.906039711611806,3.87316207862114,2.945946169194661,2.126256465114155,0.8462726769341159,0.5289881081020218,0.5478773484284948,0.6328490642133207,0.8151422284868769,5408.3634765625,-0.0257106586846097,1.4839749076909152,1.8802657271320724,0.7464078872557437,-0.4624002042609378,-0.4403686483290585,-1.5337806021416838,-1.4056141640861803,-1.4166738032551054,-0.8464012803236562,2.053343330758204,1.026671665379102,-0.2050716072436709,0.0057705173692561,-1.6803563564041948,1.6821203174114938,0.4624002042609378,0.3601931434233143,1.4283626664588278,-1.4056141640861803,-0.0505413442045002,-0.0888457167369467,0.0,0.158188977855806,0.158188977855806,0.8071430217420151,1.0,0.0,0.0,0.0,target,target,-0.7119881749437257,1.8722477833465607,2.0203058248611,-0.3012021904039856,0.0,0.0,0.9225609501177284,6.68849826071718,1.0,0.0,2.0,-0.8660254037844284,-0.5000000000000178,0.0,target,target
1997.2144613,TARGET_1,108.00735380000016,2.536745185030261,3.123907053993168,2.860289096625248,2.223557812615146,1.6818076615891604,0.881994553623367,0.5474496464755662,0.5508798873585087,0.643947480293522,0.8197204156285758,5459.43935546875,-0.2030227820398227,0.394783675025855,0.3976204896621302,-0.4190360656579271,-0.9041849345264432,-0.2975816895559565,-1.3793532252506435,-1.3816177330461594,-1.3078286429495931,-0.8229133628271421,2.0887311114053246,1.0443655557026623,-0.0751068719154663,0.1321357880414576,-1.5660491917873205,0.3962020823439927,0.9041849345264432,0.5280112099109783,1.4646037151945417,-1.3816177330461594,0.1008612605560545,0.0413863902009421,0.0413863902009421,-0.0170461374300466,0.0,0.8027671699893042,1.0,0.0,0.0,0.0,target,target,-0.8957163338135221,0.987389647494223,0.8740714036553532,0.2549015708390079,0.0,0.0,-0.4396341762892811,-1.370218625989887,0.0,0.0,0.0,-3.723916638426495e-14,1.0,0.0,target,target
1998.2144613,TARGET_1,109.00735380000016,3.054079066597374,3.6701110821552456,3.2091148287471194,2.624902149923088,1.4105309690214067,0.8691625620239839,0.5173092999906261,0.4768742615560599,0.6201533761901188,0.8221283421610946,5495.81650390625,0.4868703845270659,1.1554227212610957,0.9082322046852056,0.2284609858815505,-1.173835565831661,-0.3488735371656661,-1.6314716864578809,-1.973074142949835,-1.5411838403710605,-0.8105597438109297,2.113934917527522,1.056967458763761,0.0774605481758358,0.3734216696183111,-1.8084951668574043,1.0318274629731503,1.173835565831661,0.8124841801117473,1.490415234009705,-1.973074142949835,0.2793003159527397,0.2321944530180069,0.2321944530180069,0.2595618466712668,0.2595618466712668,0.7996650830956087,1.0,0.0481948717627781,0.1038035998968207,0.0481948717627781,target,target,-1.12210031872795,0.8680877661489945,0.9304146351715932,-0.5005592055911791,0.0,0.0,0.1841122410065235,0.1039514212033603,0.0,0.0,0.0,0.8660254037844514,-0.4999999999999779,0.0,target,target
1999.2144613,TARGET_1,110.00735380000016,2.344697243484808,2.698979066022633,2.344626444701959,2.132343063350789,2.1018492298236606,0.8942786266495529,0.5980776056957072,0.5979727864246697,0.666692732913383,0.9279440133757282,5558.96416015625,-0.4591292680950133,-0.1969673975104623,-0.3572073995255436,-0.5661946915943072,-0.4866611399948583,-0.2484799739878163,-0.9558596473310096,-1.0052490892895372,-1.0847598149557849,-0.2676833435235242,2.1576865955330344,1.0788432977665172,-0.1663536171781076,-0.015566253784677,-1.163450478275685,-0.277087398518003,0.4866611399948583,0.2179647192885485,1.535221849905693,-1.0052490892895372,0.3748443350917889,-0.1245893985933429,0.0,0.0539042290072531,0.0539042290072531,0.7943085608981053,1.0,0.0,0.0,0.0,target,target,-1.3316854081551803,0.5387010098342974,0.5081915028179254,-0.4052700300467075,0.0,0.0,1.543393862176968,-4.237354465041368,1.0,0.0,6.0,-0.8660254037844318,-0.5000000000000119,0.0,target,target
2000.2144613,TARGET_1,111.00735380000016,2.4387328817084786,2.720056099196204,2.2882128407876783,2.167099158220409,2.6985376060023127,0.9530892208619958,0.7484153612037817,0.6837686210337367,0.7369084960581694,1.0547861777554677,5596.790234375,-0.3337275758112064,-0.167615701836303,-0.439785731319138,-0.5101219708427037,0.1064506227817146,-0.0134031339806806,0.3016880586644812,-0.3195647812069851,-0.3961348850342967,0.3830673138480414,2.1838942858529955,1.2834807998505184,-0.2224256605208655,-0.1744909433398176,-0.0158313578029782,-0.3037007165777206,-0.1064506227817146,-0.3527377480884947,1.95436526893694,-0.3195647812069851,0.3684181905318004,-0.293154790340541,0.0,-0.0352620569682807,0.0,0.7459066726129144,1.0,0.0,0.0,0.0,target,target,-1.4137035845606587,0.0379638575869668,0.0290116721982422,-0.7120404051468858,0.0,0.0,2.197994054227109,11.497098188018835,0.0,0.0,0.0,-3.0378668386493425e-14,1.0,0.0,target,target
2001.2144613,TARGET_1,112.00735380000016,2.754015120395244,3.16843040630124,2.707367357466904,2.459100919231381,2.205895081428093,0.9407641111945808,0.7078419709615411,0.6003840053138001,0.6934639511258313,1.0114181519758925,5622.882519531249,0.0867186191123184,0.4567865136881118,0.1737733811905783,-0.0390295404196219,-0.3832389502583884,-0.0626688806060442,-0.0377008968986414,-0.9859785155703992,-0.8222072563879033,0.1605721252570042,2.2019722530552097,1.1812721891561069,-0.0128944474454311,0.1350023298901287,-0.3173517240361571,0.315279947439345,0.3832389502583884,0.0713124142217409,1.7450191515116795,-0.9859785155703992,0.3910468052904636,-0.1463193525931874,0.0,0.0821671218866157,0.0821671218866157,0.7697012143682808,1.0,0.0,0.0,0.0,target,target,-0.4666788438522979,8.627218654209633,8.275741910748065,30.110374117320625,1.0,1.0,-0.6748911289344739,-2.4167596118454853,0.0,0.0,0.0,0.8660254037844479,-0.4999999999999838,0.0,target,target
2002.2144613,TARGET_1,113.00735380000016,2.50354286433854,2.84041853914632,2.448706414695796,2.207988608584144,1.5439655301716693,0.9634064144057304,0.6154549336077738,0.6209191972193969,0.7037830973658374,0.9189896968029296,5638.63759765625,-0.2472999016632157,0.0,-0.2048549579357822,-0.4441541818683359,-1.0412008255908771,0.0278365999223992,-0.8105014917679044,-0.8218603049685583,-0.721004605613873,-0.3136225422478289,2.2128881151158346,1.1064440575579173,0.0388766922719153,0.162155738017199,-1.0940716561379835,-0.1024274789678911,1.0412008255908771,0.4423299054624108,1.5917543852866167,-0.8218603049685583,0.4382474082399396,0.0541278024661906,0.0541278024661906,0.1122430185212062,0.1122430185212062,0.7876013975377194,1.0,0.0047850470360848,0.0103061817544836,0.0047850470360848,target,target,0.8392601000348093,0.0005449604311398,-0.0600603397644293,-0.237963628909637,0.0,0.0,-0.4877340596386503,-0.0583999520132126,1.0,0.0,9.0,-0.866025403784421,-0.5000000000000305,0.0,target,target
2003.2144613,TARGET_1,114.00735380000016,2.2071398541337057,2.4232592557234898,1.9665263702551607,1.8697055714786424,1.4897467916468168,1.0082489275698678,0.6441015305350805,0.6419588311096633,0.7257393215525565,0.8704794719380943,5658.397656249999,-0.6425696077005203,-0.5809324411953277,-0.9106709478975444,-0.9899131443115262,-1.095094571247436,0.2070804323265532,-0.5708779711907523,-0.6537105705194115,-0.5056739923049648,-0.5624992535086507,2.2265788167555134,1.1132894083777567,0.1575567799139081,0.2556133654918198,-0.90097043136683,-0.7458016945464361,1.095094571247436,0.4547281693754185,1.6057751963201583,-0.6537105705194115,0.4650202332956643,0.1362166825374091,0.1362166825374091,0.130120700796483,0.130120700796483,0.7859467165905953,1.0,0.0139305991832032,0.0300041537832872,0.0139305991832032,target,target,0.8340593036851633,0.8761317273240357,0.7807765363603704,-0.335549198939899,0.0,0.0,2.666759470431758,13.459749460364504,0.0,0.0,0.0,-2.3518170388721888e-14,1.0,0.0,target,target
2004.2144613,TARGET_1,115.00735380000016,2.460115098997468,2.19607441548518,1.9462661578371088,1.981474356246819,1.77359582634037,0.8849090080426101,0.600893925390399,0.6271170481317643,0.6955273192712734,1.0008436606487483,5758.09375,-0.3052132137728325,-0.8973081017327411,-0.9403278821683758,-0.8095942713034414,-0.812946957768343,-0.2859320753258125,-0.9323016504762586,-0.7723267916714419,-0.8019712483902768,0.1063207868620878,2.295652978033785,1.2009868824479364,-0.315864418852792,-0.2000154001020757,-1.1610653522567895,-0.9188179919505584,0.812946957768343,0.1841625057207008,1.7853992571489044,-0.7723267916714419,0.5425743999835608,-0.118243469048979,0.0,0.130408441988227,0.130408441988227,0.7650532126368214,1.0,0.0,0.0,0.0,target,target,0.8465742778379284,0.0106124148732362,-0.0741475480691626,-0.5836892699760338,0.0,0.0,-0.8199081270176857,-0.1443077054292529,0.0,0.0,0.0,0.8660254037844587,-0.4999999999999652,0.0,target,target
2005.2144613,TARGET_1,116.00735380000016,2.906910395945837,2.426557081493462,2.1337754274750003,2.1436301876316675,1.814094393899672,0.785611720471451,0.5547055235525588,0.5685109653943774,0.7118189579521709,1.1058887803276958,5805.81904296875,0.290612873018887,-0.5763399173050107,-0.6658514862611015,-0.5479849424765046,-0.7726911429176243,-0.6828417290386672,-1.318659146492316,-1.2407093358161558,-0.6421947531636175,0.645243951876045,2.3287193145328136,1.4869816332044292,-0.62033886980412,-0.4342324694316966,-1.5196941225337564,-0.6210957017830561,0.7726911429176243,0.0987779395138142,2.371180535928682,-1.2407093358161558,0.7291023671253379,-0.2249567180245865,0.0,0.1645723705498157,0.1645723705498157,0.7006988531066326,1.0,0.0,0.0,0.0,target,target,0.8397689180402022,-0.2323965425420149,-0.3091155973922988,-0.775571922321516,0.0,0.0,0.6242445848651295,2.1226761244259085,1.0,0.0,7.0,-0.8660254037844244,-0.5000000000000246,0.0,target,target
2006.2144613,TARGET_1,117.00735380000016,2.851302526349752,2.54371559118407,2.243463529369768,2.2002513374993327,1.4479460295764088,0.8641567193580142,0.5771514216071725,0.575061310459391,0.7380216708549945,1.0400284040196583,5818.6345703125,0.2164567224001214,-0.4131859812762519,-0.5052898514143197,-0.4566368800122316,-1.1366447751172708,-0.3688828176575147,-1.1309033328432814,-1.1883586728256803,-0.3852176795220052,0.3073540760072922,2.3375985170101754,1.3224762965087338,-0.28357635629571,-0.1053225553718578,-1.3693017025560863,-0.4592379163452857,1.1366447751172708,0.3719696531103278,2.0342367765037035,-1.1883586728256803,0.9270339911759862,-0.0788433522414157,0.0,0.3809852426586675,0.3809852426586675,0.7370234887981052,1.0,0.0,0.0,0.0,target,target,0.8211525641471475,0.113928973866741,-0.0129971638033581,-0.6337986271481443,0.0,0.0,1.0902903160324988,-5.110661651347168,0.0,0.0,0.0,-1.6657672390950356e-14,1.0,0.0,target,target
2007.2144613,TARGET_1,118.00735380000016,2.5624575570990924,2.40583970377433,2.304998090470234,2.316589307337359,1.424757999544507,0.8297188757267606,0.5406395788756275,0.5458742149711584,0.6884032739040054,0.9239269607813502,5820.73427734375,-0.16873392059356,-0.6051907598771559,-0.4152154535607708,-0.2689464470102751,-1.1596938136382084,-0.5065372584246195,-1.436318189633906,-1.4216233000185854,-0.8718386830242439,-0.2882924180317576,2.3390532931870376,1.1695266465935188,-0.3013507650664943,-0.0881072700637065,-1.6020655366761307,-0.5102031067189633,1.1596938136382084,0.4792137433272931,1.720961650721627,-1.4216233000185854,1.001079697539066,-0.0123081140634188,0.0,0.4905329150018314,0.4905329150018314,0.7724837951300078,1.0,0.0,0.0,0.0,target,target,0.7884271943870275,-0.2821909074634861,-0.427104692265587,-0.492460706751711,0.0,0.0,0.1460762524576564,-1.5927211210026295,0.0,0.0,0.0,0.8660254037844552,-0.4999999999999711,0.0,target,target
2008.2144613,TARGET_1,119.00735380000016,1.8629524228579075,2.1525367787306293,2.139871157417246,2.005501613768303,1.664185684514254,0.7851439653076764,0.5549514342077427,0.5204099714313448,0.6555640689439788,0.8379448851252383,5769.581640625,-1.1015624657288603,-0.9579382413671028,-0.6569285461408461,-0.7708306039097641,-0.9217012836020564,-0.684711433082125,-1.3166021490384072,-1.62513472096346,-1.1939016244701033,-0.7294145995161025,2.3036123311030057,1.1518061655515028,-0.4038658221327897,-0.1600956139882707,-1.4333758321557517,-0.8074333937539745,0.9217012836020564,0.3543474314675476,1.6846661382413188,-1.62513472096346,0.992514604953062,-0.0612926134757571,0.0,0.4774950458777003,0.4774950458777003,0.7767009186970996,1.0,0.0,0.0,0.0,target,target,0.7344587262825374,1.5067699927024858,1.5118834667672294,-0.1070356029809654,0.0,0.0,-0.7038306999805636,0.2034866671818764,1.0,0.0,10.0,-0.8660254037844278,-0.5000000000000187,0.0,target,target
2009.2144613,TARGET_1,120.00735380000016,1.8077175327028607,2.271452438581582,2.250935566714739,1.8347034127087225,1.6660782817914632,0.8489567276675757,0.6610085856205205,0.617990551388714,0.7040471521382551,0.9188455320807384,5633.99267578125,-1.175221227762013,-0.7923373130915927,-0.4943522701177113,-1.0463828450006143,-0.9198200307536256,-0.4296400003143601,-0.4294535614276804,-0.8452661789154793,-0.7184149492317785,-0.314362164503523,2.209669893913273,1.1048349469566368,-0.4100055744331016,-0.2832156475957796,-0.5982522980882495,-0.643344791604652,0.9198200307536256,0.0858507918367378,1.5884585665234296,-0.8452661789154793,0.9798347675078264,-0.0874181615899599,0.0,0.4562006314606378,0.4562006314606378,0.7879908625198244,1.0,0.0,0.0,0.0,target,target,0.8860281104702483,0.2673701058499994,0.3290081345340402,-0.2051336245896439,0.0,0.0,-0.6881968361139412,-0.4329178227811843,0.0,0.0,0.0,-3.821888382358283e-14,1.0,0.0,target,target
2010.2144613,TARGET_1,121.00735380000016,2.0073730326581973,2.131595792356724,2.357509562565409,1.912013734204138,2.109849523885252,0.9785805128583158,0.7266971125852998,0.7215799595161911,0.7534400680992569,0.986863539857546,5535.6265625,-0.9089696444142608,-0.9871004794345708,-0.3383490691292001,-0.9216565175840592,-0.4787088005442561,0.0884902825107014,0.1200188988708537,-0.0173748021345399,-0.2340052986220302,0.0345972173416826,2.141517205903812,1.0880572116227472,-0.1774428396478963,-0.1748366193277153,-0.1741179746625084,-0.6627247742818854,0.4787088005442561,-0.1255075917592198,1.5540940083176655,-0.0173748021345399,0.9665343726396984,-0.1613077811660114,0.0,0.443459959600139,0.443459959600139,0.7920631929696097,1.0,0.0,0.0,0.0,target,target,0.7700526945269643,0.291276220050175,0.3191844030465169,-0.2365204498397613,0.0,0.0,0.1294151192841283,3.333225147227516,0.0,0.0,0.0,0.8660254037844518,-0.4999999999999771,0.0,target,target
2011.2144613,TARGET_1,122.00735380000016,2.33153341205109,2.1381460739938967,2.124233225253358,1.9785222110368,2.307491512230286,1.1213666938107851,0.7235918173997945,0.7242798283596977,0.8025076110703645,0.9688339821127958,5389.53017578125,-0.4766839608679866,-0.9779786133915164,-0.679819378514496,-0.8143570277235908,-0.2822514992361231,0.6592330995912996,0.0940436751236741,0.0042026754703904,0.2472133313061905,-0.0579015713055167,2.0402947306914005,1.0201473653457005,0.4027253218402378,0.4020949205196794,-0.3258014411105758,-0.8288989959530062,0.2822514992361231,0.1465910579667523,1.4149994393135756,0.0042026754703904,1.1354943586407873,0.1332592314529191,0.1332592314529191,0.5972552409481899,0.5972552409481899,0.8087625496894729,0.9997898883030356,0.0643557041369441,0.1386112986500129,0.0643557041369441,target,target,0.8177501416199211,1.005520176705019,1.1387077882033652,0.2955830896687544,0.0,0.0,-0.6490352642250375,-0.7794897821181322,1.0,0.0,2.0,-0.8660254037844313,-0.5000000000000128,0.0,target,target
2012.2144613,TARGET_1,123.00735380000016,2.580600080682447,2.320676543165983,1.892907584991338,2.057948292063572,1.8665390693585864,1.166007782550795,0.6327713590982336,0.6469843793666982,0.7892580389132172,1.0482015791684398,5054.81259765625,-0.1445398681829192,-0.7237882471155505,-1.0184342541559908,-0.6862173020577679,-0.7205608264048579,0.8376718012573912,-0.6656527737730431,-0.6135461546702973,0.1172712030779266,0.3492857091270125,1.808386587609529,1.078836148368271,0.7827039182999275,0.8747358415004721,-1.1447797611794588,-0.8711112506357706,0.7205608264048579,0.7050715259008247,1.535207206337459,-0.6135461546702973,1.378245833654842,0.5636676878253732,0.5636676878253732,0.8049981551978529,0.8049981551978529,0.7943103056267631,1.0,0.3604194520099156,0.7762825218338545,0.3604194520099156,target,target,-1.2576686104094206,0.5228410268728049,0.4937621107823361,-0.0175629665770346,0.0,0.0,0.2654700062894468,4.053887754947997,0.0,0.0,0.0,-3.13583858258113e-14,1.0,0.0,target,target
2013.2144613,TARGET_1,124.00735380000016,2.794909506764325,2.575144617943665,2.137353885155671,2.3557629475231825,1.6693771917506033,1.086562658975709,0.5901465863252493,0.6145306990774044,0.758094777378582,1.1387521148193018,4639.64599609375,0.1412535311144334,-0.369418188096545,-0.6606133336673977,-0.2057468097897124,-0.9165408948106104,0.5201149247438678,-1.0222011673425244,-0.8729174798085575,-0.1883553091079855,0.8138459039825189,1.520739562385134,1.1672927331838263,0.5338128593809063,0.66475048135219,-1.444053081824448,-0.5150157608819714,0.9165408948106104,0.7172469213354373,1.7163860959243744,-0.8729174798085575,1.4741162893327693,0.4071074272898346,0.4071074272898346,0.8461481802778259,0.8461481802778259,0.7730141584023458,1.0,0.2662826675763621,0.5735278147560623,0.2662826675763621,target,target,-1.2926456216659792,0.5030389382070017,0.6134455131068521,-0.412963393589484,0.0,0.0,0.9854985284476394,-8.95775299027694,0.0,0.0,0.0,0.8660254037844485,-0.499999999999983,0.0,target,target
2014.2144613,TARGET_1,125.00735380000016,2.8017931709518096,3.137510933909053,3.1673806056576503,2.690819602577003,1.7909495814899177,0.9688418533419334,0.537228724452919,0.635465639844501,0.7379774157228187,1.115813242120837,4218.200390624999,0.1504332756722444,0.413728321551325,0.8471415761434321,0.334806964311676,-0.7956972228674245,0.0495630562911059,-1.4648493602654329,-0.7056044576782409,-0.3856517015411117,0.6961603807112606,1.2287421467675614,0.962451263739411,0.0559118005436374,0.1617524691953736,-1.7178529402730622,0.6304349488473786,0.7956972228674245,0.5147660153695345,1.2968249060742694,-0.7056044576782409,1.5735449080797663,0.0782282442330572,0.0782282442330572,1.084521291051125,1.084521291051125,0.8232266379902934,1.0,0.0698427096753967,0.1504293802572985,0.0698427096753967,target,target,0.9193973630575244,13.16936551723916,11.08258671448415,41.68501555077764,1.0,1.0,-0.8827553310393014,0.103716114040181,1.0,0.0,2.0,-0.8660254037844347,-0.5000000000000068,0.0,target,target
2015.2144613,TARGET_1,126.00735380000016,2.036287236225291,2.139068050903484,2.59373384296224,2.065204483824259,1.8728436956925705,1.0444520142193778,0.6819107798334315,0.67586940665103,0.7753397844782014,1.0863762399943513,3758.92412109375,-0.8704109646749094,-0.9766946762526432,0.0074364444847324,-0.674510739055124,-0.7142939906696877,0.3517908764572252,-0.2546105468177758,-0.3826956706386449,-0.0192288726269952,0.545136873831409,0.9105338607695522,0.7278353673004806,0.3037755193556308,0.3611798699514276,-0.5245171077572023,-0.4846291158839553,0.7142939906696877,0.3781329596828797,0.8162790237651325,-0.3826956706386449,1.6400905434913993,0.2741565752455857,0.2741565752455857,1.0634348228474977,1.0634348228474977,0.8847573489337109,1.0,0.2579489250425471,0.5555783432877853,0.2579489250425471,target,target,0.7345087383575917,2.488596531169484,2.7043842008327994,0.6928178856321611,0.0,0.0,-0.6280316397201877,-0.2744774974185038,0.0,0.0,0.0,-5.2919597258443776e-14,1.0,0.0,target,target
2016.2144613,TARGET_1,127.00735380000016,1.9285584211206075,1.5842232431935486,1.9584141866710685,1.832211030977592,1.642153387026079,1.2676813706684076,0.7735904631078507,0.7398605195993343,0.8441392099962053,1.0940688350441006,3354.6451171875,-1.0140732609813758,-1.7493667979965482,-0.922545576375378,-1.0504038555698494,-0.9436015171626928,1.244079968475306,0.5122731611270781,0.128724285881638,0.6555056521303826,0.5846029402612658,0.6304302773005237,0.6075166087808948,1.0471473162215093,1.0278386733392637,0.0493740168130278,-1.335956187185963,0.9436015171626928,0.6575763988320525,0.5698392690480675,0.128724285881638,1.5935480104442736,0.8654989790824755,0.8654989790824755,1.0957653568369865,1.0957653568369865,0.9180752772543228,0.9935844537680064,0.8651017806685574,1.8632828727620123,0.8651017806685574,target,target,1.075352256977388,4.739558385430275,5.528656920160382,4.7551701402372695,0.0,0.0,-0.8248114218283663,-3.937326565311731,0.0,0.0,0.0,0.8660254037844592,-0.4999999999999643,0.0,target,target
2017.2144613,TARGET_1,128.00735380000015,4.380310067372661,3.038064728825564,2.4748995169316803,3.0971468714481163,1.8187994519947663,1.2230736644667055,0.6920640967520194,0.7053038886210012,0.8376287616662653,1.074872821974282,3007.0376953125,2.2554723209640097,0.2752403890456836,-0.1665134492028,0.9903430815492484,-0.7680142874396956,1.0657747029991045,-0.1696799160785824,-0.1474539191560487,0.5916559291598039,0.4861197727342621,0.3895914418259105,0.4378556072800863,1.0079196728837,1.0300377607571072,-0.5455874936483802,0.0543634699214417,0.7680142874396956,0.7761854138313741,0.2223355538388992,-0.1474539191560487,1.5479025777355586,0.911564723889108,0.911564723889108,1.1386727067064817,1.1386727067064817,0.967199658197112,1.0,1.0039279737216529,2.1622910052001183,1.0039279737216529,target,target,0.694487189650785,3.016692832613399,3.4457274451059683,6.842557368242181,0.0,0.0,-0.4419756046005982,1.7129500159334654,1.0,0.0,5.0,-0.8660254037844239,-0.5000000000000254,0.0,target,target
2018.2144613,TARGET_1,129.00735380000015,4.844740321651954,3.35239670929944,2.2778258966134834,3.228876651095153,2.559272820114556,1.055066153623643,0.6117647876317039,0.6944949720079292,0.781705079951636,0.980425421055604,3209.512988281249,2.874815592670138,0.7129764098388802,-0.4549901583158872,1.202865437024659,-0.0319793952112262,0.3942175579754671,-0.8413688849341269,-0.2338392843981632,0.0431972971247309,0.0015671120680358,0.5298758854316925,0.2657214987498641,0.4096309328273582,0.4447068254870826,-1.0063536491154597,0.1289931257614965,0.0319793952112262,0.3946886166549135,-0.1302336382519854,-0.2338392843981632,1.6298124783895866,0.3630184171899752,0.3630184171899752,1.2061362216905014,1.2061362216905014,1.0,1.0,0.4378496621135828,0.943054094317535,0.4378496621135828,target,target,0.2186887154997487,6.562947815858594,7.01356324205105,4.767441040681477,0.0,0.0,-0.024424873498868,0.014281933921905,0.0,0.0,0.0,-1.763738983026824e-14,1.0,0.0,target,target
2019.2144613,TARGET_1,130.00735380000015,3.5501391143631125,3.2650352652794243,2.532166977398444,2.687930996214878,2.1339086052437954,0.9726159152788464,0.6291305934628448,0.6791197677023632,0.7556056690979354,0.9801995048248162,3630.071484374999,1.1483937243936633,0.5913176119704031,-0.0826852406985779,0.3301467164181098,-0.4547939318706984,0.0646486810157245,-0.6961071094612223,-0.3567186336571047,-0.2127666654553181,0.0004080721193327,0.8212586697860387,0.4108333709526857,0.0867918600575398,0.1402996551061055,-0.814977622453325,0.2543161856359126,0.4547939318706984,0.3097117720179592,0.1669879640335476,-0.3567186336571047,1.6531052279199716,0.1691096912855423,0.1691096912855423,1.2139598792679265,1.2139598792679265,0.9752629084850062,1.0,0.2002140440143509,0.4312271774658233,0.2002140440143509,target,target,0.4551754565236085,3.6297902944053337,4.318542260023844,3.215665540535443,0.0,0.0,-0.0415663447473773,0.2830925906052886,0.0,0.0,0.0,0.8660254037844416,-0.4999999999999949,0.0,target,target
2020.2144613,TARGET_1,131.00735380000015,3.840608688707454,3.571648846906759,3.2872249906444764,2.863361212820465,1.6961414578323892,1.0258186361345116,0.6940464936484477,0.6205579632931103,0.7811520115917008,1.0192644077515849,4020.313769531247,1.5357508675769431,1.0183050567107073,1.0225699958926642,0.6131718831987599,-0.8899370565779103,0.2773098123308266,-0.1530975302297919,-0.824747303340104,0.037773206528196,0.2008265322115478,1.0916369517082811,0.6462317419599146,0.4044134330098844,0.5281255285109,-0.3839829188024772,1.0204375263016856,0.8899370565779103,0.5301408230560922,0.6491365294409517,-0.824747303340104,1.6232836084297673,0.4420298390612321,0.4420298390612321,1.2960296340506403,1.2960296340506403,0.9072198375896116,1.0,0.519731521283346,1.1194137657344916,0.519731521283346,target,target,0.3406371466031544,0.9589456781680707,1.0282367574574651,1.0383717578118972,0.0,0.0,4.1355359242294165,7.573381213982273,1.0,0.0,4.0,-0.8660254037844132,-0.5000000000000442,0.0,target,target
2021.2144613,TARGET_1,132.00735380000015,5.133159905782234,3.339704987204862,3.9170267508749457,3.3847373140051946,3.01028289740251,1.127395935449544,0.6317147924745183,0.6369856938986795,0.8073284159452189,1.02713422874737,4093.968798828123,3.259438961224303,0.6953020264741386,1.9444749108760504,1.4543186414280576,0.4163272798465195,0.6833330953668737,-0.6744907594765952,-0.6934561148462529,0.294492265130016,0.2412018381001459,1.1426686339060428,0.6919352360030944,0.7530589265622887,0.8570773437892265,-1.0183078423190872,1.3198884686750945,-0.4163272798465195,0.4122560163817468,0.742747517455598,-0.6934561148462529,1.6972546569861056,0.5139739694619525,0.5139739694619525,1.3818694276451275,1.3818694276451275,0.8945699959457387,1.0,0.6353637907363994,1.3684661108169054,0.6353637907363994,target,target,0.3188558412722233,0.1332054822761339,0.2409767158876715,0.0022653063043207,0.0,0.0,4.23728951675274,8.739703014559053,0.0,0.0,0.0,-3.919860126290071e-14,1.0,0.0,target,target
2022.2144613,TARGET_1,133.00735380000015,4.90278613147076,3.080178042165766,4.024968223571599,3.438521889781084,3.201843362776076,1.110554867507973,0.6821678998328811,0.6221718066344386,0.8058738031769628,1.0192014597445738,3711.102197265625,2.9522228705784204,0.3338870281059719,2.1024798268565554,1.541090400727776,0.6067395114767847,0.6160162269171351,-0.2524597852583751,-0.8118493921548519,0.2802264853287232,0.2005035839463327,0.8774005738483572,0.538952078897345,0.7654254944469969,0.8872029032702249,-0.5412018617119951,1.2181834274812635,-0.6067395114767847,0.3127701417646852,0.429403761445632,-0.8118493921548519,1.809350626287468,0.5609248962488856,0.5609248962488856,1.4770485738571038,1.4770485738571038,0.9376199672883396,1.0,0.7768306301636446,1.6731617487854846,0.7768306301636446,target,target,0.3406935624658093,0.7068411756859039,0.8958632121344893,-0.2658255564452834,0.0,0.0,4.668082350815879,-10.28283912586939,0.0,0.0,0.0,0.8660254037844524,-0.4999999999999762,0.0,target,target
2023.2144613,TARGET_1,134.00735380000015,2.805079624849712,2.095246064945898,2.652482172164788,2.3599329143025063,2.2860643257193725,1.0685555187753235,0.779033977717438,0.7417570571264857,0.8251653856297518,0.9570357871166564,3623.883056640625,0.1548159425865627,-1.0377207981490224,0.0934323512269922,-0.1990193168524991,-0.303550248918864,0.448137049455262,0.5578071607980505,0.1438815021728813,0.4694242383636537,-0.1184309953111666,0.8169710348416348,0.4084855174208174,0.2956571443395491,0.274074919013617,0.3436515190790306,-0.4721442234610151,0.303550248918864,0.068682532996693,0.1621790343568752,0.1438815021728813,2.003066396312872,0.2136485040466646,0.2136485040466646,1.3846878755651482,1.3846878755651482,0.9759666578870706,0.992831740306583,0.2866568866196884,0.6174104355501074,0.2866568866196884,target,target,0.3439498770216233,0.763026779740082,0.8991993597136345,-0.2940018509010492,0.0,0.0,3.828852905484672,-3.553830916021245,1.0,0.0,5.0,-0.8660254037844308,-0.5000000000000135,0.0,target,target
2024.2144613,TARGET_1,135.00735380000015,2.59290870873067,1.892451012691544,1.8798750318714177,2.048728923088576,2.787001314839812,1.0039090996275508,0.7182966472195443,0.7663660826619769,0.8106753049001069,0.8854745309710771,4213.261669921874,-0.1281256361311546,-1.3201314490682894,-1.0375113281413666,-0.701091099127899,0.1943840707673901,0.1897333360675138,0.0497505493514746,0.3405579809760365,0.3273161079366846,-0.4855686478953199,1.2253203678640523,0.6126601839320263,-0.0826270032571055,-0.133710700403511,-0.1508478306484103,-1.178821388604828,-0.1943840707673901,-0.238817915899698,0.5803744625142409,0.3405579809760365,2.19935165392697,-0.1279231270942605,0.0,1.4524899883717428,1.4524899883717428,0.9166256078976862,0.9831162562438877,0.0,0.0,0.0,target,target,0.351217390487415,-0.5325275652396065,-0.4337389879014899,-0.1396623992254566,0.0,0.0,0.5415232932965824,-0.2063295554623322,0.0,0.0,0.0,-3.916393834725177e-15,1.0,0.0,target,target
2025.2144613,TARGET_1,136.00735380000015,2.9389080399746725,3.45450340390939,3.3842319195184696,2.773004459279994,4.016807606006382,1.153437934938489,0.6742836472864681,0.6490999707842029,0.7649691533989788,0.8960241378802023,4922.51708984375,0.3332834900967089,0.8551693172469131,1.1645689075559973,0.4673974793624741,1.4168187726110424,0.7874277917274374,-0.3184101093783748,-0.5966382494799466,-0.1209364491072996,-0.431444976443515,1.7167260129640816,0.8583630064820408,0.7816604274249085,0.8711561648469005,-0.7298578089307444,1.0098691124014552,-1.4168187726110424,0.0221213017223748,1.0836288516680277,-0.5966382494799466,2.253676552004938,0.4192596748032852,0.4192596748032852,1.6192152113057812,1.6192152113057812,0.8499784117595881,1.0,0.5770262408450689,1.2428168982266694,0.5770262408450689,target,target,0.3622378247068898,-0.2217551136520932,-0.1848663216251127,-0.5666847202940495,0.0,0.0,0.6223000507366189,1.336440867104013,0.0,0.0,0.0,0.8660254037844631,-0.4999999999999576,0.0,target,target
2026.2144613,TARGET_1,137.00735380000015,3.423754174798837,4.2182630838029445,4.108366469924559,3.457567530434635,3.1882999233805114,1.2404055533487568,0.7935899549993064,0.6983659869963426,0.8378723616237223,0.9958219298900626,5067.313818359371,0.9798524606777828,1.9187744986696664,2.224558325312409,1.571817123448154,0.5932772528931586,1.1350534736748368,0.679565236655136,-0.2029019522304441,0.5940449796538754,0.0805573145314322,1.817048023605086,0.9488026690682592,0.9688684896884274,0.999303782522994,0.158601200969362,2.0716664119910377,-0.5932772528931586,0.1128693134004279,1.2688695285057436,-0.2029019522304441,2.138488841309692,0.5154602630082001,0.5154602630082001,1.732231973379173,1.732231973379173,0.8266859275757432,1.0,0.7381451768368626,1.5898398273427596,0.7381451768368626,target,target,0.376061385879336,0.3446409510948092,0.5164596721509289,0.5340732680848285,0.0,0.0,1.111611701657594,-0.6357086167904502,1.0,0.0,7.0,-0.8660254037844201,-0.5000000000000322,0.0,target,target
2027.2144613,TARGET_1,138.00735380000015,3.0398430695265044,4.296301019812012,4.920242659857204,3.679277836957428,6.120790529029346,1.1192426790034251,0.7521140426078667,0.6987625724654046,0.884052933899069,1.1115894712685783,4689.6984375,0.4678858999448684,2.0274494592257795,3.4129841080269494,1.9295069085647056,3.508190198878493,0.6507430189225191,0.332626849117991,-0.199732422681737,1.046950309206021,0.6744907594765952,1.5554182572067807,1.114954508341688,0.441910739775705,0.4718706031779656,-0.1087975326980607,2.7202167836263644,-3.508190198878493,-1.0052698767856818,1.609185693833095,-0.199732422681737,1.9870712380777529,0.0784456159588203,0.0784456159588203,1.6936153693047356,1.6936153693047356,0.7855447490192321,1.0,0.1043648837187938,0.2247843024906807,0.1043648837187938,target,target,0.3650129677371798,-0.3598217676443446,-0.2784213462262586,-0.4781889670785848,0.0,0.0,0.1523570668938874,0.1273109646825672,0.0,0.0,0.0,-2.5477605267357653e-14,1.0,0.0,target,target
2028.2144613,TARGET_1,139.00735380000015,2.459770882104213,4.207176420389041,5.711138492370381,3.687283962479765,9.62040137388476,1.1893234256685292,0.6428917000412708,0.6297923853145926,0.8419291544208277,1.1527287874157868,4558.780371093749,-0.3056722459200284,1.903335306261184,4.570698806961669,1.9424233550872605,6.986824005216865,0.9308687461318476,-0.5809979810112527,-0.7509453722417708,0.6338310409383233,0.8855517828951507,1.4647120390086896,1.17513191095192,0.8999166486784874,1.0125584545147532,-1.1074981452821946,3.2370170566114265,-6.986824005216865,-1.5563606416765172,1.7324424870484405,-0.7509453722417708,1.937775309539231,0.4094999130603681,0.4094999130603681,1.743979754942481,1.743979754942481,0.7711546259539842,1.0,0.5507274468425358,1.1861737453234964,0.5507274468425358,target,target,0.339505531180208,-0.5413710456981354,-0.4155540400570157,-0.5674133807439469,0.0,0.0,-0.3765266390296684,-0.5132853635462123,0.0,0.0,0.0,0.8660254037844455,-0.4999999999999881,0.0,target,target
2029.2144613,TARGET_1,140.00735380000015,2.5883216289235724,2.97254421526901,4.1011432290102,3.0655783548138427,5.418846252188381,1.2705574372106236,0.6381435637282511,0.6220140327648712,0.8179538489411644,1.108599978264761,3856.035205078125,-0.1342427591848921,0.1839970836672909,2.213984932664824,0.9394129461466314,2.8104534504699408,1.2555761392494376,-0.6207152689806821,-0.8131103282723309,0.398698752740651,0.6591534735909828,0.977817005221182,0.8184852394060824,1.3355434442932328,1.4575099935340825,-1.139230613644562,1.1989910081660575,-2.8104534504699408,0.0005874319907755,1.0019502567607863,-0.8131103282723309,1.9551251955709747,0.8273642795240587,0.8273642795240587,1.4581520432178534,1.4581520432178534,0.8604562230181242,1.0,1.0380741045224535,2.2358359939100647,1.0380741045224535,target,target,0.3517282541207016,0.1739942563884436,0.2695900774811315,0.0393753855520517,0.0,0.0,-0.1653852222052172,0.1422204954540649,1.0,0.0,10.0,-0.8660254037844093,-0.500000000000051,0.0,target,target
2030.2144613,TARGET_1,141.00735380000015,2.700474806527566,1.903206430742912,2.4168857457607125,2.2409986274970546,2.3245524919611817,1.1829172998303004,0.6505702956619464,0.6367793547673702,0.804680119885263,1.0558010805208675,2913.5037109375,0.0153196677015443,-1.3051535461114352,-0.2514341086173833,-0.390898441272269,-0.2652927848269499,0.9052622743914162,-0.5167679392934296,-0.6951051867986017,0.2685197112899617,0.3882741679330538,0.324786680889948,0.3565304244115009,1.0594164836680515,1.1636822616878415,-0.8322161139941588,-0.7782938273644092,0.2652927848269499,0.8000101783834501,0.0557633720357417,-0.6951051867986017,1.9610281209418756,0.9295154995507612,0.9295154995507612,1.4443561966922964,1.4443561966922964,0.9916703793398955,1.0,1.331368527221771,2.867542559199906,1.331368527221771,target,target,0.2808192122094289,0.1877030997692581,0.2794372969472564,-0.1938236420135403,0.0,0.0,-0.5146328303034621,-0.6097014565279681,0.0,0.0,0.0,-4.703881669999013e-14,1.0,0.0,target,target
2031.2144613,TARGET_1,142.00735380000015,3.165478231213076,2.47154981647976,2.683362952713733,2.546593148682522,2.211910105788234,1.1112949706680075,0.7219605696292755,0.6655597606338243,0.7850878834831564,1.1026376117360652,2334.273852539063,0.6354272936489409,-0.5136834203497426,0.1386356916498244,0.1021234679477598,-0.3772599805921197,0.6189745563553946,0.0803985872028537,-0.4650908420137443,0.0763733638724208,0.6285641663443554,-0.0765311155377972,0.3142820831721777,0.7031858302671606,0.7729494565692223,-0.1529155726790392,-0.1875238643499591,0.3772599805921197,0.4964475979894783,-0.0307706894882294,-0.4650908420137443,1.9311471987755795,0.6477034871799737,0.6477034871799737,1.4014477989418532,1.4014477989418532,1.0,1.0,0.9077226264753372,1.9550809637947588,0.9077226264753372,target,target,0.1795812335976284,0.2109152406146406,0.264387684780444,0.2495348945271707,0.0,0.0,-0.8339374685663684,-0.2269179427892892,0.0,0.0,0.0,0.8660254037844562,-0.4999999999999694,0.0,target,target
2032.2144613,TARGET_1,143.00735380000015,3.564287838860643,3.0007539473907565,2.65788814058889,2.8038284285702444,2.3000277070220454,1.1564231676723524,0.7657280180716637,0.6904390377340348,0.7969743093639741,1.1704603006541092,2710.352270507812,1.1672618262023355,0.2232817147379169,0.1013456172340633,0.5171264212632216,-0.2896705656044531,0.7993603199931367,0.4465052528238202,-0.2662545001122566,0.1929467488588774,0.9765214849059598,0.184033770396367,0.5802776276511634,0.7474799881196357,0.7874181631364741,0.1015957659127451,0.1623136659859901,0.2896705656044531,0.3608764787938073,0.5140477373621664,-0.2662545001122566,1.7166395295219865,0.5576892489950525,0.5576892489950525,1.193090891137644,1.193090891137644,0.9257906400062342,1.0,0.6159969871060893,1.3267532923822762,0.6159969871060893,target,target,-0.0808758271554586,1.7849001865517011,1.9245044045291064,0.7356977166350598,0.0,0.0,-0.1249610226682302,2.535424044639929,1.0,0.0,2.0,-0.8660254037844269,-0.5000000000000203,0.0,target,target
2033.2144613,TARGET_1,144.00735380000015,3.1317600666206853,2.6165122875732134,2.3796403916928512,2.7117799384825294,4.332891040065681,1.2136438214302327,0.8370564716072859,0.7110334820464984,0.8616852400714377,1.237489255558954,3747.77568359375,0.5904622678304068,-0.3118099260742503,-0.3059539228568553,0.3686227041552714,1.7310075690478155,1.0280818734594166,1.0431546627660222,-0.1016627415137116,0.8275843021344075,1.32040663288144,0.902809696853895,1.1116081648676674,0.7857617917722988,0.8010112029993555,0.5082321531842512,-0.3088819244655528,-1.7310075690478155,-0.4364108114804437,1.602331633210433,-0.1016627415137116,1.4200582911988655,0.3150208031885141,0.3150208031885141,0.753691058857641,0.753691058857641,0.7863527900249483,1.0,0.1867024554538323,0.4021255016732186,0.1867024554538323,target,target,-0.3255621206158376,1.7786382867563737,1.7475794351583496,0.365675839583686,0.0,0.0,-0.5750225971058506,-1.7715424696998157,0.0,0.0,0.0,-1.1756609271814592e-14,1.0,0.0,target,target
2034.2144613,TARGET_1,145.00735380000015,3.5893628629823726,3.615044741428991,3.373258277888301,3.2629322107819427,9.004566430841306,1.122723975035102,0.7960638689288667,0.7027244026948016,0.865954489757238,1.354641907573164,3751.68359375,1.2007007491290125,1.0787378073276994,1.1485056718000088,1.2578079699967986,6.374680442127657,0.6646584040876441,0.7002590721885644,-0.168069290876297,0.8694539854367085,1.9214462452522207,0.9055172815369088,1.4134817633945649,0.3701122150457068,0.3953226086771514,0.1807240303180122,1.113621739563854,-6.374680442127657,-2.023079656362468,2.220636347220729,-0.168069290876297,1.332115727878842,-0.0651932637801089,0.0,0.8221099053448508,0.8221099053448508,0.7167017802127348,1.0,0.0,0.0,0.0,target,target,-0.3642644004268395,0.7504551993652996,0.8007810778500787,0.3669649000056306,0.0,0.0,3.119229599505505,15.364991931090469,0.0,0.0,0.0,0.866025403784467,-0.4999999999999507,0.0,target,target
2035.2144613,TARGET_1,146.00735380000015,5.8730740712541785,6.415550637664408,5.400746325609204,4.738974202557008,8.748478065533021,1.0716201256584257,0.6790953328535018,0.7561732178569943,0.8614728477894452,1.341304790234727,3189.935937499999,4.246155170606996,4.978698305708674,4.1163462119407255,3.639136791112077,6.120127097637682,0.4603868508999021,-0.2781612435738707,0.2590961304907581,0.8255013137319127,1.85302153870554,0.5163119802459192,1.1846667594757294,0.0735365153592044,0.0346720957855907,-0.6894246461677785,4.547522258824699,-6.120127097637682,-1.933944012215772,1.751971991511283,0.2590961304907581,1.3353739260126425,-0.2560143204849051,0.0,1.5814704012470973,1.5814704012470973,0.7688988914140884,0.987128745790973,0.0,0.0,0.0,target,target,-0.552379759102537,1.1725483444475655,1.2625212240795705,1.0452135313503002,0.0,0.0,0.0817331186267635,-6.850057251046754,1.0,0.0,9.0,-0.8660254037844162,-0.5000000000000391,0.0,target,target
2036.2144613,TARGET_1,147.00735380000015,4.674907271840049,5.6506875456894425,4.93208124955778,4.12987118454924,3.599012841776948,1.0669514085999363,0.5780800181385655,0.6918887640627741,0.8355652950706567,1.461443515788702,3141.9239746093745,2.6483338857934795,3.913556522082468,3.430313456276847,2.656458398564532,1.0015283145030565,0.4417251239152624,-1.1231357934523805,-0.2546682197390879,0.5714189556348379,2.4693808937538773,0.4830470252888111,1.4762139595213442,0.1618055109436071,0.2000057439044703,-1.602620564311532,3.6719349891796575,-1.0015283145030565,-0.1592575377069511,2.349125929531618,-0.2546682197390879,1.325880438393713,-0.2257349502329155,0.0,1.3101344152817882,1.3101344152817882,0.7030207372182848,1.0,0.0,0.0,0.0,target,target,-0.4429793610619505,0.725897999120674,0.6716204844311561,1.1623768028743806,0.0,0.0,-0.2741038999640607,1.3711707890247224,0.0,0.0,0.0,-3.3317820704447075e-14,1.0,0.0,target,target
2037.2144613,TARGET_1,148.00735380000015,2.4031935452437216,3.079471897297459,2.660455441004862,2.4491900469086603,2.276738019070155,1.0209696059196385,0.5167789677812449,0.5763200175276163,0.7986327959678428,1.3867251708833326,3675.3318847656246,-0.3811212344230995,0.3329036568171506,0.105103636060269,-0.0550189540243843,-0.3128206526970264,0.2579273402562564,-1.6359078179610351,-1.1782990272835945,0.2092119743611598,2.0860461225234115,0.8526172123177136,1.4693316674205623,0.3029990829503737,0.4797439370429129,-2.06772256988024,0.2190036464387098,0.3128206526970264,0.5270400340277247,2.335029454484198,-1.1782990272835945,1.3001072318154037,0.0496847418337333,0.0496847418337333,0.6563253767886672,0.6563253767886672,0.7045088270674583,1.0,0.022973579784335,0.0494812040556686,0.022973579784335,target,target,-0.3232066401497073,1.9322643974650904,2.139245865568206,2.4843402345658845,0.0,0.0,-0.3342206696462605,-0.7475777055397826,0.0,0.0,0.0,0.8660254037844494,-0.4999999999999813,0.0,target,target
2038.2144613,TARGET_1,149.00735380000015,2.632081235084793,2.776352980952636,2.478126489073515,2.461037333764826,2.09761918354032,1.048996124150972,0.5773938963875028,0.6680073316112967,0.7856309727062305,1.036710483908743,4177.971582031249,-0.0758869191018221,-0.0892171470154584,-0.1617898017538261,-0.0359054831341149,-0.4908658309322055,0.3699545256716075,-1.1288750758513124,-0.4455297407106545,0.0816995863818787,0.2903318286824956,1.2008697286184062,0.7456007786504509,0.3394897402577239,0.4063192013643221,-1.407763901931827,-0.1255034743846422,0.4908658309322055,0.5106975834125138,0.8526665635752426,-0.4455297407106545,1.186048821578113,0.2833676571831376,0.2833676571831376,0.7534039489096441,0.7534039489096441,0.8799413824891332,1.0,0.1878589602145655,0.4046164172638403,0.1878589602145655,target,target,-0.1541085250534356,2.172666786485707,2.4488287051938054,2.2706904633749296,0.0,0.0,3.421972391422016,-10.98830496601125,1.0,0.0,3.0,-0.8660254037844337,-0.5000000000000084,0.0,target,target
2039.2144613,TARGET_1,150.00735380000015,2.650968509750638,2.507223340261828,2.71806858439716,2.554873115902811,1.5860976488563034,1.1125714946538778,0.646963503469695,0.7335983080397782,0.8018366906108536,0.959493129653164,3606.67548828125,-0.0506997001870911,-0.4640047770106454,0.1894378558337495,0.1154817088985152,-0.9993212512935,0.6240770592090082,-0.5469380933710892,0.0786763992931323,0.2406334333784147,-0.1058238525772103,0.8050488189618142,0.4025244094809071,0.4959092170861852,0.4841077571922153,-0.803588460543568,-0.1372834605884479,0.9993212512935,0.6171457892408689,0.1499693507079677,0.0786763992931323,0.8994767604187013,0.5535394265562245,0.5535394265562245,0.6688529086109826,0.6688529086109826,0.9777557323111498,0.9960739073691331,0.3605795679203986,0.7766273844157221,0.3605795679203986,target,target,0.3845176674761841,1.627324599405343,1.7151709735216722,3.577463985101399,0.0,0.0,3.660856189881784,10.957122214012058,0.0,0.0,0.0,-5.4879032137079545e-14,1.0,0.0,target,target
2040.2144613,TARGET_1,151.00735380000015,3.0907738714697284,2.863605364935378,2.532447925778568,2.599860280799793,2.903302700999574,1.04185450304589,0.7086876559739246,0.7993368588599644,0.8295936694667296,0.9722981881097804,2723.05966796875,0.5358049237713479,0.0322897747802375,-0.0822739879697853,0.1880604247795019,0.3099883340854381,0.341408143095596,-0.0306268971324252,0.6040619607120472,0.5128536124861468,-0.0401288193122665,0.1928380553851553,0.0964190276925776,0.105881699923235,0.0152724058164279,-0.1400836898294686,-0.0249921065947738,-0.3099883340854381,-0.1143812374345422,-0.4770030028441154,0.6040619607120472,0.8517559882219474,-0.0300834982765636,0.0,0.5962291917553632,0.5962291917553632,1.0,0.9702484579804932,0.0,0.0,0.0,target,target,0.3111805615312373,1.665124122671074,1.8733370927717872,1.5426537986731736,0.0,0.0,1.3236932102635652,-8.14872054125906,0.0,0.0,0.0,0.8660254037844602,-0.4999999999999626,0.0,target,target
2041.2144613,TARGET_1,152.00735380000015,3.998941832725901,5.839343790936082,5.977716987510798,4.330777105719913,8.099285469858582,0.9906443772956468,0.780019852906306,0.7827354483870174,0.7952226313319802,1.1062849147844875,2604.0475585937497,1.7468968179803617,4.176277591594874,4.960916873054231,2.980584042064074,5.4748258312247415,0.1367117835545085,0.5660538256359615,0.4713827146250335,0.1757675698825063,0.6472762788977837,0.1103808464031229,0.3788285626504533,-0.1229793072268665,-0.1936867144206215,0.4371687390847211,4.568597232324553,-5.4748258312247415,-1.9319519865888324,0.1014349513128842,0.4713827146250335,2.1878563979508763,-0.0717811684519366,0.0,2.430003682333591,2.430003682333591,0.9848999242705964,0.9767064470201512,0.0,0.0,0.0,target,target,0.44950664415196,1.2230521587040597,1.331316902287918,0.5761791152048683,0.0,0.0,-0.3104548867766372,-0.104862841578386,1.0,0.0,1.0,-0.8660254037844229,-0.5000000000000272,0.0,target,target
2042.2144613,TARGET_1,153.00735380000015,3.2431162856165403,6.5797751127316175,7.79970287071369,4.849367287438312,9.83830107277023,1.1398291116431645,0.7854172495950648,0.7986404237284705,0.8419223150539608,1.1136799515033091,2397.130932617187,0.7389619066076905,5.207395901557488,7.627942986383009,3.8172362192750495,7.203417590200243,0.733030803917314,0.6112020573716125,0.5984960186888866,0.6337639654225341,0.6852157529645688,-0.032980762424814,0.3426078764822844,0.4379052282556325,0.3481308254522996,0.3422923872717129,6.417669443970249,-7.203417590200243,-2.161345918252778,0.0272468768613489,0.5984960186888866,4.106394773183793,0.1992060650259074,0.1992060650259074,4.153923198493502,4.153923198493502,0.9959213090175963,0.9705185128897584,0.7998155958074006,1.722667476056022,0.7998155958074006,target,target,0.4730679917722163,0.1874160438693283,0.2567971027596493,-0.2769507689225918,0.0,0.0,2.604249128092967,11.654613815022026,0.0,0.0,0.0,-1.9596824708904003e-14,1.0,0.0,target,target
2043.2144613,TARGET_1,154.00735380000015,3.188367076891152,4.6691626481665525,5.26403820572289,3.728968515065236,9.448911417766256,1.1574429606861925,0.7058635671661867,0.7665588308645326,0.8735633311048784,1.0667088702747565,2743.8341796875,0.6659508274566923,2.546693365799749,3.9162326276357033,2.009673898784668,6.816361978080828,0.8034366215909218,-0.0542498811905287,0.3420984335924805,0.9440759450243064,0.4442354595707715,0.2072316180510769,0.3257335388109242,0.6022687851308225,0.5509540200919504,-0.3365424212909902,3.231462996717726,-6.816361978080828,-1.78865095898179,-0.0073155445591314,0.3420984335924805,4.781966313933968,0.3625761697968728,0.3625761697968728,3.993669019097323,3.993669019097323,1.0,0.9830405369595144,1.4234517575932495,3.065874258259847,1.4234517575932495,target,target,0.5411387993328862,0.8893793130448924,0.9851648599582172,0.1961019060442022,0.0,0.0,1.8502823953926948,-3.8162417901928247,0.0,0.0,0.0,0.8660254037844426,-0.4999999999999932,0.0,target,target
2044.2144613,TARGET_1,155.00735380000015,3.999505718344682,3.9536748191181736,3.737308068705067,3.33425576658234,8.993723030740576,1.128242757891646,0.7500563496354846,0.7002360964387188,0.8402316928887483,1.0747164458163598,3667.227392578124,1.747648790447241,1.550311149960818,1.6814023904910358,1.3728757255202413,6.363902038517008,0.6867180015458079,0.3154146254266296,-0.1879559504242112,0.6171835778015592,0.485317500965543,0.8470020374459509,0.6661597692057469,0.5859626418928451,0.6141560344564767,-0.022804817261259,1.615856770225927,-6.363902038517008,-1.7190163378142482,0.6899535907777213,-0.1879559504242112,4.582037302672025,0.3165484981056044,0.3165484981056044,3.4271044272989446,3.4271044272989446,0.901682299676148,1.0,0.978185317368556,2.106845678703327,0.978185317368556,target,target,0.6527449580862276,0.867896778887568,0.7581608656176325,1.9786909712088665,0.0,0.0,5.61974247065634,6.122152619903905,1.0,0.0,5.0,-0.8660254037844122,-0.5000000000000459,0.0,target,target
2045.2144613,TARGET_1,156.00735380000015,3.810627218603467,3.1444546258899293,2.598132948343112,2.987234839728755,6.469031923908744,1.108950245413326,0.8097621859768669,0.7026077668987689,0.8160347434823672,0.9841235278612294,3918.836572265625,1.4957689292478435,0.4233980474657546,0.0138758626131789,0.8130197463195432,3.854344197908049,0.6096022551410184,0.8148429777517038,-0.169001449593148,0.3798775678259309,0.0205398680641117,1.0213287578128458,0.5209343129384788,0.5385191842640006,0.5638694017029727,0.5322088357318295,0.2186369550394667,-3.854344197908049,-1.0744345976554182,0.3924993428987131,-0.169001449593148,4.365036571266854,0.3269611036536337,0.3269611036536337,3.040378089459884,3.040378089459884,0.9428247077981426,1.0,0.9372482538275118,2.0186741697991955,0.9372482538275118,target,target,0.6477252569988629,0.4636033425251869,0.625040635522675,0.9240138476627452,0.0,0.0,3.253467565537233,6.24119537358048,0.0,0.0,0.0,-4.115803614153648e-14,1.0,0.0,target,target
2046.2144613,TARGET_1,157.00735380000015,3.553467330201288,2.794992912396307,2.676241416921408,3.107102054811853,5.704890880620562,1.1275154230194404,0.7033573871872312,0.7386604266892445,0.7951366257810056,1.059198885096408,3487.05454101562,1.1528320831507997,-0.0632593383136212,0.1282111751372438,1.006403983065367,3.094783497065963,0.6838107093193857,-0.0752136162994919,0.1191330874226541,0.1749240902440295,0.4057062542741013,0.722169778340569,0.5639380163073351,0.5011296246446231,0.4832596615312248,-0.3871507977061721,0.0324759184118113,-3.094783497065963,-0.7296084800383249,0.4805805551763583,0.1191330874226541,4.246358282618452,0.2581531963943744,0.2581531963943744,2.9068588982388253,2.9068588982388253,0.9304498656601936,0.994061051321508,0.6940767445439167,1.4949238799296565,0.6940767445439167,target,target,0.6322852656394545,0.8600814541996211,1.0197593371076643,-0.0247465833993812,0.0,0.0,-0.5359949198830011,-9.207431991225356,0.0,0.0,0.0,0.8660254037844534,-0.4999999999999745,0.0,target,target
2047.2144613,TARGET_1,158.00735380000015,2.981071020112175,2.985720954002364,3.971271010811375,3.379037821613441,6.878016571722862,1.1136420983923547,0.6253908944870873,0.7500759917612936,0.7411859560519132,1.1813069396637417,2741.46416015625,0.3895101416178599,0.202346897044455,2.023877753171585,1.4451235334474994,4.260877348372771,0.6283564606860932,-0.7273890043663581,0.2103668154173244,-0.3541846810272573,1.0321690489498752,0.205589556610388,0.6188793027801316,0.4000082495949967,0.3684532272823981,-1.0391979452329143,1.1131123251080202,-4.260877348372771,-1.0231207883436586,0.5931126102672687,0.2103668154173244,4.131467603173918,0.1547506075169189,0.1547506075169189,3.025682895703256,3.025682895703256,0.9148758632038668,0.9895367835340556,0.4238867928950453,0.9129804363377642,0.4238867928950453,target,target,0.6451239770878805,0.3977462098751139,0.5087428866409898,0.059854469740882,0.0,0.0,-0.6621814107732988,-0.2349538209627542,1.0,0.0,7.0,-0.8660254037844298,-0.5000000000000153,0.0,target,target
2048.2144613,TARGET_1,159.00735380000015,5.158597242817587,5.310275282644353,6.305788189940115,5.428395864611926,6.994945907667426,1.1435934017712936,0.695082057180119,0.6835352998306216,0.8186369297933321,1.3522594472264218,2199.353955078125,3.2933610483359934,3.439501323403921,5.44114807131798,4.751394899553993,4.377105797478022,0.7480773689119505,-0.1444352315326706,-0.3214294951345083,0.4053979109194884,1.9092232778786693,-0.1700099912521693,0.9546116389393348,0.6219247824741947,0.670139206744371,-0.570107483495492,4.440324697360951,-4.377105797478022,-1.0348736235140827,1.2807675993286207,-0.3214294951345083,4.132826398177356,0.2601072563272049,0.2601072563272049,3.588928278297045,3.588928278297045,0.825211848212376,1.0,0.7703404489272198,1.659182996447689,0.7703404489272198,target,target,0.7849606910885277,1.2390835195859526,1.4690362843791187,0.7680615249453225,0.0,0.0,-0.3821860224106528,-5.226859118134415,0.0,0.0,0.0,-6.271924757416895e-14,1.0,0.0,target,target
2049.2144613,TARGET_1,160.00735380000015,5.59509781950316,5.198212475172035,5.436639002457646,5.3062079329421215,3.796811412677705,1.3552580388401312,0.7645149533143016,0.6634801288147709,0.9245596735740544,1.295415880763324,2079.7025390625,3.875458559803192,3.283443618591656,4.1688859749073774,4.554266603137538,1.1981412597944696,1.5941401351485844,0.4363581889828765,-0.4817113564176377,1.4442108319253548,1.6175932160290332,-0.2529101420621086,0.8087966080145166,1.5605399578911283,1.6327966613537743,-0.1643759968078987,3.726164796749517,-1.1981412597944696,0.358178790273325,0.9821057705554798,-0.4817113564176377,4.206981080717496,1.0240787696933926,1.0240787696933926,3.578621729296161,3.578621729296161,0.863021335621911,1.0,3.162792424651165,6.8121197836394005,3.162792424651165,target,target,0.8324704837553925,0.1016542791697446,0.0560993160467192,0.484331485302797,0.0,0.0,-0.8795457716846273,-0.1800982439990579,0.0,0.0,0.0,0.8660254037844641,-0.4999999999999558,0.0,target,target
2050.2144613,TARGET_1,161.00735380000015,3.2471142866886264,3.206162870430231,3.0232354036392786,3.170009235475437,4.2026637613081546,1.4292115197369584,0.7340133950158135,0.6957606201415536,0.8653479907168499,1.1429377360019446,2410.94345703125,0.7442934607893037,0.509332419700113,0.6361415780434252,1.1078934279483994,1.601560886408993,1.8897458985243951,0.1812182573142058,-0.2237241655379697,0.8635058857440011,0.8353198022673088,-0.0234107933001507,0.4176599011336544,1.8636343811792708,1.8971930060099664,-0.3956331926003066,0.5727369988717691,-1.601560886408993,0.4777056557217387,0.1809702261850701,-0.2237241655379697,4.166714560852627,1.3607998999467334,1.3607998999467334,3.051872624015606,3.051872624015606,0.9732195947471838,1.0,4.041769260793969,8.705287178432807,4.041769260793969,target,target,-1.178890727175404,-0.0700730929517798,0.0351231239681733,-0.7562586668885088,0.0,0.0,-0.8899395389126376,0.0544686011218181,1.0,0.0,10.0,-0.8660254037844191,-0.500000000000034,0.0,target,target
2051.2144613,TARGET_1,162.00735380000015,2.623134862593489,3.226231197124705,3.2806305111150085,2.794328697298212,6.163502303852368,1.3645295573312717,0.6489736731421957,0.691113282161511,0.8073510148480714,1.1514368046626189,2429.7434082031245,-0.0878173985604962,0.5372793993805562,1.012916985256827,0.5018003099486407,3.550645954793895,1.6312001121502084,-0.530123393352642,-0.2608659072296403,0.2947138986663633,0.8789233984770182,-0.0103852994174509,0.4394616992385091,1.6126377548709552,1.6517676409554012,-1.0477888461998217,0.7750981923186916,-3.550645954793895,-0.1013404173663527,0.2256251897456919,-0.2608659072296403,4.1122150687282994,1.108698110077371,1.108698110077371,2.999726408111694,2.999726408111694,0.966722515719974,1.0,3.2151170417206782,6.924818156233328,3.2151170417206782,target,target,-1.172247382822663,-0.8878914705472825,-0.7592980540293285,-0.9006493270665094,0.0,0.0,-0.7890106061463277,-0.1365287166127758,0.0,0.0,0.0,-2.7437040145993425e-14,1.0,0.0,target,target
2052.2144613,TARGET_1,163.00735380000015,2.398000029580228,3.8178987529283535,4.618814073457417,3.1171564268571714,8.360416344147414,1.2502862421130574,0.5766085325404189,0.6327109730358206,0.7614912736143898,1.2017247970809448,2812.7313964843747,-0.3880470730243704,1.361230564386024,2.97175241757126,1.022624907715985,5.734391459361705,1.1745484171099494,-1.135444500151512,-0.7276198831742986,-0.1550449543157306,1.1369207630296312,0.2549668630907192,0.6959438130601752,1.25522942295591,1.364372405432055,-1.6030675576940432,2.1664914909786424,-5.734391459361705,-0.8112302434673164,0.7509579807189023,-0.7276198831742986,4.153137794580822,0.8042169428279524,0.8042169428279524,3.2278510572944685,3.2278510572944685,0.8934689489796077,1.0,2.3193493518601502,4.995486103303271,2.3193493518601502,target,target,-1.1312276611201295,-0.4340639006561901,-0.3806521642487859,-0.9014416332414364,0.0,0.0,3.701311570328432,16.107240720152646,0.0,0.0,0.0,0.8660254037844465,-0.4999999999999864,0.0,target,target
2053.2144613,TARGET_1,164.00735380000015,3.022847752199638,5.35739251855391,5.974066505356485,4.129272202544127,10.181194057297088,1.2870421380900092,0.574441680787982,0.716130020034328,0.8113658221161484,1.1986665088316897,2922.738818359375,0.4452217101339798,3.5051163821285543,4.955573290910401,2.6554920486096845,7.5442552378160785,1.321468542532942,-1.1535698169842683,-0.0609309724281286,0.3340881965419978,1.1212305302244236,0.3311851993823614,0.7262078648033925,1.1612424166819388,1.170382062546158,-1.665488918818352,4.230344836519477,-7.5442552378160785,-1.4864211434919945,0.8129455342817075,-0.0609309724281286,4.184214096113583,0.6941267375875777,0.6941267375875777,3.653077004441147,3.653077004441147,0.8851998589548867,1.0,2.244599886612085,4.834488401695025,2.244599886612085,target,target,-1.2034778380307776,-0.2169963413216024,-0.3033403307000065,0.0305670695519864,0.0,0.0,4.749251174362756,-7.049436655789395,1.0,0.0,6.0,-0.8660254037844083,-0.5000000000000526,0.0,target,target
2054.2144613,TARGET_1,165.00735380000015,2.838328279620316,5.032030536356545,5.713528220626037,4.199137523757832,6.954841500217048,1.492254182251312,0.6558561745299528,0.7593396250896278,0.904520737771236,1.1925885725549603,3088.70927734375,0.1991548512509191,3.0520200755111047,4.574196895349922,2.768207204363889,4.337241780098736,2.141739099544885,-0.4725525336412242,0.2844022046411976,1.2476835829874966,1.0900483042912326,0.4461773702899146,0.7681128372905736,1.8501701185978223,1.8075097879016429,-1.2000155178500889,3.813108485430513,-4.337241780098736,-0.3288122417569713,0.8987762997270241,0.2844022046411976,4.191359384079124,1.1112432577588156,1.1112432577588156,3.561756820982436,3.561756820982436,0.8738763013676966,0.9858805179892884,3.409947166758116,7.344449283104656,3.409947166758116,target,target,-1.3065532609092154,-0.999133927537146,-0.8462194921844934,-1.1073782912647825,0.0,0.0,-0.7905266733913249,-6.093261565198619,0.0,0.0,0.0,-4.8998251578625895e-14,1.0,0.0,target,target
2055.2144613,TARGET_1,166.00735380000015,2.1413196321906454,3.8130898200970313,4.743559856705638,3.541113523064768,3.988102062886225,1.524854240872455,0.6985591915183659,0.6537036883340647,0.8649588290572251,1.2227592948921142,3208.1932617187504,-0.7303444915006692,1.3545336857589385,3.1543555126434355,1.7066035870091032,1.3882852935604004,2.2720475731682352,-0.1153496415840717,-0.5598451242988919,0.8596892723713793,1.2448360871258013,0.5289615165533106,0.8868988018395559,2.2462686662129587,2.330245434857793,-0.9050862353360196,2.254444599201187,-1.3882852935604004,0.7872649363287496,1.14207654922649,-0.5598451242988919,4.139388726022984,1.548558193440102,1.548558193440102,3.255876039305228,3.255876039305228,0.842559090280218,1.0,4.248110066569103,9.149710364171249,4.248110066569103,target,target,-1.392065216287259,-0.9077249867363318,-0.7842802039033738,-0.697939529689497,0.0,0.0,-0.8136827431198331,0.0340423400132355,0.0,0.0,0.0,0.8660254037844572,-0.4999999999999677,0.0,target,target
2056.2144613,TARGET_1,167.00735380000015,2.3498679886276057,3.960972956354112,4.430901862290281,3.2703312948892944,4.691654448338156,1.4294108499934652,0.6824935051013356,0.6147075037965658,0.826955142033068,1.1603990073781472,3278.401416015625,-0.4522337952346835,1.5604744732982847,2.6966861951507584,1.2697450641532482,2.087620511406373,1.890542658486524,-0.2497361570053047,-0.87150444825433,0.4869768621992549,0.9249030562441872,0.5776050409938263,0.7512540486190067,2.007755703220788,2.138481370458937,-0.9101853337816872,2.1285803342245213,-2.087620511406373,0.5292098168559883,0.86424572613927,-0.87150444825433,4.031099113845921,1.4009275893954114,1.4009275893954114,3.170769569301757,3.170769569301757,0.8784143613477718,1.0,3.9019329046028894,8.40410332550058,3.9019329046028894,target,target,-1.3874505623914166,-0.6891544870113975,-0.6045385495585845,-0.920292800719821,0.0,0.0,-0.8083957963944286,0.071642415078164,1.0,0.0,9.0,-0.8660254037844259,-0.5000000000000221,0.0,target,target
2057.2144613,TARGET_1,168.00735380000015,2.427632905158549,3.06866659231752,3.043957323768149,2.595122894954423,3.837934757020917,1.4393512162891435,0.703120930964706,0.6978984229604732,0.8960808749711442,1.1575823749491632,3292.4093261718745,-0.3485300046559048,0.3178562817513204,0.6664743608665605,0.1804175030244398,1.2390181064508017,1.9302761440700968,-0.0771915291611015,-0.2066387457925114,1.1649115718469805,0.9104526137300716,0.5873103825865537,0.7488814981583127,1.8153793305578976,1.8463751424267745,-0.746980939718204,0.4921653213089405,-1.2390181064508017,0.564016949202157,0.8593862116231515,-0.2066387457925114,4.059524473464999,1.237308676181486,1.237308676181486,2.86759395886403,2.86759395886403,0.8790548948715776,1.0,3.118973692407482,6.717741647886748,3.118973692407482,target,target,-1.3613850216373338,0.3847077468069283,0.3055278181287454,0.0862891152813197,0.0,0.0,-0.6879814386716017,0.0697859851989125,0.0,0.0,0.0,-1.3716044150450356e-14,1.0,0.0,target,target
2058.2144613,TARGET_1,169.00735380000015,2.150873131869523,2.184329663304624,2.0976322292705647,2.061041182627116,2.162884734881709,1.5160166417653262,0.8027821580747071,0.7554767750359646,0.9690808906762634,1.1977056936210402,3284.159326171876,-0.7176043745663375,-0.9136637429149338,-0.7187579628255597,-0.6812274782718848,-0.4259914882265814,2.236722052330118,0.7564563266640858,0.2535301270124682,1.880842417682098,1.1163011667670886,0.58159439303159,0.8489477798993392,1.9357495629009192,1.897720043849049,-0.0149611313932784,-0.8162108528702468,0.4259914882265814,0.8940145057530074,1.0643443597218374,0.2535301270124682,4.137608913556623,1.3496399922596551,1.3496399922596551,2.8260760361066604,2.8260760361066604,0.8524406815897606,0.9874035021231968,3.210410831970008,6.914681776653491,3.210410831970008,target,target,-1.3693850629177726,2.4092123934747542,3.09456680026223,2.1507009498045973,0.0,0.0,-0.7089806456462624,-0.1427293902699526,0.0,0.0,0.0,0.866025403784468,-0.4999999999999491,0.0,target,target
2059.2144613,TARGET_1,170.00735380000015,2.2312627474054265,3.057509936090236,2.7084571672235063,2.549085859378504,2.139310995246808,1.568957641599579,0.9407470769490784,0.6942900937424876,0.964776583492062,1.1491448158953326,3263.6549804687497,-0.6104004035966449,0.3023196179510721,0.1753686466128926,0.1061450092427362,-0.4494239243662557,2.448337036237581,1.910507527255551,-0.2354766810424243,1.8386289160361884,0.8671645862216991,0.5673880141382031,0.7172763001799511,2.351434799557442,2.386756301713805,1.1191041931511678,0.2388441322819823,0.4494239243662557,0.9756465220657072,0.7946516903115488,-0.2354766810424243,4.219785164708061,1.7529296988629983,1.7529296988629983,2.979985340411877,2.979985340411877,0.887632250978901,1.0,4.636728854852606,9.986729485415667,4.636728854852606,target,target,-1.459019824985988,1.626573987783407,1.3142889978879082,1.5155803805241057,0.0,0.0,-0.7712069171167892,0.036384360247465,1.0,0.0,9.0,-0.8660254037844152,-0.5000000000000407,0.0,target,target
2060.2144613,TARGET_1,171.00735380000015,2.420554096777054,2.899884759241602,2.513878323742313,2.4977972339175265,2.6480761353904487,1.5173617612350654,0.8343553944570764,0.6482051668511966,0.8846631869157556,1.1211090838915403,3010.916796874999,-0.3579699847226203,0.0828121482162861,-0.1094562038153615,0.0234000177816646,0.0562916235758378,2.2420987440403923,1.0205606486244423,-0.603789564208321,1.0529352251569255,0.7233301513508049,0.392279066554867,0.557804608952836,2.313973939275096,2.404542373906344,0.3205848103761354,-0.0133220277995377,-0.0562916235758378,1.0474426637776464,0.4680179637515427,-0.603789564208321,4.454709052795412,1.7383944146174193,1.7383944146174193,3.152837908771821,3.152837908771821,0.9322048479007748,1.0,5.109299001572645,11.004565629368114,5.109299001572645,target,target,-1.4592855359398125,2.7911156803475943,2.4013428664006424,1.583601150947728,0.0,0.0,-0.7919835929722429,-0.059566084678923,0.0,0.0,0.0,-3.527725558308283e-14,1.0,0.0,target,target
2061.2144613,TARGET_1,172.00735380000015,2.1099185153889057,2.05283572667103,2.4464199611747106,2.024364311901324,3.5070924230629834,1.3217443726199425,0.6960934001587606,0.7082136066061853,0.8322290355735358,1.1970116543634026,2731.8951171875,-0.7722196067327624,-1.09678107158651,-0.2082018725874629,-0.7403990261101784,0.9101588765264794,1.4601798027017308,-0.1359755333120383,-0.124199317432349,0.5386993587877962,1.112740469854056,0.1989596718030692,0.6558500708285626,1.3396870460959125,1.3583169437107647,-0.6649830016946117,-0.6524914720869865,-0.9101588765264794,0.4156998524101702,0.6688370203398154,-0.124199317432349,4.444370369876142,0.9063308212428902,0.9063308212428902,3.052303691103344,3.052303691103344,0.9045428933981824,1.0,2.502324666200277,5.38958397359632,2.502324666200277,target,target,-1.4757043912262446,1.6742905955393563,1.4870684330513433,-0.1768962419561439,0.0,0.0,-0.8834756309653145,-0.0824211828742673,0.0,0.0,0.0,0.8660254037844504,-0.4999999999999796,0.0,target,target
2062.2144613,TARGET_1,173.00735380000015,1.728579918057461,2.372907718911532,3.12077753198208,2.2003708416875605,6.41310825240622,1.3072427683987164,0.7383577782873829,0.7619852599623214,0.833087259591519,1.1287302058511268,2694.508837890625,-1.2807555867274083,-0.6510515596243882,0.7789239156225732,-0.4564440814541576,3.798755738822885,1.4022142041389007,0.2175582252661274,0.3055462418242128,0.5471161932388007,0.7624295324545698,0.1730566921715645,0.4677431123130672,1.1783372414221596,1.1325053051485277,-0.2499311038468645,0.0639361779990925,-3.798755738822885,-0.6360331108798554,0.2835518554369071,0.3055462418242128,3.065507998659172,0.7295965639652989,0.7295965639652989,2.1161100563457027,2.1161100563457027,0.9583590516107116,0.9848387940260508,1.457184113516638,3.1385280458886142,1.457184113516638,target,target,-1.5232349037396649,1.604551614850409,1.2640672666038857,-0.5448739858213667,0.0,0.0,-0.6492141859829829,0.2140246571988924,1.0,0.0,2.0,-0.8660254037844328,-0.5000000000000102,0.0,target,target
2063.2144613,TARGET_1,174.00735380000015,2.060447055295543,2.617655698436806,3.0594444889569434,2.4315503774241165,5.774372204124116,1.4320351834896896,0.7174202362052164,0.6612420190369303,0.8458189043495858,1.0270947327068378,2792.5052734375,-0.8381925179890488,-0.3102176219096976,0.6891445002791339,-0.0834773946192729,3.1638483421483548,1.901032605641092,0.0424195322237244,-0.4995984340528646,0.6719788677529359,0.2409992077329842,0.2409532499909182,0.2409762288619512,2.015648000344106,2.0905877654520366,-0.4930826764020364,0.1894634391847181,-3.1638483421483548,0.1777855717178329,-0.1809174910162421,-0.4995984340528646,1.0964572766682463,1.4638503537863248,1.4638503537863248,0.8231913386764994,0.8231913386764994,1.0,1.0,1.205028932355432,2.595428446702973,1.205028932355432,target,target,-1.6163266239549745,1.3080614164220992,0.968907884342842,1.2683146140575503,0.0,0.0,-0.5282618337360552,0.1643492256424298,0.0,0.0,0.0,-5.6838467015715314e-14,1.0,0.0,target,target
2064.2144613,TARGET_1,175.00735380000015,2.804514706011992,3.795541748337142,3.571875523632545,2.8156016418321395,4.879478753407946,1.4131205609124122,0.8682112375072647,0.612452397063035,0.8964334950222586,1.0437184737467726,2895.459619140625,0.1540625922654362,1.3300963914906707,1.4392419425037868,0.536120387704496,2.274318977673921,1.825427355176657,1.3037585560191751,-0.8895273663514512,1.1683698118078112,0.3262855986000279,0.3122848820730082,0.319285240336518,2.056940623315536,2.1903697282682533,0.7675804071408815,1.3846691669972286,-2.274318977673921,0.2511115017334361,-0.0205231034961396,-0.8895273663514512,0.2906462218223533,1.5242253483143415,1.5242253483143415,0.5054973388484366,0.5054973388484366,1.0,1.0,0.770491857378231,1.6595091046350314,0.770491857378231,target,target,-1.6289956436110593,0.6706882039593978,0.6134731187939292,-0.1929505696108094,0.0,0.0,-0.6990363573608503,-0.187901130295911,0.0,0.0,0.0,0.8660254037844611,-0.499999999999961,0.0,target,target
2065.2144613,TARGET_1,176.00735380000015,3.314088613844408,4.34204228473375,3.4613192726583755,2.9745825619884765,4.75805843474325,1.3194223990643177,0.9563818182782148,0.6913368503677794,0.9074113969957802,1.016907458381091,3020.607958984375,0.833607407326545,2.0911483525509302,1.277409509520547,0.7926075671243922,2.153626465275207,1.450898444243344,2.041289266186277,-0.2590791397073839,1.2760330577603354,0.1887344462735599,0.3989935612691286,0.2938640037713443,1.4681101421980922,1.5069720131541997,1.605098654182605,1.684278931035739,-2.153626465275207,-0.2562020183645406,-0.0725914873525612,-0.2590791397073839,0.2725947927681696,1.0412787543733022,1.0412787543733022,0.5276721411448665,0.5276721411448665,1.0,1.0,0.5494537898488199,1.183430503643505,0.5494537898488199,target,target,2.997290850130478,4.239585100506551,4.100379840451462,2.121176710584042,0.0,0.0,-0.7506714938772118,-0.406492206408305,1.0,0.0,9.0,-0.866025403784422,-0.5000000000000289,0.0,target,target
2066.2144613,TARGET_1,177.00735380000015,2.9566436485431566,2.9255146409088546,2.5340310065465115,2.476785753897748,2.28046218902804,1.4139847388447924,0.7710765467366386,0.6615247679355816,0.8870386913486057,1.0600074351918296,3106.2216796874995,0.3569348989687471,0.1185041016647071,-0.0799566715808175,-0.010498233910495,-0.3091188058087953,1.8288816344654188,0.4912447125181555,-0.4973386916794004,1.0762324379241848,0.4098544372437501,0.4583107895480001,0.4340826133958751,1.8944295232042403,1.96903032695615,-0.0744963494471679,0.0192737150419448,0.3091188058087953,1.036417220660935,0.2146076176565902,-0.4973386916794004,0.2937486183773165,1.5218502088781076,1.5218502088781076,0.2809293552901154,0.2809293552901154,0.9683214768573352,1.0,0.4139888030630772,0.891661840837445,0.4139888030630772,target,target,0.4092150868616033,11.336641677207403,15.521214320383086,8.995614846727392,0.0,0.0,-0.6015751484602955,0.2513709787014421,0.0,0.0,0.0,-2.1556259587539768e-14,1.0,0.0,target,target
2067.2144613,TARGET_1,178.00735380000015,2.321761335702453,2.226244479826894,2.4778262374226028,2.12652957228706,2.144356561787376,1.5287860051048163,0.7025224542129096,0.6057900815399399,0.8741731767489782,1.2885588479049528,2956.234765625,-0.4897155618056106,-0.855293528821302,-0.1622293106440626,-0.5755737159706434,-0.444408601486584,2.2877635631828546,-0.0821976772425974,-0.9427729024604776,0.9500568657623636,1.5824139153444077,0.3543927732858702,0.968403344315139,2.375633242965237,2.5170491783343087,-0.8962394041170959,-0.5087614197326824,0.444408601486584,1.436337687977301,1.3090160996602624,-0.9427729024604776,0.2885438216525763,1.798198375925384,1.798198375925384,0.1492620290054942,0.1492620290054942,0.8217225963178344,1.0,0.2205525948473312,0.4750329749693322,0.2205525948473312,target,target,-0.8340502060744384,7.96991485360987,8.646429470969517,2.936275630326274,0.0,0.0,-0.5418849847903249,0.1195490949648052,0.0,0.0,0.0,0.866025403784472,-0.4999999999999422,0.0,target,target
2068.2144613,TARGET_1,179.00735380000015,1.861031140255624,1.7337021252204297,1.889771547592621,1.794316883664629,1.7816494819263844,1.3960600928906226,0.7682471432946779,0.6359522137925037,0.8388704216591522,1.2410515916746634,2880.74541015625,-1.1041246016831965,-1.5412037885807732,-1.0230247911694006,-1.111539260694352,-0.8049415766479535,1.7572335039613844,0.4675772725211395,-0.7017157360125863,0.6038332236488619,1.338682831339676,0.3020901833015841,0.82038650732063,1.7977373847356322,1.90299474513752,-0.1768277302993641,-1.282114289875087,0.8049415766479535,1.1081253236596793,1.0058444791104648,-0.7017157360125863,0.2666791477161194,1.4313396086351782,1.4313396086351782,0.1466112639006818,0.1466112639006818,0.8599537486102523,1.0,0.1804617319423904,0.3886840390703713,0.1804617319423904,target,target,-0.7771803236487954,7.84250419865346,9.443736973943372,1.9537752232848349,0.0,0.0,-0.4512750378434222,0.2352203051705243,1.0,0.0,1.0,-0.8660254037844112,-0.5000000000000475,0.0,target,target
2069.2144613,TARGET_1,180.00735380000015,2.128492595875608,1.6993560871114848,1.5186020239281748,1.8187833961658173,1.611288248047884,1.3412665839730775,0.7483713303244756,0.5999023468786816,0.8080216186245633,1.2193177787320693,2972.1552734374995,-0.7474500494707823,-1.5890337867539006,-1.566343387219493,-1.0720669342321545,-0.9742816472247874,1.5382136980619563,0.3013197484480802,-0.9898279522280322,0.3012906907983471,1.227179743003516,0.3654232528453823,0.7963014979244492,1.6855781068606557,1.8340522996948605,-0.2823090505485212,-1.5776885869866968,0.9742816472247874,1.1683764015539329,0.9565129876540696,-0.9898279522280322,0.2355606980147933,1.4097924014631282,1.4097924014631282,0.1382531806176382,0.1382531806176382,0.8663407707161974,1.0,0.1688569925574986,0.3636893937905694,0.1688569925574986,target,target,-0.5380473389358809,4.383401290847771,3.94929812670692,1.385725732136801,0.0,0.0,5.340902257910633,5.125481676275087,0.0,0.0,0.0,-4.3117471020172244e-14,1.0,0.0,target,target
2070.2144613,TARGET_1,181.0073538000001,7.224163717423949,5.140135118201462,4.122667072280711,5.652843235214177,2.5035856574560227,1.457027098841088,0.7552399583844578,0.6393587225263107,0.858881325179215,1.2889705730184808,3006.942431640625,6.047907477044476,3.202565589254144,2.245491571981226,5.1135004462911295,-0.0873327631114907,2.000929921170844,0.3587745603213557,-0.6744907594765952,0.8000855524280033,1.5845262286244195,0.3895254386558009,0.9870258336401102,1.990245228577624,2.091418842499113,-0.3882143783813826,2.7240285806176847,0.0873327631114907,0.9943026315985456,1.347159127047966,-0.6744907594765952,0.3867247023083281,1.3887538650261686,1.3887538650261686,0.7128694018420263,0.7128694018420263,0.8170345721395114,1.0,0.8088643384065997,1.7421569366973926,0.8088643384065997,target,target,-0.3071462172853436,1.5186217352026266,1.2947341196983924,0.10166459431883,0.0,0.0,5.028525659251578,8.981802863265568,0.0,0.0,0.0,0.8660254037844544,-0.4999999999999728,0.0,target,target
2071.2144613,TARGET_1,182.0073538000001,22.142402991369167,22.100997821770346,23.38352817575451,24.796978911112745,12.73469345698586,2.820579535180142,1.987502712043152,2.278408109163282,2.2419115230932025,2.316154511327294,3091.88974609375,25.94219953680284,26.82211756066743,30.43957364569113,35.99912720649898,10.082448691319644,7.451301613739079,10.666426113386803,12.424868314425703,14.363835776917831,6.854387606066706,0.4483809492177802,3.651384277642243,2.1897516342795225,0.3260213871156666,7.890754640541475,28.63084560317928,-10.082448691319644,-5.94670596712641,6.804361723693302,12.424868314425703,0.572249721407085,-1.6311178987967634,0.0,5.10608966706682,5.10608966706682,0.3603590950092135,0.5372759647047678,0.0,0.0,0.0,target,target,0.0026026973614395,0.7567360626024384,0.6418357154000529,-0.3082743612506293,0.0,0.0,1.513645435467586,-8.076061065672477,1.0,0.0,10.0,-0.8660254037844288,-0.500000000000017,0.0,target,target
2072.2144613,TARGET_1,183.0073538000001,27.27852583741129,30.09953862059496,32.762132662999896,32.98800935469305,20.033931603679235,3.427941543230351,2.5851191819219244,3.095423570826143,2.9661270082648805,3.055004028440811,3349.48662109375,32.79150166137839,37.96081689425467,44.16799125016525,49.213884631166415,17.337934430520814,9.87904007659283,15.66537809468607,18.95449395506072,21.46641239772656,10.644978939094171,0.6268562276288633,5.635917583361518,1.8359877964811984,-1.0071862967779095,11.786638679697482,41.06440407220995,-17.337934430520814,-10.374140602348293,10.8691302361584,18.95449395506072,0.6493394010505269,-3.262313081262626,0.0,7.0370488597536,7.0370488597536,0.195857184584781,0.3876219780130451,0.0,0.0,0.0,target,target,0.1705632412644556,-0.2074217478143644,-0.1920827138228386,-0.1967547326788541,0.0,0.0,-0.7169784723693783,0.2726283906945742,0.0,0.0,0.0,-6.467868245280475e-14,1.0,0.0,target,target
2073.2144613,TARGET_1,184.0073538000001,13.543915360950914,14.241418421618766,14.08614846732792,14.455379521771722,10.324318092135044,2.0743736444286816,1.303875434398686,1.5345789414249162,1.593520096212834,1.7750615365636917,2988.07158203125,14.475643661772803,15.87693467935872,16.83005301410589,19.31481279031481,7.68652137201176,4.468578430244197,4.948009526333477,6.480150945146786,8.004886149374828,4.078365841155903,0.3764508229878628,2.227408332071883,1.643673516424851,0.671650874652833,3.274012835754457,16.353493846732306,-7.68652137201176,-3.4754246419140533,3.887740183817323,6.480150945146786,0.6733781352608581,-0.5504156041130234,0.0,3.158902436456464,3.158902436456464,0.558131306724661,0.723244783844741,0.0,0.0,0.0,target,target,0.1974054376300555,-0.7646677057536334,-0.720260775065242,-0.678389530103007,0.0,0.0,2.520643139323571,-5.510720347927633,0.0,0.0,0.0,0.8660254037844651,-0.4999999999999541,0.0,target,target
2074.2144613,TARGET_1,185.0073538000001,3.5188654784737188,3.1502775611200424,2.337365613363414,2.591804965582787,2.1616742485665363,1.368782261134195,0.626971301389123,0.6095832534668175,0.8418598366535979,0.9326224353180624,2989.63876953125,1.106688611965231,0.4315070171389122,-0.3678358171016086,0.175064619513585,-0.4271947187584159,1.6481989570839348,-0.7141691909703295,-0.912457695667858,0.6331512228965748,-0.2436811817083021,0.3775366444885504,0.1887683222442752,1.920367070006616,2.057235724356795,-1.173411010802382,0.0318356000186518,0.4271947187584159,1.410733421496785,-0.287850972207848,-0.912457695667858,0.6274372668826482,1.667850199065474,1.667850199065474,0.5866465489712626,0.5866465489712626,1.0,1.0,0.9784385634827936,2.107391127987789,0.9784385634827936,target,target,0.7088790702912207,-0.8781576697895216,-0.7820865666799578,-0.774281642216672,0.0,0.0,-0.7808766268703451,-0.024588986564925,1.0,0.0,6.0,-0.8660254037844181,-0.5000000000000356,0.0,target,target
2075.2144613,TARGET_1,186.0073538000001,2.0803785849808025,2.2768924840348466,2.10836166525651,2.03032585345485,1.560081579415913,1.3271673408289435,0.7044801445816584,0.6361416944218528,0.8684531904154833,0.9792339706516664,3030.10244140625,-0.8116127276079665,-0.7847615524386166,-0.7030521957174736,-0.7307811488419194,-1.0251813776548149,1.4818564112635508,-0.0658219569589637,-0.7002013979934705,0.8939594168187032,-0.0045455014889743,0.4055717870089141,0.202785893504457,1.6762304271851514,1.781260636884172,-0.4869825331509657,-0.743906874078045,1.0251813776548149,1.298786647042424,-0.2591398479775739,-0.7002013979934705,0.6561760093865837,1.558717076128849,1.558717076128849,0.589201871274851,0.589201871274851,1.0,1.0,0.9183990180431822,1.9780761049397613,0.9183990180431822,target,target,0.6766460543776024,-0.236016442041554,-0.2784932073233178,-0.4378516210396654,0.0,0.0,3.115469617332131,11.78389257771572,0.0,0.0,0.0,-2.939647502462918e-14,1.0,0.0,target,target
2076.2144613,TARGET_1,187.0073538000001,2.275470528511172,2.568110266660468,2.5228081152367654,2.2725441703804017,3.489992124147387,1.353744491931136,0.6734492788963184,0.7670456579646863,0.8794314574559011,0.985128878713881,3053.9701171875,-0.5514468975909073,-0.3792141653780375,-0.0963847594524567,-0.3400053698932468,0.8931610786159685,1.5880902077616263,-0.3253894476786027,0.3459891784619224,1.001626243080755,0.0256977170447824,0.4221084397927806,0.2239030784187815,1.411018225695258,1.3591198489259697,-0.7783877692237047,-0.2377994624152471,-0.8931610786159685,0.5008842153853087,-0.2158871255040961,0.3459891784619224,0.6995920371377787,1.003162257009795,1.003162257009795,0.539802847534976,0.539802847534976,1.0,0.982849317563483,0.5322225795221291,1.1463173918731533,0.5322225795221291,target,target,-0.1994252787921936,-0.2549630028099759,-0.1327465578417783,-0.4017640180670117,0.0,0.0,0.9291546229795392,3.192757501880671,0.0,0.0,0.0,0.8660254037844475,-0.4999999999999847,0.0,target,target
2077.2144613,TARGET_1,188.0073538000001,2.1558505961347487,2.508181920126844,2.516527727952811,2.169423655758492,3.5729052808521904,1.4284124062727133,0.7113801653578197,0.670211387466813,0.8455455817344066,1.0172404685517356,3060.2140625,-0.7109666523800233,-0.4626698669098905,-0.1055780013115428,-0.5063718112856646,0.9755772450670346,1.8865516939682685,-0.0081045507820651,-0.4279148236094777,0.6692983191368704,0.1904429206481341,0.4264345399367826,0.3084387302924584,1.959212199658471,2.023399423199893,-0.5568521568472469,-0.2841239341107167,-0.9755772450670346,0.795453899866386,-0.0427391844105642,-0.4279148236094777,0.7012885634124755,1.5132321529803852,1.5132321529803852,0.5704473843753713,0.5704473843753713,1.0,1.0,0.8632193236203725,1.8592283787649215,0.8632193236203725,target,target,-0.1582102634921131,-0.5209048648827685,-0.4779644836023091,-0.8242241749824728,0.0,0.0,-0.6842343819051518,-5.376763608106903,1.0,0.0,3.0,-0.8660254037844073,-0.5000000000000543,0.0,target,target
2078.2144613,TARGET_1,189.0073538000001,2.1142638266580973,2.953452307875036,3.19255382302674,2.5148610119779624,1.5592475940974344,1.3900305231175725,0.6584993945465103,0.5435495030456639,0.7955992609192951,1.1381917548143592,3056.3673828125,-0.7664248953132426,0.1574098571324942,0.883990175629747,0.0509293609296629,-1.0260103639768554,1.7331321965722597,-0.4504424837936017,-1.4402025060533217,0.1794612778414481,0.8109710347041182,0.4237693786137471,0.6173702066589327,2.082860522026189,2.298890897934187,-1.0380680846014,0.5207000163811206,1.0260103639768554,1.631400790376976,0.5900216435507846,-1.4402025060533217,0.6529137408500401,1.8437214236065889,1.8437214236065889,0.635816454376332,0.635816454376332,0.9153001391794172,1.0,1.0729774465310902,2.311011887452427,1.0729774465310902,target,target,-0.1057563540680719,0.3598372682383751,0.1648867485163482,2.607898502829698,0.0,0.0,-0.8517962879885865,0.2330534171723948,0.0,0.0,0.0,-5.0957686457261663e-14,1.0,0.0,target,target
2079.2144613,TARGET_1,190.0073538000001,2.557522733787855,3.207075262839232,3.252317227552051,2.7686791857751327,1.6488634545271146,1.304623225528319,0.6419717518052718,0.5356272646688502,0.8159964567982201,1.2139543657449567,3047.160986328125,-0.175314778723951,0.5106030095456511,0.9714719513997336,0.4604194268993828,-0.9369316705178212,1.3917434060032483,-0.588693178999978,-1.5035174043187485,0.3795020799866357,1.19966330519921,0.4173907524145295,0.8085270288068698,1.715842740313093,1.9413703509609053,-1.1387607877025074,0.7410374804726924,0.9369316705178212,1.411781266184848,0.981553611984142,-1.5035174043187485,0.6703941507758705,1.4850984806536782,1.4850984806536782,0.6114284864585113,0.6114284864585113,0.8630928172762173,1.0,0.7837154795512686,1.6879905495487797,0.7837154795512686,target,target,-0.0670603808153792,0.2419908029894719,0.3147299362410378,1.4501129960582655,0.0,0.0,-0.9064181148821976,0.103742627470362,0.0,0.0,0.0,0.8660254037844582,-0.499999999999966,0.0,target,target
2080.2144613,TARGET_1,191.0073538000001,2.5287123714491337,2.460043029072604,2.121515290646807,2.1955701521036954,1.916916329177216,1.2812346957478604,0.7062781789674907,0.5487442950221665,0.8168554582149329,1.1204188024314958,3012.2214843750003,-0.2137349804775864,-0.5297076738289085,-0.683797895931573,-0.4641891324289864,-0.6704855332237906,1.2982551196352845,-0.0507817296417285,-1.3986854865118556,0.3879265385966855,0.7197887334312043,0.3931830156606247,0.5564858745459145,1.6486735712779552,1.858476394254733,-0.5144669781870282,-0.6067527848802408,0.6704855332237906,1.2093979207297176,0.4653169004445622,-1.3986854865118556,0.6813072365727292,1.4396874709627827,1.4396874709627827,0.5280573226071978,0.5280573226071978,0.932582616070176,1.0,0.7089842871300475,1.527032204518055,0.7089842871300475,target,target,-0.1104382253328421,2.120468711781975,2.710567153963557,2.0750187564661564,0.0,0.0,0.4240340974822411,2.5093752474145234,1.0,0.0,2.0,-0.8660254037844249,-0.5000000000000238,0.0,target,target
2081.2144613,TARGET_1,192.0073538000001,2.315234313915434,1.9086927772416984,1.8931294977987927,1.962057331639788,3.631655329478263,1.2993140850908973,0.6409675916583281,0.5925727173810906,0.7979299205493945,1.1172343727981595,3000.223681640625,-0.4984197041193853,-1.2975133070194698,-1.0181094178014285,-0.8409201553735973,1.033975139671548,1.3705217881315632,-0.5970927941530281,-1.0484066927165123,0.2023186855312083,0.7034513452497542,0.384870371404599,0.5441608583271766,1.6014239160005483,1.7586849199080254,-1.0757634557677132,-1.157811362410449,-1.033975139671548,0.7409958558354376,0.4400725078726827,-1.0484066927165123,0.4664965937423157,1.221176594762414,1.221176594762414,0.3346363250222623,0.3346363250222623,0.9361206828183584,1.0,0.3825457618500268,0.8239388497755724,0.3825457618500268,target,target,-0.118132737407653,0.2597224904541068,0.3913890352999615,0.5379489417727153,0.0,0.0,0.4944128684359207,-1.2516956055256512,0.0,0.0,0.0,-1.567547902908612e-14,1.0,0.0,target,target
2082.2144613,TARGET_1,193.0073538000001,2.8068190577800736,2.797253862550415,2.9123875524435685,2.727684463951916,3.6772317798664944,1.3286464952291237,0.7132470664966968,0.634860352296829,0.8239795726949675,1.095060556994986,2965.20107421875,0.1571355720079389,-0.0601107585153488,0.4738823001473514,0.3942818013201601,1.0792783999830402,1.4877688654213996,0.0075117342727505,-0.7104419439642311,0.4577946510381969,0.5896908675654424,0.3606050552578049,0.4751479614116236,1.6176365554559746,1.7242028470506092,-0.4832174724355053,0.2068857708160013,-1.0792783999830402,0.5843344272329333,0.2987186442071557,-0.7104419439642311,0.3014339474438034,1.212486158331171,1.212486158331171,0.2660065634660826,0.2660065634660826,0.956181245429219,1.0,0.3083964450309467,0.664233766346864,0.3083964450309467,target,target,-0.317469262067852,4.901523306340394,5.475299479750732,7.579482832197841,0.0,0.0,3.108445490547718,4.6202183273703055,0.0,0.0,0.0,0.866025403784469,-0.4999999999999474,0.0,target,target
2083.2144613,TARGET_1,194.0073538000001,2.8077419857420813,3.1791287491406752,3.245431141194187,2.9439195565166907,2.352335840259568,1.2601846683356068,0.72024090213417,0.6608069388650304,0.7903767143148086,1.0683679150840186,2944.5583984375003,0.1583663471744404,0.4716849341942141,0.9613920861799352,0.7431383114535777,-0.2376759728645242,1.2141142604516304,0.0660138845296207,-0.5030756150604151,0.1282423545049542,0.4527470180538328,0.3463028347545156,0.3995249264041742,1.290309494121732,1.3657708363807943,-0.3373959121843304,0.7165385101870746,0.2376759728645242,0.7732046331470617,0.1438257378349366,-0.5030756150604151,0.2674988797216331,1.0596863459023815,1.0596863459023815,0.3863035204820237,0.3863035204820237,0.9786571905186784,1.0,0.4006236614589024,0.8628755870120828,0.4006236614589024,target,target,1.2065980878283635,-0.5655602921577624,-0.6519210513002409,-0.3944758364276668,0.0,0.0,3.769398233402343,-0.2802028822963069,1.0,0.0,1.0,-0.8660254037844142,-0.5000000000000424,0.0,target,target
2084.2144613,TARGET_1,195.0073538000001,3.0127905477192085,3.1032457079098354,2.802492759985041,2.7170537680528666,3.5634363989820983,1.1922427321865934,0.6493982276612271,0.6671908583897305,0.742961388168751,1.1029506166044587,2940.359619140625,0.4318098751604102,0.3660108616292862,0.3130181112928756,0.3771310815750702,0.9661651206789906,0.9425377550998536,-0.5265720727966468,-0.4520550327431699,-0.3367725393331369,0.6301700055766296,0.3433937221963896,0.4867818638865096,0.9790615505883355,1.0468698054998111,-0.8839019775432375,0.3395144864610809,-0.9661651206789906,0.3412628288240021,0.3225474811033282,-0.4520550327431699,0.2401022913276858,0.7118832767889524,0.7118832767889524,0.2217186619384971,0.2217186619384971,0.952769643108948,1.0,0.1503830716028495,0.3238996935763873,0.1503830716028495,target,target,1.1205007344678033,-0.4809776739724558,-0.3949943084590497,-0.2513654071828753,0.0,0.0,0.0196677772633945,-1.0579847178337836,0.0,0.0,0.0,-3.7236690461718594e-14,1.0,0.0,target,target
2085.2144613,TARGET_1,196.0073538000001,3.1144735851286707,3.139640965046216,2.7047049271076435,2.7161779558734658,3.088509647420244,1.2002077222788308,0.6847863806388644,0.545287429365147,0.7540637599312722,0.983681799607876,2944.910498046875,0.5674097946013191,0.416694584649153,0.1698761109874828,0.3757181158218515,0.4940851304291638,0.974375296050514,-0.2305566743623184,-1.4263129179246772,-0.2278885845840655,0.018273626766078,0.3465467859896057,0.1824102063778419,1.4279822657296903,1.641929203418392,-0.5197530499694074,0.2932853478183179,-0.4940851304291638,0.8293521886690522,-0.3008738169734167,-1.4263129179246772,0.2461349991395375,1.1988718425021865,1.1988718425021865,0.3138867878282451,0.3138867878282451,1.0,1.0,0.376310031660741,0.8105081419438511,0.376310031660741,target,target,1.1684928330018474,1.2818500290467685,1.1670901650876313,1.709731484507613,0.0,0.0,4.248922766693776,-16.75056234823148,0.0,0.0,0.0,0.8660254037844514,-0.4999999999999779,0.0,target,target
2086.2144613,TARGET_1,197.0073538000001,2.4816799421877223,2.3816770363843407,2.219227655356532,2.362093575052605,2.0261144113856124,1.1534929199505597,0.7026034567139117,0.4952104918812546,0.7448199434223366,0.9206900536253012,2935.28115234375,-0.2764553100570034,-0.6388394833035734,-0.5407663660616344,-0.1955334785460464,-0.5619419958999604,0.7876475770069181,-0.0815201062028357,-1.8265301357650767,-0.3185451866143961,-0.3048990367373757,0.3398751206004901,0.169937560300245,1.3844487344496337,1.6584282548143954,-0.3209163905296265,-0.589802924682604,0.5619419958999604,1.142150625708379,-0.3264205885479869,-1.8265301357650767,0.5072577604602163,1.320620839483661,1.320620839483661,0.4692954948929893,0.4692954948929893,1.0,1.0,0.6197614104314797,1.3348612233387993,0.6197614104314797,target,target,1.1330512850065186,0.6365445083339792,0.7075112980875584,-0.442288047579687,0.0,0.0,4.657505906971687,6.076242795092291,1.0,0.0,3.0,-0.8660254037844034,-0.5000000000000611,0.0,target,target
2087.2144613,TARGET_1,198.0073538000001,2.854065631757723,3.1128387729492912,3.1714118047033653,2.9848856896968927,2.7161782004175503,1.0658149521172684,0.6320554078122594,0.5805830573467059,0.6908523426493465,0.9960603199874152,2841.996630859375,0.2201414753370227,0.3793700817482543,0.8530424523368567,0.8092298143886298,0.1239854776033468,0.4371824968201135,-0.6716415747514701,-1.144228614401663,-0.8478200052003505,0.0817803503675172,0.2752431993344867,0.1785117748510019,0.793034568147945,0.9646688603081944,-0.825565142669249,0.6162062670425555,-0.1239854776033468,0.6460637488368466,-0.308858677531127,-1.144228614401663,0.9154572532793775,0.7121057622851756,0.7121057622851756,0.82866770558776,0.82866770558776,1.0,1.0,0.5900990481686793,1.270973513470458,0.5900990481686793,target,target,0.9696137702202422,0.1418296696318028,0.2036048244420974,0.0989823963646023,0.0,0.0,1.2261305508414728,-14.663946042455091,0.0,0.0,0.0,-5.87979018943511e-14,1.0,0.0,target,target
2088.2144613,TARGET_1,199.0073538000001,3.132634024923939,3.5104816158303365,3.4964948282874326,3.1774400864901824,2.749797681406658,1.083869816385891,0.5782370241842536,0.6588526449877632,0.6794801845230732,1.0837196090574115,2816.626513671875,0.5916277392653195,0.9331240951872696,1.3288995491956226,1.1198817723081336,0.157403439858259,0.5093511340505733,-1.1218224667240726,-0.5186944227930963,-0.9593498275938348,0.5315073024892524,0.2576655842009147,0.3945864433450835,0.5922475711918861,0.6700517346108505,-1.3478068610729868,1.131011822191446,-0.157403439858259,0.5108673203180968,0.1337106188898008,-0.5186944227930963,1.047418800135048,0.4983782622452021,0.4983782622452021,0.990425663731162,0.990425663731162,0.9801432026561048,1.0,0.4838051745291427,1.0420344930478909,0.4838051745291427,target,target,-0.4047289772294623,2.16059143783206,2.9214134403447445,1.122754434865138,0.0,0.0,3.521161546719698,18.601293668681844,0.0,0.0,0.0,0.8660254037844621,-0.4999999999999592,0.0,target,target
2089.2144613,TARGET_1,200.0073538000001,3.2430221399821635,3.3065631532884923,2.75126100286659,2.801840923168041,2.7229334770103004,1.1446528045502753,0.6959468225328125,0.7419004506002407,0.7682879617989776,1.0288214082908296,2828.07109375,0.7388363582294905,0.6491489927342375,0.2380249758760239,0.5139199380311982,0.1307002623518429,0.7523119980789025,-0.1372016282250456,0.1450275094969348,-0.0883879998771816,0.2498577389386339,0.2655949296781891,0.2577263343084115,0.6371207861778724,0.6153666597533322,-0.3897112113218741,0.4435869843051307,-0.1307002623518429,0.2858060072302473,-0.1466095250057824,0.1450275094969348,1.0324026782922755,0.4638382060208265,0.4638382060208265,0.8399798723886436,0.8399798723886436,1.0,0.9927748523141527,0.3867997329417013,0.8331011837962192,0.3867997329417013,target,target,-0.5840360471214787,1.839328641635468,1.5163628232827375,0.8275124171796064,0.0,0.0,-0.8082249517779488,-4.397734210288106,1.0,0.0,2.0,-0.866025403784421,-0.5000000000000305,0.0,target,target
2090.2144613,TARGET_1,201.0073538000001,3.792153634087952,5.054571820869271,5.067141748827741,4.086097841904709,2.39196139159427,1.2478617071142355,0.9524274319644012,0.7423155401027147,0.8721460923211867,0.89578846225419,2832.48720703125,1.471133388887248,3.083410875045065,3.6280152506502414,2.5858379670206983,-0.1982879412865764,1.1648571015631135,2.008211551138915,0.1483449241429153,0.9301767019712998,-0.4326540859640277,0.2686546214829364,0.1343273107414682,1.0793545504277262,1.0571028118062888,1.68341544806277,3.355713062847654,0.1982879412865764,0.2152176787693374,-0.3993583521573902,0.1483449241429153,1.0479036457845996,0.7919845288931424,0.7919845288931424,1.426196932495684,1.426196932495684,1.0,0.9926101936787932,1.1211789280135935,2.414829723567266,1.1211789280135935,target,target,-0.2308989330384136,3.85828903564232,4.250963373491156,1.821059049018937,0.0,0.0,0.5028440075784827,-2.580605741345432,0.0,0.0,0.0,-2.351569446617553e-14,1.0,0.0,target,target
2091.2144613,TARGET_1,202.0073538000001,2.915401511482318,4.235951372651361,4.686222794213376,3.5850771418797693,1.7796180339724836,1.2034944338141365,0.8598268195815186,0.6509600348521413,0.8206717129316716,0.9310585977357348,2818.75107421875,0.3019362423048948,1.9434070580531368,3.070425420572904,1.7775309950016005,-0.8069608478873956,0.9875128909359469,1.2336244403873695,-0.581772530774312,0.4253535780416295,-0.2517042893215981,0.2591375800669545,0.1295687900334772,1.1587410791985866,1.2460069588147331,0.9543540201450136,2.50691623931302,0.8069608478873956,0.6846679549112816,-0.4091048679170461,-0.581772530774312,0.872349380499861,1.0654061337244634,1.0654061337244634,1.1804946097036348,1.1804946097036348,1.0,1.0,1.2577061980069189,2.708886364679396,1.2577061980069189,target,target,-0.1775826513326388,2.66023159041827,2.754598051866041,1.9264067733729453,0.0,0.0,6.056887740234996,-1.2485934725814272,0.0,0.0,0.0,0.8660254037844729,-0.4999999999999406,0.0,target,target
2092.2144613,TARGET_1,203.0073538000001,1.8806831881758688,2.506505178782406,2.461912749358433,2.116581267408799,2.851018039041445,1.1799842975292902,0.6316799237270222,0.5292193126531134,0.7136204011213317,0.902921621614508,2775.7642578125,-1.077917515597605,-0.4650048825290688,-0.1855235022251072,-0.5916235202850553,0.2580170719355645,0.8935385208417668,-0.6747824301435978,-1.5547300554242178,-0.6245275140628622,-0.3960581467070614,0.2293542838755248,0.1146771419377624,1.4090247547558024,1.642234263069435,-0.92683634583848,-0.325264192377088,-0.2580170719355645,1.0033144791982054,-0.4396062971970317,-1.5547300554242178,0.680579694058776,1.218437828118564,1.218437828118564,0.5767372337609638,0.5767372337609638,1.0,1.0,0.7027184624988172,1.5135366783499329,0.7027184624988172,target,target,-0.1738803107780665,2.715934050086191,2.9526831123836703,3.5008811722536555,0.0,0.0,-0.042452924376731,-1.277036906204415,1.0,0.0,9.0,-0.8660254037844103,-0.5000000000000492,0.0,target,target
2093.2144613,TARGET_1,204.0073538000001,1.7637563339356646,2.50479193714344,2.5176525730794066,2.104521252078649,3.072640384592981,1.2735175668713674,0.6580091492254727,0.5647403644391263,0.7618179622896996,0.8932157429227224,2732.618115234375,-1.233845902665783,-0.4673907281454388,-0.1039314510535311,-0.611080190385776,0.4783109896461287,1.2674083258814135,-0.4545432958401985,-1.2708441543517808,-0.151841030352426,-0.4458531574586833,0.1994605989890329,0.0997302994945164,1.687271205030908,1.8778978281836751,-0.7963279521841811,-0.285661089599485,-0.4783109896461287,1.0142029073829182,-0.4702207768578117,-1.2708441543517808,0.6293318406469721,1.399939597732542,1.399939597732542,0.5419525791911722,0.5419525791911722,1.0,1.0,0.7587008757030033,1.6341133249713669,0.7587008757030033,target,target,-0.1250989792619378,2.392953536275225,2.4256792104643217,2.560733980335546,0.0,0.0,0.5812529759995091,2.918786793231273,0.0,0.0,0.0,-4.507690589880801e-14,1.0,0.0,target,target
2094.2144613,TARGET_1,205.0073538000001,2.0772569282158537,2.31229970272286,2.314283915442031,2.1346383876204458,2.7999257861499163,1.1650620514772918,0.7688234224700471,0.6603007663753416,0.7976790533811193,1.007216638711919,2695.211083984375,-0.8157756284873401,-0.7354537632900876,-0.4016228467728146,-0.5624915978696053,0.207231071425898,0.833891538955456,0.4723977419537802,-0.5071209691844717,0.1998583635403064,0.1390166942861117,0.1735432414245209,0.1562799678553163,0.972313886206192,1.0483820315838628,0.2248548652510871,-0.5685383050314511,-0.207231071425898,0.4174897883169107,-0.3543943955716522,-0.5071209691844717,0.5687240353145911,0.7698670394740558,0.7698670394740558,0.4398558035519049,0.4398558035519049,1.0,1.0,0.3386304852759869,0.7293527738692446,0.3386304852759869,target,target,-0.1136921606308637,2.1115708640415978,2.175140701612694,3.5842121480814813,0.0,0.0,0.0330482878981369,-2.653393373418856,0.0,0.0,0.0,0.8660254037844552,-0.4999999999999711,0.0,target,target
2095.2144613,TARGET_1,206.0073538000001,2.305598550277222,2.5365522890076604,2.403295669620303,2.119420322815176,3.769488224465148,1.009111741639633,0.7348711969228626,0.5936905937839716,0.7264408325800323,1.0011434318682542,2663.1788085937496,-0.5112695245651661,-0.4231615344659514,-0.2713272857724567,-0.5870432139647604,1.1709818496695203,0.2105292600037807,0.1883936126782827,-1.0394725724142404,-0.4987940844253255,0.1078587322220421,0.1513497685088175,0.1296042503654298,0.5419435977574074,0.6978644836195436,0.10336023508598,-0.347244410119204,-1.1709818496695203,0.0160118255945237,-0.4090322372182581,-1.0394725724142404,0.5453382570681183,0.4363346023211114,0.4363346023211114,0.3833379625071351,0.3833379625071351,1.0,1.0,0.1672636174251359,0.360257533331651,0.1672636174251359,target,target,-0.3231179822936336,1.202828595237171,1.2216205811494196,1.0912930229474307,0.0,0.0,8.539397193152997,-2.5873858694348355,1.0,0.0,6.0,-0.8660254037844278,-0.5000000000000187,0.0,target,target
2096.2144613,TARGET_1,207.0073538000001,2.37277598139425,2.5609777820308484,2.445050651651481,2.109993099730863,3.2565258045887435,1.0641095789946058,0.5693838947608251,0.5319127644577285,0.6859671544264575,1.026754540464062,2645.23818359375,-0.4216847277318981,-0.3891468023163192,-0.210206270255607,-0.6022523463328446,0.6610941809344784,0.4303658045204154,-1.1958772679261285,-1.5332038630931273,-0.895730363885813,0.2392538864772197,0.1389196563743291,0.1890867714257744,0.9197154637465664,1.1496960432105354,-1.350740411912676,-0.2996765362859631,-0.6610941809344784,0.7046757368656251,-0.2871987169889269,-1.5332038630931273,0.4488198913662593,0.8299953879648294,0.8299953879648294,0.384641497642944,0.384641497642944,1.0,1.0,0.3192506690635283,0.6876119285342097,0.3192506690635283,target,target,-0.3937487654305887,0.8288322345497962,0.6369234517264692,2.0448726312735697,0.0,0.0,2.2586448302101854,-11.649571590513352,0.0,0.0,0.0,-6.66381173314405e-14,1.0,0.0,target,target
2097.2144613,TARGET_1,208.0073538000001,2.568772625680148,2.525127261528301,2.414361941634443,2.241257206125619,2.530353152199304,1.1630987968656796,0.7251415800030788,0.5880398053557624,0.7528035618286053,1.007024769385636,2640.72724609375,-0.1603124295300436,-0.4390719297707119,-0.2551284574988661,-0.3904812710669796,-0.060725715570235,0.8260440465706642,0.1070071545903682,-1.0846339368461222,-0.2402476873164068,0.1380323284735392,0.1357942658733479,0.1369132971734435,1.171437600173446,1.3341326907003643,-0.1337321813456586,-0.347100193634789,0.060725715570235,0.7524374579085783,-0.3940616729875008,-1.0846339368461222,0.3938174861729089,0.9989240778276556,0.9989240778276556,0.3509159861118941,0.3509159861118941,1.0,1.0,0.3505384278218062,0.7550004674600639,0.3505384278218062,target,target,-0.3232846599781481,0.4691143924247652,0.3599684502563636,2.0764938012599896,0.0,0.0,-0.1140506053902058,0.0760391819596675,0.0,0.0,0.0,0.8660254037844661,-0.4999999999999525,0.0,target,target
2098.2144613,TARGET_1,209.0073538000001,2.126049692592089,2.2301661046670405,2.153668572515252,2.0329595550104247,2.453586664020988,1.1786099421570428,0.8081154340670395,0.6243011262280668,0.7830459120405325,0.8760092999412461,2625.254541015625,-0.7507077952746681,-0.8498323076945765,-0.6367318658580489,-0.7265321441012316,-0.1370320572777794,0.8880449678130781,0.801068200553863,-0.7948317707412216,0.0563471991111119,-0.534129040608235,0.1250740451929107,0.0625370225964553,1.1506018319233915,1.269826597534575,0.5634227029514797,-0.7432820867763127,0.1370320572777794,0.6005079565123606,-0.5464009348702467,-0.7948317707412216,0.4614386110561699,0.9577809523788092,0.9577809523788092,0.3830578233905549,0.3830578233905549,1.0,1.0,0.3668854869031594,0.7902092670336528,0.3668854869031594,target,target,-0.3408169359426894,0.0194727955392797,-0.0526937710097809,0.5090334071270598,0.0,0.0,4.355416393543554,9.923966506806284,1.0,0.0,1.0,-0.8660254037844171,-0.5000000000000373,0.0,target,target
2099.2144613,TARGET_1,210.0073538000001,1.7449033781607035,2.402605163283915,2.8237403007613127,2.26977030130149,5.621061655856912,1.2099155154435577,0.6279523399773722,0.6201911198544733,0.7466533453299475,0.8578678549460343,2606.5094726562497,-1.2589873554531663,-0.6096951532297961,0.3441202985363449,-0.3444805097743756,3.011456753565138,1.0131791437444042,-0.7059629834080546,-0.8276791331957445,-0.3005645195447645,-0.6272018552675681,0.1120865767142101,0.056043288357105,1.2888560182736384,1.4130078882530002,-0.973268591433432,-0.1327874273467255,-3.011456753565138,0.0382419244969578,-0.5597015564261348,-0.8276791331957445,0.5353172049767666,0.9513886559588672,0.9513886559588672,0.3785462359334324,0.3785462359334324,1.0,1.0,0.3601445946229965,0.7756905255243535,0.3601445946229965,target,target,-0.3386154819153104,0.1629992902615068,0.1707143643618195,0.0905728962806529,0.0,0.0,1.2132899262522705,-11.469600166774802,0.0,0.0,0.0,-3.135590990326495e-14,1.0,0.0,target,target
2100.2144613,TARGET_1,211.0073538000001,5.582649599901466,5.749182914899829,5.171136406947364,4.602039398317781,9.795464978829058,1.2001504085404822,0.6457313907463905,0.6479805112012019,0.7436385345654971,0.9086598147195352,2570.33564453125,3.85885817474216,4.050720328704093,3.780242812569749,3.4182170626994024,7.160838260348668,0.974146202420694,-0.557244489947804,-0.6055850226315103,-0.3301315819594436,-0.3666189381167521,0.0870236405050501,0.043511820252525,1.1752230052785917,1.266060758673318,-0.8116589956161088,3.9154815706369215,-7.160838260348668,-1.3237425997807553,-0.5853688086811912,-0.6055850226315103,0.4838795819219675,0.8544493173831683,0.8544493173831683,1.1218120214727616,1.1218120214727616,1.0,1.0,0.9585315159796332,2.064514715652546,0.9585315159796332,target,target,-0.3551664808554348,-0.1016451371366922,-0.0405833461346018,-0.5378115870024783,0.0,0.0,-0.7482798439922896,0.0148193207906153,0.0,0.0,0.0,0.8660254037844769,-0.4999999999999338,0.0,target,target
2101.2144613,TARGET_1,212.0073538000001,6.479602392280241,5.641070026053924,4.418397293593387,4.558130263326788,7.126094740756366,1.1684888870154515,0.6827777844969156,0.6396345057736754,0.747600159269487,0.9537276375243792,2562.866015625,5.054994024806197,3.900163246702707,2.6783819856845983,3.347377554577721,4.50746851055387,0.8475892354389299,-0.2473582120867756,-0.6722866869127964,-0.2912788598358528,-0.1354031159966276,0.0818483288920093,0.0409241644460046,1.0726585347469075,1.173501537783827,-0.4694865620580093,3.289272616193653,-4.50746851055387,-0.6377593868197965,-0.5906689071038927,-0.6722866869127964,0.4105312743750284,0.786156025385757,0.786156025385757,0.9452264153012504,0.9452264153012504,1.0,1.0,0.7430954417428579,1.600501860436539,0.7430954417428579,target,target,-0.3572285128545732,-0.2990716139245097,-0.239179716755947,-0.2836359211953203,0.0,0.0,6.174027553926402,5.989348393183221,1.0,0.0,8.0,-0.8660254037844063,-0.500000000000056,0.0,target,target
2102.2144613,TARGET_1,213.0073538000001,3.276167569406646,3.0509030448749006,3.01837362794874,2.7900601672550525,2.8443103638070486,1.0495335556007748,0.6484669011802906,0.5902709584875022,0.7432304832495353,0.9572142110265514,2572.40205078125,0.7830376102209649,0.2931189178948631,0.6290249023088036,0.4949138028762039,0.2513496032178323,0.3721027387381805,-0.5343624477139554,-1.0668024570506969,-0.334133451287263,-0.1175156098222586,0.0884553443282396,0.0442276721641198,0.7344266806648944,0.894447049222499,-0.6384450504395304,0.4610719101018333,-0.2513496032178323,0.5573372728666504,-0.5839025836995025,-1.0668024570506969,0.4579460886843733,0.6537063963905851,0.6537063963905851,0.4685103713860931,0.4685103713860931,1.0,1.0,0.3062682265504176,0.659649943803809,0.3062682265504176,target,target,-0.373462034349165,-0.8956744975696068,-0.8081497544249285,-0.9910057995434832,0.0,0.0,3.0345242627279148,-0.2103332704944905,0.0,0.0,0.0,-5.291712133589743e-14,1.0,0.0,target,target
2103.2144613,TARGET_1,214.0073538000001,3.148311398949041,3.3376226985670705,3.088035539068404,2.738336146141276,2.772109834762177,0.9860463633669116,0.6092132775458607,0.5503292207460866,0.709447182081242,0.8904295445790291,2546.649316406249,0.61253437924194,0.6924022491715695,0.7309961292943428,0.4114663786778674,0.1795818518004941,0.1183326700775839,-0.862711798059527,-1.3860186862724235,-0.6654553989183326,-0.4601474610334621,0.0706126339404488,0.0353063169702244,0.5946126310303761,0.8025154339712397,-0.9011215448214792,0.711699189232956,-0.1795818518004941,0.6071723749077491,-0.6021755164722382,-1.3860186862724235,0.5002552148600666,0.5800706789867278,0.5800706789867278,0.5532357257394127,0.5532357257394127,1.0,1.0,0.3209158230693762,0.6911983885426607,0.3209158230693762,target,target,-0.3243626467779371,-0.6430722458479879,-0.6938516893601956,-0.4466018183799967,0.0,0.0,1.218530447829238,-6.611310899918774,0.0,0.0,0.0,0.8660254037844592,-0.4999999999999643,0.0,target,target
2104.2144613,TARGET_1,215.0073538000001,2.513494305418177,2.699917594760088,2.383175625754098,2.2825786490250985,4.4020565441611765,1.041917039560836,0.618815580145843,0.5170683703694386,0.6936284921950082,0.96139245050109,2511.6334960937497,-0.2340291079979359,-0.1956604104380232,-0.3007790410726454,-0.3238165396738937,1.7997584877771715,0.3416581131310205,-0.782390300867601,-1.6518409523610726,-0.8205935577373944,-0.0960795826304507,0.0463520202235089,0.0231760101117544,0.9140084439294572,1.1617845867836183,-0.8735988316782947,-0.2482197257553343,-1.7997584877771715,0.3142893708945328,-0.6270211006822636,-1.6518409523610726,0.6257699228323894,0.7736709663837563,0.7736709663837563,0.4694678830721258,0.4694678830721258,1.0,1.0,0.3632136707825479,0.7823007963284143,0.3632136707825479,target,target,-0.3067121895709666,-0.962457045932194,-0.8022854113561838,-1.0551762524504884,0.0,0.0,0.1547275229113463,-17.7845505034241,1.0,0.0,6.0,-0.8660254037844239,-0.5000000000000254,0.0,target,target
2105.2144613,TARGET_1,216.0073538000001,2.5402762591347794,2.864795412242619,3.8539268279344494,3.1386529014853264,6.822688216133226,1.1404070514926197,0.7328487016066532,0.6332884322916227,0.7927632916326731,1.009360544915637,2401.84716796875,-0.198313900634319,0.0339470244563348,1.852109133631116,1.0573056111577877,4.205880636813784,0.7353409365616708,0.1714758109145785,-0.7230048018936663,0.15164816204247,0.1500157842041592,-0.029713131878355,0.0750078921020796,0.969640644198934,1.078091364482984,-0.031111396251359,0.9430280790437252,-4.205880636813784,-0.6863100078544332,-0.5208578021128197,-0.7230048018936663,0.7608410098838887,0.7167062030386713,0.7167062030386713,0.7211943227274671,0.7211943227274671,1.0,1.0,0.516884444695049,1.1132816444477731,0.516884444695049,target,target,0.077384800152945,-0.8486788562887868,-0.7100145844439412,-0.5840580116163107,0.0,0.0,-1.0328877381154191,0.0282755405733772,0.0,0.0,0.0,-7.44783327685299e-14,1.0,0.0,target,target
2106.2144613,TARGET_1,217.0073538000001,3.023030411988164,3.075800837336909,4.011149866033567,3.417418864353962,7.167802560969544,1.1507755708745064,0.6461196733398783,0.6434807046548264,0.7871124319112298,1.0160319227748018,2401.0060546875,0.445465297001959,0.3277913701933021,2.0822524909935254,1.50704445695222,4.548926329669823,0.7767858293481985,-0.5539965773853984,-0.6415476862306909,0.0962286564301609,0.1842426010410927,-0.0302958948759509,0.0921213005205463,0.9782971943988038,1.0745293473334072,-0.7712233598525846,1.2050219305934138,-4.548926329669823,-0.651496082978417,-0.4858057102784998,-0.6415476862306909,0.768906401192328,0.7184892896062738,0.7184892896062738,0.7792388669533123,0.7792388669533123,1.0,1.0,0.5598747799508831,1.205875553241474,0.5598747799508831,target,target,0.1181560190552191,-0.86446752868468,-0.7192398810701232,-0.7307960324630536,0.0,0.0,-0.7865170878830282,0.1761537738553463,0.0,0.0,0.0,0.86602540378447,-0.4999999999999456,0.0,target,target
2107.2144613,TARGET_1,218.0073538000001,2.655108611244943,2.3690309637969627,2.2799359556133902,2.2823717572976285,5.839094178071082,1.0192398097431203,0.5544463802905086,0.5691748734111187,0.7046486600918015,0.9490205546471542,2427.16259765625,-0.0451786472818333,-0.6564502955560062,-0.4519014502719352,-0.3241503223414737,3.2281823657201003,0.2510130244858127,-1.320826832271673,-1.2354033520097856,-0.7125157984740776,-0.1595523197857251,-0.0121734068270602,0.0,0.6834041976892377,0.8687147004907055,-1.3835800883931262,-0.5541758729139707,-3.2281823657201003,-0.1801686322914404,-0.6744907580950871,-1.2354033520097856,0.5285216055000316,0.5432416143629801,0.5432416143629801,0.369965123850022,0.369965123850022,1.0,1.0,0.2009804511382858,0.4328778887456997,0.2009804511382858,target,target,0.1909182006134068,-0.6415222006030359,-0.5510962054871771,0.7486381718041556,0.0,0.0,1.7407947880192012,-5.466707169218096,1.0,0.0,3.0,-0.8660254037844132,-0.5000000000000441,0.0,target,target
2108.2144613,TARGET_1,219.0073538000001,2.661225082516249,2.5659335488639634,2.3037211989330086,2.172476118566077,8.529401449710921,1.1220843366304163,0.6041685077601154,0.6119579908308148,0.7294109238288321,0.8614877360134426,2430.21708984375,-0.0370219966468617,-0.3822454439173542,-0.4170845696198269,-0.5014472104277011,5.902363650282596,0.6621016508880838,-0.904910370533217,-0.8934786839975386,-0.469665598363759,-0.6086304283627848,-0.0100571104101549,0.0,0.9748191902872224,1.108840992886853,-1.070435783255238,-0.3996650067685906,-5.902363650282596,-0.9463590242404586,-0.6744907580950871,-0.8934786839975386,0.1325349471838548,0.7292810641109264,0.7292810641109264,0.0927744630286983,0.0927744630286983,1.0,1.0,0.0676586591198889,0.1457253048707248,0.0676586591198889,target,target,0.2604599652396643,-0.6326418906002665,-0.5583489225723675,-0.4325121069118534,0.0,0.0,3.777744067509534,4.717537151175557,0.0,0.0,0.0,-3.919612534035436e-14,1.0,0.0,target,target
2109.2144613,TARGET_1,220.0073538000001,4.6424644909748345,4.0210888812587,3.51228242883246,3.446920262609592,9.998610008647198,1.136969685732449,0.5881304807883714,0.6111924617311582,0.7294904460351341,0.9420994756436326,2419.5265625,2.605069654277193,1.6441913948611668,1.352009466406602,1.554639667874944,7.362765617315753,0.7216011488300464,-1.0390655197759986,-0.899596828233875,-0.4688857026353737,-0.1950602026201622,-0.0174640125476013,0.0,1.0364600387119027,1.171399562946984,-1.2194658069835105,1.4981004306338843,-7.362765617315753,-1.323011940559914,-0.6744907580950871,-0.899596828233875,0.017168691196137,0.7727508605806104,0.7727508605806104,0.3116381699640728,0.3116381699640728,1.0,1.0,0.2408186640295038,0.5186826592598557,0.2408186640295038,target,target,0.2827059664984912,-0.6120918900922941,-0.4954733653428849,-0.5570036340030455,0.0,0.0,-0.2701354352604435,-2.7338798193569134,0.0,0.0,0.0,0.8660254037844524,-0.4999999999999762,0.0,target,target
2110.2144613,TARGET_1,221.0073538000001,4.3594367543341415,3.45065519590628,2.9273014137249254,3.1697540208944703,5.354278725339942,1.041119176670395,0.5850126900893352,0.5941828507493214,0.7179234510069697,0.9281771718334076,2396.76396484375,2.227636610715795,0.8498103357779376,0.495713236300391,1.107481685030101,2.746272948224435,0.3384689073500635,-1.06514526619829,-1.035538431809132,-0.5823263430831209,-0.2664871480758311,-0.0332350150260233,0.0,0.7009073584832597,0.8562381232546294,-1.1497624930358057,0.6727617860391644,-2.746272948224435,-0.1010891722447838,-0.6744907580950871,-1.035538431809132,0.108916000756994,0.5450009186082612,0.5450009186082612,0.2107935577377286,0.2107935577377286,1.0,1.0,0.1148826826037656,0.2474378618283788,0.1148826826037656,target,target,-1.4423417025689194,0.9057712574714292,1.0643963940850056,3.654105578884512,0.0,0.0,-0.41197857840661,-0.3090856683537031,1.0,0.0,3.0,-0.8660254037844024,-0.5000000000000628,0.0,target,target
2111.2144613,TARGET_1,222.0073538000001,2.128747930559981,2.1781444499335505,1.6402030076618332,1.7428950193556665,1.811808863358796,1.1652543029343878,0.6976157132607653,0.5872434596576672,0.7573503743594471,0.9555088047766188,2416.90458984375,-0.7471095466345805,-0.9222772180208676,-1.3883436551611843,-1.194499209121803,-0.7749629737460719,0.8346600036449581,-0.1232416638807494,-1.090998368773161,-0.1956558703199759,-0.1262650209006338,-0.0192806390102109,0.0,1.2165094327155643,1.3801591880315387,-0.3319066647919889,-1.155310436591026,0.7749629737460719,1.0571372171463111,-0.6744907580950871,-1.090998368773161,0.3726501413486102,1.1836490458953433,1.1836490458953433,0.3665688206586582,0.3665688206586582,1.0,1.0,0.433888834827602,0.93452314245863,0.433888834827602,target,target,-1.441809904136099,-1.1493922624307642,-0.9619999739302354,-1.240948196950345,0.0,0.0,-0.4909552972059877,0.0140919433182724,0.0,0.0,0.0,-6.075733677298685e-14,1.0,0.0,target,target
2112.2144613,TARGET_1,223.0073538000001,2.1441131205351467,2.427794936924456,1.6703717650616672,1.6700423170055587,1.6156058086041063,1.1484533015426208,0.7281293007384836,0.5570081255513709,0.7532354271368047,0.9659535162834406,2434.983203125,-0.726619221247892,-0.5746160904457029,-1.3441825754657728,-1.3120339681389313,-0.9699899665843909,0.7675032886173032,0.1319988896622785,-1.3326405678471194,-0.236012267742869,-0.0726795045042712,-0.0067549220788335,0.0,1.233927487363795,1.433823572540863,-0.0598769324920472,-0.959399332955738,0.9699899665843909,1.1031741982346033,-0.6744907580950871,-1.3326405678471194,0.6114360103311969,1.2446874956894791,1.2446874956894791,0.5383226270552981,0.5383226270552981,1.0,1.0,0.6700434425424405,1.443160213508047,0.6700434425424405,target,target,-1.437332551812184,-1.327822865440144,-1.11746717323303,-1.4454906394515563,0.0,0.0,0.4827170598099363,0.7864644130419024,0.0,0.0,0.0,0.8660254037844631,-0.4999999999999576,0.0,target,target
2113.2144613,TARGET_1,224.0073538000001,2.4408819410138265,2.3673025252642863,1.6206646584245612,1.8329000257054813,1.8400114851229248,1.0504940207150777,0.5733285292891244,0.5453642944978561,0.6859348637041541,0.827263199428091,2472.99765625,-0.3308616871034818,-0.6588573042362517,-1.4169439248490805,-1.049292286243053,-0.7469294014875176,0.3759418957307425,-1.1628811247730737,-1.425698608202329,-0.8960470477098914,-0.7842158875834118,0.0195832860424004,0.0097916430212002,0.8724884978462576,1.086343289076607,-1.2593145094610594,-1.037900614542666,0.7469294014875176,1.1062612012851762,-0.6544352810097842,-1.425698608202329,0.6082416377559713,0.9635697158389066,0.9635697158389066,0.5363952665576975,0.5363952665576975,1.0,1.0,0.5168542345743352,1.1132165769588744,0.5168542345743352,target,target,-1.3899636672564537,-0.8845606202751808,-0.7693545153719089,-0.929105415363495,0.0,0.0,3.7186092608659753,-7.757874634652961,1.0,0.0,6.0,-0.8660254037844201,-0.5000000000000322,0.0,target,target
2114.2144613,TARGET_1,225.0073538000001,2.6727076047145766,2.4392689989151566,1.7939138325351822,2.1021553576848686,2.433104776740823,1.109715835700096,0.6744259600105158,0.6526565400217372,0.7473797939452665,0.9316216652943232,2452.523046875,-0.0217094221532246,-0.5586374101008902,-1.1633414816438623,-0.6148971363392237,-0.1573911739536041,0.6126624613464503,-0.3172196895862515,-0.5682139824056952,-0.2934400420142122,-0.2488155292181427,0.0053975098812521,0.002698754940626,0.8108626664532871,0.8960947638141414,-0.4710599936580206,-0.8609894458723764,0.1573911739536041,0.6244503557369868,-0.6689631037725812,-0.5682139824056952,0.6028086826807989,0.7147113300471886,0.7147113300471886,0.4844111134502579,0.4844111134502579,1.0,1.0,0.3462141111836733,0.7456866210338018,0.3462141111836733,target,target,0.8329353040794867,19.47474162432073,16.868403998356893,56.07202375695195,1.0,1.0,-0.6145323476449988,-1.6933266150017612,0.0,0.0,0.0,-2.5475129344811302e-14,1.0,0.0,target,target
2115.2144613,TARGET_1,226.0073538000001,2.8169263068872907,2.4962827177883096,2.3123441437849457,2.3972723028299723,2.4494502761583465,1.168525828813905,0.8351546718591814,0.6869833654521829,0.8166231371849214,0.9489983261217024,2433.8189453125,0.1706141442420558,-0.4792405940577636,-0.404462287907368,-0.1387789154555543,-0.1411436511929324,0.8477368986509904,1.0272464572563076,-0.2938723940151302,0.3856481035865717,-0.1596663609456259,-0.0075615748661709,0.0,0.950592236556286,0.9946730956585556,0.81531223259356,-0.4418514409825658,0.1411436511929324,0.394984221294391,-0.6744907580950871,-0.2938723940151302,0.6139696799147205,0.7612620471482929,0.7612620471482929,0.4692771980697434,0.4692771980697434,1.0,1.0,0.3572429204825878,0.7694408103475086,0.3572429204825878,target,target,1.1315369579605472,0.2174884544508245,0.0258919566530213,0.8219278907715474,0.0,0.0,-0.8020888545574506,-0.3397703862006822,0.0,0.0,0.0,0.8660254037844739,-0.4999999999999389,0.0,target,target
2116.2144613,TARGET_1,227.0073538000001,9.68263725201593,7.391533764290614,5.276738346512299,6.067941709406835,6.194534103129064,1.134791689185598,0.8042314432873797,0.6197134945888116,0.7667305263011479,0.9273237770554006,2444.73271484375,9.32641706656287,6.337844039358146,3.9348231158719584,5.783187328984226,3.581491746174988,0.7128952931481489,0.7685793312172019,-0.8314963365751419,-0.1036621899239199,-0.2708654020696914,0.0,0.0,1.003919010949449,1.12864346143572,0.5903555079301647,5.136333577615052,-3.581491746174988,-0.5762283736847229,-0.6744907580950871,-0.8314963365751419,0.6017257983956436,0.7463968653348091,0.7463968653348091,1.4484747743999609,1.4484747743999609,1.0,1.0,1.0811370311286757,2.328586252191087,1.0811370311286757,target,target,1.027160594383094,-0.4027266664152902,-0.5313862606762295,0.7468847138950595,0.0,0.0,0.0768399038381779,0.615627811227235,1.0,0.0,8.0,-0.8660254037844093,-0.500000000000051,0.0,target,target
2117.2144613,TARGET_1,228.0073538000001,13.790743234837068,10.23109358663376,6.860294192876827,8.415679704806566,8.572622888856218,1.154354043903291,0.7540094222338477,0.6492400178515705,0.7671375029988464,1.005648820102483,2424.452050781249,14.80480219860875,10.29219070037194,6.252834925460906,9.570841192509786,5.945326015538279,0.7910896489732608,0.3484813514855944,-0.5955189867916764,-0.0996708596672875,0.1309731624233513,-0.0140514016907868,0.0654865812116756,0.9831496490474286,1.07247749706618,0.1343372939393603,8.272512812916423,-5.945326015538279,-1.2501038944841212,-0.5403595784716085,-0.5955189867916764,0.5877236625644142,0.7194695011397629,0.7194695011397629,2.065909126378375,2.065909126378375,1.0,1.0,1.486358608555533,3.201364972296791,1.486358608555533,target,target,-0.980352003113223,1.174615483660998,1.347365054522094,0.6057185515658184,0.0,0.0,0.6989617664362634,0.0212853532612703,0.0,0.0,0.0,-4.7036340777443775e-14,1.0,0.0,target,target
2118.2144613,TARGET_1,229.0073538000001,6.406426237439901,4.939128694534568,3.904090506294868,4.526651885548697,4.095852602888367,1.0684705936935743,0.7657882325010528,0.6609897758312802,0.7727907316495056,0.9942426191455276,2396.06513671875,4.957409600165256,2.92264576716932,1.925538813499256,3.2965928420406625,1.4953899653994631,0.4477975881707376,0.4470089354635547,-0.5016143735063685,-0.0442281213271375,0.0724548234534389,-0.033719196148837,0.0362274117267194,0.6143057659662867,0.689547921992242,0.3260026854891904,2.424092290334288,-1.4953899653994631,-0.1449381497227518,-0.6002889081939052,-0.5016143735063685,0.5364900308963423,0.456348790785485,0.456348790785485,0.8603614796942972,0.8603614796942972,1.0,1.0,0.3926249208969031,0.8456476531135743,0.3926249208969031,target,target,-0.9427850320081476,1.6763198295305313,1.82396996717542,1.900359365291841,0.0,0.0,0.3680668862190285,-0.5671102488102072,0.0,0.0,0.0,0.8660254037844562,-0.4999999999999694,0.0,target,target
2119.2144613,TARGET_1,230.0073538000001,1.7001465660729849,1.900511783490621,2.0364373033030843,1.8840620585595245,1.4485216563790722,1.0240597165188698,0.8864285991740878,0.7104887825254138,0.8383028373322184,0.9465582540071268,2355.440625,-1.318673024451109,-1.3089060887699355,-0.80833520217913,-0.966751529231348,-1.1360725986827045,0.2702790847789504,1.4561434396166502,-0.106016005467954,0.5982667710482783,-0.1721848995590179,-0.0618657761076129,0.0,0.3073846866927343,0.3232870875129274,1.3885736684219123,-1.0586206454745328,1.1360725986827045,0.2313765900186396,-0.6744907580950871,-0.106016005467954,0.4568540860978244,0.4258524992771831,0.4258524992771831,0.3429355192703411,0.3429355192703411,1.0,1.0,0.1460399479721933,0.3145453400701032,0.1460399479721933,target,target,-1.1310182054099915,0.7571467245001348,0.6385328156892013,1.4145833711694409,0.0,0.0,1.2616967891551647,2.144147596522102,1.0,0.0,1.0,-0.8660254037843985,-0.5000000000000696,0.0,target,target
2120.2144613,TARGET_1,231.0073538000001,2.33691939751268,2.6166159081583173,3.064900763806888,2.394152021873723,1.971759576226193,1.0947889481897266,0.8719393077918105,0.7507020122498711,0.8643163315915053,0.8387766847732251,2418.1271484375,-0.4695014532117637,-0.311665624935921,0.6971314049200849,-0.143812928723807,-0.6159710224134263,0.5529969266911787,1.3349431790586537,0.2153700003331386,0.8533881264108393,-0.7251471371121319,-0.018433592688731,0.0,0.4776174265745802,0.4453119265246094,1.1966939473858589,0.1927328899920819,0.6159710224134263,0.1546478554883396,-0.6744907580950871,0.2153700003331386,0.3581579601301243,0.4127737052300046,0.4127737052300046,0.3047219356383374,0.3047219356383374,1.0,0.9892892727184548,0.1244339942818341,0.2680097712381631,0.1244339942818341,target,target,-0.918198798599406,1.957924210588924,2.283733766751434,2.612410896768066,0.0,0.0,0.949564851132769,2.492556017320456,0.0,0.0,0.0,-6.859755221007625e-14,1.0,0.0,target,target
2121.2144613,TARGET_1,232.0073538000001,3.0190483391462983,2.7093000645082514,3.026061527330143,2.6671368953447208,2.3248249391293943,1.0439404987427772,0.6209544430767728,0.5921483127774674,0.7382611750215818,0.8635892215770896,2382.26455078125,0.4401549839908475,-0.182594463515976,0.6402784628307994,0.2965991669668003,-0.2650219707359551,0.3497462543365974,-0.7644991053848728,-1.0517985540849395,-0.3828687975538347,-0.5978489731685485,-0.0432808937332174,0.0,0.7178757482663263,0.8756455313790672,-0.8519356689690221,0.2288419996574116,0.2650219707359551,0.7534539003344333,-0.6744907580950871,-1.0517985540849395,0.3039871055511394,0.7105038285364459,0.7105038285364459,0.3339047638507232,0.3339047638507232,1.0,1.0,0.2372406130824967,0.5109761428748403,0.2372406130824967,target,target,-1.1214831963549703,4.36423297300899,5.030602654356492,2.320754776754736,0.0,0.0,0.8831596397917721,0.492437375611318,0.0,0.0,0.0,0.866025403784467,-0.4999999999999507,0.0,target,target
2122.2144613,TARGET_1,233.0073538000001,2.5847352578249496,2.281333246803517,2.1123567294017804,2.3224867082859726,2.117272698641345,1.0594616524335652,0.6105877421037107,0.5541850264562351,0.7231156439695304,0.8770271961055447,2362.51962890625,-0.1390253821714592,-0.7785773842839357,-0.6972042138543376,-0.2594320490955402,-0.4713301210848345,0.4117871810056152,-0.8512146545385604,-1.355202907365314,-0.5314051061009138,-0.5289068291985477,-0.0569611079394095,0.0,0.8861081985834751,1.0893886346882722,-0.9541614497899642,-0.7378907990691367,0.4713301210848345,0.9616258253379114,-0.6744907580950871,-1.355202907365314,0.3330810247353457,0.9063672836085234,0.9063672836085234,0.3293192998485331,0.3293192998485331,1.0,1.0,0.2984842392435758,0.6428845520837427,0.2984842392435758,target,target,-1.023876984135418,3.941578742416385,4.3165039192352666,4.855536995909245,0.0,0.0,1.5103991489994946,-0.8842207185394629,1.0,0.0,8.0,-0.8660254037844162,-0.5000000000000391,0.0,target,target
2123.2144613,TARGET_1,234.0073538000001,1.9019910563124616,2.2265698507852245,2.332180631170889,2.025354342323987,1.8074217504013728,1.2244844228901566,0.766530281620279,0.6807029130348131,0.8191993562663261,0.9685376358408434,2294.63642578125,-1.0495023022405878,-0.8548404200145987,-0.3754256030775018,-0.7388017897223199,-0.7793237898832005,1.0714137657672904,0.4532160400226542,-0.3440660623892643,0.4109137790551497,-0.059421945324879,-0.1039937964266843,0.0,1.191836887603533,1.2434467969619225,0.1853625985808316,-0.6151330115460503,0.7793237898832005,0.8399521446290842,-0.6744907580950871,-0.3440660623892643,0.3585455009526049,1.0952406797747525,1.0952406797747525,0.3349770651297318,0.3349770651297318,1.0,1.0,0.366880508521639,0.7901985444421284,0.366880508521639,target,target,-1.0169700807417026,1.813025268767727,2.0845177028723043,1.6423361638104197,0.0,0.0,0.8026403104986168,-0.9618494860531686,0.0,0.0,0.0,-3.331534478190071e-14,1.0,0.0,target,target
2124.2144613,TARGET_1,235.0073538000001,2.070978992885512,2.274160734211821,2.360778712553649,2.210891653686439,1.691332448014836,1.4022066198685332,0.804505291514273,0.7466937640967513,0.8330225393916585,0.994338879576318,2280.176953125,-0.8241476003199837,-0.7885657638189892,-0.3335636816751012,-0.4394706396590934,-0.8947172406806503,1.7818023109652106,0.7708700213259952,0.1833358943183381,0.5464814647804411,0.0729486776770883,-0.1140120018416439,0.0364743388385441,1.7085161632441563,1.6810157790964055,0.3163008588750565,-0.5610647227470452,0.8947172406806503,1.0269095288147818,-0.5997831461862199,0.1833358943183381,0.4276281934302119,1.452579887925311,1.452579887925311,0.4020306882826265,0.4020306882826265,1.0,0.9908750922592858,0.5786529130651781,1.2463204749792045,0.5786529130651781,target,target,-0.6728510929203749,2.2448751952271904,2.203278178322537,4.323478754033595,0.0,0.0,1.0487744204162934,-1.5375291026700637,0.0,0.0,0.0,0.8660254037844779,-0.4999999999999321,0.0,target,target
2125.2144613,TARGET_1,236.0073538000001,2.2578141430435803,2.12694444048677,2.257280718617614,2.389919412192672,1.5565001580386086,1.3695727160886066,0.6911970428338303,0.6646489568223524,0.7669273333210358,0.9392017340066208,2269.91708984375,-0.5749926581033703,-0.9935779121660197,-0.4850642256965013,-0.1506414847392745,-1.028741331612595,1.651358551972227,-0.1769326628161411,-0.4723700285163727,-0.1017320503910219,-0.2099267675703859,-0.1211205195811574,0.0,1.8166880619529573,1.8875435662304128,-0.5897723008091978,-0.7393210689312605,1.028741331612595,1.3998717695430982,-0.6744907580950871,-0.4723700285163727,0.4170655550024266,1.6607730350375334,1.6607730350375334,0.4319330654560084,0.4319330654560084,1.0,1.0,0.7173427880504406,1.545035001362258,0.7173427880504406,target,target,-0.3512322189065733,1.5208899233292452,1.5785582175919652,2.662013058941336,0.0,0.0,3.898797694019476,-6.629823405693931,1.0,0.0,1.0,-0.8660254037844053,-0.5000000000000577,0.0,target,target
2126.2144613,TARGET_1,237.0073538000001,2.260372882289301,1.7848203087935066,2.112019290884169,2.146583122268245,2.168568264126643,1.1461437105390315,0.6618335996210734,0.5571674785461699,0.7185958169960813,0.9223158346330244,2267.28623046875,-0.571580438676911,-1.4700170444457312,-0.6976981569449016,-0.5432209124582962,-0.4203420266586462,0.7582714255133285,-0.4225524708779166,-1.331367011287206,-0.5757322684566184,-0.2965581347613512,-0.1229433031821368,0.0,1.2242498794638506,1.4239549311569315,-0.6121203272562488,-1.0838576006953164,0.4203420266586462,1.0437145772327598,-0.6744907580950871,-1.331367011287206,0.4358039042170861,1.1464801743009847,1.1464801743009847,0.4094341906752362,0.4094341906752362,1.0,1.0,0.4694081822901274,1.011025807529392,0.4694081822901274,target,target,-0.1866583082575149,0.7946840274762554,1.0020558099087205,1.1183474671418252,0.0,0.0,-0.821291707123111,-3.409354268270034,0.0,0.0,0.0,-5.48765562145332e-14,1.0,0.0,target,target
2127.2144613,TARGET_1,238.0073538000001,2.0266547272256923,2.8577688854196626,2.640423536707745,2.435419356876304,2.5260822492833115,1.11338206160605,0.7084246778043545,0.5462274050131144,0.6991604224614046,0.9199301582701852,2234.428125,-0.8832564448812066,0.0241619434510844,0.0757808996150246,-0.0772354907106204,-0.0649710182412449,0.6273170454781916,-0.0328266612086689,-1.4188005887454365,-0.7663404253720496,-0.3087976015741827,-0.1457089501706569,0.0,1.1238972515390944,1.3367173398509098,-0.1896559225782168,0.0499714215330545,0.0649710182412449,0.8144561967100616,-0.6744907580950871,-1.4188005887454365,0.5593140233939077,0.9931291892291976,0.9931291892291976,0.4829597203533524,0.4829597203533524,1.0,1.0,0.4796413955048849,1.0330664174812567,0.4796413955048849,target,target,0.0353959160042294,0.3054785057734872,0.4010532455719154,2.126203265566301,0.0,0.0,0.4130457208615589,5.707725053069766,0.0,0.0,0.0,0.8660254037844602,-0.4999999999999626,0.0,target,target
2128.2144613,TARGET_1,239.0073538000001,2.364229977017701,3.736200254267309,2.919489103932005,2.702406680492232,4.654861254564126,1.1578334491999045,0.6494247839975557,0.5582251320069272,0.6991900209169492,1.0452961589787362,2220.03935546875,-0.4330812943031274,1.2474579356679725,0.4842775636010477,0.3535006347802659,2.051047859937525,0.8049974765200671,-0.5263499339219726,-1.322914195544635,-0.7660501453343166,0.3343797501532293,-0.1556781691221009,0.1671898750766146,1.2262199761915358,1.424657105523231,-0.7693967718211431,0.86586774963451,-2.051047859937525,0.3001377113508034,-0.3320484630447218,-1.322914195544635,0.6202330318165513,0.9728276353027888,0.9728276353027888,0.6373504433335682,0.6373504433335682,1.0,1.0,0.6200321246473793,1.3354442959588897,0.6200321246473793,target,target,0.1751461007075616,-0.306293616235625,-0.2409324222842732,0.1785255190020411,0.0,0.0,1.6629574709270538,-4.252305112422198,1.0,0.0,3.0,-0.8660254037844229,-0.5000000000000272,0.0,target,target
2129.2144613,TARGET_1,240.0073538000001,3.084151356641853,3.5071380243589405,3.528058900231536,3.1438702714191487,5.851362259467731,1.106719170960819,0.687387007432337,0.6128402847312143,0.748329149838868,0.9902386025562996,2176.7135742187497,0.5269734362387722,0.9284678383735644,1.375103092754328,1.0657229010879272,3.2403769109359004,0.6006842372372814,-0.2088029090009203,-0.8864273500326965,-0.28412945267612,0.0519126288266892,-0.1856963161627879,0.0259563144133446,0.904444731145389,1.0374088336502931,-0.3654630469135768,1.151785465563946,-3.2403769109359004,-0.3301056005785335,-0.621326415011025,-0.8864273500326965,0.6823283117313526,0.6796487476784887,0.6796487476784887,0.7079869113247359,0.7079869113247359,1.0,1.0,0.481182417654618,1.0363855184729638,0.481182417654618,target,target,0.166537961266296,0.0617913325798861,0.1525789171580151,-0.1685191352516832,0.0,0.0,1.045911364900659,3.426328689275113,0.0,0.0,0.0,-7.643776764716566e-14,1.0,0.0,target,target
2130.2144613,TARGET_1,241.0073538000001,2.362540942269235,2.690449967231591,3.3023196880782484,2.84596909380172,3.2501298797580613,1.0605459035900788,0.7348887043300841,0.6189043784565841,0.7489936279242049,0.8528525957402008,2157.85908203125,-0.4353337149787861,-0.2088449473547843,1.0446656403209826,0.5851128208479671,0.6547365939554812,0.4161211337408418,0.1885400589233721,-0.8379628304068395,-0.2776127368497046,-0.6529321259629987,-0.1987595986364731,0.0,0.7094081243832356,0.8351025489442616,0.0845097754881616,0.4179103464830991,-0.6547365939554812,0.2566010180882815,-0.6744907580950871,-0.8379628304068395,0.7825612414171248,0.5790688883778662,0.5790688883778662,0.6570350400974353,0.6570350400974353,1.0,1.0,0.3804685502945286,0.8194648875193947,0.3804685502945286,target,target,0.1742317603263493,0.3587120867969595,0.4416975498857909,0.6922258013695125,0.0,0.0,1.600463073874134,4.7952256549192604,0.0,0.0,0.0,0.866025403784471,-0.499999999999944,0.0,target,target
2131.2144613,TARGET_1,242.0073538000001,1.4721408030619936,2.02166226130148,2.182237668912916,1.940982987638084,3.442136796314448,1.1201601916124968,0.7467052171900725,0.6715635727466622,0.7402715686234341,0.8173122881357264,2142.0841796875,-1.6227312418689568,-1.1401929721657302,-0.5949123727273815,-0.8749198268172281,0.8455926006928332,0.6544104867945175,0.2873830181635514,-0.4171080958442247,-0.3631523251951214,-0.8352680128496276,-0.2096891958519224,0.0,0.8003983203399961,0.8629645347166299,0.123780396464922,-0.8675526724465559,-0.8455926006928332,0.1791176638477446,-0.6744907580950871,-0.4171080958442247,0.9010873505255746,0.6090446488469808,0.6090446488469808,0.6486729117526766,0.6486729117526766,1.0,1.0,0.3950707657549575,0.8509155891359967,0.3950707657549575,target,target,0.0947614940101783,0.272666973225409,0.3231987679662362,0.7857156862262186,0.0,0.0,3.107448829955866,-4.32986140998449,1.0,0.0,7.0,-0.8660254037844122,-0.5000000000000459,0.0,target,target
2132.2144613,TARGET_1,243.0073538000001,2.3632657055059094,2.703928267346474,2.5004425656065177,2.314286681870805,4.216100270829462,1.2391702709667722,0.6795760536191543,0.6907266452518553,0.7531376698664656,0.8870985055241682,2130.4595703125,-0.434367203365733,-0.1900751821834169,-0.129123490006155,-0.2726613199056896,1.6149168560673677,1.130115821152156,-0.2741401026832959,-0.2639559274279917,-0.2369709996631898,-0.4772370137486894,-0.2177432741268363,0.0,1.2225003957519531,1.2620937848661518,-0.5566690579713349,-0.159599336094786,-1.6149168560673677,0.2744028926713822,-0.6744907580950871,-0.2639559274279917,0.734792362448006,0.910768397117044,0.910768397117044,0.5417949429807425,0.5417949429807425,1.0,1.0,0.4934497117846911,1.062807194579138,0.4934497117846911,target,target,0.0043270663529425,0.1045597442924967,0.1786496920110654,1.1333347141645564,0.0,0.0,0.571724185002169,-3.6862115088040968,0.0,0.0,0.0,-4.1155560218990125e-14,1.0,0.0,target,target
2133.2144613,TARGET_1,244.0073538000001,3.03249623388261,2.777152298537279,2.551960572047632,2.55515548477525,4.889034919825209,1.2427646750406738,0.6651149681741259,0.660960470811376,0.7884141855379047,1.013831905188233,2161.97666015625,0.4580884907915006,-0.0881040242007703,-0.0537113423315772,0.11593726039222,2.2838178634163047,1.1444833201158509,-0.3951044257579715,-0.5018485805909886,0.1089953053960857,0.1729556374537907,-0.1959067460844429,0.0864778187268953,1.298510868640973,1.3737881557296212,-0.7028447104686582,-0.0709076832661737,-2.2838178634163047,0.1563876334752086,-0.4973648244689207,-0.5018485805909886,0.5161720337425693,0.9587628035509892,0.9587628035509892,0.3769591869673193,0.3769591869673193,1.0,1.0,0.3614144469210885,0.7784255725336706,0.3614144469210885,target,target,-0.1075657519755697,0.0787111316936701,0.1401052701757436,1.2650225039134149,0.0,0.0,0.0719553975272876,1.000976785833663,0.0,0.0,0.0,0.8660254037844534,-0.4999999999999745,0.0,target,target
2134.2144613,TARGET_1,245.0073538000001,3.8418592042012,3.704632142482728,3.949712284416684,3.5500125446943263,6.136993767588319,1.1856062491414658,0.6756376079740135,0.7080795960658202,0.8247810096118421,1.0285375078545336,2082.618359375,1.5374184987230166,1.203496453875044,1.992320051877174,1.7209605611360457,3.5242963135072856,0.9160105029286888,-0.3070844769657011,-0.1252703359155273,0.4656545590702619,0.2484012169969663,-0.2508899240681202,0.1242006084984831,0.9288049683745028,0.9475955187618318,-0.5671372548224941,1.597908252876109,-3.5242963135072856,-0.487074409411747,-0.4201001055428173,-0.1252703359155273,0.5308852502622147,0.656740170497717,0.656740170497717,0.6912013257587721,0.6912013257587721,1.0,1.0,0.4539396765270641,0.977709263164794,0.4539396765270641,target,target,-0.1428234365336851,0.129709302988244,0.1903827325257334,1.0057766084060251,0.0,0.0,5.666158653921635,11.393202196385923,1.0,0.0,5.0,-0.8660254037844298,-0.5000000000000153,0.0,target,target
2135.2144613,TARGET_1,246.0073538000001,4.010651334565295,4.07963592716405,4.108861707839702,3.600964591034688,3.833386103623021,1.0426406380704418,0.5989720372142193,0.6471513337716722,0.7419701187650314,0.8640380536367562,2057.6436523437496,1.7625120823014018,1.72572350898194,2.2252832554362767,1.8031625425980973,1.23449671816373,0.3445504704239517,-0.9483778919963388,-0.6122118472860566,-0.3464941857711623,-0.5955462865240423,-0.268193580374656,0.0,0.5588246169740715,0.6506563940669801,-1.0345155096023269,1.9755033822091084,-1.23449671816373,0.2001455239602149,-0.6744907580950871,-0.6122118472860566,0.5082764279629229,0.4533401824584002,0.4533401824584002,0.7709087284118892,0.7709087284118892,1.0,1.0,0.3494839035970191,0.7527292006902279,0.3494839035970191,target,target,-0.2354350213826138,0.1256044415264438,0.188575218449621,-0.082631853883807,0.0,0.0,0.90034179145421,-5.637017794029211,0.0,0.0,0.0,-6.27167716516226e-14,1.0,0.0,target,target
2136.2144613,TARGET_1,247.0073538000001,2.530639770778148,2.7365582442653684,2.315172940118236,2.088929456972296,1.974813276641975,1.069032287499037,0.521746381344754,0.6132998177969582,0.6857005558359927,0.7757727109941064,2014.14677734375,-0.2111646875319466,-0.1446349561093229,-0.4003214909013509,-0.6362347532414251,-0.6129356262017632,0.4500427823675991,-1.5943563160750949,-0.8827547403580965,-0.8983449681776935,-1.0483825340660755,-0.2983302692441814,0.0,0.7590069414929328,0.8914201525466474,-1.7068670116669946,-0.2724782235053369,0.6129356262017632,1.0261363377396326,-0.6744907580950871,-0.8827547403580965,0.4648592193920592,0.8235102775050623,0.8235102775050623,0.4280150873484047,0.4280150873484047,1.0,1.0,0.3524748233586383,0.7591711358360828,0.3524748233586383,target,target,-0.2981265853995204,0.0905326449316423,0.1665478257280079,0.3892741019409173,0.0,0.0,-0.5765485132324369,-0.07667401331363,0.0,0.0,0.0,0.8660254037844926,-0.4999999999999066,0.0,target,target
2137.2144613,TARGET_1,248.0073538000001,2.049424006147651,2.696327446497849,2.8463153918745143,2.15514218314089,3.176908672353544,1.1539545267515618,0.6204266672426076,0.6764237808666876,0.7423539953715507,0.9838335650995814,1956.399902343749,-0.8528923599147805,-0.2006600201245746,0.3771657562782261,-0.5294124039935757,0.5819542822328214,0.789492704905361,-0.7689138532789814,-0.3782650860745566,-0.3427294043399934,0.0190522439867523,-0.3383400309813728,0.0095261219933761,0.9195039545331118,0.9762437174442954,-0.9686685600036656,0.0882528680768257,-0.5819542822328214,0.529005629534019,-0.6549791275202894,-0.3782650860745566,0.4553769982706217,0.7428625296221955,0.7428625296221955,0.3893150353582022,0.3893150353582022,1.0,1.0,0.2892075519861485,0.6229041372135112,0.2892075519861485,target,target,-0.3726924111793017,-0.088879435018832,-0.0310986423603273,-0.0241723387156063,0.0,0.0,-0.6665671178183007,0.149941492740995,1.0,0.0,7.0,-0.8660254037844191,-0.500000000000034,0.0,target,target
2138.2144613,TARGET_1,249.0073538000001,2.1201781114290315,2.5425471181955825,2.813000365994465,2.2911438258880072,3.1169020387537016,1.0859391102457807,0.7342530016757746,0.6730359770717741,0.7833859654008877,1.0323890996883254,1908.85556640625,-0.7585378714897919,-0.41481318674104,0.3283991632944643,-0.3099981641566324,0.5223073347581242,0.5176224849550011,0.1832225230061933,-0.4053405718673044,0.0596821941457919,0.268161412118387,-0.3712809919045801,0.1340807060591935,0.6259715085937592,0.686772594373855,0.0202967252526446,-0.0432070117232878,-0.5223073347581242,0.1811523962388291,-0.3998634537571708,-0.4053405718673044,0.4887461520043135,0.4866332954744893,0.4866332954744893,0.3602375460269023,0.3602375460269023,1.0,1.0,0.1753035841767145,0.3775742614676343,0.1753035841767145,target,target,-0.3903210613828608,-0.0005449604311396,0.1301983031314525,-0.3429643274719207,0.0,0.0,3.631818550706096,-2.3296668733730863,0.0,0.0,0.0,-8.42779830842551e-14,1.0,0.0,target,target
2139.2144613,TARGET_1,250.0073538000001,2.5423533432233945,2.7933771247806622,2.635320659785635,2.472006350869795,3.913263129447944,1.1755709458155124,0.731794767434963,0.7250335109087553,0.8288010031799381,0.9950916331467488,1875.2216796875,-0.1955439948342589,-0.065509470292725,0.0683112994771543,-0.0182089428480515,1.3138949526253736,0.8758975364475727,0.162659845188603,0.0102261415223174,0.5050797203891915,0.0768106023232976,-0.394584136774547,0.0384053011616488,0.8627170616243494,0.8611831403960017,-0.0659158642137023,0.0014009145922146,-1.3138949526253736,0.0412860631756546,-0.5958281030397569,0.0102261415223174,0.5099305757658877,0.6083308432007929,0.6083308432007929,0.3613601922721297,0.3613601922721297,1.0,0.9994888236190712,0.2197141803236069,0.4732271719329276,0.2197141803236069,target,target,-0.3707845343047356,-0.1061879078900576,0.0455149967266625,0.336479028002329,0.0,0.0,-0.8570919341034828,-0.6417265284827286,0.0,0.0,0.0,0.8660254037844465,-0.4999999999999864,0.0,target,target
2140.2144613,TARGET_1,251.0073538000001,2.856617616961526,3.3899650827400203,3.2518936419397617,2.8348400734404224,6.381665399666123,1.154590671313291,0.6861604284127217,0.6927159280497877,0.8037000844705496,1.048734743534621,1840.5392578125,0.2235446878773463,0.7652938045651831,0.970851906041742,0.5671581440265674,3.76750135787644,0.7920354925673733,-0.2190630171628822,-0.2480574866109524,0.2589082396124987,0.3520210539823779,-0.4186137563113183,0.1760105269911889,0.8348529811334093,0.8720616041250522,-0.4610745220525228,0.8680728553034627,-3.76750135787644,-0.6217032133749547,-0.3139817931337416,-0.2480574866109524,0.4886261792786312,0.5974201048404615,0.5974201048404615,0.5156528965557343,0.5156528965557343,1.0,1.0,0.3080614075216144,0.6635121522352975,0.3080614075216144,target,target,-0.3440070230571406,0.2889494697433934,0.3918379549708811,0.2144111065335705,0.0,0.0,2.669210501574122,7.952339377749626,1.0,0.0,1.0,-0.8660254037844083,-0.5000000000000526,0.0,target,target
2141.2144613,TARGET_1,252.0073538000001,10.509853156731022,8.090445427292721,5.42452758187738,6.492291044335902,12.02791383161908,1.03154633380029,0.5600505443637019,0.6111467000900997,0.7126608177448154,1.0490213933060373,1807.1736328125,10.429554943806956,7.311142428492064,4.151157256339978,6.467798815052084,9.379905577977103,0.3002044809839549,-1.2739490293508486,-0.8999625574016001,-0.6339384070847729,0.3534916811046499,-0.4417310367955432,0.1767458405523249,0.5710049159364337,0.7059992995466737,-1.3931866097349186,5.731149842416022,-9.379905577977103,-2.161436209945676,-0.3124757063366692,-0.8999625574016001,0.4929600043177021,0.4469514754190875,0.4469514754190875,1.491301971505596,1.491301971505596,1.0,1.0,0.6665396164598202,1.4356135649231396,0.6665396164598202,target,target,-0.3034882056588009,0.0151914175171706,0.0882990731264867,-0.035032438488703,0.0,0.0,-0.9856035075428872,-1.9205994683004928,0.0,0.0,0.0,-1.0583919451688757e-13,1.0,0.0,target,target
2142.2144613,TARGET_1,253.0073538000001,10.593790406034769,7.812219810478314,5.022728238272579,6.271873680414814,10.589821103009935,1.0470052115737194,0.5376057759216716,0.6620994466309793,0.7087447475794663,0.9800432472107968,1757.2980468749995,10.541489879403407,6.923687820139883,3.5630026764435803,6.11219496075501,7.950432929684449,0.3619964792743824,-1.4616953939981463,-0.4927458327670875,-0.6723443635595392,-0.0003935914721052,-0.4762871977975402,0.0,0.534457520742863,0.6083693956579261,-1.552194513816742,5.243345248291732,-7.950432929684449,-1.7397096637650795,-0.6744907580950871,-0.4927458327670875,0.5128769564196678,0.3999894207402762,0.3999894207402762,1.407682919152114,1.407682919152114,1.0,1.0,0.5630582754176351,1.2127322638751412,0.5630582754176351,target,target,-0.3479717225382805,0.145289963116863,0.2022285663927973,0.528656343833805,0.0,0.0,-0.2279170969949392,-5.999801278655132,0.0,0.0,0.0,0.8660254037844572,-0.4999999999999677,0.0,target,target
2143.2144613,TARGET_1,254.0073538000001,2.716022383792627,2.3481909673946992,1.9570972227615704,2.119821668394494,2.8841477081811298,1.0238279877630565,0.6081515502054964,0.6385374436674607,0.7307748068771208,0.9487632744704968,1728.13359375,0.036053216564311,-0.6854718958548962,-0.9244733504428524,-0.5863957149094604,0.290948158325221,0.2693528220131184,-0.8715929522097643,-0.681054458386214,-0.4562896294006038,-0.1608722692276732,-0.4964937080325394,0.0,0.5077218824482933,0.6098800512062255,-0.938931157713044,-0.8049726231488743,-0.290948158325221,0.4480077132972936,-0.6744907580950871,-0.681054458386214,0.6516017861689162,0.4583618337736755,0.4583618337736755,0.5009220216479706,0.5009220216479706,1.0,1.0,0.2296035364201806,0.494527171827911,0.2296035364201806,target,target,-0.4429883852740953,0.2110155203975033,0.2269471639893622,0.625794869913561,0.0,0.0,-0.3158078383143033,0.3640906815618587,1.0,0.0,10.0,-0.8660254037843975,-0.5000000000000713,0.0,target,target
2144.2144613,TARGET_1,255.0073538000001,2.158384410344097,2.2900676959254893,2.115887223169664,2.1043211178267294,1.5534206992430286,1.016618915591326,0.6239775395241249,0.5455655848357507,0.7153778525970368,0.9988204486634228,1702.92861328125,-0.7075876718595825,-0.7664138653295205,-0.6920362709198197,-0.611403071079445,-1.0318023318055962,0.2405368250280853,-0.739211458981461,-1.4240898864422125,-0.6072917133666239,0.0959409061978698,-0.5139569086498066,0.0479704530989349,0.7269756720081259,0.9405891549744576,-0.8113382785132162,-0.7292250681246701,1.0318023318055962,1.0215144600144024,-0.5762365304017087,-1.4240898864422125,0.8640220303953879,0.891645208216904,0.891645208216904,0.7069668672782118,0.7069668672782118,1.0,1.0,0.6303636195767335,1.357696588096141,0.6303636195767335,target,target,-0.6381412987183209,0.4395066083202211,0.5474474486211801,0.8482238686454712,0.0,0.0,-0.122827529884294,0.1566385327801629,0.0,0.0,0.0,-1.3713568227904002e-14,1.0,0.0,target,target
2145.2144613,TARGET_1,256.00735380000015,1.7386893853846643,2.370967530431838,2.588917236671175,2.1361241232767343,1.6393837880507136,1.0883184562882626,0.658690399150449,0.5392716256689797,0.7042164650053964,0.924034086584331,1696.72900390625,-1.267274056375015,-0.6537534494652165,0.0003858877958346,-0.5600946300606993,-0.9463545148681004,0.5271331718718796,-0.4488447653714664,-1.4743915013869444,-0.7167544522714371,-0.2877428201354107,-0.5182522907628196,0.0,1.04317019735731,1.2643289225653518,-0.5806280583394363,-0.3266837808346909,0.9463545148681004,1.1243458962476771,-0.6744907580950871,-1.4743915013869444,1.00110344102746,1.118229753640298,1.118229753640298,0.8132069983439897,0.8132069983439897,1.0,1.0,0.9093522614167658,1.9585909217477664,0.9093522614167658,target,target,-0.8418994728544005,0.2896861423495029,0.4540635801941032,0.3257123665088277,0.0,0.0,0.5405079380347303,-14.126912221259738,0.0,0.0,0.0,0.866025403784468,-0.4999999999999491,0.0,target,target
2146.2144613,TARGET_1,257.00735380000015,1.853265632319885,1.979853590021172,2.045909494382234,2.0287469803284,1.7860645887679485,1.174341897509941,0.686932947858021,0.5984106775840032,0.7573777823996058,0.8978831087386722,1708.9718750000002,-1.114480333350255,-1.19841536930554,-0.794469792358214,-0.7333283772418224,-0.8005529344249938,0.8709848026832063,-0.2126010339239429,-1.001749442739431,-0.1953870722767971,-0.4219077179609005,-0.5097698515755893,0.0,1.2215971076420071,1.3718595240529217,-0.4303472345947445,-0.996442580831877,0.8005529344249938,1.0747744294441224,-0.6744907580950871,-1.001749442739431,1.0938930558123523,1.1890089256735925,1.1890089256735925,0.8732025820130589,0.8732025820130589,1.0,1.0,1.038245663934754,2.236205503858771,1.038245663934754,target,target,-0.9946930499958282,0.155658882622374,0.3477716840784708,0.0941868096237368,0.0,0.0,-0.4328438181043651,-0.3363402976839573,1.0,0.0,5.0,-0.8660254037843867,-0.5000000000000899,0.0,target,target
2147.2144613,TARGET_1,258.00735380000015,1.9198903768894249,1.7892842939793836,1.7060174433990951,1.8011256619074605,1.8889763823872423,1.076330997621494,0.6724135934492615,0.6264384641852125,0.7731510514841307,0.91430312040029,1646.3037109374998,-1.0256325744067365,-1.463800536951967,-1.292004369350302,-1.1005545190971713,-0.6982580050098395,0.4792170788475391,-0.3340527661755278,-0.7777500661927214,-0.0406943675123944,-0.3376665396815949,-0.5531893147525638,0.0,0.7514296020149915,0.8680921119438998,-0.4538570358874126,-1.3779024531511346,0.6982580050098395,0.7829042437894294,-0.6744907580950871,-0.7777500661927214,1.043794389981344,0.7890069372055022,0.7890069372055022,0.8089464973658838,0.8089464973658838,1.0,1.0,0.6382643982497748,1.3747135286595789,0.6382643982497748,target,target,-1.1422896846895558,-0.0424981331910136,0.1476028162715646,0.1514828962855179,0.0,0.0,-0.5047092465147746,-0.026091711812035,0.0,0.0,0.0,-3.527477966053648e-14,1.0,0.0,target,target
2148.2144613,TARGET_1,259.00735380000015,1.9571916508055007,2.066976334344948,1.9227296219783248,1.706377314835236,1.8400489906548203,1.0079480407809616,0.5873429859523578,0.616199627182391,0.7403979783914691,0.8720159789629656,1609.5519531249995,-0.9758892753577978,-1.0770889825873344,-0.9747807044055764,-1.253413970856254,-0.7468921207677574,0.2058777320905978,-1.0456527694071067,-0.8595793286253266,-0.3619125905008618,-0.554616362504855,-0.578652667938361,0.0,0.5067304971094622,0.6356673964032612,-1.0971222024297562,-1.0259348434964553,0.7468921207677574,0.8150494829569919,-0.6744907580950871,-0.8595793286253266,0.9281774517668724,0.6341305032881654,0.6341305032881654,0.7312291645325099,0.7312291645325099,1.0,1.0,0.4636947181239852,0.9987199723516108,0.4636947181239852,target,target,-1.2617031453009755,-0.0139185181491987,0.2377065913606398,0.533217897105156,0.0,0.0,1.0062127104738037,6.371548734662133,0.0,0.0,0.0,0.8660254037844788,-0.4999999999999304,0.0,target,target
2149.2144613,TARGET_1,260.00735380000015,1.896020012001373,2.2289458007395355,2.06847218274223,1.738222773579246,2.001362322622872,1.0929963128158993,0.6509157102146738,0.6120452764955628,0.7392357630627742,0.9064070104105982,1576.7453125,-1.0574650180306489,-0.8515316924806203,-0.7614424897881049,-1.2020370390675106,-0.5865457180178448,0.5458314310078316,-0.5138786100166167,-0.8927810928975629,-0.373310749737926,-0.3781767185452007,-0.6013826576530235,0.0,0.8583048135219786,0.992221977456613,-0.6503364677685746,-0.8064870911343627,0.5865457180178448,0.8579408159934726,-0.6744907580950871,-0.8927810928975629,0.9673691127189494,0.8643573569442047,0.8643573569442047,0.7629524605026119,0.7629524605026119,1.0,1.0,0.6594635722341153,1.4203729628260393,0.6594635722341153,target,target,-1.3597556170602174,-0.2887449151534909,-0.0255963470323166,0.008656204981058,0.0,0.0,-0.7119321319964534,-1.555761209395721,1.0,0.0,2.0,-0.8660254037844328,-0.5000000000000102,0.0,target,target
2150.2144613,TARGET_1,261.00735380000015,1.977234005012836,2.200232495878436,1.9395569960552368,1.787448266790359,1.9810135538011409,1.158170110236164,0.7650227222806586,0.6752648989695811,0.7737577917580291,1.0149577387082358,1546.81005859375,-0.9491616943850076,-0.8915175946302246,-0.9501487648852864,-1.1226205411830106,-0.6067725141613921,0.8063431730500419,0.4406055831032682,-0.3875269241974405,-0.0347439019775788,0.1787316103474685,-0.6221232150655481,0.0893658051737342,0.9196361452257124,0.9777651838553286,0.2166783385473242,-0.9208331797577556,0.6067725141613921,0.6339259501942103,-0.4914495816560609,-0.3875269241974405,1.433424164803121,0.8501952348317047,0.8501952348317047,1.0667895103816056,1.0667895103816056,1.0,1.0,0.9069793582948884,1.953480089884375,0.9069793582948884,target,target,-1.462918199319867,-0.1750293457290404,-0.0321492097107333,-0.0841357299674022,0.0,0.0,-0.0373550685145266,3.248421603367442,0.0,0.0,0.0,-5.6835991093168957e-14,1.0,0.0,target,target
2151.2144613,TARGET_1,262.00735380000015,2.1622434105527524,2.430817388242672,1.995029409941957,1.9111215103853127,1.5436326010547468,1.3596880778669005,0.6221183728381187,0.6485902371751888,0.7866624101319598,1.020016088386993,1540.5618896484375,-0.702441482969601,-0.5704070506557244,-0.868948148695446,-0.923095960571788,-1.0415317590953677,1.6118478218242085,-0.7547630467589229,-0.6007120642355909,0.0918151714471104,0.204682952275156,-0.6264522415417976,0.102341476137578,1.7965116752722707,1.8866184849076093,-1.1833103712493696,-0.7196775996755852,1.0415317590953677,1.5095070532194976,-0.4648725024959692,-0.6007120642355909,1.893059549143393,1.6717513779101878,1.6717513779101878,1.4760923897223246,1.4760923897223246,1.0,1.0,2.467659486441038,5.314921041245528,2.467659486441038,target,target,-1.4864161358117207,-0.4659001673195799,-0.2828144423960792,-1.0695734147248428,0.0,0.0,0.7722473499101202,-8.421106452376529,0.0,0.0,0.0,0.8660254037844897,-0.4999999999999117,0.0,target,target
2152.2144613,TARGET_1,263.00735380000015,2.4450038112094923,2.812230280861228,2.264903481314692,2.0829880701886854,1.6056957384860746,1.3141908160071345,0.6701747754040217,0.5202867553922691,0.7723250275760648,1.0123223864229525,1547.146875,-0.3253649466370513,-0.0392547267898258,-0.4739060123666171,-0.6458201144059746,-0.979840634691231,1.4299868375883429,-0.352780067826519,-1.6261194692893346,-0.0487954067994332,0.1652112069355592,-0.6218898527552371,0.0826056034677796,1.9784772509726647,2.222395171366065,-0.7309281780905497,-0.2565803695782214,0.979840634691231,1.6364467578455395,-0.5052959882409672,-1.6261194692893346,1.9289576079830464,1.862748456699071,1.862748456699071,1.5139150013726863,1.5139150013726863,1.0,1.0,2.8200428323805435,6.0738951501974645,2.8200428323805435,target,target,-1.5039440903158456,-0.1515162705208477,-0.0368761575682384,-0.118731500548897,0.0,0.0,2.621783517256589,15.310962735825637,1.0,0.0,4.0,-0.866025403784422,-0.5000000000000289,0.0,target,target
2153.2144613,TARGET_1,264.00735380000015,2.566832303771393,3.057947984383868,2.894282223924927,2.4369854350789084,2.0459600756987126,1.0785693621770265,0.7967483689460719,0.5042830945063882,0.7604303290761534,1.0320121115165597,1543.4130371093752,-0.1628999554460636,0.3029296402487744,0.4473796886865381,-0.0747089046237989,-0.542215288603268,0.4881642366435949,0.7059847890817107,-1.7540214728227714,-0.165449923592888,0.2662273131395698,-0.6244768319531452,0.1331136565697849,1.0687933379891186,1.3318965589125344,0.5506653157783657,0.3751546644676563,0.542215288603268,0.8014834136190407,-0.4018441876169731,-1.7540214728227714,1.88520455498076,1.0417962692489249,1.0417962692489249,1.474822462741967,1.474822462741967,1.0,1.0,1.5364645394890923,3.3092846703237067,1.5364645394890923,target,target,-1.5498058528015737,-0.836996836592589,-0.717142875176924,-0.9873151281560676,0.0,0.0,2.805445756987756,-3.478338353103511,0.0,0.0,0.0,-7.839720252580145e-14,1.0,0.0,target,target
2154.2144613,TARGET_1,265.00735380000015,2.894910682565518,3.637411821456807,3.715699483878758,3.00246789751412,2.4501690685579733,1.0994319583118726,0.6993403070310544,0.5936751885433695,0.7566262370087183,1.023593227438634,1514.8337402343743,0.2746105956564113,1.109886011189677,1.6497717063374695,0.837595550897014,-0.1404291673111726,0.5715558982889235,-0.1088157538206201,-1.039595691814981,-0.2027576806552258,0.2230350956712252,-0.6442779183077787,0.1115175478356126,0.9075350034652636,1.0634743572375107,-0.2795841153517542,1.3798288587635732,0.1404291673111726,0.6724539730537716,-0.4460778532961792,-1.039595691814981,1.890833467417243,0.8117857473007127,0.8117857473007127,1.6667945962501618,1.6667945962501618,1.0,1.0,1.353080096913727,2.914305607030576,1.353080096913727,target,target,-1.5511022489847544,-0.8429269561557292,-0.7048282486519003,-1.1837883161182856,0.0,0.0,1.7211096185606345,-0.2543615075423752,0.0,0.0,0.0,0.8660254037844435,-0.4999999999999915,0.0,target,target
2155.2144613,TARGET_1,266.00735380000015,3.190894574987514,3.786368705825824,3.568884447908312,2.982443108352488,6.546390046515572,1.2614871260299096,0.7027123922923738,0.6368867337827896,0.7917197210777579,0.9796372909575204,1462.735888671875,0.6693213850932982,1.3173220911429373,1.4348636006422952,0.8052891478047782,3.9312386277246008,1.2193204251421907,-0.0806088801017582,-0.6942470087037572,0.1414135841063904,-0.0024763082088898,-0.6803737698674546,0.0,1.4623068781885058,1.5664439294940693,-0.385438986387306,1.3760928458926165,-3.9312386277246008,-0.2756713882488994,-0.6744907580950871,-0.6942470087037572,1.897173793560262,1.060062782688901,1.060062782688901,1.6032402246707067,1.6032402246707067,1.0,1.0,1.6995352938832082,3.660511486058754,1.6995352938832082,target,target,-1.545194775418247,-0.7775276190576227,-0.6144969487864175,-1.0755924790682905,0.0,0.0,-0.4374108941538902,-0.3190527080947114,1.0,0.0,2.0,-0.8660254037844112,-0.5000000000000475,0.0,target,target
2156.2144613,TARGET_1,267.00735380000015,7.680494237086851,5.404028130547999,3.3865462960204185,4.817540233184633,7.592470905164679,1.2870882950111044,0.6754255650321179,0.6138019619554393,0.7972088543564941,0.9277137305657632,1417.358544921875,6.656449307433972,3.570060735518153,1.167956695915763,3.765888979828059,4.971049166776293,1.321653040297347,-0.3088581772198532,-0.8787415808447621,0.1952469948692287,-0.2688647857568609,-0.7118133362804272,0.0,1.6292125935930135,1.761023830719728,-0.63927143729419,2.3690087157169577,-4.971049166776293,-0.4280271984113882,-0.6744907580950871,-0.8787415808447621,1.896582650641769,1.186582748509459,1.186582748509459,1.80140959859263,1.80140959859263,1.0,1.0,2.1375215526893645,4.603859786541894,2.1375215526893645,target,target,-1.581373523000034,-0.4004259145342898,-0.3303202925866106,-0.892504111584099,0.0,0.0,4.197520095685888,1.9654263249015589,0.0,0.0,0.0,-9.99584139584339e-14,1.0,0.0,target,target
2157.2144613,TARGET_1,268.00735380000015,7.4756668981445245,5.306637848654016,3.4139243194769286,4.884938157319385,4.861684576209988,1.2418709265223378,0.6927679755870678,0.6324157279323532,0.8248989302022317,0.9945813146696288,1381.7968261718747,6.383300792524536,3.434435864017867,1.2080326943979691,3.874623433264859,2.2566314606610542,1.140910841716933,-0.1637920989342965,-0.7299794957989466,0.4668110381093904,0.0741924659482315,-0.7364521742115275,0.0370962329741157,1.3871296070030354,1.4966265313728773,-0.4582938676070586,2.321234279207918,-2.2566314606610542,0.2011870729021451,-0.5985093677653321,-0.7299794957989466,1.935428092173418,1.039492709366891,1.039492709366891,1.8391652276531905,1.8391652276531905,1.0,1.0,1.91179884546659,4.117691264224625,1.91179884546659,target,target,-1.5657678338747825,-1.0011758102227837,-0.82326656613202,-1.3113821276670596,0.0,0.0,-0.9026146239345028,-0.3678005200680825,0.0,0.0,0.0,0.8660254037844544,-0.4999999999999728,0.0,target,target
2158.2144613,TARGET_1,269.00735380000015,2.487184219851029,3.560944343732685,3.771673133677365,2.9641586102662343,5.751028169066277,1.3750584425155978,0.6731128604537666,0.7076874036433194,0.8328055327615452,1.0439896784788387,1343.82158203125,-0.2691150532478049,1.0033980573754089,1.7317060325292724,0.7757903920003715,3.1406442337121487,1.673286016757609,-0.328203526146489,-0.1284047560314107,0.5443532222212013,0.3276769865390253,-0.7627632164969855,0.1638384932695126,1.6772680580512245,1.6965287714559358,-0.7874846536532694,1.3675520449523406,-3.1406442337121487,0.0388256449430377,-0.3389128433015295,-0.1284047560314107,1.9820313850249325,1.1866527370689617,1.1866527370689617,1.6648149430022243,1.6648149430022243,1.0,1.0,1.975557208826897,4.255015991903243,1.975557208826897,target,target,0.6614944755801712,-0.7031164317868579,-0.6223245794575076,0.129048347068925,0.0,0.0,-0.994091010420429,0.2440053195067639,1.0,0.0,7.0,-0.8660254037844004,-0.5000000000000662,0.0,target,target
2159.2144613,TARGET_1,270.00735380000015,2.3331522367301982,3.7139573334650646,3.4802395866213853,2.693898637156392,7.927336206642694,1.3831792158064855,0.5649972213427734,0.6867521611548317,0.7851191918648285,1.078079525422209,1309.885009765625,-0.4745251691789452,1.216482634878933,1.3051050980961405,0.3397744339541165,5.303907250126769,1.7057462520128477,-1.2325709851841726,-0.2957201895331444,0.076680413616941,0.5025714344268746,-0.7862760762062708,0.2512857172134373,1.7464268890460888,1.7907849174760604,-1.7218289774907438,1.2607938664875369,-5.303907250126769,-0.3831885523987174,-0.1598013507579872,-0.2957201895331444,1.9973875144605988,1.238024132282752,1.238024132282752,1.6503300334199265,1.6503300334199265,1.0,1.0,2.04314840760487,4.400595998610802,2.04314840760487,target,target,0.6672760033832765,-0.8679725711170165,-0.7764635278907311,-0.0457985789850096,0.0,0.0,0.2516695554616239,1.25195474927919,0.0,0.0,0.0,-7.832787669450353e-15,1.0,0.0,target,target
2160.2144613,TARGET_1,271.00735380000015,2.2017906274178496,4.356340678680641,4.024315727948784,2.69630865550836,9.919829779591392,1.1764958702769746,0.6634446444883371,0.6755215006742241,0.8077921991318611,1.1322014362850836,1289.1128662109377,-0.649703095548846,2.111060173360922,2.101524702625944,0.3436625659943539,7.284457605307083,0.8795946308666567,-0.409076376531314,-0.3854761514168892,0.2990407119473167,0.7802383225980656,-0.8006679980963086,0.3901191612990328,0.9169814935378096,0.9748029162503432,-0.7265048245727364,2.1062924379934334,-7.284457605307083,-1.6065664313486567,0.1245606251130492,-0.3854761514168892,2.0576072610269507,0.6434404496588961,0.6434404496588961,1.8428994765505944,1.8428994765505944,0.981489371883482,1.0,1.1638462378335277,2.506727890223304,1.1638462378335277,target,target,0.6846918282147225,-0.7882836807715583,-0.7147534930466899,-0.3834554026591467,0.0,0.0,3.32872077831938,0.3431929479134264,0.0,0.0,0.0,0.8660254037844651,-0.4999999999999541,0.0,target,target
2161.2144613,TARGET_1,272.00735380000015,1.935750305225468,4.686229657890759,5.419488852821024,3.143372396713786,10.583983192775417,1.127618403097315,0.7258107049223987,0.7315280221012859,0.8284519485475945,1.14510585687865,1287.03095703125,-1.0044824882222931,2.570460737201953,4.143781555959872,1.0649196696136258,7.94463001250295,0.684222339768196,0.112604261614292,0.0621305776021788,0.5016564474520203,0.846443123070579,-0.802110443081215,0.4232215615352895,0.5566712472236109,0.5473516605832841,-0.1642567137115793,3.357121146580912,-7.94463001250295,-2.165389304124121,0.1923617518462616,0.0621305776021788,2.131943741936672,0.3500980856432125,0.3500980856432125,2.1349305858949137,2.1349305858949137,0.9715580463211942,0.9968982913880066,0.7239242080924918,1.5592102666510772,0.7239242080924918,target,target,0.7756291915056202,-0.2459308986280661,-0.3101564956031515,-0.0503615496019274,0.0,0.0,2.3784900325024925,6.117891107208836,1.0,0.0,6.0,-0.8660254037843896,-0.5000000000000848,0.0,target,target
2162.2144613,TARGET_1,273.00735380000015,1.897961495426044,3.796190413533842,4.738473755270387,3.0377774964292907,8.861947994239584,1.2642571433207563,0.6715329371806955,0.6518536331105408,0.804421053730654,1.1018629546437635,1284.8169921875,-1.0548759431693122,1.3309997170816668,3.146910468492484,0.8945612510784828,6.2329168755587645,1.230392697412475,-0.3414192940750766,-0.5746308518535769,0.2659789796284001,0.6245898679356362,-0.8036443824656917,0.3122949339678181,1.3534397620692724,1.439634389847309,-0.7270912019201499,2.238955092787076,-6.2329168755587645,-1.0311841859126598,-0.034840815946764,-0.5746308518535769,2.101073176331993,0.9775759531708036,0.9775759531708036,1.9185422419898104,1.9185422419898104,1.0,1.0,1.8755207609116389,4.039554407824198,1.8755207609116389,target,target,0.9347147349436218,0.0930639778894819,0.0122381059930139,0.6405943764873809,0.0,0.0,0.4442545101697603,-12.479667320683728,0.0,0.0,0.0,-2.939399910208283e-14,1.0,0.0,target,target
2163.2144613,TARGET_1,274.00735380000015,2.691670924341152,3.2411673295302976,3.098666235762773,2.6321116705981047,5.490065200406272,1.2673152165017394,0.7641438613436524,0.6261123289376487,0.8019849117554577,1.0177208156464563,1289.10693359375,0.0035792068964867,0.5580793292998979,0.7465573616552212,0.2400922534643914,2.881245504759866,1.2426163824393466,0.433254072822394,-0.7803565542883978,0.2420870781263243,0.1929072919333815,-0.800672108493627,0.0964536459666907,1.491627764948613,1.6086812480918726,0.0984865657208846,0.6523183454775596,-2.881245504759866,-0.0502487850765139,-0.4769320968683047,-0.7803565542883978,2.0422767692894745,1.08510815456417,1.08510815456417,1.560057407598144,1.560057407598144,1.0,1.0,1.692831014572985,3.646071602692316,1.692831014572985,target,target,1.316542850710197,8.656082167531338,8.042898352875287,32.9291728871608,1.0,0.0,-0.8158748899260657,-0.7398427276948835,0.0,0.0,0.0,0.8660254037844759,-0.4999999999999355,0.0,target,target
2164.2144613,TARGET_1,275.00735380000015,2.545191483213093,2.602612589226113,2.137210223628042,2.07392723026426,3.9264541995571856,1.3056114857569645,0.9109973239489892,0.668626009824241,0.82489093114547,1.0531541250884318,1286.92158203125,-0.1917591791583121,-0.3311665268105574,-0.6608236256620832,-0.6604381533071567,1.3270069540615463,1.3956936652170138,1.6616563087924332,-0.4405852356038334,0.4667325892019757,0.3746942357700065,-0.8021862232457695,0.1873471178850032,1.5030617182071049,1.5691495035476797,1.265896113016929,-0.4959950762363203,-1.3270069540615463,0.123360596600229,-0.2907619169184752,-0.4405852356038334,1.8687865047262708,1.0937780171042089,1.0937780171042089,1.3204866129684123,1.3204866129684123,1.0,1.0,1.444319229145243,3.1108192615063195,1.444319229145243,target,target,1.478613691604975,-1.1691194313479265,-0.9816771925232888,-1.0807739362749025,0.0,0.0,2.428805012555082,10.503630287440764,1.0,0.0,2.0,-0.8660254037843789,-0.5000000000001036,0.0,target,target
2165.2144613,TARGET_1,276.00735380000015,1.6298499634821315,1.907613760615852,1.8310341224710485,1.6520022118760025,3.7736823650358224,1.327776814230073,0.8426851437793597,0.576029122877196,0.7748344502326537,1.083366283945578,1297.86044921875,-1.4124174078914316,-1.299015936320681,-1.1090047364989133,-1.341138439773441,1.1751508501168506,1.484292589355687,1.0902374714315528,-1.1806238708847694,-0.0241848218874146,0.5296946044017049,-0.7946072595382674,0.2648473022008524,1.8312991186151435,2.0083926992478585,0.652952498542418,-1.2040103364097972,-1.1751508501168506,0.5418801263705181,-0.132024188501703,-1.1806238708847694,1.6169077189168046,1.4251741552076282,1.4251741552076282,1.186023415878815,1.186023415878815,1.0,1.0,1.6902899197815555,3.640598514428325,1.6902899197815555,target,target,1.496787497829273,-0.8974271609377644,-0.7412518749852388,-0.6357554167240992,0.0,0.0,0.4856506772286951,-0.0928826178165589,0.0,0.0,0.0,-5.09552105347153e-14,1.0,0.0,target,target
2166.2144613,TARGET_1,277.00735380000015,1.540904580056751,1.9306597977489788,1.762060736596321,1.6093761802711477,3.38137138176422,1.237086456644774,0.8031038041862756,0.663558578600201,0.8185704513761914,1.0064621460827412,1251.771337890625,-1.5310309656134993,-1.266922222615512,-1.2099680990301451,-1.4099078908839349,0.7851914204812317,1.1217864292706958,0.7591468372971489,-0.4810843820769028,0.4047459391499813,0.1351458475781546,-0.8265399721381641,0.0675729237890773,1.2732727320503423,1.3454353893618778,0.4618069990322057,-1.2384451608228286,-0.7851914204812317,0.3613520578521192,-0.5360862817774198,-0.4810843820769028,1.4170191276231008,0.9707506511720948,0.9707506511720948,1.0280485951213825,1.0280485951213825,1.0,1.0,0.9979788431506392,2.149477584457616,0.9979788431506392,target,target,1.4715148976386796,-0.727335440560996,-0.5822713373677376,-0.7508101457346189,0.0,0.0,1.2674843593011167,0.1359073346349185,0.0,0.0,0.0,0.8660254037844867,-0.4999999999999168,0.0,target,target
2167.2144613,TARGET_1,278.00735380000015,1.7033755021401502,2.056205261269471,1.7012043648204598,1.6452265030265794,2.262537065545542,1.286202501253034,0.7622074182171631,0.6678229966053191,0.8492227290548842,1.0243345970987063,1194.024951171875,-1.314367060725573,-1.0920886865965294,-1.2990497621675936,-1.352069829839934,-0.3269364842002862,1.3181123585488674,0.4170560818168904,-0.4470029546680111,0.7053610948223448,0.2268386163380842,-0.8665493955710494,0.1134193081690421,1.446208565640411,1.5132590088406126,0.059173165137413,-1.1955692243820617,0.3269364842002862,0.8481296396858519,-0.4421826223623866,-0.4470029546680111,1.2566397745431763,1.2120735696512788,1.2120735696512788,0.9644608061488088,0.9644608061488088,1.0,1.0,1.1689974520975366,2.517822734236499,1.1689974520975366,target,target,1.4356672515176483,-0.5371641218308678,-0.4595779430129372,-0.8585129383544597,0.0,0.0,3.703658978587583,-13.43669144988129,1.0,0.0,6.0,-0.8660254037844249,-0.5000000000000238,0.0,target,target
2168.2144613,TARGET_1,279.00735380000015,2.1027810936968634,2.263225302040144,2.212573932904427,2.0281806097973307,1.4786189831091772,1.3428868602929251,0.6925131853398605,0.5417358851285025,0.7983902486089387,1.1113904051629129,1187.8337890624998,-0.7817377508708,-0.8037943528962678,-0.5505060965909457,-0.7342421144366865,-1.1061556785206628,1.544690242676218,-0.165923372544194,-1.4546970249576634,0.2068332469850358,0.673469471328794,-0.870838925019568,0.336734735664397,1.969650517495301,2.1878550712389506,-0.6362796171293478,-0.6771502247436068,1.1061556785206628,1.5766017795285183,0.0152173695726467,-1.4546970249576634,1.2029737940028786,1.855257969328468,1.855257969328468,0.9974592283189698,0.9974592283189698,0.9977199977268498,1.0,1.8463249374765125,3.976671543658997,1.8463249374765125,target,target,1.3749166499757557,-0.3810967943891938,-0.2562156946588663,-0.2417947589959092,0.0,0.0,-0.6025379200500404,-0.2296705592743471,0.0,0.0,0.0,-7.25164219673478e-14,1.0,0.0,target,target
2169.2144613,TARGET_1,280.00735380000015,2.049163491059347,2.223539353437285,2.3816151799444256,2.159471966095397,3.4681032716780167,1.3602011494604098,0.725305473341943,0.5740778363074505,0.7776134756615464,1.0455126273583115,1185.093359375,-0.8532397711043668,-0.8590606646365794,-0.303063224370221,-0.5224270763428756,0.8714034302494825,1.6138986640323982,0.1083780922608156,-1.1962186440756035,0.0030698301381585,0.3354903188745831,-0.8727376241068241,0.1677451594372915,1.9906388995995368,2.170071696210877,-0.3370328636066068,-0.5810619445034002,-0.8714034302494825,0.932236025119182,-0.3309111163555839,-1.1962186440756035,1.1968145667842354,1.596084112301522,1.596084112301522,0.9309937992608828,0.9309937992608828,1.0,1.0,1.4859444116515277,3.2004728622417318,1.4859444116515277,target,target,1.2885652040842912,-0.3952706216577385,-0.2563500153939131,-0.2814654499176132,0.0,0.0,-0.6779359339352977,-14.333440385424112,0.0,0.0,0.0,0.8660254037844974,-0.4999999999998981,0.0,target,target
2170.2144613,TARGET_1,281.00735380000015,1.712840048650618,1.85650173302938,1.811523290030393,1.74358228776796,3.519765383324895,1.468414872308234,0.7637723354862953,0.5401687707479975,0.7966958751208695,1.036217794687358,1178.4290039062498,-1.3017455677306684,-1.3701941076815607,-1.1375647270519331,-1.1933904248953675,0.9227558737206888,2.0464489613577794,0.4301463272793102,-1.4672214761105542,0.1902160691288818,0.2878041373878538,-0.8773550042583327,0.1439020686939269,2.5240009608229914,2.7440841822395745,-0.1174414302336164,-1.253879417366747,-0.9227558737206888,1.1816245435684285,-0.3797471042496495,-1.4672214761105542,1.0535153904386116,2.0210734816071625,2.0210734816071625,0.8556232276638709,0.8556232276638709,1.0,1.0,1.7292774156785773,3.7245709844660806,1.7292774156785773,target,target,1.2087146549707557,-0.4403080283786075,-0.3236522150273052,0.0539298436420725,0.0,0.0,3.356871039757241,13.993145024189054,1.0,0.0,4.0,-0.8660254037844142,-0.5000000000000424,0.0,target,target
2171.2144613,TARGET_1,282.00735380000015,2.110204595889615,2.0733924928426286,2.184574433536427,1.8593392301482965,1.7508053226086615,1.4217275819925248,0.7732104850222112,0.5528216771177766,0.8578917587389743,1.2015493228894434,1178.01845703125,-0.7718381026605189,-1.0681538952783085,-0.5914918125962284,-1.0066373754086269,-0.8356008528038859,1.8598312129251235,0.5090947142471868,-1.3660988588071912,0.7903806074121913,1.1360205107670678,-0.8776394505188566,0.5680102553835339,2.195963249661757,2.400878078482836,-0.0978656528299775,-0.8298228539372685,0.8356008528038859,1.4424715532473218,0.4889214125076306,-1.3660988588071912,0.4914608311303768,1.877267113882144,1.877267113882144,0.4149315252398514,0.4149315252398514,0.9292864811462628,1.0,0.7238559089122167,1.5590631617720052,0.7238559089122167,target,target,1.12725588010608,-0.6913920446503795,-0.5405046947037989,-0.1960409772449904,0.0,0.0,2.974652245445366,3.90208163964801,0.0,0.0,0.0,-9.407763339998026e-14,1.0,0.0,target,target
2172.2144613,TARGET_1,283.00735380000015,2.6588148771830933,2.6876235153210364,2.32218162139984,2.0253350018910057,1.925285521516692,1.2668655024902973,0.7267530681334005,0.6291033206161619,0.8588120933994088,1.043120427646724,1201.821728515625,-0.0402361379366806,-0.212781040050234,-0.3900621710183791,-0.7388329920395494,-0.6621665067107007,1.2408187922239704,0.1204869567510177,-0.7564524094204453,0.7994065776881134,0.3232173846930173,-0.8611474200729576,0.1616086923465086,1.4651749624344992,1.578642823847566,-0.230119914391602,-0.3014216055343065,0.6621665067107007,1.0489518839347896,-0.3434799748053302,-0.7564524094204453,-0.1013375932379441,1.3220039837955462,1.3220039837955462,0.1048951883934789,0.1048951883934789,1.0,1.0,0.1386718569371635,0.2986757185558432,0.1386718569371635,target,target,1.0810291565377816,-0.826888582443334,-0.6656170792561198,-0.7614392169273815,0.0,0.0,7.6729518718429075,3.824809099245824,0.0,0.0,0.0,0.8660254037844514,-0.4999999999999779,0.0,target,target
2173.2144613,TARGET_1,284.00735380000015,4.252118825374924,4.7042814924688185,4.445245572424756,3.832325083239987,4.757826123016587,1.239107736815512,0.6815027941702938,0.620545389450133,0.8037580694669002,0.8867063074586763,1223.39951171875,2.0845222536688564,2.5955995672513303,2.717682543060663,2.176421170215688,2.153395546049668,1.1298658605648229,-0.2580232719381154,-0.8248477940790903,0.2594769141132098,-0.4792491455203821,-0.8461973129931581,0.0,1.4185625884925044,1.542289757604368,-0.5404897370793211,2.6566410551559967,-2.153395546049668,0.2847771495330909,-0.6744907580950871,-0.8248477940790903,-0.3425357750848201,1.0790148935638688,1.0790148935638688,0.5598059259845084,0.5598059259845084,1.0,1.0,0.6040389316425974,1.3009976640451764,0.6040389316425974,target,target,-0.2521100705917025,5.971916092827281,4.849220539417866,25.03426812057988,1.0,1.0,2.155141603105033,-12.121897285391569,1.0,0.0,6.0,-0.8660254037844034,-0.5000000000000611,0.0,target,target
2174.2144613,TARGET_1,285.00735380000015,5.414316757886265,5.995157711118435,6.194809222763533,5.15849074813016,8.98869708076485,1.209316597802874,0.7403116516648958,0.591979837350301,0.7653427906088223,0.990848136224291,1233.8990234375,3.634377077422025,4.393262720826675,5.278696865620444,4.315951438984444,6.3589062146184085,1.010785158982274,0.2339020171192989,-1.0531450175494177,-0.1172720882014159,0.0550397785176083,-0.838922755500237,0.0275198892588041,1.3725059428098692,1.5304776954422816,-0.0256742449409706,4.83597979322356,-6.3589062146184085,-1.0769805819311096,-0.6181238636704203,-1.0531450175494177,-0.2627582877680556,1.0160442733882529,1.0160442733882529,0.967195958644712,0.967195958644712,1.0,1.0,0.9827139150252208,2.1165995118820926,0.9827139150252208,target,target,-0.3028068800247187,-0.5709679349311633,-0.5258072367110055,-0.1160794080803681,0.0,0.0,5.910499661738938,1.5104743627976471,0.0,0.0,0.0,-1.1563884483261273e-13,1.0,0.0,target,target
2175.2144613,TARGET_1,286.00735380000015,4.159000444048721,5.68882540059022,5.697278135407236,4.172945320276136,9.698037098331543,1.2185650262782206,0.790287778704861,0.6234942479433182,0.7777189093087824,0.9502133534750904,1259.682421875,1.9603437738752736,3.966666971807268,4.550409992266912,2.725950785246388,7.063994372898504,1.0477528409132368,0.6519431386010682,-0.8012803795915886,0.0041038463574164,-0.1534327882783022,-0.8210587996020269,0.0,1.328200973770293,1.4483930307090311,0.390004928372759,4.25853848203709,-7.063994372898504,-1.422922758465113,-0.6744907580950871,-0.8012803795915886,-0.1281231931492781,0.9718079015677634,0.9718079015677634,0.8517076964074181,0.8517076964074181,1.0,1.0,0.8276962691948067,1.7827177295229355,0.8276962691948067,target,target,-0.2751373758797604,-0.6292321662932908,-0.5333504951165343,-0.1018061894741614,0.0,0.0,-0.7729888413459546,0.6738604616788709,0.0,0.0,0.0,0.8660254037844621,-0.4999999999999592,0.0,target,target
2176.2144613,TARGET_1,287.00735380000015,2.9274764029165734,4.92259589596169,5.150289571929879,3.446367223441826,8.26553200004692,1.2227483556230978,0.732422613731527,0.6041670617427444,0.7879509441308347,0.9319064111290823,1280.8305664062498,0.3180387737344919,2.899622333635905,3.7497271791148106,1.5537474384419434,5.64007586208167,1.0644743832862058,0.1679116641165462,-0.955744152308622,0.104452171957195,-0.2473546700467516,-0.8064063664811181,0.0,1.3989848365942237,1.5423464594405167,-0.0982069317050052,3.324674756375358,-5.64007586208167,-0.8414741330439528,-0.6744907580950871,-0.955744152308622,-0.1547814224990019,1.029465953612159,1.029465953612159,0.6649349512750716,0.6649349512750716,1.0,1.0,0.6845278937044461,1.474357270749873,0.6845278937044461,target,target,-1.5907464343941276,-0.177562760136215,-0.0891981708928208,-0.8876174905582457,0.0,0.0,2.517664314035247,1.4293809943256055,1.0,0.0,4.0,-0.8660254037843926,-0.5000000000000798,0.0,target,target
2177.2144613,TARGET_1,288.00735380000015,2.3901629354401326,3.443871914088772,3.8138943146365416,2.752320618587083,7.670583366361522,1.1488518842914122,0.5947403314452353,0.5882307750875927,0.7412351234842673,1.004752340894789,1303.549609375,-0.3984982688297071,0.8403639956815898,1.7935094708499657,0.4340278149167137,5.048693413597359,0.7690964977035567,-0.9837753333393282,-1.0831076978505878,-0.3537024827552041,0.1263738682014373,-0.7906655407467955,0.0631869341007186,1.132387458426083,1.294853613103671,-1.191846191290397,1.3169367332657778,-5.048693413597359,-0.5737551349737746,-0.5450697706056787,-1.0831076978505878,-0.140197687415305,0.8495343750354138,0.8495343750354138,0.2633873466531555,0.2633873466531555,1.0,1.0,0.2237566049312244,0.4819338706175429,0.2237566049312244,target,target,-1.633116973274007,0.097054425601277,0.1624073696143391,-0.4191094917972575,0.0,0.0,3.886760845263162,-5.758099254514862,0.0,0.0,0.0,-2.3513218543629183e-14,1.0,0.0,target,target
2178.2144613,TARGET_1,289.00735380000015,2.1250185969583164,2.57821674392325,2.692285905300077,2.174649118846077,4.827938400976055,1.0897363106888882,0.5862286870287576,0.564671706576461,0.7060093403484261,0.9876065256178848,1324.218212890625,-0.7520828179769545,-0.3651399717990771,0.1516971252071134,-0.4979414645045565,2.2230875635800555,0.5328005985753961,-1.0549736751930878,-1.271392871189499,-0.6991712401527279,0.0384090292444709,-0.7763453562848549,0.0192045146222354,0.972986974836162,1.1636959055145868,-1.1929749534924958,-0.1067214232959818,-2.2230875635800555,0.2291378259066725,-0.635155612593286,-1.271392871189499,-0.1550947283799717,0.782209682008763,0.782209682008763,0.0229137825906672,0.0229137825906672,1.0,1.0,0.0179233825938637,0.038603933728235,0.0179233825938637,target,target,-1.708361949182622,-0.5956951920060959,-0.5973331152837283,-0.3386689854933558,0.0,0.0,-0.2249677967976277,-1.17907236428995,0.0,0.0,0.0,0.8660254037844729,-0.4999999999999406,0.0,target,target
2179.2144613,TARGET_1,290.00735380000015,5.595362469089783,4.629326417811806,3.8797684034320734,4.211542165110609,5.442565410670637,1.0465474252983222,0.6883789919398269,0.5984319947265032,0.7481247415891948,1.00866608633944,1344.509033203125,3.875811484573541,2.491217772980338,1.8899360769115787,2.7882198666956994,2.8340304338009785,0.3601666227245529,-0.2005051408350925,-1.0015790751432416,-0.2861341395199603,0.1464529360204534,-0.7622869178645025,0.0732264680102267,0.6924126820221308,0.8426495432936171,-0.3088534135187874,2.1905769249459586,-2.8340304338009785,-0.3191602771953202,-0.5245065574826804,-1.0015790751432416,-0.2192828899815569,0.5372717788605117,0.5372717788605117,0.4381153849891917,0.4381153849891917,1.0,1.0,0.2353870322393009,0.5069838433378572,0.2353870322393009,target,target,-1.7890644892069671,-0.6580191750259405,-0.70457698486487,-0.964412746698764,0.0,0.0,4.349427132380794,2.6819324457464,1.0,0.0,6.0,-0.8660254037843818,-0.5000000000000985,0.0,target,target
2180.2144613,TARGET_1,291.00735380000015,13.679122190849505,11.793923030658446,9.165586849602654,9.290325488570785,8.857323913251786,1.0618891386063185,0.7066325892784832,0.6637579853467371,0.8212214703248378,1.0293022421838622,1348.53603515625,14.655949401148796,12.46857358376317,9.627326336747103,10.981925175723518,6.228320511802764,0.421490292941374,-0.0478171524996558,-0.4794907140666938,0.430745197093925,0.2523246076924717,-0.759496820761244,0.1261623038462358,0.5577714669031578,0.6296950740131619,-0.1847303016965583,11.047949960255137,-6.228320511802764,-1.5119668473350152,-0.4160821142812877,-0.4794907140666938,-0.2785900639869645,0.4156132893207119,0.4156132893207119,2.209589992051028,2.209589992051028,1.0,1.0,0.9183349646464531,1.9779381447601216,0.9183349646464531,target,target,-1.788530786224039,-1.256824318007108,-1.0955297369688952,-1.4443878557342642,0.0,0.0,-0.9615845881628622,-9.49093345792052,0.0,0.0,0.0,-4.5074429976261656e-14,1.0,0.0,target,target
2181.2144613,TARGET_1,292.00735380000015,10.802636102094022,11.344929623457285,10.563751235731395,8.558001838675825,7.7131889406504195,1.2024433522730094,0.7365833248777899,0.6856243137125021,0.8480066280220558,1.0328421742748215,1370.13095703125,10.819997094399133,11.843309214753312,11.67396180352498,9.800452410316616,5.0910436055559,0.983311523298248,0.2027152484830282,-0.3047339988473176,0.6934344639491313,0.270485864609737,-0.7445348392003023,0.1352429323048685,1.056157689818592,1.1018677896456897,-0.0769233654177509,11.758635509139149,-5.0910436055559,-0.9689972252933912,-0.3974829542038675,-0.3047339988473176,-0.3090073468148094,0.7553089178124985,0.7553089178124985,2.3517271018278296,2.3517271018278296,1.0,1.0,1.7762804522719016,3.825807573049293,1.7762804522719016,target,target,-0.4098432480947068,-0.3954254247818771,-0.4545320493504449,0.3729994765016566,0.0,0.0,0.3919900366998429,0.4610580703399302,0.0,0.0,0.0,0.8660254037844838,-0.4999999999999219,0.0,target,target
2182.2144613,TARGET_1,293.00735380000015,2.727607855901959,4.786232001029669,6.354353202659167,3.9195171098980057,5.652082721963477,1.1550705954663227,0.7191411772687222,0.634899345079195,0.755314688637787,1.06471672286227,1357.3193359375,0.0515030804229618,2.709723142795012,5.5122376216322575,2.317089855259326,3.04229187611186,0.7939538383152546,0.0568148880626563,-0.7101303118305891,-0.215620389320215,0.4340149524973075,-0.7534113352432156,0.2170074762486537,0.9882475783937974,1.0947671251683857,-0.1959254405783208,4.110980382213635,-3.04229187611186,-0.3251372628940199,-0.2300108625534285,-0.7101303118305891,-0.2956752933511296,0.729055146246764,0.729055146246764,0.822196076442727,0.822196076442727,1.0,1.0,0.5994262807544679,1.291062794426436,0.5994262807544679,target,target,-0.3736386008238794,0.1310640873051898,0.1716875394233537,0.975598403597546,0.0,0.0,3.553368312432016,10.601866887048452,1.0,0.0,6.0,-0.8660254037844278,-0.5000000000000187,0.0,target,target
2183.2144613,TARGET_1,294.00735380000015,2.058340825540853,3.3263626411979312,3.930065032085397,2.7242038622607354,5.28283282709534,1.0075572344986925,0.6245239758160103,0.561121327043285,0.6860324571736589,0.94951292796631,1352.00341796875,-0.8410012911368253,0.6767215898277781,1.963560369650334,0.3886664752195365,2.675255304270325,0.2043156069816611,-0.7346406197866708,-1.299767669858093,-0.8950899222285383,-0.1570262491949265,-0.7570944542231455,0.0,0.6592342914319937,0.8541994419107077,-0.7857195215320861,1.320140979739056,-2.675255304270325,-0.1370974866531955,-0.6744907580950871,-1.299767669858093,-0.2311871278096887,0.5297018066699455,0.5297018066699455,0.2640281959478112,0.2640281959478112,1.0,1.0,0.1398562124053619,0.3012266198584053,0.1398562124053619,target,target,-0.3843220249970909,-0.1419469766358699,-0.1172956359068564,0.7316635615713927,0.0,0.0,3.6135208444384426,-3.9843749765528926,0.0,0.0,0.0,-6.663564140889415e-14,1.0,0.0,target,target
2184.2144613,TARGET_1,295.00735380000015,2.069530029637221,3.075932209617924,3.4173701418396893,2.511800382308248,5.082281339642794,0.940279458190792,0.6110991210311038,0.5789303872338315,0.6730872131171268,0.8149443592653968,1357.0078125,-0.826079872454517,0.3279743181054024,1.2130766951820038,0.0459915843055127,2.475905943700866,-0.0646061284464434,-0.8469370637572944,-1.1574368309543488,-1.0220474226813103,-0.8474164279804425,-0.7536271733904732,0.0,0.3404967623875786,0.514112287030731,-0.8307855316456835,0.7705255066437031,-2.475905943700866,-0.2472187313311106,-0.6744907580950871,-1.1574368309543488,-0.1874304420687534,0.2991131672964083,0.2991131672964083,0.1541051013287406,0.1541051013287406,1.0,1.0,0.0460948649549735,0.0992805405238044,0.0460948649549735,target,target,-0.3787587654995928,0.5947355753916991,0.8292823812332184,2.141283448181188,0.0,0.0,8.222322091979578,3.599725603197975,0.0,0.0,0.0,0.8660254037844946,-0.4999999999999032,0.0,target,target
2185.2144613,TARGET_1,296.00735380000015,2.023234150163145,2.421997995594582,2.4909576040804366,2.110590355790714,3.3896579097134074,1.0322121241996585,0.5571651747436043,0.5527954907031908,0.6769788179952625,0.8983945029167479,1375.5037109375,-0.8878179724077208,-0.5826888612362693,-0.1430075932295607,-0.6012887808808898,0.7934282781031546,0.3028657685510422,-1.2980846161463295,-1.3663081418527876,-0.983881403877778,-0.4192840628128971,-0.7408123415991484,0.0,0.7810736181995179,0.986019839477436,-1.37380105828409,-0.362848227232915,-0.7934282781031546,0.6151359068303889,-0.6744907580950871,-1.3663081418527876,-0.1812105764406496,0.7107530962114921,0.7107530962114921,0.0615135906830388,0.0615135906830388,1.0,1.0,0.0437209750370562,0.0941675832686947,0.0437209750370562,target,target,-1.011364846789783,6.908878912860703,6.687767740324394,32.72227420018956,1.0,1.0,5.311598007913446,1.3222594237343632,1.0,0.0,2.0,-0.8660254037844171,-0.5000000000000373,0.0,target,target
2186.2144613,TARGET_1,297.00735380000015,1.9522852755948272,1.8755938203657845,1.8445350571054429,1.7702395674559244,2.088991591963234,1.1713693972063708,0.5334837939780559,0.5711839282682295,0.7062936236837595,0.956820283701869,1391.00732421875,-0.9824321963824246,-1.3436066305604777,-1.0892420448358051,-1.1503836887948988,-0.4994417078104732,0.8591031683001343,-1.4961750156994984,-1.21934689197446,-0.6963831967974472,-0.1195366133800835,-0.7300707062561387,0.0,1.2858745804911953,1.4687766142873642,-1.710950807774532,-1.2164243376981414,0.4994417078104732,1.3026201617901343,-0.6744907580950871,-1.21934689197446,-0.1700848711483343,1.234437198612587,1.234437198612587,0.1302620161790134,0.1302620161790134,1.0,1.0,0.1608002783376488,0.3463365944413611,0.1608002783376488,target,target,-1.776061567267127,-1.2444690297287162,-1.073370463647885,-1.454129288655756,0.0,0.0,2.6990014382675085,0.6689291723666336,0.0,0.0,0.0,-8.819685284152661e-14,1.0,0.0,target,target
2187.2144613,TARGET_1,298.00735380000015,2.17051700772661,2.503132875391087,2.332006392464252,2.0183764286297183,1.8110372163178687,1.1450234796139411,0.6758078634804777,0.6633668966006793,0.73505278314494,0.8734059067056408,1479.4133300781248,-0.6914081863761496,-0.4697011233162706,-0.3756806540001449,-0.7500594010125204,-0.7757299954528067,0.7537936549776789,-0.3056603209320848,-0.4826163135490167,-0.4143343621544407,-0.5474854814081166,-0.6688188509727089,0.0,0.9227093647198348,0.9951018117521871,-0.4941087346765045,-0.4226908886582078,0.7757299954528067,0.8592551710440501,-0.6744907580950871,-0.4826163135490167,-0.1681766264219311,0.9164816867397362,0.9164816867397362,0.085925517104405,0.085925517104405,1.0,1.0,0.0787491628498291,0.1696123735510492,0.0787491628498291,target,target,-1.7964500347349612,-1.1638429911488084,-1.0268548569004985,-1.2836119097985814,0.0,0.0,0.3706307978046355,-0.7719928098442572,0.0,0.0,0.0,0.8660254037844485,-0.499999999999983,0.0,target,target
2188.2144613,TARGET_1,299.00735380000015,2.097382804971012,2.7729700951958898,2.3564691517559715,2.0392545108699305,1.94810935136063,1.1088805524774807,0.7512265271504249,0.7247436863122612,0.779573421330934,0.9222944842523132,1502.5479003906248,-0.7889366656061716,-0.0939281247140168,-0.3398720242865047,-0.7163763626943201,-0.639479485323179,0.6093236795654998,0.3252029453636108,0.007909849841982,0.022291546014819,-0.2966676706901249,-0.6527901282739408,0.0,0.6065552321208061,0.6053687546445088,0.1728720254722358,-0.2169000745002608,0.639479485323179,0.4594594522096371,-0.6744907580950871,0.007909849841982,-0.123028362240226,0.5880650540167447,0.5880650540167447,0.0459459452209637,0.0459459452209637,1.0,0.9996045857047474,0.0270085209784086,0.0581717847335965,0.0270085209784086,target,target,0.4478795015855618,8.67836238272129,6.481546462892852,44.01981408492647,1.0,1.0,1.016105429483863,1.095913376487098,1.0,0.0,6.0,-0.8660254037844063,-0.500000000000056,0.0,target,target
2189.2144613,TARGET_1,300.00735380000015,2.269247893355653,2.8569356763999614,2.088350457244991,1.994568619073352,2.2115768865358474,1.0404964440015994,0.730591779776181,0.655187830494685,0.7664327740753185,1.0028125733305258,1539.2634277343748,-0.5597451236008235,0.0230016237145334,-0.7323446369037656,-0.7884690285028745,-0.3775912024929718,0.3359797295087224,0.1525970744259986,-0.547983790993632,-0.1065823263215396,0.1164220905432351,-0.6273518772676523,0.0582110452716175,0.5132212950385893,0.5954188636876341,0.0540493807309136,-0.354671506594616,0.3775912024929718,0.4227836943283043,-0.5552615049422946,-0.547983790993632,-0.0859852338941229,0.5080802900773697,0.5080802900773697,0.0422783694328304,0.0422783694328304,1.0,1.0,0.0214808062054306,0.0462660223225612,0.0214808062054306,target,target,0.0,0.0,0.0,0.0,0.0,0.0,0.0,0.0,0.0,0.0,0.0,-1.0975806427415909e-13,1.0,0.0,target,target
2425.2144613,CONTEXTUAL_OVERRIDE_1,0.992473400000108,7.4164765112617586,5.496471722613939,3.705796442562279,7.722318191880341,3.2750879946309106,2.141533172234797,1.3670163440009258,1.3869058147684057,1.7362075138719508,2.1838605443110555,1967.32109375,6.304367158189253,3.698796889178908,1.635275617187759,8.452226841845073,0.6795451072411225,4.7370275045045735,5.476171635421906,5.299940435682781,9.404260144407498,6.175667036900348,-0.3307733138897497,3.087833518450174,2.110089972403057,1.3150989070506396,3.5199563796832187,2.6670362531833334,-0.6795451072411225,-1.1991183355038693,5.6500835996940255,5.299940435682781,0.3047707649015552,-0.2846892844272437,0.0,-0.1007657538863484,0.0,0.4284794329179039,0.767208234884187,0.0,0.0,0.0,override,override,-2.329789761906146,-1.0327858246136936,-1.1582630016462805,-1.0373326899377404,0.0,0.0,-1.2265599185674656,0.0227870311989127,0.0,0.0,0.0,0.8660254037844387,-0.4999999999999998,0.0,override,override
2426.2144613,CONTEXTUAL_OVERRIDE_1,1.992473400000108,9.333721488927418,7.341302010646444,5.711121755887197,8.598361773540619,4.313115216477407,2.5233720531653616,1.977465415619975,1.770219960703578,2.3897829240890447,2.864316342708192,1967.9596679687488,8.861118718167322,6.267891729941477,4.570674308068396,9.865565921075405,1.7113502838432384,6.26330824903796,10.58246597277738,8.363404951546777,15.814050494917588,9.666675411635715,-0.3303308795183025,4.833337705817858,2.127782089542124,0.8732713468101068,7.808304484063425,5.419283019004936,-1.7113502838432384,-3.127810659195848,9.225266963329538,8.363404951546777,0.1020240786308202,-1.3370299359617632,0.0,-0.2285165856568691,0.0,0.2506268637601617,0.6582501533909486,0.0,0.0,0.0,override,override,-0.0027919265206545,1.094686155876696,0.9621772688000392,2.034448829258179,0.0,0.0,-0.7021718648778144,-0.068770622666369,0.0,0.0,0.0,-0.8660254037844385,-0.5000000000000004,0.0,override,override
2427.2144613,CONTEXTUAL_OVERRIDE_1,2.992473400000108,6.7875280673634855,6.878806317441619,6.623892434210614,7.261178738854733,3.425159234775701,2.606581262195629,1.908582995581009,1.5891168378567972,2.1490566001136,2.365670495203091,2037.00126953125,5.465629837807491,5.623824193217204,5.906789618846734,7.708261103632824,0.8287168044583197,6.595910872430431,10.00627718366933,6.91602035476985,13.453182499564084,7.108424260322362,-0.2824955978953617,3.554212130161181,3.286750715720688,2.2493476625052105,7.468746433021426,5.765306906031968,-0.8287168044583197,-1.7607841948945278,6.605331410505143,6.91602035476985,0.0751675442725681,0.1169122782309106,0.1169122782309106,0.2148789506214199,0.2148789506214199,0.3712796556281004,0.7076532835487636,0.0066004823902167,0.014216322361692,0.0066004823902167,override,override,0.4825126328796261,1.965423192379251,2.063764856817451,5.11987043636945,0.0,0.0,-0.7686557048404798,-0.0481730332712928,0.0,0.0,0.0,-2.4492935982947064e-16,1.0,0.0,override,override
2428.2144613,CONTEXTUAL_OVERRIDE_1,3.992473400000108,5.543152350292327,5.009873958194971,4.575572171715612,5.2213965525246815,2.293817815767022,2.281416788908646,1.2015240240448786,1.0976339822311707,1.369020217375344,1.539318360565462,2016.7107421875,3.8061864214036976,3.0211650147431257,2.9084548463888447,4.4174386635043685,-0.2958432341127716,5.296168234449802,4.091858781892433,2.9880664706487727,5.8031552785863365,2.868909762399388,-0.2965538333331305,1.434454881199694,3.891731249422809,3.4435212788254925,2.409203002980059,2.964809930565985,0.2958432341127716,0.8550278783950791,2.2635939880004643,2.9880664706487727,0.0792593115513438,2.0418619770851607,2.0418619770851607,0.3944071938385761,0.3944071938385761,0.712098454597976,0.8612216938663458,0.4938854295090271,1.063745656840176,0.4938854295090271,override,override,0.904386520790136,0.2560563274426776,0.0486529870107647,3.2734109532156594,0.0,0.0,-0.8115858191555277,-0.0021674698142921,0.0,0.0,0.0,0.8660254037844392,-0.4999999999999992,0.0,override,override
2429.2144613,CONTEXTUAL_OVERRIDE_1,4.992473400000108,8.262495913034387,5.109771217709678,2.9560671097623645,4.913865897806524,2.115848371165989,1.728865412124216,0.7653248443348358,0.9140551111694892,1.0343839509822117,1.4857925488384882,2024.3873046875,7.432580532302516,3.1602810817821503,0.5378205123266264,3.921293150343114,-0.4727459109902615,3.087518018693368,0.4431327785830545,1.5208955787742375,2.52128714565742,2.5943010994362186,-0.2912351483551873,1.2971505497181093,2.2309169286928574,2.0027825918767217,-0.6530343635198148,1.8490507970543884,0.4727459109902615,0.9193358583223904,1.982363977084052,1.5208955787742375,0.0680111252905307,1.2107450315807342,1.2107450315807342,0.2119969363838804,0.2119969363838804,0.7427805782184712,0.926774705642462,0.176692042923321,0.3805647667005437,0.176692042923321,override,override,1.175964045632178,0.2564593675333826,0.1529904431783609,4.7501298562280905,0.0,0.0,-0.7177349122176203,0.1316653595769806,1.0,0.0,8.0,-0.8660254037844378,-0.5000000000000013,0.0,override,override
2430.2144613,CONTEXTUAL_OVERRIDE_1,5.992473400000108,6.5677967856909,3.989171545236079,2.5296122187646963,3.94366911063246,1.846175700391484,1.510321006528174,0.8148188792996618,0.897845272302577,0.9891815480198766,1.6029982465373125,2006.7955078125,5.172606096065118,1.59974358638874,-0.0864249008420904,2.3560547734371533,-0.7408021351789565,2.2139555431439253,0.8571412884223184,1.3913457912089822,2.0779749864199664,3.195612857227272,-0.3034235758934361,1.597806428613636,1.3275329090673726,1.118831040386025,-0.0957992045170719,0.7566593427733248,0.7408021351789565,0.3942956039768254,2.59817452866314,1.3913457912089822,0.0133183275561269,0.4698043689375075,0.4698043689375075,-0.1896419210578345,0.0,0.677242292070264,0.9327973637481144,0.0,0.0,0.0,override,override,1.3776748903621454,-0.2206261636439008,-0.3270702401747043,0.3603085157704546,0.0,0.0,-0.6938498135181855,-0.6262897837573125,0.0,0.0,0.0,-4.898587196589413e-16,1.0,0.0,override,override
2431.2144613,CONTEXTUAL_OVERRIDE_1,6.992473400000108,2.6482210165478155,2.295422624049632,2.042843291823117,2.282278633693683,2.1155121020761456,1.667112437788882,0.7319693127998637,0.9723944647795756,0.9818908697737382,1.5946741820313353,2007.29169921875,-0.0543636333902951,-0.7589566383392482,-0.798958105011627,-0.3243005605618204,-0.4730801644475213,2.8406799402452387,0.1641198850999427,1.987146411304607,2.0064733381935604,3.1529071018047232,-0.3030797910576316,1.5764535509023616,1.751065308563036,1.4529933468673448,-0.9401634876869572,-0.7789573716754377,0.4730801644475213,0.6169660594183103,2.554439054574007,1.987146411304607,-0.0248329805523322,0.6633040354378539,0.6633040354378539,-0.32146925224427,0.0,0.6816998244127106,0.9054191253419804,0.0,0.0,0.0,override,override,1.4269042143869786,-0.5673215296895481,-0.5520343859023416,-0.4592004618913915,0.0,0.0,-0.7623919540847959,0.0191177690715843,0.0,0.0,0.0,0.8660254037844393,-0.499999999999999,0.0,override,override
2432.2144613,CONTEXTUAL_OVERRIDE_1,7.992473400000108,2.9960971484008927,2.2412163579234186,1.7248912857068286,2.402477898831214,1.9902184744568787,1.642403264247976,0.7464329982494791,0.9658620130469058,0.983369424523556,1.3863670906098893,1999.0681640625,0.4095483096089871,-0.8344438197592675,-1.2643768060647478,-0.1303806206523474,-0.597622768776192,2.74191279611128,0.2851059567353364,1.9349387526600104,2.0209739234663986,2.08420902856909,-0.3087774445192081,1.042104514284545,1.8041581041091403,1.5139172912101386,-0.6608983708636199,-1.0494103129120076,0.597622768776192,0.7390705755124912,1.4599725961625476,1.9349387526600104,-0.0926006592582303,0.9106418502614666,0.9106418502614666,-0.145088831873133,0.0,0.8033250202750812,0.907785703467019,0.0,0.0,0.0,override,override,1.5842740651173064,0.1493429202797683,-0.0682934677702461,1.978443567418035,0.0,0.0,-0.6805135533648312,0.1593745795151292,1.0,0.0,9.0,-0.8660254037844377,-0.5000000000000016,0.0,override,override
2433.2144613,CONTEXTUAL_OVERRIDE_1,8.992473400000108,2.4665770051794964,2.0417190513911008,1.7557782238275794,2.15288763346463,2.0944613243967027,1.4480266935018733,0.8693832065419828,0.8961459448006643,0.9588449342553088,1.133324737148175,2002.23984375,-0.2965959066974217,-1.1122620582622855,-1.2191644521775693,-0.5330497152304045,-0.4940047615332434,1.964953633662456,1.313561861689974,1.377764686628976,1.7804556319040312,0.7860013019563671,-0.3065799550688516,0.3930006509781835,1.3844858305977683,1.177821127603422,0.7240732905298142,-1.1657132552199276,0.4940047615332434,0.4275869110457735,0.1304625610911706,1.377764686628976,-0.1338478931707289,0.8501450396981164,0.8501450396981164,0.0231893069409017,0.0231893069409017,0.9806208532703908,0.93343099978815,0.0180453013359118,0.0388665260717063,0.0180453013359118,override,override,1.644455097508924,-0.1945848422064136,-0.2427384592214119,0.2815116834312744,0.0,0.0,-0.6654694490003767,-0.1440228868154731,0.0,0.0,0.0,-7.34788079488412e-16,1.0,0.0,override,override
2434.2144613,CONTEXTUAL_OVERRIDE_1,9.992473400000108,5.271619340907772,5.297032754226661,5.124657074329188,5.124347439466775,4.122009701802412,1.6604154172171546,1.081443944856268,1.0753129029508397,1.097050206810431,1.383659019642299,1928.515917968749,3.4440822284513843,3.4210598918764568,3.7122062844245054,4.260867338788502,1.5213902758888125,2.813910708365392,3.087410979615089,2.8096753649298467,3.1358720208394515,2.070315549448912,-0.3576593720041957,1.0351577747244558,1.5717348869588317,1.150283582219355,2.1251438588426272,3.566633088150481,-1.5213902758888125,-0.6889403286784985,1.4457441182898054,2.8096753649298467,-0.1373531086547162,0.3986838026773129,0.3986838026773129,0.4964649998866255,0.4964649998866255,0.8050413650379206,0.8689377692019908,0.1384599273526785,0.2982192580863048,0.1384599273526785,override,override,1.6250856151082018,-0.5753439448107925,-0.5304047999260368,-1.1432975197395336,0.0,0.0,-0.7444575924361249,0.0404896851774725,0.0,0.0,0.0,0.8660254037844403,-0.4999999999999972,0.0,override,override
2435.2144613,CONTEXTUAL_OVERRIDE_1,10.992473400000108,6.059041805933085,6.148574934963366,6.174886491551373,6.070829734545951,4.061773965605776,1.7264183708524,1.1684551559950485,1.1678104781174266,1.12041725053488,1.4452626308109295,1830.33798828125,4.494153366604252,4.606910231289265,5.249533936927354,5.787846639178791,1.461515599082582,3.0777367414039807,3.8152437757990505,3.5489202958336623,3.365038921924621,2.3863665302917774,-0.4256816775341063,1.193183265145889,1.5373188215757267,1.0049807772006774,2.747513774161583,4.9282220841083095,-1.461515599082582,-0.9459112174755342,1.7694157018206689,3.5489202958336623,-0.1905371180950014,0.1985220687986016,0.1985220687986016,0.7202320615485616,0.7202320615485616,0.7668896537745143,0.837406205663965,0.0918227502056033,0.1977706688521486,0.0918227502056033,override,override,1.5996681280316245,-0.6746868632550549,-0.6991088220563708,-0.5526421391041424,0.0,0.0,-0.6559373654760414,0.1449953952296403,1.0,0.0,1.0,-0.8660254037844376,-0.5000000000000018,0.0,override,override
2436.2144613,CONTEXTUAL_OVERRIDE_1,11.992473400000108,3.752409275384783,3.223057805073628,3.19805897983148,3.815350477912832,2.2650569757797925,1.617546335163716,0.9565847228953994,1.025010415091735,1.096339209982741,1.4707559321368182,1824.620068359375,1.418132101989432,0.532860160820226,0.8920486337613772,2.149035691267355,-0.3244316785752013,2.642555045698124,2.042986526033041,2.407655537980625,3.128899083158308,2.5171572864848604,-0.4296433224492045,1.2585786432424302,1.485230946594298,1.1240826158972042,1.067703103797903,0.7124543972908016,0.3244316785752013,0.0436359909893067,1.9033600770455672,2.407655537980625,-0.3656340980272325,0.3940472211921919,0.3940472211921919,-0.138649532999744,0.0,0.7516353259444626,0.8865810090293867,0.0,0.0,0.0,override,override,1.536572318011569,0.2671983596882191,0.0022702227169114,1.975027869398707,0.0,0.0,0.5438585253202713,4.121597845238959,0.0,0.0,0.0,-9.797174393178826e-16,1.0,0.0,override,override
2437.2144613,CONTEXTUAL_OVERRIDE_1,12.992473400000108,3.2457046965137195,2.730963893907272,2.256566635236458,2.9368291933978443,2.254848317723719,1.5281671162719617,0.8085743907081439,0.94750815731418,1.0573309406820135,1.3844778693939324,1842.22333984375,0.7424136948122865,-0.1524256004496933,-0.4861095021951806,0.7316992832002035,-0.3345791448523191,2.285289749865859,0.8049072885409204,1.78825388239696,2.746334463612955,2.074516573743709,-0.4174469447597636,1.0372582868718545,1.4000863193089592,1.1318482369494154,-0.0257297206435078,-0.319267551322437,0.3345791448523191,0.3522262810349241,1.4500464374356674,1.78825388239696,-0.5057887189769777,0.5571004770705322,0.5571004770705322,-0.1822843375118576,0.0,0.8045220009095111,0.9144681000815718,0.0,0.0,0.0,override,override,1.4853562889461438,-0.7781184447289589,-0.6859553438164127,0.5754811711224077,0.0,0.0,-0.2211707282131857,-1.3663310899072147,0.0,0.0,0.0,0.8660254037844404,-0.499999999999997,0.0,override,override
2438.2144613,CONTEXTUAL_OVERRIDE_1,13.992473400000108,2.4528532842275443,2.883457285698575,2.675828187780409,2.357649803545169,1.9656614020416665,1.604464563462446,0.9174712293437294,0.9721985249870412,1.0282506532239617,1.3314970212326622,1876.2853515625,-0.3148972429175477,0.0599353894163399,0.1276062895999884,-0.2027027062672593,-0.6220326434952157,2.59026478074823,1.7158093380861967,1.9855804513523303,2.461136240080084,1.802703790213528,-0.393847174674255,0.901351895106764,1.669973648998223,1.372136581295374,0.8429051691224483,0.0937708395081642,0.6220326434952157,0.3997278926408886,1.1716797200329256,1.9855804513523303,-0.5247529905328724,0.8039810488559562,0.8039810488559562,-0.1170250008392171,0.0,0.8388260216148032,0.9054900206219392,0.0,0.0,0.0,override,override,-0.9835237062670188,20.80508625183057,15.19333916368028,75.19260771779469,1.0,1.0,-0.4132134112622975,0.4368173266278862,1.0,0.0,7.0,-0.8660254037844375,-0.500000000000002,0.0,override,override
2439.2144613,CONTEXTUAL_OVERRIDE_1,14.992473400000108,2.634467180219916,2.8101445816593933,2.570605383008666,2.273551213129476,1.6209813158697144,1.8993295125796912,1.143760515488024,0.9726973027911472,1.0999872512518702,1.523330075891078,1894.81904296875,-0.0727051301195535,-0.0421592536146379,-0.0264190355307463,-0.3383806871702423,-0.9646466806793736,3.768894607492632,3.608677644656271,1.9895667068046343,3.1646764079468284,2.786883514952597,-0.3810061581296421,1.3934417574762985,2.724185820741936,2.4257508147212405,2.3180935534140388,-0.0342891445726921,0.9646466806793736,0.6356144302110752,2.179589928492745,1.9895667068046343,-0.56685365493156,1.4768304949552111,1.4768304949552111,-0.2633770462528042,0.0,0.7211280987753742,0.9053095628797172,0.0,0.0,0.0,override,override,-1.1623768874567904,-1.193733926466396,-0.9903332725866112,-1.1813076346629978,0.0,0.0,-0.2842293829701519,-0.5982686677385031,0.0,0.0,0.0,-4.777360477947854e-15,1.0,0.0,override,override
2440.2144613,CONTEXTUAL_OVERRIDE_1,15.992473400000108,2.488179521730347,2.4290371100315284,2.3052547149275675,2.2150528718311246,1.7129736523687342,1.9259630719409595,1.0889871592291522,0.9994088112383516,1.1184209064545194,1.4338649119818507,1911.8321289062496,-0.267787763484504,-0.5728862508277082,-0.4148398062325793,-0.4327572610735891,-0.8732057560005706,3.875353878252129,3.1505085820662795,2.2030463270090284,3.345460237013047,2.327891708005127,-0.3692186888549199,1.1639458540025636,2.8133012002983286,2.4828442512469744,1.8906836490026064,-0.4938630285301437,0.8732057560005706,0.75476755638456,1.7095309380533448,2.2030463270090284,-0.6222220898691146,1.5770517049495405,1.5770517049495405,-0.1809528850695457,0.0,0.7738094373283246,0.8956976955016996,0.0,0.0,0.0,override,override,-1.174930679448278,-1.310132657981374,-1.073518698705594,-1.47236348218426,0.0,0.0,-0.5092446465074957,0.3920573900699251,0.0,0.0,0.0,0.8660254037844405,-0.4999999999999968,0.0,override,override
2441.2144613,CONTEXTUAL_OVERRIDE_1,16.992473400000108,2.941425339685102,3.084618392477367,3.057945794471751,2.893314460319018,2.07043569764171,1.9101412861643097,0.9711938054273588,1.0187760050158898,1.1335401758903323,1.3682161062294056,1929.527734375,0.3366404476251147,0.3400706218764744,0.6869507086780249,0.6614960717731818,-0.5178863761336915,3.812111269442411,2.1651888175510723,2.357829842145422,3.493738990805582,1.9910872730763445,-0.3569583378212055,0.995543636538172,2.7379849155569698,2.384310439235157,0.9632750910559263,0.5135106652772496,0.5178863761336915,0.8083930218047772,1.3646054943705226,2.357829842145422,-0.6050364064443036,1.5041148786549856,1.5041148786549856,-0.0211493889196507,0.0,0.8148992246233323,0.8887924883824894,0.0,0.0,0.0,override,override,-1.1818949161868713,-1.232541047743516,-1.022508042677361,-1.2536042069629736,0.0,0.0,-0.7059501901748592,-0.5876353350341883,1.0,0.0,7.0,-0.8660254037844356,-0.5000000000000053,0.0,override,override
2442.2144613,CONTEXTUAL_OVERRIDE_1,17.992473400000108,3.2134323358392685,2.932655454763056,2.6445524696352107,2.7998359005039863,2.017088013651752,1.8444481607461007,0.9335924520330684,0.9488919771376684,1.076129580613887,1.4739816507079395,1884.64609375,0.6993767279876084,0.1284483378097235,0.0818248388350013,0.5106851938413254,-0.5709142884486081,3.5495236771844554,1.850660404222619,1.7993134349090747,2.93069779637361,2.533706503308128,-0.3880544577026793,1.266853251654064,2.603050662052764,2.333153646816402,0.646566172012989,0.1051365883223624,0.5709142884486081,0.8427101355275558,1.9203083276129205,1.7993134349090747,-0.5517251463504778,1.4357513103696056,1.4357513103696056,-0.1827479179247099,0.0,0.7497269172105935,0.9139625594721016,0.0,0.0,0.0,override,override,2.30298557170539,0.4753277473844902,-0.0236605526586456,0.2852199380602833,0.0,0.0,-0.7786486574035396,0.0380917768020611,0.0,0.0,0.0,-1.469576158976824e-15,1.0,0.0,override,override
2443.2144613,CONTEXTUAL_OVERRIDE_1,18.992473400000108,2.8797134747073585,2.4999559696282234,2.116570308892112,2.257323927646471,2.106861021626423,1.9485881735839912,1.0457363902589083,0.9776804031455324,1.0781088797563023,1.2569700946026894,1844.72998046875,0.2543442836559651,-0.4741252550415072,-0.6910363688480161,-0.3645604996853825,-0.4816793894036323,3.9657906009261352,2.788723845309652,2.0293918770378,2.95010931698087,1.4203510707255278,-0.4157102257742425,0.7101755353627639,3.0779595601222147,2.7735507785665443,1.6197323112374271,-0.5825808119447616,0.4816793894036323,0.9384606444694612,0.7801077342287046,2.0293918770378,-0.5137078578960523,1.900506438243188,1.900506438243188,-0.0231700956873595,0.0,0.8895708174633704,0.903508651142428,0.0,0.0,0.0,override,override,2.079793109943821,-0.0996856553316492,-0.3658317962155027,0.0592797198728136,0.0,0.0,-0.8287528979717805,-0.0170968532077172,0.0,0.0,0.0,0.8660254037844406,-0.4999999999999966,0.0,override,override
2444.2144613,CONTEXTUAL_OVERRIDE_1,19.992473400000108,3.0982660218342084,2.971984674832425,2.6230830677449903,2.597445440155898,2.2038806824209303,1.9982988002935604,1.1530442296676005,1.046325175006158,1.104757158405198,1.120516496114783,1835.0256835937496,0.5457961180919075,0.1832178724530376,0.0503978909060136,0.1841645128367855,-0.3852412747442872,4.164493185012378,3.686334208239976,2.578004092435066,3.2114561740859404,0.7202899408091394,-0.4224338208743362,0.3601449704045697,3.1721555100589627,2.785454896193703,2.555174669385739,0.1168078816795256,0.3852412747442872,0.7641106467848842,0.0631667714632751,2.578004092435066,-0.4750011139297954,1.9387309236061088,1.9387309236061088,0.0902976252949022,0.0902976252949022,0.990569730805757,0.8790616874619919,0.1524397655025596,0.3283294642732902,0.1524397655025596,override,override,2.10451465839675,-0.7564803480730398,-0.7714672236604347,-0.6500899240836866,0.0,0.0,0.7548736182978008,3.83975285973845,1.0,0.0,3.0,-0.8660254037844355,-0.5000000000000056,0.0,override,override
2445.2144613,CONTEXTUAL_OVERRIDE_1,20.992473400000108,4.544397803340512,4.554983581158977,4.448041519869028,4.387092757604056,2.6918461256387385,1.79322627207193,1.009380140163356,1.0241007043273327,1.0979592093474844,1.3184165055440065,1785.4812499999998,2.4742923360357776,2.3876885761043853,2.721775255805648,3.071439238365319,0.0997992518610314,3.3447802990572923,2.4846104923348906,2.4003850871611103,3.144786853924524,1.7355955519965565,-0.4567605438959721,0.8677977759982782,2.287696074551334,1.927638311477168,1.4314659735709978,2.5547319159550166,-0.0997992518610314,0.3240025623188498,1.102953371917421,2.4003850871611103,-0.4559877885493986,1.0704782032108568,1.0704782032108568,0.3779036336352752,0.3779036336352752,0.847518165458759,0.8869033597979052,0.3040774482753396,0.6549313780475147,0.3040774482753396,override,override,2.082686344613081,-0.2660837400753197,-0.5440824780618511,-0.4852493214409354,0.0,0.0,0.1301938329903363,-2.537124387640004,0.0,0.0,0.0,-1.7145055188062944e-15,1.0,0.0,override,override
2446.2144613,CONTEXTUAL_OVERRIDE_1,21.992473400000108,4.2413960399016695,4.198385758029574,4.094839256509113,4.145017096153746,3.0954234884205243,1.6812978177860405,0.9473156130010056,0.9932009023865946,1.0802138678446145,1.3359877335935808,1680.5442382812498,2.0702228298573857,1.8910935052342297,2.2047571667237675,2.6808936084209267,0.5009575291333168,2.897381532002442,1.9654521246119097,2.153432430191634,2.9707535029852346,1.8257429273586927,-0.5294658606127646,0.9128714636793466,1.9154623155155333,1.5924474509867883,1.012888875691463,2.0479253359789986,-0.5009575291333168,0.1261948719922601,1.1952743754998163,2.153432430191634,-0.4412685935600787,0.808994601126683,0.808994601126683,0.2429133980700532,0.2429133980700532,0.835862497311827,0.8979224064274902,0.1474927732968107,0.3176744800221474,0.1474927732968107,override,override,2.0231027747377337,-0.3898639012105606,-0.5279226848067274,-0.2576365463988215,0.0,0.0,0.0582778230304326,-1.5674012047436685,0.0,0.0,0.0,0.8660254037844407,-0.4999999999999964,0.0,override,override
2447.2144613,CONTEXTUAL_OVERRIDE_1,22.992473400000108,2.453038403421037,2.3335271243548408,2.202213290556488,2.369097881352107,2.755774944701732,1.4575765972943937,0.968684994060241,1.0220116977003089,1.0169607257718305,1.2394762406391615,1739.2361328124998,-0.3146503762978629,-0.7058926379382399,-0.5656720229285521,-0.184233287524472,0.1633448748032893,2.0031263682858857,2.14420307136355,2.3836896488550727,2.350412876089703,1.3306006551409577,-0.4888013447216507,0.6653003275704789,1.0025099092939909,0.6449564619657296,1.4770963973994589,-0.635782330433396,-0.1633448748032893,-0.3039851795055515,0.6881932618947183,2.3836896488550727,-0.4866939059737512,0.1873414827940856,0.1873414827940856,-0.1032289892842077,0.0,0.9019204197217958,0.8876440309169648,0.0,0.0,0.0,override,override,-1.3000554935797357,2.623606866155399,1.7575908289096434,9.489474540371988,0.0,0.0,-0.4406885994341614,0.2378012355880389,1.0,0.0,8.0,-0.8660254037844354,-0.5000000000000058,0.0,override,override
2448.2144613,CONTEXTUAL_OVERRIDE_1,23.992473400000108,2.7426749364542893,2.840703255078464,2.911995312765485,2.8483825724525307,2.6564649168742624,1.5470170845028015,0.9401280780768718,0.9788708419487232,1.014084706108375,1.173391243899952,1619.2953125,0.0715958605085767,0.00039649296583,0.4733081390225171,0.5890065354593045,0.064630121813857,2.3606365649300614,1.9053297154069813,2.038905919424587,2.3222069754415013,0.9915583872899408,-0.5719020084937836,0.4957791936449703,1.5230746947202134,1.2172388068065254,1.1912257757632234,0.2368523159941736,-0.064630121813857,0.1243977530134301,0.3409760267936718,2.038905919424587,-0.4783456359796594,0.6819542741363719,0.6819542741363719,0.0086638344811269,0.0086638344811269,0.9501395560995471,0.9030789523746484,0.0050696563549082,0.0109191820754195,0.0050696563549082,override,override,-1.3114938044901812,-1.126724892234446,-0.9459248329795744,-1.311505207028981,0.0,0.0,-0.4986872889157014,0.1413304025198226,0.0,0.0,0.0,-1.959434878635765e-15,1.0,0.0,override,override
2449.2144613,CONTEXTUAL_OVERRIDE_1,24.992473400000108,2.8777262505879224,3.045253019492881,3.166978368521264,3.034387267986462,1.9930270613661207,1.7433067211282771,1.0231008693954986,1.0373059589643547,1.1003580491150151,1.272290364554405,1627.20107421875,0.2516942110640001,0.2852507409935585,0.8465527807216979,0.8890917259931133,-0.5948310168347175,3.1452426061032166,2.5993818717009973,2.5059220975544267,3.1683129226137225,1.4989501374549603,-0.5664245234745822,0.7494750687274803,2.080801104777297,1.7049127901441332,1.625702452993323,0.5659017608576282,0.5948310168347175,0.3992500646811696,0.8606019770388917,2.5059220975544267,-0.4421991879822469,1.0443110771875186,1.0443110771875186,0.0240150620838088,0.0240150620838088,0.878894600807062,0.8822356296311731,0.0194462107419933,0.0418838479186518,0.0194462107419933,override,override,-1.3323537784636788,-0.752977399889963,-0.7717417789094423,-0.6649831323484497,0.0,0.0,-0.3432352431356748,-0.0133423060589005,0.0,0.0,0.0,0.8660254037844408,-0.4999999999999961,0.0,override,override
2450.2144613,CONTEXTUAL_OVERRIDE_1,25.992473400000108,3.2139319773885777,2.85506530168881,2.276299674399196,2.6904669839204454,1.6204140287777795,1.827757057184928,1.0234339634848884,1.080497993736251,1.1893795255869728,1.3203705600791644,1591.81240234375,0.7000430274566422,0.0203969559291643,-0.4572242450548535,0.3342380774003265,-0.965210567392322,3.4828062441447782,2.602168142565406,2.8511148521000584,4.041370555991606,1.7456206274871244,-0.5909434663596195,0.8728103137435622,2.266713467473868,1.8390462396588585,1.5132640030933209,-0.2184136445628445,0.965210567392322,0.5536767484234953,1.1132201714394316,2.8511148521000584,-0.4740001318695557,1.155732186900905,1.155732186900905,-0.1116153508735652,0.0,0.8462139750916908,0.8671392163462066,0.0,0.0,0.0,override,override,-1.3173059252017765,-0.7825754238772854,-0.6497437164679922,-0.938628548766352,0.0,0.0,0.0442334290511751,0.5939494257630661,1.0,0.0,4.0,-0.8660254037844353,-0.5000000000000059,0.0,override,override
2451.2144613,CONTEXTUAL_OVERRIDE_1,26.992473400000108,3.664142924508216,2.858663275929868,2.0165631255693905,2.6242553784339604,2.735460116761385,1.7772053897941351,1.0301720401720906,0.8649120466421757,1.0992412804415015,1.2874874949929944,1575.02529296875,1.300424071494548,0.0254074640067148,-0.8374270582057642,0.2274175361719108,0.1431518160958839,3.2807418646489306,2.658530916189213,1.1281419171191278,3.157360470983297,1.5769174495978393,-0.6025743684015035,0.7884587247989197,2.6887775124575057,2.519556224889637,1.6412307688272505,-0.4060097970995246,-0.1431518160958839,0.6603857990708737,0.9404492324330376,1.1281419171191278,-0.4287362956465808,1.6455302630128796,1.6455302630128796,-0.0750288049578682,0.0,0.8684307906344229,0.9451542891665988,0.0,0.0,0.0,override,override,-1.3144224010690269,-0.7292689182788067,-0.6852780751091979,-0.7790120431279667,0.0,0.0,-0.3004465908438204,0.2105560586762669,0.0,0.0,0.0,-9.309791596066238e-15,1.0,0.0,override,override
2452.2144613,CONTEXTUAL_OVERRIDE_1,27.992473400000108,3.1544306175801515,2.402167192298968,2.1223766243892017,2.3170701034375254,2.869358871506389,1.685046597770919,0.9140228410061628,0.7429691889601862,1.0225734460216809,1.1813607759204898,1565.5573242187495,0.6206946936322209,-0.6103050678680856,-0.682537074097312,-0.2681707688000442,0.276247967505777,2.9123661000811776,1.6869642031523069,0.1535689162703476,2.4054583376159484,1.0324452503190382,-0.6091342242174707,0.5162226251595191,2.729561323096676,2.706525985656124,0.8298170218421327,-0.6464210709826987,-0.276247967505777,0.9915826159091016,0.3828487514627883,0.1535689162703476,-0.362609059021911,1.975512367777985,1.975512367777985,0.0417309488714919,0.0417309488714919,0.9441905185333386,0.9923509581445076,0.0772436773322375,0.1663698124526871,0.0772436773322375,override,override,-1.3349530708936943,-0.9260799368591732,-0.7794490917965028,-0.8800740414817512,0.0,0.0,-0.7961634307448283,-0.1255798168405748,0.0,0.0,0.0,0.8660254037844409,-0.4999999999999959,0.0,override,override
2453.2144613,CONTEXTUAL_OVERRIDE_1,28.992473400000108,2.4981967343626734,2.070554352204909,2.06553263044835,2.118871383853432,2.1715996719603257,1.730633556799377,0.7085923187609048,0.7999255734141877,1.0105833544552274,1.1185652056867172,1478.7083496093749,-0.2544292598385507,-1.072106265594985,-0.7657454115623897,-0.5879288284512842,-0.4173287894049812,3.0945856205171283,-0.0314243754047585,0.6087669948621323,2.287868275286556,0.7102790462852545,-0.6693072947297789,0.3551395231426272,2.792732291529725,2.7014172423004053,-0.8938556613196974,-0.9189258385786871,0.4173287894049812,1.545602548428228,0.052914494838583,0.6087669948621323,-0.3003027402792763,2.136402823906283,2.136402823906283,0.1466230806170353,0.1466230806170353,0.9920942419680084,0.9700202322203524,0.3014527187449928,0.6492781547056921,0.3014527187449928,override,override,-1.3418405260473838,-0.8098289673305293,-0.7050494323400235,-0.9194208535380308,0.0,0.0,-0.7193364588543667,-0.19928856133142,1.0,0.0,9.0,-0.8660254037844352,-0.5000000000000061,0.0,override,override
2454.2144613,CONTEXTUAL_OVERRIDE_1,29.992473400000108,2.5591760169783555,2.382880597010605,1.9674939299516487,2.2113794831961995,2.33993685679536,1.7004632493516665,0.7099448379784811,0.8384446184754488,0.953609149082166,1.3257401553610642,1427.6474609375,-0.1731100347159399,-0.6371634150952725,-0.9092546323264252,-0.4386836143048985,-0.2500006355070087,2.9739893124568546,-0.0201108006235617,0.9166129978898856,1.7291068743536098,1.773168782917951,-0.7046846894347039,0.8865843914589755,2.431528665330651,2.2940367156471675,-0.9852542266025192,-0.7732090237108489,0.2500006355070087,1.184464203136277,1.1414325663760674,0.9166129978898856,-0.2399130666658818,1.587909164435533,1.587909164435533,-0.0527684646427823,0.0,0.8426404832520218,0.95520371234359,0.0,0.0,0.0,override,override,2.46937734874201,-0.2183971774609146,-0.6882706861920039,2.3794311399732275,0.0,0.0,-0.3859311802419901,0.2670796546897275,0.0,0.0,0.0,-9.554720955895708e-15,1.0,0.0,override,override
2455.2144613,CONTEXTUAL_OVERRIDE_1,30.992473400000108,2.812860062540407,2.684186667318857,2.127413699002403,2.3508124595030635,2.102706887396758,1.6564405303203622,0.8100319770011714,0.8872054217492364,1.0119808570199462,1.3836216801393213,1404.807421875,0.165191583902477,-0.2175671651090874,-0.67516379549398,-0.2137335336543352,-0.4858086233122037,2.798022349072365,0.8170997301061982,1.3063116097943277,2.3015739599162344,2.070123982975511,-0.7205093469760645,1.0350619914877557,2.0820477877724115,1.8861010463032624,-0.1411713550338318,-0.4463654803015336,0.4858086233122037,0.8283705072423623,1.4455479327768497,1.3063116097943277,-0.2135312638953412,1.212389378417824,1.212389378417824,-0.1339951391922911,0.0,0.8050650560044783,0.9367717898252697,0.0,0.0,0.0,override,override,2.693193311403605,-0.49147086605154,-0.7847958672417568,-0.191185890286055,0.0,0.0,-0.2653365009111031,-0.6177489726910008,0.0,0.0,0.0,0.866025403784441,-0.4999999999999957,0.0,override,override
2456.2144613,CONTEXTUAL_OVERRIDE_1,31.992473400000108,2.845999019321008,3.202789713077641,3.1600755036959454,2.8323492272545963,2.218394432750879,1.5861324752767545,0.8702545739837731,0.7941750096686185,0.9857408549163034,1.2331112665156634,1368.43701171875,0.2093842042675631,0.5046349896937674,0.8364483551519789,0.563139610784068,-0.3708145213729133,2.516988028164207,1.320850690260012,0.5628082214446116,2.044231181023395,1.2979458111048765,-0.7457084844988393,0.6489729055524381,2.157761924270483,2.0733406910537915,0.5293604568308509,0.6705416724228732,0.3708145213729133,0.8770725156218236,0.6547510461771004,0.5628082214446116,-0.1491819769496836,1.5023193274127875,1.5023193274127875,0.1236029291201919,0.1236029291201919,0.9064561190837992,0.9722518422930404,0.1636502137923217,0.352474873242574,0.1636502137923217,override,override,2.730383041939383,-0.7962066978213492,-0.7706509765786526,0.2863647355047261,0.0,0.0,-0.4347548202590606,-0.5036880981692907,1.0,0.0,5.0,-0.8660254037844349,-0.5000000000000063,0.0,override,override
2457.2144613,CONTEXTUAL_OVERRIDE_1,32.99247340000011,2.370413150163724,2.811605336661744,2.818916609092065,2.3665153737632707,2.3387678727128063,1.7056228006127658,0.7566999385915958,0.8637504076834818,0.9818262670126684,1.0978887681518168,1337.1736328124998,-0.4248356930519219,-0.0401250187234927,0.3370593702585063,-0.188399699988557,-0.2511626125750075,2.9946129946786786,0.3709870265383773,1.118858044431565,2.005839761489101,0.6042007135499625,-0.7673692296238109,0.3021003567749812,2.5274875899338856,2.359658883269151,-0.4531913113250376,0.1484671757675068,0.2511626125750075,1.215467788540116,-0.0557215924255035,1.118858044431565,-0.0863440471316501,1.7962328604565436,1.7962328604565436,0.1512402140075129,0.1512402140075129,1.0,0.9455931256157984,0.25688232697248,0.5532810714979376,0.25688232697248,override,override,2.792318828427225,-0.5195038500381332,-0.5983352494507318,1.0425747234798393,0.0,0.0,-0.5134451224377995,0.1192701821942374,0.0,0.0,0.0,-9.799650315725178e-15,1.0,0.0,override,override
2458.2144613,CONTEXTUAL_OVERRIDE_1,33.99247340000011,2.047301197695196,2.582136134170039,2.5155569591429625,2.0715419840688925,2.227174880975201,1.8251628404320028,0.8485653803169753,0.9807372514204103,1.0399225035496524,1.082807939262665,1301.9,-0.8557232416672829,-0.3596818625479007,-0.1069990143883946,-0.6642863199190384,-0.362086704086362,3.4724366791924446,1.1394245697994825,2.053822350892664,2.5756052247154777,0.526830074525364,-0.7918084680143435,0.263415037262682,2.687745097064342,2.3796717444304423,0.2054616406857006,-0.2333404384681477,0.362086704086362,1.0763226509206618,-0.1349577877541845,2.053822350892664,-0.0597360970017027,1.7428986156671085,1.7428986156671085,0.1076322650920661,0.1076322650920661,1.0,0.902405667715802,0.1692841975679177,0.3646095211060592,0.1692841975679177,override,override,2.705845775390885,-0.1811102943148725,-0.3644080069353432,-0.0434413976010474,0.0,0.0,0.2584585816655423,0.8255900783265199,0.0,0.0,0.0,0.8660254037844448,-0.4999999999999894,0.0,override,override
2459.2144613,CONTEXTUAL_OVERRIDE_1,34.99247340000011,1.9952413835033111,2.583539123830896,2.6384185026319806,2.2006966500475134,2.099313143902486,1.6394522997393683,0.9819316103682872,0.8480968144427689,0.96692462164484,1.201106110612331,1273.0255859374995,-0.9251478653840336,-0.3577280711760159,0.0728459272381929,-0.4559184481442386,-0.4891820243480846,2.73011724429028,2.25500858321976,0.9937537978306512,1.8596953056355632,1.1337466558380198,-0.8118140254915513,0.5668733279190099,2.2405850830698,2.0915220133952017,1.4307609401674366,-0.1424410719689115,0.4891820243480846,0.7308791480203211,0.4865927305220799,0.9937537978306512,0.0173489637598978,1.5070072943000214,1.5070072943000214,0.0122432798556486,0.0122432798556486,0.9296111397481688,0.9515265494606064,0.0163205714410481,0.0351517496777003,0.0163205714410481,override,override,2.49086292357744,0.5454749314189704,0.1276285285465533,1.2142908413082014,0.0,0.0,0.2654995429040421,-1.6001661732767742,1.0,0.0,1.0,-0.8660254037844313,-0.5000000000000128,0.0,override,override
2460.2144613,CONTEXTUAL_OVERRIDE_1,35.99247340000011,2.36173753971237,2.047755362020218,1.7266380768436604,1.960275124544293,2.68041621127404,1.4288951948478477,0.9483451117931816,0.7908473445261104,0.9278824901202362,1.136214639476708,1231.35263671875,-0.4364050964477604,-1.103855943838046,-1.2618198501522946,-0.8437954266364378,0.0884378496151093,1.8884814893419417,1.9740636928773176,0.5362133665642094,1.4767985901262888,0.8008276481420282,-0.8406870124562703,0.4004138240710141,1.600703355026715,1.5202713500420837,1.4018398645240788,-1.1828378969951705,-0.0884378496151093,0.3396402470072273,0.1456463992652899,0.5362133665642094,0.0656377941882458,1.057094619947665,1.057094619947665,0.0580635207427013,0.0580635207427013,0.978389956500992,0.9735455470823388,0.0584635912450227,0.1259206843417024,0.0584635912450227,override,override,1.613273435196891,2.154493631868807,1.801744682880514,2.198749428222728,0.0,0.0,0.0166722133018075,0.4396341239454895,0.0,0.0,0.0,-2.939152317953648e-15,1.0,0.0,override,override
2461.2144613,CONTEXTUAL_OVERRIDE_1,36.99247340000011,2.975284537058156,2.184910633000361,1.442852065742645,2.1208157596402337,2.547663499083665,1.3533784852999429,0.9255663925629422,0.7664144451667517,0.9637299256929291,1.1243565853476023,1184.20087890625,0.3817935484085961,-0.9128546894981294,-1.677226308117445,-0.58479192711244,-0.0435191287407577,1.586627211452292,1.7835238912373734,0.3409444963677773,1.82836406066328,0.7399911230212408,-0.8733559767174163,0.3699955615106204,1.3747977473459148,1.323656072890748,1.2943681979966453,-1.2950404988077873,0.0435191287407577,0.3207019921431621,0.0833429874237985,0.3409444963677773,0.0791372081988572,0.9456772175377168,0.9456772175377168,0.0749647968399465,0.0749647968399465,0.9875763703701028,0.9830972569492308,0.0688283675578665,0.1482446589482582,0.0688283675578665,override,override,1.0599512049933055,0.9679558572242758,0.7786752919760208,1.168923892536336,0.0,0.0,-0.5871357631330827,-0.1834738097557293,0.0,0.0,0.0,0.8660254037844414,-0.4999999999999953,0.0,override,override
2462.2144613,CONTEXTUAL_OVERRIDE_1,37.99247340000011,2.594928210568538,2.344501896654834,1.817639429822652,2.1117030123370824,1.950834427713848,1.2887759327972514,0.7823442481800098,0.6891803454089621,0.8770235561301841,1.186044186972812,1169.841015625,-0.125432519427501,-0.6906092641355869,-1.128611910957635,-0.5994937092524172,-0.6367707433666006,1.3283988411714374,0.5854969650815011,-0.2763140278263803,0.9780113052460612,1.0564730082490876,-0.8833051680539423,0.5282365041245438,1.293049624879535,1.3344967290534917,0.1213381287575057,-0.909610587546611,0.6367707433666006,0.745634287699465,0.4074558652808654,-0.2763140278263803,0.1145481747541698,1.0658835987443391,1.0658835987443391,0.0936287713057355,0.0936287713057355,0.9407118719084367,1.0,0.0938805723484989,0.2022028695939902,0.0938805723484989,override,override,1.2646559700830708,0.3814024267821613,0.3211164126800614,-0.1398793063664351,0.0,0.0,-0.3902086170074675,0.1298535823057329,1.0,0.0,4.0,-0.8660254037844347,-0.5000000000000068,0.0,override,override
2463.2144613,CONTEXTUAL_OVERRIDE_1,38.99247340000011,1.934739983030264,2.2966558573331044,2.0661297141235955,2.006622887689264,2.0100473915774355,1.3626018309596872,0.6902448181660992,0.7179283193036783,0.8596921656652989,1.329759090461852,1166.07041015625,-1.0058298084024269,-0.7572392482429451,-0.7648713994372671,-0.7690216296941064,-0.5779127082875949,1.6234946327225823,-0.1848978472267419,-0.0465588808709065,0.8080376837999246,1.7937875154313896,-0.8859176215660957,0.8968937577156948,1.415566801598476,1.422550633729112,-0.8149949448363112,-0.7610553238401061,0.5779127082875949,0.8711792968293893,1.1625484565569049,-0.0465588808709065,0.0913181674647855,1.0363226346486676,1.0363226346486676,-0.0233416215752468,0.0,0.8399757400257752,1.0,0.0,0.0,0.0,override,override,1.3426639270206315,-0.1189244121167128,-0.1451314217535514,0.1647170724018066,0.0,0.0,-0.5462113396678394,-0.4291715614678851,0.0,0.0,0.0,-1.028950903538412e-14,1.0,0.0,override,override
2464.2144613,CONTEXTUAL_OVERRIDE_1,39.99247340000011,1.8802242199949648,2.329385106095463,2.178270243363193,1.9931981661721776,1.764531554031122,1.3397053584277367,0.6583407582146383,0.6615128580307662,0.8143849675328889,1.1511410586708994,1178.7930175781248,-1.0785295748942407,-0.7116607770508413,-0.6007198971661536,-0.7906800082783356,-0.8219568978681571,1.5319731903328315,-0.4517694475663341,-0.4974338761936588,0.363697770060962,0.8774061041335527,-0.8771027983981748,0.4387030520667763,1.5963992839839185,1.6710143654129672,-0.9444385081662362,-0.6561903371084974,0.8219568978681571,1.2143309605489263,0.2240713104901293,-0.4974338761936588,0.0736351136010213,1.415427259477953,1.415427259477953,0.1393669790020881,0.1393669790020881,0.9669478674911214,1.0,0.1907438311947681,0.4108299412764548,0.1907438311947681,override,override,1.2488032308774617,-0.5856850217302942,-0.5410050560249824,-0.40309797080923,0.0,0.0,-0.7323890372499784,0.0819772321846576,0.0,0.0,0.0,0.866025403784445,-0.4999999999999889,0.0,override,override
2465.2144613,CONTEXTUAL_OVERRIDE_1,40.99247340000011,2.021869393238072,2.105022528465573,1.9218922477551024,1.834966729123971,1.9851854272273928,1.305432660900533,0.5971725379023102,0.6979591489025436,0.757284752330249,0.8370090123458598,1140.2283447265625,-0.8896379507818046,-1.0241061788790369,-0.9760064542538882,-1.045958031226888,-0.6026256473868599,1.3949788691377083,-0.9634303731510828,-0.2061534212337967,-0.1962994432619189,-0.7342159983993121,-0.9038222247266772,0.0,1.4671325665695372,1.498055579754607,-1.31217509043551,-1.0000563165664624,0.6026256473868599,1.2051350910075755,-0.6744907580950871,-0.2061534212337967,0.097144725130413,1.308979961972616,1.308979961972616,0.1885148166920466,0.1885148166920466,1.0,1.0,0.2467621175848299,0.531483852671037,0.2467621175848299,override,override,1.1006069479150162,-0.5786696111513762,-0.5993260205833827,-0.5175185479409757,0.0,0.0,0.5540477974727985,1.2233586501768468,1.0,0.0,10.0,-0.866025403784431,-0.5000000000000131,0.0,override,override
2466.2144613,CONTEXTUAL_OVERRIDE_1,41.99247340000011,2.153141427253988,1.992173462894127,1.8622229302598183,1.970860458884332,2.1497715289209265,1.3287409184082015,0.6113315529011326,0.7609084939693364,0.7894946829524078,0.9450305521334968,1097.75185546875,-0.7145794779932441,-1.1812588199784388,-1.0633505052652352,-0.8267178896249324,-0.4390260922402571,1.4881462923605138,-0.8449928138649955,0.296940677833479,0.1195920350051949,-0.1800226166414562,-0.933251942172642,0.0,1.3842170551187962,1.3396759534437743,-1.217029386955124,-1.1223046626218371,0.4390260922402571,1.0263928894203966,-0.6744907580950871,0.296940677833479,0.1162028127037509,1.1375425189059802,1.1375425189059802,0.1839812578346653,0.1839812578346653,1.0,0.985262639868452,0.2062021728964446,0.4441245939724383,0.2062021728964446,override,override,1.1129236734625605,-0.2435720217303013,-0.1894221172259546,-0.5823847847891473,0.0,0.0,-0.4125472664513502,0.6843038928070866,0.0,0.0,0.0,-3.429011037612589e-15,1.0,0.0,override,override
2467.2144613,CONTEXTUAL_OVERRIDE_1,42.99247340000011,1.933796031100949,1.9520717316381853,2.2105018187834395,1.9749711815299584,2.216348325820151,1.1942303970331032,0.59711150721422,0.7097989685196271,0.7523302517421466,0.9860717146475414,1039.93583984375,-1.0070886201849245,-1.2371041470763378,-0.5535392608549606,-0.8200859764637967,-0.3728483637217213,0.9504828197156424,-0.9639408836448956,-0.111529031145934,-0.2448895670100969,0.0305348396737073,-0.9733096077995692,0.0152674198368536,0.985701125657506,1.002430480329396,-1.2053784435330197,-0.8953217039656491,0.3728483637217213,0.8580625184670684,-0.6432196641605183,-0.111529031145934,0.1304070046345783,0.8804826944237342,0.8804826944237342,0.1770911550909116,0.1770911550909116,1.0,1.0,0.1559256973930572,0.3358375717958057,0.1559256973930572,override,override,1.0860813789144497,0.212103549346315,-0.0440378606950395,-0.1789597839549337,0.0,0.0,-0.6210360915346043,-0.4952699003211654,0.0,0.0,0.0,0.8660254037844416,-0.4999999999999949,0.0,override,override
2468.2144613,CONTEXTUAL_OVERRIDE_1,43.99247340000011,1.9664848920034588,1.93932758467156,2.0331053444589737,1.8249578214090767,2.204720760767576,1.1701327185582489,0.6580973293301722,0.6861385858412118,0.7705423559178888,1.1122891701463329,986.5997802734375,-0.9634962274130016,-1.2548515368683797,-0.8132125293459893,-1.0621056073406927,-0.3844062319163366,0.8541599346430376,-0.453805685464119,-0.3006239120307814,-0.0662785486283294,0.6780804924875952,-1.0102633483337338,0.3390402462437976,0.8746182422928617,0.9197118290974792,-0.7521057306858279,-1.0340320331071844,0.3844062319163366,0.6765798755139705,0.0199395714028176,-0.3006239120307814,0.1729286749715582,0.7841725053907427,0.7841725053907427,0.1857171243210652,0.1857171243210652,0.9970135326817878,1.0,0.1451993307069294,0.3127347927010944,0.1451993307069294,override,override,1.0742309936135872,-0.7350866683726738,-0.6330384825482884,-0.1387298665533883,0.0,0.0,0.2115322573361695,0.0618336486057512,1.0,0.0,10.0,-0.8660254037844345,-0.5000000000000072,0.0,override,override
2469.2144613,CONTEXTUAL_OVERRIDE_1,44.99247340000011,2.6328865966356623,2.347488534026735,2.1732468328634527,2.342192879164249,2.596498654688078,1.2032789021260633,0.6804858600502323,0.6687164432843676,0.8322513717681705,1.1950249224145368,955.6618408203124,-0.0748129252066659,-0.6864500985401637,-0.608073174216372,-0.22763967941517,0.0050233037622831,0.9866513708504564,-0.2665297390295656,-0.4398624871765121,0.5389184158737864,1.1025477462588096,-1.0316986136387254,0.5512738731294048,1.0027847730798845,1.0687641461563613,-0.651011050024531,-0.6472616363782678,-0.0050233037622831,0.580313922777053,0.4546415546674484,-0.4398624871765121,0.1493739212656656,0.7438929769491267,0.7438929769491267,0.094396903963554,0.094396903963554,0.9340771586415668,1.0,0.0655920132784807,0.14127409937513,0.0655920132784807,override,override,1.0914871059995757,-0.606267039046076,-0.6599554843650577,-0.7758341350018243,0.0,0.0,-0.2928761925285506,0.542744643005615,0.0,0.0,0.0,-1.0779367755043061e-14,1.0,0.0,override,override
2470.2144613,CONTEXTUAL_OVERRIDE_1,45.99247340000011,2.2469985791496523,2.1772425267786644,2.404108463147984,2.397809888055806,2.733850981503755,1.1773264879413936,0.6417676225558019,0.8268148216421419,0.8706421106113132,0.9576698916794176,940.7957519531247,-0.5894158070384174,-0.9235332284728932,-0.2701375171891467,-0.1379116181840561,0.1415523261656271,0.8829147635471802,-0.5904006826708283,0.82366711967654,0.9154267476422528,-0.115177787175868,-1.0419985419645454,0.0,0.5946312716603912,0.4710812037089102,-0.8111293735576234,-0.5968353728310201,-0.1415523261656271,0.3038215837365079,-0.6744907580950871,0.82366711967654,0.0880319044645936,0.3197325495785468,0.3197325495785468,0.0920044914988663,0.0920044914988663,1.0,0.9596531556668332,0.0282299543530187,0.06080254557352,0.0282299543530187,override,override,1.2302633868992494,0.6183017285446218,0.3842619641451502,0.2360667989614775,0.0,0.0,-0.5911339516520748,-0.7578477096309307,0.0,0.0,0.0,0.8660254037844453,-0.4999999999999885,0.0,override,override
2471.2144613,CONTEXTUAL_OVERRIDE_1,46.99247340000011,2.8019708475938647,2.7502461619282523,2.869118300747603,2.86241833593335,1.952221886198297,1.1164797914668458,0.9147523273681888,0.8841994902771414,0.8714900410059736,0.9599211998613502,931.831640625,0.1506702172405041,-0.1255732793379589,0.4105446940543384,0.6116507205769902,-0.6353916014554389,0.6396992456008623,1.6930662225553543,1.2822880653999096,0.9237426297526168,-0.1036276824728875,-1.0482093015671028,0.0,0.190898422710894,-0.0014447870990924,1.5331414111551387,0.1424857073581897,0.6353916014554389,-0.1968761994314366,-0.6744907580950871,1.2822880653999096,0.1041292314135963,0.0082486203191395,0.0082486203191395,0.1013876034611553,0.1013876034611553,1.0,0.9378976948296324,0.0007843712009487,0.0016894028625002,0.0007843712009487,override,override,1.162982790332886,0.0921177917436598,0.2000442986373685,-0.9242325366808596,0.0,0.0,-0.5816953665359128,0.1509879410621693,1.0,0.0,6.0,-0.8660254037844308,-0.5000000000000135,0.0,override,override
2472.2144613,CONTEXTUAL_OVERRIDE_1,47.99247340000011,3.642318714160071,3.236618160896174,3.18662334645069,3.1179369255035363,2.1936853569224306,1.1037002911235143,0.9020530166700832,0.7717408324864548,0.8374611846366894,1.0177079040642631,917.78935546875,1.2713202874174347,0.5517441960665045,0.875309133675127,1.0238841021913363,-0.3953754883805951,0.5886172152658445,1.586838821579762,0.3835132320241384,0.5900124560267095,0.1928410503910599,-1.057938459782976,0.0964205251955299,0.4302824527585136,0.3727554679548929,1.4155793864644184,0.7135266648708157,0.3953754883805951,-0.0213791788418733,-0.4769999356228043,0.3835132320241384,0.0758833634891573,0.2943480076638849,0.2943480076638849,0.1958236874165733,0.1958236874165733,1.0,0.9810070218422018,0.0565455510529959,0.1217895502729332,0.0565455510529959,override,override,1.0574044630852604,0.1045435042609011,0.1995166156314974,-0.2637155225148049,0.0,0.0,-0.6169267293699313,-0.1279733549721919,0.0,0.0,0.0,-3.91886975727153e-15,1.0,0.0,override,override
2473.2144613,CONTEXTUAL_OVERRIDE_1,48.99247340000011,2.885496768269737,2.851509262964481,2.785701561883099,2.557353831333623,2.9620018662960472,1.154208331991635,0.794046953385525,0.8229257359910703,0.8785482839426234,1.01239577487948,923.4264160156248,0.2620566235028136,0.0154448468926365,0.2884391262278366,0.1194838979861531,0.3683356503604258,0.7905072114685513,0.6833879441998284,0.7925853659308053,0.99296472219925,0.1655877188514695,-1.0540328380609594,0.0827938594257347,0.4924038685363358,0.3735160636467149,0.4650626764762569,0.1519419865602365,-0.3683356503604258,-0.0828505558358439,-0.5049103978918537,0.7925853659308053,0.0348524867395808,0.2079617323523711,0.2079617323523711,0.0547851380297538,0.0547851380297538,1.0,0.9611457002923356,0.0109505369299198,0.0235856038734531,0.0109505369299198,override,override,0.9234256943394198,1.2550300904496343,1.2037887684298505,0.6895415701942885,0.0,0.0,-0.5517421521523043,-0.4451954742790385,0.0,0.0,0.0,0.8660254037844418,-0.4999999999999945,0.0,override,override
2474.2144613,CONTEXTUAL_OVERRIDE_1,49.99247340000011,2.287723345408667,2.7418660511541626,2.5374683509644336,2.2506064166519906,2.5567601029325,1.134999079450348,0.8002514677750733,0.9076800263401904,0.8584335244498233,1.0167599224551818,903.27490234375,-0.5351070927763237,-0.1372433497473588,-0.0749250808272231,-0.3753979979587739,-0.0344770509000345,0.7137242704563792,0.7352875672254854,1.4699456037543144,0.7956938498802397,0.187977528404483,-1.0679947582627964,0.0939887642022415,0.1757461180918088,-0.0447457224713383,0.5333593085608302,-0.1060842152872909,0.0344770509000345,-0.2293709607529178,-0.4819807265658805,1.4699456037543144,-0.0176614358800993,-0.1097107734833794,0.0,0.0,0.0,1.0,0.9291386728708588,0.0,0.0,0.0,override,override,0.8157072399591788,0.9557926958230114,0.7890694093328743,-0.190239885756564,0.0,0.0,-0.7446484526696022,-0.2461592776929818,1.0,0.0,6.0,-0.8660254037844343,-0.5000000000000077,0.0,override,override
2475.2144613,CONTEXTUAL_OVERRIDE_1,50.99247340000011,2.1616782561202417,2.508959367862838,2.393086708007038,2.1507694453999595,1.766889213285147,1.0744610869825943,0.7881509951092731,0.8728747819161471,0.8166706794000409,1.0028224845988205,893.9877197265625,-0.70319514746933,-0.4615871998589096,-0.2862711815861197,-0.5364670314822788,-0.8196133706737164,0.471742699614091,0.6340693363764764,1.1917804684737014,0.3861143629148006,0.1164729392841849,-1.07442935690945,0.0582364696420924,0.0400604182377724,-0.1387066520332828,0.5015745440624306,-0.3739291907225147,0.8196133706737164,-0.0099177968350374,-0.5552094301394895,1.1917804684737014,-0.0780132617088708,-0.0060505042325663,0.0,0.0,0.0,1.0,0.9421516562916896,0.0,0.0,0.0,override,override,0.5076669069370932,0.980592629106987,0.8060566478521428,0.8921646423332659,0.0,0.0,-0.6584998407099479,0.3184415666272494,0.0,0.0,0.0,-1.1269226474702003e-14,1.0,0.0,override,override
2476.2144613,CONTEXTUAL_OVERRIDE_1,51.99247340000011,2.5893718476128944,2.6526668872011294,2.5797292996669583,2.514678542959545,1.7073556428636394,1.1271826320847371,0.9042052848872648,0.8325134511570332,0.8665216257997047,1.1854769777379155,921.2039062499998,-0.132842234836923,-0.2614613406371714,-0.0130634304144629,0.0506349799195428,-0.8787900905609354,0.6824804823022862,1.6048421498192773,0.8692108323024688,0.8750160415905993,1.0535629997020013,-1.055572697770792,0.5267814998510006,0.246561316033672,0.1161796911883016,1.3025266542809557,-0.1372623855258172,0.8787900905609354,-0.0984604350828641,0.4044756907786004,0.8692108323024688,-0.1058449496197655,0.0938012126187447,0.0938012126187447,-0.06067135361679,0.0,0.941132488744996,0.9574703335785336,0.0,0.0,0.0,override,override,0.4984700232054266,0.5248312056261352,0.3402016005028698,0.0385700236517612,0.0,0.0,1.7415050300086408,4.378287421202143,0.0,0.0,0.0,0.8660254037844455,-0.4999999999999881,0.0,override,override
2477.2144613,CONTEXTUAL_OVERRIDE_1,52.99247340000011,2.568904743053345,2.558449562465019,2.469708412226894,2.342742709964948,1.865127410233368,1.0642739840147513,0.6910805097708652,0.793697703427073,0.806869021248433,1.1739499469436974,1088.902734375,-0.160136243750993,-0.3926675792056744,-0.174112197322818,-0.2267526261065678,-0.7219640238955812,0.4310229618427424,-0.1779074404793378,0.5589935677208161,0.2899868574165347,0.9944247556996144,-0.9393830311111254,0.4972123778498072,0.1110721186780049,0.0272230835198825,-0.4099662754024752,-0.2833898882642462,0.7219640238955812,0.1778144304565982,0.3439115089100941,0.5589935677208161,-0.1365454837295994,0.0647041344590754,0.0647041344590754,-0.0338052832908543,0.0,0.9497212805430812,0.9724373001844524,0.0,0.0,0.0,override,override,0.4481064271104248,-0.0188490898099863,-0.1246506434783424,0.0379777954074083,0.0,0.0,0.1599416274835204,0.0699501434848637,1.0,0.0,4.0,-0.8660254037844306,-0.500000000000014,0.0,override,override
2478.2144613,CONTEXTUAL_OVERRIDE_1,53.99247340000011,3.116741260114454,3.120525619643401,2.7645565170622417,2.5713151459467127,2.048499528518481,1.0697547313003934,0.654976065039826,0.8089095704061665,0.8210789806964346,1.02577958862468,1000.829443359375,0.5704338638386711,0.3900747185442125,0.2574869727426526,0.1420079732184757,-0.5396910575329947,0.4529305240777429,-0.4799144878395788,0.6805675174554484,0.4293477628714785,0.2342519965024945,-1.0004043658404151,0.1171259982512472,0.1854503934055242,0.0833652657872069,-0.6224286184218264,0.3237808456434325,0.5396910575329947,0.2621150043466521,-0.4345904912108497,0.6805675174554484,-0.1363198093965036,0.132688287904749,0.132688287904749,0.0909676695633517,0.0909676695633517,1.0,0.9665440777165988,0.0116665198272396,0.0251277099002555,0.0116665198272396,override,override,0.3740476730218231,-0.0488170079874519,-0.1331205733461812,0.0993841568307932,0.0,0.0,-0.4791702692960569,-0.5091079605724798,0.0,0.0,0.0,-1.8619583192132475e-14,1.0,0.0,override,override
2479.2144613,CONTEXTUAL_OVERRIDE_1,54.99247340000011,2.753701361198887,3.0836782922492656,3.075542292100888,2.561113239852097,2.1539025845657376,1.2499413967027662,0.8780326132275765,0.8254941245877737,0.8772070972953265,0.9876979724631598,967.44072265625,0.0863002039780568,0.3387614463596357,0.7127084925953933,0.1255490288599868,-0.434919798581055,1.1731700061207764,1.3859125596163262,0.8131120472766099,0.9798113429629948,0.0388781878635177,-1.023537648118316,0.0194390939317588,0.8837210160910232,0.7617542089995316,1.0877602846031924,0.5257349694775144,0.434919798581055,0.2390936654123038,-0.6346751416491709,0.8131120472766099,-0.127129889590435,0.5794449027075048,0.5794449027075048,0.1290563604367332,0.1290563604367332,1.0,0.9601597497603526,0.0718017544632167,0.1546488312880174,0.0718017544632167,override,override,0.3234038764264928,-0.2183655766476337,-0.3677375493366182,0.393957897316553,0.0,0.0,-0.6759182458408332,-0.129284155222115,0.0,0.0,0.0,0.866025403784442,-0.499999999999994,0.0,override,override
2480.2144613,CONTEXTUAL_OVERRIDE_1,55.99247340000011,1.7958981064346229,2.02189933080481,2.2602901901652253,1.8766516785065,2.0765396192168497,1.2324726393893224,0.8164731157241562,0.7455411459680134,0.8223019483979459,1.0828260017863094,918.3717285156248,-1.1909830823509646,-1.1398628312081265,-0.4806589559966673,-0.978706847368648,-0.5118190421117579,1.1033441469692449,0.8709786722103539,0.1741241165241335,0.4413417370167556,0.526922742442163,-1.0575349642371543,0.2634613712210815,0.9765353633805276,0.9504167459019078,0.5292772926627723,-0.810260893602397,0.5118190421117579,0.459323595524952,-0.1348628854340182,0.1741241165241335,-0.1816959842839033,0.7992097399114628,0.7992097399114628,0.0459323595524952,0.0459323595524952,1.0,0.9913315834371832,0.036391375121028,0.0783808651126195,0.036391375121028,override,override,0.2354429598677503,-0.4874619905216444,-0.8134938408243791,0.0185232839666884,0.0,0.0,-0.3700336555749933,0.9047886115520108,1.0,0.0,6.0,-0.866025403784434,-0.5000000000000081,0.0,override,override
2481.2144613,CONTEXTUAL_OVERRIDE_1,56.99247340000011,2.4863051985329987,2.712066379900657,2.3933726930337094,2.1425259776075887,3.254620392873308,1.2040286289483833,0.8212394177181742,0.7955133209896457,0.8547882700252218,1.2007206493370537,899.9180664062501,-0.2702872764912134,-0.1787421164200651,-0.2858525562053279,-0.5497663871573168,0.6592001904589221,0.9896481678496998,0.9108479127640832,0.5735040678844638,0.7599438564277567,1.131769086474515,-1.070320532706006,0.5658845432372573,0.6474506082808231,0.5614249980981535,0.5219647349923437,-0.2322973363126965,-0.6592001904589221,-0.170461417977299,0.4845674781222272,0.5735040678844638,-0.2215388271946943,0.281600852368172,0.281600852368172,-0.072685121718334,0.0,0.9298935872268098,0.9717320284813457,0.0,0.0,0.0,override,override,-0.0040692142896887,-0.5973914044277295,-0.7429429389330847,0.3626809275856373,0.0,0.0,-0.1110366147684952,0.5235745054575526,0.0,0.0,0.0,-1.1759085194360944e-14,1.0,0.0,override,override
2482.2144613,CONTEXTUAL_OVERRIDE_1,57.99247340000011,3.1512494487948346,3.052869422313099,2.5144671098840954,2.476488713898343,5.235521347480496,1.258991168720316,0.8076211610327287,0.8851574438502166,0.8938209026177264,1.230506737035488,909.70712890625,0.6164524302025804,0.2958572782547503,-0.1085943376341933,-0.0109774546342599,2.628227414681395,1.20934362138788,0.7969336974256752,1.2899440749943407,1.142747413347588,1.2845835409192805,-1.0635382079783826,0.6422917704596401,0.5972902525249506,0.4037986412757994,0.3340248494637952,0.0936314703102784,-2.628227414681395,-0.8624537324383521,0.6410665857175729,1.2899440749943407,-0.2219786928270697,0.0994278359733056,0.0994278359733056,-0.0774336937955802,0.0,0.9083186844829904,0.9375387358513398,0.0,0.0,0.0,override,override,-0.0538977357062644,-0.7422956601479791,-0.7069850066934661,-0.3815963154673285,0.0,0.0,-0.2908516450047185,-0.5945692430790889,0.0,0.0,0.0,0.8660254037844457,-0.4999999999999877,0.0,override,override
2483.2144613,CONTEXTUAL_OVERRIDE_1,58.99247340000011,3.931819655482831,3.2157855746079584,2.7764599899181897,3.148495554227761,5.084736330152278,1.2824290659061934,0.711434440548141,0.7662476417246413,0.8256971592770347,1.2367812698534677,933.7671142578124,1.657385705225072,0.5227329150289,0.2749112970685389,1.073184964714391,2.478346218736899,1.3030292384208473,-0.0076505487860238,0.3396113954857775,0.4746394859689407,1.3167743851544478,-1.0468683140435795,0.6583871925772239,1.0195684518565191,0.9686267425336526,-0.4980046565355417,0.3988221060487194,-2.478346218736899,-0.3124927137804409,0.6740336136983285,0.3396113954857775,-0.298390809414424,0.5540099085235176,0.5540099085235176,-0.0213406208450053,0.0,0.9038380868894826,0.9831627875241948,0.0,0.0,0.0,override,override,-0.0972988752164902,-0.678780951689944,-0.543364992654795,-0.0681828677784777,0.0,0.0,-0.365536238447859,-0.0942505536012323,1.0,0.0,3.0,-0.8660254037844303,-0.5000000000000144,0.0,override,override
2484.2144613,CONTEXTUAL_OVERRIDE_1,59.99247340000011,3.1107324524034583,3.0823965543302414,3.0513386335230424,2.916778645383158,2.997670742750627,1.1882140569508146,0.7448159472914493,0.6626621467666722,0.8029243558363112,1.173562161457632,968.7905517578124,0.5624207884791501,0.336976509123763,0.6772791349585866,0.6993513228219836,0.403790723787064,0.9264343938513544,0.2715796225428658,-0.4882487070621085,0.251300459643077,0.9924352622120972,-1.0226024227794654,0.4962176311060486,0.9732670335465802,1.0465043396058964,-0.0840833836964849,0.5071278220411748,-0.403790723787064,0.350203647376298,0.3418740448724515,-0.4882487070621085,-0.3355434043758665,0.7081694209789438,0.7081694209789438,0.085164822414997,0.085164822414997,0.950011578344405,1.0,0.0572962651314861,0.1234064613879596,0.0572962651314861,override,override,-0.1417962901643277,-0.7963384701112391,-0.7122353383480275,-0.1874490798468798,0.0,0.0,-0.0213001985726862,0.5286584196996276,0.0,0.0,0.0,-1.9109441911791416e-14,1.0,0.0,override,override
2485.2144613,CONTEXTUAL_OVERRIDE_1,60.99247340000011,2.105435018542032,2.5759508064738528,2.700656857070733,2.11814963538966,1.8021022597410303,1.2061624069053274,0.6319715200187586,0.8293542627488764,0.8616999875942856,1.0585470061005802,983.9567626953124,-0.7781985962155558,-0.368295496862006,0.1639505390077227,-0.5890932400520068,-0.7846113949524242,0.9981772736360376,-0.6723432807329219,0.8439624513336269,0.8277289350691335,0.4023618562410332,-1.012094555711934,0.2011809281205166,0.6524951836391389,0.5259008159390949,-0.9721828311720604,-0.1021724789271416,0.7846113949524242,0.5997865538572318,-0.2624271764076064,0.8439624513336269,-0.3322730163214379,0.518822798013795,0.518822798013795,0.0599786553857231,0.0599786553857231,1.0,0.9586798256482444,0.0298324804826368,0.0642541157323092,0.0298324804826368,override,override,-0.2025514033356794,-0.7314145221787663,-0.6636160978419773,-0.8107880470932096,0.0,0.0,0.0504348071914954,-0.1220187562346332,0.0,0.0,0.0,0.8660254037844423,-0.4999999999999936,0.0,override,override
2486.2144613,CONTEXTUAL_OVERRIDE_1,61.99247340000011,2.653583324867612,3.04938478184877,2.8698070051514635,2.4366148803597234,1.6622160306732034,1.1154225915670783,0.6110924732509354,0.8571642747498445,0.8022475987911162,1.0128624191944715,991.751708984375,-0.0472127005040782,0.2910045978229,0.4115528207617919,-0.0753067281528805,-0.9236591311291136,0.6354734217502231,-0.8469926712171264,1.0662213631274176,0.2446633207450734,0.1679817894369434,-1.0066938488549897,0.0839908947184717,0.241298220976009,0.0813650165068964,-1.0268587503343,0.351278709292346,0.9236591311291136,0.4397149835198843,-0.5024586016170296,1.0662213631274176,-0.3549367605930178,0.1894916867410764,0.1894916867410764,0.1142272402104576,0.1142272402104576,1.0,0.9480850475397552,0.0205214074370153,0.0441996396918887,0.0205214074370153,override,override,-0.2996368030783684,0.3874914481229526,0.4448182793521743,-0.5816103082059378,0.0,0.0,0.0275952897611575,-0.1132987220156528,1.0,0.0,4.0,-0.8660254037844337,-0.5000000000000084,0.0,override,override
2487.2144613,CONTEXTUAL_OVERRIDE_1,62.99247340000011,2.706667456336931,2.8942796942263733,2.806973580636874,2.511715926674292,1.8536522700368143,1.1227133890562877,0.7121924132552095,0.7924587636714634,0.7887454824511771,0.9919112126623528,999.6518798828124,0.0235779066042062,0.0750065827362654,0.319577144377464,0.0458553302989418,-0.7333703808849261,0.6646160899692194,-0.0013102463399755,0.5490919034622651,0.1122444235921672,0.0604937826674731,-1.0012202374200927,0.0302468913337365,0.4648722009239925,0.3825084154046527,-0.1750259916657145,0.1972918635568646,0.7333703808849261,0.4059028980678082,-0.6125383528928147,0.5490919034622651,-0.354244832114271,0.4015831791424641,0.4015831791424641,0.0800486625181537,0.0800486625181537,1.0,0.9729188567628514,0.0312756406314422,0.0673624385308632,0.0312756406314422,override,override,-0.2378498202915212,0.0288145059693726,-0.0048999570657154,-0.6361743755097099,0.0,0.0,-0.5340839280277251,-0.1360398019487486,0.0,0.0,0.0,-2.6459798629221888e-14,1.0,0.0,override,override
2488.2144613,CONTEXTUAL_OVERRIDE_1,63.99247340000011,3.120017875759177,2.7187147745198232,2.2446002734863897,2.5279268598340905,2.3448748260137515,1.099272957607703,0.7379380170579231,0.8180303782558151,0.8760265471695208,1.1567414784093653,987.19208984375,0.574803410901609,-0.1694836190795481,-0.5036258833939568,0.0720087612756434,-0.2450922649997543,0.570920343018727,0.2140469996968143,0.7534614387983303,0.9682333694248384,0.906138480659804,-1.009852968295284,0.453069240329902,0.1939415293568359,0.0809223135370863,-0.0419503961403428,-0.3365547512367524,0.2450922649997543,-0.015326272494338,0.2534964803916918,0.7534614387983303,-0.3616742523174118,0.0045263400482824,0.0045263400482824,-0.0380244720587537,0.0,0.9626893816118204,0.9630277302193108,0.0,0.0,0.0,override,override,-0.264520469882538,-0.8913270086670805,-0.8479178603805249,-0.9396544847628298,0.0,0.0,-0.5622353113886327,0.1604971480116447,0.0,0.0,0.0,0.866025403784446,-0.4999999999999872,0.0,override,override
2489.2144613,CONTEXTUAL_OVERRIDE_1,64.99247340000011,3.82327888081306,3.427324775658521,2.829251699203053,3.090862311905453,2.528047831627452,0.9909528899177148,0.9208292266322554,0.8611798528854444,0.9339335243468406,1.2115743693949312,993.053564453125,1.5126406162088266,0.8173205925857531,0.3521878931871011,0.9802040727335424,-0.0630172178061137,0.1379449656583329,1.74389836850077,1.0983140507037592,1.5361427150581193,1.1874529791069788,-1.005791861914208,0.5937264895534894,-0.3948965744763552,-0.5596436820819191,1.5609805046978145,0.5847542428864271,0.0630172178061137,-0.7605027027183712,0.5415940175034577,1.0983140507037592,-0.3816467119710688,-0.2035842060390527,0.0,0.0357117459517667,0.0357117459517667,0.9219732188705828,0.9465649376149244,0.0,0.0,0.0,override,override,-0.3294303695997018,2.269251744566437,2.859928267346678,10.47265955529739,0.0,0.0,-0.4479296027884597,0.0524157778997829,1.0,0.0,7.0,-0.8660254037844372,-0.5000000000000026,0.0,override,override
2490.2144613,CONTEXTUAL_OVERRIDE_1,65.99247340000011,2.949586642622366,3.037893697340744,2.9019510933789605,2.652205866768468,2.190640060396184,1.0304755552109237,0.948504850653734,0.8979584081661904,0.9217927263194428,1.0539246344897075,1082.208154296875,0.3475239936817638,0.2750022120664192,0.4586053931676628,0.2725106323074517,-0.398402531076528,0.2959243805954724,1.975399879099916,1.3922499783028492,1.4170746338130535,0.3786472548772034,-0.944021352299178,0.1893236274386017,-0.2386940186701752,-0.4475315154156026,1.854087877091397,0.366803802617041,0.398402531076528,-0.5999429229347708,-0.2867135828467314,1.3922499783028492,-0.3795986644122677,-0.1073096177348627,0.0,0.0733607605234082,0.0733607605234082,1.0,0.9327551935344908,0.0,0.0,0.0,override,override,-0.3244159131743476,-1.3120150632662153,-1.10036821077733,-1.1589346729825718,0.0,0.0,0.1731013956285991,0.738605201064592,0.0,0.0,0.0,-1.9599300631450363e-14,1.0,0.0,override,override
2491.2144613,CONTEXTUAL_OVERRIDE_1,66.99247340000011,2.1219267306871714,2.5578825284517914,2.4293163753773466,2.110376471351682,1.802843767645556,1.0011245181140571,0.7391886842413129,0.8594977745973488,0.8682450187633792,0.9186427080832794,1132.9369140625,-0.7562059915953924,-0.3934572259105068,-0.2332381313058568,-0.6016338450334631,-0.783874331724911,0.1786028479012194,0.2245086009234687,1.0848708026443523,0.8919178212720421,-0.3154027321280401,-0.908874072183226,0.0,-0.2011019330243038,-0.3638325534209567,0.1798578889481639,-0.3133476786081818,0.783874331724911,-0.0505299801479098,-0.6744907580950871,1.0848708026443523,-0.3915876174977105,-0.0126033465585856,0.0,0.0,0.0,1.0,0.9472013968559828,0.0,0.0,0.0,override,override,-0.3305600080271911,-1.1934146470537257,-0.9891063750769872,-0.8491995920740516,0.0,0.0,-0.321680306830202,-0.14045914339985,0.0,0.0,0.0,0.8660254037844426,-0.4999999999999932,0.0,override,override
2492.2144613,CONTEXTUAL_OVERRIDE_1,67.99247340000011,3.2359562929997,3.5988814277511763,3.077793008201375,2.84196419903206,2.1282131385778547,1.0213411974498448,0.7549085567500736,0.834632264587,0.85850792771907,0.8767466050641289,1114.297607421875,0.7294136629008132,1.0562289152910305,0.7160030947484769,0.5786516419698136,-0.4604552593054731,0.2594126604415756,0.3560024465321447,0.8861444879665544,0.7964235428120857,-0.5303463726307082,-0.9217882639492369,0.0,-0.0507379103467184,-0.1836595835417016,0.2911492814217508,0.8861160050197536,0.4604552593054731,-0.0673071007614686,-0.6744907580950871,0.8861444879665544,-0.4162995558071513,-0.0372690496601655,0.0,0.1772232010039507,0.1772232010039507,1.0,0.9566600030265358,0.0,0.0,0.0,override,override,-0.320798842702532,-1.2806053931823054,-1.0468395567414304,-1.29003470915451,0.0,0.0,0.1338476013619557,0.9074714918148388,1.0,0.0,5.0,-0.8660254037844264,-0.5000000000000212,0.0,override,override
2493.2144613,CONTEXTUAL_OVERRIDE_1,68.99247340000011,3.193702081463173,3.294409550699365,2.4651184675188285,2.449445356620911,2.1605075296919822,0.9564423639180658,0.7601815887390438,0.7584030312028163,0.7810654670917186,0.8876736278274304,1109.557666015625,0.6730653492944872,0.632223989978724,-0.1808309663912304,-0.054607057628834,-0.4283544441963123,0.0,0.400110390401336,0.276916902654697,0.0369244412714203,-0.4742864080195372,-0.925072319169754,0.0,-0.0969209159291439,-0.1384584513273485,0.400110390401336,0.2256965117937467,0.4283544441963123,-0.0380522769009663,-0.6744907580950871,0.276916902654697,-0.4146355177220927,0.0310231383108832,0.0310231383108832,0.0451393023587493,0.0451393023587493,1.0,0.9862495677161848,0.0013811072261985,0.0029746713017221,0.0013811072261985,override,override,0.19454558406201,0.0311688881572606,-0.4877937129847542,-0.286056844846942,0.0,0.0,0.2545314397864159,0.4032234692640876,0.0,0.0,0.0,-1.2738802633678828e-14,1.0,0.0,override,override
2494.2144613,CONTEXTUAL_OVERRIDE_1,69.99247340000011,2.505777393405108,2.531972358142537,2.582324356129312,2.3222509020310818,2.498489147269588,0.9193633266229724,0.7272568663500903,0.7774554728618988,0.7564404309359859,0.8752095105249869,1114.1438964843749,-0.2443200343310178,-0.4295395069184669,-0.0092647822391579,-0.2598124801632875,-0.0923987242754134,-0.1482117811350585,0.1247011362799183,0.4291849041936731,-0.2045799309318557,-0.5382322778159458,-0.9218947621447804,0.0,-0.2984264976028441,-0.3628042332318951,0.1617540815636829,-0.2194021445788124,0.0923987242754134,-0.2128573721581647,-0.6744907580950871,0.4291849041936731,-0.4158442548311759,-0.0376423798619287,0.0,0.0,0.0,1.0,0.978769366196601,0.0,0.0,0.0,override,override,0.2163816580771242,-0.9726643326192372,-0.9737823907121368,-0.84464237073686,0.0,0.0,-0.3764215974558075,-0.6661134006950329,0.0,0.0,0.0,0.8660254037844534,-0.4999999999999745,0.0,override,override
2495.2144613,CONTEXTUAL_OVERRIDE_1,70.99247340000011,3.137282240647908,2.966548670417536,2.998263399165664,2.773479167003688,2.9578704704886616,0.9755524188607498,0.8348761540750068,0.8291673865252788,0.8138200289589599,0.8533245697195346,1077.611474609375,0.5978263904245682,0.1756477393154535,0.5995875143444155,0.4681633350700607,0.3642290185776197,0.0763864298337329,1.0249167071587093,0.8424689278466364,0.3581572650737893,-0.6505107120836654,-0.9472061490363012,0.0,-0.2184776949125897,-0.3448480340895852,1.005820099700276,0.3876176268299345,-0.3642290185776197,-0.5355110505485485,-0.6744907580950871,0.8424689278466364,-0.4251444716598092,-0.1010962713415963,0.0,0.0775235253659869,0.0775235253659869,1.0,0.9587514188631702,0.0,0.0,0.0,override,override,0.2162550417176262,-1.0579718928579087,-0.957767138851192,-0.5906544220753424,0.0,0.0,-0.5833794134293446,-0.0485109843962805,1.0,0.0,9.0,-0.8660254037844298,-0.5000000000000153,0.0,override,override
2496.2144613,CONTEXTUAL_OVERRIDE_1,71.99247340000011,3.6366576390758047,3.085430782275854,2.391481660921624,2.6593905208631186,2.963522444032859,1.0003854514822197,0.8641273941261052,0.8120451854300147,0.8339771275292676,0.8656609376316937,1065.2225097656249,1.263770932628944,0.3412019489440754,-0.2886206523089099,0.2841017821261376,0.369847113593035,0.1756486616581835,1.2695979563862627,0.7056274988384301,0.5558433681469181,-0.5872202473736724,-0.9557898088719008,0.0,-0.0713209629352669,-0.1771650877610315,1.225685790971717,0.0262906483175827,-0.369847113593035,-0.4887755548301715,-0.6744907580950871,0.7056274988384301,-0.411126194720743,-0.0846752998606116,0.0,0.0052581296635165,0.0052581296635165,1.0,0.9653337573104503,0.0,0.0,0.0,override,override,0.2162655548723506,-0.7318435496184508,-0.8816554976900681,-0.8039942872811277,0.0,0.0,-0.5430685084607998,0.2709248069642323,0.0,0.0,0.0,-5.878304635907295e-15,1.0,0.0,override,override
2497.2144613,CONTEXTUAL_OVERRIDE_1,72.99247340000011,3.307877435146122,3.014652307443573,2.64290607142665,2.722494745802201,2.6213354269272937,0.9566580180826572,0.807797137038507,0.8634997084270623,0.8307884942584111,0.966902437098173,1095.6908203125,0.8253244591320587,0.2426364517770795,0.079414838266034,0.3859091225804996,0.0297112017549045,0.0008620096468233,0.7984057043851298,1.1168544442922563,0.5245715815231489,-0.0678111640198564,-0.9346799246484648,0.0,-0.3900370458554663,-0.5575652124993048,0.7981902019734239,0.1610256450215567,-0.0297112017549045,-0.5171374099390746,-0.6744907580950871,1.1168544442922563,-0.3681587165805023,-0.1340225333150707,0.0,0.0322051290043113,0.0322051290043113,1.0,0.94568785988687,0.0,0.0,0.0,override,override,0.214941665679056,0.4020292725518564,-0.585891592143604,0.7188042854328881,0.0,0.0,-0.4531291368564265,-0.0010692525134131,0.0,0.0,0.0,0.8660254037844499,-0.4999999999999804,0.0,override,override
2498.2144613,CONTEXTUAL_OVERRIDE_1,73.99247340000011,2.690374362646795,3.101098171252014,3.17350751527821,2.725096116801572,2.161211965493544,1.0236322321682236,0.7548999233108187,0.8309621807212579,0.8108805311595126,0.9305801240424386,1128.6681640625,0.0018501706109461,0.3630202204934871,0.8561101571311805,0.3901059677717168,-0.4276542308576468,0.268570350635925,0.3559302293988424,0.8568130066941484,0.3293288172226314,-0.2541590493138298,-0.9118316637484084,0.0,-0.0313142017070269,-0.1598361527111492,0.2887876417398611,0.6095651888123338,0.4276542308576468,-0.062930148364637,-0.6744907580950871,0.8568130066941484,-0.3326151677668622,-0.0386694261746507,0.0,0.1219130377624667,0.1219130377624667,1.0,0.958064045088858,0.0,0.0,0.0,override,override,0.1486683454385052,-0.8124706655995163,-1.0286670795406934,-1.0299802749951237,0.0,0.0,-0.4468642561975759,0.4187112465351691,1.0,0.0,3.0,-0.8660254037844333,-0.5000000000000093,0.0,override,override
2499.2144613,CONTEXTUAL_OVERRIDE_1,74.99247340000011,2.167244330883173,2.5696235713437883,2.6128158952424627,2.2532168398562296,2.2771360550891804,0.9915314333347626,0.8358239830157701,0.7625930126807391,0.7799879122994571,0.9196306351669046,1168.228515625,-0.6957724808310752,-0.3771067502517563,0.0353687858911296,-0.3711865486597693,-0.3124250025481085,0.14025751087417,1.032845122120771,0.3104034298696743,0.0263565707524088,-0.3103342739994043,-0.8844223841942308,0.0,0.0316163104197839,-0.0149442040606671,0.9977807444022284,-0.1708689821803133,0.3124250025481085,-0.1327009645132014,-0.6744907580950871,0.3104034298696743,-0.3159111845088866,0.0206810474447797,0.0206810474447797,0.0,0.0,1.0,0.9845996457060828,0.0,0.0,0.0,override,override,0.2878786454734957,0.6129765848658748,0.281624325401998,0.9686974952050148,0.0,0.0,-0.6744907594765952,0.0216439295372317,0.0,0.0,0.0,-2.7439516068539766e-14,1.0,0.0,override,override
2500.2144613,CONTEXTUAL_OVERRIDE_1,75.99247340000011,2.345014180647204,2.326348507901736,2.03597955903869,1.99927013848659,2.1335012688914285,0.8251580598942649,0.8557307837449831,0.7865471118973634,0.7614679327724694,1.0201112163147938,1214.26552734375,-0.4587066149683607,-0.7158895176583547,-0.8090052490316442,-0.7808839707984426,-0.4551988266057736,-0.5247676842197522,1.1993618531051355,0.5018457070143972,-0.155273864248656,0.2051709963088844,-0.8525257686637893,0.1025854981544422,-0.7260600562134017,-0.8013369122655613,1.3049073996214628,-0.7624473833449994,0.4551988266057736,-0.5769727443946295,-0.4643726907731629,0.5018457070143972,-0.2889063437162441,0.0080583391491383,0.0080583391491383,0.0,0.0,1.0,0.9752199093640682,0.0,0.0,0.0,override,override,0.3243101258060454,-0.451327189632037,-0.7975838782866492,-0.5104594311552003,0.0,0.0,-0.4109459340690266,0.2369679106575823,0.0,0.0,0.0,0.8660254037844465,-0.4999999999999864,0.0,override,override
2501.2144613,CONTEXTUAL_OVERRIDE_1,76.99247340000011,2.5685118274017107,2.473448125424109,2.2925792296033167,2.265883315943456,2.219221291008044,0.9531959104244512,0.7255464830803205,0.8835619022358332,0.82245251245738,0.9716184000432764,1252.50830078125,-0.1606602183692386,-0.5110398515907416,-0.433394203755937,-0.3507514629802582,-0.3699926193918252,-0.0129766760348021,0.1103940944459955,1.2771924320636507,0.4428183593624066,-0.0436164019573125,-0.826029369449048,0.0,-0.4599940272570798,-0.6515728920666275,0.113638263454696,-0.4722170276733393,0.3699926193918252,-0.3173408399106835,-0.6744907580950871,1.2771924320636507,-0.1946515297458905,-0.0977641989388643,0.0,0.0,0.0,1.0,0.9381366844114104,0.0,0.0,0.0,override,override,0.2476083737706886,0.2474719032539884,-0.3121200474583159,-0.1739168450236064,0.0,0.0,-0.2784450842990006,0.2629802280226312,1.0,0.0,5.0,-0.8660254037844367,-0.5000000000000034,0.0,override,override
2502.2144613,CONTEXTUAL_OVERRIDE_1,77.99247340000011,2.196281989840514,2.119690337475876,2.1464890853901792,2.066861456603904,2.120786787106085,1.0468296282497054,0.6211157870450422,0.9630338896643874,0.8383698147858405,1.087283884398197,1265.0589355468749,-0.6570491665430468,-1.0036799138192578,-0.647241211632571,-0.6718375108827827,-0.4678370964390004,0.3612946402006593,-0.7631494927311008,1.9123362588029336,0.5989236370031736,0.5497934499419658,-0.8173336970577167,0.2748967249709829,-0.3767472316231131,-0.6635976704435533,-0.9221973340240112,-0.8254605627259144,0.4678370964390004,-0.1815086006546541,-0.1114407207782066,1.9123362588029336,-0.0811187893083148,-0.1593047865905019,0.0,0.0,0.0,1.0,0.9088121944284668,0.0,0.0,0.0,override,override,0.2389674947508417,-0.5077493798529215,-0.7598966370942237,-0.801170454639055,0.0,0.0,0.1218682290902661,0.4348916648649005,0.0,0.0,0.0,-2.057901807076824e-14,1.0,0.0,override,override
2503.2144613,CONTEXTUAL_OVERRIDE_1,78.99247340000011,2.4837334127060378,2.320989178893836,2.0334684535809093,2.0192083856772616,1.934374130138232,0.8570730865209907,0.5758038779887756,0.8177679383435416,0.7171737514069539,1.143361937793534,1309.57890625,-0.2737168942508686,-0.7233528732816125,-0.812681009580047,-0.7487171876430606,-0.6531323761730318,-0.3971974103834959,-1.1421752876514188,0.7513640067903485,-0.5896788492925673,0.8374961258587967,-0.7864881591757313,0.4187480629293983,-0.7648618284924675,-0.8775664295110198,-1.1475629507878944,-0.7680169414308298,0.6531323761730318,-0.1440407747562979,0.1831990251631775,0.7513640067903485,0.0352064514739272,-0.0196736781633636,0.0,-0.0028353377427275,0.0,0.9728942825036464,0.9631287297745076,0.0,0.0,0.0,override,override,0.2048645394950606,-0.8821991282735436,-0.8934978337573458,-1.026968166758264,0.0,0.0,0.448883611169057,0.3669528318400617,0.0,0.0,0.0,0.866025403784443,-0.4999999999999923,0.0,override,override
2504.2144613,CONTEXTUAL_OVERRIDE_1,79.99247340000011,2.55422671550251,2.444052649659952,2.0038990194437143,1.9895058185184256,1.8825764085590004,0.7905386175283443,0.6309720375688915,0.7173371078441819,0.6785462934512679,1.0455375572467525,1352.849853515625,-0.1797102002746348,-0.5519757390907231,-0.8559647988384035,-0.7966369484835955,-0.7046196167162756,-0.6631480087713435,-0.680703767809274,-0.0512838704042842,-0.9685087492529236,0.3356182190990103,-0.7565080037086136,0.1678091095495051,-0.6871509315172203,-0.6794583509565777,-0.5568690430038145,-0.7039702689645633,0.7046196167162756,-0.0473260618722765,-0.3307801322084571,-0.0512838704042842,0.1207475725472367,0.1056929425074413,0.1056929425074413,0.0845233007830657,0.0845233007830657,1.0,1.0,0.0089335163702037,0.019241282838738,0.0089335163702037,override,override,0.1490338303200148,-0.6560041518008393,-0.7962097975891608,-0.7015972284417016,0.0,0.0,0.8775417918074416,0.6464700027903089,1.0,0.0,3.0,-0.8660254037844259,-0.5000000000000221,0.0,override,override
2505.2144613,CONTEXTUAL_OVERRIDE_1,80.99247340000011,2.380138541915341,2.2980456696624203,2.0658934568707017,2.1015398570992114,1.6438334709938598,0.8956437070927245,0.6270749225599146,0.7587613481569736,0.7547697640949358,1.1065583659230698,1385.360302734375,-0.4118663485904637,-0.7553038075099757,-0.7652172332160796,-0.6158901360588835,-0.9419315037963778,-0.2430234945688682,-0.7133024189130969,0.2797805884490614,-0.2209646113058054,0.6486791917939927,-0.7339832293859989,0.3243395958969963,-0.4220315995002888,-0.463998687767648,-0.7336314442451289,-0.7602605203630277,0.9419315037963778,0.1149521901466495,-0.0101706517263323,0.2797805884490614,0.1142404625601557,0.1249588834775667,0.1249588834775667,0.0914635428067739,0.0914635428067739,1.0,0.9861083623817803,0.0112704121308082,0.0242745609378764,0.0112704121308082,override,override,-0.0120932564284308,5.455441454461061,5.95779032471671,20.715163398043288,1.0,0.0,0.8263760794475878,0.016367176449602,0.0,0.0,0.0,-1.3718520072996712e-14,1.0,0.0,override,override
2506.2144613,CONTEXTUAL_OVERRIDE_1,81.99247340000011,2.777482592005788,2.430863260003938,2.040128050444096,2.4180322820552864,1.8078929804728177,0.8527139164799168,0.5479155244625603,0.7796505105993717,0.7712448287555326,1.0000929985979616,1334.086572265625,0.1180137824054586,-0.5703431700343093,-0.8029326800775503,-0.1052864151537548,-0.7788553844147751,-0.4146218205944816,-1.3754562414767515,0.4467277480752243,-0.0593892080169239,0.1024695925419483,-0.7695080909379296,0.0512347962709741,-0.5837852314885537,-0.6507943936998374,-1.284609485395875,-0.6866379250559298,0.7788553844147751,0.1270138720447925,-0.5695504247559402,0.4467277480752243,0.0999690593945237,0.0822730586999082,0.0822730586999082,0.0826797287806458,0.0826797287806458,1.0,0.9779112226991944,0.0066520593762267,0.0143274104634723,0.0066520593762267,override,override,-0.0767931542356528,-1.3220010776765565,-1.1097560782173383,-0.8618633669016932,0.0,0.0,0.4009401602501833,-0.1439944573649469,0.0,0.0,0.0,0.8660254037844538,-0.4999999999999737,0.0,override,override
2507.2144613,CONTEXTUAL_OVERRIDE_1,82.99247340000011,3.5323845224803923,2.835139630207915,2.192757346243864,2.787362238833828,2.045664839495162,0.7962938892160089,0.5488240217499276,0.7840909401937974,0.7259017228904262,0.8410705102141451,1263.442529296875,1.1247170002286646,-0.0073513633240348,-0.5795136507042936,0.4905611796157766,-0.5425087551297058,-0.6401431216445191,-1.367856828569656,0.482215868307594,-0.5040812785765805,-0.7133789019919436,-0.8184536196324536,0.0,-0.8089186755521771,-0.8812510557983162,-1.207821048158526,-0.2934325070141642,0.5425087551297058,-0.0664471834977658,-0.6744907580950871,0.482215868307594,0.0948471978875795,0.0235104090725445,0.0235104090725445,0.0663930385213056,0.0663930385213056,1.0,0.9761775497215592,0.0015237423775623,0.0032818832859405,0.0015237423775623,override,override,-0.0438515989737243,-1.2365849960408213,-1.031850046013286,-0.2167056933419275,0.0,0.0,0.5302783706376384,0.2567688913516654,1.0,0.0,2.0,-0.8660254037844294,-0.5000000000000161,0.0,override,override
2508.2144613,CONTEXTUAL_OVERRIDE_1,83.99247340000011,4.058073944568551,3.168899266173395,2.552188709164443,3.175357466007425,3.0077152970350336,0.8516252076952793,0.6667625014427444,0.7851418161399382,0.7508527384133468,0.9157185607350046,1339.520458984375,1.8257527393465345,0.4574394439258729,-0.0533773948221245,1.1165218379657034,0.4137750699479244,-0.4189735912951158,-0.3813231126373879,0.4906145178375323,-0.2593799387860878,-0.3304047688596454,-0.7657432376376588,0.0,-0.5906886725382521,-0.664280850213882,-0.276579714813609,0.2020310245518741,-0.4137750699479244,-0.4316204104934422,-0.6744907580950871,0.4906145178375323,0.0776798231997268,-0.0588737421405038,0.0,0.0947820811501836,0.0947820811501836,1.0,0.9757677071247352,0.0,0.0,0.0,override,override,-0.0026026973614392,-1.129876124941062,-0.9608458841107828,-0.7059425586930463,0.0,0.0,0.5266613974293098,0.4355198114407582,0.0,0.0,0.0,-6.858022075225178e-15,1.0,0.0,override,override
2509.2144613,CONTEXTUAL_OVERRIDE_1,84.99247340000011,3.0932219845412696,2.6993727725240872,2.5266822833538094,2.698546281700209,2.8498970644259054,0.8872237253802865,0.7597714992405716,0.798405882786686,0.7798502039907628,0.9366857130371032,1372.2351562499998,0.5390696171139204,-0.1964191252123426,-0.0907137454062785,0.3472725742266575,0.2569028165607431,-0.276679721314814,0.3966800670849228,0.5966215565530806,0.0250060282221128,-0.2228349539599888,-0.7430769506238248,0.0,-0.4854972661083923,-0.5749904995913544,0.4658499974136263,-0.1435664353093105,-0.2569028165607431,-0.495024941531193,-0.6744907580950871,0.5966215565530806,0.1035865793274809,-0.0715945867863696,0.0,0.0725106055292366,0.0725106055292366,1.0,0.9706094771626445,0.0,0.0,0.0,override,override,0.0586827786809399,-1.0510736068854702,-0.9091849409100038,-0.3662526072757868,0.0,0.0,0.2783825723696709,-0.1379689156660705,0.0,0.0,0.0,0.8660254037844504,-0.4999999999999796,0.0,override,override
2510.2144613,CONTEXTUAL_OVERRIDE_1,85.99247340000011,1.8750036406104555,2.151724644701261,2.4771642840809576,2.0494056462857952,2.012879342844808,0.9397893967961892,0.7446042742865999,0.7971832657980904,0.8131616730440631,1.0829434867253658,1373.09365234375,-1.0854915044550546,-0.9590692122528222,-0.1631982790999925,-0.6999993277132405,-0.5750977320364308,-0.0665649946268565,0.2698090167441435,0.5868503446091087,0.35170059102434,0.5275254868189723,-0.7424821439929334,0.2637627434094861,-0.337903301092416,-0.4259308527837824,0.220509579548486,-0.5611337456764073,0.5750977320364308,-0.1739687179106257,-0.1342456077201954,0.5868503446091087,0.1245879557217123,0.0158426184523715,0.0158426184523715,0.0872115690051986,0.0872115690051986,1.0,0.9710837945654158,0.0013417072591897,0.0028898104386939,0.0013417072591897,override,override,0.1459869180935525,-0.992222863641213,-0.8828558936127789,-0.561068309852205,0.0,0.0,0.1092203290595088,-0.5619170223244538,1.0,0.0,9.0,-0.8660254037844327,-0.5000000000000102,0.0,override,override
2511.2144613,CONTEXTUAL_OVERRIDE_1,86.99247340000011,2.02196467050866,2.4102180628226435,2.355904677688585,2.0876276881846807,3.436073891656178,0.9723370900274506,0.7639646126701068,0.7896831650590446,0.8372683379293453,1.0842446045173493,1365.349072265625,-0.8895108933045164,-0.5990934946083684,-0.3406983024107726,-0.6383349235276703,0.8395660377280207,0.063534164832202,0.4317546905982936,0.5269091900153565,0.5881211563472262,0.5342007376126772,-0.747847954760709,0.2671003688063386,-0.1876591438747573,-0.2666955223770608,0.3490960571886584,-0.4698958985095705,-0.8395660377280207,-0.5413886820818957,-0.1274094036713987,0.5269091900153565,0.1150312588792206,-0.0632291028018427,0.0,0.0805218812154544,0.0805218812154544,1.0,0.9739985544280972,0.0,0.0,0.0,override,override,0.2648085030596634,-0.8259513079336211,-0.7613200330147245,-0.3256189952265263,0.0,0.0,-0.0221713694516013,-0.2135860646980451,0.0,0.0,0.0,-2.8419233507857654e-14,1.0,0.0,override,override
2512.2144613,CONTEXTUAL_OVERRIDE_1,87.99247340000011,1.9949366731064588,2.570889635853614,2.4043212263076423,2.121218931232212,3.311183092245771,0.9895813146559694,0.7794975384526648,0.8256738979318652,0.826016628927194,0.860133028335474,1387.020166015625,-0.9255542134467848,-0.3753436396711431,-0.2698260741049852,-0.5841414821134618,0.7154238470132082,0.1324625252463494,0.5616847611866151,0.8145488042196098,0.4777726110052568,-0.6155806165458336,-0.7328331977280239,0.0,-0.152629556230514,-0.2748118768634555,0.5285691298750278,-0.3225848568880641,-0.7154238470132082,-0.5086562187744214,-0.6744907580950871,0.8145488042196098,0.1714781693283532,-0.0977458565063531,0.0,0.1200347185298472,0.1200347185298472,1.0,0.9600907764284872,0.0,0.0,0.0,override,override,0.4715688382140415,-0.5283017650678783,-0.5168493544686901,0.8035599257855823,0.0,0.0,0.4072351134077118,0.6996161338784649,0.0,0.0,0.0,0.8660254037844469,-0.4999999999999855,0.0,override,override
2513.2144613,CONTEXTUAL_OVERRIDE_1,88.99247340000011,2.088154847303147,2.2075620221050976,2.2089803924494693,1.9818133943401264,2.3078823457443827,0.844527066922599,0.6798218210987538,0.7722383503459703,0.7456789920248227,1.0716932023335468,1373.010302734375,-0.8012426543752489,-0.8813105592534188,-0.5557663273759545,-0.8090472941933395,-0.2818630084195553,-0.4473461749275805,-0.2720843028668485,0.3874894179405651,-0.3101202652407392,0.469807061724338,-0.7425398925379757,0.234903530862169,-0.6416933539223205,-0.6998167666134053,-0.2189736418504956,-0.7185384433146866,0.2818630084195553,-0.292753547204456,-0.193355736090833,0.3874894179405651,0.241663408437202,-0.0042192788899345,0.0,0.1691643859060414,0.1691643859060414,1.0,0.9808120079129268,0.0,0.0,0.0,override,override,0.6943084679269175,-0.5431959938959084,-0.5641996767786999,-0.217094269497921,0.0,0.0,1.0712877149976745,0.3815200102373325,1.0,0.0,1.0,-0.866025403784422,-0.5000000000000289,0.0,override,override
2514.2144613,CONTEXTUAL_OVERRIDE_1,89.99247340000011,2.5544459975603817,2.3742465127211005,2.274520367259828,2.1585613151374607,2.6939797434336903,0.7006980075716358,0.600868317545297,0.7176295767635447,0.6845032010272478,1.1829566609840905,1330.687744140625,-0.1794177755975227,-0.6491871668445638,-0.459828797948527,-0.5238962482120999,0.1019200805246628,-1.0222575701651018,-0.9325158553960716,-0.0489464451723639,-0.9100877497745106,1.0406327742335504,-0.7718629595514591,0.5203163871167752,-1.1352054111339682,-1.1278634443581137,-0.80703055963399,-0.5545079823965454,-0.1019200805246628,-0.5341057590097399,0.3912336924730632,-0.0489464451723639,0.287645061754141,-0.0586850538709594,0.0,0.1426664893569392,0.1426664893569392,0.9430037177638186,1.0,0.0,0.0,0.0,override,override,0.8152471452642027,-1.029796482445265,-0.9364330624419176,0.0946061350216092,0.0,0.0,0.8057653247700928,-0.401647490539291,0.0,0.0,0.0,-2.1558735510086122e-14,1.0,0.0,override,override
2515.2144613,CONTEXTUAL_OVERRIDE_1,90.99247340000012,2.6214333881818863,2.823030864188194,2.399260438711444,2.3341472252614985,4.220611357111153,0.7357873928131171,0.5813838272509737,0.7275561665942804,0.6832545400142296,0.9588702503306976,1325.29697265625,-0.0900864082106998,-0.0242139270574411,-0.277234063814184,-0.2406198978846311,1.619400902419512,-0.8819987968807599,-1.0955000371760215,0.0303873233109369,-0.9223337051565283,-0.1090194707735738,-0.7755979405815061,0.0,-0.8926343600395878,-0.8971924585362283,-0.8750003379558315,-0.1507239954358125,-1.619400902419512,-0.761315640109735,-0.6744907580950871,0.0303873233109369,0.3083627543814148,-0.0036464787973124,0.0,0.2158539280669903,0.2158539280669903,1.0,0.9984817874868782,0.0,0.0,0.0,override,override,-0.0913430257912744,-0.8956426833437704,-0.8334242343447812,-0.6679471594455442,0.0,0.0,0.9997875030026416,-0.598635851306696,0.0,0.0,0.0,0.8660254037844436,-0.4999999999999915,0.0,override,override
2516.2144613,CONTEXTUAL_OVERRIDE_1,91.99247340000012,2.6307397277279305,2.887201471405018,2.4234731081434133,2.434646918673763,4.004304461434308,0.7893744371230861,0.5758074269047224,0.7615553043071569,0.6801797688392317,0.8790998600985626,1526.441162109375,-0.0776758928987731,0.0651495103269078,-0.2417915160733957,-0.0784816811066186,1.4043905732134176,-0.6678014535210725,-1.142145601621502,0.3021100161932022,-0.952488815491817,-0.5182732401032941,-0.6362357483444373,0.0,-0.7735399591886932,-0.8188564616176736,-0.9751952382412338,-0.0883210028732439,-1.4043905732134176,-0.6545882311366905,-0.6744907580950871,0.3021100161932022,0.3145813504195021,-0.0362532019431842,0.0,0.2202069452936514,0.2202069452936514,1.0,0.9850080149779912,0.0,0.0,0.0,override,override,-0.0991194211287537,-0.595298253988643,-0.6726359631205832,-0.2822110119848252,0.0,0.0,1.04177246713359,-0.2213333749918147,1.0,0.0,5.0,-0.8660254037844254,-0.5000000000000229,0.0,override,override
2517.2144613,CONTEXTUAL_OVERRIDE_1,92.99247340000012,2.4680518994691143,2.7656059754016864,2.715600881164989,2.398675081185619,2.604034011528367,0.8456030383347755,0.6624381338273708,0.7952565831090241,0.7372874936281885,0.9732867685613196,1438.201708984375,-0.2946290540939664,-0.1041833347963613,0.1858256275388882,-0.1365157843613494,0.0125134928745916,-0.4430453178643316,-0.4174956533023452,0.5714522067791469,-0.3924179536302101,-0.0350570091468558,-0.6973722080290747,0.0,-0.643053590237033,-0.7287714212539051,-0.3067343238362623,0.0408211463712634,-0.0125134928745916,-0.3425086566457742,-0.6744907580950871,0.5714522067791469,0.3162141948577078,-0.0685742648134976,0.0,0.2295141656746481,0.2295141656746481,1.0,0.9718317265531246,0.0,0.0,0.0,override,override,-0.1630457732317315,-0.4670847749309367,-0.555205122970016,-0.8778440495955034,0.0,0.0,0.7925309572422122,-0.482858576115031,0.0,0.0,0.0,-1.469823751231459e-14,1.0,0.0,override,override
2518.2144613,CONTEXTUAL_OVERRIDE_1,93.99247340000012,3.160904597893784,2.896862292777656,2.541797922936881,2.6208368121821715,2.314853710903163,0.8432899185971016,0.6319109778155811,0.7233640513335802,0.7237189536082812,0.9564647798782084,1419.8603515625,0.6293281022257856,0.0786030873344944,-0.0685874458232933,0.2219022931180956,-0.2749334303628089,-0.4522912859721572,-0.6728497051401799,-0.0031162571954263,-0.5254882857304077,-0.1213604891242134,-0.7100799665075359,0.0,-0.4512005959537579,-0.4507331573744439,-0.5597768836471406,0.0050078207556005,0.2749334303628089,-0.030736406774237,-0.6744907580950871,-0.0031162571954263,0.2889148424908813,0.0412400145544213,0.0412400145544213,0.2032419538947369,0.2032419538947369,1.0,1.0,0.0083817011366879,0.0180527661849583,0.0083817011366879,override,override,-0.2310861899683054,-0.3691295663993779,-0.4900324563196224,-0.5101815082434403,0.0,0.0,0.09153203261099,-0.2271462975767052,0.0,0.0,0.0,0.8660254037844544,-0.4999999999999728,0.0,override,override
2519.2144613,CONTEXTUAL_OVERRIDE_1,94.99247340000012,3.9989423942250735,3.313779508977876,2.398114592415768,2.977286489502724,2.424257348718996,0.8290045667051331,0.624924546161283,0.6866423308759299,0.7129577938825727,0.9278199863359292,1414.337890625,1.7468975667703723,0.6591984277912014,-0.2789113556201208,0.7969698688446433,-0.1661855695536506,-0.5093924839131805,-0.7312899224379898,-0.2965979582399645,-0.631025881992226,-0.2683196514742416,-0.7139061882089235,0.0,-0.4055831985291929,-0.3610935047931982,-0.6039418014596947,0.1901435360855403,0.1661855695536506,0.0086346511514328,-0.6744907580950871,-0.2965979582399645,0.2561985633861282,0.0262230331057625,0.0262230331057625,0.2182311667025411,0.2182311667025411,1.0,1.0,0.0057226831091499,0.012325691221307,0.0057226831091499,override,override,1.1998426810055378,-0.918553163189872,-0.9667525443546668,-0.1882219742962159,0.0,0.0,0.3412403335850208,0.3817502005075845,1.0,0.0,5.0,-0.8660254037844288,-0.500000000000017,0.0,override,override
2520.2144613,CONTEXTUAL_OVERRIDE_1,95.99247340000012,3.273215159768528,3.1410894373610008,2.12791384448392,2.462551395957423,2.6502794058739703,0.8501531592159555,0.7628810827794095,0.7687146955181413,0.7773356235728697,1.0346582055031446,1423.6556640625,0.7791004096879669,0.4187117147749118,-0.6744316816658948,-0.0334628155431641,0.0584816874224374,-0.4248576417708979,0.4226911621199078,0.3593282043624138,0.0003448597536739,0.2798028257434222,-0.7074503947974965,0.1399014128717111,-0.5855978665156705,-0.6394970971700326,0.4939302193447045,-0.1278599834454915,-0.0584816874224374,-0.4865173940276814,-0.3879413430505242,0.3593282043624138,0.2249117824540578,-0.0431193845234896,0.0,0.1574382477178404,0.1574382477178404,1.0,0.9821940234872272,0.0,0.0,0.0,override,override,1.1465467726478469,-0.8354907691050265,-0.9892268044217444,0.1376771695240797,0.0,0.0,0.316424109766344,-0.8165134845843258,0.0,0.0,0.0,-7.83773951454306e-15,1.0,0.0,override,override
2521.2144613,CONTEXTUAL_OVERRIDE_1,96.99247340000012,1.9431169541142224,2.23255986475143,1.781213658631781,1.708138572001136,1.96794802136157,0.9156111067475624,0.877327603083313,0.8247434959668172,0.7792616414364016,1.0590682447159738,1422.68232421875,-0.9946586570178604,-0.846498777926162,-1.1819320183524369,-1.250572498544542,-0.6197597304139979,-0.1632100990935038,1.3800152792782912,0.8071129883603726,0.0192338364862541,0.4050360172605455,-0.7081247706011699,0.2025180086302727,-0.4963291471772024,-0.6173960954312583,1.3701883018940988,-1.0142153981392994,0.6197597304139979,-0.4877559524688274,-0.2596885361746487,0.8071129883603726,0.1922492957040428,-0.003889599041145,0.0,0.1345745069928299,0.1345745069928299,1.0,0.9604477957036982,0.0,0.0,0.0,override,override,0.9875711364307828,-0.4093398492004967,-0.6861051772853907,0.182883781803685,0.0,0.0,0.4850197517416542,0.3243433169943168,0.0,0.0,0.0,0.8660254037844509,-0.4999999999999788,0.0,override,override
2522.2144613,CONTEXTUAL_OVERRIDE_1,97.99247340000012,1.998690769703009,1.98485841593698,2.048355194203559,1.8448439332743665,2.0070940344361987,0.8747460963913372,0.8440347521501305,0.7573052519807124,0.7623749679865826,0.9737050097696852,1362.6517578125,-0.9205479192896217,-1.1914456916486698,-0.7908897726945209,-1.030022935175122,-0.5808483626929412,-0.3265551159232747,1.1015266975139788,0.2681433999576775,-0.146378325230344,-0.0329112657135518,-0.7497167815777412,0.0,-0.4204053059084618,-0.4606268159021135,1.1831654764947974,-0.9911677321715952,0.5808483626929412,-0.3094509569394887,-0.6744907580950871,0.2681433999576775,0.0966924540024691,0.0549500464090198,0.0549500464090198,0.0676847178017284,0.0676847178017284,1.0,0.9866823057870756,0.0036697461721703,0.0079040123865018,0.0036697461721703,override,override,0.6829389300539651,0.855982306385413,0.8531992152178492,1.1550867511378695,0.0,0.0,0.7962609418442482,-1.182846253816728,1.0,0.0,8.0,-0.8660254037844323,-0.500000000000011,0.0,override,override
2523.2144613,CONTEXTUAL_OVERRIDE_1,98.99247340000012,2.2045016124085945,1.9663263706473413,2.340137539449996,2.135902815282546,1.9235600892169933,0.7737362435293329,0.681114165065502,0.7248813289390598,0.7493997307858358,1.070969221089594,1346.8350830078125,-0.6460878480531381,-1.2172532590174627,-0.3637782668619027,-0.5604516707870744,-0.663881596586223,-0.7303102103644362,-0.2612740830039206,0.0090098961291836,-0.2736299765391053,0.4660927505350675,-0.7606753207265727,0.2330463752675337,-0.791725267826534,-0.7930767522459115,-0.1369581242296949,-0.7905157629396827,0.663881596586223,-0.2171546658627306,-0.197159606533353,0.0090098961291836,-0.0334669912155374,0.0985010519524314,0.0985010519524314,0.0,0.0,1.0,0.9995496066510902,0.0,0.0,0.0,override,override,0.0324199201490578,1.879677416637663,1.936684510538048,1.793247004890667,0.0,0.0,0.2055721762977292,-0.9779254292995584,0.0,0.0,0.0,-2.9398950947175544e-14,1.0,0.0,override,override
2524.2144613,CONTEXTUAL_OVERRIDE_1,99.99247340000012,1.744777925050901,1.8792898033449392,2.4189986709171305,2.086542907512649,2.0315700159217305,0.7683898726588126,0.7267549965576948,0.7733497122446316,0.7396970985205605,1.044341782662811,1546.30849609375,-1.2591546540706768,-1.3384596363546206,-0.2483412050885316,-0.6400850224363003,-0.5565190928359663,-0.7516806451743296,0.1205030876659656,0.3963714740215523,-0.3687863084577912,0.3294834207819577,-0.6224707212487193,0.1647417103909788,-0.9315960886796176,-0.9910518097828503,0.2672378213618034,-0.7934004207215761,0.5565190928359663,-0.4397393005175388,-0.3370628524222258,0.3963714740215523,-0.1156160437521103,0.0359132870428086,0.0359132870428086,0.0,0.0,1.0,0.9803765232571032,0.0,0.0,0.0,override,override,-0.3495937453155799,3.1200706629206985,3.341907788007711,8.528923037359336,0.0,0.0,1.5753716736030563,-1.9201580974031256,0.0,0.0,0.0,0.8660254037844475,-0.4999999999999847,0.0,override,override
2525.2144613,CONTEXTUAL_OVERRIDE_1,100.99247340000012,1.6789651902674176,1.9821639819552408,2.1764723152844883,1.9221697821840664,2.233207802695184,0.850244867889207,0.781043835311275,0.7868120255588504,0.7895347794027187,0.9777057482435868,1491.8147460937498,-1.3469195533319944,-1.1951979373084276,-0.6033517074233019,-0.905271557062612,-0.3560899443389248,-0.4244910652144474,0.5746192503358085,0.503962909341364,0.1199852717094446,-0.0123858891197806,-0.6602265643773053,0.0,-0.6008780834839248,-0.6764725198851294,0.6807420166394204,-0.8992748223658648,0.3560899443389248,-0.3990553618026065,-0.6744907580950871,0.503962909341364,-0.0596079452865151,-0.0070620574701249,0.0,0.0,0.0,1.0,0.9751166779351396,0.0,0.0,0.0,override,override,-0.4071774956356284,-0.5105952076097093,-0.5769630666100853,-0.7833752316841414,0.0,0.0,0.2894662582139116,0.0242812586986486,1.0,0.0,7.0,-0.8660254037844215,-0.5000000000000298,0.0,override,override
2526.2144613,CONTEXTUAL_OVERRIDE_1,101.99247340000012,2.184995533828507,2.499276048826053,2.2766705871218345,2.0754628622555544,2.421486933869761,0.9132092946941514,0.7590139863875983,0.8786544194353645,0.8517418309217091,1.049010513633475,1435.343310546875,-0.6721002760003562,-0.4750721069206825,-0.456681302364593,-0.6579606867175385,-0.1689393782424936,-0.1728105868180006,0.3903436112339005,1.2379716008449893,0.7300666063601225,0.3534358640653676,-0.6993526414366719,0.1767179320326838,-0.6502801301219179,-0.8359758702486663,0.3893667749302297,-0.4658767046426377,0.1689393782424936,-0.5578962880969796,-0.3125328692331244,1.2379716008449893,0.0693345633142007,-0.1232156853650246,0.0,0.0485341943199405,0.0485341943199405,1.0,0.9399782145077424,0.0,0.0,0.0,override,override,-0.4423666669109593,-0.7317070699445927,-0.7575284036767703,-0.8927049651847108,0.0,0.0,0.1045690037982491,-0.9030850990013588,0.0,0.0,0.0,-2.2538452949404006e-14,1.0,0.0,override,override
2527.2144613,CONTEXTUAL_OVERRIDE_1,102.99247340000012,2.947818198610001,2.982837589456976,2.7478464063065835,2.752949571814954,2.983982865241628,0.852394319600547,0.8022215271434556,0.8968996575164739,0.8174077941873965,0.9754074179885456,1429.68564453125,0.3451656763879285,0.1983315483017287,0.233026683476518,0.4350425180599908,0.390184892867372,-0.4158993085281521,0.7517667519187216,1.3837883937749904,0.3933434464717247,-0.0241772357247435,-0.7032725396004039,0.0,-0.9002252463493987,-1.1077935054156474,0.8557415790507596,0.2156791158891234,-0.390184892867372,-0.9285873109891242,-0.6744907580950871,1.3837883937749904,0.1060019110899496,-0.1660546072529988,0.0,0.1173371609407894,0.1173371609407894,1.0,0.9331499063716988,0.0,0.0,0.0,override,override,-0.439810230671283,-0.9906001119106302,-0.923371874865464,-0.6739838116079998,0.0,0.0,0.1159796283188648,-0.2018863859362417,0.0,0.0,0.0,0.866025403784444,-0.4999999999999907,0.0,override,override
2528.2144613,CONTEXTUAL_OVERRIDE_1,103.99247340000012,4.289391854091356,3.3172882867902294,2.753894104376035,3.559803858897721,2.5945450941738653,0.7840042458866678,0.7267734599438218,0.7540534293852993,0.7340558382194843,1.0505532595553106,1425.6076660156248,2.1342278861915576,0.6640847216869471,0.2418793144576109,1.7367570891745876,0.0030814530969561,-0.6892671027462952,0.1206575304989747,0.2421546822477455,-0.4241116699651091,0.3613507630873221,-0.7060979556732139,0.180675381543661,-0.8191900869189214,-0.8555132892560833,0.2478054607996333,0.452982018072279,-0.0030814530969561,-0.5295119166662715,-0.3044271266308049,0.2421546822477455,0.1106939056568257,-0.0290585618697294,0.0,0.1680821375742338,0.1680821375742338,1.0,0.9879652695668604,0.0,0.0,0.0,override,override,-0.4762391744633735,-1.2107494530539602,-1.0484154345349728,-1.208364450393649,0.0,0.0,0.6166350000178044,-2.009770328078489,1.0,0.0,1.0,-0.8660254037844249,-0.5000000000000238,0.0,override,override
2529.2144613,CONTEXTUAL_OVERRIDE_1,104.99247340000012,4.905841693936678,3.2580510092406088,2.94665151551175,4.103372535244411,2.1041804311849,0.9146698542441524,0.6671167160223835,0.825445864368766,0.7786551711859355,1.157199842443065,1425.20419921875,2.956297631077132,0.5815913968966999,0.5240379490420232,2.613707584114917,-0.4843439121017885,-0.1669724597211005,-0.3783601727521278,0.8127263493574859,0.0132860191440779,0.9084900701151256,-0.7063774965213002,0.4542450350575627,-0.5649879407606113,-0.6868968931642342,-0.4501783165862434,0.5528146729693615,0.4843439121017885,-0.2497540134806872,0.255904771233848,0.8127263493574859,0.1121267776272324,-0.0632612907927072,0.0,0.1506659632478578,0.1506659632478578,0.9623416790150384,0.9601782665197744,0.0,0.0,0.0,override,override,-0.1510194410545367,5.7719011845125285,6.466823776345092,8.448712778555839,0.0,0.0,-0.1060487062599817,-0.3540931447125957,0.0,0.0,0.0,-1.5677954951632475e-14,1.0,0.0,override,override
2530.2144613,CONTEXTUAL_OVERRIDE_1,105.99247340000012,3.543065972223238,2.8677400021918333,3.141339668898665,3.5242585527645023,1.987406916470167,1.0033124169013905,0.663212663203087,0.8920872152014956,0.8279553333788586,1.0464086552001073,1437.26435546875,1.1389613005715968,0.0380476351714567,0.8090228075009069,1.6794111177035405,-0.6004174739861823,0.1873482846727604,-0.4110168573647159,1.345327130545034,0.4967860085298721,0.3400872974102538,-0.6980216508053926,0.1700436487051269,-0.3260271231942832,-0.5278261927760384,-0.5003648407091877,0.4235352213361819,0.6004174739861823,-0.1018065614504169,-0.3262032957434476,1.345327130545034,0.0735339678504824,-0.0713766345674767,0.0,0.1361808217625741,0.1361808217625741,1.0,0.9349461391617864,0.0,0.0,0.0,override,override,-0.5233412437503134,0.8943732802988535,0.9527676487341128,-0.1477308316956028,0.0,0.0,-0.5836351975342063,-0.6438588432505492,0.0,0.0,0.0,0.8660254037844548,-0.4999999999999719,0.0,override,override
2531.2144613,CONTEXTUAL_OVERRIDE_1,106.99247340000012,5.394799909125797,4.168553599194622,3.262846827910562,3.928593502535987,2.017804666065417,1.0313546351757776,0.827158702186242,0.911020919007424,0.8645196107707857,0.935380043521883,1437.709375,3.60835028684728,1.849549496634164,0.9868851987678734,2.331732985672297,-0.5702019317255074,0.2994382260687039,0.9603616398966768,1.4966461736286951,0.8553817401567693,-0.2295335569008516,-0.6977133202608616,0.0,-0.2243879347013394,-0.4488848607456436,0.8855020833795006,1.4182173477010185,0.5702019317255074,-0.3240226533828632,-0.6744907580950871,1.4966461736286951,0.0207128364998648,-0.0940672510766173,0.0,0.2981424550901091,0.2981424550901091,1.0,0.9278990739020436,0.0,0.0,0.0,override,override,-0.7119881749437257,1.8722477833465607,2.0203058248611,-0.3012021904039856,0.0,0.0,0.9225609501177284,6.68849826071718,1.0,0.0,2.0,-0.8660254037844284,-0.5000000000000178,0.0,override,override
2532.2144613,CONTEXTUAL_OVERRIDE_1,107.99247340000012,5.137110737052312,4.43060183540153,3.6913355093246496,4.093373322326546,2.7978477190932907,1.0255582356863169,0.89894853729575,0.9322697344613796,0.8737312211704193,0.9387673271861274,1356.766357421875,3.264707611882228,2.214475623464014,1.614107677895023,2.5975756488160133,0.2051654605235765,0.2762689434989808,1.5608704219431633,1.66646769688222,0.9457224881855516,-0.2121554470113681,-0.7537944648698134,0.0,-0.3069947504097961,-0.5569649049421292,1.491803186068418,1.9142916506795185,-0.2051654605235765,-0.7425469588969599,-0.6744907580950871,1.66646769688222,0.0188302336917336,-0.1999761236258664,0.0,0.3960394937201172,0.3960394937201172,1.0,0.920053567726796,0.0,0.0,0.0,override,override,-0.8957163338135221,0.987389647494223,0.8740714036553532,0.2549015708390079,0.0,0.0,-0.4396341762892811,-1.370218625989887,0.0,0.0,0.0,-3.723916638426495e-14,1.0,0.0,override,override
2533.2144613,CONTEXTUAL_OVERRIDE_1,108.99247340000012,3.0282114504797546,4.078151597648792,4.308035332557452,3.435834361212008,3.376905614596203,0.9335955029798716,0.7919232960420022,0.8411034244456117,0.8061424932751767,0.8960622095210892,1388.460693359375,0.4523744966086829,1.7236564444262577,2.516833954651784,1.536754555762136,0.7807524215951881,-0.0913231356587256,0.6656239406623128,0.9378622990976184,0.2828616016012851,-0.431249653811995,-0.7318351323643251,0.0,-0.4195749403428921,-0.560254285207535,0.6884547245769942,2.120245199539021,-0.7807524215951881,-0.7106602076913239,-0.6744907580950871,0.9378622990976184,0.0261237460854469,-0.1125434758917142,0.0,0.442335662167617,0.442335662167617,1.0,0.9541893807150484,0.0,0.0,0.0,override,override,-1.12210031872795,0.8680877661489945,0.9304146351715932,-0.5005592055911791,0.0,0.0,0.1841122410065235,0.1039514212033603,0.0,0.0,0.0,0.8660254037844514,-0.4999999999999779,0.0,override,override
2534.2144613,CONTEXTUAL_OVERRIDE_1,109.99247340000012,3.07427201955304,3.697451203272215,3.245951548257472,2.893718141855177,3.107150866886706,0.8643843688698125,0.7545097523855038,0.7655692125866967,0.7735590930145472,0.8809719359952541,1449.3076660156248,0.5137987972084872,1.1934963395028788,0.9621538589467484,0.6621473394755671,0.5126146124493531,-0.3679728603857108,0.3526665212876118,0.3341893582021002,-0.0366925941540571,-0.5086687475721331,-0.6896774765880438,0.0,-0.4849391357564459,-0.535067539486761,0.4446597363840395,1.0778250992248135,-0.5126146124493531,-0.5311369356426257,-0.6744907580950871,0.3341893582021002,0.0106266049485586,-0.040102722984252,0.0,0.2230036433089537,0.2230036433089537,1.0,0.9834293609213284,0.0,0.0,0.0,override,override,-1.3316854081551803,0.5387010098342974,0.5081915028179254,-0.4052700300467075,0.0,0.0,1.543393862176968,-4.237354465041368,1.0,0.0,6.0,-0.8660254037844318,-0.5000000000000119,0.0,override,override
2535.2144613,CONTEXTUAL_OVERRIDE_1,110.99247340000012,2.822042620927166,2.4894294493802738,1.9782361257583192,2.379557942971504,3.111501417232903,0.880518585051632,0.625992427838551,0.792198397908708,0.7912553252036447,0.899005012299434,1463.241552734375,0.1774370302348074,-0.488784396879986,-0.8935301873705095,-0.1673578555627048,0.5169390851354251,-0.3034814093673215,-0.7223572883901782,0.5470110481538838,0.1368591284977888,-0.4161519073182538,-0.6800234219281126,0.0,-0.4949352762211808,-0.5769869334442634,-0.6464869360483478,-0.6911572921252478,-0.5169390851354251,-0.3484659955627074,-0.6744907580950871,0.5470110481538838,0.0210380628179947,-0.065641325778466,0.0,0.0147266439725963,0.0147266439725963,1.0,0.9730200871972932,0.0,0.0,0.0,override,override,-1.4137035845606587,0.0379638575869668,0.0290116721982422,-0.7120404051468858,0.0,0.0,2.197994054227109,11.497098188018835,0.0,0.0,0.0,-3.0378668386493425e-14,1.0,0.0,override,override
2536.2144613,CONTEXTUAL_OVERRIDE_1,111.99247340000012,2.5663421514006752,2.372408832186566,2.418479875429387,2.375587490471838,4.983888147999751,0.8782969924576355,0.6497749360974379,0.7947605859471111,0.7610485570351582,0.8923912339782657,1479.0158691406248,-0.1635536005738688,-0.6517463049999102,-0.2491006188282568,-0.1737634680202152,2.378102531282545,-0.3123615265260336,-0.5234209759335535,0.5674881743488204,-0.1593867952314214,-0.4500832156592643,-0.6690942306778308,0.0,-0.5109823875481208,-0.5961056137004438,-0.4453305943020451,-0.4504234619140834,-2.378102531282545,-0.9578854582713776,-0.6744907580950871,0.5674881743488204,0.0345007433731368,-0.0680985809218584,0.0,0.0241505203611958,0.0241505203611958,1.0,0.9720243642670916,0.0,0.0,0.0,override,override,-0.4666788438522979,8.627218654209633,8.275741910748065,30.110374117320625,1.0,1.0,-0.6748911289344739,-2.4167596118454853,0.0,0.0,0.0,0.8660254037844479,-0.4999999999999838,0.0,override,override
2537.2144613,CONTEXTUAL_OVERRIDE_1,112.99247340000012,2.4022144416710085,2.626585954587991,2.5244517764699523,2.275240204681207,5.1060627313165865,0.802997140868216,0.7303736570899045,0.7687869609079097,0.7424983681460089,0.946112544627479,1506.791650390625,-0.3824269228541952,-0.2977814237653329,-0.0939787652728149,-0.3356558024561431,2.49954478719109,-0.6133489829816576,0.1507725182270221,0.3599057527248419,-0.3413135015962055,-0.1744715656153794,-0.649849857889228,0.0,-0.7393159964353523,-0.7933018593440786,0.3041097639724365,-0.1958800945190739,-2.49954478719109,-1.2298304281691563,-0.6744907580950871,0.3599057527248419,0.0148735021469458,-0.043188690326981,0.0,0.010411451502862,0.010411451502862,1.0,0.9821656606692593,0.0,0.0,0.0,override,override,0.8392601000348093,0.0005449604311398,-0.0600603397644293,-0.237963628909637,0.0,0.0,-0.4877340596386503,-0.0583999520132126,1.0,0.0,9.0,-0.866025403784421,-0.5000000000000305,0.0,override,override
2538.2144613,CONTEXTUAL_OVERRIDE_1,113.99247340000012,2.9185015763198723,2.6117215256276083,2.369425879194633,2.387844778430372,3.001012439998874,0.8960962602336106,0.7416598231527948,0.8657507224231457,0.7991345515087405,1.0683812011785148,1522.097412109375,0.3060703491622775,-0.3184815000816903,-0.3209059440655932,-0.1539885339417727,0.4071123905476378,-0.2412145558271423,0.2451792239404747,1.134844653040986,0.2141328262997185,0.4528151809929433,-0.6392453034510284,0.2264075904964716,-0.6950120820156053,-0.8652387799717532,0.2488809652731424,-0.3196937220736418,-0.4071123905476378,-0.7207386091191523,-0.2107573240524679,1.134844653040986,-0.0234214250126828,-0.1361813583649183,0.0,0.0,0.0,1.0,0.9448375862586772,0.0,0.0,0.0,override,override,0.8340593036851633,0.8761317273240357,0.7807765363603704,-0.335549198939899,0.0,0.0,2.666759470431758,13.459749460364504,0.0,0.0,0.0,-2.3518170388721888e-14,1.0,0.0,override,override
2539.2144613,CONTEXTUAL_OVERRIDE_1,114.99247340000012,2.636782817211613,2.953841531553362,3.2309178547603663,2.862293094699757,2.658851544594288,0.9441754536369408,0.7306518466482262,0.9148427667335371,0.7937323017772334,1.0273527848780954,1540.1966796875,-0.0696171009110613,0.1579518866895631,0.9401475121873112,0.6114486663259537,0.0670024438342408,-0.0490331128966527,0.1530995227756604,1.5271905587450307,0.1611515059214661,0.2423231178136994,-0.6267052762475053,0.1211615589068497,-0.6138401981841259,-0.8429187819958806,0.1350674112731112,0.5490496994384372,-0.0670024438342408,-0.5882553281057691,-0.4263247594966163,1.5271905587450307,-0.0313062818182106,-0.1832628670494036,0.0,0.1098099398876874,0.1098099398876874,1.0,0.9264830501335366,0.0,0.0,0.0,override,override,0.8465742778379284,0.0106124148732362,-0.0741475480691626,-0.5836892699760338,0.0,0.0,-0.8199081270176857,-0.1443077054292529,0.0,0.0,0.0,0.8660254037844587,-0.4999999999999652,0.0,override,override
2540.2144613,CONTEXTUAL_OVERRIDE_1,115.99247340000012,2.273118964676467,2.8090163946605085,3.4809023401618737,2.9582596563972525,2.4022957998518635,0.8894196762252884,0.7133061720922135,0.8405659322112089,0.7693663739356625,0.891406282704644,1550.8733398437498,-0.5545828372192847,-0.0437303571557347,1.3060752378845324,0.7662734887273538,-0.1880154785679818,-0.2679020989770886,0.0080061417208484,0.93356663611438,-0.077811721150141,-0.4551364067012384,-0.6193079819523504,0.0,-0.5946504216171216,-0.7346854170342786,0.0749816664651206,0.6311724403643988,0.1880154785679818,-0.3842823129969177,-0.6744907580950871,0.93356663611438,0.003144541457708,-0.0838256745485283,0.0,0.1284356670932754,0.1284356670932754,1.0,0.9543943465259486,0.0,0.0,0.0,override,override,0.8397689180402022,-0.2323965425420149,-0.3091155973922988,-0.775571922321516,0.0,0.0,0.6242445848651295,2.1226761244259085,1.0,0.0,7.0,-0.8660254037844244,-0.5000000000000246,0.0,override,override
2541.2144613,CONTEXTUAL_OVERRIDE_1,116.99247340000012,2.241515727744139,2.246392298782091,2.704881524545187,2.4828056482944265,1.8144125331831664,0.9169294211867846,0.8144162976103445,0.7946978301693807,0.7945857905359563,0.8871157569455049,1575.744189453125,-0.5967274907551443,-0.8272358489001764,0.1701346146245405,-0.0007862148034756,-0.7723749105947318,-0.1579405520559642,0.8537737665502126,0.5669866272489252,0.1695219004075652,-0.477148507108722,-0.6020762829717109,0.0,-0.356385871593088,-0.4414338656804268,0.8932589045642036,-0.3285506171378179,0.7723749105947318,-0.2030929047776924,-0.6744907580950871,0.5669866272489252,0.0309515198210245,0.0478178413193387,0.0478178413193387,0.0216660638747171,0.0216660638747171,1.0,0.9720487403727806,0.001007066217269,0.0021690502508554,0.001007066217269,override,override,0.8211525641471475,0.113928973866741,-0.0129971638033581,-0.6337986271481443,0.0,0.0,1.0902903160324988,-5.110661651347168,0.0,0.0,0.0,-1.6657672390950356e-14,1.0,0.0,override,override
2542.2144613,CONTEXTUAL_OVERRIDE_1,117.99247340000012,2.9479207158724434,2.856588958285249,2.807139935928919,2.5134888964009323,2.07421800031201,1.007336515817244,0.7338858257630424,0.8823857447383189,0.8144630969728276,1.0449743045181057,1598.386376953125,0.3453023887923042,0.0225187870408918,0.3198206555440791,0.0487156987251387,-0.514126744986688,0.2034333535227347,0.1801511639507607,1.267792526537305,0.3644640065539221,0.3327285089996472,-0.5863887063351604,0.1663642544998236,-0.2818850943902778,-0.4720539733708736,0.0877017619451211,0.1711697212924854,0.514126744986688,-0.2118391993870009,-0.3337395188280195,1.267792526537305,0.0278905739666467,-0.0750160914364734,0.0,0.0537573460351498,0.0537573460351498,1.0,0.9385777078529725,0.0,0.0,0.0,override,override,0.7884271943870275,-0.2821909074634861,-0.427104692265587,-0.492460706751711,0.0,0.0,0.1460762524576564,-1.5927211210026295,0.0,0.0,0.0,0.8660254037844552,-0.4999999999999711,0.0,override,override
2543.2144613,CONTEXTUAL_OVERRIDE_1,118.99247340000012,3.390136267192458,3.305689675822318,2.8055627600377666,2.5177014110427955,2.928887181989331,0.9582173170153888,0.5890122613909904,0.8642698954332217,0.7867519396643131,1.1802843159892404,1604.7857421875,0.9350211330607666,0.6479325955044071,0.317511982724056,0.0555118350017059,0.3354194589830601,0.0070948163484346,-1.0316895870286502,1.123009814734411,0.0926932117215651,1.0269225835361102,-0.5819549239305434,0.5134612917680551,-0.5143239417506229,-0.6827754139607846,-1.1618286140577727,0.4827222891142315,-0.3354194589830601,-0.3825281936382674,0.3771929224627437,1.123009814734411,0.0579702520572594,-0.1913401161375408,0.0,0.0805446958935163,0.0805446958935163,0.9449918854322782,0.9453968517157316,0.0,0.0,0.0,override,override,0.7344587262825374,1.5067699927024858,1.5118834667672294,-0.1070356029809654,0.0,0.0,-0.7038306999805636,0.2034866671818764,1.0,0.0,10.0,-0.8660254037844278,-0.5000000000000187,0.0,override,override
2544.2144613,CONTEXTUAL_OVERRIDE_1,119.99247340000012,3.227461180410207,3.168227707093068,2.5160301730289825,2.443681489855929,2.852124399415189,0.8405494045214963,0.7337649521143018,0.8021371492797378,0.7877754754568657,1.0051133946609476,1628.185888671875,0.7180849633249144,0.4565042365088391,-0.1063063230767658,-0.0639060221061344,0.2591168006679055,-0.4632456284255116,0.1791400780849692,0.6264420122339143,0.1027313033387601,0.1282262173538125,-0.5657421975197165,0.0641131086769062,-0.6985286098766081,-0.7924949117116953,0.2789232080221206,0.1750989567160366,-0.2591168006679055,-0.5817423851606444,-0.5431727577193324,0.6264420122339143,0.2002298591674407,-0.0751730414680697,0.0,0.1751806927604158,0.1751806927604158,1.0,0.9691633546864806,0.0,0.0,0.0,override,override,0.8860281104702483,0.2673701058499994,0.3290081345340402,-0.2051336245896439,0.0,0.0,-0.6881968361139412,-0.4329178227811843,0.0,0.0,0.0,-3.821888382358283e-14,1.0,0.0,override,override
2545.2144613,CONTEXTUAL_OVERRIDE_1,120.99247340000012,2.836078973390556,2.6437180384670174,2.2861985043944126,2.2625746219366105,2.0470991949209925,0.827988357117918,0.8587275283307031,0.7996623975178393,0.8307075307818456,0.9064334523444106,1640.2815429687498,0.1961552777593715,-0.2739234306530997,-0.4427343204445511,-0.3560894468876653,-0.5410829973824033,-0.5134544618908992,1.2244290710271442,0.6066636808351297,0.5237775508685059,-0.3780410609277614,-0.5573617570807596,0.0,-0.7257867501831945,-0.816786302308464,1.352792686499869,-0.3583288755488254,0.5410829973824033,-0.5545432692916804,-0.6744907580950871,0.6066636808351297,0.4401547552035219,0.0083628079071449,0.0083628079071449,0.3081083286424653,0.3081083286424653,1.0,0.9701222504427124,0.0024996662407145,0.0053838581748674,0.0024996662407145,override,override,0.7700526945269643,0.291276220050175,0.3191844030465169,-0.2365204498397613,0.0,0.0,0.1294151192841283,3.333225147227516,0.0,0.0,0.0,0.8660254037844518,-0.4999999999999771,0.0,override,override
2546.2144613,CONTEXTUAL_OVERRIDE_1,121.99247340000012,2.539135329111248,2.27599657081294,2.075360459933491,2.0539738940617656,2.154457798736297,0.7907226449259237,0.8022765359720817,0.7351568553864624,0.7654359198956933,1.0546159799016586,1600.57431640625,-0.1998353935324469,-0.7860091935095076,-0.7513594176225592,-0.6926292798748104,-0.4343679124231111,-0.6624124171712752,0.7522268906644042,0.0911323823125233,-0.1163587441633693,0.3821941312924538,-0.5848727985701958,0.1910970656462269,-0.742083017392215,-0.7557528747390936,0.8700557285456663,-0.7686843055660334,0.4343679124231111,-0.4654923963755247,-0.2830811843556692,0.0911323823125233,0.6200317204197126,0.0542193009859638,0.0542193009859638,0.4340222042937988,0.4340222042937988,1.0,0.9954537465231904,0.0234253963623985,0.0504543405239405,0.0234253963623985,override,override,0.8177501416199211,1.005520176705019,1.1387077882033652,0.2955830896687544,0.0,0.0,-0.6490352642250375,-0.7794897821181322,1.0,0.0,2.0,-0.8660254037844313,-0.5000000000000128,0.0,override,override
2547.2144613,CONTEXTUAL_OVERRIDE_1,122.99247340000012,2.9426017295928006,2.644299429791601,2.1855524756798133,2.2638886665871407,2.5043884819702225,0.9161440885892462,0.7899080429335975,0.8088585079956641,0.7974349705083053,1.143033703342767,1557.23779296875,0.3382092282278486,-0.2731137900795782,-0.5900601528010597,-0.3539694716999833,-0.0865347508125638,-0.1610796719348932,0.6487667186364161,0.6801594242913229,0.1974645769650606,0.8358121528230722,-0.6148983883056157,0.4179060764115361,-0.5036119895397402,-0.6056359031834386,0.5845601175172553,-0.431586971440319,0.0865347508125638,-0.5198607291519162,0.1814744482685177,0.6801594242913229,0.6468091025246409,-0.0958600855333518,0.0,0.4255452045269708,0.4255452045269708,0.973145989708958,0.9665637999193576,0.0,0.0,0.0,override,override,-1.2576686104094206,0.5228410268728049,0.4937621107823361,-0.0175629665770346,0.0,0.0,0.2654700062894468,4.053887754947997,0.0,0.0,0.0,-3.13583858258113e-14,1.0,0.0,override,override
2548.2144613,CONTEXTUAL_OVERRIDE_1,123.99247340000012,3.353340770358687,2.980854717229271,1.966448602093726,2.350987085575384,2.4017467152349616,0.9916520924362912,0.8014369203864117,0.9099100480691952,0.8538903097496573,1.0308064946608289,1632.343359375,0.8859523155513549,0.1955702174394084,-0.9107847850678784,-0.2134518058300245,-0.1885612719134627,0.1407398076556475,0.7452036605376201,1.4877680413263596,0.7511373177797633,0.2600420200610294,-0.5628617055058824,0.1300210100305147,-0.412484259316207,-0.635649465515161,0.6775134561160795,-0.3576072838142349,0.1885612719134627,-0.515748746995758,-0.408178620118953,1.4877680413263596,0.6747336862593455,-0.1502479741721437,0.0,0.4723135803815418,0.4723135803815418,1.0,0.9283110658753252,0.0,0.0,0.0,override,override,-1.2926456216659792,0.5030389382070017,0.6134455131068521,-0.412963393589484,0.0,0.0,0.9854985284476394,-8.95775299027694,0.0,0.0,0.0,0.8660254037844485,-0.499999999999983,0.0,override,override
2549.2144613,CONTEXTUAL_OVERRIDE_1,124.99247340000012,2.940882892293633,2.8761936195328066,2.234821713571664,2.42144113688563,2.757029705441996,0.832053773896887,0.6331516501464876,0.8226018432189239,0.7282795184693679,0.9073616813680182,1650.121337890625,0.3359170642127178,0.0498200701956224,-0.5179397564506896,-0.0997868397353527,0.1645921143746157,-0.4972042378877243,-0.6624717090183765,0.7899967998031594,-0.4807615959215622,-0.3732788775460935,-0.550544282535738,0.0,-0.77370311781883,-0.892202637789304,-0.5381706495464454,-0.2340598431275335,-0.1645921143746157,-0.437219623285445,-0.6744907580950871,0.7899967998031594,0.7344034911883766,-0.0947996159763791,0.0,0.5140824438318635,0.5140824438318635,1.0,0.961270107803264,0.0,0.0,0.0,override,override,0.9193973630575244,13.16936551723916,11.08258671448415,41.68501555077764,1.0,1.0,-0.8827553310393014,0.103716114040181,1.0,0.0,2.0,-0.8660254037844347,-0.5000000000000068,0.0,override,override
2550.2144613,CONTEXTUAL_OVERRIDE_1,125.99247340000012,2.530708878310636,2.667247206933494,2.611021030115063,2.4831274114200985,2.317515467578574,0.8033434761539094,0.5669648940333427,0.7083356052165206,0.6683288507819246,0.968960168322194,1656.954736328125,-0.211072528838846,-0.2411569123956796,0.0327414591874433,-0.0002671077529956,-0.2722876285391738,-0.6119646166844956,-1.2161117646123816,-0.1232242988536967,-1.0687139656748403,-0.0572541859576036,-0.5458097814334762,0.0,-0.5688361120857018,-0.5503524672576473,-1.0631206104412576,-0.1042077266041181,0.2722876285391738,0.026835695699536,-0.6744907580950871,-0.1232242988536967,0.774823053078067,0.0448684986358064,0.0448684986358064,0.5450597067246005,0.5450597067246005,1.0,1.0,0.0244560107076058,0.0526741094583698,0.0244560107076058,override,override,0.7345087383575917,2.488596531169484,2.7043842008327994,0.6928178856321611,0.0,0.0,-0.6280316397201877,-0.2744774974185038,0.0,0.0,0.0,-5.2919597258443776e-14,1.0,0.0,override,override
2551.2144613,CONTEXTUAL_OVERRIDE_1,126.99247340000012,2.9997876864272777,2.7884435593748123,2.279613070780228,2.461377688410112,1.8207783251235008,0.927655664838022,0.7050182691033146,0.7820081428904138,0.7460355516355007,0.976222261815599,1683.312841796875,0.4144698449193086,-0.072379911174445,-0.4523740896538212,-0.035356382003703,-0.7660472758863425,-0.1150657690947335,-0.06132064419517,0.4655700552054284,-0.3066233889565679,-0.0199967634133221,-0.5275476413670492,0.0,-0.2780152884166335,-0.3478507966974478,-0.0325542019214866,-0.2623770004141331,0.7660472758863425,0.0333014963511369,-0.6744907580950871,0.4655700552054284,0.7829048262869766,0.0640339092109704,0.0640339092109704,0.5513635280359972,0.5513635280359972,1.0,0.976990351370608,0.0344935843141343,0.074293344793522,0.0344935843141343,override,override,1.075352256977388,4.739558385430275,5.528656920160382,4.7551701402372695,0.0,0.0,-0.8248114218283663,-3.937326565311731,0.0,0.0,0.0,0.8660254037844592,-0.4999999999999643,0.0,override,override
2552.2144613,CONTEXTUAL_OVERRIDE_1,127.99247340000012,3.1048621269431727,2.602760730406181,2.0107116697830216,2.3659492548347973,1.8897025844018205,0.8505281919026744,0.6915766492530858,0.7946161148375175,0.7179954298264807,1.0497460992731542,1657.8517822265626,0.5545923868126931,-0.3309602266734198,-0.845992429390639,-0.189313031267792,-0.6975361559271462,-0.4233585666455081,-0.1737573248572724,0.5663335545089297,-0.5816204273838308,0.3572097104114548,-0.5451882656776226,0.1786048552057274,-0.6662265245250654,-0.7511765577014049,-0.1125688969973272,-0.5884763280320294,0.6975361559271462,-0.2149304708710467,-0.3086680281255832,0.5663335545089297,0.7937605216734935,0.0366703968480003,0.0366703968480003,0.5556323651714454,0.5556323651714454,1.0,0.9720804818177288,0.0198063919090296,0.0426596172149671,0.0198063919090296,override,override,0.694487189650785,3.016692832613399,3.4457274451059683,6.842557368242181,0.0,0.0,-0.4419756046005982,1.7129500159334654,1.0,0.0,5.0,-0.8660254037844239,-0.5000000000000254,0.0,override,override
2553.2144613,CONTEXTUAL_OVERRIDE_1,128.9924734000001,2.7828157091230707,2.473828771293197,1.8183282393433515,2.091388610431669,2.4540098766308738,0.7181667832974955,0.6043707090381878,0.702415950844889,0.6868941051081597,1.043879333546736,1618.9872802734376,0.1251257872186152,-0.5105097674172678,-1.1276036303799686,-0.6322673505245774,-0.1366113814491561,-0.9524316374157328,-0.9032189939889158,-0.1705344524339399,-0.886639508504641,0.3271108732323453,-0.5721154277652529,0.1635554366161726,-0.9336334382178972,-0.908053270352806,-0.7059999437890258,-0.8190566988986182,0.1366113814491561,-0.2938959160299643,-0.3394926066990115,-0.1705344524339399,0.8168396159400715,0.0204917072173734,0.0204917072173734,0.57178773115805,0.57178773115805,1.0,1.0,0.0117169067773769,0.025236234866103,0.0117169067773769,override,override,0.2186887154997487,6.562947815858594,7.01356324205105,4.767441040681477,0.0,0.0,-0.024424873498868,0.014281933921905,0.0,0.0,0.0,-1.763738983026824e-14,1.0,0.0,override,override
2554.2144613,CONTEXTUAL_OVERRIDE_1,129.9924734000001,3.0751813510365293,2.990955897704903,2.985287354671505,2.737675029506936,2.766845255446916,0.8634569649663026,0.7227560385697329,0.8147801991092807,0.7669038837522685,0.965580154832272,1652.58173828125,0.5150114407235474,0.2096370347579998,0.5805931577839804,0.4103997856512155,0.1743488289319253,-0.3716798655939877,0.0870525387526972,0.7274858556084174,-0.1019620266374637,-0.0745949969666819,-0.5488396009679994,0.0,-0.6262999150569338,-0.7354227933981965,0.1799725051511941,0.39511509627099,-0.1743488289319253,-0.5014784123844407,-0.6744907580950871,0.7274858556084174,0.7917704568191359,-0.08729830267301,0.0,0.6332623390275931,0.6332623390275931,1.0,0.9642793031478218,0.0,0.0,0.0,override,override,0.4551754565236085,3.6297902944053337,4.318542260023844,3.215665540535443,0.0,0.0,-0.0415663447473773,0.2830925906052886,0.0,0.0,0.0,0.8660254037844416,-0.4999999999999949,0.0,override,override
2555.2144613,CONTEXTUAL_OVERRIDE_1,130.9924734000001,6.16178354965536,4.648753950016339,3.9479346491380034,4.354282169983109,2.853586147488175,0.9482351176708084,0.7997738745102544,0.887310598083367,0.7726299759126277,0.9119274081446772,1892.73798828125,4.631165129105581,2.5182723877485307,1.989717946256092,3.018505244363205,0.2605697868679321,-0.0328058836813704,0.7312925873048252,1.307152183957672,-0.045804696202693,-0.3498548866687798,-0.382448011082013,0.0,-0.4903091480665555,-0.6863819756602064,0.7394940582251678,2.253995167002312,-0.2605697868679321,-0.6509577470328709,-0.6744907580950871,1.307152183957672,0.8066179690836244,-0.1568582620749206,0.0,1.0154316117589994,1.0154316117589994,1.0,0.9367324193444468,0.0,0.0,0.0,override,override,0.3406371466031544,0.9589456781680707,1.0282367574574651,1.0383717578118972,0.0,0.0,4.1355359242294165,7.573381213982273,1.0,0.0,4.0,-0.8660254037844132,-0.5000000000000442,0.0,override,override
2556.2144613,CONTEXTUAL_OVERRIDE_1,131.9924734000001,6.635529036667889,4.938833218095665,3.347661106557743,4.178461098237965,2.635121372721629,0.8820853447534523,0.7715700500090072,0.8188761285234293,0.7451302530264845,0.8821769823697221,1876.1355957031249,5.262930775677575,2.922234289214043,1.1110364877655312,2.7348495029688964,0.0434145131282307,-0.2972187805895202,0.4953727767291123,0.7602207143471031,-0.3155018966202435,-0.5024863812889423,-0.3939509326049196,0.0,-0.5632960306110063,-0.6773291377630718,0.5696774718764923,2.016635388489787,-0.0434145131282307,-0.5131382118419976,-0.6744907580950871,0.7602207143471031,0.8713883742391343,-0.0912264857216523,0.0,1.0132989396653511,1.0132989396653511,1.0,0.9627023167219124,0.0,0.0,0.0,override,override,0.3188558412722233,0.1332054822761339,0.2409767158876715,0.0022653063043207,0.0,0.0,4.23728951675274,8.739703014559053,0.0,0.0,0.0,-3.919860126290071e-14,1.0,0.0,override,override
2557.2144613,CONTEXTUAL_OVERRIDE_1,132.9924734000001,3.776491573861773,3.3259488450661823,2.563401796428624,2.7763647681938086,1.989064074086512,0.8560008522582413,0.8943786092277661,0.7549628991258985,0.7449611761241111,0.9448018943915244,1680.96044921875,1.4502471707032227,0.6761453408827667,-0.0369636581294815,0.4728187346579922,-0.5987702495483217,-0.4014833293681604,1.5226438132044902,0.2494232067937951,-0.317160079410455,-0.1811957216308675,-0.5291774900222903,0.0,-0.4887814517459887,-0.5261949327650579,1.6230146455465302,0.3195908413766425,0.5987702495483217,-0.4236582710519507,-0.6744907580950871,0.2494232067937951,0.9241970528033204,0.0598847526169928,0.0598847526169928,0.7108561052376529,0.7108561052376529,1.0,0.9876062823128786,0.042041848362085,0.090551028494927,0.042041848362085,override,override,0.3406935624658093,0.7068411756859039,0.8958632121344893,-0.2658255564452834,0.0,0.0,4.668082350815879,-10.28283912586939,0.0,0.0,0.0,0.8660254037844524,-0.4999999999999762,0.0,override,override
2558.2144613,CONTEXTUAL_OVERRIDE_1,133.9924734000001,4.323660227813481,3.318567912116806,2.0007576546007177,2.7716542046375143,1.802370780647628,0.8654780622811449,0.8060079680142682,0.7752336101688481,0.764620566467289,0.9354988413922456,1577.5192626953124,2.1799266461270936,0.6658667169446914,-0.8605631341740412,0.4652190858520602,-0.7843444835886161,-0.3636011652087517,0.7834396341889521,0.4114276740171642,-0.1243551351779957,-0.2289240766652308,-0.6008464284127243,0.0,-0.5076008511147592,-0.5693150022173339,0.87433992549114,-0.0973482086146749,0.7843444835886161,-0.2499363707563828,-0.6744907580950871,0.4114276740171642,0.953477794905999,0.0682803516562327,0.0682803516562327,0.6674344564341993,0.6674344564341993,1.0,0.979638763738059,0.0446447437078316,0.0961572246971514,0.0446447437078316,override,override,0.3439498770216233,0.763026779740082,0.8991993597136345,-0.2940018509010492,0.0,0.0,3.828852905484672,-3.553830916021245,1.0,0.0,5.0,-0.8660254037844308,-0.5000000000000135,0.0,override,override
2559.2144613,CONTEXTUAL_OVERRIDE_1,134.9924734000001,4.077262047018978,3.127112318798398,1.9202201180034333,2.6108674891662145,1.5279824049030108,0.9166858623425151,0.6523155647655597,0.8928512553704442,0.7882735059216266,1.0485116905977696,1546.355859375,1.8513411286471448,0.3992472993103294,-0.9784541207005326,0.2058185798110259,-1.0570881463117596,-0.1589141018769338,-0.5021690838683467,1.351433375177771,0.1076156224508031,0.3508767038682457,-0.6224379057310327,0.1754383519341228,-0.6757753711726844,-0.8784903774493501,-0.506300146382644,-0.2896034106951016,1.0570881463117596,-0.1404109718900535,-0.3151537357506165,1.351433375177771,0.9601011468026268,-0.0036087830745685,0.0,0.6720708027618388,0.6720708027618388,1.0,0.9346607322409076,0.0,0.0,0.0,override,override,0.351217390487415,-0.5325275652396065,-0.4337389879014899,-0.1396623992254566,0.0,0.0,0.5415232932965824,-0.2063295554623322,0.0,0.0,0.0,-3.916393834725177e-15,1.0,0.0,override,override
2560.2144613,CONTEXTUAL_OVERRIDE_1,135.9924734000001,2.9761347640177047,2.7071863780515475,2.3582531212740943,2.437161117578411,2.212202719441022,0.9128316454999508,0.7284001978735384,0.8935806727658944,0.7901057538625493,1.0656679920563648,1520.7627685546877,0.3829273727922742,-0.1855379651519445,-0.3372606465946798,-0.0744254724438456,-0.3769691208965968,-0.1743201206085154,0.1342648944299938,1.3572629129913676,0.12558497225784,0.4388953411001161,-0.640170007525961,0.219447670550058,-0.7042240577930086,-0.9078134947417138,0.1229830069446081,-0.2613993058733121,0.3769691208965968,-0.4941310786627715,-0.2250127983072606,1.3572629129913676,0.9316086744658698,-0.1063261814244745,0.0,0.6521260721261088,0.6521260721261088,1.0,0.934388339936793,0.0,0.0,0.0,override,override,0.3622378247068898,-0.2217551136520932,-0.1848663216251127,-0.5666847202940495,0.0,0.0,0.6223000507366189,1.336440867104013,0.0,0.0,0.0,0.8660254037844631,-0.4999999999999576,0.0,override,override
2561.2144613,CONTEXTUAL_OVERRIDE_1,136.9924734000001,2.3653464009755343,2.397595370259518,2.3567431890909534,2.1715064846079786,2.820097330856513,0.8206153098402759,0.7227785333870027,0.7211646560049532,0.7070694754803264,0.9421573503616496,1500.771484375,-0.431592481590595,-0.6166717480394971,-0.3394708879576442,-0.5030115407809149,0.2272817057544506,-0.5429258977514233,0.0872407037665941,-0.0206939271485341,-0.6887742089418474,-0.1947632823414921,-0.654020913169769,0.0,-0.5356830232494363,-0.5325789341771562,0.22297217820445,-0.4780713179985706,-0.2272817057544506,-0.3777750440090199,-0.6744907580950871,-0.0206939271485341,0.8715651343637696,0.0,0.0,0.6100955940546386,0.6100955940546386,1.0,1.0,0.0,0.0,0.0,override,override,0.376061385879336,0.3446409510948092,0.5164596721509289,0.5340732680848285,0.0,0.0,1.111611701657594,-0.6357086167904502,1.0,0.0,7.0,-0.8660254037844201,-0.5000000000000322,0.0,override,override
2562.2144613,CONTEXTUAL_OVERRIDE_1,137.9924734000001,1.84678415772752,2.33307158352803,2.568402559769784,2.042678856836281,2.705870078540775,0.8599242308152605,0.8450928338258432,0.7409958345196687,0.7118572692117566,0.9454488353370902,1458.7444335937498,-1.1231237359764363,-0.706527020187658,-0.0296435320294899,-0.7108517951084515,0.1137391437022163,-0.3858008584513694,1.1103773563491572,0.1377977756279921,-0.6418190243063658,-0.1778766577559631,-0.6831392384172331,0.0,-0.4340300799211667,-0.4546997462653655,1.2068275709619996,-0.368085276108574,-0.1137391437022163,-0.5114494914124971,-0.6744907580950871,0.1377977756279921,0.8668808506933556,-0.016535733075359,0.0,0.6068165954853489,0.6068165954853489,1.0,0.99313379208492,0.0,0.0,0.0,override,override,0.3650129677371798,-0.3598217676443446,-0.2784213462262586,-0.4781889670785848,0.0,0.0,0.1523570668938874,0.1273109646825672,0.0,0.0,0.0,-2.5477605267357653e-14,1.0,0.0,override,override
2563.2144613,CONTEXTUAL_OVERRIDE_1,138.9924734000001,2.679362060059584,2.96837611198385,2.9100593985033907,2.73591897963488,2.368710382181072,1.0103210143845802,0.972784720098159,0.9783893708078848,0.86148977024352,0.9748800565612464,1454.705078125,-0.0128353401854285,0.1781926187714494,0.4704743443494787,0.4075667143734715,-0.2213995816837208,0.2153629471888156,2.1784965265024145,2.0350579796315698,0.8256672768038704,-0.0268828091999788,-0.6859378946194346,0.0,-0.4969073456822337,-0.8021660426269692,2.1246557897052107,0.324333481560464,0.2213995816837208,-0.8867854284763836,-0.6744907580950871,2.0350579796315698,0.932827327622426,-0.2109970203032302,0.0,0.7178458256477911,0.7178458256477911,1.0,0.9032527187620314,0.0,0.0,0.0,override,override,0.339505531180208,-0.5413710456981354,-0.4155540400570157,-0.5674133807439469,0.0,0.0,-0.3765266390296684,-0.5132853635462123,0.0,0.0,0.0,0.8660254037844455,-0.4999999999999881,0.0,override,override
2564.2144613,CONTEXTUAL_OVERRIDE_1,139.9924734000001,2.8433998113460857,2.919897923370798,2.7279363726571177,2.7667518199125545,2.3466374655463142,1.0640750271523105,0.8014410305056346,0.983301045510786,0.91101446587442,1.0535047893268297,1459.8687255859377,0.2059180175663305,0.1106823089813098,0.2038823414978449,0.4573099680201867,-0.2433401909154672,0.4302276944058685,0.7452380409298426,2.074312312729803,1.311369326183987,0.3764932825205095,-0.6823602758373453,0.1882466412602547,-0.3428432753646261,-0.6539901222740966,0.5906194570133118,0.1572823252395774,0.2433401909154672,-0.5394107430627342,-0.2889194916583844,2.074312312729803,1.0221556583340186,-0.2124164488902562,0.0,0.7469654258817284,0.7469654258817284,1.0,0.9014816282503032,0.0,0.0,0.0,override,override,0.3517282541207016,0.1739942563884436,0.2695900774811315,0.0393753855520517,0.0,0.0,-0.1653852222052172,0.1422204954540649,1.0,0.0,10.0,-0.8660254037844093,-0.500000000000051,0.0,override,override
2565.2144613,CONTEXTUAL_OVERRIDE_1,140.9924734000001,2.620167109583634,2.948216857670777,3.0240678605214915,2.5720958763041617,2.3169806879503807,0.9566278063853422,0.7452592774222303,0.8276001151125845,0.8648268852170536,1.008371570305165,1441.9437011718749,-0.0917750603230606,0.1501190140689975,0.6373601298793917,0.143267541518072,-0.2728192026415653,0.0007412478957954,0.2752879976418436,0.8299432216851711,0.8583952635388571,0.1449419518469489,-0.6947795791492557,0.0724709759234744,-0.307856623674883,-0.4323481069276587,0.256984941687026,0.3937395719741946,0.2728192026415653,-0.252090927548783,-0.5260539744178344,0.8299432216851711,0.995217929698026,-0.0586703062059857,0.0,0.7754004651834572,0.7754004651834572,1.0,0.9593520588572678,0.0,0.0,0.0,override,override,0.2808192122094289,0.1877030997692581,0.2794372969472564,-0.1938236420135403,0.0,0.0,-0.5146328303034621,-0.6097014565279681,0.0,0.0,0.0,-4.703881669999013e-14,1.0,0.0,override,override
2566.2144613,CONTEXTUAL_OVERRIDE_1,141.9924734000001,2.231142102994049,2.568082454024305,2.744431357607471,2.387964014496677,2.086649930624827,1.036830576989288,0.9320066604232772,0.8888567920361415,0.9279135431319916,0.9593413867091172,1372.8991699218743,-0.6105612895504929,-0.3792528970166797,0.228027729235,-0.1537961679502957,-0.5017693329824986,0.3213265799413573,1.8373955487354523,1.319509438077298,1.4771031353891513,-0.1066023541194436,-0.7426168905980323,0.0,-0.1405017233856969,-0.3384281390972917,1.7570639037501132,-0.0756125838908398,0.5017693329824986,-0.4525653902837501,-0.6744907580950871,1.319509438077298,0.7408950334651945,-0.0830757326219009,0.0,0.5186265234256361,0.5186265234256361,1.0,0.9361538260810566,0.0,0.0,0.0,override,override,0.1795812335976284,0.2109152406146406,0.264387684780444,0.2495348945271707,0.0,0.0,-0.8339374685663684,-0.2269179427892892,0.0,0.0,0.0,0.8660254037844562,-0.4999999999999694,0.0,override,override
2567.2144613,CONTEXTUAL_OVERRIDE_1,142.9924734000001,1.9509226795611667,1.932215279846117,1.8392647899783208,2.006586836294884,1.9128869504007333,1.0776932208464485,0.977922445008393,1.0100805879226489,0.9375983233511772,0.9145948525122752,1449.6560302734374,-0.984249293089035,-1.264756071584396,-1.0969566710476957,-0.7690797921481265,-0.6744907594765953,0.4846621374359601,2.221472651515493,2.288335663549971,1.572084387476231,-0.3361698381346045,-0.6894361133808947,0.0,-0.3162553448065296,-0.6595056943390254,2.100307117156503,-1.1808563713160458,0.6744907594765953,-0.6904880217297079,-0.6744907580950871,2.288335663549971,0.4611048707383246,-0.1734266657045071,0.0,0.3227734095168272,0.3227734095168272,1.0,0.8918861552619114,0.0,0.0,0.0,override,override,-0.0808758271554586,1.7849001865517011,1.9245044045291064,0.7356977166350598,0.0,0.0,-0.1249610226682302,2.535424044639929,1.0,0.0,2.0,-0.8660254037844269,-0.5000000000000203,0.0,override,override
2568.2144613,CONTEXTUAL_OVERRIDE_1,143.9924734000001,2.5702094653788943,2.020243252347626,1.6804761141029945,2.086836278403624,2.0840409387236485,0.9699460953589744,0.9277364924941188,0.9314657043196204,0.8837959676864316,0.9367947667890042,1510.40947265625,-0.1583963248152042,-1.1421690718676871,-1.329391811717354,-0.6396117211604242,-0.5043626863095533,0.0539769161992617,1.801676378488558,1.6600418505233414,1.0444301722418363,-0.222275464920319,-0.6473432597944364,0.0,-0.5270377314839078,-0.776044009062409,1.7881821494387429,-1.2357804417925204,0.5043626863095533,-0.698102244183796,-0.6744907580950871,1.6600418505233414,0.3566685404194514,-0.1235506191163679,0.0,0.249667978293616,0.249667978293616,1.0,0.9203492213632812,0.0,0.0,0.0,override,override,-0.3255621206158376,1.7786382867563737,1.7475794351583496,0.365675839583686,0.0,0.0,-0.5750225971058506,-1.7715424696998157,0.0,0.0,0.0,-1.1756609271814592e-14,1.0,0.0,override,override
2569.2144613,CONTEXTUAL_OVERRIDE_1,144.9924734000001,2.8357218244802653,2.43698081789813,2.2576288419911053,2.471593319649997,2.276140073964797,0.9007105949530899,0.7845825837659198,0.7910900857842629,0.812035422031994,1.0935050798129142,1283.47890625,0.1956790000566439,-0.5618239113653744,-0.4845546420952667,-0.0188752945868271,-0.3134150136560142,-0.2227702051261096,0.6042202310488318,0.5381533660105438,0.3406551435418302,0.5817106521243899,-0.8045714715859821,0.2908553260621949,-0.4838377147453486,-0.5645607196469302,0.5871989508148104,-0.5231892767303206,0.3134150136560142,-0.3975012964777208,-0.0787539328912989,0.5381533660105438,0.3431390131850126,-0.0175661518728631,0.0,0.2401973092295088,0.2401973092295088,1.0,0.9734511177711171,0.0,0.0,0.0,override,override,-0.3642644004268395,0.7504551993652996,0.8007810778500787,0.3669649000056306,0.0,0.0,3.119229599505505,15.364991931090469,0.0,0.0,0.0,0.866025403784467,-0.4999999999999507,0.0,override,override
2570.2144613,CONTEXTUAL_OVERRIDE_1,145.9924734000001,3.6915229696026346,3.443397892143926,2.6836876707979904,2.866700067441677,4.108756039873496,0.7912958338574533,0.6386806497350405,0.7837752555345839,0.738274263261604,0.9654575412964822,1142.2610107421874,1.3369368665848536,0.8397038767856609,0.1391110145478596,0.6185585258439628,1.5082160578149708,-0.660121274825998,-0.6162226432029614,0.4796929018009868,-0.3827404376533742,-0.0752240530806955,-0.9024138977310356,0.0,-0.8280137904563434,-0.8999677257264914,-0.4511923244964618,0.4894074456667603,-1.5082160578149708,-0.8421910216710061,-0.6744907580950871,0.4796929018009868,0.3026411440584081,-0.0575631482161184,0.0,0.3097302899742377,0.3097302899742377,1.0,0.9763007006521603,0.0,0.0,0.0,override,override,-0.552379759102537,1.1725483444475655,1.2625212240795705,1.0452135313503002,0.0,0.0,0.0817331186267635,-6.850057251046754,1.0,0.0,9.0,-0.8660254037844162,-0.5000000000000391,0.0,override,override
2571.2144613,CONTEXTUAL_OVERRIDE_1,146.9924734000001,4.009709854075846,3.5521124263578017,2.5670515333105524,2.8196920160673486,4.509192576802886,0.8755260959172992,0.7573426307744998,0.8475478633909663,0.8086811006350176,0.9677358588207864,810.56923828125,1.7612565663198088,0.9910988049677232,-0.0316211669166675,0.5427194723577294,1.9062523356780856,-0.3234373133194126,0.3763630285781895,0.9893665554447996,0.3077584087706937,-0.0635353797291161,-1.1322256197739815,0.0,-0.6697156077250925,-0.8181205910418125,0.4572223569080427,0.4797388190255278,-1.9062523356780856,-1.1342158773212403,-0.6744907580950871,0.9893665554447996,0.2491598212168938,-0.1187239866533759,0.0,0.2703596386569312,0.2703596386569312,1.0,0.951735301236338,0.0,0.0,0.0,override,override,-0.4429793610619505,0.725897999120674,0.6716204844311561,1.1623768028743806,0.0,0.0,-0.2741038999640607,1.3711707890247224,0.0,0.0,0.0,-3.3317820704447075e-14,1.0,0.0,override,override
2572.2144613,CONTEXTUAL_OVERRIDE_1,147.9924734000001,2.895838518861716,2.6846386847992414,2.290542182218465,2.3337336793527803,2.311495333156864,0.9327213020985126,0.812640644135364,0.8228914976423675,0.8410604517471777,1.017672051198186,845.3665039062492,0.2758479163563432,-0.2169376894416923,-0.436376037270441,-0.2412870799815989,-0.2782716776367611,-0.0948174785313543,0.8389207514406131,0.7923117314525444,0.625311439484568,0.1926571109551285,-1.1081164310644285,0.0963285554775642,-0.396208723409136,-0.5150554831270177,0.8385429822040606,-0.3266568633560666,0.2782716776367611,-0.4105400290245895,-0.4771883101956119,0.7923117314525444,0.2143921388787647,-0.0533366561287911,0.0,0.1500744972151353,0.1500744972151353,1.0,0.9611588505124056,0.0,0.0,0.0,override,override,-0.3232066401497073,1.9322643974650904,2.139245865568206,2.4843402345658845,0.0,0.0,-0.3342206696462605,-0.7475777055397826,0.0,0.0,0.0,0.8660254037844494,-0.4999999999999813,0.0,override,override
2573.2144613,CONTEXTUAL_OVERRIDE_1,148.9924734000001,2.453947725509224,2.789148509354314,2.696449653865878,2.32246570072868,2.0517607460013934,0.8134749218003527,0.7028670468981033,0.7239937710810466,0.7742826137773107,0.9145831906981232,996.4549316406247,-0.3134377453119542,-0.0713982038775291,0.157792027619203,-0.2594659410186158,-0.5364493881335082,-0.5714673515375633,-0.0793152227367171,0.0019164923698046,-0.0295968308633074,-0.3362296678707391,-1.0034352341182873,0.0,-0.5721381238669949,-0.5724255977224657,0.0635516151476736,0.0431969118708369,0.5364493881335082,-0.1381080862238279,-0.6744907580950871,0.0019164923698046,0.2282237927343712,0.0802374291356496,0.0802374291356496,0.1683960372882272,0.1683960372882272,1.0,0.999904179972542,0.0135103704205166,0.0290990521251323,0.0135103704205166,override,override,-0.1541085250534356,2.172666786485707,2.4488287051938054,2.2706904633749296,0.0,0.0,3.421972391422016,-10.98830496601125,1.0,0.0,3.0,-0.8660254037844337,-0.5000000000000084,0.0,override,override
2574.2144613,CONTEXTUAL_OVERRIDE_1,149.9924734000001,3.2407032058325096,4.1942569545706165,4.26336560659903,3.388817291255945,4.862169940484813,0.8009750940755775,0.6691740573969591,0.6909651909019119,0.7068631698250109,0.9907723691159138,1071.175732421875,0.7357439320796342,1.885343768939384,2.451446331890996,1.4609009524130063,2.257113915610947,-0.6214314786055405,-0.3611508901118254,-0.2620494594770658,-0.6907975041546491,0.0546510631734267,-0.9516651351117186,0.0273255315867133,-0.5365455506852459,-0.4972381317636859,-0.2126244033571186,2.16839505041519,-2.257113915610947,-0.8723153749937294,-0.618521951696151,-0.2620494594770658,0.2477911517564984,0.0,0.0,0.6071328163125869,0.6071328163125869,1.0,1.0,0.0,0.0,0.0,override,override,0.3845176674761841,1.627324599405343,1.7151709735216722,3.577463985101399,0.0,0.0,3.660856189881784,10.957122214012058,0.0,0.0,0.0,-5.4879032137079545e-14,1.0,0.0,override,override
2575.2144613,CONTEXTUAL_OVERRIDE_1,150.9924734000001,5.970464256022184,6.567129678104364,6.467109064155931,5.385567565009474,6.279141161434717,0.8520060315742789,0.6763535790940224,0.725122830014144,0.6958107784790816,1.0608278772227997,1108.6970214843748,4.376030335091882,5.189785977722854,5.677289848334535,4.682299125334162,3.665591660801081,-0.4174513677013343,-0.3010955100792172,0.0109399839746468,-0.799191287475945,0.4140636305636516,-0.925668614339592,0.2070318152818258,-0.4730383159129172,-0.4746793135091142,-0.24849062197434,5.433537913028695,-3.665591660801081,-1.3294091426547938,-0.2504432495897815,0.0109399839746468,0.2420738446650433,-0.0013127980769576,0.0,1.2561592738712697,1.2561592738712697,1.0,0.9994531503780552,0.0,0.0,0.0,override,override,0.3111805615312373,1.665124122671074,1.8733370927717872,1.5426537986731736,0.0,0.0,1.3236932102635652,-8.14872054125906,0.0,0.0,0.0,0.8660254037844602,-0.4999999999999626,0.0,override,override
2576.2144613,CONTEXTUAL_OVERRIDE_1,151.9924734000001,5.328440795189862,6.574646272852695,7.27683586391581,5.27813478434153,9.277062105951869,0.901549706045654,0.697606941926805,0.8859050787156777,0.7754260368196083,0.993514368677268,1091.3781249999995,3.519856760954185,5.200253523118932,6.8625693499657,4.508975616678781,6.645542749265054,-0.2194161226398432,-0.1233150344779298,1.2959192076771568,-0.0183829726481767,0.0687186094486685,-0.9376679636011914,0.0343593047243342,-0.6815776715079317,-0.8759655526595053,-0.0770508299990525,6.031411436542316,-6.645542749265054,-2.504102246534148,-0.6041152095713259,1.2959192076771568,0.20217028478974,-0.1555103049212588,0.0,1.3478014866612813,1.3478014866612813,1.0,0.9372586817703306,0.0,0.0,0.0,override,override,0.44950664415196,1.2230521587040597,1.331316902287918,0.5761791152048683,0.0,0.0,-0.3104548867766372,-0.104862841578386,1.0,0.0,1.0,-0.8660254037844229,-0.5000000000000272,0.0,override,override
2577.2144613,CONTEXTUAL_OVERRIDE_1,152.9924734000001,2.578432096263191,3.999998333523356,5.0091316360939615,3.269046091004465,10.61308811111982,0.8714712837306524,0.6854324484109279,0.8517164216311236,0.7974216199203096,0.9725553291185854,1055.04521484375,-0.1474309945702678,1.6148208789241625,3.543099946462396,1.267671618364438,7.973560472880393,-0.3396451488025251,-0.2251524361393235,1.0226818671452815,0.1973336441472547,-0.0388095838566481,-0.9628411193532616,0.0,-0.6975838023033736,-0.8509860823751658,-0.1402411489386922,2.578960412693279,-7.973560472880393,-2.8534305699605427,-0.6744907580950871,1.0226818671452815,0.1250234635253383,-0.1227218240574337,0.0,0.6033085070063927,0.6033085070063927,1.0,0.9501512530182707,0.0,0.0,0.0,override,override,0.4730679917722163,0.1874160438693283,0.2567971027596493,-0.2769507689225918,0.0,0.0,2.604249128092967,11.654613815022026,0.0,0.0,0.0,-1.9596824708904003e-14,1.0,0.0,override,override
2578.2144613,CONTEXTUAL_OVERRIDE_1,153.9924734000001,3.0412467570424946,3.257568434979849,3.429679278909709,2.921852084457705,7.591762398531595,0.784289204982003,0.5543031577760044,0.7114839462418671,0.6988509422988907,0.9435384060337668,1030.3337890625,0.4697577944017778,0.5809193681189615,1.2310948314919157,0.7075364061446219,4.970344907007101,-0.6881280684522237,-1.3220248622938258,-0.0980626106737387,-0.7693755808083557,-0.1876779184887713,-0.9799623619779768,0.0,-0.6538061547164151,-0.6390967631153543,-1.14999284518077,0.9060070998054386,-4.970344907007101,-1.574524371456545,-0.6744907580950871,-0.0980626106737387,0.1004803878390223,0.0,0.0,0.2515376914484034,0.2515376914484034,1.0,1.0,0.0,0.0,0.0,override,override,0.5411387993328862,0.8893793130448924,0.9851648599582172,0.1961019060442022,0.0,0.0,1.8502823953926948,-3.8162417901928247,0.0,0.0,0.0,0.8660254037844426,-0.4999999999999932,0.0,override,override
2579.2144613,CONTEXTUAL_OVERRIDE_1,154.9924734000001,3.3539755495095176,3.6282807341397336,3.4181821078911985,2.966319455369068,6.571033478213192,0.7381520203702184,0.5044962875965732,0.7127529050886223,0.6331102493277163,0.8282622434844108,989.8150878906248,0.8867988284399186,1.0971701372857063,1.2142652525042503,0.779276527726872,3.9557343440793353,-0.8725469424766163,-1.7386501812317217,-0.0879210324399318,-1.4141122903833252,-0.7790903949716104,-1.008035631393632,0.0,-0.8417745811226403,-0.8285864262566505,-1.5205134456125675,1.1557176948949786,-3.9557343440793353,-1.2914157627021166,-0.6744907580950871,-0.0879210324399318,0.1503908224274103,0.0,0.0,0.3364171146781829,0.3364171146781829,1.0,1.0,0.0,0.0,0.0,override,override,0.6527449580862276,0.867896778887568,0.7581608656176325,1.9786909712088665,0.0,0.0,5.61974247065634,6.122152619903905,1.0,0.0,5.0,-0.8660254037844122,-0.5000000000000459,0.0,override,override
2580.2144613,CONTEXTUAL_OVERRIDE_1,155.9924734000001,3.42887774389149,3.447443668796854,2.77520673976896,2.6364217716734752,3.8532776858577615,0.7533518888767091,0.5927132355517735,0.6958031933329514,0.6681624143730838,0.8131504673102918,956.06953125,0.9866850216821912,0.8453379906623367,0.2730767873144595,0.2470458279357767,1.254269068145172,-0.8117902522088308,-1.000731618086568,-0.2233839186085067,-1.0703462524327023,-0.8566198058536174,-1.0314161464583915,0.0,-0.7336058806958534,-0.7000982929045775,-0.7977840550343602,0.5592073889883982,-1.254269068145172,-0.5528115609759366,-0.6744907580950871,-0.2233839186085067,0.2451823921048847,0.0,0.0,0.2834691522710989,0.2834691522710989,1.0,1.0,0.0,0.0,0.0,override,override,0.6477252569988629,0.4636033425251869,0.625040635522675,0.9240138476627452,0.0,0.0,3.253467565537233,6.24119537358048,0.0,0.0,0.0,-4.115803614153648e-14,1.0,0.0,override,override
2581.2144613,CONTEXTUAL_OVERRIDE_1,156.9924734000001,3.318392520409399,2.95372026185992,2.355598050020059,2.469962573530579,1.9090493418098784,0.9013146633680098,0.5987189601254024,0.8239601070168281,0.7477626600665676,0.7921831231287285,919.3506347656248,0.8393469032971848,0.1577830075542927,-0.3411471445267126,-0.0215062107502775,-0.6783053650346011,-0.2203556317651514,-0.9504948353510284,0.8008521073679519,-0.2896851706841583,-0.964190605171101,-1.056856731764392,0.0,-0.5006538693439345,-0.6207816854491274,-0.8954059274097406,-0.0916820684862099,0.6783053650346011,0.0221286955572677,-0.6744907580950871,0.8008521073679519,0.3318080701690233,0.008962856204626,0.008962856204626,0.234478518674043,0.234478518674043,1.0,0.960748505236324,0.0020191064126544,0.0043488136090478,0.0020191064126544,override,override,0.6322852656394545,0.8600814541996211,1.0197593371076643,-0.0247465833993812,0.0,0.0,-0.5359949198830011,-9.207431991225356,0.0,0.0,0.0,0.8660254037844534,-0.4999999999999745,0.0,override,override
2582.2144613,CONTEXTUAL_OVERRIDE_1,157.9924734000001,3.007990706536475,2.853024131454557,2.234945970101084,2.3927975768038685,2.9393456053163702,0.8876129262670567,0.6040025403935041,0.8755795004728111,0.7315693353844193,0.8785422871390486,924.9072021484376,0.4254090231177346,0.0175544397627957,-0.5177578695262238,-0.1459980827366565,0.3458151934116231,-0.2751240132690934,-0.9062986570647464,1.213396705212171,-0.4484974740048016,-0.5211338107322379,-1.053006879507227,0.0,-0.6998128600933533,-0.8818223658751789,-0.837517653747473,-0.250101714881714,-0.3458151934116231,-0.4529895042873424,-0.6744907580950871,1.213396705212171,0.3884715036318489,-0.1456076046254605,0.0,0.2719300525422942,0.2719300525422942,1.0,0.9411339177204128,0.0,0.0,0.0,override,override,0.6451239770878805,0.3977462098751139,0.5087428866409898,0.059854469740882,0.0,0.0,-0.6621814107732988,-0.2349538209627542,1.0,0.0,7.0,-0.8660254037844298,-0.5000000000000153,0.0,override,override
2583.2144613,CONTEXTUAL_OVERRIDE_1,158.9924734000001,3.1856419743436235,3.051730712482981,2.546899250438406,2.679860352433383,3.532890806553723,0.9435195499821664,0.7567361009641631,0.9125576352472357,0.8103436699653129,1.1134981614085633,1092.1342529296874,0.6623167534230354,0.2942715207091056,-0.0611201137299771,0.3171261812646918,0.93580262177081,-0.0516548813140317,0.371289518141446,1.5089276814246806,0.3240636746723607,0.6842830976110593,-0.9371440824680628,0.3421415488055296,-0.6653149570140523,-0.8916541092277545,0.2986678512685716,0.1165757034895642,-0.93580262177081,-0.9490377012489828,0.0262917333767316,1.5089276814246806,0.4043834919399787,-0.1850150817774714,0.0,0.3024398250493882,0.3024398250493882,0.9960640064020132,0.9273294488308116,0.0,0.0,0.0,override,override,0.7849606910885277,1.2390835195859526,1.4690362843791187,0.7680615249453225,0.0,0.0,-0.3821860224106528,-5.226859118134415,0.0,0.0,0.0,-6.271924757416895e-14,1.0,0.0,override,override
2584.2144613,CONTEXTUAL_OVERRIDE_1,159.9924734000001,2.545925591066222,2.563536071524444,2.57591038138549,2.542581115140161,2.630215059872841,1.0152458898878074,0.8442863273860481,0.8606102073406127,0.8663354367667666,1.1500073622519775,1123.47021484375,-0.1907802059855858,-0.3855841503033894,-0.0186535696549715,0.0956507719411811,0.0385376092389443,0.2350485869316334,1.1036310781450742,1.093761416965303,0.8731900355199287,0.8715897914469879,-0.9154330484079972,0.4357948957234939,-0.256716632937096,-0.4207808454818915,0.9359202074812922,-0.2021188599791805,-0.0385376092389443,-0.5646548147139178,0.2181147552136657,1.093761416965303,0.3501555812678728,-0.1639685833178862,0.0,0.212391693605461,0.212391693605461,0.9678122053326556,0.9467804303140084,0.0,0.0,0.0,override,override,0.8324704837553925,0.1016542791697446,0.0560993160467192,0.484331485302797,0.0,0.0,-0.8795457716846273,-0.1800982439990579,0.0,0.0,0.0,0.8660254037844641,-0.4999999999999558,0.0,override,override
2585.2144613,CONTEXTUAL_OVERRIDE_1,160.9924734000001,3.2465414759819247,3.191927360106483,2.895151403663132,3.0003839978911704,2.0858938671149807,0.8671583104584318,0.694375093823639,0.7829014351730382,0.7834983916575804,1.0262772378731249,1131.00498046875,0.7435295862271103,0.4895081700845198,0.448651995503149,0.8342335528914737,-0.5025208645674908,-0.3568849019702348,-0.1503488501320678,0.4727092887535115,0.0607847887722537,0.2368051347049971,-0.91021260700053,0.1184025673524985,-0.5519337948720885,-0.6228401881851152,-0.0907282664776338,0.4690800827938344,0.5025208645674908,-0.1957430254443778,-0.4319757918899575,0.4727092887535115,0.2715776870766214,0.0186530150347022,0.0186530150347022,0.2839203975124018,0.2839203975124018,1.0,0.9766416654934256,0.0051722663709439,0.0111401866898191,0.0051722663709439,override,override,-1.178890727175404,-0.0700730929517798,0.0351231239681733,-0.7562586668885088,0.0,0.0,-0.8899395389126376,0.0544686011218181,1.0,0.0,10.0,-0.8660254037844191,-0.500000000000034,0.0,override,override
2586.2144613,CONTEXTUAL_OVERRIDE_1,161.9924734000001,6.42839781924683,4.699408335698636,3.2164865270808174,4.2861336363884455,2.134628942741329,0.8071320504405098,0.7197949467132295,0.8007346483827009,0.7659223169448256,0.9923922477572956,1021.3483642578124,4.986709912182997,2.588813250917672,0.9190229095621244,2.908559817288631,-0.4540779121525124,-0.5968209834096957,0.0622835493607558,0.6152331597115069,-0.1115885170965195,0.0629616836669829,-0.986187888563493,0.0314808418334914,-0.820022799767096,-0.912307773723822,0.2036185847548068,1.753918080239898,0.4540779121525124,-0.4054024710157861,-0.6100109460093477,0.6152331597115069,0.233374961432407,-0.0057162923425039,0.0,0.5141460890506645,0.5141460890506645,1.0,0.9697066673756948,0.0,0.0,0.0,override,override,-1.172247382822663,-0.8878914705472825,-0.7592980540293285,-0.9006493270665094,0.0,0.0,-0.7890106061463277,-0.1365287166127758,0.0,0.0,0.0,-2.7437040145993425e-14,1.0,0.0,override,override
2587.2144613,CONTEXTUAL_OVERRIDE_1,162.9924734000001,5.214487260248017,3.995534708800592,2.9016293731298246,3.5101391264480686,2.296559875869554,0.8278976193455474,0.8640834798270774,0.8500464258676738,0.8025942492027839,1.0864201813301322,919.94794921875,3.367893458600246,1.6086048734082383,0.4581344585059059,1.6566319576171105,-0.2931176102092735,-0.5138171575766647,1.2692306213424736,1.0093351831858612,0.2480630148415357,0.5453623103279008,-1.056442884106805,0.2726811551639504,-0.9352547604827036,-1.0866550379605828,1.3295146219456522,1.033369665957072,0.2931176102092735,-0.8389148402885462,-0.1159787037703993,1.0093351831858612,0.2944735221776123,-0.0771525804509123,0.0,0.412805398715743,0.412805398715743,1.0,0.9507855330574968,0.0,0.0,0.0,override,override,-1.1312276611201295,-0.4340639006561901,-0.3806521642487859,-0.9014416332414364,0.0,0.0,3.701311570328432,16.107240720152646,0.0,0.0,0.0,0.8660254037844465,-0.4999999999999864,0.0,override,override
2588.2144613,CONTEXTUAL_OVERRIDE_1,163.9924734000001,1.9979031774842413,2.3960855341118514,2.238095732791537,1.8898113355302824,2.2626003818179736,0.9167335295476666,0.7735091933363631,0.8716546158890176,0.8474828011765756,1.089002648043844,993.851171875,-0.9215982168037198,-0.618774332912767,-0.5131472414068331,-0.957476102768327,-0.3268735474523057,-0.1587235672273688,0.5115933544188058,1.182028844727976,0.6882971527727788,0.5586113897630082,-1.005239241830281,0.2793056948815041,-0.6422600866025364,-0.8195644133117328,0.481447822505272,-0.5659607871598,0.3268735474523057,-0.5377476486930284,-0.1024101633100884,1.182028844727976,0.304055292950152,-0.0928124292495112,0.0,0.2128387050651063,0.2128387050651063,1.0,0.9426111437244792,0.0,0.0,0.0,override,override,-1.2034778380307776,-0.2169963413216024,-0.3033403307000065,0.0305670695519864,0.0,0.0,4.749251174362756,-7.049436655789395,1.0,0.0,6.0,-0.8660254037844083,-0.5000000000000526,0.0,override,override
2589.2144613,CONTEXTUAL_OVERRIDE_1,164.9924734000001,2.17930654956115,2.2383311487962843,1.66303758114341,1.788130941673867,1.7850759341583111,0.9970524453458532,0.78654878276251,0.8920932135664789,0.8817505888484681,0.9716394818199292,1077.1150390624998,-0.6796868492185402,-0.8384617372507172,-1.3549183666759457,-1.1215191677907848,-0.80153566293406,0.1623260186760184,0.6206671244412221,1.3453750697574904,1.0243705902352838,-0.0435082440739892,-0.947550103024259,0.0,-0.3085552557391032,-0.5103615162027269,0.5800856197722175,-1.0966900519633314,0.80153566293406,-0.214823125035432,-0.6744907580950871,1.3453750697574904,0.2447843450488447,-0.0412146589307898,0.0,0.1713490415341913,0.1713490415341913,1.0,0.9349438981353924,0.0,0.0,0.0,override,override,-1.3065532609092154,-0.999133927537146,-0.8462194921844934,-1.1073782912647825,0.0,0.0,-0.7905266733913249,-6.093261565198619,0.0,0.0,0.0,-4.8998251578625895e-14,1.0,0.0,override,override
2590.2144613,CONTEXTUAL_OVERRIDE_1,165.9924734000001,2.139048001134124,2.0933213888224125,1.7670523914234728,1.909706200932244,1.7528190001947248,0.9486108182168316,0.927438328763831,0.902250750767904,0.9030017542781152,0.8993780751281586,1096.3069824218749,-0.7333738363757977,-1.040401085615605,-1.2026613059888431,-0.9253793083424948,-0.8335992454148119,-0.0313041389986176,1.799182293660917,1.4265545803889537,1.2327865021233997,-0.4142379469075292,-0.9342530184446646,0.0,-0.5305982421347515,-0.7445814291930946,1.807008328410572,-1.121531195802224,0.8335992454148119,-0.5727722679285276,-0.6744907580950871,1.4265545803889537,0.1942896311609658,-0.0461466628344526,0.0,0.136002741812676,0.136002741812676,1.0,0.9311566750520104,0.0,0.0,0.0,override,override,-1.392065216287259,-0.9077249867363318,-0.7842802039033738,-0.697939529689497,0.0,0.0,-0.8136827431198331,0.0340423400132355,0.0,0.0,0.0,0.8660254037844572,-0.4999999999999677,0.0,override,override
2591.2144613,CONTEXTUAL_OVERRIDE_1,166.9924734000001,1.8742774279445835,2.1624955155471204,2.1794834500598266,2.0861363602632044,2.917530130055246,0.8488517976977374,0.8802624628303805,0.7434065300360985,0.8109154906949511,1.0160491243711325,1042.306787109375,-1.0864599489616116,-0.9440697898668592,-0.5989440030878204,-0.6407409134527094,0.3241304824226158,-0.4300594248425754,1.4045648418939505,0.1570641665281185,0.3296716748170398,0.1843308520589996,-0.9716669035806984,0.0921654260294998,-0.5080732396347919,-0.5316328646140096,1.489038341597219,-0.7715068964773397,-0.3241304824226158,-0.6891128409671406,-0.4857153313572321,0.1570641665281185,0.1950321813751503,-0.0188476999833742,0.0,0.1365225269626052,0.1365225269626052,1.0,0.9921775475506716,0.0,0.0,0.0,override,override,-1.3874505623914166,-0.6891544870113975,-0.6045385495585845,-0.920292800719821,0.0,0.0,-0.8083957963944286,0.071642415078164,1.0,0.0,9.0,-0.8660254037844259,-0.5000000000000221,0.0,override,override
2592.2144613,CONTEXTUAL_OVERRIDE_1,167.9924734000001,1.9977825990599123,2.877715993282397,3.0742368670080324,2.5130458158734794,4.723415692223916,0.7949346831303542,0.67375109376471,0.6494625501224969,0.7244062831080365,0.9777833088921292,1029.229052734375,-0.921759014760212,0.0519401148258292,0.7107976090678437,0.048000867821968,2.11919137502819,-0.6455761201682199,-0.32286482175148,-0.593740498512945,-0.5187474599186032,-0.0119879722025485,-0.9807277754704072,0.0,-0.4377669456886891,-0.3487058709117474,-0.1614707917094251,0.3813688619468365,-2.11919137502819,-0.7407074084653866,-0.6744907580950871,-0.593740498512945,0.2946351706235336,0.0,0.0,0.2825183918258408,0.2825183918258408,1.0,1.0,0.0,0.0,0.0,override,override,-1.3613850216373338,0.3847077468069283,0.3055278181287454,0.0862891152813197,0.0,0.0,-0.6879814386716017,0.0697859851989125,0.0,0.0,0.0,-1.3716044150450356e-14,1.0,0.0,override,override
2593.2144613,CONTEXTUAL_OVERRIDE_1,168.9924734000001,1.852700514235289,3.102521766100927,3.785151437954017,2.7642798602260155,5.236751789021316,0.8083864185003756,0.6944862309002782,0.7349034619670836,0.7619646131700721,0.8592174675483405,923.70693359375,-1.115233949378042,0.3650027064735821,1.7514355978352498,0.4533219047543772,2.6294504808251373,-0.5918070418968119,-0.1494192089031813,0.0891072502973024,-0.150402785609415,-0.6202778068453231,-1.0538384822371356,0.0,-0.6229945795008677,-0.6363606670454631,-0.0014674484289783,1.058219152154416,-2.6294504808251373,-1.1122911912280586,-0.6744907580950871,0.0891072502973024,0.4146790805876318,-0.0106928700356762,0.0,0.5019191868422255,0.5019191868422255,1.0,0.995554547889094,0.0,0.0,0.0,override,override,-1.3693850629177726,2.4092123934747542,3.09456680026223,2.1507009498045973,0.0,0.0,-0.7089806456462624,-0.1427293902699526,0.0,0.0,0.0,0.866025403784468,-0.4999999999999491,0.0,override,override
2594.2144613,CONTEXTUAL_OVERRIDE_1,169.9924734000001,4.669330518518762,4.187775139010078,3.92890783699641,3.751884158996116,5.566915848709527,0.7962308250139111,0.7144089927404796,0.7791006252338846,0.7390258511090563,0.8364949744721631,860.3426025390625,2.640896978710705,1.876317248167594,1.9618664654609577,2.0466441771717987,2.957635502127636,-0.640395200943245,0.0172310338423561,0.4423330386108683,-0.3753694128919617,-0.7368532167553511,-1.0977402827784557,0.0,-0.7952117644570489,-0.8615617202486792,0.1773298340781673,1.919091856814276,-2.957635502127636,-1.3811832924914431,-0.6744907580950871,0.4423330386108683,0.4616707343902272,-0.0530799646333041,0.0,0.7069878854360143,0.7069878854360143,1.0,0.9781261280947838,0.0,0.0,0.0,override,override,-1.459019824985988,1.626573987783407,1.3142889978879082,1.5155803805241057,0.0,0.0,-0.7712069171167892,0.036384360247465,1.0,0.0,9.0,-0.8660254037844152,-0.5000000000000407,0.0,override,override
2595.2144613,CONTEXTUAL_OVERRIDE_1,170.9924734000001,5.1933966229769215,4.256395652153212,3.4313414440541554,3.659071943896433,4.301638632378789,0.7342924228743061,0.5994499644999447,0.7151629704304892,0.6872561434522851,0.8736276660626516,852.9226318359374,3.339767934542564,1.971877586389555,1.2335279117291298,1.896908326836921,1.6999424916067316,-0.8879744686764208,-0.9443801180521596,-0.0686596779242773,-0.8830889008036584,-0.546347767872095,-1.1028811888435712,0.0,-0.8639435814029237,-0.8536446297142821,-0.7223865008830543,1.6027027490593424,-1.6999424916067316,-0.7880365322922822,-0.6744907580950871,-0.0686596779242773,0.4601469188692824,0.0,0.0,0.6426433930203661,0.6426433930203661,1.0,1.0,0.0,0.0,0.0,override,override,-1.4592855359398125,2.7911156803475943,2.4013428664006424,1.583601150947728,0.0,0.0,-0.7919835929722429,-0.059566084678923,0.0,0.0,0.0,-3.527725558308283e-14,1.0,0.0,override,override
2596.2144613,CONTEXTUAL_OVERRIDE_1,171.9924734000001,2.49301131528941,2.856531728281699,2.700058795371786,2.506478988340655,2.406834392326156,0.8458707263669565,0.7112312042069846,0.7858064083065851,0.7921626302140126,0.9356023533688134,868.29658203125,-0.2613443011917162,0.0224390890286623,0.1630750952498006,0.0374064702680053,-0.1835040908982711,-0.4419753192092334,-0.0093505834428695,0.495925969401828,0.1457573134807482,-0.228393019133008,-1.0922293902090323,0.0,-0.6155494084998732,-0.6899383039101474,0.1011432463594387,0.0927570921392315,0.1835040908982711,-0.3411419470450944,-0.6744907580950871,0.495925969401828,0.4977487555468559,-0.0319855026934786,0.0,0.3669755473106454,0.3669755473106454,1.0,0.9755086043858294,0.0,0.0,0.0,override,override,-1.4757043912262446,1.6742905955393563,1.4870684330513433,-0.1768962419561439,0.0,0.0,-0.8834756309653145,-0.0824211828742673,0.0,0.0,0.0,0.8660254037844504,-0.4999999999999796,0.0,override,override
2597.2144613,CONTEXTUAL_OVERRIDE_1,172.9924734000001,3.080875341690493,2.9858357153511026,2.663205601535624,2.824727201663462,2.02424023966399,0.927402575586492,0.736620047764626,0.8322328125828284,0.8151930626171344,0.8484189558663074,997.126513671875,0.5226046902334502,0.2025067127146964,0.1091293258414072,0.5508428405589756,-0.5638049336375388,-0.1160774137190767,0.2030224286849821,0.8669679557403174,0.3716229765364794,-0.6756784585929528,-1.0029699303757509,0.0,-0.4195161982281877,-0.5495613915892354,0.2320417821147513,0.1558180192780518,0.5638049336375388,-0.2062330693600761,-0.6744907580950871,0.8669679557403174,0.5188557543043385,-0.0194654146432072,0.0,0.3943626318686473,0.3943626318686473,1.0,0.9575777139879528,0.0,0.0,0.0,override,override,-1.5232349037396649,1.604551614850409,1.2640672666038857,-0.5448739858213667,0.0,0.0,-0.6492141859829829,0.2140246571988924,1.0,0.0,2.0,-0.8660254037844328,-0.5000000000000102,0.0,override,override
2598.2144613,CONTEXTUAL_OVERRIDE_1,173.9924734000001,3.52732935813303,3.29527703947362,2.683039966991505,2.950252485413734,1.6362589386563329,0.896752936118823,0.8110928809630755,0.840444487663589,0.7927019301958567,0.8224792776073694,1034.89853515625,1.117975660712,0.6334320474075373,0.1381629045863476,0.753355355540831,-0.9494606335838396,-0.2385897006616427,0.8259739968468803,0.9325960456307676,0.1510463738793124,-0.8087593056563538,-0.9767996903424688,0.0,-0.5649983166324114,-0.7048877234770266,0.885621422012291,0.3857974759969425,0.9494606335838396,-0.3030172089177426,-0.6744907580950871,0.9325960456307676,0.5093934435270621,0.0305075695618838,0.0305075695618838,0.4337349056683319,0.4337349056683319,1.0,0.9544406639533384,0.01262934765961,0.0272014781545388,0.01262934765961,override,override,-1.6163266239549745,1.3080614164220992,0.968907884342842,1.2683146140575503,0.0,0.0,-0.5282618337360552,0.1643492256424298,0.0,0.0,0.0,-5.6838467015715314e-14,1.0,0.0,override,override
2599.2144613,CONTEXTUAL_OVERRIDE_1,174.9924734000001,3.213474580387732,3.4562045597316136,2.8525115637707703,2.7430149040947063,2.5547056223893825,0.9416571950826114,0.8563375666905704,0.8699093972199488,0.8725205958310147,0.8755050224157749,1042.759619140625,0.6994330634149756,0.8575383322585157,0.3862357235059296,0.4190147148523195,-0.0365192166689107,-0.0590990588575833,1.204437480971746,1.1680809758016355,0.9338495589148168,-0.5367161845031914,-0.9713531601672708,0.0,-0.4679274003881558,-0.6431395467584012,1.2192122456861418,0.6218870278822226,0.0365192166689107,-0.6274615185033581,-0.6744907580950871,1.1680809758016355,0.4864052694732852,-0.1346918345958596,0.0,0.4648610942077441,0.4648610942077441,1.0,0.9432687438348892,0.0,0.0,0.0,override,override,-1.6289956436110593,0.6706882039593978,0.6134731187939292,-0.1929505696108094,0.0,0.0,-0.6990363573608503,-0.187901130295911,0.0,0.0,0.0,0.8660254037844611,-0.499999999999961,0.0,override,override
2600.2144613,CONTEXTUAL_OVERRIDE_1,175.9924734000001,2.5563208753684927,2.951446067665199,2.900108978540103,2.5029623858545267,2.9138087104937096,0.912030295353596,0.6694393302221691,0.8650016166192074,0.8565175303120723,0.8052650850114206,1025.98701171875,-0.1769175229868769,0.1546159842186232,0.4559089022539426,0.0317330633464634,0.3204313694445658,-0.1775232655973892,-0.3589319316627099,1.1288577645493183,0.7769031785303018,-0.8970749474046096,-0.9829740145712652,0.0,-0.5726234831896506,-0.7419521478720484,-0.3145511152633626,0.3052624432362829,-0.3204313694445658,-0.4747488720010538,-0.6744907580950871,1.1288577645493183,0.4808414382983669,-0.1354629317459182,0.0,0.3976414954561134,0.3976414954561134,1.0,0.9451204604585556,0.0,0.0,0.0,override,override,2.997290850130478,4.239585100506551,4.100379840451462,2.121176710584042,0.0,0.0,-0.7506714938772118,-0.406492206408305,1.0,0.0,9.0,-0.866025403784422,-0.5000000000000289,0.0,override,override
2601.2144613,CONTEXTUAL_OVERRIDE_1,176.9924734000001,2.4158740944456985,2.460604883346997,2.179530220126377,2.151759152497509,2.22325029015234,0.854650710327993,0.7340386592893089,0.8715424086144383,0.7957932905077826,0.7376163143150024,972.879345703125,-0.3642110250699854,-0.528925240383964,-0.5988755409828382,-0.5348703167214583,-0.365987770495652,-0.4068800967835243,0.1814295883206476,1.1811320789609394,0.1813641783553878,-1.244139996446805,-1.0197695132662763,0.0,-0.8202763244198531,-0.997446136263994,0.2831496125165287,-0.5639003906834011,0.365987770495652,-0.5193774144216659,-0.6744907580950871,1.1811320789609394,0.4495775713122028,-0.0868376839009649,0.0,0.314704299918542,0.314704299918542,1.0,0.9426534097423058,0.0,0.0,0.0,override,override,0.4092150868616033,11.336641677207403,15.521214320383086,8.995614846727392,0.0,0.0,-0.6015751484602955,0.2513709787014421,0.0,0.0,0.0,-2.1556259587539768e-14,1.0,0.0,override,override
2602.2144613,CONTEXTUAL_OVERRIDE_1,177.9924734000001,2.794007813539188,2.435176305665101,1.8513475297175668,2.200865648897631,1.7832551187873855,0.7999689607029267,0.8471155164026684,0.8053291218868267,0.7535735017291796,0.7844185432136889,946.686767578125,0.1400510736367266,-0.5643368596284422,-1.0792699355454014,-0.4556457988329297,-0.8033455641445656,-0.6254531800869795,1.1272967245135097,0.6519524060482885,-0.2326966790195457,-1.00402598253662,-1.0379169681729536,0.0,-0.8536365222038804,-0.9514293831111238,1.2836600195352543,-0.8218033975869218,0.8033455641445656,-0.5321900515972612,-0.6744907580950871,0.6519524060482885,0.4064882084494329,0.0422675458958902,0.0422675458958902,0.284541745914603,0.284541745914603,1.0,0.9679279557993524,0.0116411546359405,0.0250730775696235,0.0116411546359405,override,override,-0.8340502060744384,7.96991485360987,8.646429470969517,2.936275630326274,0.0,0.0,-0.5418849847903249,0.1195490949648052,0.0,0.0,0.0,0.866025403784472,-0.4999999999999422,0.0,override,override
2603.2144613,CONTEXTUAL_OVERRIDE_1,178.9924734000001,3.35720604836601,3.005603303421131,2.486652881128898,2.630486629998775,1.941094439299116,0.7271876436487628,0.6918798626222835,0.7220100541891759,0.7006268874219804,0.8207401965038857,950.609619140625,0.8911068762309218,0.2300348863653966,-0.1493088541933485,0.2374705421335281,-0.6464523492579068,-0.916373587434784,-0.1712210007278274,-0.0139374654666319,-0.7519584079235389,-0.8176814821017695,-1.0351990313781747,0.0,-0.9114954745214628,-0.909404854701468,0.0578723961308685,0.040363016086024,0.6464523492579068,-0.2714701102078711,-0.6744907580950871,-0.0139374654666319,0.431688879779777,0.096967852388686,0.096967852388686,0.3102548190630487,0.3102548190630487,1.0,1.0,0.0300847434977841,0.064797447587657,0.0300847434977841,override,override,-0.7771803236487954,7.84250419865346,9.443736973943372,1.9537752232848349,0.0,0.0,-0.4512750378434222,0.2352203051705243,1.0,0.0,1.0,-0.8660254037844112,-0.5000000000000475,0.0,override,override
2604.2144613,CONTEXTUAL_OVERRIDE_1,179.9924734000001,3.374755975984809,3.318881619621589,2.8541792616585457,2.8222814924958657,1.9307689284587588,0.8610490599132526,0.6683338070409661,0.846503705039899,0.7859520063733577,0.9158207039999436,957.677587890625,0.9145106693505152,0.6663035833259919,0.3886769025824774,0.5468971277938127,-0.6567159678913274,-0.3813047081667983,-0.3681794299757463,0.9810215932477124,0.0848480501544943,-0.3298807333614322,-1.0303020088872883,0.0,-0.7246622658034977,-0.8718155047906546,-0.2728532529340467,0.5274902429542346,0.6567159678913274,-0.2456361610191018,-0.6744907580950871,0.9810215932477124,0.4369552465883112,-0.0192151960060263,0.0,0.4113667212026648,0.4113667212026648,1.0,0.9521324938500318,0.0,0.0,0.0,override,override,-0.5380473389358809,4.383401290847771,3.94929812670692,1.385725732136801,0.0,0.0,5.340902257910633,5.125481676275087,0.0,0.0,0.0,-4.3117471020172244e-14,1.0,0.0,override,override
2605.2144613,CONTEXTUAL_OVERRIDE_1,180.9924734000001,2.294521666829312,2.5163634923569065,2.456744811807492,2.331112776208072,2.0089466981756323,0.9691240341108944,0.6632878714957907,0.9022743986156384,0.8383080963936309,0.9902699697589448,961.390283203125,-0.5260411574889983,-0.45127627957455,-0.1930883382249244,-0.2455154367835214,-0.5790068040164257,0.0506909850999621,-0.4103877538129052,1.4267435750899804,0.5983183480821865,0.0520735550284862,-1.027729678265832,0.0260367775142431,-0.4551784605600917,-0.6691899968235888,-0.4295696944664566,-0.3221823088997372,0.5790068040164257,-0.1693578472595477,-0.6211616085661018,1.4267435750899804,0.4354188939702643,-0.0843582084083337,0.0,0.304793225779185,0.304793225779185,1.0,0.9311478759097148,0.0,0.0,0.0,override,override,-0.3071462172853436,1.5186217352026266,1.2947341196983924,0.10166459431883,0.0,0.0,5.028525659251578,8.981802863265568,0.0,0.0,0.0,0.8660254037844544,-0.4999999999999728,0.0,override,override
2606.2144613,CONTEXTUAL_OVERRIDE_1,181.9924734000001,1.8143361543996603,2.3746058564988366,2.5277829406106367,2.057448291404374,2.4497645522084874,0.840304636178266,0.4924714305536963,0.7348155163586275,0.7164781288448551,0.9180183443035744,958.61962890625,-1.1663949319337146,-0.6486867477808534,-0.0891026013942168,-0.6870239633769987,-0.1408312589467631,-0.4642240128378933,-1.839235901286464,0.0884043848964603,-0.5965010074038363,-0.3186059661793419,-1.0296493183896325,0.0,-0.4951655475516544,-0.5084262052861235,-1.7231798980769906,-0.3688946745875351,0.1408312589467631,0.1271469806003366,-0.6744907580950871,0.0884043848964603,0.4225598480658194,0.0295882097444897,0.0295882097444897,0.3085065917061072,0.3085065917061072,1.0,0.9955895355461988,0.0090878983277039,0.0195737954559833,0.0090878983277039,override,override,0.0026026973614395,0.7567360626024384,0.6418357154000529,-0.3082743612506293,0.0,0.0,1.513645435467586,-8.076061065672477,1.0,0.0,10.0,-0.8660254037844288,-0.500000000000017,0.0,override,override
2607.2144613,CONTEXTUAL_OVERRIDE_1,182.9924734000001,2.197887298648846,2.7470879488465507,2.860303140541078,2.4425410277017225,3.511679463012036,0.7405379916824552,0.4893996505946678,0.6444187536369229,0.6567155163487824,0.8923428648195951,958.04892578125,-0.6549083990105917,-0.1299713797956882,0.3976410471706148,-0.0657459530920658,0.9147184212716488,-0.8630097731291654,-1.8649307763213103,-0.6340507550548691,-1.1826090691672977,-0.4503313686449477,-1.0300447284625398,0.0,-0.6410920088599612,-0.5459843956017308,-1.649178333039019,0.1338348336874633,-0.9147184212716488,-0.1779438853836269,-0.6744907580950871,-0.6340507550548691,0.462118794148636,0.0,0.0,0.3502501226415379,0.3502501226415379,1.0,1.0,0.0,0.0,0.0,override,override,0.1705632412644556,-0.2074217478143644,-0.1920827138228386,-0.1967547326788541,0.0,0.0,-0.7169784723693783,0.2726283906945742,0.0,0.0,0.0,-6.467868245280475e-14,1.0,0.0,override,override
2608.2144613,CONTEXTUAL_OVERRIDE_1,183.9924734000001,2.784145335946327,3.0267484197199206,3.119086622294444,2.7439285335512857,3.667871275970549,0.7125746912004212,0.6298707311093785,0.6703277128664709,0.7104780467295513,0.997276539539162,961.2962158203125,0.1268989176709833,0.2594813940159623,0.776448759072909,0.4204886919944984,1.069974003940073,-0.9747842654891792,-0.6899159940200359,-0.426985145594918,-0.6553454312357665,0.0880200394857033,-1.027794852590392,0.0440100197428516,-0.8363419694666707,-0.7722941976274331,-0.457222432583454,0.5179650765444357,-1.069974003940073,-0.5978102458279355,-0.5843483845868364,-0.426985145594918,0.5474656546180393,0.0,0.0,0.4868189735415146,0.4868189735415146,1.0,1.0,0.0,0.0,0.0,override,override,0.1974054376300555,-0.7646677057536334,-0.720260775065242,-0.678389530103007,0.0,0.0,2.520643139323571,-5.510720347927633,0.0,0.0,0.0,0.8660254037844651,-0.4999999999999541,0.0,override,override
2609.2144613,CONTEXTUAL_OVERRIDE_1,184.9924734000001,2.4076938926990903,2.89709158707823,3.193513039093615,2.534187130115804,5.19084818288712,0.7045063489496193,0.6679714368017626,0.6812091099282963,0.7388108855918686,0.9940563601752896,970.193603515625,-0.3751197737276767,0.0789224006114081,0.8853942777812868,0.0821085837284499,2.583822025773915,-1.0070349241640966,-0.3712105904549708,-0.3400205132289455,-0.3774776377061486,0.0714992409945901,-1.0216303222712555,0.035749620497295,-0.8969651496582894,-0.8459620726739475,-0.1283892645382704,0.4821583391963474,-2.583822025773915,-1.1583484331841445,-0.6012675316008791,-0.3400205132289455,0.6133078276674381,0.0,0.0,0.5257471472064761,0.5257471472064761,1.0,1.0,0.0,0.0,0.0,override,override,0.7088790702912207,-0.8781576697895216,-0.7820865666799578,-0.774281642216672,0.0,0.0,-0.7808766268703451,-0.024588986564925,1.0,0.0,6.0,-0.8660254037844181,-0.5000000000000356,0.0,override,override
2610.2144613,CONTEXTUAL_OVERRIDE_1,185.9924734000001,2.646374812659729,3.21609308584948,3.452639928209788,2.91610440197217,6.728499564490544,0.7298989229371681,0.654486562772018,0.7276583750805806,0.720796961196501,0.8137284071197604,1005.109228515625,-0.0568256477525121,0.5231611525471118,1.2647046699801507,0.6982635520973164,4.112256561937197,-0.90553610184175,-0.4840090843824176,0.031204178296127,-0.5541450535226214,-0.8536547451991264,-0.9974391285979162,0.0,-0.9164575642453944,-0.9211381909898136,-0.2576250589219801,0.8939329112636313,-4.112256561937197,-1.6446713134351778,-0.6744907580950871,0.031204178296127,0.6924555739427527,-0.0037445013955352,0.0,0.6635054840126531,0.6635054840126531,1.0,0.9984410075783792,0.0,0.0,0.0,override,override,0.6766460543776024,-0.236016442041554,-0.2784932073233178,-0.4378516210396654,0.0,0.0,3.115469617332131,11.78389257771572,0.0,0.0,0.0,-2.939647502462918e-14,1.0,0.0,override,override
2611.2144613,CONTEXTUAL_OVERRIDE_1,186.9924734000001,2.482999489192004,3.0809783823608794,3.312941940601969,2.675571131046006,5.430966447935975,0.7830269933838772,0.7248441073036923,0.7958135746474649,0.7809262591806021,0.8121810884456756,1009.1667724609376,-0.2746956215972793,0.335001574999233,1.0602145120901394,0.3102062924222197,2.8225009964789494,-0.6931733620405857,0.1045188501092646,0.5759037091088794,0.0355591917356504,-0.8615931042554213,-0.9946278705603144,0.0,-0.8947396602286934,-0.9811252165950254,0.2778121906194111,0.6976080435446862,-2.8225009964789494,-1.4288693271843846,-0.6744907580950871,0.5759037091088794,0.717648991646544,-0.0691084450930655,0.0,0.6418759028615181,0.6418759028615181,1.0,0.9716154450637132,0.0,0.0,0.0,override,override,-0.1994252787921936,-0.2549630028099759,-0.1327465578417783,-0.4017640180670117,0.0,0.0,0.9291546229795392,3.192757501880671,0.0,0.0,0.0,0.8660254037844475,-0.4999999999999847,0.0,override,override
2612.2144613,CONTEXTUAL_OVERRIDE_1,187.9924734000001,1.9393323343691649,2.7339501828467303,3.2616391054762546,2.3765991308963725,4.030033326686404,0.8377272687692294,0.7355692546877783,0.8194314572369622,0.7834260674359119,0.882959809214875,1007.57109375,-0.9997056554712777,-0.1482669200783019,0.9851173325622974,-0.1721313677730861,1.4299652169187989,-0.474526227841283,0.1942327376403083,0.7646589273026883,0.060075485620832,-0.4984701688048484,-0.9957334321172596,0.0,-0.742156852397224,-0.8568556914926272,0.312864294600629,0.4184252062419977,-1.4299652169187989,-0.9677814526984968,-0.6744907580950871,0.7646589273026883,0.7450575647748147,-0.0917590712763225,0.0,0.6052253365907698,0.6052253365907698,1.0,0.9624887065292548,0.0,0.0,0.0,override,override,-0.1582102634921131,-0.5209048648827685,-0.4779644836023091,-0.8242241749824728,0.0,0.0,-0.6842343819051518,-5.376763608106903,1.0,0.0,3.0,-0.8660254037844073,-0.5000000000000543,0.0,override,override
2613.2144613,CONTEXTUAL_OVERRIDE_1,188.9924734000001,2.370769512059271,2.9927875013851546,3.421316596568771,2.7450053290923586,3.33195638770955,0.7899553337238756,0.7268089673610725,0.8083979639220746,0.7611930371180047,0.9177444794416616,984.7721191406248,-0.4243604648766118,0.2121877103381773,1.2188535224969486,0.422225908327566,0.7360726251410928,-0.6654795021938812,0.1209545435211427,0.6764787345949107,-0.157969840085323,-0.3200110016404783,-1.0115296382664818,0.0,-0.9022470593021,-1.0037188694913366,0.287324419069613,0.7155206164175629,-0.7360726251410928,-0.8224260270141006,-0.6744907580950871,0.6764787345949107,0.9516278512025595,-0.0811774481513892,0.0,0.8092436191253043,0.8092436191253043,1.0,0.966741697359452,0.0,0.0,0.0,override,override,-0.1057563540680719,0.3598372682383751,0.1648867485163482,2.607898502829698,0.0,0.0,-0.8517962879885865,0.2330534171723948,0.0,0.0,0.0,-5.0957686457261663e-14,1.0,0.0,override,override
2614.2144613,CONTEXTUAL_OVERRIDE_1,189.9924734000001,2.524248237279681,2.694101892287025,2.617773245549534,2.354992652347398,2.554146314203819,0.7737141544183594,0.6376244599847117,0.7433085436207818,0.7373069622104887,0.943307370092651,969.1061767578124,-0.2196881487657604,-0.2037593078357301,0.0426253639161119,-0.2069895427966885,-0.0370751723018983,-0.7303985046331092,-0.6250574764298715,0.1562810545309681,-0.3922270199919249,-0.1888632245838925,-1.0223837428760367,0.0,-0.785096873718948,-0.8085390318985932,-0.4424578502715942,-0.0805669719598091,0.0370751723018983,-0.3144229601125937,-0.6744907580950871,0.1562810545309681,1.0976431294611182,-0.0131924506984314,0.0,0.7683501906227826,0.7683501906227826,1.0,0.992216397618305,0.0,0.0,0.0,override,override,-0.0670603808153792,0.2419908029894719,0.3147299362410378,1.4501129960582655,0.0,0.0,-0.9064181148821976,0.103742627470362,0.0,0.0,0.0,0.8660254037844582,-0.499999999999966,0.0,override,override
2615.2144613,CONTEXTUAL_OVERRIDE_1,190.9924734000001,2.609444582585013,2.8648837077520195,2.932854718537836,2.506866881134904,4.450136534628455,0.8016647285446136,0.6244334017061136,0.730273784509985,0.7285065990289774,0.8749632439721398,950.8180175781248,-0.1060741394443997,0.0340699840256429,0.5038421735703502,0.0380322656692164,1.8475502816829912,-0.6186748818747649,-0.7353982555764177,0.0521066523279401,-0.4785345556183017,-0.5394957229955322,-1.0350546431003542,0.0,-0.636912210189544,-0.644728208038735,-0.5807295351077264,0.2689560787979966,-1.8475502816829912,-0.7637399472732158,-0.6744907580950871,0.0521066523279401,1.0599814623026849,-0.0062527982793528,0.0,0.7957782393714787,0.7957782393714787,1.0,0.9973980583171482,0.0,0.0,0.0,override,override,-0.1104382253328421,2.120468711781975,2.710567153963557,2.0750187564661564,0.0,0.0,0.4240340974822411,2.5093752474145234,1.0,0.0,2.0,-0.8660254037844249,-0.5000000000000238,0.0,override,override
2616.2144613,CONTEXTUAL_OVERRIDE_1,191.9924734000001,2.795468039949669,3.029682806498607,3.502249484624908,3.0090530950877383,6.341574059478521,0.7917461702365751,0.7675838540861984,0.7352758081849504,0.8076840955154648,0.8433933614043377,923.2130371093748,0.1419983658171258,0.2635677958832938,1.3373232251783902,0.8482195852145858,3.7276503294333714,-0.6583211968917094,0.4620289801463068,0.0920830586209644,0.2979805106202783,-0.7014617532552763,-1.0541806770427018,0.0,-0.690550267409047,-0.7043627262021916,0.6266092793692342,0.800445510530842,-3.7276503294333714,-1.6015535089687645,-0.6744907580950871,0.0920830586209644,1.0224038879394428,-0.0110499670345157,0.0,0.8757718236637784,0.8757718236637784,1.0,0.99540642993312,0.0,0.0,0.0,override,override,-0.118132737407653,0.2597224904541068,0.3913890352999615,0.5379489417727153,0.0,0.0,0.4944128684359207,-1.2516956055256512,0.0,0.0,0.0,-1.567547902908612e-14,1.0,0.0,override,override
2617.2144613,CONTEXTUAL_OVERRIDE_1,192.9924734000001,2.952103127331761,3.3418924342039604,3.991374645827284,3.298870643407878,5.040132396624017,0.843543851615539,0.7592531404090685,0.787878010522374,0.8570500059573297,0.8050720558255753,909.61552734375,0.3508798643614929,0.6983482464089916,2.053305489168093,1.3157881805021452,2.434009645916189,-0.4512762686551731,0.3923440906880676,0.5124823108422715,0.7821253108190895,-0.8980652637571803,-1.0636016738661973,0.0,-0.6306450774499681,-0.7075174240763089,0.5051631578518608,1.3758268677885426,-2.434009645916189,-1.2170243818110251,-0.6744907580950871,0.5124823108422715,0.964814479259558,-0.0614978773010725,0.0,0.950535509039399,0.950535509039399,1.0,0.9747013958658082,0.0,0.0,0.0,override,override,-0.317469262067852,4.901523306340394,5.475299479750732,7.579482832197841,0.0,0.0,3.108445490547718,4.6202183273703055,0.0,0.0,0.0,0.866025403784469,-0.4999999999999474,0.0,override,override
2618.2144613,CONTEXTUAL_OVERRIDE_1,193.9924734000001,2.4115593562185667,2.840476726532656,3.076417333517773,2.59311311737794,3.32775713434347,0.8407828597882615,0.7577081236425047,0.8246411282965792,0.8141462745458923,0.7717429015994329,894.887353515625,-0.3699649656574568,8.103125528822218e-05,0.7139893797474794,0.1771750876368155,0.7318985425449954,-0.4623124644755616,0.3794203092736739,0.8062948611697348,0.361356843549854,-1.069057056024049,-1.0738060481407743,0.0,-0.7445156658849688,-0.8654598950604291,0.4949984253925643,0.3570352055013838,-0.7318985425449954,-0.8016926241953345,-0.6744907580950871,0.8062948611697348,0.9195254880537987,-0.0967553833403681,0.0,0.7150748827379358,0.7150748827379358,1.0,0.9604870849301248,0.0,0.0,0.0,override,override,1.2065980878283635,-0.5655602921577624,-0.6519210513002409,-0.3944758364276668,0.0,0.0,3.769398233402343,-0.2802028822963069,1.0,0.0,1.0,-0.8660254037844142,-0.5000000000000424,0.0,override,override
2619.2144613,CONTEXTUAL_OVERRIDE_1,194.9924734000001,1.7589571581642012,2.114583922512869,2.1056689504489343,1.829806440889552,2.1378647720077115,0.7359202340527451,0.7034341640847815,0.7314567593113892,0.7051897686431371,0.8095512225367381,938.50087890625,-1.2402458673459555,-1.0107910635121902,-0.7069937963488278,-1.0542832300805516,-0.4508614787898933,-0.8814678058365005,-0.0745713916563102,0.061561042064644,-0.7072090009466471,-0.875085360378682,-1.043588538372534,0.0,-0.903014170559126,-0.9122483268688224,0.1457955598028149,-0.858892429930509,0.4508614787898933,-0.3538723968870465,-0.6744907580950871,0.061561042064644,0.9189335001789708,0.0602418967707267,0.0602418967707267,0.6432534501252796,0.6432534501252796,1.0,0.9969266802424288,0.0386317143161974,0.0832061767057948,0.0386317143161974,override,override,1.1205007344678033,-0.4809776739724558,-0.3949943084590497,-0.2513654071828753,0.0,0.0,0.0196677772633945,-1.0579847178337836,0.0,0.0,0.0,-3.7236690461718594e-14,1.0,0.0,override,override
2620.2144613,CONTEXTUAL_OVERRIDE_1,195.9924734000001,2.62485208509262,2.590593145077355,2.227198092784642,2.3505954303810057,3.014944191772856,0.7684836790509639,0.6920033027882608,0.7490274421387472,0.7027439488311982,0.7981964386855631,939.014599609375,-0.0855273879699733,-0.3479047016723436,-0.5290992258541284,-0.2140836711885364,0.4209606339241065,-0.7513056836468243,-0.1701884464168504,0.2019867579739531,-0.7311958156042627,-0.9333399091842558,-1.0432326084121424,0.0,-0.8220010489377079,-0.8522990626338008,0.0176379744948556,-0.438501963763236,-0.4209606339241065,-0.5685894887664755,-0.6744907580950871,0.2019867579739531,0.9164056799427388,-0.0242384109568743,0.0,0.641483975959917,0.641483975959917,1.0,0.9899514891638306,0.0,0.0,0.0,override,override,1.1684928330018474,1.2818500290467685,1.1670901650876313,1.709731484507613,0.0,0.0,4.248922766693776,-16.75056234823148,0.0,0.0,0.0,0.8660254037844514,-0.4999999999999779,0.0,override,override
2621.2144613,CONTEXTUAL_OVERRIDE_1,196.9924734000001,2.997310153917156,3.049009509687289,2.8285973108944646,2.9012015826827584,6.035110067626056,0.9177596165491289,0.7395022398097066,0.877643029297026,0.8044993891749534,0.8456702664073015,936.520556640625,0.411165919138336,0.2904819970285632,0.3512299984397532,0.6742205280590432,3.4230233152467595,-0.1546221073950669,0.2271314356492039,1.2298885237309534,0.2667472364616964,-0.6897803266989195,-1.0449605991465674,0.0,-0.5850830907009006,-0.7695663692605437,0.2657869624979707,0.3208559977341582,-3.4230233152467595,-1.541715604437078,-0.6744907580950871,1.2298885237309534,0.8981195473137239,-0.1475866228477144,0.0,0.6928548826664382,0.6928548826664382,1.0,0.9403581871059348,0.0,0.0,0.0,override,override,1.1330512850065186,0.6365445083339792,0.7075112980875584,-0.442288047579687,0.0,0.0,4.657505906971687,6.076242795092291,1.0,0.0,3.0,-0.8660254037844034,-0.5000000000000611,0.0,override,override
2622.2144613,CONTEXTUAL_OVERRIDE_1,197.9924734000001,2.9235405954927183,3.705228822134425,3.853303962569392,3.293033457786679,7.679560755575115,0.9528566248061012,0.6878415718091829,0.8621008323849544,0.8187546092060694,0.9389565831705348,937.65322265625,0.3127901582012976,1.204327384841814,1.851197382223481,1.3063709292102326,5.057616991388007,-0.0143328635056081,-0.2050005614974742,1.1056745617793515,0.4065520246643219,-0.2111844886800679,-1.044175834647831,0.0,-0.4013189601283811,-0.5671701443952839,-0.2014173456210722,1.5277623835326477,-5.057616991388007,-1.829691360601039,-0.6744907580950871,1.1056745617793515,0.9245418751812936,-0.1326809474135221,0.0,0.952731789333435,0.952731789333435,1.0,0.946216641624414,0.0,0.0,0.0,override,override,0.9696137702202422,0.1418296696318028,0.2036048244420974,0.0989823963646023,0.0,0.0,1.2261305508414728,-14.663946042455091,0.0,0.0,0.0,-5.87979018943511e-14,1.0,0.0,override,override
2623.2144613,CONTEXTUAL_OVERRIDE_1,198.9924734000001,3.271615027854567,3.9410275414319056,3.863101315015401,3.232794405863676,5.1947142141009,0.8206188777495647,0.7673022081446047,0.7509304261315822,0.7223291607157946,0.8804026328081604,938.07861328125,0.776966545828706,1.532698659498004,1.86553876382028,1.209186031151609,2.5876648835866303,-0.542911636157024,0.4596730635865765,0.217195494719331,-0.539118359524814,-0.5115894989252543,-1.043881103936403,0.0,-0.6189300593087899,-0.6515093835166895,0.5954009726258325,1.699118711659142,-2.5876648835866303,-1.2347090697794585,-0.6744907580950871,0.217195494719331,0.9441031806527846,-0.0260634593663197,0.0,1.0006959687887775,1.0006959687887775,1.0,0.9891989797385672,0.0,0.0,0.0,override,override,-0.4047289772294623,2.16059143783206,2.9214134403447445,1.122754434865138,0.0,0.0,3.521161546719698,18.601293668681844,0.0,0.0,0.0,0.8660254037844621,-0.4999999999999592,0.0,override,override
2624.2144613,CONTEXTUAL_OVERRIDE_1,199.9924734000001,2.7929220521582137,3.388306470287646,3.470871076604788,2.732427807140238,2.865356474239693,0.7248372004530043,0.8774728713501184,0.7662044398660344,0.698580380867784,0.8042429699333473,932.8724609375,0.1386031511558184,0.7629840350856484,1.2913914567954057,0.401934334178801,0.2722695610327282,-0.9257687443189204,1.381230421642614,0.3392661242186843,-0.7720290497473905,-0.9023188035167954,-1.0474881721083338,0.0,-1.0445118877954598,-1.0954018064282625,1.612672607722344,1.027187745940527,-0.2722695610327282,-0.9731204258320862,-0.6744907580950871,0.3392661242186843,0.9130834681009712,-0.0407119349062421,0.0,0.8445959768587853,0.8445959768587853,1.0,0.9831797605637722,0.0,0.0,0.0,override,override,-0.5840360471214787,1.839328641635468,1.5163628232827375,0.8275124171796064,0.0,0.0,-0.8082249517779488,-4.397734210288106,1.0,0.0,2.0,-0.866025403784421,-0.5000000000000305,0.0,override,override
2625.2144613,CONTEXTUAL_OVERRIDE_1,200.9924734000001,2.546764223190977,2.92454567458695,3.185609802693417,2.534935570689838,2.963037733430344,0.7667370119719774,0.8727724819854814,0.8981877514212646,0.7561715095640889,0.9120313402730568,923.33193359375,-0.1896618439514211,0.117154727473148,0.8738255065556367,0.0833160582581526,0.369365308397272,-0.7582874355398492,1.341912528124725,1.3940829002842658,-0.207217315367814,-0.3493216735909685,-1.0540982999441797,0.0,-1.2462164506393425,-1.4553288856819822,1.5314843870096873,0.4954901170143924,-0.369365308397272,-1.231901094029877,-0.6744907580950871,1.3940829002842658,0.901106202541323,-0.1672899480341119,0.0,0.7298723651818046,0.7298723651818046,1.0,0.9326697140766048,0.0,0.0,0.0,override,override,-0.2308989330384136,3.85828903564232,4.250963373491156,1.821059049018937,0.0,0.0,0.5028440075784827,-2.580605741345432,0.0,0.0,0.0,-2.351569446617553e-14,1.0,0.0,override,override
2626.2144613,CONTEXTUAL_OVERRIDE_1,201.9924734000001,2.679182339112172,2.983733510025541,3.090998504359714,2.537113723334872,2.616792543987227,0.7779123609594506,0.7617095774229127,0.8500488355545611,0.7419245062913388,0.9174270708959202,921.8900878906252,-0.0130750079472468,0.1995791996035126,0.7353333230550982,0.0868301165974879,0.0251955493369264,-0.7136174953508021,0.4128917350322468,1.009354441515751,-0.3469415196046685,-0.3216394334857289,-1.0550972787295043,0.0,-1.066891549881315,-1.2182947161086777,0.5912961088699473,0.4674562613293054,-0.0251955493369264,-0.7980498972241405,-0.6744907580950871,1.009354441515751,0.8910407115176768,-0.1211225329818901,0.0,0.7172197503282348,0.7172197503282348,1.0,0.950784617530865,0.0,0.0,0.0,override,override,-0.1775826513326388,2.66023159041827,2.754598051866041,1.9264067733729453,0.0,0.0,6.056887740234996,-1.2485934725814272,0.0,0.0,0.0,0.8660254037844729,-0.4999999999999406,0.0,override,override
2627.2144613,CONTEXTUAL_OVERRIDE_1,202.9924734000001,2.877417501939658,2.852959709445964,2.678310479407782,2.48524852949269,2.224672692670543,0.848345083910261,0.68852208070752,0.8427164107282169,0.7364027195844217,0.7900368843088521,935.76083984375,0.2512824777710268,0.0174647262260111,0.1312398724131896,0.0031549355407566,-0.36457389400898,-0.4320848537222383,-0.1993082295804443,0.9507533606296188,-0.4010951713459655,-0.9752016623360482,-1.0454869668163451,0.0,-0.7648485299426049,-0.9074615340370475,-0.0912870161498847,0.0743522993196003,0.36457389400898,-0.3855232806252041,-0.6744907580950871,0.9507533606296188,0.8791626371056781,-0.0594043191742072,0.0,0.6302843058378947,0.6302843058378947,1.0,0.953574553179825,0.0,0.0,0.0,override,override,-0.1738803107780665,2.715934050086191,2.9526831123836703,3.5008811722536555,0.0,0.0,-0.042452924376731,-1.277036906204415,1.0,0.0,9.0,-0.8660254037844103,-0.5000000000000492,0.0,override,override
2628.2144613,CONTEXTUAL_OVERRIDE_1,203.9924734000001,3.688174245784451,2.9265893040784547,2.4180375786325894,2.767030889276549,2.849327783628024,0.8429500305051707,0.7005942333752364,0.8593574572807737,0.7326073187709744,0.7966392449325658,943.093994140625,1.3324711593091454,0.1200006683800779,-0.249748053650763,0.4577601963492407,0.2563369480923331,-0.4536498816414772,-0.0983268903126861,1.083749380111823,-0.4383176909359726,-0.9413289313156046,-1.0404062112568448,0.0,-0.8329621646806151,-0.9955245716973886,0.0150855800976831,-0.0648736926353425,-0.2563369480923331,-0.6454148225529199,-0.6744907580950871,1.083749380111823,0.7916114081872659,-0.1300499256134187,0.0,0.5541279857310861,0.5541279857310861,1.0,0.9472545089944614,0.0,0.0,0.0,override,override,-0.1250989792619378,2.392953536275225,2.4256792104643217,2.560733980335546,0.0,0.0,0.5812529759995091,2.918786793231273,0.0,0.0,0.0,-4.507690589880801e-14,1.0,0.0,override,override
2629.2144613,CONTEXTUAL_OVERRIDE_1,204.9924734000001,2.918516373087726,2.8779188527798354,2.6010898822396102,2.7608185764475914,2.663470422174407,0.8061067726781898,0.6737777529133989,0.7514956324923844,0.6850025464908347,0.8597053084951577,927.705419921875,0.3060900814655216,0.0522226152225585,0.0182042276076899,0.4477377446386425,0.0715936353723404,-0.600919208563231,-0.322641822870299,0.2217126502921672,-0.9051905341142596,-0.6177749891238938,-1.05106814210535,0.0,-0.6785186361654896,-0.7117755337093147,-0.1724120207294912,0.0352134214151242,-0.0715936353723404,-0.3567404939637217,-0.6744907580950871,0.2217126502921672,0.6292409420092612,-0.02660551803506,0.0,0.4475113436895076,0.4475113436895076,1.0,0.988975586682848,0.0,0.0,0.0,override,override,-0.1136921606308637,2.1115708640415978,2.175140701612694,3.5842121480814813,0.0,0.0,0.0330482878981369,-2.653393373418856,0.0,0.0,0.0,0.8660254037844552,-0.4999999999999711,0.0,override,override
2630.2144613,CONTEXTUAL_OVERRIDE_1,205.9924734000001,2.507288145768129,3.013584653834328,2.923047344623524,2.7998807173626785,2.248721425467933,0.817357827297662,0.5520591857323609,0.8164907268878249,0.7142624097728786,0.8589761638533655,930.167333984375,-0.242305363015724,0.241149646515356,0.4894861225307727,0.5107574977987129,-0.3406693118662031,-0.5559466589382581,-1.3407952761946127,0.7411564733211694,-0.618231162034774,-0.6215157905938584,-1.0493624117942628,0.0,-0.8153514246006675,-0.9265248955988428,-1.201808611460048,0.3653178845230643,0.3406693118662031,-0.1670222115301239,-0.6744907580950871,0.7411564733211694,0.5708633889044064,-0.0378383800186098,0.0,0.4726679491376973,0.4726679491376973,1.0,0.963620413673046,0.0,0.0,0.0,override,override,-0.3231179822936336,1.202828595237171,1.2216205811494196,1.0912930229474307,0.0,0.0,8.539397193152997,-2.5873858694348355,1.0,0.0,6.0,-0.8660254037844278,-0.5000000000000187,0.0,override,override
2631.2144613,CONTEXTUAL_OVERRIDE_1,206.9924734000001,2.8442420486618896,2.905222384280787,2.8513518483356988,2.699854208336525,1.892326450121636,0.774150244135315,0.7240007761917396,0.8157292382286444,0.7447265341929217,0.7856262085177068,959.2857910156248,0.2070411873209203,0.0902452790788107,0.3845381300295581,0.3493826790965188,-0.6949280179367004,-0.7286553732467608,0.0974645402877125,0.7350706204733939,-0.3194612761244856,-0.9978301801051688,-1.029187769824893,0.0,-0.9859300904124486,-1.0961906834834578,0.2796283835994028,0.2373917045541844,0.6949280179367004,-0.4414845268601864,-0.6744907580950871,0.7350706204733939,0.5617940899213947,0.0160307282336977,0.0160307282336977,0.4407342038558132,0.4407342038558132,1.0,0.9639136808922478,0.0068103299269266,0.0146682984525755,0.0068103299269266,override,override,-0.3937487654305887,0.8288322345497962,0.6369234517264692,2.0448726312735697,0.0,0.0,2.2586448302101854,-11.649571590513352,0.0,0.0,0.0,-6.66381173314405e-14,1.0,0.0,override,override
2632.2144613,CONTEXTUAL_OVERRIDE_1,207.9924734000001,2.278452184703725,2.5793733590986965,2.5538074537164057,2.21131791670858,2.114509147977017,0.7871764583773599,0.7298840087765585,0.7447758150082779,0.7498403560875563,0.7413805139127271,973.7900390625,-0.5474706951700196,-0.3635292794230556,-0.0510078737239125,-0.438782940782194,-0.4740771067334225,-0.6765871817536708,0.1466767000400873,0.1680075558312805,-0.2693086453460903,-1.224828158189586,-1.019138541905069,0.0,-0.735389826294619,-0.7605909596693111,0.3158234954785051,-0.207268576573484,0.4740771067334225,-0.3117375191497848,-0.6744907580950871,0.1680075558312805,0.5817580559747463,0.0509506593102597,0.0509506593102597,0.4072306391823224,0.4072306391823224,1.0,0.991634806791763,0.0205751029280139,0.0443152906949938,0.0205751029280139,override,override,-0.3232846599781481,0.4691143924247652,0.3599684502563636,2.0764938012599896,0.0,0.0,-0.1140506053902058,0.0760391819596675,0.0,0.0,0.0,0.8660254037844661,-0.4999999999999525,0.0,override,override
2633.2144613,CONTEXTUAL_OVERRIDE_1,208.9924734000001,2.6889869653074574,3.406120755951953,3.3452359584963487,2.8350687154624774,3.3146371510727195,0.8015527593067931,0.5542402923636226,0.7622121402873793,0.7253481876884484,0.8668930657756373,972.461083984375,0.0,0.7877920565545783,1.1074865518038666,0.5675270168905316,0.7188572018452657,-0.6191224436611626,-1.3225507199192772,0.3073594799541725,-0.509509947618958,-0.5808989408620866,-1.020059304734836,0.0,-0.7266982616451231,-0.7728021836382489,-1.1677701090039865,0.9476393041792224,-0.7188572018452657,-0.3877141980690426,-0.6744907580950871,0.3073594799541725,0.5378598533883946,-0.0368831375945007,0.0,0.5660297582077207,0.5660297582077207,1.0,0.98474951071075,0.0,0.0,0.0,override,override,-0.3408169359426894,0.0194727955392797,-0.0526937710097809,0.5090334071270598,0.0,0.0,4.355416393543554,9.923966506806284,1.0,0.0,1.0,-0.8660254037844171,-0.5000000000000373,0.0,override,override
2634.2144613,CONTEXTUAL_OVERRIDE_1,209.9924734000001,2.991005327479797,3.236051936013835,3.3409911287669893,2.9474342342863697,5.123659599692198,0.8278539357361574,0.8239013157853678,0.8403472733024451,0.7318903462771611,0.9579596110446844,976.513427734375,0.4027580865364034,0.5509556761504096,1.1012729626431568,0.7488086131905931,2.517036178071615,-0.5139917690559912,0.9331142010738976,0.9318191039265414,-0.4453492335867269,-0.1136914118185681,-1.0172516496380937,0.0,-0.8401284554302807,-0.979901321019262,1.061612143337895,0.8261143193967833,-2.517036178071615,-1.5156226365941032,-0.6744907580950871,0.9318191039265414,0.2339793319615693,-0.1118182924711849,0.0,0.3290083962524552,0.3290083962524552,1.0,0.9544777419113208,0.0,0.0,0.0,override,override,-0.3386154819153104,0.1629992902615068,0.1707143643618195,0.0905728962806529,0.0,0.0,1.2132899262522705,-11.469600166774802,0.0,0.0,0.0,-3.135590990326495e-14,1.0,0.0,override,override
2635.2144613,CONTEXTUAL_OVERRIDE_1,210.9924734000001,2.8208143379634723,2.72406272296974,2.5451882754145245,2.37623037224716,5.387699006840856,0.772040718833596,0.8850649792452796,0.7630948439743293,0.7318033861618131,0.7929767090647433,1034.44375,0.1757990473895782,-0.1620361119237558,-0.0636246419538308,-0.1727262936656413,2.7794929050140103,-0.7370875366772446,1.444737009425331,0.3144140889522212,-0.4462020748955085,-0.9601191942797168,-0.9771147869731208,0.0,-0.847132467810522,-0.8942945811533551,1.629008893594642,-0.1128303769387933,-2.7794929050140103,-1.626447821359323,-0.6744907580950871,0.3144140889522212,-0.0188953213666491,-0.0377296906742665,0.0,0.0,0.0,1.0,0.9844022208262554,0.0,0.0,0.0,override,override,-0.3551664808554348,-0.1016451371366922,-0.0405833461346018,-0.5378115870024783,0.0,0.0,-0.7482798439922896,0.0148193207906153,0.0,0.0,0.0,0.8660254037844769,-0.4999999999999338,0.0,override,override
2636.2144613,CONTEXTUAL_OVERRIDE_1,211.9924734000001,2.3064062096384075,2.830396954287312,2.596706758036192,2.1821293156069403,4.783965425229694,0.7785055131341546,0.7486532396934651,0.7728688678255222,0.7128553393311591,0.7173887928466295,1075.77841796875,-0.510192466413653,-0.0139559731453665,0.0117882027546704,-0.4858735096404571,2.179378166513392,-0.7112465562242718,0.3036778685295815,0.3925285430177959,-0.6320306814151403,-1.3479152115490451,-0.9484761772316308,0.0,-0.8486315462805003,-0.9075108277331696,0.4814895075856494,-0.001083885195348,-2.179378166513392,-1.228399799276345,-0.6744907580950871,0.3925285430177959,-0.0602098869888772,-0.0471034251621355,0.0,0.0,0.0,1.0,0.9805649173229876,0.0,0.0,0.0,override,override,-0.3572285128545732,-0.2990716139245097,-0.239179716755947,-0.2836359211953203,0.0,0.0,6.174027553926402,5.989348393183221,1.0,0.0,8.0,-0.8660254037844063,-0.500000000000056,0.0,override,override
2637.2144613,CONTEXTUAL_OVERRIDE_1,212.9924734000001,2.9717559248653096,3.793161579435109,3.910953562986672,3.050436133388162,5.468846511597149,0.8209794930684308,0.7605481825199735,0.8492812436788281,0.7565605510819794,0.7558705396931203,1078.868359375,0.3770879500976269,1.32678178868627,1.9355849678537125,0.914983689731427,2.8601540030215817,-0.5414701899218272,0.4031768800311848,1.003219811476891,-0.2034018802575881,-1.150488573651339,-0.9463353199221064,0.0,-0.8925971239387391,-1.0430800956602728,0.5385444275116417,1.6311833782699912,-2.8601540030215817,-1.549996372456245,-0.6744907580950871,1.003219811476891,-0.0597818358899502,-0.1203863773772269,0.0,0.3262366756539983,0.3262366756539983,1.0,0.9510762978561096,0.0,0.0,0.0,override,override,-0.373462034349165,-0.8956744975696068,-0.8081497544249285,-0.9910057995434832,0.0,0.0,3.0345242627279148,-0.2103332704944905,0.0,0.0,0.0,-5.291712133589743e-14,1.0,0.0,override,override
2638.2144613,CONTEXTUAL_OVERRIDE_1,213.9924734000001,3.976815295930157,4.800486996778687,5.052544209855719,3.935237371462235,6.844797344182392,0.7243598113418446,0.7635074630000042,0.7353637335160814,0.7287112013172404,0.8159618639576981,1083.560595703125,1.7173898649678625,2.7295745276467605,3.606647347645265,2.3424516756865024,4.227857240404881,-0.9276769570348103,0.4279307175917034,0.0927857619644798,-0.4765279657856686,-0.8421962249775087,-0.94308431703229,0.0,-0.9601519737223784,-0.9740698380170504,0.659849956850406,3.168110937646013,-4.227857240404881,-1.8931611926228509,-0.6744907580950871,0.0927857619644798,-0.0211334769471342,-0.0111342914357375,0.0,0.6336221875292026,0.6336221875292026,1.0,0.995371456776194,0.0,0.0,0.0,override,override,-0.3243626467779371,-0.6430722458479879,-0.6938516893601956,-0.4466018183799967,0.0,0.0,1.218530447829238,-6.611310899918774,0.0,0.0,0.0,0.8660254037844592,-0.4999999999999643,0.0,override,override
2639.2144613,CONTEXTUAL_OVERRIDE_1,214.9924734000001,3.327582578114962,3.9476443356987376,3.912281311619972,3.1431581351752467,4.935314852208856,0.7115573983646918,0.6818071111335618,0.7162870274705596,0.6912248645791802,0.9090595102187174,1105.600830078125,0.8516023503833446,1.541913150458815,1.9375285286186965,1.064573997078682,2.329820388977532,-0.9788505734118862,-0.2554777164470153,-0.0596761616815834,-0.8441665821463704,-0.364568341533879,-0.9278138019442336,0.0,-0.957963916823332,-0.9490124925710944,-0.0107650730940437,1.7397208395387556,-2.329820388977532,-1.167569588254899,-0.6744907580950871,-0.0596761616815834,0.0035613509443679,0.0,0.0,0.3504371135688086,0.3504371135688086,1.0,1.0,0.0,0.0,0.0,override,override,-0.3067121895709666,-0.962457045932194,-0.8022854113561838,-1.0551762524504884,0.0,0.0,0.1547275229113463,-17.7845505034241,1.0,0.0,6.0,-0.8660254037844239,-0.5000000000000254,0.0,override,override
2640.2144613,CONTEXTUAL_OVERRIDE_1,215.9924734000001,2.859902885983508,3.2509748315771008,3.2955002337248853,2.719595265843984,3.120755987806881,0.7105015108100368,0.6545392092798817,0.6635442528121038,0.6814806660409253,0.889840456559397,1129.28232421875,0.2279257746944974,0.5717371725566248,1.034683311145577,0.3812313320913233,0.5261381828319905,-0.9830711515759928,-0.4835687060159256,-0.4811988744429235,-0.9397305657167048,-0.4631697164317351,-0.9114061445922628,0.0,-0.8146515455209694,-0.742471714354531,-0.2378009181219275,0.8032102418511011,-0.5261381828319905,-0.4514421987497944,-0.6744907580950871,-0.4811988744429235,-0.0505754679689768,0.0,0.0,0.1606420483702202,0.1606420483702202,1.0,1.0,0.0,0.0,0.0,override,override,0.077384800152945,-0.8486788562887868,-0.7100145844439412,-0.5840580116163107,0.0,0.0,-1.0328877381154191,0.0282755405733772,0.0,0.0,0.0,-7.44783327685299e-14,1.0,0.0,override,override
2641.2144613,CONTEXTUAL_OVERRIDE_1,216.9924734000001,2.6023131500936114,2.765183349036341,2.7839611420778936,2.486226914578776,3.773112017789889,0.6844050232099678,0.6774531887253774,0.6709310162311911,0.6845380999389544,0.8442357199966241,1150.5051513671874,-0.1155842966541838,-0.1047718806489648,0.2858914966817294,0.0047333842682513,1.1745839215927911,-1.0873836470108995,-0.2918974775242693,-0.4221635169915363,-0.9097454867333934,-0.697140119275334,-0.8967019678277439,0.0,-0.939626416063862,-0.8763018885151316,-0.0200515657715443,0.0905598080163822,-1.1745839215927911,-0.7601305877691232,-0.6744907580950871,-0.4221635169915363,-0.0941798531994693,0.0,0.0,0.0181119616032764,0.0181119616032764,1.0,1.0,0.0,0.0,0.0,override,override,0.1181560190552191,-0.86446752868468,-0.7192398810701232,-0.7307960324630536,0.0,0.0,-0.7865170878830282,0.1761537738553463,0.0,0.0,0.0,0.86602540378447,-0.4999999999999456,0.0,override,override
2642.2144613,CONTEXTUAL_OVERRIDE_1,217.9924734000001,3.951252243634424,3.597340980665968,3.093358825302213,3.310991086185738,5.85930107595109,0.670869402368292,0.719432742695778,0.7097868558364996,0.7304303571064049,0.8983423523977677,1165.373828125,1.6833001296464576,1.0540837018886111,0.738788364967068,1.335342339443712,3.248268141311394,-1.1414880310526898,0.0592537792959492,-0.111625836273912,-0.4596677412176271,-0.4195516156781024,-0.8864002464891019,0.0,-1.1024189883568205,-1.0856751129157338,0.3446257870591217,0.8964360334278396,-3.248268141311394,-1.57926654149599,-0.6744907580950871,-0.111625836273912,-0.1082167747341182,0.0,0.0,0.1792872066855679,0.1792872066855679,1.0,1.0,0.0,0.0,0.0,override,override,0.1909182006134068,-0.6415222006030359,-0.5510962054871771,0.7486381718041556,0.0,0.0,1.7407947880192012,-5.466707169218096,1.0,0.0,3.0,-0.8660254037844132,-0.5000000000000441,0.0,override,override
2643.2144613,CONTEXTUAL_OVERRIDE_1,218.9924734000001,12.452325250144815,8.221144076970278,5.484076146894218,8.06086179677706,5.383991061299137,0.8084653288373524,0.8644257477780921,0.8098614388982862,0.8411770078376145,0.9551073728804268,1203.5978515625,13.0199482492553,7.493152247367789,4.238324549662788,8.998406183650461,2.775807185291074,-0.5914916226614033,1.2720936298740275,0.6881748947993329,0.6264545365045843,-0.1283245258894853,-0.8599168381597129,0.0,-0.8323528358411698,-0.9355790700610698,1.4199665355393782,5.865738398515289,-2.775807185291074,-1.627535928650691,-0.6744907580950871,0.6881748947993329,-0.1285933501457542,-0.0825809873759199,0.0,1.1731476797030578,1.1731476797030578,1.0,0.9661765043518284,0.0,0.0,0.0,override,override,0.2604599652396643,-0.6326418906002665,-0.5583489225723675,-0.4325121069118534,0.0,0.0,3.777744067509534,4.717537151175557,0.0,0.0,0.0,-3.919612534035436e-14,1.0,0.0,override,override
2644.2144613,CONTEXTUAL_OVERRIDE_1,219.9924734000001,11.174685503608584,7.253487784308612,4.901314284301694,7.256854940240976,2.2800263132508607,0.881593645262285,0.8462297429207359,0.8786115172072833,0.8441989499815239,0.9758177822367056,1245.76953125,11.316145421187,6.145602391299556,3.385276718878195,7.7012854306418035,-0.3095520689003441,-0.2991841945453663,1.119887392064244,1.2376287242390198,0.656091538281313,-0.0220719042243094,-0.8306983071767978,0.0,-0.7323542480290233,-0.9179985566648764,1.1946834407005855,4.765439555088875,0.3095520689003441,-0.6824221410673907,-0.6744907580950871,1.2376287242390198,-0.1382306068936355,-0.1020826365736307,0.0,0.953087911017775,0.953087911017775,1.0,0.939994329472872,0.0,0.0,0.0,override,override,0.2827059664984912,-0.6120918900922941,-0.4954733653428849,-0.5570036340030455,0.0,0.0,-0.2701354352604435,-2.7338798193569134,0.0,0.0,0.0,0.8660254037844524,-0.4999999999999762,0.0,override,override
2645.2144613,CONTEXTUAL_OVERRIDE_1,220.9924734000001,2.889306767225207,2.8846903052712047,2.8693835656807574,2.618770111985997,2.250293088765246,0.8461390335890359,0.7480824609840233,0.8750723591298598,0.7783587122270184,0.8877005710014023,1221.00380859375,0.2671374665282959,0.0616524819007553,0.4109329893261048,0.2185680433005573,-0.3391070692853599,-0.4409028455374035,0.2989034094839227,1.2093436079676942,0.0103785661639263,-0.4741481788410963,-0.8478571692403455,0.0,-0.8641731083260965,-1.0455746495212508,0.4091291208682736,0.23629273561343,0.3391070692853599,-0.578465003646653,-0.6744907580950871,1.2093436079676942,-0.1996482769842586,-0.0942551725633193,0.0,0.047258547122686,0.047258547122686,1.0,0.9413246624118594,0.0,0.0,0.0,override,override,-1.4423417025689194,0.9057712574714292,1.0643963940850056,3.654105578884512,0.0,0.0,-0.41197857840661,-0.3090856683537031,1.0,0.0,3.0,-0.8660254037844024,-0.5000000000000628,0.0,override,override
2646.2144613,CONTEXTUAL_OVERRIDE_1,221.9924734000001,2.140131133287329,2.4214550214101807,2.586035169744557,2.0247217338638173,2.020398935371432,0.8628415576390014,0.6829763749198485,0.8947954320252178,0.7868444809279072,0.8523015061052184,1245.12275390625,-0.731929420114636,-0.5834450024297775,-0.0038328867975993,-0.7398223899268386,-0.5676232127448195,-0.3741397626883213,-0.2456970396823589,1.3669713255968443,0.0936007888567148,-0.6557594345633299,-0.8311464250605873,0.0,-0.8525797266472168,-1.0576254254867434,-0.1521620990102786,-0.2936389446136884,0.5676232127448195,-0.4135290369676729,-0.6744907580950871,1.3669713255968443,-0.1956952320575034,-0.0788930771598983,0.0,0.0,0.0,1.0,0.9339348786285416,0.0,0.0,0.0,override,override,-1.441809904136099,-1.1493922624307642,-0.9619999739302354,-1.240948196950345,0.0,0.0,-0.4909552972059877,0.0140919433182724,0.0,0.0,0.0,-6.075733677298685e-14,1.0,0.0,override,override
2647.2144613,CONTEXTUAL_OVERRIDE_1,222.9924734000001,2.0778861795804224,2.149478446495709,2.232290198052502,1.9601232495595464,2.403256609972219,0.8310119756600982,0.6851686914267746,0.8849362428822526,0.781727890998409,0.8524341643112582,1353.8628417968748,-0.8149364872055941,-0.9621972486140248,-0.5216453932825359,-0.8440404496645081,-0.1870604276453761,-0.5013684984382066,-0.2273587148564779,1.288176226550921,0.043421011213733,-0.6550788453033761,-0.7558061575952894,0.0,-0.9522301777310288,-1.145456611713667,-0.1020165902469263,-0.7419213209482803,0.1870604276453761,-0.576717873673268,-0.6744907580950871,1.288176226550921,0.0703361707209194,-0.126522083039304,0.0,0.0492353195046435,0.0492353195046435,1.0,0.9376216108337871,0.0,0.0,0.0,override,override,-1.437332551812184,-1.327822865440144,-1.11746717323303,-1.4454906394515563,0.0,0.0,0.4827170598099363,0.7864644130419024,0.0,0.0,0.0,0.8660254037844631,-0.4999999999999576,0.0,override,override
2648.2144613,CONTEXTUAL_OVERRIDE_1,223.9924734000001,2.4455214568793,2.174272491309078,2.024530939962696,2.0813291934105576,2.8415401410755887,0.8415410911609249,0.741004090695912,0.926271792744826,0.7596920687742189,0.7908159420710436,1373.4525390625,-0.3246746376837279,-0.9276692744015048,-0.8257637576011808,-0.6484964143381222,0.2485959854951904,-0.4592816732130875,0.2396941424044834,1.6185318671933524,-0.1726902415202905,-0.9712047867438064,-0.7422334903279892,0.0,-1.0257678267307608,-1.2685476068097636,0.3545145607077553,-0.8767165160013428,-0.2485959854951904,-0.8809137528945745,-0.6744907580950871,1.6185318671933524,0.2601646081434881,-0.1942238240632023,0.0,0.1821152257004416,0.1821152257004416,1.0,0.92226138906993,0.0,0.0,0.0,override,override,-1.3899636672564537,-0.8845606202751808,-0.7693545153719089,-0.929105415363495,0.0,0.0,3.7186092608659753,-7.757874634652961,1.0,0.0,6.0,-0.8660254037844201,-0.5000000000000322,0.0,override,override
2649.2144613,CONTEXTUAL_OVERRIDE_1,224.9924734000001,3.026155444285658,2.6704540118862883,2.644726966261894,2.638963937641186,4.291727876523921,0.802723547061323,0.6671771044860647,0.8677532819583346,0.7267160378800386,0.749643879721001,1353.44892578125,0.4496326993395202,-0.236691143314914,0.0820802673014578,0.2511471564350343,1.6900911418734346,-0.6144425881123525,-0.3778550343475121,1.150849202160845,-0.4960950718113055,-1.1824338111825674,-0.7560929381555249,0.0,-1.0172398088686485,-1.189867189192775,-0.224244387319424,-0.077305438006728,-1.6900911418734346,-1.1290401348295855,-0.6744907580950871,1.150849202160845,0.2542949601105006,-0.1381019042593013,0.0,0.1780064720773504,0.1780064720773504,1.0,0.9440818037199994,0.0,0.0,0.0,override,override,0.8329353040794867,19.47474162432073,16.868403998356893,56.07202375695195,1.0,1.0,-0.6145323476449988,-1.6933266150017612,0.0,0.0,0.0,-2.5475129344811302e-14,1.0,0.0,override,override
2650.2144613,CONTEXTUAL_OVERRIDE_1,225.9924734000001,2.953694334141596,2.7355286665473657,2.664023884669521,2.6683309711475216,5.283024332476368,0.7965517145761575,0.719872741053195,0.8527775034678055,0.7484751934871118,0.7222851915184962,1473.99423828125,0.3530018261038287,-0.1460687372113807,0.1103271301198696,0.2985255939517037,2.67544566174779,-0.6391125459166409,0.0629342847228236,1.0311620826279952,-0.2826971632223976,-1.3227947425784012,-0.6725734536525064,0.0,-1.0000192748364392,-1.1546935872306383,0.2227124212019838,-0.0178708035457555,-2.67544566174779,-1.488970606544303,-0.6744907580950871,1.0311620826279952,0.275057330459156,-0.1237394499153594,0.0,0.1925401313214092,0.1925401313214092,1.0,0.9497484640493984,0.0,0.0,0.0,override,override,1.1315369579605472,0.2174884544508245,0.0258919566530213,0.8219278907715474,0.0,0.0,-0.8020888545574506,-0.3397703862006822,0.0,0.0,0.0,0.8660254037844739,-0.4999999999999389,0.0,override,override
2651.2144613,CONTEXTUAL_OVERRIDE_1,226.9924734000001,2.485105174471308,2.873294635430679,2.5318393849030763,2.3240056325772422,3.0664637222269744,0.7770666008010034,0.7379161261005007,0.7975163766434225,0.705351910008291,0.7763373118216865,1512.5638427734375,-0.271887574537358,0.0457829697921098,-0.0831647711646096,-0.2569815373810715,0.4721713508493426,-0.7169981553851745,0.2138638858596052,0.5895125820071953,-0.7056188368408145,-1.0454859076840126,-0.6458506104505127,0.0,-0.9233275590876928,-1.0117544463887722,0.3931134247058988,-0.0186909006862498,-0.4721713508493426,-0.7629958497658184,-0.6744907580950871,0.5895125820071953,0.3632026947528439,-0.0707415098408634,0.0,0.2542418863269907,0.2542418863269907,1.0,0.9709545403885108,0.0,0.0,0.0,override,override,1.027160594383094,-0.4027266664152902,-0.5313862606762295,0.7468847138950595,0.0,0.0,0.0768399038381779,0.615627811227235,1.0,0.0,8.0,-0.8660254037844093,-0.500000000000051,0.0,override,override
2652.2144613,CONTEXTUAL_OVERRIDE_1,227.9924734000001,2.704405509295136,3.429482940969704,3.110715533333701,2.683731485224715,2.6317437807222355,0.7087585764662349,0.5354174828984417,0.684085245454221,0.6399326481241727,0.8322532566869744,1445.748974609375,0.0205614758950019,0.8203260350930881,0.7641951444532112,0.3233715591995547,0.0400571667734552,-0.990037983034978,-1.4800000631220704,-0.317034304084511,-1.3472031850387218,-0.7586149128805646,-0.6921431060313729,0.0,-0.879075976605399,-0.8315208309927224,-1.232490567363326,0.7922605897731496,-0.0400571667734552,-0.1614648080504506,-0.6744907580950871,-0.317034304084511,0.5441634331722391,0.0,0.0,0.5393665211751972,0.5393665211751972,1.0,1.0,0.0,0.0,0.0,override,override,-0.980352003113223,1.174615483660998,1.347365054522094,0.6057185515658184,0.0,0.0,0.6989617664362634,0.0212853532612703,0.0,0.0,0.0,-4.7036340777443775e-14,1.0,0.0,override,override
2653.2144613,CONTEXTUAL_OVERRIDE_1,228.9924734000001,3.2817436795286423,3.1269012852493203,2.594176400415265,2.7054494188328144,2.95359647613304,0.6861348543437692,0.5625180338336959,0.7168773607274878,0.7009628833111452,0.8822763238588451,1419.87041015625,0.7904736595621304,0.3989534157993745,0.00808426085628,0.35840954695615,0.3599806429973977,-1.080469191509718,-1.253308933241443,-0.0549581907840532,-0.7486632056033291,-0.5019767200129209,-0.7100729974388312,0.0,-1.0612338247352993,-1.0529900961176917,-0.9831916353640135,0.2035188383278273,-0.3599806429973977,-0.4344160269612589,-0.6744907580950871,-0.0549581907840532,0.6068232915226267,0.0,0.0,0.4654800717314041,0.4654800717314041,1.0,1.0,0.0,0.0,0.0,override,override,-0.9427850320081476,1.6763198295305313,1.82396996717542,1.900359365291841,0.0,0.0,0.3680668862190285,-0.5671102488102072,0.0,0.0,0.0,0.8660254037844562,-0.4999999999999694,0.0,override,override
2654.2144613,CONTEXTUAL_OVERRIDE_1,229.9924734000001,4.365565792792597,3.344714258506256,2.513624867466053,3.153011956115395,2.219761745298253,0.726046267794533,0.6437858386386252,0.8154546493250566,0.7522732306140085,1.1261262971315966,1414.80966796875,2.235810020385592,0.702277894736858,-0.109827213554573,1.080471368517733,-0.3694554046419433,-0.9209358781694016,-0.5735186759082538,0.7328760931607144,-0.2454487885952441,0.7490704470175154,-0.7135793185884212,0.3745352235087577,-1.2710763166528412,-1.3810077306269484,-0.4369185122430927,0.2962253405911424,0.3694554046419433,-0.6129953419965689,0.0926412315470307,0.7328760931607144,0.5794909598260052,-0.0464230052150488,0.0,0.4509925552643775,0.4509925552643775,0.9861999215577112,0.9640194534401496,0.0,0.0,0.0,override,override,-1.1310182054099915,0.7571467245001348,0.6385328156892013,1.4145833711694409,0.0,0.0,1.2616967891551647,2.144147596522102,1.0,0.0,1.0,-0.8660254037843985,-0.5000000000000696,0.0,override,override
2655.2144613,CONTEXTUAL_OVERRIDE_1,230.9924734000001,4.206544040192795,3.301387399048854,2.935177457920255,3.3160680896384647,1.7517346641186706,0.7376694827067585,0.6971472465402433,0.8141746499064073,0.7291253577506182,1.1854903401951156,1360.285546875,2.0237457725892463,0.6419412817592131,0.5072422035291324,1.3435331732507776,-0.8346770818654389,-0.8744757349098442,-0.1271603019350209,0.7226462781618651,-0.4724662219244906,1.0536315544120964,-0.7513562042448434,0.5268157772060482,-1.259105876568009,-1.3675028182922888,-0.0402453125090719,0.5745917426441727,0.8346770818654389,-0.5758277699110246,0.404545898475839,0.7226462781618651,0.5961044280319616,-0.0221978758709838,0.0,0.4715095633798318,0.4715095633798318,0.9411225775854596,0.96451266659958,0.0,0.0,0.0,override,override,-0.918198798599406,1.957924210588924,2.283733766751434,2.612410896768066,0.0,0.0,0.949564851132769,2.492556017320456,0.0,0.0,0.0,-6.859755221007625e-14,1.0,0.0,override,override
2656.2144613,CONTEXTUAL_OVERRIDE_1,231.9924734000001,2.7626719407908524,2.4641462022297795,2.503657306419173,2.35419809655056,1.8966626510366336,0.6815957980866094,0.7279859310588528,0.72611781320517,0.6937415580697042,0.9550239981099125,1329.369921875,0.0982629649360173,-0.5239936300725598,-0.1244177467981648,-0.2082714159612323,-0.6906178086698158,-1.0986126402511691,0.1307996286308782,0.0188919360012353,-0.8194846902046374,-0.1287522715605394,-0.7727760090430484,0.0,-1.1052248178516015,-1.1080586082517867,0.4054527886936705,-0.3242056884353623,0.6906178086698158,-0.42911526526376,-0.6744907580950871,0.0188919360012353,0.665972550713203,0.1013256389803241,0.1013256389803241,0.4661807854992421,0.4661807854992421,1.0,0.9990558491910572,0.0471914680011622,0.1016424379558072,0.0471914680011622,override,override,-1.1214831963549703,4.36423297300899,5.030602654356492,2.320754776754736,0.0,0.0,0.8831596397917721,0.492437375611318,0.0,0.0,0.0,0.866025403784467,-0.4999999999999507,0.0,override,override
2657.2144613,CONTEXTUAL_OVERRIDE_1,232.9924734000001,2.315034009132204,2.487988478010925,2.581647329881653,2.1476219829972214,2.8779535686900712,0.6831915309285873,0.6321763492299844,0.7189593636910688,0.6953499277892597,0.8294847205703454,1310.39296875,-0.4986868215576688,-0.4907910812534458,-0.0102558144411977,-0.5415448971356831,0.2847911471631236,-1.092234200464747,-0.6706299220105739,-0.0383187260826044,-0.8037109745058849,-0.7728186022189105,-0.7859241382366905,0.0,-1.0788226463358357,-1.073074837423445,-0.3975713718943872,-0.2505234478473218,-0.2847911471631236,-0.5400655681016192,-0.6744907580950871,-0.0383187260826044,0.7734260471296982,0.0,0.0,0.5413982329907887,0.5413982329907887,1.0,1.0,0.0,0.0,0.0,override,override,-1.023876984135418,3.941578742416385,4.3165039192352666,4.855536995909245,0.0,0.0,1.5103991489994946,-0.8842207185394629,1.0,0.0,8.0,-0.8660254037844162,-0.5000000000000391,0.0,override,override
2658.2144613,CONTEXTUAL_OVERRIDE_1,233.9924734000001,2.6938672213158523,2.544933248304948,2.586402918435189,2.455365262908753,2.689852768664277,0.715542815182891,0.6376554010564767,0.7270466725767649,0.7159163132531683,0.8300325313049345,1314.39091796875,0.0065080896327334,-0.4114902824104217,-0.003294575622908,-0.045056351388704,0.0978178432796583,-0.9629201240722782,-0.6247986600487999,0.0263154233817141,-0.602010884461732,-0.7700081156792628,-0.7831541702396416,0.0,-0.972130522255878,-0.9760778357631352,-0.3840686290307303,-0.2073924290166648,-0.0978178432796583,-0.4422152590206762,-0.6744907580950871,0.0263154233817141,0.8161990679526651,-0.0031578508058056,0.0,0.5713393475668656,0.5713393475668656,1.0,0.9986850940782682,0.0,0.0,0.0,override,override,-1.0169700807417026,1.813025268767727,2.0845177028723043,1.6423361638104197,0.0,0.0,0.8026403104986168,-0.9618494860531686,0.0,0.0,0.0,-3.331534478190071e-14,1.0,0.0,override,override
2659.2144613,CONTEXTUAL_OVERRIDE_1,234.9924734000001,3.793861192181633,2.817328865995412,2.280426614228939,2.785091741913819,2.04555399720603,0.7518417908768401,0.6667903033495489,0.723798742759643,0.6885000379253613,0.7511451560736574,1336.398046875,1.4734105114618965,-0.032154480849377,-0.4511832233347987,0.4868981403635061,-0.542618933018403,-0.8178263936670852,-0.3810905547945083,0.0003578169372795,-0.8708896921646309,-1.17473166751319,-0.7679065921835353,0.0,-0.817951629595133,-0.818005302135725,-0.176633956377737,-0.2416688520920878,0.542618933018403,-0.2109125434453741,-0.6744907580950871,0.0003578169372795,0.8233809426639389,0.0813499019202869,0.0813499019202869,0.5763666598647572,0.5763666598647572,1.0,0.9999821093131762,0.0468865324028463,0.1009856582677589,0.0468865324028463,override,override,-0.6728510929203749,2.2448751952271904,2.203278178322537,4.323478754033595,0.0,0.0,1.0487744204162934,-1.5375291026700637,0.0,0.0,0.0,0.8660254037844779,-0.4999999999999321,0.0,override,override
2660.2144613,CONTEXTUAL_OVERRIDE_1,235.9924734000001,4.070978082481859,3.375911563984656,2.7812080077330585,3.069068096158269,3.2533583288774763,0.849602863513621,0.7298492586522286,0.7984742168704584,0.7347976370447302,0.8126161387535433,1303.1470703125,1.842961116535866,0.7457229948472484,0.2818614538263645,0.945043017437304,0.6579456914085166,-0.4270572756380034,0.1463860216340783,0.5971676857347993,-0.4168366487850714,-0.859361123468756,-0.7909444388167003,0.0,-0.6360659656451831,-0.725641118505403,0.2531503405435792,0.5137922243368065,-0.6579456914085166,-0.6481573151423974,-0.6744907580950871,0.5971676857347993,0.8395702945545332,-0.0716601222881759,0.0,0.6904576510555346,0.6904576510555346,1.0,0.9705829736165286,0.0,0.0,0.0,override,override,-0.3512322189065733,1.5208899233292452,1.5785582175919652,2.662013058941336,0.0,0.0,3.898797694019476,-6.629823405693931,1.0,0.0,1.0,-0.8660254037844053,-0.5000000000000577,0.0,override,override
2661.2144613,CONTEXTUAL_OVERRIDE_1,236.9924734000001,3.223454908886424,3.310514843611647,2.9786366492715723,2.736544019303057,4.447059446284068,0.8613898903829668,0.7488515504904873,0.8299043487401759,0.7842712512000611,0.9633211788275878,1295.542138671875,0.7127423800413731,0.6546520827948067,0.5708578436208995,0.4085751036906205,1.8444916377324472,-0.3799423456388987,0.3053367019146262,0.8483587642088244,0.0683644307848674,-0.0861844406443676,-0.7962134945529464,0.0,-0.6768679131119872,-0.8041217277433109,0.4003222883243509,0.612754963207853,-1.8444916377324472,-1.0884952356193114,-0.6744907580950871,0.8483587642088244,0.8783527252457113,-0.1018030517050589,0.0,0.7373979003135686,0.7373979003135686,1.0,0.9584691159846984,0.0,0.0,0.0,override,override,-0.1866583082575149,0.7946840274762554,1.0020558099087205,1.1183474671418252,0.0,0.0,-0.821291707123111,-3.409354268270034,0.0,0.0,0.0,-5.48765562145332e-14,1.0,0.0,override,override
2662.2144613,CONTEXTUAL_OVERRIDE_1,237.9924734000001,2.835032575155496,3.024834969156569,3.1097552302368983,2.562566186333909,3.555157860790055,0.8372975448370839,0.7420027029759255,0.8245992275876535,0.7937391964955729,0.9148110901502832,1286.91162109375,0.1947598481971548,0.2568167391681695,0.7627894511053668,0.1278930972211553,0.9579362049227604,-0.4762439140064545,0.2480473506698714,0.8059599887515245,0.1612191242840774,-0.335060453209093,-0.8021931246536128,0.0,-0.758329910069488,-0.8792239083822168,0.367108329171485,0.5098030951367681,-0.9579362049227604,-0.8507869807992038,-0.6744907580950871,0.8059599887515245,0.9209867009656802,-0.0967151986501829,0.0,0.7466513097033298,0.7466513097033298,1.0,0.9605031670964008,0.0,0.0,0.0,override,override,0.0353959160042294,0.3054785057734872,0.4010532455719154,2.126203265566301,0.0,0.0,0.4130457208615589,5.707725053069766,0.0,0.0,0.0,0.8660254037844602,-0.4999999999999626,0.0,override,override
2663.2144613,CONTEXTUAL_OVERRIDE_1,238.9924734000001,2.217113520355939,2.514089468514402,2.8643676094911728,2.2645960830512504,2.1823108432142075,0.8221917319437048,0.6852752226281607,0.8022018414263892,0.7843466498228382,0.8611918890367113,1289.744775390625,-0.6292691755859746,-0.4544430656791832,0.4035906239080926,-0.3528281822082866,-0.4066818220474513,-0.5366246465643869,-0.2264676009279295,0.6269590348844561,0.0691038854172833,-0.6101482407994517,-0.8002301815786383,0.0,-0.7560603087739466,-0.8501041640066149,-0.0923114392868327,-0.0254262208855452,0.4066818220474513,-0.323770187211984,-0.6744907580950871,0.6269590348844561,0.9512379615227012,-0.014232810879017,0.0,0.6658665730658909,0.6658665730658909,1.0,0.969138301039992,0.0,0.0,0.0,override,override,0.1751461007075616,-0.306293616235625,-0.2409324222842732,0.1785255190020411,0.0,0.0,1.6629574709270538,-4.252305112422198,1.0,0.0,3.0,-0.8660254037844229,-0.5000000000000272,0.0,override,override
2664.2144613,CONTEXTUAL_OVERRIDE_1,239.9924734000001,2.182205760311534,2.4255633209252987,2.278651742856729,2.0914786935360694,2.2781434016202047,0.784559271816114,0.6372701526953579,0.7726975134135797,0.7527434979497529,0.881537257826891,1296.351611328125,-0.6758205923264372,-0.5777238197513136,-0.4537812831447698,-0.632122017604511,-0.3114236941590143,-0.6870485612851275,-0.628021191814863,0.3911590705728334,-0.2408367499785934,-0.5057684221530335,-0.7956526536743822,0.0,-0.8239542359856191,-0.8826280965715442,-0.4562590514935811,-0.5157525514480417,0.3114236941590143,-0.2810825716501536,-0.6744907580950871,0.3911590705728334,0.9567177923354186,-0.0002255343448878,0.0,0.669702454634793,0.669702454634793,1.0,0.980632062453535,0.0,0.0,0.0,override,override,0.166537961266296,0.0617913325798861,0.1525789171580151,-0.1685191352516832,0.0,0.0,1.045911364900659,3.426328689275113,0.0,0.0,0.0,-7.643776764716566e-14,1.0,0.0,override,override
2665.2144613,CONTEXTUAL_OVERRIDE_1,240.9924734000001,2.073786503254909,2.334765749946395,2.3251694440260207,2.289347628694937,2.8103566570245384,0.708077088453581,0.6885840139330413,0.698635383405347,0.7101223226614651,0.8120644599387246,1295.814599609375,-0.8204036309262795,-0.7041677385599384,-0.3856885910474897,-0.3128960059308492,0.2175994185543657,-0.9927620168704244,-0.1987901695268271,-0.2007489235764325,-0.6588341131283509,-0.8621914547955417,-0.7960247207501724,0.0,-0.9224998936186732,-0.8923875550822082,0.0494003346907789,-0.5449281648037141,-0.2175994185543657,-0.5088068623220425,-0.6744907580950871,-0.2007489235764325,0.9562781377687296,0.0,0.0,0.6693946964381106,0.6693946964381106,1.0,1.0,0.0,0.0,0.0,override,override,0.1742317603263493,0.3587120867969595,0.4416975498857909,0.6922258013695125,0.0,0.0,1.600463073874134,4.7952256549192604,0.0,0.0,0.0,0.866025403784471,-0.499999999999944,0.0,override,override
2666.2144613,CONTEXTUAL_OVERRIDE_1,241.9924734000001,1.9289725930239376,2.072416407354436,2.456727894815763,2.317439672611996,2.28962921880366,0.6795936105270862,0.6035742684932341,0.7192543207588517,0.7008046319749862,0.8313196714965517,1441.2897216796875,-1.013520939983134,-1.0695131835597975,-0.1931131013469198,-0.2675745352704659,-0.3000067241817597,-1.1066157548412734,-0.9098810728318746,-0.0359614154525689,-0.75021521914547,-0.7634045755242976,-0.6952326870215592,0.0,-1.0940292594328742,-1.088635047114989,-0.6332271341215563,-0.6313131424533588,0.3000067241817597,-0.3254224910128698,-0.6744907580950871,-0.0359614154525689,1.0007181838390695,0.0450010086272639,0.0450010086272639,0.7005027286873488,0.7005027286873488,1.0,1.0,0.0315233293370813,0.0678959180974377,0.0315233293370813,override,override,0.0947614940101783,0.272666973225409,0.3231987679662362,0.7857156862262186,0.0,0.0,3.107448829955866,-4.32986140998449,1.0,0.0,7.0,-0.8660254037844122,-0.5000000000000459,0.0,override,override
2667.2144613,CONTEXTUAL_OVERRIDE_1,242.9924734000001,2.3961560736504945,2.33891647091984,2.6768402424906985,2.379744044175073,1.965947764275016,0.7832235769228509,0.6336124523905029,0.8187804666590747,0.7346508557893778,0.8833603065900112,1514.62890625,-0.3905060896105634,-0.6983874801223491,0.1290877370499074,-0.1670576146737787,-0.6217479977474599,-0.6923875812172795,-0.6586171829020281,0.7594561802695601,-0.4182761721506781,-0.4964154582800014,-0.6444198369641649,0.0,-0.9581972443116256,-1.0721156713520594,-0.4855202875977082,-0.2846498715362208,0.6217479977474599,-0.2998953900990976,-0.6744907580950871,0.7594561802695601,0.9450612595688508,0.0021274580297717,0.0021274580297717,0.6615428816981954,0.6615428816981954,1.0,0.962739118361694,0.001354963575178,0.0029183623005544,0.001354963575178,override,override,0.0043270663529425,0.1045597442924967,0.1786496920110654,1.1333347141645564,0.0,0.0,0.571724185002169,-3.6862115088040968,0.0,0.0,0.0,-4.1155560218990125e-14,1.0,0.0,override,override
2668.2144613,CONTEXTUAL_OVERRIDE_1,243.9924734000001,2.8539313738911534,2.758607004768548,2.7617087968910163,2.444342184018172,2.9034868339300304,0.790249241286159,0.656301394665822,0.7712061876615611,0.7411821124388872,0.8185906243569022,1504.30185546875,0.2199624350924063,-0.1139300412879502,0.2533184749896624,-0.0628401106623819,0.3101713633035831,-0.664304699219672,-0.4688283489968999,0.3792403256703798,-0.3542223763770207,-0.8287096405580483,-0.6515749053761903,0.0,-0.7970388132043049,-0.8539248620548618,-0.3027521741919819,0.069694216850856,-0.3101713633035831,-0.4831659255345081,-0.6744907580950871,0.3792403256703798,0.6456073662736037,-0.0455088390804455,0.0,0.4658639997616938,0.4658639997616938,1.0,0.981216631789332,0.0,0.0,0.0,override,override,-0.1075657519755697,0.0787111316936701,0.1401052701757436,1.2650225039134149,0.0,0.0,0.0719553975272876,1.000976785833663,0.0,0.0,0.0,0.8660254037844534,-0.4999999999999745,0.0,override,override
2669.2144613,CONTEXTUAL_OVERRIDE_1,244.9924734000001,2.440200131909785,2.5844383274771987,2.342872782939841,2.0635381027949244,3.136756240499071,0.7523650010930367,0.5155259463027096,0.744788026604764,0.7375612268531072,0.8848982012278716,1318.71328125,-0.331770917019675,-0.3564758478883245,-0.3597744126712733,-0.6771991457496666,0.5420425283128114,-0.8157350255057867,-1.646389112434069,0.1681051514794288,-0.3897333780536666,-0.4885254482707138,-0.7801594328616556,0.0,-0.8745718285235868,-0.8997876012455011,-1.4424553560576223,-0.3581251302797989,-0.5420425283128114,-0.3345220598725338,-0.6744907580950871,0.1681051514794288,0.4570885295460703,-0.0201726181775314,0.0,0.3199619706822492,0.3199619706822492,1.0,0.9916299678414848,0.0,0.0,0.0,override,override,-0.1428234365336851,0.129709302988244,0.1903827325257334,1.0057766084060251,0.0,0.0,5.666158653921635,11.393202196385923,1.0,0.0,5.0,-0.8660254037844298,-0.5000000000000153,0.0,override,override
2670.2144613,CONTEXTUAL_OVERRIDE_1,245.9924734000001,1.896199803273372,1.811381729095755,1.9086917047731229,1.7307438040162206,2.630305175452689,0.7089435233156623,0.4837143877974485,0.6980021856555563,0.6827968277545552,1.02245232618067,1185.1191406249998,-1.0572252564871278,-1.433027838281619,-0.9953294320923164,-1.2141030140681668,0.0386271846564501,-0.98929871621554,-1.912486955169814,-0.2058094694983067,-0.9268226127554182,0.2171818193001805,-0.8727197616394651,0.1085909096500902,-0.9444131293036552,-0.9135417088789092,-1.6923100035284515,-1.2141786351869677,-0.0386271846564501,-0.1387520992170731,-0.4520722635233121,-0.2058094694983067,0.4786584093255883,0.0,0.0,0.3350608865279118,0.3350608865279118,1.0,1.0,0.0,0.0,0.0,override,override,-0.2354350213826138,0.1256044415264438,0.188575218449621,-0.082631853883807,0.0,0.0,0.90034179145421,-5.637017794029211,0.0,0.0,0.0,-6.27167716516226e-14,1.0,0.0,override,override
2671.2144613,CONTEXTUAL_OVERRIDE_1,246.9924734000001,2.260962964934256,1.9675219379961808,2.143554088913679,2.0125435329794032,2.1434394182739163,0.7408845762172146,0.5807488819286845,0.739598971719011,0.6959736714248452,1.017231746816348,1185.5267578125,-0.570793531035696,-1.2155883221787671,-0.6515374645934302,-0.7594697312064124,-0.4453202475445664,-0.861624410537312,-1.1008112381499813,0.1266339830345697,-0.7975937524163331,0.19039817468322,-0.8724373452047772,0.09519908734161,-0.929746076434814,-0.9487411738899992,-0.9092049073510556,-0.9335628933860988,0.4453202475445664,-0.1858879726194012,-0.4795017138062383,0.1266339830345697,0.4317361777334461,0.0516019591675365,0.0516019591675365,0.3022153244134122,0.3022153244134122,1.0,0.993688303815489,0.0154964725414936,0.0333767800737591,0.0154964725414936,override,override,-0.2981265853995204,0.0905326449316423,0.1665478257280079,0.3892741019409173,0.0,0.0,-0.5765485132324369,-0.07667401331363,0.0,0.0,0.0,0.8660254037844926,-0.4999999999999066,0.0,override,override
2672.2144613,CONTEXTUAL_OVERRIDE_1,247.9924734000001,2.5298476283213835,2.623264366450045,2.366953192677134,2.210706291352717,1.836186279168568,0.7509597129011816,0.6780139753695621,0.7788688129465033,0.7491253780328154,0.8206307366974782,1180.784765625,-0.2122210530385199,-0.3024070389255415,-0.3245254669022103,-0.4397696885141399,-0.7507316787517438,-0.8213522227448984,-0.2872066002688251,0.4404803840082027,-0.2763206279948594,-0.8182430543622539,-0.8757228213033798,0.0,-0.9755203571477692,-1.0415924147489997,-0.0818685445826005,-0.3134662529138759,0.7507316787517438,-0.3067330188329692,-0.6744907580950871,0.4404803840082027,0.2729645425771381,0.0597521057317772,0.0597521057317772,0.1910751798039966,0.1910751798039966,1.0,0.9782167387851368,0.011168441708742,0.0240549339006768,0.011168441708742,override,override,-0.3726924111793017,-0.088879435018832,-0.0310986423603273,-0.0241723387156063,0.0,0.0,-0.6665671178183007,0.149941492740995,1.0,0.0,7.0,-0.8660254037844191,-0.500000000000034,0.0,override,override
2673.2144613,CONTEXTUAL_OVERRIDE_1,248.9924734000001,2.801638047414249,3.0569247415066867,2.8804966429856056,2.588176145079164,2.2989326435380817,0.7435521563689955,0.7489344740020815,0.742541637409784,0.7510288547206626,0.7271286993581703,1118.741259765625,0.1502264099084701,0.3015046809917266,0.4272003312658618,0.1692101689626634,-0.2907590651617689,-0.8509615984888369,0.3060303418550779,0.1501519043566228,-0.2576527186527208,-1.2979456245736345,-0.9187094917816284,0.0,-0.9035147650136548,-0.9260375506671484,0.5187707414772872,0.3643525061287942,0.2907590651617689,-0.4889296981027898,-0.6744907580950871,0.1501519043566228,0.0494315023218012,0.0255956312514706,0.0255956312514706,0.1074725528510197,0.1074725528510197,1.0,0.9925205163809866,0.0027302530607175,0.0058805031731752,0.0027302530607175,override,override,-0.3903210613828608,-0.0005449604311396,0.1301983031314525,-0.3429643274719207,0.0,0.0,3.631818550706096,-2.3296668733730863,0.0,0.0,0.0,-8.42779830842551e-14,1.0,0.0,override,override
2674.2144613,CONTEXTUAL_OVERRIDE_1,249.9924734000001,2.110272382482487,2.6101444021284053,2.8092782217023875,2.335259745180485,2.4135805243265924,0.8573337500736528,0.7121850448392705,0.8852670258622418,0.8057604178546829,0.7191452740068922,1137.63603515625,-0.7717477055130023,-0.3206777887437596,0.3229506819883974,-0.2388250466799161,-0.1767983959284325,-0.3961554898743529,-0.0013718817856403,1.2908198595407143,0.2791144848873392,-1.338903765904837,-0.9056182992026942,0.0,-0.8479424407136029,-1.04156541964471,0.0976669906829478,0.0011364466223189,0.1767983959284325,-0.5679528304017094,-0.6744907580950871,1.2908198595407143,-0.0694549608074545,-0.1283786237556208,0.0,0.0002272893244637,0.0002272893244637,1.0,0.937497682653366,0.0,0.0,0.0,override,override,-0.3707845343047356,-0.1061879078900576,0.0455149967266625,0.336479028002329,0.0,0.0,-0.8570919341034828,-0.6417265284827286,0.0,0.0,0.0,0.8660254037844465,-0.4999999999999864,0.0,override,override
2675.2144613,CONTEXTUAL_OVERRIDE_1,250.9924734000001,1.5323068861963645,1.963372852873004,2.06554646530262,1.8182734017129385,2.1462722867156288,0.8938424330793449,0.7367195250383843,0.9795221463756192,0.8418547595771181,0.7562784298795536,1179.632666015625,-1.5424964629525617,-1.2213663025453,-0.765725160078582,-1.072889718743718,-0.4425043596167024,-0.2502235204948544,0.2038545378048152,2.044111174753617,0.6331014306379918,-1.148395935069722,-0.8765210503134968,0.0,-0.9656624316586204,-1.2722791078716629,0.2664104179285289,-0.9935457313119412,0.4425043596167024,-0.6844272780586276,-0.6744907580950871,2.044111174753617,-0.0755459698955523,-0.1789176870279286,0.0,0.0,0.0,1.0,0.9028439451313236,0.0,0.0,0.0,override,override,-0.3440070230571406,0.2889494697433934,0.3918379549708811,0.2144111065335705,0.0,0.0,2.669210501574122,7.952339377749626,1.0,0.0,1.0,-0.8660254037844083,-0.5000000000000526,0.0,override,override
2676.2144613,CONTEXTUAL_OVERRIDE_1,251.9924734000001,2.0412303844323443,2.714417482711037,3.607015132343693,2.588617433505179,6.769308278203826,0.8281352840441152,0.7320781761549683,0.9151874586868516,0.7864611778056694,0.7371144612442283,1288.7350097656245,-0.8638190048383662,-0.1754679908056742,1.490679363017736,0.1699221086318257,4.152820663892959,-0.5128671677479827,0.1650305070659028,1.5299453528977651,0.0898416317405925,-1.2467147019266995,-0.8009297948835432,0.0,-1.0483480412622006,-1.2778398441968652,0.2932472990028985,0.6576056861060309,-4.152820663892959,-2.0390371656230104,-0.6744907580950871,1.5299453528977651,-0.0391082871765082,-0.1835934423477318,0.0,0.1315211372212061,0.1315211372212061,1.0,0.9263554454174008,0.0,0.0,0.0,override,override,-0.3034882056588009,0.0151914175171706,0.0882990731264867,-0.035032438488703,0.0,0.0,-0.9856035075428872,-1.9205994683004928,0.0,0.0,0.0,-1.0583919451688757e-13,1.0,0.0,override,override
2677.2144613,CONTEXTUAL_OVERRIDE_1,252.9924734000001,4.178145369137651,5.638770701368093,7.116552520922746,4.729154454113824,9.06981447722038,0.7093799637166053,0.651279310146218,0.7568757912786872,0.6866089393033906,0.7612820630782222,1282.114892578125,1.985874583791064,3.8969612268605966,6.627946312962436,3.6232943895312553,6.439537384797566,-0.987554183080328,-0.510837163386871,0.2647111300152195,-0.889436206475725,-1.1227253104063677,-0.8055165246649234,0.0,-1.080203078585655,-1.1199097480879376,-0.263948617616789,5.262453769911517,-6.439537384797566,-2.455570811585832,-0.6744907580950871,0.2647111300152195,-0.0263041360101547,-0.0317653356018263,0.0,1.0524907539823034,1.0524907539823034,1.0,0.9868516483184376,0.0,0.0,0.0,override,override,-0.3479717225382805,0.145289963116863,0.2022285663927973,0.528656343833805,0.0,0.0,-0.2279170969949392,-5.999801278655132,0.0,0.0,0.0,0.8660254037844572,-0.4999999999999677,0.0,override,override
2678.2144613,CONTEXTUAL_OVERRIDE_1,253.9924734000001,4.268521074420029,5.104044332557688,5.539491476258432,4.146469836233739,5.2666334611566725,0.6724859089597153,0.580647791062119,0.6851162618830429,0.6620263543961036,0.8066472656820046,1267.2078613281249,2.1063955543277424,3.152305870624213,4.319441605429029,2.683237343789808,2.659153039048941,-1.1350265547412992,-1.10165684467721,-0.3087943727423926,-1.1305242478342346,-0.8899838118631499,-0.8158448198068053,0.0,-1.0269485242814618,-0.9806293683701028,-0.8179002059918854,3.735873738026621,-2.659153039048941,-1.105180906404957,-0.6744907580950871,-0.3087943727423926,-0.0715626922671141,0.0,0.0,0.7471747476053242,0.7471747476053242,1.0,1.0,0.0,0.0,0.0,override,override,-0.4429883852740953,0.2110155203975033,0.2269471639893622,0.625794869913561,0.0,0.0,-0.3158078383143033,0.3640906815618587,1.0,0.0,10.0,-0.8660254037843975,-0.5000000000000713,0.0,override,override
2679.2144613,CONTEXTUAL_OVERRIDE_1,254.9924734000001,2.475952952779779,2.548227751607289,2.414854335801255,2.3193837417704803,4.142796339969297,0.6978256868408701,0.5666108497825773,0.7403916152826677,0.6994547746038396,0.8052568812895782,1316.2239257812494,-0.2840925652191292,-0.4069023853600391,-0.2544076900587639,-0.2644381286213748,1.542052316742225,-1.033738768236937,-1.219073279727905,0.1329688273306657,-0.763453634509454,-0.897117035754394,-0.7818841758747429,0.0,-1.08027785780267,-1.10022318190227,-0.9606385876686708,-0.3306550377094015,-1.542052316742225,-0.828910120148235,-0.6744907580950871,0.1329688273306657,-0.072719435076259,-0.0159562592796798,0.0,0.0,0.0,1.0,0.9933736106222532,0.0,0.0,0.0,override,override,-0.6381412987183209,0.4395066083202211,0.5474474486211801,0.8482238686454712,0.0,0.0,-0.122827529884294,0.1566385327801629,0.0,0.0,0.0,-1.3713568227904002e-14,1.0,0.0,override,override
2680.2144613,CONTEXTUAL_OVERRIDE_1,255.9924734000001,2.435138157065395,2.6811026663902475,3.00574819314052,2.822866102560246,3.824206510520324,0.6685274380861927,0.5731599292436651,0.7241641754687584,0.6518344846932563,0.7459494735333362,1355.6509765625,-0.3385213387084682,-0.2218619183587468,0.6105437688180985,0.5478402912018866,1.2253721485155316,-1.150849296148171,-1.1642914331795116,0.0032783721768471,-1.2304786632753952,-1.2013875815394257,-0.7545672533961159,0.0,-1.1519967264100677,-1.1524884822365946,-0.8765791091424688,0.1943409252296758,-1.2253721485155316,-0.7687449621055159,-0.6744907580950871,0.0032783721768471,-0.0920312856556623,-0.0003934046612216,0.0,0.0388681850459351,0.0388681850459351,1.0,0.9998360948250788,0.0,0.0,0.0,override,override,-0.8418994728544005,0.2896861423495029,0.4540635801941032,0.3257123665088277,0.0,0.0,0.5405079380347303,-14.126912221259738,0.0,0.0,0.0,0.866025403784468,-0.4999999999999491,0.0,override,override
2681.2144613,CONTEXTUAL_OVERRIDE_1,256.9924734000001,3.194032987971809,3.796842206857128,4.9098575390879855,3.956821725256142,8.978482529504953,0.7741497813580147,0.6846183024367529,0.8160155910557791,0.7512176712042437,0.7970658005597868,1300.80654296875,0.6735066313121835,1.331907398874924,3.397782350133584,2.377274156388943,6.348752890461957,-0.7286572230533616,-0.2319626176450211,0.7373591656112323,-0.2558009444648378,-0.9391405316128952,-0.7925660666773044,0.0,-0.9867329310172928,-1.0973368058589776,-0.0497983118816807,2.3648448745042536,-6.348752890461957,-2.4894195555424417,-0.6744907580950871,0.7373591656112323,-0.1248432425771211,-0.0884830998733478,0.0,0.4729689749008507,0.4729689749008507,1.0,0.9638033892041707,0.0,0.0,0.0,override,override,-0.9946930499958282,0.155658882622374,0.3477716840784708,0.0941868096237368,0.0,0.0,-0.4328438181043651,-0.3363402976839573,1.0,0.0,5.0,-0.8660254037843867,-0.5000000000000899,0.0,override,override
2682.2144613,CONTEXTUAL_OVERRIDE_1,257.9924734000001,4.918650796285806,5.52158904048799,6.067325444962212,4.918429076882572,10.783208417248131,0.7695429981759665,0.7243998687013995,0.7992942628904982,0.763742649417736,0.8520155695706548,1263.08251953125,2.973379273117956,3.733775050683855,5.09208588934645,3.9286550207439936,8.142661059853525,-0.7470713888603241,0.1008028758129877,0.6037215317392,-0.1329651045018179,-0.657226402497405,-0.8187030513973017,0.0,-0.958373924969044,-1.0489321547299242,0.2875707230280687,4.412930470015152,-8.142661059853525,-3.0625111356603325,-0.6744907580950871,0.6037215317392,-0.1453769589112437,-0.0724465838087039,0.0,0.8825860940030306,0.8825860940030306,1.0,0.9702649731553468,0.0,0.0,0.0,override,override,-1.1422896846895558,-0.0424981331910136,0.1476028162715646,0.1514828962855179,0.0,0.0,-0.5047092465147746,-0.026091711812035,0.0,0.0,0.0,-3.527477966053648e-14,1.0,0.0,override,override
2683.2144613,CONTEXTUAL_OVERRIDE_1,258.9924734000001,3.820777150659586,4.08969321754015,3.894562045291789,3.480603039873716,5.103735985675804,0.6481760359749096,0.5781135133896085,0.7090118781021526,0.6191751388768535,0.8396658150622777,1239.91884765625,1.50930442154041,1.7397292053242552,1.9115910356655583,1.608980783318282,2.4972319883104164,-1.2321976205802134,-1.1228556118308806,-0.117819494438978,-1.550777677582583,-0.7205855457602395,-0.83475193703271,0.0,-1.190960797526571,-1.1732878733607244,-0.8148062066858273,1.825660120494907,-2.4972319883104164,-1.1654885734338856,-0.6744907580950871,-0.117819494438978,-0.1562076019818669,0.0,0.0,0.3651320240989814,0.3651320240989814,1.0,1.0,0.0,0.0,0.0,override,override,-1.2617031453009755,-0.0139185181491987,0.2377065913606398,0.533217897105156,0.0,0.0,1.0062127104738037,6.371548734662133,0.0,0.0,0.0,0.8660254037844788,-0.4999999999999304,0.0,override,override
2684.2144613,CONTEXTUAL_OVERRIDE_1,259.9924734000001,2.1014168411420395,2.17675860889809,2.401057689712053,1.995020094384895,3.589528498494948,0.638985588129389,0.6370654845334757,0.726018777499813,0.6312912747728665,0.811772585866068,1201.54130859375,-0.7835570566394331,-0.9242071283640654,-0.2746032446651325,-0.7877406541223407,0.992100821380448,-1.2689335431925763,-0.6297332033890383,0.0181004380291882,-1.431951464512638,-0.8636888846571319,-0.8613417082359202,0.0,-1.2752686965027922,-1.2779837622071706,-0.3124998175908942,-0.599405186514599,-0.992100821380448,-0.875253441376365,-0.6744907580950871,0.0181004380291882,-0.170350854060322,-0.0021720525635025,0.0,0.0,0.0,1.0,0.9990953875073444,0.0,0.0,0.0,override,override,-1.3597556170602174,-0.2887449151534909,-0.0255963470323166,0.008656204981058,0.0,0.0,-0.7119321319964534,-1.555761209395721,1.0,0.0,2.0,-0.8660254037844328,-0.5000000000000102,0.0,override,override
2685.2144613,CONTEXTUAL_OVERRIDE_1,260.9924734000001,2.308466270365661,2.458383066713751,2.7241090397616694,2.2565400250408336,4.100519814348739,0.6556948279482248,0.6742419313012101,0.6916783564405902,0.6723242963020243,0.8109015259504911,1182.307275390625,-0.5074452622016647,-0.5320193231766313,0.1982798849307178,-0.3658251858380489,1.5000292010994118,-1.2021436161711918,-0.3187590559313359,-0.256349807260089,-1.0295295536844673,-0.8681577678194743,-0.8746679546466958,0.0,-1.1124211836301607,-1.0739687125411472,-0.0182231518885379,-0.1668697191229567,-1.5000292010994118,-0.967326623268934,-0.6744907580950871,-0.256349807260089,-0.1223974110183146,0.0,0.0,0.0,0.0,1.0,1.0,0.0,0.0,0.0,override,override,-1.462918199319867,-0.1750293457290404,-0.0321492097107333,-0.0841357299674022,0.0,0.0,-0.0373550685145266,3.248421603367442,0.0,0.0,0.0,-5.6835991093168957e-14,1.0,0.0,override,override
2686.2144613,CONTEXTUAL_OVERRIDE_1,261.9924734000001,2.5950939471018355,3.233347516596746,3.4749862796198845,2.885737698669917,4.278179352693536,0.6647157859325482,0.6783402987817462,0.6714148669329343,0.6475807106749856,0.8685172706533292,1154.05654296875,-0.1252115006505633,0.547189524859002,1.2974152981457117,0.6492723267942005,1.67662382933163,-1.1660851759328303,-0.2844769648753881,-0.4182965596368845,-1.2721965725316595,-0.5725661250588194,-0.8942413960337902,0.0,-1.0196813800599207,-0.956936896114388,0.0070443291078194,0.9223024115023568,-1.67662382933163,-0.9567209277009416,-0.6744907580950871,-0.4182965596368845,0.0938159328972091,0.0,0.0,0.2501316353285178,0.2501316353285178,1.0,1.0,0.0,0.0,0.0,override,override,-1.4864161358117207,-0.4659001673195799,-0.2828144423960792,-1.0695734147248428,0.0,0.0,0.7722473499101202,-8.421106452376529,0.0,0.0,0.0,0.8660254037844897,-0.4999999999999117,0.0,override,override
2687.2144613,CONTEXTUAL_OVERRIDE_1,262.9924734000001,2.815596445169307,3.780979561673561,3.91438188348686,3.1418020427902453,4.9343668537970204,0.6972660360053727,0.6682716284903424,0.7683485543012037,0.6713228151592489,0.8440870056735585,1114.9607421875,0.1688407005446573,1.309817215205287,1.9406033493807893,1.062386185418517,2.328878072968706,-1.0359757963043772,-0.3686995421287763,0.3564019866953173,-1.039351349402038,-0.6979030827896251,-0.9213288128711948,0.0,-1.1607164916477384,-1.214176789652036,-0.109705593052682,1.6252102822930383,-2.328878072968706,-1.3060858222745506,-0.6744907580950871,0.3564019866953173,0.2306696688624671,-0.042768238403438,0.0,0.4865108246623346,0.4865108246623346,1.0,0.9823377396757944,0.0,0.0,0.0,override,override,-1.5039440903158456,-0.1515162705208477,-0.0368761575682384,-0.118731500548897,0.0,0.0,2.621783517256589,15.310962735825637,1.0,0.0,4.0,-0.866025403784422,-0.5000000000000289,0.0,override,override
2688.2144613,CONTEXTUAL_OVERRIDE_1,263.9924734000001,2.498429666587449,3.114105361369808,3.166623422126319,2.59853046047687,5.08205555852698,0.6800446493024616,0.6076198460588582,0.7707716424750579,0.7107576828856041,0.914943630852631,1087.649658203125,-0.2541186319135839,0.3811339219224039,0.846033209569761,0.185914998375967,2.4756815159410026,-1.104812869299037,-0.8760405597160318,0.3757674202910483,-0.6526029640212702,-0.3343804667897261,-0.9402512214517328,0.0,-1.2363314664009042,-1.2926965794445615,-0.5998373423912724,0.6135835657460824,-2.4756815159410026,-1.2925707397945174,-0.6744907580950871,0.3757674202910483,0.2721728164143841,-0.0450920904349258,0.0,0.3132376846392853,0.3132376846392853,1.0,0.981387030209285,0.0,0.0,0.0,override,override,-1.5498058528015737,-0.836996836592589,-0.717142875176924,-0.9873151281560676,0.0,0.0,2.805445756987756,-3.478338353103511,0.0,0.0,0.0,-7.839720252580145e-14,1.0,0.0,override,override
2689.2144613,CONTEXTUAL_OVERRIDE_1,264.9924734000001,2.7644782915134893,2.881211917227574,2.851133603623245,2.4832929753927235,4.206439473497287,0.6659970751870292,0.5743987169302762,0.7564669878693585,0.6731109871589049,0.950955042715606,1042.55283203125,0.1006718329115603,0.0568085085363583,0.3842186630388559,0.0,1.605313966578872,-1.160963625417791,-1.1539292017610066,0.2614439541185739,-1.021814264240525,-0.1496276280369017,-0.9714964320408817,0.0,-1.252469009359292,-1.291685602477078,-0.8636882954065588,0.2205135857876071,-1.605313966578872,-0.9710395792633,-0.6744907580950871,0.2614439541185739,0.314060600962332,-0.0313732744942288,0.0,0.2639451378311538,0.2639451378311538,1.0,0.987012872382711,0.0,0.0,0.0,override,override,-1.5511022489847544,-0.8429269561557292,-0.7048282486519003,-1.1837883161182856,0.0,0.0,1.7211096185606345,-0.2543615075423752,0.0,0.0,0.0,0.8660254037844435,-0.4999999999999915,0.0,override,override
2690.2144613,CONTEXTUAL_OVERRIDE_1,265.9924734000001,3.319100679179579,3.009927031749959,2.402594571436032,2.601747275503457,3.9429961681377033,0.7282029510240684,0.6146825416794066,0.751415780455661,0.6667829649068919,0.9413855375183456,998.64658203125,0.8402912719414957,0.2360560733626553,-0.27235355451729,0.1911047520399502,1.3434497683282138,-0.9123152157652066,-0.8169624083511339,0.2210744690937546,-1.0838748854552875,-0.1987229886237355,-1.0019167552405968,0.0,-0.9896912799480208,-1.022852450312084,-0.5888836044098322,-0.0181487405773173,-1.3434497683282138,-0.8105015890908993,-0.6744907580950871,0.2210744690937546,0.2967091323883955,-0.0265289362912505,0.0,0.2076963926718768,0.2076963926718768,1.0,0.9890071444675904,0.0,0.0,0.0,override,override,-1.545194775418247,-0.7775276190576227,-0.6144969487864175,-1.0755924790682905,0.0,0.0,-0.4374108941538902,-0.3190527080947114,1.0,0.0,2.0,-0.8660254037844112,-0.5000000000000475,0.0,override,override
2691.2144613,CONTEXTUAL_OVERRIDE_1,266.9924734000001,2.778750955838185,2.6117094530859526,2.2600593439119727,2.4485123158448987,2.937874452528445,0.70766611886393,0.6317544182986976,0.6814815381623613,0.6720119474301673,0.9041777698706618,960.9551269531248,0.1197052152921675,-0.318498312199685,-0.4809968691447682,-0.0561123514508082,0.3443528588695156,-0.9944047384543144,-0.6741592967370698,-0.3378432540877739,-1.0325928433271363,-0.3896136074842758,-1.0280311750633808,0.0,-0.8761595995235936,-0.8254831114104275,-0.4255581121234911,-0.3997475906722266,-0.3443528588695156,-0.4098205875608843,-0.6744907580950871,-0.3378432540877739,0.2828905323068199,0.0,0.0,0.1980233726147739,0.1980233726147739,1.0,1.0,0.0,0.0,0.0,override,override,-1.581373523000034,-0.4004259145342898,-0.3303202925866106,-0.892504111584099,0.0,0.0,4.197520095685888,1.9654263249015589,0.0,0.0,0.0,-9.99584139584339e-14,1.0,0.0,override,override
2692.2144613,CONTEXTUAL_OVERRIDE_1,267.9924734000001,1.9641339646061369,2.5105813978007743,2.850184639938259,2.227529216620167,1.9701125044732344,0.6844140930762501,0.5635694654839526,0.6894460618443877,0.6571813277453529,0.8349252346368382,939.054296875,-0.966631318317147,-0.459328374875307,0.3828295683418042,-0.4126289181173102,-0.6176082214436357,-1.0873473930751336,-1.2445139006475163,-0.2741904096926893,-1.1780407311481196,-0.7449066052696139,-1.0432051042720607,0.0,-0.9913807496826924,-0.950252188228789,-0.9726770523787328,-0.0382494032667513,0.6176082214436357,-0.0781713165997641,-0.6744907580950871,-0.2741904096926893,0.3181959669980093,0.0926412332165453,0.0926412332165453,0.2227371768986065,0.2227371768986065,1.0,1.0,0.0206346467510587,0.0444435380158725,0.0206346467510587,override,override,-1.5657678338747825,-1.0011758102227837,-0.82326656613202,-1.3113821276670596,0.0,0.0,-0.9026146239345028,-0.3678005200680825,0.0,0.0,0.0,0.8660254037844544,-0.4999999999999728,0.0,override,override
2693.2144613,CONTEXTUAL_OVERRIDE_1,268.9924734000001,2.158802078251846,2.794167905094997,3.072345261737961,2.30277129855377,2.694001146745216,0.6848309272770406,0.5454867881294626,0.7008095559673302,0.6911078524805597,0.9156626545917184,919.8143798828124,-0.7070306887472884,-0.0644082364074657,0.7080286739746022,-0.2912393240084514,0.1019413555424691,-1.085681229554072,-1.395772174715431,-0.1833728351496648,-0.8453141513616523,-0.3306915895684577,-1.056535427249724,0.0,-1.021500737251689,-0.9939948119792394,-1.124351867326913,0.3218102187835682,-0.1019413555424691,-0.2912486369901237,-0.6744907580950871,-0.1833728351496648,0.3627121841507901,0.0,0.0,0.3182605726622667,0.3182605726622667,1.0,1.0,0.0,0.0,0.0,override,override,0.6614944755801712,-0.7031164317868579,-0.6223245794575076,0.129048347068925,0.0,0.0,-0.994091010420429,0.2440053195067639,1.0,0.0,7.0,-0.8660254037844004,-0.5000000000000662,0.0,override,override
2694.2144613,CONTEXTUAL_OVERRIDE_1,269.9924734000001,3.640468239707002,3.233603211307053,2.8696426949973,2.973119410151998,3.706361872491389,0.8198010108143196,0.613173744087816,0.8708285774202482,0.8187572147680177,0.8809859179519134,891.623046875,1.2688525780220798,0.5475456031201417,0.4113123032715747,0.7902470342552133,1.1082338837436678,-0.5461808018109064,-0.8295832230207688,1.1754271067940942,0.4065775781132014,-0.5085970145838807,-1.0760677139179875,0.0,-0.9575802891888394,-1.1338943552079537,-0.6930380225680421,0.4794289531958582,-1.1082338837436678,-0.8342739323880995,-0.6744907580950871,1.1754271067940942,0.3818619933049292,-0.1410512528152913,0.0,0.3631891859526221,0.3631891859526221,1.0,0.9429223386695617,0.0,0.0,0.0,override,override,0.6672760033832765,-0.8679725711170165,-0.7764635278907311,-0.0457985789850096,0.0,0.0,0.2516695554616239,1.25195474927919,0.0,0.0,0.0,-7.832787669450353e-15,1.0,0.0,override,override
2695.2144613,CONTEXTUAL_OVERRIDE_1,270.9924734000001,3.6359128765395794,2.867866603460664,2.5514788160717736,2.941147379640166,2.9182533371184443,0.8259012346922656,0.5821707938773762,0.8499859261754443,0.7721448499837745,0.7861970322802302,868.5588134765625,1.2627777508506688,0.0382239390128976,-0.054416537569209,0.7386659016372696,0.3248493545059855,-0.5217970768755065,-1.0889172059212715,1.0088516668264185,-0.0505624570500794,-0.9949016275964516,-1.0920477038814698,0.0,-0.8748951602647529,-1.0262229102887157,-0.9584679367023948,-0.0080962992781556,-0.3248493545059855,-0.4819259033323256,-0.6744907580950871,1.0088516668264185,0.434502873231149,-0.1210622000191702,0.0,0.3041520112618043,0.3041520112618043,1.0,0.9508085193533296,0.0,0.0,0.0,override,override,0.6846918282147225,-0.7882836807715583,-0.7147534930466899,-0.3834554026591467,0.0,0.0,3.32872077831938,0.3431929479134264,0.0,0.0,0.0,0.8660254037844651,-0.4999999999999541,0.0,override,override
2696.2144613,CONTEXTUAL_OVERRIDE_1,271.9924734000001,2.435197103894259,2.666283760464355,2.6719224555967185,2.462358209981055,2.6273725638348644,0.7469659261485458,0.6236464194145912,0.8006153867647595,0.7058474294630157,0.8151630971592176,846.3263671875,-0.3384427298721384,-0.2424985996876071,0.1218890720180059,-0.0337744864413661,0.0357121514236487,-0.8373161282630189,-0.7419812178670175,0.6142800153036045,-0.7007591438815438,-0.8462942157500531,-1.1074513924596014,0.0,-1.0523141336192805,-1.144456135914821,-0.5326521858012628,-0.0603047638348005,-0.0357121514236487,-0.5148037771807279,-0.6744907580950871,0.6142800153036045,0.4956512548414544,-0.0737136018364325,0.0,0.346955878389018,0.346955878389018,1.0,0.9697528820012822,0.0,0.0,0.0,override,override,0.7756291915056202,-0.2459308986280661,-0.3101564956031515,-0.0503615496019274,0.0,0.0,2.3784900325024925,6.117891107208836,1.0,0.0,6.0,-0.8660254037843896,-0.5000000000000848,0.0,override,override
2697.2144613,CONTEXTUAL_OVERRIDE_1,272.9924734000001,1.9168385569647288,2.4894894266556493,2.224069699024162,2.0820521917261448,2.4071277597515857,0.7926338973700243,0.6071861634104387,0.8317258509301221,0.7395823652851226,0.9168273467047144,832.43056640625,-1.0297023440210185,-0.4887008730405684,-0.5336785740965571,-0.6473299863258303,-0.1832124819482992,-0.6547727870836739,-0.8796682353974122,0.862916294588651,-0.3699115282471173,-0.3247162566665476,-1.1170790593836608,0.0,-0.9567934901897016,-1.0862309343779994,-0.7159750386264938,-0.5111897235685627,0.1832124819482992,-0.3988889832910018,-0.6744907580950871,0.862916294588651,0.4899473457783702,-0.0760680830583932,0.0,0.3429631420448591,0.3429631420448591,1.0,0.9577717226598976,0.0,0.0,0.0,override,override,0.9347147349436218,0.0930639778894819,0.0122381059930139,0.6405943764873809,0.0,0.0,0.4442545101697603,-12.479667320683728,0.0,0.0,0.0,-2.939399910208283e-14,1.0,0.0,override,override
2698.2144613,CONTEXTUAL_OVERRIDE_1,273.9924734000001,2.0756182168715727,2.082283012739815,1.9079719946150968,2.0814674795436647,2.2127551186320926,0.8231520322306202,0.5414767764333296,0.8224402022404016,0.7900409162293062,0.8907887163393406,822.09736328125,-0.8179609401374692,-1.055773033500547,-0.9963829450767908,-0.6482733144831291,-0.376420032844856,-0.532786148417428,-1.4293151858668536,0.7887049575707142,0.1249490920986187,-0.458304767318206,-1.1242383904299424,0.0,-0.808832883567178,-0.9271386272027852,-1.2961186487624965,-1.026077989288669,0.376420032844856,-0.1407136338436061,-0.6744907580950871,0.7887049575707142,0.4486978022361695,-0.0381815899817573,0.0,0.3140884615653186,0.3140884615653186,1.0,0.9613322002746868,0.0,0.0,0.0,override,override,1.316542850710197,8.656082167531338,8.042898352875287,32.9291728871608,1.0,0.0,-0.8158748899260657,-0.7398427276948835,0.0,0.0,0.0,0.8660254037844759,-0.4999999999999355,0.0,override,override
2699.2144613,CONTEXTUAL_OVERRIDE_1,274.9924734000001,2.55811241114758,2.3460390436021448,2.75426687720431,2.6318726062055946,2.331698650216574,0.7572442132206113,0.6083309072691637,0.8242931543813145,0.7795887278456618,0.8515393712002539,814.56884765625,-0.1745284115528677,-0.6884686464769071,0.2424249799737456,0.2397065659763938,-0.2581894614019476,-0.796231910734808,-0.8700926633222078,0.8035138374241616,0.0224416611336997,-0.6596694891799212,-1.129454501542292,0.0,-1.0774617538332647,-1.1979888294468888,-0.6710346856385058,-0.2230218332515807,0.2581894614019476,-0.4375502540141691,-0.6744907580950871,0.8035138374241616,0.4345676273198744,-0.0576932412806072,0.0,0.304197339123912,0.304197339123912,1.0,0.9606206510857014,0.0,0.0,0.0,override,override,1.478613691604975,-1.1691194313479265,-0.9816771925232888,-1.0807739362749025,0.0,0.0,2.428805012555082,10.503630287440764,1.0,0.0,2.0,-0.8660254037843789,-0.5000000000001036,0.0,override,override
2700.2144613,CONTEXTUAL_OVERRIDE_1,275.9924734000001,2.893932084790709,2.693519415191701,2.895522587987999,2.5654880445541943,2.045757966051858,0.6971926362184254,0.6366285456245191,0.775955892019341,0.6875851914640623,0.8833283830453308,826.4365478515625,0.2733055817346226,-0.2045704604442742,0.4491953357652256,0.1326069910195359,-0.5424161867834667,-1.0362691888504625,-0.6333881170915978,0.4172001842229627,-0.8798618381911849,-0.4965792387372963,-1.121231998468613,0.0,-1.1822892533284994,-1.244869280961944,-0.3743208198789822,0.1223124376604757,0.5424161867834667,-0.4109206319840707,-0.6744907580950871,0.4172001842229627,0.4242526713575967,0.0312984059107644,0.0312984059107644,0.3214393574824128,0.3214393574824128,1.0,0.9793560558002992,0.0098528502704083,0.0212213725216848,0.0098528502704083,override,override,1.496787497829273,-0.8974271609377644,-0.7412518749852388,-0.6357554167240992,0.0,0.0,0.4856506772286951,-0.0928826178165589,0.0,0.0,0.0,-5.09552105347153e-14,1.0,0.0,override,override
2701.2144613,CONTEXTUAL_OVERRIDE_1,276.9924734000001,2.4200655237943414,2.2442763040657905,2.075012124654146,1.9122410367346017,2.38930847185016,0.733320401566546,0.7012843185078254,0.7675023203573073,0.6771819880613057,0.7918757205935071,837.15859375,-0.3586215236497087,-0.8301825649986667,-0.7518693114119521,-0.9212898057493536,-0.2009249591484143,-0.8918598179150704,-0.0925544549554067,0.3496388455831576,-0.981888860234798,-0.965767702210175,-1.113803258788211,0.0,-1.0142334138691755,-1.0666792407066492,0.1304104995233608,-0.7910259382053094,0.2009249591484143,-0.5209966603624198,-0.6744907580950871,0.3496388455831576,0.4677732390531294,-0.0118179175977167,0.0,0.3274412673371905,0.3274412673371905,1.0,0.9826699802850428,0.0,0.0,0.0,override,override,1.4715148976386796,-0.727335440560996,-0.5822713373677376,-0.7508101457346189,0.0,0.0,1.2674843593011167,0.1359073346349185,0.0,0.0,0.0,0.8660254037844867,-0.4999999999999168,0.0,override,override
2702.2144613,CONTEXTUAL_OVERRIDE_1,277.9924734000001,2.850411774577944,2.147688734166467,1.9232429179285555,2.3002677799457896,2.409492093649399,0.7174911959321162,0.6952604311807873,0.749610368765487,0.6793507852608638,0.7543420925133172,845.62607421875,0.21526885595183,-0.96468958665798,-0.9740293408984536,-0.2952783019295422,-0.1808623201185929,-0.9551320852709004,-0.1429431657865005,0.2066455347378869,-0.9606188810638816,-1.1583301144503189,-1.1079365884953334,0.0,-1.0274580224291607,-1.0584548526398438,0.0958398555312246,-0.9693594637782168,0.1808623201185929,-0.5070520473117068,-0.6744907580950871,0.2066455347378869,0.5581557832824434,0.0023318838492425,0.0023318838492425,0.3907090482977103,0.3907090482977103,1.0,0.9897209178696208,0.0009017229698702,0.001942158718523,0.0009017229698702,override,override,1.4356672515176483,-0.5371641218308678,-0.4595779430129372,-0.8585129383544597,0.0,0.0,3.703658978587583,-13.43669144988129,1.0,0.0,6.0,-0.8660254037844249,-0.5000000000000238,0.0,override,override
2703.2144613,CONTEXTUAL_OVERRIDE_1,278.9924734000001,4.0883283017202325,2.8615421012287885,2.1842660382682784,2.9866440844690016,3.4804624955373407,0.712823910521782,0.5717092814687126,0.7941303278313161,0.6779654485334377,0.7955381204869524,886.2607910156249,1.8660985875530984,0.0294164914337324,-0.5919432421275781,0.8120666687417271,0.8836885716103713,-0.9737880896926452,-1.1764258353157802,0.5624511221188205,-0.9742052520454852,-0.9469781368485974,-1.0797829379765618,0.0,-1.1706459824342323,-1.2550136507520555,-0.9329788128926187,-0.2812633753469228,-0.8836885716103713,-0.7411708294130417,-0.6744907580950871,0.5624511221188205,0.6739150680300473,-0.0674941346542584,0.0,0.471740547621033,0.471740547621033,1.0,0.9722692019718872,0.0,0.0,0.0,override,override,1.3749166499757557,-0.3810967943891938,-0.2562156946588663,-0.2417947589959092,0.0,0.0,-0.6025379200500404,-0.2296705592743471,0.0,0.0,0.0,-7.25164219673478e-14,1.0,0.0,override,override
2704.2144613,CONTEXTUAL_OVERRIDE_1,279.9924734000001,3.0514584460197898,2.472228303876585,2.022202149036451,2.425709298336301,3.213133264782936,0.767730535746841,0.6450754856258776,0.8692664381733686,0.7737238147606001,0.8122247077346062,892.01826171875,0.4833756429432297,-0.5127385646185596,-0.82917264582037,-0.0929009273207387,0.6179617406137884,-0.7543161369567534,-0.5627310157833414,1.1629424171409666,-0.0350771235566874,-0.8613693199871185,-1.0757938904126736,0.0,-1.1613459829560917,-1.3357873455272369,-0.3741519815441531,-0.6709556052194647,-0.6179617406137884,-0.8511356997102346,-0.6744907580950871,1.1629424171409666,0.7593339749191277,-0.139553090056916,0.0,0.5315337824433893,0.5315337824433893,1.0,0.9435111270597148,0.0,0.0,0.0,override,override,1.2885652040842912,-0.3952706216577385,-0.2563500153939131,-0.2814654499176132,0.0,0.0,-0.6779359339352977,-14.333440385424112,0.0,0.0,0.0,0.8660254037844974,-0.4999999999998981,0.0,override,override
2705.2144613,CONTEXTUAL_OVERRIDE_1,280.9924734000001,2.108418039946661,2.2724621711678896,2.135244137080259,2.011256325294476,2.507594836100132,0.77433283709895,0.8065686924313371,0.8548931169564532,0.8187326402943894,0.8636536497466125,838.546484375,-0.7742205732093249,-0.7909311681497733,-0.6637015865795323,-0.7615464097670221,-0.0833476159093239,-0.7279255153449039,0.7881299909260046,1.0480701642119494,0.4063365696213445,-0.5975184310820483,-1.112841662628704,0.0,-1.0947500728190862,-1.2519605974508785,0.9701113697622306,-0.7273163773646527,0.0833476159093239,-0.8605026731683351,-0.6744907580950871,1.0480701642119494,0.8327871798974392,-0.1132662773190353,0.0,0.5829510259282075,0.5829510259282075,1.0,0.9489458821244968,0.0,0.0,0.0,override,override,1.2087146549707557,-0.4403080283786075,-0.3236522150273052,0.0539298436420725,0.0,0.0,3.356871039757241,13.993145024189054,1.0,0.0,4.0,-0.8660254037844142,-0.5000000000000424,0.0,override,override
2706.2144613,CONTEXTUAL_OVERRIDE_1,281.9924734000001,2.657831951139164,3.1665877308151447,3.0958417102938336,2.561782593619935,3.397392650174442,0.7671678407991187,0.8400407299788796,0.7632049331016479,0.8050651354062359,0.9259446172036064,818.08701171875,-0.041546923843248,0.4542204196060506,0.7424228163478889,0.1266289110230659,0.8011166557096422,-0.756565332904693,1.06811743580073,0.3152939263876501,0.2722956623624005,-0.2779410396115472,-1.1270169513563648,0.0,-0.8669182071403705,-0.914212296098518,1.2572587690269033,0.5983216179769697,-0.8011166557096422,-0.9685987689667604,-0.6744907580950871,0.3152939263876501,0.7601578379884866,-0.037835271166518,0.0,0.6517748101873345,0.6517748101873345,1.0,0.9843589160825206,0.0,0.0,0.0,override,override,1.12725588010608,-0.6913920446503795,-0.5405046947037989,-0.1960409772449904,0.0,0.0,2.974652245445366,3.90208163964801,0.0,0.0,0.0,-9.407763339998026e-14,1.0,0.0,override,override
2707.2144613,CONTEXTUAL_OVERRIDE_1,282.9924734000001,3.3678282192055136,3.5369991481092096,3.553488502378222,3.207451056108712,3.040085862302776,0.8326574279567017,0.7520026474109912,0.7953372919308891,0.7994256298821416,0.8853139852067106,817.5092041015625,0.9052721248979548,0.9700521832663436,1.4123269887252174,1.168299085162679,0.4459516026147457,-0.4947913207808825,0.3316950487607467,0.5720972354443354,0.2169875104262972,-0.4863923114003588,-1.1274172837569252,0.0,-0.6950253531863999,-0.7808399385030502,0.4553928789559673,1.1911895859957804,-0.4459516026147457,-0.6510401030424132,-0.6744907580950871,0.5720972354443354,0.2886295773685669,-0.0686516682533202,0.0,0.4402786213571529,0.4402786213571529,1.0,0.9718003840924786,0.0,0.0,0.0,override,override,1.0810291565377816,-0.826888582443334,-0.6656170792561198,-0.7614392169273815,0.0,0.0,7.6729518718429075,3.824809099245824,0.0,0.0,0.0,0.8660254037844514,-0.4999999999999779,0.0,override,override
2708.2144613,CONTEXTUAL_OVERRIDE_1,283.9924734000001,3.282927994833923,3.21381119031166,3.1553818641552382,2.9862173083186843,2.1467709807715667,0.7795254817297074,0.6224203602657917,0.8022398398409469,0.7245618096266109,0.8280019561547597,819.9101318359375,0.7920530091181635,0.5199834043870768,0.8295777974067056,0.8113781420246157,-0.4420086547858193,-0.7071695527938536,-0.7522369774051115,0.6272627199842398,-0.517222169397536,-0.7804257723022026,-1.125753807653663,0.0,-0.9267115047883376,-1.0208009127859734,-0.5754445892066481,0.6747806008968912,0.4420086547858193,-0.3019128621149263,-0.6744907580950871,0.6272627199842398,-0.0720838674981545,-0.0089702281802358,0.0,0.1349561201793782,0.1349561201793782,1.0,0.969123585508632,0.0,0.0,0.0,override,override,-0.2521100705917025,5.971916092827281,4.849220539417866,25.03426812057988,1.0,1.0,2.155141603105033,-12.121897285391569,1.0,0.0,6.0,-0.8660254037844034,-0.5000000000000611,0.0,override,override
2709.2144613,CONTEXTUAL_OVERRIDE_1,284.9924734000001,3.023068828049175,3.294701699145965,2.9616229084314663,2.648257688908926,1.866865315236008,0.6680748737816816,0.5777977606768409,0.6787521135772268,0.6584514502384183,0.838052942521059,824.433447265625,0.4455165269308737,0.6326308334004546,0.5459531001076271,0.2661409559837389,-0.7202365360798217,-1.1526582795129745,-1.125496825265662,-0.3596569425570243,-1.1655842972420265,-0.7288602221786612,-1.122619841138523,0.0,-1.0267783496180158,-0.9728298082344622,-0.8373322553874183,0.5892919667540408,0.7202365360798217,-0.0803989333059869,-0.6744907580950871,-0.3596569425570243,-0.1441605745847959,0.1080354804119732,0.1080354804119732,0.1178583933508081,0.1178583933508081,1.0,1.0,0.0127328881462378,0.0274244868451717,0.0127328881462378,override,override,-0.3028068800247187,-0.5709679349311633,-0.5258072367110055,-0.1160794080803681,0.0,0.0,5.910499661738938,1.5104743627976471,0.0,0.0,0.0,-1.1563884483261273e-13,1.0,0.0,override,override
2710.2144613,CONTEXTUAL_OVERRIDE_1,285.9924734000001,3.090197426701531,3.024955005338072,2.160279722292107,2.4392191930372875,2.1017089555982538,0.7783305518741488,0.6891770493939035,0.8351804238731625,0.7595071807104875,0.9209266969674502,853.160791015625,0.535036202988402,0.2569839005252893,-0.627054453285014,-0.0711051370918963,-0.4868005734016828,-0.7119459087929139,-0.1938295368443658,0.8905254025245163,-0.1745034886350135,-0.303684962448915,-1.102716180918297,0.0,-1.0236297996764945,-1.157208610055172,-0.0158430596461373,-0.1850352763798623,0.4868005734016828,-0.4850533587356359,-0.6744907580950871,0.8905254025245163,-0.1437057867454026,-0.0338429622926895,0.0,0.0,0.0,1.0,0.9564504736889128,0.0,0.0,0.0,override,override,-0.2751373758797604,-0.6292321662932908,-0.5333504951165343,-0.1018061894741614,0.0,0.0,-0.7729888413459546,0.6738604616788709,0.0,0.0,0.0,0.8660254037844621,-0.4999999999999592,0.0,override,override
2711.2144613,CONTEXTUAL_OVERRIDE_1,286.9924734000001,3.1155153953583734,2.461520557642632,1.982868307509541,2.391837462336185,3.385989292160502,0.8828252929728565,0.9339045236728146,0.9738054133922188,0.8515718932607663,1.0062035745097306,863.67724609375,0.5687991058062111,-0.5276500802112392,-0.8867495916446655,-0.147547055100725,0.7897816506328964,-0.2942610704776637,1.8532708261578337,1.998422778363784,0.7283999818784315,0.1338192727602535,-1.095429884265956,0.0669096363801267,-1.0104364520000195,-1.310199868754587,1.9101086846822173,-0.7071998359279523,-0.7897816506328964,-1.412339517427368,-0.5374448428894187,1.998422778363784,-0.0327815651056912,-0.239810733403654,0.0,0.0,0.0,1.0,0.9049087773073063,0.0,0.0,0.0,override,override,-1.5907464343941276,-0.177562760136215,-0.0891981708928208,-0.8876174905582457,0.0,0.0,2.517664314035247,1.4293809943256055,1.0,0.0,4.0,-0.8660254037843926,-0.5000000000000798,0.0,override,override
2712.2144613,CONTEXTUAL_OVERRIDE_1,287.9924734000001,2.276174109932171,1.9481274998023543,2.302197872939208,2.0451213057703503,3.6199987350139606,0.8129649896377555,0.8422330862244775,0.881658726940185,0.7649620580800984,0.9844611306477627,876.9314453125,-0.5505086330933249,-1.2425968505114118,-0.4193144168661934,-0.7069113421449109,1.0223884160705776,-0.573505644858803,1.0864560930333,1.261982166417276,-0.1210060348135271,0.0222719043813835,-1.086246749200042,0.0111359521906917,-1.0179833911525225,-1.2072807161151138,1.2270485162003275,-0.8309556336888027,-1.0223884160705776,-1.236867661958014,-0.6516818348633178,1.261982166417276,0.0122506345432826,-0.1514378599700731,0.0,0.0085754441802978,0.0085754441802978,1.0,0.9388504211892844,0.0,0.0,0.0,override,override,-1.633116973274007,0.097054425601277,0.1624073696143391,-0.4191094917972575,0.0,0.0,3.886760845263162,-5.758099254514862,0.0,0.0,0.0,-2.3513218543629183e-14,1.0,0.0,override,override
2713.2144613,CONTEXTUAL_OVERRIDE_1,288.9924734000001,1.9235805097234293,2.294663047125668,2.7448418461988577,2.093657304066644,2.799305007699189,0.7148560760856106,0.7465306047876429,0.7792221143138826,0.7056123947806321,0.8918957392148835,889.646240234375,-1.0207115794427248,-0.7600144186506278,0.2286286031509537,-0.6286072205490397,0.2066140139870345,-0.965665147465765,0.2859224174955975,0.4433039849993215,-0.7030641924124812,-0.4526253004981022,-1.0774373389010177,0.0,-1.1208215422155277,-1.187317139965426,0.5273387043620388,-0.265692907749837,-0.2066140139870345,-0.7888170141136887,-0.6744907580950871,0.4433039849993215,0.1326672244933893,-0.0531964781999185,0.0,0.0928670571453725,0.0928670571453725,1.0,0.9780786438458334,0.0,0.0,0.0,override,override,-1.708361949182622,-0.5956951920060959,-0.5973331152837283,-0.3386689854933558,0.0,0.0,-0.2249677967976277,-1.17907236428995,0.0,0.0,0.0,0.8660254037844729,-0.4999999999999406,0.0,override,override
2714.2144613,CONTEXTUAL_OVERRIDE_1,289.9924734000001,2.393282911303196,2.6689204587943647,2.785695741590528,2.3719644220966667,3.1736247438873164,0.6510805863863629,0.7197090984508883,0.7176130803899814,0.6622614429614048,0.929981037117911,903.7455078125,-0.3943376095253902,-0.238826756201397,0.2884306064734206,-0.1796086385443217,0.5786900379820615,-1.2205875945039697,0.0615654444176156,-0.0490782849585743,-1.1282186708589894,-0.2572326030636057,-1.0676687005726289,0.0,-1.2034101947684686,-1.1960484520246824,0.366712343043608,0.0248019251360118,-0.5786900379820615,-0.8419063132057704,-0.6744907580950871,-0.0490782849585743,0.3566095094559401,0.0,0.0,0.2545870416463604,0.2545870416463604,1.0,1.0,0.0,0.0,0.0,override,override,-1.7890644892069671,-0.6580191750259405,-0.70457698486487,-0.964412746698764,0.0,0.0,4.349427132380794,2.6819324457464,1.0,0.0,6.0,-0.8660254037843818,-0.5000000000000985,0.0,override,override
2715.2144613,CONTEXTUAL_OVERRIDE_1,290.9924734000001,3.276788385733147,3.7291950466642967,3.7740600265851785,3.1058952351993057,5.242241630039169,0.7437884305536234,0.7639294803269779,0.7795359637492802,0.6963604935461734,0.9664256989028148,914.826416015625,0.7838655029158118,1.237702543625616,1.7351999705304093,1.0044569962308048,2.634907415153765,-0.8500171668019718,0.4314608150022485,0.4458122843116757,-0.7938000835268789,-0.0702570202187039,-1.059991324142498,0.0,-1.0060514663110582,-1.0729233089578096,0.6439651067027414,1.4864512570780126,-2.634907415153765,-1.4835901681350625,-0.6744907580950871,0.4458122843116757,0.6111095711197846,-0.053497474117401,0.0,0.7250669511994517,0.7250669511994517,1.0,0.9779559858380796,0.0,0.0,0.0,override,override,-1.788530786224039,-1.256824318007108,-1.0955297369688952,-1.4443878557342642,0.0,0.0,-0.9615845881628622,-9.49093345792052,0.0,0.0,0.0,-4.5074429976261656e-14,1.0,0.0,override,override
2716.2144613,CONTEXTUAL_OVERRIDE_1,291.9924734000001,4.274687420972125,5.770783861049482,5.993463212598892,4.405482005824885,6.95618359687343,0.8086063536388751,0.7520235402676276,0.8313598867216316,0.7095361957716803,0.8200579371449086,921.80185546875,2.114618716391065,4.080801621096494,4.983966224799193,3.1011069897104147,4.338575832085438,-0.5909279204042075,0.3318698136682447,0.8599914915813122,-0.6645824176446877,-0.821181743458262,-1.055158410317607,0.0,-0.8919249424576667,-1.0209236661948635,0.4796017937692965,4.532383922947844,-4.338575832085438,-1.9617044097007548,-0.6744907580950871,0.8599914915813122,0.7009468399260925,-0.1031989789897574,0.0,1.3971395725378335,1.3971395725378335,1.0,0.957911797582676,0.0,0.0,0.0,override,override,-0.4098432480947068,-0.3954254247818771,-0.4545320493504449,0.3729994765016566,0.0,0.0,0.3919900366998429,0.4610580703399302,0.0,0.0,0.0,0.8660254037844838,-0.4999999999999219,0.0,override,override
2717.2144613,CONTEXTUAL_OVERRIDE_1,292.9924734000001,3.553626848796809,4.695048344147597,4.66851575029403,3.591471776599262,4.358889997424882,0.82324778070201,0.5716223090862471,0.8731989997200567,0.7206398178578269,0.817591100727686,952.42763671875,1.1530448099659414,2.582741564068098,3.044505818803137,1.7878475903578883,1.7568506858995705,-0.5324034240394269,-1.1771533433172452,1.1943716322703442,-0.555686200634545,-0.8338375935691903,-1.0339394229554713,0.0,-0.9504334953340472,-1.129589240174599,-1.0440524873073884,2.8136236914356174,-1.7568506858995705,-0.9576875554125892,-0.6744907580950871,1.1943716322703442,0.5606432049772319,-0.1433245958724412,0.0,0.955174981771186,0.955174981771186,1.0,0.9420296007353725,0.0,0.0,0.0,override,override,-0.3736386008238794,0.1310640873051898,0.1716875394233537,0.975598403597546,0.0,0.0,3.553368312432016,10.601866887048452,1.0,0.0,6.0,-0.8660254037844278,-0.5000000000000187,0.0,override,override
2718.2144613,CONTEXTUAL_OVERRIDE_1,293.9924734000001,3.7834652427144926,3.270218896367756,2.672146110097302,2.82444211861998,3.1626596132977576,0.7958638372524024,0.6040637230145671,0.8692899840685268,0.7420830826667941,0.918043751667824,970.175439453125,1.4595469414292723,0.5985362921773786,0.1222164578660078,0.5503829102374547,0.5677906335480436,-0.6418621190122091,-0.9057868756795276,1.163130597032255,-0.3453863183144685,-0.3184756163144663,-1.0216429071914406,0.0,-1.0489578279734983,-1.2234274175283366,-0.7453213459264753,0.3603763750216932,-0.5677906335480436,-0.7056822919578022,-0.6744907580950871,1.163130597032255,0.2945128409055721,-0.1395756716438705,0.0,0.2782342636382391,0.2782342636382391,1.0,0.9435022496104128,0.0,0.0,0.0,override,override,-0.3843220249970909,-0.1419469766358699,-0.1172956359068564,0.7316635615713927,0.0,0.0,3.6135208444384426,-3.9843749765528926,0.0,0.0,0.0,-6.663564140889415e-14,1.0,0.0,override,override
2719.2144613,CONTEXTUAL_OVERRIDE_1,294.9924734000001,3.670702912181507,2.8942271234567114,2.337388441868041,2.6656397233475406,3.374971271868821,0.7079843885767676,0.5626664385122899,0.7325299489052186,0.6726963247898888,0.945074523312126,989.786474609375,1.3091721756296513,0.0749333731331981,-0.3678024006967225,0.2941837486745576,0.7788296735232397,-0.9931325554511372,-1.2520675553687048,0.0701380233066744,-1.0258809699489853,-0.1797970270393061,-1.0080554560259662,0.0,-1.017680863608473,-1.0282015671044744,-1.0037844165059209,-0.1464345137817622,-0.7788296735232397,-0.5513764287646921,-0.6744907580950871,0.0701380233066744,0.1526673568028035,-0.0084165627968009,0.0,0.1068671497619624,0.1068671497619624,1.0,0.9964992408306692,0.0,0.0,0.0,override,override,-0.3787587654995928,0.5947355753916991,0.8292823812332184,2.141283448181188,0.0,0.0,8.222322091979578,3.599725603197975,0.0,0.0,0.0,0.8660254037844946,-0.4999999999999032,0.0,override,override
2720.2144613,CONTEXTUAL_OVERRIDE_1,295.9924734000001,2.509343161837553,2.410184563812568,2.1953864243647265,2.1932719918107337,2.5843264330364364,0.7477367959379005,0.4721233175389678,0.7028595988553757,0.6939938142012897,0.960434532611196,1014.305712890625,-0.2395648861322348,-0.5991401450425652,-0.5756652015659308,-0.4678968015682574,-0.0070759563019865,-0.8342348189077033,-2.0094441284648616,-0.1669887968611612,-0.8170107462758767,-0.1009940816821245,-0.9910673699761112,0.0,-0.7757887400062969,-0.7507404204771227,-1.800885423737936,-0.587402673304248,0.0070759563019865,-0.0026335387965556,-0.6744907580950871,-0.1669887968611612,0.04424176813834,0.0010613934452979,0.0010613934452979,0.030969237696838,0.030969237696838,1.0,1.0,3.2870545897298816e-05,7.079759463845083e-05,3.2870545897298816e-05,override,override,-1.011364846789783,6.908878912860703,6.687767740324394,32.72227420018956,1.0,1.0,5.311598007913446,1.3222594237343632,1.0,0.0,2.0,-0.8660254037844171,-0.5000000000000373,0.0,override,override
2721.2144613,CONTEXTUAL_OVERRIDE_1,296.9924734000001,2.350551736323081,2.5872355546468566,2.6001470616683577,2.3087982910755454,2.7979046714910885,0.7544767471406585,0.5102535537386623,0.7824083173814013,0.730071153246191,0.8829840236049846,1028.190112304687,-0.4513219801002568,-0.3525804533164621,0.0168241252112358,-0.2815158533506214,0.2052220715426625,-0.8072939853425256,-1.6904917076312502,0.4687682683846036,-0.4631905503702855,-0.4983459393709002,-0.981447602457598,0.0,-0.9713628792771368,-1.0416781195348277,-1.4886682112956189,-0.1678781640526131,-0.2052220715426625,-0.3139700557451264,-0.6744907580950871,0.4687682683846036,-0.0655266297839956,-0.0562521922061524,0.0,0.0,0.0,1.0,0.9768341326905732,0.0,0.0,0.0,override,override,-1.776061567267127,-1.2444690297287162,-1.073370463647885,-1.454129288655756,0.0,0.0,2.6990014382675085,0.6689291723666336,0.0,0.0,0.0,-8.819685284152661e-14,1.0,0.0,override,override
2722.2144613,CONTEXTUAL_OVERRIDE_1,297.9924734000001,2.008449499805609,2.605020165097063,2.7448155685724416,2.24787246267316,2.1591037474586456,0.6900405839162997,0.7024824175107038,0.7286773525858619,0.7268546323084432,0.8914145302696876,1047.0875,-0.9075341163046704,-0.3278137572962417,0.2285901379155782,-0.3798087419902244,-0.4297498120100795,-1.0648572668534857,-0.0825325769013314,0.0393478940003229,-0.4947358388659793,-0.4550940934184263,-0.9683545999506264,0.0,-1.0786290297535988,-1.0845312138536471,0.18368173981204,-0.0496118096903317,0.4297498120100795,-0.4525362546612279,-0.6744907580950871,0.0393478940003229,-0.1683359227763835,0.0597407245214731,0.0597407245214731,0.0,0.0,1.0,0.9980345393523806,0.0,0.0,0.0,override,override,-1.7964500347349612,-1.1638429911488084,-1.0268548569004985,-1.2836119097985814,0.0,0.0,0.3706307978046355,-0.7719928098442572,0.0,0.0,0.0,0.8660254037844485,-0.499999999999983,0.0,override,override
2723.2144613,CONTEXTUAL_OVERRIDE_1,298.9924734000001,2.2931078567170924,2.7647585979363964,2.6134695304508697,2.318093420469786,2.583040199052185,0.7747737286857055,0.7587640192401603,0.7823886954500475,0.7829726126541675,0.8992344407158609,1105.328125,-0.5279265509843731,-0.105363385388753,0.0363255782491187,-0.2665198304421663,-0.0083544804633389,-0.7261631899953958,0.3882526819675129,0.468611448994888,0.0556283322564596,-0.4149748484629463,-0.9280027448991608,0.0,-0.8901771971436065,-0.9604689144928398,0.5697934794663619,-0.0345189035698171,0.0083544804633389,-0.620975024562871,-0.6744907580950871,0.468611448994888,-0.2257465332181073,-0.0549802018098857,0.0,0.0,0.0,1.0,0.9768417920472284,0.0,0.0,0.0,override,override,0.4478795015855618,8.67836238272129,6.481546462892852,44.01981408492647,1.0,1.0,1.016105429483863,1.095913376487098,1.0,0.0,6.0,-0.8660254037844063,-0.500000000000056,0.0,override,override
2724.2144613,CONTEXTUAL_OVERRIDE_1,299.9924734000001,3.002436571153329,2.8341479630330166,2.7597816980250296,2.761020319628161,2.6507185068267685,0.8409552890254779,0.6671163205601541,0.847701955065688,0.7922160953435521,0.8529532211412455,1124.4470458984374,0.4180022782986776,-0.0087323505288265,0.2504975843088203,0.4480632210499038,0.0589181563575604,-0.4616232328710781,-0.3783634807210257,0.99059806328949,0.1462816604284055,-0.6524158777091287,-0.9147562537285358,0.0,-0.8083325550223996,-0.9569222645158232,-0.2629576725032562,0.1208826168899969,-0.0589181563575604,-0.5054574236201216,-0.6744907580950871,0.99059806328949,-0.2879726142567817,-0.1188717675947387,0.0,0.0241765233779993,0.0241765233779993,1.0,0.95167669956609,0.0,0.0,0.0,override,override,0.0,0.0,0.0,0.0,0.0,0.0,0.0,0.0,0.0,0.0,0.0,-1.0975806427415909e-13,1.0,0.0,override,override
