condition,stimulus_file,time_sec,luminance_mean,luminance_std,visual_change_mean_abs,optical_flow_proxy_p90_absdiff,histogram_delta,edge_density,cut_score_z,cut_event,flash_event,audio_rms,audio_dbfs,audio_rms_derivative,cue_on,cue_impulse,cue_value,cue_index_active,cue_phase_sin,cue_phase_cos,cue_nominal_frequency_hz,als_start_pulse_regressor,luminance_z,visual_change_z,optical_flow_z,histogram_delta_z,audio_rms_z,audio_derivative_z
control,C:\Users\hoytb\Desktop\PRAYCGStimulus\Field of dreams\1.8prep\Fieldofdreams1_8_MediaPrep_v1_7A_20260817_210857\stimulus_control_cued_phase_scrambled_Fieldofdreams1_8_v1_7A.mp4,0.0,252.358154296875,4.57763671875e-05,0.0,0.0,0.0,0.0,-3.639582546018934,0.0,0.0,,,,0.0,0.0,0.0,0.0,0.0,1.0,0.3333333333333333,1.0,7.962569196363418,-2.374121843354202,-2.3984113607576503,-1.8546765885578365,0.0,0.0
control,C:\Users\hoytb\Desktop\PRAYCGStimulus\Field of dreams\1.8prep\Fieldofdreams1_8_MediaPrep_v1_7A_20260817_210857\stimulus_control_cued_phase_scrambled_Fieldofdreams1_8_v1_7A.mp4,0.25,252.358154296875,4.57763671875e-05,0.0,0.0,0.0,0.0,-3.639582546018934,0.0,0.0,0.0,-240.0,,0.0,0.0,0.0,0.0,0.49999999999999994,0.8660254037844387,0.3333333333333333,1.0,7.962569196363418,-2.374121843354202,-2.3984113607576503,-1.8546765885578365,-1.2502200946836814,0.0
control,C:\Users\hoytb\Desktop\PRAYCGStimulus\Field of dreams\1.8prep\Fieldofdreams1_8_MediaPrep_v1_7A_20260817_210857\stimulus_control_cued_phase_scrambled_Fieldofdreams1_8_v1_7A.mp4,0.5,252.358154296875,4.57763671875e-05,0.0,0.0,0.0,0.0,-3.639582546018934,0.0,0.0,0.0,-240.0,0.0,0.0,0.0,0.0,0.0,0.8660254037844386,0.5000000000000001,0.3333333333333333,1.0,7.962569196363418,-2.374121843354202,-2.3984113607576503,-1.8546765885578365,-1.2502200946836814,-0.009341445272140876
control,C:\Users\hoytb\Desktop\PRAYCGStimulus\Field of dreams\1.8prep\Fieldofdreams1_8_MediaPrep_v1_7A_20260817_210857\stimulus_control_cued_phase_scrambled_Fieldofdreams1_8_v1_7A.mp4,0.75,101.85175107421878,1.8475341796875008e-05,150.50640322265622,150.5064305236816,0.5963999999999998,0.0,23.299038553155192,1.0,1.0,0.0,-240.0,0.0,0.0,0.0,0.0,0.0,1.0,6.123233995736766e-17,0.3333333333333333,0.0,0.9582161971259787,12.90968787094697,5.183939092821398,14.39668525732503,-1.2502200946836814,-0.009341445272140876
control,C:\Users\hoytb\Desktop\PRAYCGStimulus\Field of dreams\1.8prep\Fieldofdreams1_8_MediaPrep_v1_7A_20260817_210857\stimulus_control_cued_phase_scrambled_Fieldofdreams1_8_v1_7A.mp4,1.0,0.0,0.0,51.68295000000015,51.68295937500014,0.20480000000000054,0.0,5.610970105072411,0.0,0.0,3.0454862851816356e-06,-110.32686418650506,3.0454862851816356e-06,0.0,0.0,0.0,0.0,0.8660254037844387,-0.4999999999999998,0.3333333333333333,0.0,-3.781818796992452,2.8742420558558743,0.20531998212127966,3.725938612711146,-1.2500365505807363,-0.008088099004327129
control,C:\Users\hoytb\Desktop\PRAYCGStimulus\Field of dreams\1.8prep\Fieldofdreams1_8_MediaPrep_v1_7A_20260817_210857\stimulus_control_cued_phase_scrambled_Fieldofdreams1_8_v1_7A.mp4,1.25,115.40868426513673,33.82323656463623,115.40868426513673,160.95753302001953,0.9939998815059662,0.13051427083333333,27.633279006772895,1.0,1.0,0.004339882270217592,-47.25044103027535,0.0043368367839324105,0.0,0.0,0.0,0.0,0.5000000000000003,-0.8660254037844385,0.3333333333333333,0.0,1.589136501000289,9.345541452809734,5.710454282091271,25.23092325905812,-0.9886658719473977,1.7754501079542715
control,C:\Users\hoytb\Desktop\PRAYCGStimulus\Field of dreams\1.8prep\Fieldofdreams1_8_MediaPrep_v1_7A_20260817_210857\stimulus_control_cued_phase_scrambled_Fieldofdreams1_8_v1_7A.mp4,1.5,116.8095263244629,29.225948674011228,31.945017169189452,67.13427850952148,0.0896250343799591,0.01990598611111108,1.3470054201541755,0.0,0.0,0.008905123549883397,-41.0072010139762,0.004565241279665805,0.0,0.0,0.0,0.0,1.2246467991473532e-16,-1.0,0.3333333333333333,0.0,1.6543296892607477,0.8698701282809215,0.9837406531875454,0.5875247262617613,-0.7135298059990649,1.8694482072634784
control,C:\Users\hoytb\Desktop\PRAYCGStimulus\Field of dreams\1.8prep\Fieldofdreams1_8_MediaPrep_v1_7A_20260817_210857\stimulus_control_cued_phase_scrambled_Fieldofdreams1_8_v1_7A.mp4,1.75,117.27867511596679,29.19294242706299,32.77570689163208,67.00049611816407,0.10326801089644431,0.06411811111111113,1.7004502642558108,0.0,0.0,0.009215933655472392,-40.709213206046726,0.0003108101055889958,0.0,0.0,0.0,0.0,-0.4999999999999997,-0.8660254037844388,0.3333333333333333,0.0,1.6761632038122687,0.9542260319341133,0.9770008416574981,0.9592835257659261,-0.6947980316042179,0.11857004385004105
control,C:\Users\hoytb\Desktop\PRAYCGStimulus\Field of dreams\1.8prep\Fieldofdreams1_8_MediaPrep_v1_7A_20260817_210857\stimulus_control_cued_phase_scrambled_Fieldofdreams1_8_v1_7A.mp4,2.0,116.974855078125,30.08029995117187,31.376612692260743,64.81077348632813,0.11602458640336989,0.07374611111111107,1.8120438575205322,0.0,0.0,0.009571581533714554,-40.38032593610099,0.0003556478782421619,0.0,0.0,0.0,0.0,-0.8660254037844385,-0.5000000000000004,0.3333333333333333,0.0,1.6620238532748877,0.8121490899721172,0.8666849944678257,1.3068886975925096,-0.6733639929438159,0.13702268154056851
control,C:\Users\hoytb\Desktop\PRAYCGStimulus\Field of dreams\1.8prep\Fieldofdreams1_8_MediaPrep_v1_7A_20260817_210857\stimulus_control_cued_phase_scrambled_Fieldofdreams1_8_v1_7A.mp4,2.25,116.98552884216309,34.86513932189941,42.66884174575806,83.40659128723144,0.10320540420711041,0.04900494444444444,2.6944644428024267,0.0,1.0,0.009680001914701265,-40.28249113486848,0.00010842038098671063,0.0,0.0,0.0,0.0,-1.0,-1.8369701987210297e-16,0.3333333333333333,0.0,1.6625205950051563,1.9588662821212943,1.8035220920373327,0.9575775499739442,-0.6668297584388027,0.03527812189709167
control,C:\Users\hoytb\Desktop\PRAYCGStimulus\Field of dreams\1.8prep\Fieldofdreams1_8_MediaPrep_v1_7A_20260817_210857\stimulus_control_cued_phase_scrambled_Fieldofdreams1_8_v1_7A.mp4,2.5,117.13437545776367,29.410874938964845,43.12913681030273,81.77443911743164,0.13897619032859804,0.09912458333333332,3.4483665291459964,0.0,0.0,0.00924545414364762,-40.68143502125841,-0.00043454777105364495,0.0,0.0,0.0,0.0,-0.866025403784439,0.49999999999999933,0.3333333333333333,0.0,1.6694477038595608,2.0056088925903337,1.7212960389581968,1.9322991944608332,-0.6930189030798213,-0.18817621122952116
control,C:\Users\hoytb\Desktop\PRAYCGStimulus\Field of dreams\1.8prep\Fieldofdreams1_8_MediaPrep_v1_7A_20260817_210857\stimulus_control_cued_phase_scrambled_Fieldofdreams1_8_v1_7A.mp4,2.75,116.06812524108886,33.67353161773682,31.814589704132082,65.62022307739258,0.1040083085179329,0.013456465277777774,1.6184056822996973,0.0,0.0,0.01020761270713157,-39.821516321659196,0.0009621585634839499,0.0,0.0,0.0,0.0,-0.5000000000000004,0.8660254037844384,0.3333333333333333,0.0,1.6198259419730907,0.8566253193241459,0.9074641854472516,0.9794559679531452,-0.6350319302653522,0.38662745153598393
control,C:\Users\hoytb\Desktop\PRAYCGStimulus\Field of dreams\1.8prep\Fieldofdreams1_8_MediaPrep_v1_7A_20260817_210857\stimulus_control_cued_phase_scrambled_Fieldofdreams1_8_v1_7A.mp4,3.0,115.80493464355469,32.51108977661132,28.8500539855957,60.664156933593745,0.07940902777910233,0.0741194999999999,0.833564184534677,0.0,0.0,0.019682176511941825,-34.11853755377,0.009474563804810255,0.0,0.0,0.0,0.0,-2.4492935982947064e-16,1.0,0.3333333333333333,0.0,1.6075774275462167,0.5555789927679972,0.6577829575910902,0.30914776467482097,-0.06402285272919406,3.889841828578634
control,C:\Users\hoytb\Desktop\PRAYCGStimulus\Field of dreams\1.8prep\Fieldofdreams1_8_MediaPrep_v1_7A_20260817_210857\stimulus_control_cued_phase_scrambled_Fieldofdreams1_8_v1_7A.mp4,3.25,115.9951127532959,34.06957900543213,33.081857025146476,68.2379254486084,0.04994433705285198,0.09819360416666681,0.6764321131488136,0.0,0.0,0.027389950220558658,-31.24817514062507,0.007707773708616833,0.0,0.0,0.0,0.0,0.4999999999999993,0.866025403784439,0.3333333333333333,0.0,1.6164280450935946,0.9853153429830237,1.0393411869325808,-0.49373847051854575,0.4005060528632985,3.162733063108606
control,C:\Users\hoytb\Desktop\PRAYCGStimulus\Field of dreams\1.8prep\Fieldofdreams1_8_MediaPrep_v1_7A_20260817_210857\stimulus_control_cued_phase_scrambled_Fieldofdreams1_8_v1_7A.mp4,3.5,115.86744865112304,31.867858532714845,28.22902998199463,58.83060492553711,0.07468268081992865,0.020795083333333332,0.6775952023959773,0.0,0.0,0.02972559447179637,-30.537389026078774,0.0023356442512377125,0.0,0.0,0.0,0.0,0.8660254037844384,0.5000000000000004,0.3333333333333333,0.0,1.6104867401537206,0.4925144819178471,0.5654105994694119,0.18035907479769214,0.5412696908341323,0.9518748371564085
control,C:\Users\hoytb\Desktop\PRAYCGStimulus\Field of dreams\1.8prep\Fieldofdreams1_8_MediaPrep_v1_7A_20260817_210857\stimulus_control_cued_phase_scrambled_Fieldofdreams1_8_v1_7A.mp4,3.75,115.11567582702637,32.50501523590088,27.190893600463866,54.388581207275394,0.08864587037265301,0.012993020833333334,0.8493697869342265,0.0,0.0,0.024888843072066843,-32.079905811227626,-0.0048367513997295275,0.0,0.0,0.0,0.0,1.0,1.1943401194869635e-15,0.3333333333333333,0.0,1.5755003068694384,0.3870925292761613,0.3416262705355658,0.5608433905991256,0.2497703657011808,-1.9998689825952578
control,C:\Users\hoytb\Desktop\PRAYCGStimulus\Field of dreams\1.8prep\Fieldofdreams1_8_MediaPrep_v1_7A_20260817_210857\stimulus_control_cued_phase_scrambled_Fieldofdreams1_8_v1_7A.mp4,4.0,115.65287371826172,33.28949075317383,37.866481213378904,77.36535114746094,0.07334574658870693,0.09890991666666674,1.620679540594238,0.0,0.0,0.013402094109600166,-37.45654673476102,-0.011486748962466677,0.0,0.0,0.0,0.0,0.8660254037844392,-0.4999999999999992,0.3333333333333333,0.0,1.6005007293105478,1.471190256485568,1.4991709772405384,0.14392882336286414,-0.4425082514545221,-4.736623919493632
control,C:\Users\hoytb\Desktop\PRAYCGStimulus\Field of dreams\1.8prep\Fieldofdreams1_8_MediaPrep_v1_7A_20260817_210857\stimulus_control_cued_phase_scrambled_Fieldofdreams1_8_v1_7A.mp4,4.25,116.10489471130371,31.877111605072034,37.523310520935055,75.63314845581056,0.1297485053241252,0.01836145138888891,2.7018820230957634,0.0,0.0,0.010978643875538256,-39.18902604527739,-0.0024234502340619093,0.0,1.0,0.0,0.0,0.5000000000000013,-0.8660254037844379,0.3333333333333333,0.0,1.6215371405896621,1.4363415360953964,1.4119044875694573,1.6808531045756636,-0.5885637439410377,-1.0066935991376755
control,C:\Users\hoytb\Desktop\PRAYCGStimulus\Field of dreams\1.8prep\Fieldofdreams1_8_MediaPrep_v1_7A_20260817_210857\stimulus_control_cued_phase_scrambled_Fieldofdreams1_8_v1_7A.mp4,4.5,115.92739264526367,29.633303305053712,31.404147651672364,62.72545688171387,0.10417114782333375,0.032685930555555555,1.5803362661020854,0.0,0.0,0.011213088550295135,-39.00549496302106,0.00023444467475687916,1.0,0.0,8.0,1.0,3.6739403974420594e-16,-1.0,0.3333333333333333,0.0,1.6132764480077049,0.814945243963756,0.7616290094986985,0.9838931920892979,-0.5744343296245471,0.08714244288229807
control,C:\Users\hoytb\Desktop\PRAYCGStimulus\Field of dreams\1.8prep\Fieldofdreams1_8_MediaPrep_v1_7A_20260817_210857\stimulus_control_cued_phase_scrambled_Fieldofdreams1_8_v1_7A.mp4,4.75,116.14002995910644,30.405627625274658,31.430859999847403,63.652571192932115,0.08934291451275345,0.028696708333333362,1.2897003133616185,0.0,0.0,0.009656233550471148,-40.30384477352374,-0.0015568549998239874,1.0,0.0,8.0,1.0,-0.49999999999999917,-0.8660254037844392,0.3333333333333333,0.0,1.6231722848297507,0.8176578624157794,0.808336021243816,0.5798372144477583,-0.6682622203455653,-0.6500530495406832
control,C:\Users\hoytb\Desktop\PRAYCGStimulus\Field of dreams\1.8prep\Fieldofdreams1_8_MediaPrep_v1_7A_20260817_210857\stimulus_control_cued_phase_scrambled_Fieldofdreams1_8_v1_7A.mp4,5.0,116.76449841308593,31.80782049560547,40.496751678466794,81.6164013671875,0.05397888797521591,0.1313173611111111,1.5021820269708792,0.0,0.0,0.01065290916407183,-39.450635521859724,0.0009966756136006814,1.0,0.0,8.0,1.0,-0.8660254037844378,-0.5000000000000013,0.3333333333333333,0.0,1.652234154590133,1.7382922031454575,1.7133342687994284,-0.38380059841093883,-0.6081949882861885,0.400832675887262
control,C:\Users\hoytb\Desktop\PRAYCGStimulus\Field of dreams\1.8prep\Fieldofdreams1_8_MediaPrep_v1_7A_20260817_210857\stimulus_control_cued_phase_scrambled_Fieldofdreams1_8_v1_7A.mp4,5.25,116.587075881958,35.00104884033205,36.8953298812866,77.29408002319333,0.13169443515539161,0.05328522916666679,2.6772001813922577,0.0,0.0,0.011509245974933826,-38.7790625616664,0.0008563368108619965,0.0,0.0,0.0,0.0,-1.0,-4.286263797015736e-16,0.3333333333333333,0.0,1.6439771634493656,1.3725705841947444,1.4955804154317354,1.733877936592109,-0.5565856369213995,0.34307732972207966
control,C:\Users\hoytb\Desktop\PRAYCGStimulus\Field of dreams\1.8prep\Fieldofdreams1_8_MediaPrep_v1_7A_20260817_210857\stimulus_control_cued_phase_scrambled_Fieldofdreams1_8_v1_7A.mp4,5.5,117.16931669311523,30.65900727233887,40.212443359375,80.61132974243164,0.13250648696422576,0.05268904166666666,3.026966412587393,0.0,0.0,0.010288985848431959,-39.75254860135221,-0.001220260126501867,0.0,0.0,0.0,0.0,-0.8660254037844392,0.4999999999999991,0.3333333333333333,0.0,1.67107381903733,1.7094209115847696,1.662699852294228,1.7560056156379968,-0.6301277675717024,-0.5115300391773775
control,C:\Users\hoytb\Desktop\PRAYCGStimulus\Field of dreams\1.8prep\Fieldofdreams1_8_MediaPrep_v1_7A_20260817_210857\stimulus_control_cued_phase_scrambled_Fieldofdreams1_8_v1_7A.mp4,5.75,118.27034452514648,33.986114324951174,35.85293802032471,73.05956388549805,0.05888273880779745,0.0805331666666667,1.1320178805748475,0.0,0.0,0.009291719011113224,-40.63807864065999,-0.0009972668373187353,0.0,0.0,0.0,0.0,-0.5000000000000014,0.8660254037844378,0.3333333333333333,0.0,1.7223140814607367,1.2667164908834534,1.2822500929622938,-0.2501750881518567,-0.690230631256642,-0.41975887996871886
control,C:\Users\hoytb\Desktop\PRAYCGStimulus\Field of dreams\1.8prep\Fieldofdreams1_8_MediaPrep_v1_7A_20260817_210857\stimulus_control_cued_phase_scrambled_Fieldofdreams1_8_v1_7A.mp4,6.0,117.94369681396485,30.340825482177735,38.11059930419922,77.62928347167968,0.10306544622182846,0.016353250000000003,2.2331351860607374,0.0,0.0,0.010021095370867712,-39.981696092414396,0.0007293763597544887,0.0,0.0,0.0,0.0,-4.898587196589413e-16,1.0,0.3333333333333333,0.0,1.7071123636167167,1.4959802612164401,1.5124676009880484,0.9537638211643572,-0.6462728796450434,0.29082774044308723
control,C:\Users\hoytb\Desktop\PRAYCGStimulus\Field of dreams\1.8prep\Fieldofdreams1_8_MediaPrep_v1_7A_20260817_210857\stimulus_control_cued_phase_scrambled_Fieldofdreams1_8_v1_7A.mp4,6.25,117.86347549438477,31.997578487396233,32.52849678039552,68.4798334503174,0.07983854494988928,0.11227152777777755,1.2121131931344402,0.0,0.0,0.011343135183407684,-38.90533784166301,0.0013220398125399716,0.0,0.0,0.0,0.0,0.49999999999999906,0.8660254037844392,0.3333333333333333,0.0,1.7033789780040645,0.9291220349034934,1.051528249240155,0.32085172000929196,-0.566596733135664,0.5347337892841487
control,C:\Users\hoytb\Desktop\PRAYCGStimulus\Field of dreams\1.8prep\Fieldofdreams1_8_MediaPrep_v1_7A_20260817_210857\stimulus_control_cued_phase_scrambled_Fieldofdreams1_8_v1_7A.mp4,6.5,118.17470677490235,35.39858121032715,36.421478140258785,75.43895646972655,0.05917092447280882,0.09267259722222229,1.194913920095093,0.0,0.0,0.011484643153194737,-38.797649889347355,0.00014150796978705353,0.0,0.0,0.0,0.0,0.8660254037844378,0.5000000000000014,0.3333333333333333,0.0,1.7178632371882054,1.3244513036353294,1.4021213062884834,-0.2423222888210449,-0.5580683895668449,0.04889506252678571
control,C:\Users\hoytb\Desktop\PRAYCGStimulus\Field of dreams\1.8prep\Fieldofdreams1_8_MediaPrep_v1_7A_20260817_210857\stimulus_control_cued_phase_scrambled_Fieldofdreams1_8_v1_7A.mp4,6.75,118.48329524230957,34.673388731384264,36.335300988006615,75.42029347381597,0.08515887219905849,0.01829927777777781,1.7003224757354636,0.0,0.0,0.010640451792905743,-39.46079862985214,-0.0008441913602889942,0.0,0.0,0.0,0.0,1.0,2.3274478990165594e-15,0.3333333333333333,0.0,1.7322245036255957,1.315700079976134,1.4011810848307336,0.4658258368180772,-0.6089457639593082,-0.3567618542514966
control,C:\Users\hoytb\Desktop\PRAYCGStimulus\Field of dreams\1.8prep\Fieldofdreams1_8_MediaPrep_v1_7A_20260817_210857\stimulus_control_cued_phase_scrambled_Fieldofdreams1_8_v1_7A.mp4,7.0,117.98645496826173,32.43109188232422,30.9627288482666,61.40464486694336,0.1458541655063629,0.025093277777777777,2.3604778613186346,0.0,0.0,0.009552885471203592,-40.39730857800265,-0.001087566321702151,0.0,0.0,0.0,0.0,0.8660254037844393,-0.499999999999999,0.3333333333333333,0.0,1.7091022670352984,0.7701195033234226,0.6950879351775449,2.1197178117996285,-0.6744907594765952,-0.45692093263930245
control,C:\Users\hoytb\Desktop\PRAYCGStimulus\Field of dreams\1.8prep\Fieldofdreams1_8_MediaPrep_v1_7A_20260817_210857\stimulus_control_cued_phase_scrambled_Fieldofdreams1_8_v1_7A.mp4,7.25,117.70451494445801,32.68192616500854,37.8556662033081,77.92587267150877,0.12936005786657342,0.030762826388888897,2.7276330794863766,0.0,0.0,0.010300647793108467,-39.74270924461464,0.0007477623219048751,0.0,1.0,0.0,0.0,0.5000000000000016,-0.8660254037844377,0.3333333333333333,0.0,1.6959811810944356,1.4700920005147842,1.5274094426490723,1.670268261868106,-0.6294249303319943,0.29839434061248427
control,C:\Users\hoytb\Desktop\PRAYCGStimulus\Field of dreams\1.8prep\Fieldofdreams1_8_MediaPrep_v1_7A_20260817_210857\stimulus_control_cued_phase_scrambled_Fieldofdreams1_8_v1_7A.mp4,7.5,117.78127554321289,30.35681093597412,44.116939559936526,82.76562045288085,0.07551583352684975,0.04962180555555555,2.2924050691883595,0.0,0.0,0.010771038046991881,-39.35484879979611,0.00047039025388341364,1.0,0.0,9.0,2.0,2.388680238973927e-15,-1.0,0.3333333333333333,0.0,1.6995535097037144,2.1059195035503975,1.7712306777790936,0.2030617342763164,-0.6010756458176403,0.18424401659296688
control,C:\Users\hoytb\Desktop\PRAYCGStimulus\Field of dreams\1.8prep\Fieldofdreams1_8_MediaPrep_v1_7A_20260817_210857\stimulus_control_cued_phase_scrambled_Fieldofdreams1_8_v1_7A.mp4,7.75,117.15033902893066,32.977188035583495,36.17761364440916,73.36863000793454,0.03773835215270516,0.09509077083333345,0.7464147718269394,0.0,0.0,0.010245301658314852,-39.789504996993855,-0.0005257363886770287,1.0,0.0,9.0,2.0,-0.49999999999999895,-0.8660254037844393,0.3333333333333333,0.0,1.6701906256568257,1.2996870512790648,1.2978205084288508,-0.8263405451289892,-0.6327605082039434,-0.22570417979121396
control,C:\Users\hoytb\Desktop\PRAYCGStimulus\Field of dreams\1.8prep\Fieldofdreams1_8_MediaPrep_v1_7A_20260817_210857\stimulus_control_cued_phase_scrambled_Fieldofdreams1_8_v1_7A.mp4,8.0,116.69924869384765,34.0933415222168,40.624600518798836,82.67226987304689,0.04707161467671395,0.05972122222222219,1.3784081220531401,0.0,0.0,0.009978838637154671,-40.01840000068518,-0.000266463021160181,1.0,0.0,9.0,2.0,-0.8660254037844377,-0.5000000000000016,0.3333333333333333,0.0,1.6491975258696263,1.751275154740801,1.7665277769868608,-0.5720175631030251,-0.648819590927406,-0.11900223563802839
control,C:\Users\hoytb\Desktop\PRAYCGStimulus\Field of dreams\1.8prep\Fieldofdreams1_8_MediaPrep_v1_7A_20260817_210857\stimulus_control_cued_phase_scrambled_Fieldofdreams1_8_v1_7A.mp4,8.25,116.88377782592774,33.554060769653326,40.50320362548827,84.24845178222654,0.045761127343773814,0.09476074305555537,1.3402722796254254,0.0,0.0,0.009845152668828173,-40.13555089645969,-0.00013368596832649855,0.0,0.0,0.0,0.0,-1.0,-2.4499125789312946e-15,0.3333333333333333,0.0,1.6577852480665334,1.7389473934127917,1.845934109144283,-0.6077271604237096,-0.6568765213599064,-0.06435886901702925
control,C:\Users\hoytb\Desktop\PRAYCGStimulus\Field of dreams\1.8prep\Fieldofdreams1_8_MediaPrep_v1_7A_20260817_210857\stimulus_control_cued_phase_scrambled_Fieldofdreams1_8_v1_7A.mp4,8.5,116.88296535644531,35.625126831054686,37.96841123962403,78.09619490356447,0.09201630154848092,0.044227569444444545,2.0002634624914313,0.0,0.0,0.010995984316311588,-39.17531776454864,0.0011508316474834156,0.0,0.0,0.0,0.0,-0.8660254037844402,0.49999999999999734,0.3333333333333333,0.0,1.657747436897479,1.481541172406398,1.535990091655155,0.6526845988738136,-0.5875186774562858,0.4642743963993514
control,C:\Users\hoytb\Desktop\PRAYCGStimulus\Field of dreams\1.8prep\Fieldofdreams1_8_MediaPrep_v1_7A_20260817_210857\stimulus_control_cued_phase_scrambled_Fieldofdreams1_8_v1_7A.mp4,8.75,116.41382202148438,29.77823696136476,33.0716303100586,67.95496934509279,0.1275661784112453,0.03669798611111109,2.210872043884122,0.0,0.0,0.012529777225943981,-38.041133009437054,0.0015337929096323928,0.0,0.0,0.0,0.0,-0.5000000000000032,0.8660254037844368,0.3333333333333333,0.0,1.6359141762856726,0.9842768279161649,1.0250861658522896,1.621386665395214,-0.4950806832115226,0.6218791345875047
control,C:\Users\hoytb\Desktop\PRAYCGStimulus\Field of dreams\1.8prep\Fieldofdreams1_8_MediaPrep_v1_7A_20260817_210857\stimulus_control_cued_phase_scrambled_Fieldofdreams1_8_v1_7A.mp4,9.0,116.63189169921874,33.30884411621093,31.220901617431608,64.39703162231439,0.06935642037391627,0.033426250000000116,0.8732175831261686,0.0,0.0,0.012697246944341056,-37.92580867703536,0.00016746971839707442,0.0,0.0,0.0,0.0,-7.347880794884119e-16,1.0,0.3333333333333333,0.0,1.6460628275627998,0.7963367498514308,0.8458411288645176,0.035223283728676925,-0.4849876877568291,0.05957941887559382
control,C:\Users\hoytb\Desktop\PRAYCGStimulus\Field of dreams\1.8prep\Fieldofdreams1_8_MediaPrep_v1_7A_20260817_210857\stimulus_control_cued_phase_scrambled_Fieldofdreams1_8_v1_7A.mp4,9.25,117.26625748901367,35.138254603576655,39.20224660797119,81.22949161376953,0.13862127487659454,0.04552999305555561,3.046299355961166,0.0,0.0,0.01176028194123311,-38.591645326271966,-0.0009369650031079459,0.0,0.0,0.0,0.0,0.49999999999999883,0.8660254037844393,0.3333333333333333,0.0,1.6755853051931393,1.6068362069352276,1.693842175776457,1.9226280686472785,-0.5414563055349587,-0.39494212764310177
control,C:\Users\hoytb\Desktop\PRAYCGStimulus\Field of dreams\1.8prep\Fieldofdreams1_8_MediaPrep_v1_7A_20260817_210857\stimulus_control_cued_phase_scrambled_Fieldofdreams1_8_v1_7A.mp4,9.5,117.50522671508789,34.62506716308593,39.3940994140625,79.12346826782228,0.11111646629571918,0.05594668055555582,2.5215161736546507,0.0,0.0,0.011239285344517833,-38.98522605356937,-0.0005209965967152771,0.0,0.0,0.0,0.0,0.8660254037844377,0.5000000000000017,0.3333333333333333,0.0,1.6867065915938393,1.6263187121221758,1.5877430076756056,1.1731468534401197,-0.5728555121072793,-0.22375355515882603
control,C:\Users\hoytb\Desktop\PRAYCGStimulus\Field of dreams\1.8prep\Fieldofdreams1_8_MediaPrep_v1_7A_20260817_210857\stimulus_control_cued_phase_scrambled_Fieldofdreams1_8_v1_7A.mp4,9.75,117.29497931518554,35.60821493988037,49.089186553955,95.79995147705064,0.09148195962011824,0.006678187500000003,3.108447092141401,0.0,1.0,0.012104691591901803,-38.34092542342421,0.0008654062473839701,0.0,0.0,0.0,0.0,1.0,2.57237725884603e-15,0.3333333333333333,0.0,1.6769219779524567,2.6108473689559584,2.427886113758373,0.638124263482719,-0.5206995677078267,0.34680978600379014
control,C:\Users\hoytb\Desktop\PRAYCGStimulus\Field of dreams\1.8prep\Fieldofdreams1_8_MediaPrep_v1_7A_20260817_210857\stimulus_control_cued_phase_scrambled_Fieldofdreams1_8_v1_7A.mp4,10.0,117.8062173461914,33.870150848388676,41.250998748779296,85.38401336669922,0.07344125103950501,0.09153180555555554,1.9630523318070248,0.0,0.0,0.01934131332061031,-34.270280792275244,0.007236621728708509,0.0,0.0,0.0,0.0,0.8660254037844403,-0.4999999999999972,0.3333333333333333,0.0,1.7007142655835856,1.8148854141543702,1.9031424680505067,0.1465312334698592,-0.08456585401748781,2.9688341188039082
control,C:\Users\hoytb\Desktop\PRAYCGStimulus\Field of dreams\1.8prep\Fieldofdreams1_8_MediaPrep_v1_7A_20260817_210857\stimulus_control_cued_phase_scrambled_Fieldofdreams1_8_v1_7A.mp4,10.25,118.9636713043213,32.50457933959961,35.874472860717766,74.2256487976074,0.029576523184776268,0.03021524305555536,0.5544663003912003,0.0,0.0,0.024384827466093887,-32.257606257551764,0.0050435141454835755,0.0,1.0,0.0,0.0,0.5000000000000033,-0.8660254037844367,0.3333333333333333,0.0,1.7545805193077724,1.268903337394618,1.3409961839530893,-1.0487430197802654,0.2193945624283874,2.066277696953181
control,C:\Users\hoytb\Desktop\PRAYCGStimulus\Field of dreams\1.8prep\Fieldofdreams1_8_MediaPrep_v1_7A_20260817_210857\stimulus_control_cued_phase_scrambled_Fieldofdreams1_8_v1_7A.mp4,10.5,119.1268876159668,32.39953396148682,38.029212756347654,80.09950955200195,0.052980836626887226,0.08702134722222223,1.234203944670675,0.0,0.0,0.018567377660555377,-34.624988578446796,-0.00581744980553851,1.0,0.0,1.0,3.0,8.572527594031472e-16,-1.0,0.3333333333333333,0.0,1.7621763732881999,1.487715519756723,1.6369149071623,-0.4109965970736832,-0.13120908703850984,-2.4034678077655616
control,C:\Users\hoytb\Desktop\PRAYCGStimulus\Field of dreams\1.8prep\Fieldofdreams1_8_MediaPrep_v1_7A_20260817_210857\stimulus_control_cued_phase_scrambled_Fieldofdreams1_8_v1_7A.mp4,10.75,119.7259517364502,32.51311706008911,36.640566639709476,77.40371964111328,0.07668629067540168,0.0520512013888889,1.5634327713951843,0.0,0.0,0.012094427460293768,-38.34829371807367,-0.006472950200261609,1.0,0.0,1.0,3.0,-0.4999999999999987,-0.8660254037844394,0.3333333333333333,0.0,1.7900559616591738,1.3466995725760365,1.5011039402656778,0.2349556354269163,-0.5213181621298979,-2.673233912861529
control,C:\Users\hoytb\Desktop\PRAYCGStimulus\Field of dreams\1.8prep\Fieldofdreams1_8_MediaPrep_v1_7A_20260817_210857\stimulus_control_cued_phase_scrambled_Fieldofdreams1_8_v1_7A.mp4,11.0,120.28982878417969,33.15217700805664,36.945878497314446,74.68591685791016,0.06043294059038169,0.10042088888888856,1.2726332152527655,0.0,0.0,0.009892691312637761,-40.093710844177714,-0.0022017361476560065,1.0,0.0,1.0,3.0,-0.8660254037844376,-0.5000000000000018,0.3333333333333333,0.0,1.8162979939308657,1.3777037573498292,1.3641839887775176,-0.2079334883817206,-0.6540114821129015,-0.9154488859138232
control,C:\Users\hoytb\Desktop\PRAYCGStimulus\Field of dreams\1.8prep\Fieldofdreams1_8_MediaPrep_v1_7A_20260817_210857\stimulus_control_cued_phase_scrambled_Fieldofdreams1_8_v1_7A.mp4,11.25,119.82255741882324,35.67354950714112,35.999607757568356,73.97153076171875,0.05760902707278729,0.07717392361111103,1.1215771023568024,0.0,0.0,0.010362389364975324,-39.6908018632178,0.0004696980523375624,0.0,0.0,0.0,0.0,-1.0,-2.6948419387607653e-15,0.3333333333333333,0.0,1.7945518521102393,1.2816106901127193,1.328193993389014,-0.28488258361295227,-0.6257039149139096,0.1839591464136826
control,C:\Users\hoytb\Desktop\PRAYCGStimulus\Field of dreams\1.8prep\Fieldofdreams1_8_MediaPrep_v1_7A_20260817_210857\stimulus_control_cued_phase_scrambled_Fieldofdreams1_8_v1_7A.mp4,11.5,120.01267201538086,32.16263593902588,40.075097439575195,80.45535893554687,0.08695456288456917,0.015105708333333292,2.112068508051419,0.0,0.0,0.01079393234300282,-39.33640616810338,0.00043154297802749583,0.0,0.0,0.0,0.0,-0.8660254037844403,0.4999999999999971,0.3333333333333333,0.0,1.803399513844785,1.6954735388597006,1.6548422124962943,0.5147567876791026,-0.5996958618913968,0.16825672141266965
control,C:\Users\hoytb\Desktop\PRAYCGStimulus\Field of dreams\1.8prep\Fieldofdreams1_8_MediaPrep_v1_7A_20260817_210857\stimulus_control_cued_phase_scrambled_Fieldofdreams1_8_v1_7A.mp4,11.75,120.85699717102051,31.722980973052973,36.59718063354494,77.08678308410649,0.06571221703141944,0.06115893055555558,1.34198557756931,0.0,0.0,0.010107662520695278,-39.906985337836794,-0.0006862698223075413,0.0,0.0,0.0,0.0,-0.5000000000000034,0.8660254037844367,0.3333333333333333,0.0,1.8426932004229382,1.3422937569543494,1.4851370208562233,-0.06407796905283196,-0.6410556866020374,-0.2917704697230135
control,C:\Users\hoytb\Desktop\PRAYCGStimulus\Field of dreams\1.8prep\Fieldofdreams1_8_MediaPrep_v1_7A_20260817_210857\stimulus_control_cued_phase_scrambled_Fieldofdreams1_8_v1_7A.mp4,12.0,121.10592093505859,31.37961558532715,36.82148567504882,75.63499681396482,0.06379996631145467,0.04978605555555558,1.3267237410640709,0.0,0.0,0.009555394596654613,-40.39502747402038,-0.0005522679240406655,0.0,0.0,0.0,0.0,-9.797174393178826e-16,1.0,0.3333333333333333,0.0,1.854277756799867,1.3650717617361932,1.411997605845139,-0.11618507567623498,-0.6743395405457056,-0.23662302746069197
control,C:\Users\hoytb\Desktop\PRAYCGStimulus\Field of dreams\1.8prep\Fieldofdreams1_8_MediaPrep_v1_7A_20260817_210857\stimulus_control_cued_phase_scrambled_Fieldofdreams1_8_v1_7A.mp4,12.25,120.4585913848877,33.03044392471313,36.546956692504885,73.61328143310548,0.09949607219994067,0.026978611111111137,2.0052250065052686,0.0,0.0,0.009415293685286309,-40.52332257434985,-0.00014010091136830438,0.0,0.0,0.0,0.0,0.4999999999999986,0.8660254037844395,0.3333333333333333,0.0,1.8241519642810806,1.3371935542950457,1.3101457814298725,0.8565015998481385,-0.6827830841019561,-0.06699888908830846
control,C:\Users\hoytb\Desktop\PRAYCGStimulus\Field of dreams\1.8prep\Fieldofdreams1_8_MediaPrep_v1_7A_20260817_210857\stimulus_control_cued_phase_scrambled_Fieldofdreams1_8_v1_7A.mp4,12.5,120.862744140625,32.47375045776368,35.24922149658203,70.46854202270508,0.09567881971597675,0.01562951388888891,1.799161817438485,0.0,0.0,0.0096429228731858,-40.315826135785464,0.00022762918789949113,0.0,0.0,0.0,0.0,0.8660254037844375,0.5000000000000019,0.3333333333333333,0.0,1.8429606561784662,1.205409541327214,1.151717226504536,0.7524849141103905,-0.6690644227175868,0.08433758210928971
control,C:\Users\hoytb\Desktop\PRAYCGStimulus\Field of dreams\1.8prep\Fieldofdreams1_8_MediaPrep_v1_7A_20260817_210857\stimulus_control_cued_phase_scrambled_Fieldofdreams1_8_v1_7A.mp4,12.75,122.37341920471191,32.93421305389404,37.2614836227417,74.83944531555176,0.07560701973736289,0.07556324305555547,1.604547733692855,0.0,0.0,0.00930791027765138,-40.622956232833815,-0.0003350125955344195,0.0,0.0,0.0,0.0,1.0,2.8173066186755008e-15,0.3333333333333333,0.0,1.913265315577951,1.409753215569572,1.3719185856740463,0.20554647623205738,-0.6892548227275569,-0.1472132814799402
control,C:\Users\hoytb\Desktop\PRAYCGStimulus\Field of dreams\1.8prep\Fieldofdreams1_8_MediaPrep_v1_7A_20260817_210857\stimulus_control_cued_phase_scrambled_Fieldofdreams1_8_v1_7A.mp4,13.0,122.40483745117187,33.67207983398437,38.61230128173828,77.11405717773438,0.11832559540271746,0.024514777777777778,2.5854736949734907,0.0,0.0,0.008763147217774672,-41.1467978440442,-0.000544763059876708,0.0,0.0,0.0,0.0,0.8660254037844404,-0.499999999999997,0.3333333333333333,0.0,1.91472747588549,1.5469277119149454,1.4865110600615308,1.3695891165378988,-0.7220863766338217,-0.23353445880217824
control,C:\Users\hoytb\Desktop\PRAYCGStimulus\Field of dreams\1.8prep\Fieldofdreams1_8_MediaPrep_v1_7A_20260817_210857\stimulus_control_cued_phase_scrambled_Fieldofdreams1_8_v1_7A.mp4,13.25,122.36390719909667,33.22193754043581,38.097413075256355,75.94274936523438,0.13127802476584946,0.03028684027777773,2.7898929661026526,0.0,0.0,0.008739284774093794,-41.170482173262215,-2.386244368087799e-05,0.0,1.0,0.0,0.0,0.5000000000000034,-0.8660254037844366,0.3333333333333333,0.0,1.9128226404250457,1.4946412097894133,1.4275018450234223,1.7225311292198175,-0.7235245084818609,-0.019161848954096866
control,C:\Users\hoytb\Desktop\PRAYCGStimulus\Field of dreams\1.8prep\Fieldofdreams1_8_MediaPrep_v1_7A_20260817_210857\stimulus_control_cued_phase_scrambled_Fieldofdreams1_8_v1_7A.mp4,13.5,122.93313351440429,32.92395031890869,38.25681106262207,76.27056486206054,0.0840584224522114,0.04273799999999999,1.8718585851474194,0.0,0.0,0.008962188925956396,-40.9517181040859,0.00022290415186260182,1.0,0.0,7.0,4.0,4.654895798033119e-15,-1.0,0.3333333333333333,0.0,1.939313619968098,1.5108279530480113,1.444016833601661,0.43583957419362684,-0.7100906136075213,0.08239303016337034
control,C:\Users\hoytb\Desktop\PRAYCGStimulus\Field of dreams\1.8prep\Fieldofdreams1_8_MediaPrep_v1_7A_20260817_210857\stimulus_control_cued_phase_scrambled_Fieldofdreams1_8_v1_7A.mp4,13.75,122.11100523376464,32.18382112121582,35.90448904418946,72.73313374328615,0.12361582764983167,0.042744583333333336,2.417715095044556,0.0,0.0,0.01079243599972429,-39.33761036071154,0.0018302470737678947,1.0,0.0,7.0,4.0,-0.4999999999999985,-0.8660254037844395,0.3333333333333333,0.0,1.9010529442429778,1.2719514577848994,1.2658048970444165,1.513743171696536,-0.5997860428868234,0.7438825473117605
control,C:\Users\hoytb\Desktop\PRAYCGStimulus\Field of dreams\1.8prep\Fieldofdreams1_8_MediaPrep_v1_7A_20260817_210857\stimulus_control_cued_phase_scrambled_Fieldofdreams1_8_v1_7A.mp4,14.0,122.24278323974609,29.870642187499985,39.13882292480468,81.3966982421875,0.07520466048717486,0.009855305555555522,1.7854494566210686,0.0,0.0,0.021577219209792456,-33.32009052505985,0.010784783210068165,1.0,0.0,7.0,4.0,-0.8660254037844375,-0.500000000000002,0.3333333333333333,0.0,1.9071857043891636,1.6003955805954762,1.7022658640561876,0.1945825497282952,0.05018679376048852,4.429052466166257
control,C:\Users\hoytb\Desktop\PRAYCGStimulus\Field of dreams\1.8prep\Fieldofdreams1_8_MediaPrep_v1_7A_20260817_210857\stimulus_control_cued_phase_scrambled_Fieldofdreams1_8_v1_7A.mp4,14.25,123.76219458007813,33.30881415405273,39.697105651855466,80.17975131530761,0.09589753157198427,0.02335436111111112,2.2509468560800086,0.0,0.0,0.0207906656093959,-33.64263213131703,-0.0007865536003965543,0.0,0.0,0.0,0.0,-1.0,-2.939771298590236e-15,0.3333333333333333,0.0,1.9778969376048416,1.6570887629739182,1.6409574000197793,0.7584446148346745,0.0027831079499442343,-0.3330414810559804
control,C:\Users\hoytb\Desktop\PRAYCGStimulus\Field of dreams\1.8prep\Fieldofdreams1_8_MediaPrep_v1_7A_20260817_210857\stimulus_control_cued_phase_scrambled_Fieldofdreams1_8_v1_7A.mp4,14.5,124.87879549560547,32.98116396484375,36.750496295166016,76.43253405151368,0.08575098988413808,0.025817652777777818,1.7538041776103046,0.0,0.0,0.010450944827477443,-39.616888898723204,-0.010339720781918459,0.0,0.0,0.0,0.0,-0.8660254037844404,0.49999999999999695,0.3333333333333333,0.0,2.029861949087143,1.3578628447025445,1.4521766653965067,0.4819605094464726,-0.6203668910681839,-4.264573365149546
control,C:\Users\hoytb\Desktop\PRAYCGStimulus\Field of dreams\1.8prep\Fieldofdreams1_8_MediaPrep_v1_7A_20260817_210857\stimulus_control_cued_phase_scrambled_Fieldofdreams1_8_v1_7A.mp4,14.75,124.5989980316162,31.63606983642579,32.932559317779564,68.88257919616703,0.06803173297047632,0.013382701388888918,1.019206739609507,0.0,0.0,0.009593171652621513,-40.36075568986945,-0.0008577731748559293,0.0,0.0,0.0,0.0,-0.5000000000000036,0.8660254037844366,0.3333333333333333,0.0,2.016840574819279,0.9701542754050443,1.0718181423569775,-0.0008732526998705365,-0.6720628086217788,-0.3623513447313696
control,C:\Users\hoytb\Desktop\PRAYCGStimulus\Field of dreams\1.8prep\Fieldofdreams1_8_MediaPrep_v1_7A_20260817_210857\stimulus_control_cued_phase_scrambled_Fieldofdreams1_8_v1_7A.mp4,15.0,125.34765856933593,34.96032614135742,42.469592636108395,85.1687769165039,0.10124666428565977,0.02752013888888888,2.6356732975917,0.0,0.0,0.009166274274402503,-40.75614303671511,-0.00042689737821901066,0.0,0.0,0.0,0.0,-4.777360477947854e-15,1.0,0.3333333333333333,0.0,2.051682166741652,1.9386326879856066,1.892299089531152,0.9042036545590038,-0.6977908825638935,-0.18502775137493144
control,C:\Users\hoytb\Desktop\PRAYCGStimulus\Field of dreams\1.8prep\Fieldofdreams1_8_MediaPrep_v1_7A_20260817_210857\stimulus_control_cued_phase_scrambled_Fieldofdreams1_8_v1_7A.mp4,15.25,127.72268616638183,33.51928095397949,36.0777067260742,74.53013109130853,0.1043210844099522,0.014060944444444433,2.053463804820487,0.0,0.0,0.009291073509135463,-40.63868207622389,0.0001247992347329606,0.0,0.0,0.0,0.0,0.4999999999999984,0.8660254037844396,0.3333333333333333,0.0,2.1622125582495126,1.2895415804135169,1.3563356711080137,0.987978828781238,-0.6902695341018243,0.04201871216466705
control,C:\Users\hoytb\Desktop\PRAYCGStimulus\Field of dreams\1.8prep\Fieldofdreams1_8_MediaPrep_v1_7A_20260817_210857\stimulus_control_cued_phase_scrambled_Fieldofdreams1_8_v1_7A.mp4,15.5,128.30397651367187,34.31328979797364,38.503871746826206,84.18783748779305,0.08016573942005645,0.019264069444444427,1.8197102488063714,0.0,0.0,0.009297596963301825,-40.63258567407915,6.523454166362103e-06,0.0,0.0,0.0,0.0,0.8660254037844374,0.5000000000000021,0.3333333333333333,0.0,2.189264980606888,1.5359167758781929,1.8428804268445167,0.32976747408148954,-0.6898763812746733,-0.0066567682888799395
control,C:\Users\hoytb\Desktop\PRAYCGStimulus\Field of dreams\1.8prep\Fieldofdreams1_8_MediaPrep_v1_7A_20260817_210857\stimulus_control_cued_phase_scrambled_Fieldofdreams1_8_v1_7A.mp4,15.75,129.4574274597168,33.54648348999024,33.190023835754396,67.62477590942383,0.05092275780886412,0.020505756944444446,0.7066682629022938,0.0,0.0,0.009715089173236453,-40.25106417364408,0.0004174922099346272,0.0,0.0,0.0,0.0,1.0,6.614949657305472e-15,0.3333333333333333,0.0,2.242944939867165,0.9962995995683636,1.0084513792986385,-0.4670773877830065,-0.6647151341096829,0.1624742367451798
control,C:\Users\hoytb\Desktop\PRAYCGStimulus\Field of dreams\1.8prep\Fieldofdreams1_8_MediaPrep_v1_7A_20260817_210857\stimulus_control_cued_phase_scrambled_Fieldofdreams1_8_v1_7A.mp4,16.0,131.76383742675782,33.18886552124024,36.74551994018554,74.42498249511716,0.06815522527694692,0.011985027777777806,1.405234685551867,0.0,0.0,0.010377377396331045,-39.67824777710908,0.0006622882230945919,0.0,0.0,0.0,0.0,0.8660254037844405,-0.49999999999999684,0.3333333333333333,0.0,2.3502819648986892,1.3573574996742672,1.3510383990695316,0.002491801219707618,-0.6248006224632147,0.26321813796141147
control,C:\Users\hoytb\Desktop\PRAYCGStimulus\Field of dreams\1.8prep\Fieldofdreams1_8_MediaPrep_v1_7A_20260817_210857\stimulus_control_cued_phase_scrambled_Fieldofdreams1_8_v1_7A.mp4,16.25,131.90153890991212,36.306839683532694,43.61371577453609,91.31511155700673,0.10656566828489283,0.02747638888888877,2.8559898114245836,0.0,0.0,0.010172489933001851,-39.85145462444977,-0.00020488746332919354,0.0,1.0,0.0,0.0,0.5000000000000007,-0.8660254037844383,0.3333333333333333,0.0,2.356690395210484,2.054817514431752,2.2019447510959735,1.0491417140010468,-0.6371486950335771,-0.09366129223219886
control,C:\Users\hoytb\Desktop\PRAYCGStimulus\Field of dreams\1.8prep\Fieldofdreams1_8_MediaPrep_v1_7A_20260817_210857\stimulus_control_cued_phase_scrambled_Fieldofdreams1_8_v1_7A.mp4,16.5,131.71235932617185,33.39267611694336,37.8596574401855,77.72659585571283,0.05235055705904929,0.014176236111111136,1.2046788113477143,0.0,0.0,0.010259392361213981,-39.77756721246102,8.69024282121305e-05,1.0,0.0,7.0,5.0,4.899825157862589e-15,-1.0,0.3333333333333333,0.0,2.3478862476367404,1.4704973075558985,1.5173700931715735,-0.4281711465723434,-0.6319112955720982,0.026422575269862636
control,C:\Users\hoytb\Desktop\PRAYCGStimulus\Field of dreams\1.8prep\Fieldofdreams1_8_MediaPrep_v1_7A_20260817_210857\stimulus_control_cued_phase_scrambled_Fieldofdreams1_8_v1_7A.mp4,16.75,133.5322139465332,34.6622343002319,42.20546926574706,84.56701529541014,0.09416692909598326,0.011757590277777777,2.4690553213430886,0.0,0.0,0.009967441971915148,-40.028325679483636,-0.00029195038929883364,1.0,0.0,7.0,5.0,-0.4999999999999983,-0.8660254037844396,0.3333333333333333,0.0,2.4325796819050924,1.911811162473961,1.8619829928383347,0.7112872589512518,-0.6495064404161502,-0.12949136438190323
control,C:\Users\hoytb\Desktop\PRAYCGStimulus\Field of dreams\1.8prep\Fieldofdreams1_8_MediaPrep_v1_7A_20260817_210857\stimulus_control_cued_phase_scrambled_Fieldofdreams1_8_v1_7A.mp4,17.0,133.36823393554687,37.30424737548828,42.2712439453125,84.987340234375,0.11545531139373778,0.019400277777777808,2.89678629480547,0.0,0.0,0.009387594716603944,-40.548913361672504,-0.0005798472553112041,1.0,0.0,7.0,5.0,-0.8660254037844356,-0.5000000000000053,0.3333333333333333,0.0,2.4249482864483296,1.918490530693332,1.8831585066055638,1.2913764672582542,-0.6844524340458543,-0.2479730874116817
control,C:\Users\hoytb\Desktop\PRAYCGStimulus\Field of dreams\1.8prep\Fieldofdreams1_8_MediaPrep_v1_7A_20260817_210857\stimulus_control_cued_phase_scrambled_Fieldofdreams1_8_v1_7A.mp4,17.25,131.60905149536134,37.15399026947021,36.71955716094971,73.5104643890381,0.08985548653006557,0.02059636111111112,1.8318843830549176,0.0,0.0,0.0117782658835749,-38.57837292136564,0.0023906711669709566,0.0,0.0,0.0,0.0,-1.0,-3.1847006584197066e-15,0.3333333333333333,0.0,2.3430784487717857,1.3547209993726308,1.3049659704543055,0.5938043394065334,-0.5403724567648617,0.974520737681109
control,C:\Users\hoytb\Desktop\PRAYCGStimulus\Field of dreams\1.8prep\Fieldofdreams1_8_MediaPrep_v1_7A_20260817_210857\stimulus_control_cued_phase_scrambled_Fieldofdreams1_8_v1_7A.mp4,17.5,130.72601763916015,33.23332337951662,42.12042878723141,91.33002618408193,0.06762250754237181,0.012160138888888916,1.9354143839038627,0.0,0.0,0.0234375437453652,-32.60175808626564,0.011659277861790298,0.0,0.0,0.0,0.0,-0.8660254037844423,0.4999999999999936,0.3333333333333333,0.0,2.301983314567024,1.903175367160166,2.202696133804175,-0.01202427635624664,0.16230406046103688,4.788943959781586
control,C:\Users\hoytb\Desktop\PRAYCGStimulus\Field of dreams\1.8prep\Fieldofdreams1_8_MediaPrep_v1_7A_20260817_210857\stimulus_control_cued_phase_scrambled_Fieldofdreams1_8_v1_7A.mp4,17.75,130.5242367980957,39.797769979858394,35.51871092681877,70.4446513641356,0.12933648582100896,0.009646104166666643,2.4920683204644285,0.0,0.0,0.03275423752378743,-29.694650118279426,0.00931669377842223,0.0,0.0,0.0,0.0,-0.5000000000000038,0.8660254037844365,0.3333333333333333,0.0,2.2925927224790077,1.232775986100068,1.1505136410815722,1.6696259448964161,0.7237986927946973,3.824871643247037
control,C:\Users\hoytb\Desktop\PRAYCGStimulus\Field of dreams\1.8prep\Fieldofdreams1_8_MediaPrep_v1_7A_20260817_210857\stimulus_control_cued_phase_scrambled_Fieldofdreams1_8_v1_7A.mp4,18.0,129.15868498535156,40.516156512451175,45.58472345581055,90.65254339599603,0.09335597159862523,0.009684611111111206,2.792967531327046,0.0,1.0,0.027517939320109635,-31.207681826593202,-0.005236298203677794,0.0,0.0,0.0,0.0,-1.4695761589768238e-15,1.0,0.3333333333333333,0.0,2.2290418918804016,2.2549718314640925,2.1685652869847973,0.6891893989056499,0.4082196467737836,-2.1642993719166808
control,C:\Users\hoytb\Desktop\PRAYCGStimulus\Field of dreams\1.8prep\Fieldofdreams1_8_MediaPrep_v1_7A_20260817_210857\stimulus_control_cued_phase_scrambled_Fieldofdreams1_8_v1_7A.mp4,18.25,129.11622634277344,37.61701175079348,50.105469699096645,99.72296369934078,0.11087364788651449,0.0027153611111111146,3.5942802659661837,0.0,1.0,0.02683862828448336,-31.424793692019787,-0.0006793110356262747,0.0,0.0,0.0,0.0,0.4999999999999951,0.8660254037844415,0.3333333333333333,0.0,2.2270659273093423,2.714050142217489,2.6255232074000125,1.1665302708934613,0.3672792113295516,-0.2889066350185478
control,C:\Users\hoytb\Desktop\PRAYCGStimulus\Field of dreams\1.8prep\Fieldofdreams1_8_MediaPrep_v1_7A_20260817_210857\stimulus_control_cued_phase_scrambled_Fieldofdreams1_8_v1_7A.mp4,18.5,131.5988501098633,33.572984490966796,39.10258834533689,77.4524909179687,0.0955373339414596,0.0009384861111111089,2.1840130054886706,0.0,0.0,0.02688343960764277,-31.410303322865083,4.481132315941119e-05,0.0,0.0,0.0,0.0,0.8660254037844373,0.5000000000000023,0.3333333333333333,0.0,2.3426036908639514,1.5967159868652074,1.5035609842065885,0.7486295544227262,0.36997988154799893,0.009100307334305073
control,C:\Users\hoytb\Desktop\PRAYCGStimulus\Field of dreams\1.8prep\Fieldofdreams1_8_MediaPrep_v1_7A_20260817_210857\stimulus_control_cued_phase_scrambled_Fieldofdreams1_8_v1_7A.mp4,18.75,137.4661309814453,33.76845958709717,40.93071651458739,81.5548333740234,0.1331987875699996,0.0003661458333333334,3.112919604344576,0.0,0.0,0.019744475524039247,-34.09108795985191,-0.0071389640836035245,0.0,0.0,0.0,0.0,1.0,6.859879017134943e-15,0.3333333333333333,0.0,2.615658560891219,1.7823609991298572,1.7102325401937504,1.7748701824564983,-0.060268241734743606,-2.947326762683358
control,C:\Users\hoytb\Desktop\PRAYCGStimulus\Field of dreams\1.8prep\Fieldofdreams1_8_MediaPrep_v1_7A_20260817_210857\stimulus_control_cued_phase_scrambled_Fieldofdreams1_8_v1_7A.mp4,19.0,129.40083312988284,34.309446508789044,35.14976645507814,74.20147619628912,0.10676496608257251,0.001104333333333315,2.0084561102223226,0.0,0.0,0.01347664542083122,-37.40836396030756,-0.0062678301032080275,0.0,0.0,0.0,0.0,0.8660254037844406,-0.4999999999999966,0.3333333333333333,0.0,2.240311120604832,1.195309958206988,1.3397783945607546,1.0545723991539309,-0.4380152239830577,-2.5888183272958996
control,C:\Users\hoytb\Desktop\PRAYCGStimulus\Field of dreams\1.8prep\Fieldofdreams1_8_MediaPrep_v1_7A_20260817_210857\stimulus_control_cued_phase_scrambled_Fieldofdreams1_8_v1_7A.mp4,19.25,122.5389647796631,37.025154907226565,35.33313848724358,69.5791541763304,0.14854345024824236,0.0059090208333332965,2.8533403301335145,0.0,0.0,0.009920324019447837,-40.06948285128261,-0.0035563214013833826,0.0,1.0,0.0,0.0,0.5000000000000009,-0.8660254037844382,0.3333333333333333,0.0,1.9209695701451437,1.2139312473118455,1.1069108330706978,2.192998394373228,-0.6523461256120103,-1.4729179444531857
control,C:\Users\hoytb\Desktop\PRAYCGStimulus\Field of dreams\1.8prep\Fieldofdreams1_8_MediaPrep_v1_7A_20260817_210857\stimulus_control_cued_phase_scrambled_Fieldofdreams1_8_v1_7A.mp4,19.5,126.79792619628894,35.432820248413115,40.20740300292972,80.60115251464852,0.10557309705018911,0.03159420833333285,2.493679174821585,0.0,0.0,0.009356818124262277,-40.5774362422746,-0.00056350589518556,1.0,0.0,3.0,6.0,5.14475451769206e-15,-1.0,0.3333333333333333,0.0,2.119175550312299,1.7089090672568712,1.6621871346154617,1.0220950434896703,-0.6863072649346177,-0.24124792735296385
control,C:\Users\hoytb\Desktop\PRAYCGStimulus\Field of dreams\1.8prep\Fieldofdreams1_8_MediaPrep_v1_7A_20260817_210857\stimulus_control_cued_phase_scrambled_Fieldofdreams1_8_v1_7A.mp4,19.75,135.05576686401366,34.30834768066406,35.760721293640145,72.82445974731446,0.08673640681803241,0.026165090277777848,1.6737254134403174,0.0,0.0,0.009057332073212559,-40.85999418350344,-0.0002994860510497181,1.0,0.0,3.0,6.0,-0.4999999999999981,-0.8660254037844397,0.3333333333333333,0.0,2.503483658204785,1.2573519530767963,1.2704058019071407,0.5088122317163873,-0.7043565659122547,-0.13259260754853092
control,C:\Users\hoytb\Desktop\PRAYCGStimulus\Field of dreams\1.8prep\Fieldofdreams1_8_MediaPrep_v1_7A_20260817_210857\stimulus_control_cued_phase_scrambled_Fieldofdreams1_8_v1_7A.mp4,20.0,136.08677893066405,35.29574334716797,41.33778668212891,82.55526684570313,0.05184417045116424,0.02757930555555556,1.5445627229197654,0.0,0.0,0.009253603107668365,-40.67378263057084,0.00019627103445580586,1.0,0.0,3.0,6.0,-0.8660254037844355,-0.5000000000000056,0.3333333333333333,0.0,2.551465486928771,1.823698662165158,1.7606332915860496,-0.441969724705558,-0.6925277846996803,0.07143237719163573
control,C:\Users\hoytb\Desktop\PRAYCGStimulus\Field of dreams\1.8prep\Fieldofdreams1_8_MediaPrep_v1_7A_20260817_210857\stimulus_control_cued_phase_scrambled_Fieldofdreams1_8_v1_7A.mp4,20.25,134.73954826049805,35.492611007690435,36.23390805511473,72.4398947387695,0.04393936671912659,0.021123006944444366,0.8747427615538247,0.0,0.0,0.009204697728226952,-40.71980937227961,-4.890537944141245e-05,0.0,0.0,0.0,0.0,-1.0,-3.4296300182491773e-15,0.3333333333333333,0.0,2.488767296132983,1.3054037054730379,1.2510318345834472,-0.6573684936023205,-0.6954751938022734,-0.029468074998616173
control,C:\Users\hoytb\Desktop\PRAYCGStimulus\Field of dreams\1.8prep\Fieldofdreams1_8_MediaPrep_v1_7A_20260817_210857\stimulus_control_cued_phase_scrambled_Fieldofdreams1_8_v1_7A.mp4,20.5,128.87025046386722,34.7778082672119,38.90618087463381,79.89106181640629,0.08223332992792126,0.04463280555555561,1.9010825158198459,0.0,0.0,0.008844335631304177,-41.06669569614995,-0.00036036209692277485,0.0,0.0,0.0,0.0,-0.8660254037844425,0.4999999999999934,0.3333333333333333,0.0,2.215618561295233,1.576770958983223,1.6264135367089454,0.38610744975624445,-0.7171933470367684,-0.1576456722316653
control,C:\Users\hoytb\Desktop\PRAYCGStimulus\Field of dreams\1.8prep\Fieldofdreams1_8_MediaPrep_v1_7A_20260817_210857\stimulus_control_cued_phase_scrambled_Fieldofdreams1_8_v1_7A.mp4,20.75,122.30319452514652,37.234071977233874,38.03015672302242,77.47873090820306,0.07333102477788948,0.025546055555555763,1.6368541327648978,0.0,0.0,0.00886212725785298,-41.0492403570861,1.7791626548802064e-05,0.0,0.0,0.0,0.0,-0.500000000000004,0.8660254037844363,0.3333333333333333,0.0,1.9099971593108278,1.4878113788479301,1.504882926406421,0.1435276673021314,-0.7161210886750334,-0.0020194393114582668
control,C:\Users\hoytb\Desktop\PRAYCGStimulus\Field of dreams\1.8prep\Fieldofdreams1_8_MediaPrep_v1_7A_20260817_210857\stimulus_control_cued_phase_scrambled_Fieldofdreams1_8_v1_7A.mp4,21.0,120.13765870361328,36.71782022705078,34.50249202880859,69.84455360107421,0.08993578126430513,0.02387722222222223,1.6104352424470816,0.0,0.0,0.009355028286154445,-40.57909789938523,0.0004929010283014658,0.0,0.0,0.0,0.0,-1.7145055188062944e-15,1.0,0.3333333333333333,0.0,1.8092162157647054,1.1295797370854188,1.1202813677487438,0.5959922984616072,-0.6864151341545572,0.19350815126983023
control,C:\Users\hoytb\Desktop\PRAYCGStimulus\Field of dreams\1.8prep\Fieldofdreams1_8_MediaPrep_v1_7A_20260817_210857\stimulus_control_cued_phase_scrambled_Fieldofdreams1_8_v1_7A.mp4,21.25,123.59273641967775,32.55983901977538,29.083623840332024,59.275542076110824,0.06706611303985109,0.03174052083333334,0.6129012474786406,0.0,0.0,0.00956470073411773,-40.386572276707035,0.00020967244796328555,0.0,0.0,0.0,0.0,0.4999999999999949,0.8660254037844416,0.3333333333333333,0.0,1.970010596900189,0.5792978322216634,0.5878260497178047,-0.027185524494281903,-0.6737786821169996,0.0769476250142102
control,C:\Users\hoytb\Desktop\PRAYCGStimulus\Field of dreams\1.8prep\Fieldofdreams1_8_MediaPrep_v1_7A_20260817_210857\stimulus_control_cued_phase_scrambled_Fieldofdreams1_8_v1_7A.mp4,21.5,127.36404393920898,36.01301819458008,38.26902169799804,76.92561446533202,0.07366346898674964,0.016477694444444437,1.667460240047009,0.0,0.0,0.0090579577063232,-40.85939422841349,-0.000506743027794531,0.0,0.0,0.0,0.0,0.8660254037844372,0.5000000000000026,0.3333333333333333,0.0,2.145521861337202,1.5120679336972134,1.4770175209423972,0.15258647201667633,-0.7043188605157064,-0.2178876093830178
control,C:\Users\hoytb\Desktop\PRAYCGStimulus\Field of dreams\1.8prep\Fieldofdreams1_8_MediaPrep_v1_7A_20260817_210857\stimulus_control_cued_phase_scrambled_Fieldofdreams1_8_v1_7A.mp4,21.75,128.93720815429688,37.4798200668335,44.80358277130128,93.24809730224612,0.07637517750710257,0.02525133333333336,2.378480630084366,0.0,1.0,0.00872440697789146,-41.185281670293534,-0.00033355072843174044,0.0,0.0,0.0,0.0,1.0,7.1048083769644134e-15,0.3333333333333333,0.0,2.2187346765550546,2.175647594577795,2.299326472868131,0.22647808231986075,-0.7244211573261015,-0.14661166140826312
control,C:\Users\hoytb\Desktop\PRAYCGStimulus\Field of dreams\1.8prep\Fieldofdreams1_8_MediaPrep_v1_7A_20260817_210857\stimulus_control_cued_phase_scrambled_Fieldofdreams1_8_v1_7A.mp4,22.0,129.30563481445313,35.69915947875978,39.80805389404301,81.71766827392585,0.07766080019474006,0.017376250000000027,1.9013601962292377,0.0,0.0,0.008991668618051365,-40.92319414130397,0.00026726164015990553,0.0,0.0,0.0,0.0,0.8660254037844407,-0.4999999999999964,0.3333333333333333,0.0,2.235880727000807,1.668355471801064,1.7184359855404896,0.26151014049235116,-0.7083139437643511,0.10064801055107611
control,C:\Users\hoytb\Desktop\PRAYCGStimulus\Field of dreams\1.8prep\Fieldofdreams1_8_MediaPrep_v1_7A_20260817_210857\stimulus_control_cued_phase_scrambled_Fieldofdreams1_8_v1_7A.mp4,22.25,128.52286193237305,34.44294605865478,33.08324538497929,68.64416301879892,0.07315694998800785,0.01514145138888889,1.1357497787732556,0.0,0.0,0.008953065241205774,-40.9605650146504,-3.860337684559109e-05,0.0,1.0,0.0,0.0,0.5000000000000072,-0.8660254037844345,0.3333333333333333,0.0,2.1994515953032794,0.985456329858302,1.0598069943660402,0.1387842863520771,-0.7106404760519052,-0.0252283657057831
control,C:\Users\hoytb\Desktop\PRAYCGStimulus\Field of dreams\1.8prep\Fieldofdreams1_8_MediaPrep_v1_7A_20260817_210857\stimulus_control_cued_phase_scrambled_Fieldofdreams1_8_v1_7A.mp4,22.5,128.095640625,37.80117662048341,41.987876350402864,85.30616656494146,0.06983472630381586,0.03299062500000005,1.9658403506810445,0.0,0.0,0.008853683912154131,-41.05751973800261,-9.938132905164265e-05,1.0,0.0,8.0,7.0,5.3896838775215305e-15,-1.0,0.3333333333333333,0.0,2.179569325967471,1.889714768951216,1.8992206307538289,0.04825668872503786,-0.7166299487279226,-0.0502410607008203
control,C:\Users\hoytb\Desktop\PRAYCGStimulus\Field of dreams\1.8prep\Fieldofdreams1_8_MediaPrep_v1_7A_20260817_210857\stimulus_control_cued_phase_scrambled_Fieldofdreams1_8_v1_7A.mp4,22.75,127.39628029479981,38.499904595947264,43.13764595947267,85.55499714355473,0.13464383825659743,0.014066604166666677,3.3635225603448977,0.0,0.0,0.008810681390802131,-41.09981006500213,-4.3002521352000084e-05,1.0,0.0,8.0,7.0,-0.4999999999999979,-0.8660254037844398,0.3333333333333333,0.0,2.147022095274977,2.006472990156678,1.9117564449648752,1.8142465097427878,-0.719221606830058,-0.027038799519098478
control,C:\Users\hoytb\Desktop\PRAYCGStimulus\Field of dreams\1.8prep\Fieldofdreams1_8_MediaPrep_v1_7A_20260817_210857\stimulus_control_cued_phase_scrambled_Fieldofdreams1_8_v1_7A.mp4,23.0,126.23624571533203,38.84998137207031,48.0888215942383,99.53714570312503,0.06613674780130392,0.019996638888888887,2.506446258458333,0.0,1.0,0.009372453195450232,-40.56293439305307,0.0005617718046481007,1.0,0.0,8.0,7.0,-0.8660254037844354,-0.5000000000000058,0.3333333333333333,0.0,2.0930357431202857,2.5092610752050812,2.6161618986307644,-0.05250988864353627,-0.6853649769559654,0.22185138529307658
control,C:\Users\hoytb\Desktop\PRAYCGStimulus\Field of dreams\1.8prep\Fieldofdreams1_8_MediaPrep_v1_7A_20260817_210857\stimulus_control_cued_phase_scrambled_Fieldofdreams1_8_v1_7A.mp4,23.25,125.25062953491211,38.39040587158203,36.90036779174806,76.91937981872563,0.0373800437912345,0.02122534722222223,0.8120362359809202,0.0,0.0,0.01008420481896866,-39.92716683928745,0.0007117516235184279,0.0,0.0,0.0,0.0,-1.0,-3.674559378078648e-15,0.3333333333333333,0.0,2.0471665740909244,1.3730821801348636,1.476703426219937,-0.8361041246639742,-0.6424694256300266,0.2835744168966471
control,C:\Users\hoytb\Desktop\PRAYCGStimulus\Field of dreams\1.8prep\Fieldofdreams1_8_MediaPrep_v1_7A_20260817_210857\stimulus_control_cued_phase_scrambled_Fieldofdreams1_8_v1_7A.mp4,23.5,124.99019082641601,34.944680520629916,43.15528116760246,87.65901098022444,0.06530970704257458,0.015818138888888944,1.9937704411322417,0.0,1.0,0.009586877083979014,-40.36645681516439,-0.0004973277349896461,0.0,0.0,0.0,0.0,-0.8660254037844426,0.4999999999999932,0.3333333333333333,0.0,2.0350461286486565,2.008263832004975,2.0177543761715353,-0.07504600304897573,-0.6724421670712113,-0.2140128186296349
control,C:\Users\hoytb\Desktop\PRAYCGStimulus\Field of dreams\1.8prep\Fieldofdreams1_8_MediaPrep_v1_7A_20260817_210857\stimulus_control_cued_phase_scrambled_Fieldofdreams1_8_v1_7A.mp4,23.75,124.53497511291505,38.29421926879877,36.59436979675304,75.62732736206077,0.09166201141476615,0.020034826388888816,1.855026085456489,0.0,0.0,0.010640736294507099,-39.46056639192435,0.0010538592105280853,0.0,0.0,0.0,0.0,-0.5000000000000042,0.8660254037844362,0.3333333333333333,0.0,2.0138610396432175,1.34200831863581,1.411611227190612,0.6430305124193787,-0.6089286177349232,0.42436614183582166
control,C:\Users\hoytb\Desktop\PRAYCGStimulus\Field of dreams\1.8prep\Fieldofdreams1_8_MediaPrep_v1_7A_20260817_210857\stimulus_control_cued_phase_scrambled_Fieldofdreams1_8_v1_7A.mp4,24.0,123.83526131591798,35.6606450012207,44.72894078369136,94.09565468749989,0.05744497369527809,0.01962749999999996,1.9965056759006428,0.0,1.0,0.0135877057155761,-37.33707735357201,0.0029469694210690015,0.0,0.0,0.0,0.0,-1.959434878635765e-15,1.0,0.3333333333333333,0.0,1.981297359110943,2.168067758033302,2.3420254931169837,-0.28935289011855464,-0.43132188825176293,1.2034609709560409
control,C:\Users\hoytb\Desktop\PRAYCGStimulus\Field of dreams\1.8prep\Fieldofdreams1_8_MediaPrep_v1_7A_20260817_210857\stimulus_control_cued_phase_scrambled_Fieldofdreams1_8_v1_7A.mp4,24.25,123.70619235839844,35.58071470947266,33.82011031341553,68.55726815185548,0.047551939412951494,0.013177013888888896,0.703375661051733,0.0,0.0,0.013576943714694159,-37.34395964793543,-1.076200088194132e-05,0.0,0.0,0.0,0.0,0.49999999999999467,0.8660254037844417,0.3333333333333333,0.0,1.9752906742101486,1.0602843977027028,1.0554293253754876,-0.5589291474555997,-0.431970488052518,-0.01377046329307902
control,C:\Users\hoytb\Desktop\PRAYCGStimulus\Field of dreams\1.8prep\Fieldofdreams1_8_MediaPrep_v1_7A_20260817_210857\stimulus_control_cued_phase_scrambled_Fieldofdreams1_8_v1_7A.mp4,24.5,123.29558076171875,36.36452747802735,40.70655247497557,81.87645164794918,0.06695001151859763,0.014583138888888916,1.7798750476869734,0.0,0.0,0.011678938129629605,-38.6519328447675,-0.0018980055850645536,0.0,0.0,0.0,0.0,0.866025403784437,0.5000000000000028,0.3333333333333333,0.0,1.956181397082117,1.7595973129819154,1.7264353194151787,-0.03034918618567612,-0.5463587005986144,-0.7904509278217994
control,C:\Users\hoytb\Desktop\PRAYCGStimulus\Field of dreams\1.8prep\Fieldofdreams1_8_MediaPrep_v1_7A_20260817_210857\stimulus_control_cued_phase_scrambled_Fieldofdreams1_8_v1_7A.mp4,24.75,122.80446132202148,35.807769299316405,41.780566481018084,85.34891004638675,0.058838461212813865,0.011215472222222198,1.7274633842909675,0.0,0.0,0.00993379532292751,-40.05769584917668,-0.0017451428067020956,0.0,0.0,0.0,0.0,1.0,7.349737736793884e-15,0.3333333333333333,0.0,1.9333253999499658,1.8686626108520936,1.901374000910815,-0.25138161266182263,-0.6515342426872015,-0.727541436591961
control,C:\Users\hoytb\Desktop\PRAYCGStimulus\Field of dreams\1.8prep\Fieldofdreams1_8_MediaPrep_v1_7A_20260817_210857\stimulus_control_cued_phase_scrambled_Fieldofdreams1_8_v1_7A.mp4,25.0,122.09563629150391,40.451416473388626,47.933389129638606,97.88686401367174,0.09915972054004632,0.012651388888888889,3.1440503550766197,0.0,1.0,0.008750598791686326,-41.15924455449832,-0.001183196531241184,0.0,0.0,0.0,0.0,0.8660254037844408,-0.49999999999999617,0.3333333333333333,0.0,1.9003376956255498,2.493477027739326,2.53302250004812,0.8473363206187515,-0.7228426399671901,-0.496276803916472
control,C:\Users\hoytb\Desktop\PRAYCGStimulus\Field of dreams\1.8prep\Fieldofdreams1_8_MediaPrep_v1_7A_20260817_210857\stimulus_control_cued_phase_scrambled_Fieldofdreams1_8_v1_7A.mp4,25.25,121.63231595764161,40.44881293945309,53.30666593170171,100.82039304199218,0.1078044201657181,0.006477270833333165,3.8556080387284664,0.0,1.0,0.008872489763404063,-41.03908985992951,0.00012189097171773702,0.0,1.0,0.0,0.0,0.5000000000000074,-0.8660254037844344,0.3333333333333333,0.0,1.8787754291663936,3.039129162310028,2.680810505391672,1.0828965849811936,-0.7154965654930076,0.04082183906965857
control,C:\Users\hoytb\Desktop\PRAYCGStimulus\Field of dreams\1.8prep\Fieldofdreams1_8_MediaPrep_v1_7A_20260817_210857\stimulus_control_cued_phase_scrambled_Fieldofdreams1_8_v1_7A.mp4,25.5,120.8016371459961,43.52514172668457,47.41118292541503,98.93157186889644,0.06706898478567606,0.020769708333333317,2.456716538333907,0.0,1.0,0.008867830045129609,-41.04365277649915,-4.659718274454411e-06,1.0,0.0,4.0,8.0,5.6346132373510016e-15,-1.0,0.3333333333333333,0.0,1.8401168239431684,2.4404473885606306,2.5856537467819547,-0.0271072720118355,-0.7157773954592508,-0.011259116199364455
control,C:\Users\hoytb\Desktop\PRAYCGStimulus\Field of dreams\1.8prep\Fieldofdreams1_8_MediaPrep_v1_7A_20260817_210857\stimulus_control_cued_phase_scrambled_Fieldofdreams1_8_v1_7A.mp4,25.75,120.18619046020508,40.50723324737549,40.50524392242432,82.27122788391114,0.09702865261435509,0.015982645833333333,2.354620990918073,0.0,0.0,0.00912754900582129,-40.79291653193627,0.0002597189606916815,1.0,0.0,4.0,8.0,-0.49999999999999767,-0.86602540378444,0.3333333333333333,0.0,1.8114748143861816,1.7391545840004583,1.7463237172822543,0.7892666425862847,-0.7001247609719604,0.09754387929728846
control,C:\Users\hoytb\Desktop\PRAYCGStimulus\Field of dreams\1.8prep\Fieldofdreams1_8_MediaPrep_v1_7A_20260817_210857\stimulus_control_cued_phase_scrambled_Fieldofdreams1_8_v1_7A.mp4,26.0,120.0779498413086,38.577112414550776,44.33132035522458,86.06337580566401,0.09317200365066537,0.013415277777777786,2.6632356226744474,0.0,1.0,0.009270346931613521,-40.65808025109008,0.00014279792579223113,1.0,0.0,4.0,8.0,-0.8660254037844353,-0.5000000000000059,0.3333333333333333,0.0,1.8064374506104668,2.127689708747155,1.937368009639035,0.6841764383249319,-0.6915186748702128,0.04942593391918039
control,C:\Users\hoytb\Desktop\PRAYCGStimulus\Field of dreams\1.8prep\Fieldofdreams1_8_MediaPrep_v1_7A_20260817_210857\stimulus_control_cued_phase_scrambled_Fieldofdreams1_8_v1_7A.mp4,26.25,120.4511470336914,41.92834636688231,57.11515926361078,118.5591966094969,0.08733068908751009,0.012448055555555556,3.8337446461116262,0.0,1.0,0.008910487985792918,-41.00197021967085,-0.0003598589458206035,0.0,0.0,0.0,0.0,-1.0,-3.919488737908119e-15,0.3333333333333333,0.0,1.8238055148110734,3.425878736658509,3.5744721569770888,0.5250058873164447,-0.7132065044029912,-0.15743860429669504
control,C:\Users\hoytb\Desktop\PRAYCGStimulus\Field of dreams\1.8prep\Fieldofdreams1_8_MediaPrep_v1_7A_20260817_210857\stimulus_control_cued_phase_scrambled_Fieldofdreams1_8_v1_7A.mp4,26.5,120.5897287475586,34.9782241699218,44.71966554870595,91.06911887207015,0.11671038367748254,0.012192027777777763,3.1679254026359427,0.0,0.0,0.008784610127390277,-41.12555016509482,-0.00012587785840264057,0.0,0.0,0.0,0.0,-0.8660254037844427,0.499999999999993,0.3333333333333333,0.0,1.830254909802788,2.167125865040466,2.1895519068851574,1.3255760544914446,-0.7207928589085386,-0.06114550191721214
control,C:\Users\hoytb\Desktop\PRAYCGStimulus\Field of dreams\1.8prep\Fieldofdreams1_8_MediaPrep_v1_7A_20260817_210857\stimulus_control_cued_phase_scrambled_Fieldofdreams1_8_v1_7A.mp4,26.75,120.20615999145508,40.98420948333744,55.97619722137451,106.33130457153322,0.11513752422928832,0.012765361111111134,4.269222835550071,0.0,1.0,0.008807337394216533,-41.10310732401775,2.27272668262557e-05,0.0,0.0,0.0,0.0,-0.5000000000000044,0.866025403784436,0.3333333333333333,0.0,1.8124041678429734,3.3102180155687995,2.958444240975314,1.2827170537782988,-0.7194231414278468,1.1785176767850953e-05
control,C:\Users\hoytb\Desktop\PRAYCGStimulus\Field of dreams\1.8prep\Fieldofdreams1_8_MediaPrep_v1_7A_20260817_210857\stimulus_control_cued_phase_scrambled_Fieldofdreams1_8_v1_7A.mp4,27.0,119.90818112792968,36.33369420166015,51.46468779296873,97.0736170410156,0.08053769528865808,0.015604611111111135,3.1309304222643215,0.0,1.0,0.008723030880525753,-41.186651800391736,-8.430651369078015e-05,0.0,0.0,0.0,0.0,-9.309791596066238e-15,1.0,0.3333333333333333,0.0,1.7985366572138355,2.8520776962760594,2.492052001109732,0.3399029358711353,-0.7245040913907803,-0.04403713732002874
control,C:\Users\hoytb\Desktop\PRAYCGStimulus\Field of dreams\1.8prep\Fieldofdreams1_8_MediaPrep_v1_7A_20260817_210857\stimulus_control_cued_phase_scrambled_Fieldofdreams1_8_v1_7A.mp4,27.25,119.37021420288086,37.1926261138916,42.68395656738282,84.14046068115235,0.06875956689417362,0.01577789583333334,2.0145980908738848,0.0,0.0,0.008582534150694758,-41.327689195007665,-0.00014049672983099462,0.0,0.0,0.0,0.0,0.4999999999999945,0.8660254037844418,0.3333333333333333,0.0,1.7735004450376548,1.9604011806547257,1.8404936347980154,0.01895956496899846,-0.7329714899697959,-0.06716178510769244
control,C:\Users\hoytb\Desktop\PRAYCGStimulus\Field of dreams\1.8prep\Fieldofdreams1_8_MediaPrep_v1_7A_20260817_210857\stimulus_control_cued_phase_scrambled_Fieldofdreams1_8_v1_7A.mp4,27.5,119.1781060180664,39.815629180908196,43.958512695312486,88.62042929077145,0.07175847581028938,0.006834166666666695,2.2021414760924403,0.0,0.0,0.008697808038771172,-41.21180362848855,0.00011527388807641356,0.0,0.0,0.0,0.0,0.8660254037844369,0.500000000000003,0.3333333333333333,0.0,1.7645600045535872,2.0898313770607553,2.0661895861335995,0.10067712690501732,-0.7260242111450862,0.03809862960192342
control,C:\Users\hoytb\Desktop\PRAYCGStimulus\Field of dreams\1.8prep\Fieldofdreams1_8_MediaPrep_v1_7A_20260817_210857\stimulus_control_cued_phase_scrambled_Fieldofdreams1_8_v1_7A.mp4,27.75,115.92932250976594,41.25361719322223,55.05655332336428,116.62180440979007,0.12783842057585362,0.0059783125000000435,4.4279478753539,0.0,1.0,0.008720478032367935,-41.18919415097362,2.266999359676336e-05,0.0,0.0,0.0,0.0,1.0,7.594667096623355e-15,0.3333333333333333,0.0,1.6133662611447221,3.216828883670451,3.4768684428162104,1.6288050187264622,-0.7246579453836095,-1.1785176767850953e-05
control,C:\Users\hoytb\Desktop\PRAYCGStimulus\Field of dreams\1.8prep\Fieldofdreams1_8_MediaPrep_v1_7A_20260817_210857\stimulus_control_cued_phase_scrambled_Fieldofdreams1_8_v1_7A.mp4,28.0,73.18676826171875,15.114444578552265,43.01368745727572,91.33644246826245,0.47009798548222104,0.0,9.986805173848062,1.0,1.0,0.008472830822249519,-41.43942930102015,-0.00024764721011841587,0.0,0.0,0.0,0.0,0.8660254037844409,-0.49999999999999595,0.3333333333333333,0.0,-0.375811153449895,1.9938850994126198,2.2030193792302817,10.955069328766388,-0.7395830446195581,-0.11125873449017193
control,C:\Users\hoytb\Desktop\PRAYCGStimulus\Field of dreams\1.8prep\Fieldofdreams1_8_MediaPrep_v1_7A_20260817_210857\stimulus_control_cued_phase_scrambled_Fieldofdreams1_8_v1_7A.mp4,28.25,73.03709689941407,14.844409662628163,17.35965832443238,35.42940852355958,0.08507534556090833,0.0,-0.21028570342617303,0.0,0.0,0.00855717909015247,-41.353387573407154,8.434826790295127e-05,0.0,1.0,0.0,0.0,0.5000000000000077,-0.8660254037844343,0.3333333333333333,0.0,-0.38277664483771245,-0.6112618662713861,-0.6135162512667622,0.4635498112977078,-0.7344995782311019,0.025371430398029183
control,C:\Users\hoytb\Desktop\PRAYCGStimulus\Field of dreams\1.8prep\Fieldofdreams1_8_MediaPrep_v1_7A_20260817_210857\stimulus_control_cued_phase_scrambled_Fieldofdreams1_8_v1_7A.mp4,28.5,72.83906015014648,15.731771686553955,17.79536728820801,36.16358579101563,0.05308814620971674,0.0,-0.799204843521562,0.0,0.0,0.00858355837424251,-41.3266526990553,2.6379284090039673e-05,1.0,0.0,9.0,9.0,5.879542597180472e-15,-1.0,0.3333333333333333,0.0,-0.39199299224214534,-0.5670159554624591,-0.5765291981718655,-0.4080725077710454,-0.7329097624902791,0.0015147445661522073
control,C:\Users\hoytb\Desktop\PRAYCGStimulus\Field of dreams\1.8prep\Fieldofdreams1_8_MediaPrep_v1_7A_20260817_210857\stimulus_control_cued_phase_scrambled_Fieldofdreams1_8_v1_7A.mp4,28.75,72.7199739227295,14.373718345642093,18.36007695388794,37.37884410858154,0.05317583438754078,0.0,-0.7406602700811933,0.0,0.0,0.008578137580375508,-41.332139851253366,-5.420793867002421e-06,1.0,0.0,9.0,9.0,-0.4999999999999913,-0.8660254037844437,0.3333333333333333,0.0,-0.39753509514485075,-0.509670122399727,-0.5153058044381225,-0.4056830840496762,-0.7332364606443343,-0.01157233095855924
control,C:\Users\hoytb\Desktop\PRAYCGStimulus\Field of dreams\1.8prep\Fieldofdreams1_8_MediaPrep_v1_7A_20260817_210857\stimulus_control_cued_phase_scrambled_Fieldofdreams1_8_v1_7A.mp4,29.0,72.70541950683594,17.356793121337898,21.69669863586426,43.73038140869141,0.1128183060646059,0.0,0.7748165975701858,0.0,0.0,0.00872939279307559,-41.18031928477446,0.00015125521270008269,1.0,0.0,9.0,9.0,-0.8660254037844352,-0.5000000000000061,0.3333333333333333,0.0,-0.3982124368687465,-0.17083875187993147,-0.19532225582267254,1.2195204515083484,-0.7241206742867017,0.052906464773435614
control,C:\Users\hoytb\Desktop\PRAYCGStimulus\Field of dreams\1.8prep\Fieldofdreams1_8_MediaPrep_v1_7A_20260817_210857\stimulus_control_cued_phase_scrambled_Fieldofdreams1_8_v1_7A.mp4,29.25,72.74234170837403,15.667435410690317,20.847564826965353,42.24910857238774,0.08254425641894325,0.0,0.09053035179754719,0.0,0.0,0.008518457273138765,-41.39278101075644,-0.00021093551993682513,0.0,0.0,0.0,0.0,-1.0,-4.164418097737589e-15,0.3333333333333333,0.0,-0.39649413035457665,-0.25706763835455704,-0.2699471720016141,0.39457991607594434,-0.7368332486215312,-0.09615032303610847
control,C:\Users\hoytb\Desktop\PRAYCGStimulus\Field of dreams\1.8prep\Fieldofdreams1_8_MediaPrep_v1_7A_20260817_210857\stimulus_control_cued_phase_scrambled_Fieldofdreams1_8_v1_7A.mp4,29.5,72.74413269042968,15.618521461486795,16.851304588317916,34.55789947814949,0.08883191114068052,0.0,-0.18711612807340477,0.0,0.0,0.008766052137213876,-41.14391901205953,0.00024759486407511036,0.0,0.0,0.0,0.0,-0.8660254037844428,0.4999999999999928,0.3333333333333333,0.0,-0.39641078060822377,-0.662884797947146,-0.657421930132249,0.5659128336563038,-0.7219113041551865,0.09255430133762725
control,C:\Users\hoytb\Desktop\PRAYCGStimulus\Field of dreams\1.8prep\Fieldofdreams1_8_MediaPrep_v1_7A_20260817_210857\stimulus_control_cued_phase_scrambled_Fieldofdreams1_8_v1_7A.mp4,29.75,72.75944645385742,17.04579620437622,18.17475293884276,36.72831729736326,0.07812299852073193,0.0,-0.26581407873576557,0.0,0.0,0.008905804063133281,-41.006537279541206,0.00013975192591940584,0.0,0.0,0.0,0.0,-0.5000000000000047,0.8660254037844359,0.3333333333333333,0.0,-0.3956980999348571,-0.5284896338676246,-0.5480786384289607,0.27410462781672273,-0.7134887931090709,0.04817237628835394
control,C:\Users\hoytb\Desktop\PRAYCGStimulus\Field of dreams\1.8prep\Fieldofdreams1_8_MediaPrep_v1_7A_20260817_210857\stimulus_control_cued_phase_scrambled_Fieldofdreams1_8_v1_7A.mp4,30.0,72.85087353515625,15.636074180603027,20.475664596557618,41.625369201660156,0.12188583660125735,0.0,0.8313486251125372,0.0,0.0,0.008781951824273646,-41.12817899226461,-0.00012385223885963588,0.0,0.0,0.0,0.0,-9.554720955895708e-15,1.0,0.3333333333333333,0.0,-0.3914432141798662,-0.2948338212713577,-0.30137048384347764,1.4666024766587764,-0.7209530684170405,-0.06031187389971341
control,C:\Users\hoytb\Desktop\PRAYCGStimulus\Field of dreams\1.8prep\Fieldofdreams1_8_MediaPrep_v1_7A_20260817_210857\stimulus_control_cued_phase_scrambled_Fieldofdreams1_8_v1_7A.mp4,30.25,72.83627102355958,15.16654020767212,17.737159460449217,37.244650500488284,0.06835087867379191,0.0,-0.5031423445771663,0.0,0.0,0.008972020997645484,-40.94219437279079,0.00019006917337183876,0.0,0.0,0.0,0.0,0.4999999999999943,0.8660254037844419,0.3333333333333333,0.0,-0.39212279420907786,-0.5729269156893944,-0.5220663326205592,0.007823179738326119,-0.7094980583932533,0.06888004934799682
control,C:\Users\hoytb\Desktop\PRAYCGStimulus\Field of dreams\1.8prep\Fieldofdreams1_8_MediaPrep_v1_7A_20260817_210857\stimulus_control_cued_phase_scrambled_Fieldofdreams1_8_v1_7A.mp4,30.5,72.84268898925781,14.402820315551768,17.604858935546886,35.506808953857444,0.0652921252071856,0.0,-0.5769582487362843,0.0,0.0,0.011037448672739994,-39.142626059251626,0.0020654276750945097,0.0,0.0,0.0,0.0,0.8660254037844368,0.5000000000000032,0.3333333333333333,0.0,-0.39182411125390204,-0.5863619324356121,-0.6096169016792781,-0.07552509219857517,-0.5850197208391175,0.8406693003400462
control,C:\Users\hoytb\Desktop\PRAYCGStimulus\Field of dreams\1.8prep\Fieldofdreams1_8_MediaPrep_v1_7A_20260817_210857\stimulus_control_cued_phase_scrambled_Fieldofdreams1_8_v1_7A.mp4,30.75,72.82693497924805,14.5835787521362,16.83896780014037,34.2021476760864,0.10706564723849256,0.0,0.17233162572515692,0.0,0.0,0.015972977646029195,-35.93228232202574,0.004935528973289201,0.0,0.0,0.0,0.0,1.0,7.839596456452825e-15,0.3333333333333333,0.0,-0.39255728037427906,-0.6641375893165092,-0.6753443194172052,1.0627656893368533,-0.2875673099154583,2.0218372365880892
control,C:\Users\hoytb\Desktop\PRAYCGStimulus\Field of dreams\1.8prep\Fieldofdreams1_8_MediaPrep_v1_7A_20260817_210857\stimulus_control_cued_phase_scrambled_Fieldofdreams1_8_v1_7A.mp4,31.0,72.78114635009766,15.6314671813965,16.043133091735868,33.16356051025396,0.08436897654533473,0.0,-0.35670154417927025,0.0,0.0,0.01451491194930842,-36.76371188643075,-0.0014580656967207745,0.0,0.0,0.0,0.0,0.866025403784441,-0.4999999999999957,0.3333333333333333,0.0,-0.39468821776334195,-0.7449539930498209,-0.7276672124692192,0.44430189300661693,-0.37544140793450886,-0.60939707780087
control,C:\Users\hoytb\Desktop\PRAYCGStimulus\Field of dreams\1.8prep\Fieldofdreams1_8_MediaPrep_v1_7A_20260817_210857\stimulus_control_cued_phase_scrambled_Fieldofdreams1_8_v1_7A.mp4,31.25,72.74787712097168,15.051978826522827,17.865586233139037,37.04298553466797,0.024968757107853887,0.0,-1.3483816958503354,0.0,0.0,0.009242308048709034,-40.684391207453785,-0.005272603900599386,0.0,1.0,0.0,0.0,0.5000000000000017,-0.8660254037844377,0.3333333333333333,0.0,-0.39623652015992583,-0.5598852755067556,-0.5322259945017043,-1.1743004876160297,-0.6932085106233169,-2.1792406999924174
control,C:\Users\hoytb\Desktop\PRAYCGStimulus\Field of dreams\1.8prep\Fieldofdreams1_8_MediaPrep_v1_7A_20260817_210857\stimulus_control_cued_phase_scrambled_Fieldofdreams1_8_v1_7A.mp4,31.5,72.86884403686524,14.236600351715087,16.438092025756838,33.689710235595705,0.054891854780912394,0.0,-0.9000673003375887,0.0,0.0,0.00845474225416381,-41.4579925487081,-0.0007875657945452252,1.0,0.0,5.0,10.0,1.3229899314610944e-14,-1.0,0.3333333333333333,0.0,-0.3906068927021884,-0.7048462164816074,-0.7011603609366014,-0.3589230767599439,-0.740673198930549,-0.3334580417099267
control,C:\Users\hoytb\Desktop\PRAYCGStimulus\Field of dreams\1.8prep\Fieldofdreams1_8_MediaPrep_v1_7A_20260817_210857\stimulus_control_cued_phase_scrambled_Fieldofdreams1_8_v1_7A.mp4,31.75,84.30176514892563,19.80587207832331,24.23893403244007,47.518032650756645,0.22206891692280556,0.003795673611111059,3.1916964188361576,0.0,0.0,0.00837475407401314,-41.54055874357253,-7.998818015067001e-05,1.0,0.0,5.0,10.0,-0.49999999999999106,-0.8660254037844438,0.3333333333333333,0.0,0.14146492329115576,0.08732330115075788,-0.0045045013031822095,4.196501016465329,-0.7454938933606652,-0.042259960633334454
control,C:\Users\hoytb\Desktop\PRAYCGStimulus\Field of dreams\1.8prep\Fieldofdreams1_8_MediaPrep_v1_7A_20260817_210857\stimulus_control_cued_phase_scrambled_Fieldofdreams1_8_v1_7A.mp4,32.0,118.99248959960937,31.820701361083984,42.47462082519541,80.22106680908217,0.4074630980849307,0.011330861111111168,8.693569091917396,1.0,1.0,0.008166498039521932,-41.75928275606645,-0.00020825603449120718,1.0,0.0,5.0,10.0,-0.8660254037844349,-0.5000000000000063,0.3333333333333333,0.0,1.7559216816019463,1.9391432967276132,1.6430388297093372,9.248325165001308,-0.7580449815791844,-0.09504760157606873
control,C:\Users\hoytb\Desktop\PRAYCGStimulus\Field of dreams\1.8prep\Fieldofdreams1_8_MediaPrep_v1_7A_20260817_210857\stimulus_control_cued_phase_scrambled_Fieldofdreams1_8_v1_7A.mp4,32.25,119.08481502075195,35.57287284088136,36.55132551116944,73.14295362243654,0.0961114640146495,0.006214708333333333,1.938712220609694,0.0,0.0,0.008760324912872337,-41.14959571754017,0.0005938268733504046,0.0,0.0,0.0,0.0,-1.0,-4.40934745756706e-15,0.3333333333333333,0.0,1.7602183748099367,1.3376372044768026,1.28645117731131,0.7642740808580248,-0.7222564701338507,0.23504340028195697
control,C:\Users\hoytb\Desktop\PRAYCGStimulus\Field of dreams\1.8prep\Fieldofdreams1_8_MediaPrep_v1_7A_20260817_210857\stimulus_control_cued_phase_scrambled_Fieldofdreams1_8_v1_7A.mp4,32.5,119.43355416870116,36.219689941406266,46.646179580688376,91.39402191162091,0.09317298987507851,0.006963680555555546,2.8961307325048224,0.0,1.0,0.009287424616258758,-40.64209396463579,0.0005270997033864216,0.0,0.0,0.0,0.0,-0.8660254037844394,0.4999999999999987,0.3333333333333333,0.0,1.7764481965622774,2.3627618861417803,2.2059201690300716,0.6842033120502825,-0.6904894440626922,0.20758235084526783
control,C:\Users\hoytb\Desktop\PRAYCGStimulus\Field of dreams\1.8prep\Fieldofdreams1_8_MediaPrep_v1_7A_20260817_210857\stimulus_control_cued_phase_scrambled_Fieldofdreams1_8_v1_7A.mp4,32.75,119.3901665863037,37.33411800689697,49.49688401489256,96.69345035705564,0.05804388022571802,0.012940923611111106,2.4880095462269227,0.0,1.0,0.009015522205447078,-40.90018225113323,-0.00027190241081168076,0.0,0.0,0.0,0.0,-0.500000000000011,0.8660254037844323,0.3333333333333333,0.0,1.7744290004590677,2.6522487331540985,2.4728996166001154,-0.27303322757992016,-0.7068763456632292,-0.12124077427537619
control,C:\Users\hoytb\Desktop\PRAYCGStimulus\Field of dreams\1.8prep\Fieldofdreams1_8_MediaPrep_v1_7A_20260817_210857\stimulus_control_cued_phase_scrambled_Fieldofdreams1_8_v1_7A.mp4,33.0,119.00387908935546,36.72711867675771,37.379264074706775,75.90360131835897,0.07179580942392247,0.009529388888888893,1.54100540787441,0.0,0.0,0.008486892712680265,-41.425025757695046,-0.0005286294927668127,0.0,0.0,0.0,0.0,-9.799650315725178e-15,1.0,0.3333333333333333,0.0,1.7564517321842117,1.4217137300550289,1.4255296089538425,0.10169443418899739,-0.7387355684455945,-0.2268948143479909
control,C:\Users\hoytb\Desktop\PRAYCGStimulus\Field of dreams\1.8prep\Fieldofdreams1_8_MediaPrep_v1_7A_20260817_210857\stimulus_control_cued_phase_scrambled_Fieldofdreams1_8_v1_7A.mp4,33.25,118.9488521331787,38.48327389373789,44.48267209930438,87.96780624389675,0.13815341079235047,0.01129347222222217,3.5682568936316175,0.0,1.0,0.008288689927059367,-41.630282131999834,-0.00019820278562089795,0.0,0.0,0.0,0.0,0.49999999999999406,0.866025403784442,0.3333333333333333,0.0,1.7538908562528042,2.143059362176592,2.033311146067825,1.909879194522961,-0.7506807716353209,-0.09091026495028472
control,C:\Users\hoytb\Desktop\PRAYCGStimulus\Field of dreams\1.8prep\Fieldofdreams1_8_MediaPrep_v1_7A_20260817_210857\stimulus_control_cued_phase_scrambled_Fieldofdreams1_8_v1_7A.mp4,33.5,119.15686028442383,35.15932211608884,36.48749784851073,74.79198188476563,0.08691004150509972,0.013897124999999998,1.7502741116736693,0.0,0.0,0.008512913959252199,-41.39843511971635,0.00022422403219283203,0.0,0.0,0.0,0.0,0.8660254037844367,0.5000000000000034,0.3333333333333333,0.0,1.763571258460571,1.3311555543297244,1.3695274295972104,0.5135436202618727,-0.7371673307612552,0.08293621667972537
control,C:\Users\hoytb\Desktop\PRAYCGStimulus\Field of dreams\1.8prep\Fieldofdreams1_8_MediaPrep_v1_7A_20260817_210857\stimulus_control_cued_phase_scrambled_Fieldofdreams1_8_v1_7A.mp4,33.75,119.198015914917,39.44691402435304,37.529067489624026,77.64157124328615,0.13873013450205368,0.012893472222222216,2.8801303811327,0.0,0.0,0.008446922563654397,-41.46602974200697,-6.59913955978024e-05,0.0,0.0,0.0,0.0,1.0,9.790984586812941e-16,0.3333333333333333,0.0,1.7654865827106219,1.43692615184655,1.5130866455716558,1.9255943952129122,-0.7411444727914237,-0.03649969247317642
control,C:\Users\hoytb\Desktop\PRAYCGStimulus\Field of dreams\1.8prep\Fieldofdreams1_8_MediaPrep_v1_7A_20260817_210857\stimulus_control_cued_phase_scrambled_Fieldofdreams1_8_v1_7A.mp4,34.0,119.66000362548829,35.95053803100578,49.36604390869142,96.9048744628906,0.10879220796823508,0.016550333333333438,3.478719990864622,0.0,1.0,0.008315968291987743,-41.601743504191624,-0.00013095427166665355,0.0,0.0,0.0,0.0,0.8660254037844448,-0.4999999999999894,0.3333333333333333,0.0,1.7869868307855408,2.638962020805928,2.483550933352479,1.1098129112817516,-0.7490367704638328,-0.06323466043658843
control,C:\Users\hoytb\Desktop\PRAYCGStimulus\Field of dreams\1.8prep\Fieldofdreams1_8_MediaPrep_v1_7A_20260817_210857\stimulus_control_cued_phase_scrambled_Fieldofdreams1_8_v1_7A.mp4,34.25,119.43468908996583,40.45998555450442,48.09952056732179,97.91172041625977,0.10752032736539836,0.011100180555555521,3.3261477455875967,0.0,1.0,0.008646153390122022,-41.26354127859895,0.0003301850981342787,0.0,1.0,0.0,0.0,0.5000000000000081,-0.8660254037844339,0.3333333333333333,0.0,1.7765010141766369,2.5103475477088764,2.5342747386055153,1.075155312520083,-0.7291373120627908,0.12654367181011617
control,C:\Users\hoytb\Desktop\PRAYCGStimulus\Field of dreams\1.8prep\Fieldofdreams1_8_MediaPrep_v1_7A_20260817_210857\stimulus_control_cued_phase_scrambled_Fieldofdreams1_8_v1_7A.mp4,34.5,118.9903910583496,34.35476913757323,44.63155227661136,92.03553920898452,0.09193374819159576,0.016429347222222307,2.6689446255860036,0.0,1.0,0.009470790696564382,-40.472275221932506,0.0008246373064423607,1.0,0.0,1.0,11.0,6.369401316839413e-15,-1.0,0.3333333333333333,0.0,1.7558240184895992,2.158178029897493,2.2382391135012076,0.650435094389687,-0.6794384132686858,0.3300316444569016
control,C:\Users\hoytb\Desktop\PRAYCGStimulus\Field of dreams\1.8prep\Fieldofdreams1_8_MediaPrep_v1_7A_20260817_210857\stimulus_control_cued_phase_scrambled_Fieldofdreams1_8_v1_7A.mp4,34.75,119.05473132019043,35.301886428833,42.98445732727051,86.40982808837887,0.06502179727256283,0.009763868055555621,1.9708902479945936,0.0,0.0,0.009538890384237303,-40.410042836307944,6.809968767292063e-05,1.0,0.0,1.0,11.0,-0.499999999999997,-0.8660254037844404,0.3333333333333333,0.0,1.7588183223620384,1.990916802148463,1.9548218992425972,-0.08289128448999836,-0.6753342095670999,0.018684453185992066
control,C:\Users\hoytb\Desktop\PRAYCGStimulus\Field of dreams\1.8prep\Fieldofdreams1_8_MediaPrep_v1_7A_20260817_210857\stimulus_control_cued_phase_scrambled_Fieldofdreams1_8_v1_7A.mp4,35.0,118.99788891601563,31.674579681396533,36.30241433715829,74.49490698242204,0.08148416632413848,0.010121388888888864,1.6243232387088293,0.0,0.0,0.008948727722207974,-40.964774113943186,-0.0005901626620293289,1.0,0.0,1.0,11.0,-0.8660254037844313,-0.5000000000000128,0.3333333333333333,0.0,1.7561729580742704,1.3123604658272072,1.3545611187711923,0.3656934175516173,-0.7109018878459206,-0.2522183130671213
control,C:\Users\hoytb\Desktop\PRAYCGStimulus\Field of dreams\1.8prep\Fieldofdreams1_8_MediaPrep_v1_7A_20260817_210857\stimulus_control_cued_phase_scrambled_Fieldofdreams1_8_v1_7A.mp4,35.25,119.30724229736329,39.92522101287842,47.928519770812926,96.0915009613036,0.17038617952764,0.016285006944444447,4.552519616750767,0.0,1.0,0.0088135987299514,-41.09693452217799,-0.00013512899225657377,0.0,0.0,0.0,0.0,-1.0,-1.1759704174997533e-14,0.3333333333333333,0.0,1.7705698225137267,2.492982548088435,2.4425740600240196,2.788193057721906,-0.7190457858454932,-0.06495273432711973
control,C:\Users\hoytb\Desktop\PRAYCGStimulus\Field of dreams\1.8prep\Fieldofdreams1_8_MediaPrep_v1_7A_20260817_210857\stimulus_control_cued_phase_scrambled_Fieldofdreams1_8_v1_7A.mp4,35.5,119.64416091918945,39.844309890747084,39.78196784057603,81.09336934814428,0.09638150222897589,0.016533347222222234,2.269057637690846,0.0,0.0,0.008764332061294802,-41.14562352571755,-4.926666865659804e-05,0.0,0.0,0.0,0.0,-0.866025403784443,0.49999999999999234,0.3333333333333333,0.0,1.7862495338665774,1.665706453095882,1.686984483922929,0.7716323785327972,-0.7220149689764992,-0.029616760773908447
control,C:\Users\hoytb\Desktop\PRAYCGStimulus\Field of dreams\1.8prep\Fieldofdreams1_8_MediaPrep_v1_7A_20260817_210857\stimulus_control_cued_phase_scrambled_Fieldofdreams1_8_v1_7A.mp4,35.75,120.12590910034179,38.434468432617194,45.861138182067954,91.46712118530289,0.0685644423544404,0.012468972222222274,2.330363771639615,0.0,1.0,0.011679653621963805,-38.651400733284135,0.0029153215606690028,0.0,0.0,0.0,0.0,-0.5000000000000051,0.8660254037844357,0.3333333333333333,0.0,1.8086694060134099,2.2830415347317934,2.2096028310201956,0.013642597329468062,-0.5463155796036901,1.190436539386728
control,C:\Users\hoytb\Desktop\PRAYCGStimulus\Field of dreams\1.8prep\Fieldofdreams1_8_MediaPrep_v1_7A_20260817_210857\stimulus_control_cued_phase_scrambled_Fieldofdreams1_8_v1_7A.mp4,36.0,120.4094577758789,40.398863800048794,34.74010997924812,73.02611524658212,0.10610677611827829,0.010761249999999965,1.954224614378745,0.0,0.0,0.025194726246464984,-31.97380712192234,0.01351507262450118,0.0,0.0,0.0,0.0,-2.9391523179536475e-15,1.0,0.3333333333333333,0.0,1.821865356307897,1.1537096575503132,1.280564986873648,1.0366373165364358,0.2682052058526861,5.552681905668695
control,C:\Users\hoytb\Desktop\PRAYCGStimulus\Field of dreams\1.8prep\Fieldofdreams1_8_MediaPrep_v1_7A_20260817_210857\stimulus_control_cued_phase_scrambled_Fieldofdreams1_8_v1_7A.mp4,36.25,119.98656504821778,38.83407283782966,41.519873016357195,80.33224081420872,0.14121020588278707,0.017587743055555424,3.3306660178452745,0.0,0.0,0.024883738878383955,-32.08168729257488,-0.0003109873680810296,0.0,0.0,0.0,0.0,0.4999999999999877,0.8660254037844457,0.3333333333333333,0.0,1.8021845328882662,1.8421893896314356,1.6486396553037281,1.9931741024763538,0.24946274827556889,-0.13732588539853352
control,C:\Users\hoytb\Desktop\PRAYCGStimulus\Field of dreams\1.8prep\Fieldofdreams1_8_MediaPrep_v1_7A_20260817_210857\stimulus_control_cued_phase_scrambled_Fieldofdreams1_8_v1_7A.mp4,36.5,120.0650390258789,36.1898739196777,40.04097938232417,82.01053837280266,0.0849981566905977,0.018218791666666723,2.069935765528208,0.0,0.0,0.012020366241080679,-38.40164599692924,-0.012863372637303276,0.0,0.0,0.0,0.0,0.866025403784433,0.5000000000000098,0.3333333333333333,0.0,1.805836599704185,1.6920088763358416,1.7331904629361174,0.4614464842321594,-0.5257816529391105,-5.3031627193679505
control,C:\Users\hoytb\Desktop\PRAYCGStimulus\Field of dreams\1.8prep\Fieldofdreams1_8_MediaPrep_v1_7A_20260817_210857\stimulus_control_cued_phase_scrambled_Fieldofdreams1_8_v1_7A.mp4,36.75,119.6977152770996,39.12086782073974,47.56837943115235,95.42470229187015,0.07323598949611192,0.012245076388888894,2.594522549486029,0.0,1.0,0.010018599321463807,-39.98385983892813,-0.0020017669196168725,0.0,0.0,0.0,0.0,1.0,8.329455176111767e-15,0.3333333333333333,0.0,1.7887418771783454,2.456410573049785,2.4089814674946988,0.14093804162759638,-0.6464233105141548,-0.8331531005543771
control,C:\Users\hoytb\Desktop\PRAYCGStimulus\Field of dreams\1.8prep\Fieldofdreams1_8_MediaPrep_v1_7A_20260817_210857\stimulus_control_cued_phase_scrambled_Fieldofdreams1_8_v1_7A.mp4,37.0,119.48492062988281,33.68578630981449,47.05814025878916,98.82276210937518,0.10019131282567971,0.013945472222222227,3.0764063705261444,0.0,1.0,0.009731646301136805,-40.23627367879825,-0.00028695302032700175,0.0,0.0,0.0,0.0,0.8660254037844414,-0.49999999999999534,0.3333333333333333,0.0,1.778838718285832,2.404596176770281,2.5801720293125467,0.8754462795578019,-0.663717275999927,-0.12743473592811258
control,C:\Users\hoytb\Desktop\PRAYCGStimulus\Field of dreams\1.8prep\Fieldofdreams1_8_MediaPrep_v1_7A_20260817_210857\stimulus_control_cued_phase_scrambled_Fieldofdreams1_8_v1_7A.mp4,37.25,119.20216047363282,32.85824714660641,39.96039561004638,84.47136686706546,0.08352998949885408,0.023057999999999825,2.032786608067654,0.0,0.0,0.009814806416209573,-40.162365236137916,8.316011507276781e-05,0.0,1.0,0.0,0.0,0.5000000000000021,-0.8660254037844374,0.3333333333333333,0.0,1.7656794645525242,1.6838256561194087,1.8571643289346063,0.4214402530395384,-0.6587054167129176,0.024882455312983293
control,C:\Users\hoytb\Desktop\PRAYCGStimulus\Field of dreams\1.8prep\Fieldofdreams1_8_MediaPrep_v1_7A_20260817_210857\stimulus_control_cued_phase_scrambled_Fieldofdreams1_8_v1_7A.mp4,37.5,118.99812515258789,33.12511932373047,44.043063354492155,87.16966537475582,0.0478666666895153,0.014194097222222342,1.7380338522464522,0.0,0.0,0.009550747250891748,-40.39925295643542,-0.0002640591653178242,1.0,0.0,4.0,12.0,1.3719758034269886e-14,-1.0,0.3333333333333333,0.0,1.7561839521868665,2.0984174315969804,1.9931016762126583,-0.5503531131594768,-0.6746196248505574,-0.11801294740414606
control,C:\Users\hoytb\Desktop\PRAYCGStimulus\Field of dreams\1.8prep\Fieldofdreams1_8_MediaPrep_v1_7A_20260817_210857\stimulus_control_cued_phase_scrambled_Fieldofdreams1_8_v1_7A.mp4,37.75,119.1090188659668,38.853374285888734,47.29870891876219,92.31780850219724,0.08888287084847753,0.015263819444444377,2.8769108357315125,0.0,1.0,0.008789499266908404,-41.120717313948,-0.0007612479839833441,1.0,0.0,4.0,12.0,-0.4999999999999907,-0.866025403784444,0.3333333333333333,0.0,1.7613447871897008,2.429025739523254,2.252459533824618,0.5673014397109141,-0.7204982022780376,-0.32262715082551885
control,C:\Users\hoytb\Desktop\PRAYCGStimulus\Field of dreams\1.8prep\Fieldofdreams1_8_MediaPrep_v1_7A_20260817_210857\stimulus_control_cued_phase_scrambled_Fieldofdreams1_8_v1_7A.mp4,38.0,119.24697335205077,35.477572113037134,45.52341735839851,89.80787847900402,0.0764923324763771,0.016467277777777824,2.4532137161468355,0.0,1.0,0.008594103202236842,-41.31598870695165,-0.00019539606467156197,1.0,0.0,4.0,12.0,-0.8660254037844347,-0.5000000000000068,0.3333333333333333,0.0,1.7677649918964136,2.2487462443321897,2.1260119861444786,0.22967044951926327,-0.7322742511749439,-0.08975518070519671
control,C:\Users\hoytb\Desktop\PRAYCGStimulus\Field of dreams\1.8prep\Fieldofdreams1_8_MediaPrep_v1_7A_20260817_210857\stimulus_control_cued_phase_scrambled_Fieldofdreams1_8_v1_7A.mp4,38.25,119.67001569519043,33.67358244171142,38.458586254882796,80.26701213378904,0.1173083576828242,0.010331340277777778,2.5498875257415334,0.0,0.0,0.008400288075739077,-41.51411640258885,-0.00019381512649776535,0.0,0.0,0.0,0.0,-1.0,-4.899206177226001e-15,0.3333333333333333,0.0,1.7874527782066816,1.5313180689337602,1.6453535052512311,1.3418703065626034,-0.7439550207463996,-0.08910455785740605
control,C:\Users\hoytb\Desktop\PRAYCGStimulus\Field of dreams\1.8prep\Fieldofdreams1_8_MediaPrep_v1_7A_20260817_210857\stimulus_control_cued_phase_scrambled_Fieldofdreams1_8_v1_7A.mp4,38.5,119.66567891845703,35.73898164367676,42.29514687499999,87.7963168762207,0.061030204015970584,0.009694347222222226,1.8225860839723782,0.0,0.0,0.008279482091365342,-41.63993657701396,-0.00012080598437373517,0.0,0.0,0.0,0.0,-0.8660254037844396,0.4999999999999983,0.3333333333333333,0.0,1.7872509508128354,1.9209178548545343,2.0246716980372117,-0.19165859896764176,-0.7512357056538221,-0.059058211484849896
control,C:\Users\hoytb\Desktop\PRAYCGStimulus\Field of dreams\1.8prep\Fieldofdreams1_8_MediaPrep_v1_7A_20260817_210857\stimulus_control_cued_phase_scrambled_Fieldofdreams1_8_v1_7A.mp4,38.75,119.70682244873046,34.79451537323,37.54787750244151,76.89988722229026,0.06847132515907223,0.01127635416666663,1.4922050191349194,0.0,0.0,0.008366440286315306,-41.54918568461283,8.695819494996399e-05,0.0,0.0,0.0,0.0,-0.5000000000000114,0.866025403784432,0.3333333333333333,0.0,1.7891657119359459,1.4388362942090689,1.475721410389059,0.011105237778827727,-0.745994945265742,0.02644552563843656
control,C:\Users\hoytb\Desktop\PRAYCGStimulus\Field of dreams\1.8prep\Fieldofdreams1_8_MediaPrep_v1_7A_20260817_210857\stimulus_control_cued_phase_scrambled_Fieldofdreams1_8_v1_7A.mp4,39.0,119.3115403076172,39.42247128906251,37.15537851562494,75.56353796386706,0.09731566772460958,0.011099055555555548,2.0233009879484167,0.0,0.0,0.008583682250272496,-41.32652734710752,0.00021724196395719007,0.0,0.0,0.0,0.0,-1.028950903538412e-14,1.0,0.3333333333333333,0.0,1.7707698457709975,1.3989783233911375,1.4083975866129659,0.797087545356207,-0.7329022967811374,0.08006280063206753
control,C:\Users\hoytb\Desktop\PRAYCGStimulus\Field of dreams\1.8prep\Fieldofdreams1_8_MediaPrep_v1_7A_20260817_210857\stimulus_control_cued_phase_scrambled_Fieldofdreams1_8_v1_7A.mp4,39.25,119.42900520324707,38.58999669494626,47.556022712707666,96.4242252655033,0.06166454995870537,0.012068416666666743,2.364380178169042,0.0,1.0,0.012504549643505343,-38.058638898226945,0.003920867393232847,0.0,0.0,0.0,0.0,0.4999999999999936,0.8660254037844423,0.3333333333333333,0.0,1.7762364942084934,2.4551557577770926,2.4593363489846127,-0.17437324442228508,-0.4966010886754069,1.604261130386125
control,C:\Users\hoytb\Desktop\PRAYCGStimulus\Field of dreams\1.8prep\Fieldofdreams1_8_MediaPrep_v1_7A_20260817_210857\stimulus_control_cued_phase_scrambled_Fieldofdreams1_8_v1_7A.mp4,39.5,119.80437960815429,40.25592693481445,38.05877852172855,76.63400729980474,0.0772549844861031,0.00996466666666666,1.717354914195817,0.0,0.0,0.01563306823673087,-36.11911552862054,0.003128518593225528,0.0,0.0,0.0,0.0,0.8660254037844365,0.5000000000000038,0.3333333333333333,0.0,1.7937058827697174,1.4907179005356375,1.4623266687568173,0.25045202861474786,-0.3080528290641874,1.2781761251349366
control,C:\Users\hoytb\Desktop\PRAYCGStimulus\Field of dreams\1.8prep\Fieldofdreams1_8_MediaPrep_v1_7A_20260817_210857\stimulus_control_cued_phase_scrambled_Fieldofdreams1_8_v1_7A.mp4,39.75,120.05445115356446,37.737468739318885,42.11209985504139,84.25069223022442,0.11877290976643509,0.013522527777777751,2.946403089422987,0.0,1.0,0.01187078475665913,-38.510411392339755,-0.003762283480071741,0.0,0.0,0.0,0.0,1.0,1.5679811893542238e-14,0.3333333333333333,0.0,1.8053438552520336,1.9023295704897931,1.8460469804803037,1.3817780293206554,-0.5347965677357869,-1.5576800410323925
control,C:\Users\hoytb\Desktop\PRAYCGStimulus\Field of dreams\1.8prep\Fieldofdreams1_8_MediaPrep_v1_7A_20260817_210857\stimulus_control_cued_phase_scrambled_Fieldofdreams1_8_v1_7A.mp4,40.0,119.6582670288086,33.25705014038087,40.98645278930667,83.95117498779301,0.1102829211354257,0.014704722222222223,2.6652187571950927,0.0,0.0,0.008630272650876944,-41.27950967240458,-0.003240512105782186,0.0,0.0,0.0,0.0,0.866025403784445,-0.49999999999998895,0.3333333333333333,0.0,1.7869060120568925,1.788020975042864,1.8309576272141177,1.1504334999612233,-0.730094405861908,-1.3429490774421686
control,C:\Users\hoytb\Desktop\PRAYCGStimulus\Field of dreams\1.8prep\Fieldofdreams1_8_MediaPrep_v1_7A_20260817_210857\stimulus_control_cued_phase_scrambled_Fieldofdreams1_8_v1_7A.mp4,40.25,119.18907959289551,39.355093418884415,49.99244404144308,100.50854271545444,0.11741444339156032,0.01869426388888895,3.712295943891471,0.0,1.0,0.008548514702913717,-41.36218673919078,-8.175794796322702e-05,0.0,1.0,0.0,0.0,0.5000000000000084,-0.8660254037844337,0.3333333333333333,0.0,1.7650706990497738,2.702572473444452,2.6650998247473647,1.3447610464005437,-0.7350217599237414,-0.04298829485488651
control,C:\Users\hoytb\Desktop\PRAYCGStimulus\Field of dreams\1.8prep\Fieldofdreams1_8_MediaPrep_v1_7A_20260817_210857\stimulus_control_cued_phase_scrambled_Fieldofdreams1_8_v1_7A.mp4,40.5,118.90216896362304,34.270333087158114,40.58271551513666,85.4037921813964,0.17320420893430732,0.016553055555555515,3.8692738565462137,0.0,0.0,0.008379698365934742,-41.535432276400314,-0.0001688163369789747,1.0,0.0,10.0,13.0,6.859260036498355e-15,-1.0,0.3333333333333333,0.0,1.7517182882311806,1.7470217647710173,1.9041389032464553,2.864981816239829,-0.7451959128280109,-0.07881649985639323
control,C:\Users\hoytb\Desktop\PRAYCGStimulus\Field of dreams\1.8prep\Fieldofdreams1_8_MediaPrep_v1_7A_20260817_210857\stimulus_control_cued_phase_scrambled_Fieldofdreams1_8_v1_7A.mp4,40.75,119.0473020111084,41.5177684402466,43.936774246215904,89.26234369506852,0.12260070928931374,0.019478930555555586,3.2056851703841014,0.0,1.0,0.0081610510189839,-41.76507814162364,-0.00021864734695084195,1.0,0.0,10.0,13.0,-0.4999999999999966,-0.8660254037844406,0.3333333333333333,0.0,1.758472572930541,2.087623854242044,2.0985285364206105,1.4860821123518406,-0.75837326035136,-0.09932406565089971
control,C:\Users\hoytb\Desktop\PRAYCGStimulus\Field of dreams\1.8prep\Fieldofdreams1_8_MediaPrep_v1_7A_20260817_210857\stimulus_control_cued_phase_scrambled_Fieldofdreams1_8_v1_7A.mp4,41.0,119.35530065917969,37.72821016845704,42.826252783203124,88.00251273193359,0.08729261486530303,0.01573180555555556,2.395522783912815,0.0,0.0,0.008284376021267793,-41.63480393992279,0.00012332500228389234,1.0,0.0,10.0,13.0,-0.866025403784431,-0.5000000000000131,0.3333333333333333,0.0,1.7728063900186266,1.9748512521406891,2.0350596212286045,0.5239683991171029,-0.7509407603184278,0.0414120032305569
control,C:\Users\hoytb\Desktop\PRAYCGStimulus\Field of dreams\1.8prep\Fieldofdreams1_8_MediaPrep_v1_7A_20260817_210857\stimulus_control_cued_phase_scrambled_Fieldofdreams1_8_v1_7A.mp4,41.25,119.9105044555664,38.1162283325195,47.179831054687455,95.311667602539,0.07840001013875028,0.014727743055555544,2.6575860159697013,0.0,1.0,0.01092063958426723,-39.23503851427742,0.002636263562999437,0.0,0.0,0.0,0.0,-1.0,-1.2249562894656474e-14,0.3333333333333333,0.0,1.798644781563046,2.4169537836804658,2.403286902651602,0.28165294444973704,-0.5920595224838971,1.0755923840922088
control,C:\Users\hoytb\Desktop\PRAYCGStimulus\Field of dreams\1.8prep\Fieldofdreams1_8_MediaPrep_v1_7A_20260817_210857\stimulus_control_cued_phase_scrambled_Fieldofdreams1_8_v1_7A.mp4,41.5,120.09165444335937,40.14133062133789,46.288395870971684,87.24720396118164,0.07831917024850844,0.011237833333333332,2.566308216464721,0.0,1.0,0.011160272342734654,-39.04650414392226,0.00023963275846742432,0.0,0.0,0.0,0.0,-0.8660254037844433,0.49999999999999195,0.3333333333333333,0.0,1.807075243212126,2.326429225064916,1.9970079859557706,0.27945013038551575,-0.577617434892439,0.0892775585081198
control,C:\Users\hoytb\Desktop\PRAYCGStimulus\Field of dreams\1.8prep\Fieldofdreams1_8_MediaPrep_v1_7A_20260817_210857\stimulus_control_cued_phase_scrambled_Fieldofdreams1_8_v1_7A.mp4,41.75,119.82618184204102,36.31251711578361,41.77752425231922,87.41223529357889,0.11740547452569078,0.017503916666666685,2.885694889197268,0.0,0.0,0.008861962824815894,-41.04940152160357,-0.00229830951791876,0.0,0.0,0.0,0.0,-0.5000000000000056,0.8660254037844355,0.3333333333333333,0.0,1.7947205275891056,1.8683536748630243,2.0053220851853055,1.3445166528985433,-0.7161309986570397,-0.955192907674144
control,C:\Users\hoytb\Desktop\PRAYCGStimulus\Field of dreams\1.8prep\Fieldofdreams1_8_MediaPrep_v1_7A_20260817_210857\stimulus_control_cued_phase_scrambled_Fieldofdreams1_8_v1_7A.mp4,42.0,119.50383383789062,40.085746282958986,41.54774758911132,85.70813946533201,0.09515061371326448,0.015694666666666666,2.4223469634343604,0.0,1.0,0.008778581940178316,-41.131512654224295,-8.338088463757769e-05,0.0,0.0,0.0,0.0,-3.429011037612589e-15,1.0,0.3333333333333333,0.0,1.7797189119679493,1.8450200310973086,1.919471588756073,0.7380917771565938,-0.7211561631925173,-0.0436562018599493
control,C:\Users\hoytb\Desktop\PRAYCGStimulus\Field of dreams\1.8prep\Fieldofdreams1_8_MediaPrep_v1_7A_20260817_210857\stimulus_control_cued_phase_scrambled_Fieldofdreams1_8_v1_7A.mp4,42.25,119.62299184875488,40.071340965271,43.86145494384761,88.6904493713378,0.07124836759567277,0.013009548611111116,2.182286779351646,0.0,1.0,0.00862820639210339,-41.28158949597533,-0.0001503755480749252,0.0,0.0,0.0,0.0,0.49999999999998723,0.866025403784446,0.3333333333333333,0.0,1.7852643555697438,2.0799752369037647,2.069717121719917,0.08677713834651324,-0.730218934287759,-0.07122733616161955
control,C:\Users\hoytb\Desktop\PRAYCGStimulus\Field of dreams\1.8prep\Fieldofdreams1_8_MediaPrep_v1_7A_20260817_210857\stimulus_control_cued_phase_scrambled_Fieldofdreams1_8_v1_7A.mp4,42.5,120.02103567504884,36.10664440917968,46.84581163024902,90.1412909851074,0.07996860745549209,0.015700833333333337,2.6550126037485473,0.0,1.0,0.008523036091891383,-41.3881134485354,-0.00010517030021200795,0.0,0.0,0.0,0.0,0.8660254037844327,0.5000000000000102,0.3333333333333333,0.0,1.8037887466177809,2.3830343675314727,2.142808945969289,0.3243958059266854,-0.7365572942740805,-0.05262346689769882
control,C:\Users\hoytb\Desktop\PRAYCGStimulus\Field of dreams\1.8prep\Fieldofdreams1_8_MediaPrep_v1_7A_20260817_210857\stimulus_control_cued_phase_scrambled_Fieldofdreams1_8_v1_7A.mp4,42.75,120.40897353210448,35.098848443603515,37.715413038635376,74.68501092529316,0.03989307258427218,0.01525018750000002,0.9437412857641048,0.0,0.0,0.008368295887193688,-41.54725944635739,-0.000154740204697695,0.0,0.0,0.0,0.0,1.0,8.819313895770708e-15,0.3333333333333333,0.0,1.8218428202944046,1.4558493993045538,1.3641383488765146,-0.7676263576539514,-0.7458831126824517,-0.07302357675382135
control,C:\Users\hoytb\Desktop\PRAYCGStimulus\Field of dreams\1.8prep\Fieldofdreams1_8_MediaPrep_v1_7A_20260817_210857\stimulus_control_cued_phase_scrambled_Fieldofdreams1_8_v1_7A.mp4,43.0,120.17459321289063,35.173922689819356,45.93298897705082,92.4669574340821,0.05920536053180665,0.012164416666666678,2.152456238219028,0.0,1.0,0.00835696858612352,-41.55902460584776,-1.1327301070167273e-05,0.0,0.0,0.0,0.0,0.8660254037844416,-0.4999999999999949,0.3333333333333333,0.0,1.810935095063478,2.290337927807607,2.2599734949716144,-0.2413839372863032,-0.7465657817602372,-0.014003108202548758
control,C:\Users\hoytb\Desktop\PRAYCGStimulus\Field of dreams\1.8prep\Fieldofdreams1_8_MediaPrep_v1_7A_20260817_210857\stimulus_control_cued_phase_scrambled_Fieldofdreams1_8_v1_7A.mp4,43.25,112.28479918823271,24.803505618667828,36.48069106292735,72.93165397644061,0.23331661961674247,0.006288729166666812,4.6457165234731095,0.0,0.0,0.009071828944286438,-40.84610294507843,0.0007148603581629172,0.0,1.0,0.0,0.0,0.5000000000000026,-0.8660254037844372,0.3333333333333333,0.0,1.4437553521642774,1.3304643304788129,1.2758061307104196,4.5029907656505745,-0.7034828745054953,0.28485379253634446
control,C:\Users\hoytb\Desktop\PRAYCGStimulus\Field of dreams\1.8prep\Fieldofdreams1_8_MediaPrep_v1_7A_20260817_210857\stimulus_control_cued_phase_scrambled_Fieldofdreams1_8_v1_7A.mp4,43.5,100.30617037353515,15.589392652130128,23.122354087829546,47.37474465942374,0.20118950936496147,5.6777777777777366e-05,2.6663441826016507,1.0,0.0,0.010735182939248696,-39.38381100543297,0.0016633539949622578,1.0,0.0,10.0,14.0,1.4209616753928827e-14,-1.0,0.3333333333333333,0.0,0.8862870792639206,-0.026064535106186584,-0.011723194632730876,3.6275560007876195,-0.6032365465640157,0.6751989947169684
control,C:\Users\hoytb\Desktop\PRAYCGStimulus\Field of dreams\1.8prep\Fieldofdreams1_8_MediaPrep_v1_7A_20260817_210857\stimulus_control_cued_phase_scrambled_Fieldofdreams1_8_v1_7A.mp4,43.75,100.1055933380127,16.039384517669674,17.816017169952385,37.875403289794896,0.022108855899423584,0.0,-1.4099412115117784,0.0,0.0,0.011173670496049587,-39.036082795946456,0.0004384875568008914,1.0,0.0,10.0,14.0,-0.49999999999999023,-0.8660254037844443,0.3333333333333333,0.0,0.8769525105661259,-0.5649189758227493,-0.49028969237034264,-1.2522302149494946,-0.5768099605513866,0.17111470896281053
control,C:\Users\hoytb\Desktop\PRAYCGStimulus\Field of dreams\1.8prep\Fieldofdreams1_8_MediaPrep_v1_7A_20260817_210857\stimulus_control_cued_phase_scrambled_Fieldofdreams1_8_v1_7A.mp4,44.0,100.20902530517579,15.512033093261717,17.89395010986328,36.471206652832024,0.028353334680199675,0.0,-1.2785765955787143,0.0,0.0,0.010096728563930313,-39.91638637849492,-0.0010769419321192738,1.0,0.0,10.0,14.0,-0.8660254037844345,-0.5000000000000072,0.3333333333333333,0.0,0.8817660865595941,-0.5570049455983205,-0.5610315933651598,-1.0820738028010546,-0.6417146497685541,-0.45254854748153966
control,C:\Users\hoytb\Desktop\PRAYCGStimulus\Field of dreams\1.8prep\Fieldofdreams1_8_MediaPrep_v1_7A_20260817_210857\stimulus_control_cued_phase_scrambled_Fieldofdreams1_8_v1_7A.mp4,44.25,100.40645992126464,15.270956719207765,17.310400709533685,35.38357302093505,0.03934640285521765,0.0,-1.119823571820872,0.0,0.0,0.00946057157541536,-40.48165248341376,-0.0006361569885149528,0.0,0.0,0.0,0.0,-1.0,-5.389064896884942e-15,0.3333333333333333,0.0,0.8909544115460695,-0.6162639392528144,-0.6158253940914631,-0.7825226144900613,-0.6800542950191018,-0.2711469215201801
control,C:\Users\hoytb\Desktop\PRAYCGStimulus\Field of dreams\1.8prep\Fieldofdreams1_8_MediaPrep_v1_7A_20260817_210857\stimulus_control_cued_phase_scrambled_Fieldofdreams1_8_v1_7A.mp4,44.5,100.47663565063476,15.307601108551022,18.114524516296377,37.06369346313474,0.03299887163937079,0.0,-1.1644915098660242,0.0,0.0,0.009424279534482615,-40.51503681336967,-3.629204093274531e-05,0.0,0.0,0.0,0.0,-0.8660254037844469,0.49999999999998557,0.3333333333333333,0.0,0.8942202897410331,-0.5346057839441742,-0.53118275156347,-0.9554871125060977,-0.6822415286735303,-0.024277153331547646
control,C:\Users\hoytb\Desktop\PRAYCGStimulus\Field of dreams\1.8prep\Fieldofdreams1_8_MediaPrep_v1_7A_20260817_210857\stimulus_control_cued_phase_scrambled_Fieldofdreams1_8_v1_7A.mp4,44.75,100.51437925720215,15.231989168167122,17.035503142929116,35.1715680465699,0.03933763353973632,0.0,-1.1476518269549947,0.0,0.0,0.010210163619969275,-39.81934596313016,0.00078588408548666,0.0,0.0,0.0,0.0,-0.5000000000000119,0.8660254037844318,0.3333333333333333,0.0,0.8959768232718439,-0.6441795761223837,-0.6265059743692983,-0.7827615704240448,-0.6348781929095919,0.3140830568415441
control,C:\Users\hoytb\Desktop\PRAYCGStimulus\Field of dreams\1.8prep\Fieldofdreams1_8_MediaPrep_v1_7A_20260817_210857\stimulus_control_cued_phase_scrambled_Fieldofdreams1_8_v1_7A.mp4,45.0,100.54588024902344,15.103656883239747,16.60302785491944,33.65590701293946,0.04172554919123653,0.0,-1.1439226672726175,0.0,0.0,0.01048620675023675,-39.58763167546315,0.00027604313026747575,0.0,0.0,0.0,0.0,-1.0779367755043061e-14,1.0,0.3333333333333333,0.0,0.8974428344302927,-0.6880971096395391,-0.7028633305688504,-0.717693023626632,-0.6182417401481256,0.10426196471850066
control,C:\Users\hoytb\Desktop\PRAYCGStimulus\Field of dreams\1.8prep\Fieldofdreams1_8_MediaPrep_v1_7A_20260817_210857\stimulus_control_cued_phase_scrambled_Fieldofdreams1_8_v1_7A.mp4,45.25,100.55203896484375,15.87214710235595,19.01330363311765,38.78401022338862,0.029010431556403787,0.0,-1.1529709657011198,0.0,0.0,0.009896807835109076,-40.09009724485176,-0.0005893989151276747,0.0,0.0,0.0,0.0,0.4999999999999932,0.8660254037844426,0.3333333333333333,0.0,0.8977294522665025,-0.44333545455917056,-0.4445150622027936,-1.0641685058476804,-0.6537633892457861,-0.25190399895137555
control,C:\Users\hoytb\Desktop\PRAYCGStimulus\Field of dreams\1.8prep\Fieldofdreams1_8_MediaPrep_v1_7A_20260817_210857\stimulus_control_cued_phase_scrambled_Fieldofdreams1_8_v1_7A.mp4,45.5,100.65007182617188,15.3415856010437,17.113548851013185,35.182294024658205,0.03307312223911286,0.0,-1.2637212107986568,0.0,0.0,0.009600850788549036,-40.353805595803614,-0.00029595704656004,0.0,0.0,0.0,0.0,0.8660254037844362,0.5000000000000042,0.3333333333333333,0.0,0.902291761587334,-0.6362540943765331,-0.6259656112463412,-0.9534638506622309,-0.6716000056460869,-0.13114027311256343
control,C:\Users\hoytb\Desktop\PRAYCGStimulus\Field of dreams\1.8prep\Fieldofdreams1_8_MediaPrep_v1_7A_20260817_210857\stimulus_control_cued_phase_scrambled_Fieldofdreams1_8_v1_7A.mp4,45.75,100.57964100341798,16.428799333953855,19.029205433654802,39.27063428649906,0.049134108518064046,0.0,-0.7532967231749024,0.0,0.0,0.010339809547257434,-39.7097492111135,0.0007389587587083978,0.0,0.0,0.0,0.0,1.0,1.6169670613201182e-14,0.3333333333333333,0.0,0.8990140117107042,-0.44172063892129343,-0.41999947059112913,-0.5158164669918828,-0.6270647459929596,0.2947713024364613
control,C:\Users\hoytb\Desktop\PRAYCGStimulus\Field of dreams\1.8prep\Fieldofdreams1_8_MediaPrep_v1_7A_20260817_210857\stimulus_control_cued_phase_scrambled_Fieldofdreams1_8_v1_7A.mp4,46.0,100.52859715576172,16.08542684326173,17.531868591308605,35.869363403320335,0.03215333903431926,0.0,-1.2398327071379718,0.0,0.0,0.012786764276982672,-37.864786818017016,0.002446954729725238,0.0,0.0,0.0,0.0,0.8660254037844453,-0.49999999999998856,0.3333333333333333,0.0,0.8966385039597493,-0.593774045863563,-0.5913518024089881,-0.9785271130379295,-0.4795926943209059,0.997683801544039
control,C:\Users\hoytb\Desktop\PRAYCGStimulus\Field of dreams\1.8prep\Fieldofdreams1_8_MediaPrep_v1_7A_20260817_210857\stimulus_control_cued_phase_scrambled_Fieldofdreams1_8_v1_7A.mp4,46.25,100.33232250976563,16.013592147827147,16.992477287292484,34.236033279418955,0.021470071319490663,0.0005672916666666597,-1.5054256487928745,0.0,0.0,0.013433418213761313,-37.436269288068345,0.0006466539367786413,0.0,1.0,0.0,0.0,0.5000000000000089,-0.8660254037844335,0.3333333333333333,0.0,0.88750416232431,-0.6485488187344236,-0.6736371995359853,-1.2696365183533516,-0.44062042335074997,0.2567839686468517
control,C:\Users\hoytb\Desktop\PRAYCGStimulus\Field of dreams\1.8prep\Fieldofdreams1_8_MediaPrep_v1_7A_20260817_210857\stimulus_control_cued_phase_scrambled_Fieldofdreams1_8_v1_7A.mp4,46.5,100.43061008300782,15.64704223861694,19.768932366943382,40.55698769531255,0.046119790080189904,1.6916666666660853e-05,-0.7385073905629916,0.0,0.0,0.010824489932670801,-39.311851182099325,-0.002608928281090512,1.0,0.0,6.0,15.0,7.349118756157295e-15,-1.0,0.3333333333333333,0.0,0.8920783255737514,-0.36660193668109325,-0.35519438340088294,-0.5979539244912273,-0.5978542297648408,-1.0830256513080623
control,C:\Users\hoytb\Desktop\PRAYCGStimulus\Field of dreams\1.8prep\Fieldofdreams1_8_MediaPrep_v1_7A_20260817_210857\stimulus_control_cued_phase_scrambled_Fieldofdreams1_8_v1_7A.mp4,46.75,100.22775400695801,16.125753784179686,19.268910050201427,39.26747259826663,0.04573531206399214,0.00031487500000000336,-0.7964153140790032,0.0,0.0,0.008932390495488596,-40.98064598347827,-0.0018920994371822049,1.0,0.0,6.0,15.0,-0.49999999999999617,-0.8660254037844408,0.3333333333333333,0.0,0.8826376935855494,-0.41737881911500724,-0.4201587530092945,-0.6084306035036637,-0.7118864930426047,-0.7880202984535057
control,C:\Users\hoytb\Desktop\PRAYCGStimulus\Field of dreams\1.8prep\Fieldofdreams1_8_MediaPrep_v1_7A_20260817_210857\stimulus_control_cued_phase_scrambled_Fieldofdreams1_8_v1_7A.mp4,47.0,100.04773332519531,16.170152941894532,18.58534595336914,37.35687276611328,0.03203180931210521,0.0,-1.1362565654710188,0.0,0.0,0.008608549489429681,-41.30140038874657,-0.0003238410060589156,1.0,0.0,6.0,15.0,-0.8660254037844308,-0.5000000000000135,0.3333333333333333,0.0,0.8742597882258424,-0.4867942284252481,-0.5164126968011286,-0.98183868830743,-0.7314036083365246,-0.14261570044902278
control,C:\Users\hoytb\Desktop\PRAYCGStimulus\Field of dreams\1.8prep\Fieldofdreams1_8_MediaPrep_v1_7A_20260817_210857\stimulus_control_cued_phase_scrambled_Fieldofdreams1_8_v1_7A.mp4,47.25,115.53595473022439,27.116029213714448,30.675770584869223,62.243831958007476,0.30624266864955035,0.016539208333333107,5.504319002772341,1.0,1.0,0.008562771267929975,-41.34771313630684,-4.577822149970552e-05,0.0,0.0,0.0,0.0,-1.0,-1.2739421614315414e-14,0.3333333333333333,0.0,1.59505948663255,0.7409791119526745,0.7373652690989451,6.4901597978818915,-0.7341625511826873,-0.02818111739379191
control,C:\Users\hoytb\Desktop\PRAYCGStimulus\Field of dreams\1.8prep\Fieldofdreams1_8_MediaPrep_v1_7A_20260817_210857\stimulus_control_cued_phase_scrambled_Fieldofdreams1_8_v1_7A.mp4,47.5,129.09216116333005,36.4566757507324,43.17757655334464,86.12808029174792,0.1591389523446637,0.03715048611111093,3.852087256530771,0.0,0.0,0.008466526039084519,-41.44589503094529,-9.624522884545648e-05,0.0,0.0,0.0,0.0,-0.8660254037844436,0.4999999999999915,0.3333333333333333,0.0,2.22594596823649,2.010527911312527,1.9406277513504016,2.4817162657812655,-0.7399630186735916,-0.048950422976382496
control,C:\Users\hoytb\Desktop\PRAYCGStimulus\Field of dreams\1.8prep\Fieldofdreams1_8_MediaPrep_v1_7A_20260817_210857\stimulus_control_cued_phase_scrambled_Fieldofdreams1_8_v1_7A.mp4,47.75,132.15205126342772,36.808163983154294,41.34543762054445,83.28746194763187,0.05523152732998132,0.01870152777777793,1.6123390733464882,0.0,0.0,0.008665215280402688,-41.244412861277524,0.00019868924131816873,0.0,0.0,0.0,0.0,-0.5000000000000059,0.8660254037844353,0.3333333333333333,0.0,2.368348882272308,1.8244756090881806,1.7975204853351845,-0.3496673062971126,-0.7279884979738791,0.07242757147653245
control,C:\Users\hoytb\Desktop\PRAYCGStimulus\Field of dreams\1.8prep\Fieldofdreams1_8_MediaPrep_v1_7A_20260817_210857\stimulus_control_cued_phase_scrambled_Fieldofdreams1_8_v1_7A.mp4,48.0,132.52989790039064,34.10321383666992,32.23684538574222,65.67955941772469,0.10913774759769446,0.0062271111111110895,1.7623522324717928,0.0,0.0,0.009639328123407802,-40.31906472034825,0.0009741128430051146,0.0,0.0,0.0,0.0,-3.91886975727153e-15,1.0,0.3333333333333333,0.0,2.385933324981684,0.8995050596562862,0.9104534858078106,1.1192285543911356,-0.669281069604662,0.3915471425866893
control,C:\Users\hoytb\Desktop\PRAYCGStimulus\Field of dreams\1.8prep\Fieldofdreams1_8_MediaPrep_v1_7A_20260817_210857\stimulus_control_cued_phase_scrambled_Fieldofdreams1_8_v1_7A.mp4,48.25,132.4690997253418,33.3132598388672,38.45326956787109,78.62741395874025,0.09244308464676187,0.0030938819444444295,2.057482737545076,0.0,0.0,0.009744867212741622,-40.22448148645759,0.00010553908933381984,0.0,0.0,0.0,0.0,0.49999999999998684,0.8660254037844463,0.3333333333333333,0.0,2.3831038647684766,1.5307781634489603,1.562752330517289,0.6643140531995526,-0.662920483588669,0.03409234865713166
control,C:\Users\hoytb\Desktop\PRAYCGStimulus\Field of dreams\1.8prep\Fieldofdreams1_8_MediaPrep_v1_7A_20260817_210857\stimulus_control_cued_phase_scrambled_Fieldofdreams1_8_v1_7A.mp4,48.5,132.0568407836914,35.92691176452632,37.43933960571291,74.33226436157231,0.06710128115713565,0.004411263888888892,1.4541846816712796,0.0,0.0,0.00937850864395156,-40.55732433852201,-0.0003663585687900626,0.0,0.0,0.0,0.0,0.8660254037844325,0.5000000000000107,0.3333333333333333,0.0,2.363917922558831,1.4278143541130301,1.3463673602342296,-0.02622722503179059,-0.6850000296999181,-0.1601134737356432
control,C:\Users\hoytb\Desktop\PRAYCGStimulus\Field of dreams\1.8prep\Fieldofdreams1_8_MediaPrep_v1_7A_20260817_210857\stimulus_control_cued_phase_scrambled_Fieldofdreams1_8_v1_7A.mp4,48.75,132.07120736694336,34.72014056396487,47.067041397094656,89.83744990539537,0.11528545463085152,0.006048784722222209,3.3758850942055303,0.0,1.0,0.009367679196119692,-40.56735980812949,-1.082944783186747e-05,0.0,0.0,0.0,0.0,1.0,9.309172615429648e-15,0.3333333333333333,0.0,2.364586522819916,2.4055000805324394,2.127501762478495,1.2867480237377393,-0.6856526943654472,-0.013798220562378402
control,C:\Users\hoytb\Desktop\PRAYCGStimulus\Field of dreams\1.8prep\Fieldofdreams1_8_MediaPrep_v1_7A_20260817_210857\stimulus_control_cued_phase_scrambled_Fieldofdreams1_8_v1_7A.mp4,49.0,132.3619014892578,33.25235377807618,40.663471771240445,79.87291706543002,0.11963938925266278,0.0029959722222223,2.817810804661396,0.0,0.0,0.008903446366711611,-41.00883706089547,-0.0004642328294080806,0.0,0.0,0.0,0.0,0.8660254037844418,-0.4999999999999945,0.3333333333333333,0.0,2.378115011999753,1.7552225005875768,1.6254994238679437,1.4053888134633798,-0.7136308857780932,-0.2003928668353586
control,C:\Users\hoytb\Desktop\PRAYCGStimulus\Field of dreams\1.8prep\Fieldofdreams1_8_MediaPrep_v1_7A_20260817_210857\stimulus_control_cued_phase_scrambled_Fieldofdreams1_8_v1_7A.mp4,49.25,132.66488524780274,34.47586879577637,39.92097762145996,90.43200940551759,0.08673446948826312,0.011673381944444415,2.092210247911114,0.0,0.0,0.008673975920059463,-41.23563575572466,-0.00022947044665214827,0.0,1.0,0.0,0.0,0.5000000000000153,-0.8660254037844298,0.3333333333333333,0.0,2.3922154432933302,1.6798227896368174,2.1574550241414383,0.5087594412282996,-0.7274605153804744,-0.10377822841722435
control,C:\Users\hoytb\Desktop\PRAYCGStimulus\Field of dreams\1.8prep\Fieldofdreams1_8_MediaPrep_v1_7A_20260817_210857\stimulus_control_cued_phase_scrambled_Fieldofdreams1_8_v1_7A.mp4,49.5,132.7089751220703,34.44998952941894,40.624349319458005,85.65724234619141,0.09145433154702187,0.017057694444444445,2.2563351548301953,0.0,0.0,0.008709251513746958,-41.20038334527261,3.527559368749454e-05,1.0,0.0,6.0,16.0,1.469947547358777e-14,-1.0,0.3333333333333333,0.0,2.394267323056912,1.7512496456405675,1.9169074471904348,0.637371423420691,-0.7253345405465923,0.005175951804398131
control,C:\Users\hoytb\Desktop\PRAYCGStimulus\Field of dreams\1.8prep\Fieldofdreams1_8_MediaPrep_v1_7A_20260817_210857\stimulus_control_cued_phase_scrambled_Fieldofdreams1_8_v1_7A.mp4,49.75,132.75472705078124,34.87679678039551,39.515848374938976,80.2613688446045,0.0728491875529291,0.0122100416666667,1.7767837873628292,0.0,0.0,0.00881833396935363,-41.092269149578954,0.00010908245560667211,1.0,0.0,6.0,16.0,-0.4999999999999898,-0.8660254037844445,0.3333333333333333,0.0,2.396396552459951,1.6386822256412459,1.6450692024732094,0.1303980377017839,-0.7187604044032776,0.03555059357361194
control,C:\Users\hoytb\Desktop\PRAYCGStimulus\Field of dreams\1.8prep\Fieldofdreams1_8_MediaPrep_v1_7A_20260817_210857\stimulus_control_cued_phase_scrambled_Fieldofdreams1_8_v1_7A.mp4,50.0,132.3937139892578,35.76656997680662,41.22176406860347,88.96313507080063,0.057689584940671855,0.007525000000000012,1.6485212956370068,0.0,0.0,0.008562959333558235,-41.34752236870344,-0.0002553746357953947,1.0,0.0,6.0,16.0,-0.8660254037844343,-0.5000000000000077,0.3333333333333333,0.0,2.3795955203038326,1.81191665482388,2.0834547310022073,-0.2826874544034873,-0.7341512169214884,-0.11443889661376262
control,C:\Users\hoytb\Desktop\PRAYCGStimulus\Field of dreams\1.8prep\Fieldofdreams1_8_MediaPrep_v1_7A_20260817_210857\stimulus_control_cued_phase_scrambled_Fieldofdreams1_8_v1_7A.mp4,50.25,132.69946884765625,36.371650617980954,40.47863378753662,85.79452048645021,0.08649268843084565,0.0014489791666666843,2.1435278740289805,0.0,0.0,0.008711163354798778,-41.19847684183148,0.00014820402124054305,0.0,0.0,0.0,0.0,-1.0,-5.8789236165438834e-15,0.3333333333333333,0.0,2.3938249146259216,1.7364523452293026,1.9238233707522125,0.5021711255818014,-0.7252193185038803,0.051650770585349295
control,C:\Users\hoytb\Desktop\PRAYCGStimulus\Field of dreams\1.8prep\Fieldofdreams1_8_MediaPrep_v1_7A_20260817_210857\stimulus_control_cued_phase_scrambled_Fieldofdreams1_8_v1_7A.mp4,50.5,132.81731744384766,35.534670291137694,38.543711056518326,80.37410596313427,0.08255164075493883,0.007809041666666741,1.8709145666620817,0.0,0.0,0.009474973012345726,-40.46844036634656,0.0007638096575469482,0.0,0.0,0.0,0.0,-0.8660254037844473,0.4999999999999851,0.3333333333333333,0.0,2.3993094199394136,1.53996242719565,1.6507487760226256,0.39478113256866015,-0.6791863551976792,0.30499849717467586
control,C:\Users\hoytb\Desktop\PRAYCGStimulus\Field of dreams\1.8prep\Fieldofdreams1_8_MediaPrep_v1_7A_20260817_210857\stimulus_control_cued_phase_scrambled_Fieldofdreams1_8_v1_7A.mp4,50.75,132.97696763305663,34.92538494415284,45.314038386535664,95.32583139648442,0.060285074505209875,0.006083291666666658,2.1115478595166257,0.0,1.0,0.009337720520907894,-40.5951825729995,-0.0001372524914378323,0.0,0.0,0.0,0.0,-0.5000000000000123,0.8660254037844316,0.3333333333333333,0.0,2.406739311676049,2.2274839704647214,2.4040004592024595,-0.211962705777531,-0.687458231364228,-0.06582664395084249
control,C:\Users\hoytb\Desktop\PRAYCGStimulus\Field of dreams\1.8prep\Fieldofdreams1_8_MediaPrep_v1_7A_20260817_210857\stimulus_control_cued_phase_scrambled_Fieldofdreams1_8_v1_7A.mp4,51.0,133.78485354003905,34.857746313476554,37.26097417602541,79.27370606689456,0.07709316515922544,0.006085777777777794,1.633894521171426,0.0,0.0,0.008947415769718404,-40.96604762569829,-0.0003903047511894901,0.0,0.0,0.0,0.0,-1.1269226474702003e-14,1.0,0.3333333333333333,0.0,2.4443371676771823,1.409701481646598,1.5953118247685154,0.2460425979729873,-0.7109809560538375,-0.16996833943795903
control,C:\Users\hoytb\Desktop\PRAYCGStimulus\Field of dreams\1.8prep\Fieldofdreams1_8_MediaPrep_v1_7A_20260817_210857\stimulus_control_cued_phase_scrambled_Fieldofdreams1_8_v1_7A.mp4,51.25,134.42984411621094,35.65323341369629,38.7967692489624,80.38743354797363,0.08906236562132834,0.005446076388888886,2.0251635611975116,0.0,0.0,0.008678025792899766,-41.231581266824115,-0.0002693899768186382,0.0,0.0,0.0,0.0,0.4999999999999928,0.8660254037844428,0.3333333333333333,0.0,2.474354107687409,1.5656602923837404,1.6514202052672116,0.5721925103062245,-0.727216439325648,-0.12020680154542825
control,C:\Users\hoytb\Desktop\PRAYCGStimulus\Field of dreams\1.8prep\Fieldofdreams1_8_MediaPrep_v1_7A_20260817_210857\stimulus_control_cued_phase_scrambled_Fieldofdreams1_8_v1_7A.mp4,51.5,133.86216750488282,36.159427740478506,40.67275266723632,82.65182354125976,0.05955406549573001,0.008401388888888847,1.6301726045646578,0.0,0.0,0.008399756420199186,-41.51466615129303,-0.00027826937270057986,0.0,0.0,0.0,0.0,0.8660254037844359,0.5000000000000047,0.3333333333333333,0.0,2.4479352491537245,1.7561649684516802,1.765497713005138,-0.23188204166897589,-0.7439870623417336,-0.1238610480751934
control,C:\Users\hoytb\Desktop\PRAYCGStimulus\Field of dreams\1.8prep\Fieldofdreams1_8_MediaPrep_v1_7A_20260817_210857\stimulus_control_cued_phase_scrambled_Fieldofdreams1_8_v1_7A.mp4,51.75,132.60747664184572,35.64912358551025,42.964042127990695,83.97562597961421,0.06358461818695073,0.006658576388888902,1.9404070569480314,0.0,0.0,0.008339829119550602,-41.57685695549996,-5.9927300648583703e-05,0.0,0.0,0.0,0.0,1.0,1.6659529332860122e-14,0.3333333333333333,0.0,2.3895437287834684,1.9888436543328802,1.8321894416175344,-0.12205311775226743,-0.7475987360153235,-0.03400406121413821
control,C:\Users\hoytb\Desktop\PRAYCGStimulus\Field of dreams\1.8prep\Fieldofdreams1_8_MediaPrep_v1_7A_20260817_210857\stimulus_control_cued_phase_scrambled_Fieldofdreams1_8_v1_7A.mp4,52.0,129.35330275878914,36.587006500244115,45.98814443359378,92.85056239013666,0.07590155701637173,0.004974305555555541,2.4882790470021443,0.0,1.0,0.008427471431318652,-41.48605421976461,8.76423117680495e-05,0.0,0.0,0.0,0.0,0.8660254037844455,-0.4999999999999881,0.3333333333333333,0.0,2.238099125033903,2.2959389220806607,2.2792990958938804,0.21357235131300045,-0.742316745558897,0.026727068610692947
control,C:\Users\hoytb\Desktop\PRAYCGStimulus\Field of dreams\1.8prep\Fieldofdreams1_8_MediaPrep_v1_7A_20260817_210857\stimulus_control_cued_phase_scrambled_Fieldofdreams1_8_v1_7A.mp4,52.25,123.04543688049316,37.588041709899905,42.056249044799806,89.68326819152831,0.10894712876677513,0.0030591666666666658,2.7464167690384773,0.0,0.0,0.008369575216930759,-41.54593166496176,-5.7896214387892844e-05,0.0,1.0,0.0,0.0,0.5000000000000093,-0.8660254037844333,0.3333333333333333,0.0,1.9445400581942864,1.8966579635824168,2.1197342552430514,1.1140343632511138,-0.7458060105690374,-0.03316818341136135
control,C:\Users\hoytb\Desktop\PRAYCGStimulus\Field of dreams\1.8prep\Fieldofdreams1_8_MediaPrep_v1_7A_20260817_210857\stimulus_control_cued_phase_scrambled_Fieldofdreams1_8_v1_7A.mp4,52.5,119.1347249145508,35.63091957092287,45.84071960449212,97.82682449340807,0.10013410139083868,0.0004918750000000055,2.9528017291966404,0.0,1.0,0.008959942198107671,-40.95389583954669,0.0005903669811769124,1.0,0.0,4.0,17.0,7.838977475816237e-15,-1.0,0.3333333333333333,0.0,1.7625411099682837,2.2809680438528437,2.529997774246572,0.8738873195824101,-0.7102260184686637,0.23361950848386087
control,C:\Users\hoytb\Desktop\PRAYCGStimulus\Field of dreams\1.8prep\Fieldofdreams1_8_MediaPrep_v1_7A_20260817_210857\stimulus_control_cued_phase_scrambled_Fieldofdreams1_8_v1_7A.mp4,52.75,115.24241000671387,33.543480148315425,45.879452302551265,95.73869422302245,0.051173033463954874,0.0015453125000000013,1.9881797513915107,0.0,1.0,0.009729798887819389,-40.2379227267576,0.0007698566897117176,1.0,0.0,4.0,17.0,-0.49999999999998346,-0.8660254037844481,0.3333333333333333,0.0,1.5813983345452896,2.284901319608438,2.4248000398527627,-0.4602576020149059,-0.6638286151386925,0.30748710637706844
control,C:\Users\hoytb\Desktop\PRAYCGStimulus\Field of dreams\1.8prep\Fieldofdreams1_8_MediaPrep_v1_7A_20260817_210857\stimulus_control_cued_phase_scrambled_Fieldofdreams1_8_v1_7A.mp4,53.0,59.81536661376953,9.247961282348648,50.89566592712475,90.62287963867313,0.7154878567338109,0.0,15.633890159446308,1.0,1.0,0.009679692209165525,-40.28276903885668,-5.0106678653863423e-05,1.0,0.0,4.0,17.0,-0.8660254037844306,-0.500000000000014,0.3333333333333333,0.0,-0.9980970843565408,2.794293962596835,2.1670708591187613,17.641721895876046,-0.6668484236434404,-0.029962460375355188
control,C:\Users\hoytb\Desktop\PRAYCGStimulus\Field of dreams\1.8prep\Fieldofdreams1_8_MediaPrep_v1_7A_20260817_210857\stimulus_control_cued_phase_scrambled_Fieldofdreams1_8_v1_7A.mp4,53.25,60.158793266296385,8.071492277145396,10.120973043823255,20.75947908477786,0.06564030250012859,0.0,-1.3229522011926536,0.0,0.0,0.00961846719027621,-40.337882641177806,-6.122501888931528e-05,0.0,0.0,0.0,0.0,-1.0,-1.3229280333974356e-14,0.3333333333333333,0.0,-0.9821144985519624,-1.3463447998982823,-1.3525713583946748,-0.0660375751393254,-0.6705383076611482,-0.03453812709439146
control,C:\Users\hoytb\Desktop\PRAYCGStimulus\Field of dreams\1.8prep\Fieldofdreams1_8_MediaPrep_v1_7A_20260817_210857\stimulus_control_cued_phase_scrambled_Fieldofdreams1_8_v1_7A.mp4,53.5,60.14445722351074,7.769687644195545,9.164405561065676,18.98149474029541,0.059085973823070986,0.0,-1.5488370066189192,0.0,0.0,0.009438128463923095,-40.50228231306012,-0.00018033872635311518,0.0,0.0,0.0,0.0,-0.8660254037844438,0.49999999999999106,0.3333333333333333,0.0,-0.982781677503374,-1.4434834934841383,-1.442144277996417,-0.24463711737223937,-0.6814068871441062,-0.08355844986570496
control,C:\Users\hoytb\Desktop\PRAYCGStimulus\Field of dreams\1.8prep\Fieldofdreams1_8_MediaPrep_v1_7A_20260817_210857\stimulus_control_cued_phase_scrambled_Fieldofdreams1_8_v1_7A.mp4,53.75,59.842738929748535,7.828619928359984,9.171025911331178,18.66539643859863,0.03600564293563363,0.0,-2.0047322691860088,0.0,0.0,0.010344673157369881,-39.70566452772479,0.0009065446934467866,0.0,0.0,0.0,0.0,-0.5000000000000063,0.8660254037844349,0.3333333333333333,0.0,-0.9968232158737493,-1.4428112019966441,-1.4580689670140667,-0.8735553078055919,-0.6267716279580803,0.36373999451839295
control,C:\Users\hoytb\Desktop\PRAYCGStimulus\Field of dreams\1.8prep\Fieldofdreams1_8_MediaPrep_v1_7A_20260817_210857\stimulus_control_cued_phase_scrambled_Fieldofdreams1_8_v1_7A.mp4,54.0,59.05638162231446,6.900063761901866,8.314778570556651,17.016835647583026,0.07617041465043967,0.0,-1.29635559328726,0.0,0.0,0.010801043381980423,-39.330685791031904,0.0004563702246105413,0.0,0.0,0.0,0.0,-1.8619583192132475e-14,1.0,0.3333333333333333,0.0,-1.0334191616067014,-1.5297624621726915,-1.5411216686030729,0.2208984792410118,-0.5992672967468079,0.17847418224851638
control,C:\Users\hoytb\Desktop\PRAYCGStimulus\Field of dreams\1.8prep\Fieldofdreams1_8_MediaPrep_v1_7A_20260817_210857\stimulus_control_cued_phase_scrambled_Fieldofdreams1_8_v1_7A.mp4,54.25,59.04721064453125,7.204858593177795,7.511763146400451,15.44900484008789,0.024663126633316282,0.0,-2.3960255092807725,0.0,0.0,0.01029827025237592,-39.74471430686664,-0.0005027731296045022,0.0,0.0,0.0,0.0,0.4999999999999864,0.8660254037844465,0.3333333333333333,0.0,-1.0338459658114818,-1.611308062078468,-1.6201072813306,-1.1826286422653247,-0.6295682189697053,-0.2162538285630932
control,C:\Users\hoytb\Desktop\PRAYCGStimulus\Field of dreams\1.8prep\Fieldofdreams1_8_MediaPrep_v1_7A_20260817_210857\stimulus_control_cued_phase_scrambled_Fieldofdreams1_8_v1_7A.mp4,54.5,59.36153968200683,7.6565205070495574,8.280428794860835,16.91394734802245,0.027680436405539317,0.0,-2.2590108783034974,0.0,0.0,0.010864197410368232,-39.280047030106246,0.000565927157992311,0.0,0.0,0.0,0.0,0.8660254037844323,0.500000000000011,0.3333333333333333,0.0,-1.0192175414438327,-1.5332506555267449,-1.546305069352972,-1.1004096736041662,-0.5954611559855724,0.22356148874379783
control,C:\Users\hoytb\Desktop\PRAYCGStimulus\Field of dreams\1.8prep\Fieldofdreams1_8_MediaPrep_v1_7A_20260817_210857\stimulus_control_cued_phase_scrambled_Fieldofdreams1_8_v1_7A.mp4,54.75,60.12109004516601,7.890479920196531,8.55131531715393,17.579012745666503,0.03230419629216208,0.0,-2.1402951581518783,0.0,0.0,0.011307595016104297,-38.93259508427725,0.00044339760573606536,0.0,0.0,0.0,0.0,1.0,9.79903133508859e-15,0.3333333333333333,0.0,-0.9838691526022276,-1.505742337128015,-1.512799797173305,-0.9744163888858816,-0.5687386531823774,0.17313540153254117
control,C:\Users\hoytb\Desktop\PRAYCGStimulus\Field of dreams\1.8prep\Fieldofdreams1_8_MediaPrep_v1_7A_20260817_210857\stimulus_control_cued_phase_scrambled_Fieldofdreams1_8_v1_7A.mp4,55.0,59.28226022338869,6.781991653442402,8.197561355590826,16.80560946655275,0.09870167011022449,0.0,-0.8624478927667336,0.0,0.0,0.01054298383518744,-39.54072918626726,-0.0007646111809168563,0.0,0.0,0.0,0.0,0.866025403784442,-0.49999999999999406,0.3333333333333333,0.0,-1.0229070941928171,-1.541665780373231,-1.5517630141188095,0.8348548597222111,-0.6148199223662425,-0.32401124844731743
control,C:\Users\hoytb\Desktop\PRAYCGStimulus\Field of dreams\1.8prep\Fieldofdreams1_8_MediaPrep_v1_7A_20260817_210857\stimulus_control_cued_phase_scrambled_Fieldofdreams1_8_v1_7A.mp4,55.25,58.86004277954102,6.515500264358521,7.043507881546015,14.434133222198476,0.021127682378515034,0.0,-2.513068182449511,0.0,0.0,0.00979451570559028,-40.180340659755906,-0.0007484681295971598,0.0,1.0,0.0,0.0,0.5000000000000157,-0.8660254037844296,0.3333333333333333,0.0,-1.0425564908684504,-1.6588590247784896,-1.6712354108427638,-1.278966308044538,-0.6599282888357897,-0.31736770084012117
control,C:\Users\hoytb\Desktop\PRAYCGStimulus\Field of dreams\1.8prep\Fieldofdreams1_8_MediaPrep_v1_7A_20260817_210857\stimulus_control_cued_phase_scrambled_Fieldofdreams1_8_v1_7A.mp4,55.5,59.28557657775875,6.46454390068052,7.073432245254498,14.542412957763636,0.05139470039754877,0.0,-1.9113337722522057,0.0,0.0,0.009456374638727283,-40.48550660754904,-0.0003381410668629979,1.0,0.0,6.0,18.0,1.518933419324671e-14,-1.0,0.3333333333333333,0.0,-1.0227527557980307,-1.6558202286146784,-1.6657803954044252,-0.45421737809287077,-0.6803072342568448,-0.1485007795989482
control,C:\Users\hoytb\Desktop\PRAYCGStimulus\Field of dreams\1.8prep\Fieldofdreams1_8_MediaPrep_v1_7A_20260817_210857\stimulus_control_cued_phase_scrambled_Fieldofdreams1_8_v1_7A.mp4,55.75,63.46316776885985,8.619510531616204,9.10463483314513,18.480536848449688,0.20020704950690307,0.0,1.236722574065638,0.0,0.0,0.009778109313380995,-40.19490223699063,0.00032173467465371197,1.0,0.0,6.0,18.0,-0.4999999999999894,-0.8660254037844448,0.3333333333333333,0.0,-0.828333629684916,-1.4495531650227733,-1.4673819923269202,3.6007848561659532,-0.6609170624695019,0.12306596554614514
control,C:\Users\hoytb\Desktop\PRAYCGStimulus\Field of dreams\1.8prep\Fieldofdreams1_8_MediaPrep_v1_7A_20260817_210857\stimulus_control_cued_phase_scrambled_Fieldofdreams1_8_v1_7A.mp4,56.0,67.92182327880855,11.360215490722622,11.306263444519026,23.12340387573238,0.13946021871566797,0.0,0.2565497409455517,0.0,0.0,0.009859753969630479,-40.12267843653207,8.164465624948408e-05,1.0,0.0,6.0,18.0,-0.866025403784434,-0.5000000000000081,0.3333333333333333,0.0,-0.620834171688603,-1.2259794695699648,-1.233479395688799,1.945488531251498,-0.6559965362256335,0.02425877998420906
control,C:\Users\hoytb\Desktop\PRAYCGStimulus\Field of dreams\1.8prep\Fieldofdreams1_8_MediaPrep_v1_7A_20260817_210857\stimulus_control_cued_phase_scrambled_Fieldofdreams1_8_v1_7A.mp4,56.25,72.11856956481928,12.824764814376833,14.2925571918487,29.117624225616353,0.14869305729865978,0.0,0.739610355016311,0.0,0.0,0.009591594051162756,-40.36218420584974,-0.00026815991846772247,0.0,0.0,0.0,0.0,-1.0,-6.368782336202825e-15,0.3333333333333333,0.0,-0.42552359482250934,-0.9227236318919336,-0.9314970868223078,2.197075051501043,-0.6721578868514728,-0.11970058056823497
control,C:\Users\hoytb\Desktop\PRAYCGStimulus\Field of dreams\1.8prep\Fieldofdreams1_8_MediaPrep_v1_7A_20260817_210857\stimulus_control_cued_phase_scrambled_Fieldofdreams1_8_v1_7A.mp4,56.5,76.85007558593746,11.514352952575697,13.159634425354025,26.330515092468307,0.1290794334888461,0.0,0.23765300094685204,0.0,0.0,0.009021974386267402,-40.89396820334347,-0.0005696196648953544,0.0,0.0,0.0,0.0,-0.8660254037844475,0.49999999999998473,0.3333333333333333,0.0,-0.2053260638184578,-1.0377710691660027,-1.0719086169235033,1.6626215007929508,-0.7064874883085044,-0.24376400187456906
control,C:\Users\hoytb\Desktop\PRAYCGStimulus\Field of dreams\1.8prep\Fieldofdreams1_8_MediaPrep_v1_7A_20260817_210857\stimulus_control_cued_phase_scrambled_Fieldofdreams1_8_v1_7A.mp4,56.75,84.18183046875,11.696514682006843,13.961315371704098,27.83931303710937,0.21797307810187289,0.0,2.076743165998481,0.0,0.0,0.008166375147289729,-41.759413465263044,-0.000855599238977673,0.0,0.0,0.0,0.0,-0.5000000000000128,0.8660254037844313,0.3333333333333333,0.0,0.13588333460912475,-0.9563609844570556,-0.9958970156909019,4.084893104424096,-0.7580523879972098,-0.36145667827605293
control,C:\Users\hoytb\Desktop\PRAYCGStimulus\Field of dreams\1.8prep\Fieldofdreams1_8_MediaPrep_v1_7A_20260817_210857\stimulus_control_cued_phase_scrambled_Fieldofdreams1_8_v1_7A.mp4,57.0,82.45083500976565,13.36119369812012,13.403335252380355,27.768614074706992,0.08891739141941057,0.0,-0.5322920598874757,0.0,0.0,0.008196455568524682,-41.727478219101144,3.0080421234953206e-05,0.0,0.0,0.0,0.0,-1.1759085194360944e-14,1.0,0.3333333333333333,0.0,0.05532527877101807,-1.0130234372531064,-0.9994587526065541,0.5682420941196321,-0.7562395136596546,0.0030379188617696796
control,C:\Users\hoytb\Desktop\PRAYCGStimulus\Field of dreams\1.8prep\Fieldofdreams1_8_MediaPrep_v1_7A_20260817_210857\stimulus_control_cued_phase_scrambled_Fieldofdreams1_8_v1_7A.mp4,57.25,78.6613662780762,14.33649674682615,15.323556930923449,31.7166865005493,0.10755964619219288,0.0,0.02965278410158434,0.0,0.0,0.008345230960712512,-41.571232786622815,0.00014877539218782938,0.0,0.0,0.0,0.0,0.49999999999999234,0.866025403784443,0.3333333333333333,0.0,-0.12103118253553947,-0.8180263998133681,-0.8005591531363633,1.0762267150713798,-0.7472731800950294,0.051885913868641345
control,C:\Users\hoytb\Desktop\PRAYCGStimulus\Field of dreams\1.8prep\Fieldofdreams1_8_MediaPrep_v1_7A_20260817_210857\stimulus_control_cued_phase_scrambled_Fieldofdreams1_8_v1_7A.mp4,57.5,76.363900970459,16.377046089172353,18.206174652099584,36.94148883056636,0.06943521371483855,0.0,-0.4345095958704792,0.0,0.0,0.008504961349790282,-41.40655311234312,0.0001597303890777703,0.0,0.0,0.0,0.0,0.8660254037844286,0.5000000000000174,0.3333333333333333,0.0,-0.22795193589542107,-0.5252987830065875,-0.5373392881842659,0.037370331170618276,-0.7376466153263714,0.05639435790029778
control,C:\Users\hoytb\Desktop\PRAYCGStimulus\Field of dreams\1.8prep\Fieldofdreams1_8_MediaPrep_v1_7A_20260817_210857\stimulus_control_cued_phase_scrambled_Fieldofdreams1_8_v1_7A.mp4,57.75,76.66048290405271,17.61707714920042,18.301456281280537,37.73478908538821,0.06269711429178688,0.0,-0.5582132767557353,0.0,0.0,0.008315360646168932,-41.60237820326379,-0.00018960070362135026,0.0,0.0,0.0,0.0,1.0,1.7149388052519063e-14,0.3333333333333333,0.0,-0.21414943638971193,-0.5156230067041273,-0.4973736832194576,-0.14623679806738835,-0.7490733918097455,-0.08737014479869523
control,C:\Users\hoytb\Desktop\PRAYCGStimulus\Field of dreams\1.8prep\Fieldofdreams1_8_MediaPrep_v1_7A_20260817_210857\stimulus_control_cued_phase_scrambled_Fieldofdreams1_8_v1_7A.mp4,58.0,77.17652095947265,20.08218510437012,21.24074864196773,43.70133751831045,0.08254725160598773,0.0,0.13014402215313414,0.0,0.0,0.008129939167625014,-41.79825407908868,-0.00018542147854391788,0.0,0.0,0.0,0.0,0.8660254037844457,-0.4999999999999877,0.3333333333333333,0.0,-0.1901337624794526,-0.21714012376005026,-0.1967854554656212,0.39466153222023675,-0.7602482964913732,-0.08565021712125337
control,C:\Users\hoytb\Desktop\PRAYCGStimulus\Field of dreams\1.8prep\Fieldofdreams1_8_MediaPrep_v1_7A_20260817_210857\stimulus_control_cued_phase_scrambled_Fieldofdreams1_8_v1_7A.mp4,58.25,77.60695812683106,19.971951865386963,25.629464334106448,53.20566443023682,0.05062062479108574,0.00010012499999999974,-0.05990312877079898,0.0,0.0,0.008747926038349323,-41.16189794853221,0.0006179868707243096,0.0,1.0,0.0,0.0,0.5000000000000098,-0.866025403784433,0.3333333333333333,0.0,-0.17010183161396056,0.2285305858747044,0.2820322084764474,-0.4753102398914991,-0.7230037203555737,0.24498625987922745
control,C:\Users\hoytb\Desktop\PRAYCGStimulus\Field of dreams\1.8prep\Fieldofdreams1_8_MediaPrep_v1_7A_20260817_210857\stimulus_control_cued_phase_scrambled_Fieldofdreams1_8_v1_7A.mp4,58.5,77.68434440917969,20.0400349105835,21.668068568420445,44.72280778503425,0.02643124516308314,0.00030348611111111125,-0.9369206576960724,0.0,0.0,0.011506924150973817,-38.780814991078586,0.0027589981126244934,1.0,0.0,3.0,19.0,8.328836195475178e-15,-1.0,0.3333333333333333,0.0,-0.1665003845840521,-0.17374611325160358,-0.14532489319421701,-1.134449007768927,-0.5567255676437968,1.1261028363811743
control,C:\Users\hoytb\Desktop\PRAYCGStimulus\Field of dreams\1.8prep\Fieldofdreams1_8_MediaPrep_v1_7A_20260817_210857\stimulus_control_cued_phase_scrambled_Fieldofdreams1_8_v1_7A.mp4,58.75,77.71318225097656,20.54230268096922,23.567377975463785,48.02265681457504,0.03712270992994279,8.322916666667068e-05,-0.5343573575532539,0.0,0.0,0.012728244299615624,-37.90462995228437,0.001221320148641807,1.0,0.0,3.0,19.0,-0.499999999999983,-0.8660254037844485,0.3333333333333333,0.0,-0.16515831262328223,0.01912729907018405,0.020917915826120046,-0.8431162401821664,-0.4831195520192867,0.4932833925260195
control,C:\Users\hoytb\Desktop\PRAYCGStimulus\Field of dreams\1.8prep\Fieldofdreams1_8_MediaPrep_v1_7A_20260817_210857\stimulus_control_cued_phase_scrambled_Fieldofdreams1_8_v1_7A.mp4,59.0,77.7248926147461,20.887284741210937,21.439874682617212,43.31579215698247,0.03898666280508044,0.0,-0.711513291339231,0.0,0.0,0.010224499800112434,-39.807158583635584,-0.0025037444995031893,1.0,0.0,3.0,19.0,-0.8660254037844303,-0.5000000000000144,0.3333333333333333,0.0,-0.1646133290223521,-0.1969190271868598,-0.21620881189742874,-0.7923252062493434,-0.6340141859571261,-1.0397380815270199
control,C:\Users\hoytb\Desktop\PRAYCGStimulus\Field of dreams\1.8prep\Fieldofdreams1_8_MediaPrep_v1_7A_20260817_210857\stimulus_control_cued_phase_scrambled_Fieldofdreams1_8_v1_7A.mp4,59.25,77.89537542419433,18.764611866760234,20.832447368621825,43.56003039093023,0.08194997442066675,0.0,0.07725380021048789,0.0,0.0,0.008473949375634749,-41.43828269604175,-0.0017505504244776857,0.0,0.0,0.0,0.0,-1.0,-1.3719139053633297e-14,0.3333333333333333,0.0,-0.15667930261478072,-0.258602804644755,-0.2039043550213236,0.3783862678658742,-0.739515632108562,-0.729766899760118
control,C:\Users\hoytb\Desktop\PRAYCGStimulus\Field of dreams\1.8prep\Fieldofdreams1_8_MediaPrep_v1_7A_20260817_210857\stimulus_control_cued_phase_scrambled_Fieldofdreams1_8_v1_7A.mp4,59.5,78.01417539672852,20.046994697570792,21.45550245971679,43.27496693115231,0.0741486649930478,0.0,-0.014387479536987921,0.0,0.0,0.008943707603166724,-40.96964815152484,0.00046975822753197484,0.0,0.0,0.0,0.0,-0.866025403784444,0.4999999999999907,0.3333333333333333,0.0,-0.15115052160538958,-0.19533203841872007,-0.21826554242059423,0.1658076253777238,-0.7112044382959382,0.18398391104838108
control,C:\Users\hoytb\Desktop\PRAYCGStimulus\Field of dreams\1.8prep\Fieldofdreams1_8_MediaPrep_v1_7A_20260817_210857\stimulus_control_cued_phase_scrambled_Fieldofdreams1_8_v1_7A.mp4,59.75,78.0697681640625,20.890292700195314,24.45534321823118,50.82960933380124,0.053432504823803975,0.00017819444444444274,-0.12239717449855826,0.0,0.0,0.009957965862340401,-40.0365873370463,0.0010142582591736778,0.0,0.0,0.0,0.0,-0.5000000000000068,0.8660254037844347,0.3333333333333333,0.0,-0.14856331363101796,0.1092994878460512,0.1623291341592845,-0.3986890462648778,-0.6500775426535071,0.4080686773476635
control,C:\Users\hoytb\Desktop\PRAYCGStimulus\Field of dreams\1.8prep\Fieldofdreams1_8_MediaPrep_v1_7A_20260817_210857\stimulus_control_cued_phase_scrambled_Fieldofdreams1_8_v1_7A.mp4,60.0,78.08715624999999,20.86520329284668,22.740885482788105,48.076868072509804,0.025551391795277715,0.0001000000000000014,-0.8463996545353544,0.0,0.0,0.01005533000179075,-39.95207343711953,9.736413945034793e-05,0.0,0.0,0.0,0.0,-1.9109441911791416e-14,1.0,0.3333333333333333,0.0,-0.14775409695133201,-0.06480237912208582,0.023649020103595042,-1.1584242181168891,-0.6442096411228404,0.030728011416189905
control,C:\Users\hoytb\Desktop\PRAYCGStimulus\Field of dreams\1.8prep\Fieldofdreams1_8_MediaPrep_v1_7A_20260817_210857\stimulus_control_cued_phase_scrambled_Fieldofdreams1_8_v1_7A.mp4,60.25,77.97512745361328,20.642617085266117,21.267250365448,42.85206993103033,0.0324589506469664,0.0,-0.8580066439387335,0.0,0.0,0.009089957286579676,-40.8287631492285,-0.0009653727152110735,0.0,0.0,0.0,0.0,0.499999999999986,0.8660254037844467,0.3333333333333333,0.0,-0.15296775709582008,-0.21444889408409926,-0.23957063383452962,-0.9701994723581299,-0.7023903230990796,-0.40663310130298114
control,C:\Users\hoytb\Desktop\PRAYCGStimulus\Field of dreams\1.8prep\Fieldofdreams1_8_MediaPrep_v1_7A_20260817_210857\stimulus_control_cued_phase_scrambled_Fieldofdreams1_8_v1_7A.mp4,60.5,78.05618521118164,21.76128472595216,22.093758590698233,46.51665831604003,0.050938511782884555,0.00013319444444443595,-0.4093080417888464,0.0,0.0,0.008485856281026499,-41.42608655591641,-0.000604101005553177,0.0,0.0,0.0,0.0,0.866025403784432,0.5000000000000114,0.3333333333333333,0.0,-0.14919544485409125,-0.13051761826096026,-0.054952652353088716,-0.46664810620635205,-0.7387980316781758,-0.2579545302749026
control,C:\Users\hoytb\Desktop\PRAYCGStimulus\Field of dreams\1.8prep\Fieldofdreams1_8_MediaPrep_v1_7A_20260817_210857\stimulus_control_cued_phase_scrambled_Fieldofdreams1_8_v1_7A.mp4,60.75,78.0962332611084,19.96737805938724,22.258129016876293,45.94295595092787,0.05770552123486985,0.0008404861111111354,-0.2589113977030421,0.0,0.0,0.00894983148149393,-40.96370283985383,0.000463975200467431,0.0,0.0,0.0,0.0,1.0,1.0288890054747531e-14,0.3333333333333333,0.0,-0.1473316658213608,-0.11382592765795285,-0.08385515421425083,-0.2822532047665087,-0.710835366939557,0.18160395109805097
control,C:\Users\hoytb\Desktop\PRAYCGStimulus\Field of dreams\1.8prep\Fieldofdreams1_8_MediaPrep_v1_7A_20260817_210857\stimulus_control_cued_phase_scrambled_Fieldofdreams1_8_v1_7A.mp4,61.0,78.13029753417969,19.678905661010738,22.4856702972412,46.49269233398435,0.04882211335897452,0.0,-0.41174692007702973,0.0,0.0,0.009116702785271921,-40.803244068176085,0.00016687130377799134,0.0,0.0,0.0,0.0,0.8660254037844423,-0.4999999999999936,0.3333333333333333,0.0,-0.14574636321532625,-0.09071928530400031,-0.056160032491452606,-0.5243180535521238,-0.7007784364886638,0.059333145978854036
control,C:\Users\hoytb\Desktop\PRAYCGStimulus\Field of dreams\1.8prep\Fieldofdreams1_8_MediaPrep_v1_7A_20260817_210857\stimulus_control_cued_phase_scrambled_Fieldofdreams1_8_v1_7A.mp4,61.25,78.10701225280762,20.491180053710938,21.976396633148234,45.626530471801836,0.04029066322743888,0.0,-0.6317440515301491,0.0,0.0,0.009162647812134616,-40.75958012388198,4.594502686269472e-05,0.0,1.0,0.0,0.0,0.5000000000000038,-0.8660254037844365,0.3333333333333333,0.0,-0.14683002694606634,-0.14243563495981432,-0.09979632607532771,-0.7567923713886273,-0.6980094406861423,0.00956687430334079
control,C:\Users\hoytb\Desktop\PRAYCGStimulus\Field of dreams\1.8prep\Fieldofdreams1_8_MediaPrep_v1_7A_20260817_210857\stimulus_control_cued_phase_scrambled_Fieldofdreams1_8_v1_7A.mp4,61.5,77.97578016967773,21.000828147888182,23.959998896789546,50.2024028778076,0.04790533961653708,0.0006754583333333321,-0.2815640457933282,0.0,0.0,0.009278467254410627,-40.65047521160538,0.0001158194422760106,1.0,0.0,4.0,20.0,1.567919291290565e-14,-1.0,0.3333333333333333,0.0,-0.15293738062262163,0.05899765224392355,0.13073115432849733,-0.5492993107941676,-0.6910292826274462,0.038323148202871346
control,C:\Users\hoytb\Desktop\PRAYCGStimulus\Field of dreams\1.8prep\Fieldofdreams1_8_MediaPrep_v1_7A_20260817_210857\stimulus_control_cued_phase_scrambled_Fieldofdreams1_8_v1_7A.mp4,61.75,77.92111206054688,20.750819781494155,27.6048122497559,53.883995233154344,0.04553558774292414,0.0,0.03822836743375625,0.0,0.0,0.010261024795681058,-39.77618525754826,0.0009825575412704315,1.0,0.0,4.0,20.0,-0.4999999999999767,-0.8660254037844521,0.3333333333333333,0.0,-0.15548155632514568,0.429125650376139,0.3162057773617252,-0.6138729110340114,-0.6318129126894255,0.3950224926827141
control,C:\Users\hoytb\Desktop\PRAYCGStimulus\Field of dreams\1.8prep\Fieldofdreams1_8_MediaPrep_v1_7A_20260817_210857\stimulus_control_cued_phase_scrambled_Fieldofdreams1_8_v1_7A.mp4,62.0,77.92296270751953,20.248491159057608,24.38425294189458,49.38591273193368,0.06861459907293334,0.0,0.17077420903754378,0.0,0.0,0.01030212063411843,-39.74146737903403,4.109583843737129e-05,1.0,0.0,4.0,20.0,-0.8660254037844337,-0.5000000000000084,0.3333333333333333,0.0,-0.15539542985879012,0.10208032485497028,0.08959726784691054,0.015009322650110037,-0.6293361657615316,0.00757122840456365
control,C:\Users\hoytb\Desktop\PRAYCGStimulus\Field of dreams\1.8prep\Fieldofdreams1_8_MediaPrep_v1_7A_20260817_210857\stimulus_control_cued_phase_scrambled_Fieldofdreams1_8_v1_7A.mp4,62.25,78.08673511352539,21.112769792175285,23.20118820190423,47.0732566696166,0.039474553427845935,0.0,-0.5246734109951204,0.0,0.0,0.009626036350255798,-40.33105005217592,-0.0006760842838626317,0.0,0.0,0.0,0.0,-1.0,-2.106949577106377e-14,0.3333333333333333,0.0,-0.1477736960412431,-0.018058991337191556,-0.026911832010607786,-0.7790306270210148,-0.6700821326702242,-0.2875786903484958
control,C:\Users\hoytb\Desktop\PRAYCGStimulus\Field of dreams\1.8prep\Fieldofdreams1_8_MediaPrep_v1_7A_20260817_210857\stimulus_control_cued_phase_scrambled_Fieldofdreams1_8_v1_7A.mp4,62.5,78.15179672241212,19.9492769241333,23.58509750366211,47.22444381713867,0.04247048031538725,0.0,-0.42678837869888897,0.0,0.0,0.009543290769405178,-40.406036872807356,-8.274558085061973e-05,0.0,0.0,0.0,0.0,-0.8660254037844406,0.4999999999999966,0.3333333333333333,0.0,-0.14474582170777203,0.020926703556714273,-0.019295187774207946,-0.6973943226728532,-0.6750690089808484,-0.04339474751218683
control,C:\Users\hoytb\Desktop\PRAYCGStimulus\Field of dreams\1.8prep\Fieldofdreams1_8_MediaPrep_v1_7A_20260817_210857\stimulus_control_cued_phase_scrambled_Fieldofdreams1_8_v1_7A.mp4,62.75,78.03468280334472,20.256138975524888,23.648523814392078,48.39683004760739,0.06579102858602981,0.0,0.04090543734358254,0.0,0.0,0.00863800250255557,-41.27173348833533,-0.0009052882668496073,0.0,0.0,0.0,0.0,-0.5000000000000131,0.866025403784431,0.3333333333333333,0.0,-0.15019613619743927,0.027367596723517868,0.0397683567895281,-0.0619304253043248,-0.7296285463703858,-0.38190581243817506
control,C:\Users\hoytb\Desktop\PRAYCGStimulus\Field of dreams\1.8prep\Fieldofdreams1_8_MediaPrep_v1_7A_20260817_210857\stimulus_control_cued_phase_scrambled_Fieldofdreams1_8_v1_7A.mp4,63.0,78.02199327392579,21.221646594238283,25.278596044921887,53.19151360473636,0.08892638328075421,0.0,0.6625409608774671,0.0,0.0,0.008528615523921847,-41.38242926806122,-0.00010938697863372392,0.0,0.0,0.0,0.0,-2.6459798629221888e-14,1.0,0.3333333333333333,0.0,-0.1507866887688999,0.1929001804444059,0.2813193052617566,0.568487114227552,-0.7362210353810564,-0.054358808208590084
control,C:\Users\hoytb\Desktop\PRAYCGStimulus\Field of dreams\1.8prep\Fieldofdreams1_8_MediaPrep_v1_7A_20260817_210857\stimulus_control_cued_phase_scrambled_Fieldofdreams1_8_v1_7A.mp4,63.25,78.00772990722656,20.865813099670408,21.809906748962348,44.82892738494862,0.04258515764921919,0.0,-0.6031046753416955,0.0,0.0,0.00883461597767599,-41.076246471455924,0.0003060004537541426,0.0,0.0,0.0,0.0,0.49999999999999195,0.8660254037844433,0.3333333333333333,0.0,-0.1514504854790714,-0.1593425548965607,-0.13997870304310744,-0.6942694688035976,-0.7177791270860182,0.11659066892852922
control,C:\Users\hoytb\Desktop\PRAYCGStimulus\Field of dreams\1.8prep\Fieldofdreams1_8_MediaPrep_v1_7A_20260817_210857\stimulus_control_cued_phase_scrambled_Fieldofdreams1_8_v1_7A.mp4,63.5,78.07142650756836,21.117628500366205,23.54500915679934,48.33933856811528,0.04158437252342683,7.737499999999763e-05,-0.4483497328393806,0.0,0.0,0.00874259848462603,-41.16718933302401,-9.201749304996003e-05,0.0,0.0,0.0,0.0,0.8660254037844284,0.5000000000000178,0.3333333333333333,0.0,-0.1484861366932906,0.016855762705745528,0.036871998513757824,-0.7215399604354371,-0.7233247991513614,-0.047210531089044036
control,C:\Users\hoytb\Desktop\PRAYCGStimulus\Field of dreams\1.8prep\Fieldofdreams1_8_MediaPrep_v1_7A_20260817_210857\stimulus_control_cued_phase_scrambled_Fieldofdreams1_8_v1_7A.mp4,63.75,78.09408070373536,20.846962532043467,23.260863498687733,47.48592175292967,0.08495913612842479,4.781250000000235e-05,0.3810786964709132,0.0,0.0,0.008865404931724679,-41.0460284589453,0.00012280644709864938,0.0,0.0,0.0,0.0,1.0,3.4283920569760004e-15,0.3333333333333333,0.0,-0.14743184276645435,-0.011999010757267546,-0.006122213449141868,0.46038320912266634,-0.7159235511870287,0.041198595864632426
control,C:\Users\hoytb\Desktop\PRAYCGStimulus\Field of dreams\1.8prep\Fieldofdreams1_8_MediaPrep_v1_7A_20260817_210857\stimulus_control_cued_phase_scrambled_Fieldofdreams1_8_v1_7A.mp4,64.0,78.08374166259766,19.94595814819338,22.686157708740257,47.286640417480484,0.07402519476413813,0.0,0.10697443000601181,0.0,0.0,0.009395820506155986,-40.54130576699948,0.0005304155744313074,0.0,0.0,0.0,0.0,0.866025403784446,-0.49999999999998723,0.3333333333333333,0.0,-0.14791300697110907,-0.07035994256606203,-0.016161790621860874,0.16244317305175965,-0.6839566855764911,0.20894697186453845
control,C:\Users\hoytb\Desktop\PRAYCGStimulus\Field of dreams\1.8prep\Fieldofdreams1_8_MediaPrep_v1_7A_20260817_210857\stimulus_control_cued_phase_scrambled_Fieldofdreams1_8_v1_7A.mp4,64.25,78.13783946838379,21.42265327377322,25.34708271179199,51.91043169708248,0.07061028076410288,0.0002207916666666701,0.307112580249626,0.0,0.0,0.009372697273596057,-40.562708197393434,-2.312323255992954e-05,0.0,1.0,0.0,0.0,0.5000000000000225,-0.8660254037844257,0.3333333333333333,0.0,-0.14539537237153882,0.19985494889276806,0.216779790572762,0.06938984795594443,-0.6853502669556145,-0.018857632348665034
control,C:\Users\hoytb\Desktop\PRAYCGStimulus\Field of dreams\1.8prep\Fieldofdreams1_8_MediaPrep_v1_7A_20260817_210857\stimulus_control_cued_phase_scrambled_Fieldofdreams1_8_v1_7A.mp4,64.5,78.03205111694336,19.98586335754395,23.856752703857403,50.61595041503902,0.06212606663405882,0.0,-0.010644748425690631,0.0,0.0,0.008973704584219845,-40.94056463125088,-0.0003989926893762114,1.0,0.0,7.0,21.0,8.81869491513412e-15,-1.0,0.3333333333333333,0.0,-0.15031861112304848,0.04851308060635373,0.15156522995963653,-0.1617973314627315,-0.7093965926966171,-0.17354379303770304
control,C:\Users\hoytb\Desktop\PRAYCGStimulus\Field of dreams\1.8prep\Fieldofdreams1_8_MediaPrep_v1_7A_20260817_210857\stimulus_control_cued_phase_scrambled_Fieldofdreams1_8_v1_7A.mp4,64.75,78.06116574401855,20.082448130798358,21.764576815032907,45.73797386779775,0.04315929314643118,7.643749999999803e-05,-0.5963076773462606,0.0,0.0,0.009367953700171476,-40.56710528650087,0.00039424911595163127,1.0,0.0,7.0,21.0,-0.49999999999998257,-0.8660254037844487,0.3333333333333333,0.0,-0.14896365797082886,-0.1639457748905598,-0.09418192886161503,-0.678624794568591,-0.6856361506692288,0.15290872162932542
control,C:\Users\hoytb\Desktop\PRAYCGStimulus\Field of dreams\1.8prep\Fieldofdreams1_8_MediaPrep_v1_7A_20260817_210857\stimulus_control_cued_phase_scrambled_Fieldofdreams1_8_v1_7A.mp4,65.0,78.13163647460938,20.23088034057613,24.60329147338864,50.03896432495117,0.04373722326755568,4.8750000000004695e-05,-0.29929977997084123,0.0,0.0,0.010027960117102065,-39.97574803859761,0.0006600064169305885,1.0,0.0,7.0,21.0,-0.8660254037844372,-0.5000000000000026,0.3333333333333333,0.0,-0.14568405084047914,0.12432351958803821,0.12249729760176938,-0.6628767202560003,-0.6458591579692436,0.26227907832635633
control,C:\Users\hoytb\Desktop\PRAYCGStimulus\Field of dreams\1.8prep\Fieldofdreams1_8_MediaPrep_v1_7A_20260817_210857\stimulus_control_cued_phase_scrambled_Fieldofdreams1_8_v1_7A.mp4,65.25,78.20967352600097,19.244434351348897,23.393873450469993,47.07360116882329,0.06635374800264797,0.0,0.02641890503755373,0.0,0.0,0.009911764821272156,-40.07698022142348,-0.00011619529582990867,0.0,0.0,0.0,0.0,-1.0,-1.4208997773292239e-14,0.3333333333333333,0.0,-0.14205231794897086,0.0015080477440308963,-0.02689447651485244,-0.04659682896434185,-0.6528619678138712,-0.05716071836311945
control,C:\Users\hoytb\Desktop\PRAYCGStimulus\Field of dreams\1.8prep\Fieldofdreams1_8_MediaPrep_v1_7A_20260817_210857\stimulus_control_cued_phase_scrambled_Fieldofdreams1_8_v1_7A.mp4,65.5,78.16430594482422,20.626172286987313,20.83108922271729,41.95870487060548,0.0576709224462508,0.0,-0.4031564837671883,0.0,0.0,0.010225267380096601,-39.80650653562207,0.0003135025588244453,0.0,0.0,0.0,0.0,-0.8660254037844514,0.4999999999999779,0.3333333333333333,0.0,-0.14416366036683065,-0.2587407233188096,-0.28457739499121115,-0.2831959905365915,-0.6339679257653406,0.1196781021034416
control,C:\Users\hoytb\Desktop\PRAYCGStimulus\Field of dreams\1.8prep\Fieldofdreams1_8_MediaPrep_v1_7A_20260817_210857\stimulus_control_cued_phase_scrambled_Fieldofdreams1_8_v1_7A.mp4,65.75,77.97887957763672,21.306266221618646,21.683495481109624,44.10115790557862,0.041813914202153746,0.0,-0.6310779661563866,0.0,0.0,0.012609497226844572,-37.986044589752964,0.00238422984674797,0.0,0.0,0.0,0.0,-0.5000000000000072,0.8660254037844345,0.3333333333333333,0.0,-0.15279313860388669,-0.1721795221101507,-0.17664293873590642,-0.7152851568142056,-0.4902761512971017,0.9718698622854276
control,C:\Users\hoytb\Desktop\PRAYCGStimulus\Field of dreams\1.8prep\Fieldofdreams1_8_MediaPrep_v1_7A_20260817_210857\stimulus_control_cued_phase_scrambled_Fieldofdreams1_8_v1_7A.mp4,66.0,77.92270887451171,19.962713238525392,21.31345895080575,43.36805877075209,0.05199746682047876,0.0,-0.46685882885617125,0.0,0.0,0.01605259351612319,-35.88909582694947,0.003443096289278618,0.0,0.0,0.0,0.0,-1.9599300631450357e-14,1.0,0.3333333333333333,0.0,-0.15540724288435945,-0.20975644771203303,-0.2135756766802541,-0.43779253696680825,-0.28276905371325406,1.407638136901006
control,C:\Users\hoytb\Desktop\PRAYCGStimulus\Field of dreams\1.8prep\Fieldofdreams1_8_MediaPrep_v1_7A_20260817_210857\stimulus_control_cued_phase_scrambled_Fieldofdreams1_8_v1_7A.mp4,66.25,77.97253549194336,21.412041252136206,23.349848651885928,47.73302227783192,0.05220333468914022,0.00043809027777777076,-0.2579249990599532,0.0,0.0,0.014741510603221191,-36.62916021629246,-0.0013110829129019987,0.0,0.0,0.0,0.0,0.4999999999999979,0.8660254037844398,0.3333333333333333,0.0,-0.1530883832891772,-0.0029626367575039557,0.006326442535543123,-0.43218282330809243,-0.3617848543445721,-0.5489074527355742
control,C:\Users\hoytb\Desktop\PRAYCGStimulus\Field of dreams\1.8prep\Fieldofdreams1_8_MediaPrep_v1_7A_20260817_210857\stimulus_control_cued_phase_scrambled_Fieldofdreams1_8_v1_7A.mp4,66.5,77.92240103149415,20.421884715270984,24.29270731811523,48.426880575561505,0.07649100480675713,7.656944444444031e-05,0.31737102647180837,0.0,0.0,0.011581992738284,-38.72433423320897,-0.003159517864937192,0.0,0.0,0.0,0.0,0.8660254037844318,0.5000000000000119,0.3333333333333333,0.0,-0.15542156945862615,0.09278393703317979,0.041282269739761394,0.22963427172012535,-0.5522013651923692,-1.30961652560261
control,C:\Users\hoytb\Desktop\PRAYCGStimulus\Field of dreams\1.8prep\Fieldofdreams1_8_MediaPrep_v1_7A_20260817_210857\stimulus_control_cued_phase_scrambled_Fieldofdreams1_8_v1_7A.mp4,66.75,77.904764553833,19.879263906097364,19.784447650146326,41.67703232727015,0.040009435169399137,0.0004474166666666881,-0.8578179264490923,0.0,0.0,0.009992015793702774,-40.006937762600685,-0.0015899769445812256,0.0,0.0,0.0,0.0,1.0,2.4989603489608476e-14,0.3333333333333333,0.0,-0.15624234593428915,-0.3650263715818032,-0.2987677517041316,-0.7644555822075723,-0.6480254355277388,-0.6636841290980623
control,C:\Users\hoytb\Desktop\PRAYCGStimulus\Field of dreams\1.8prep\Fieldofdreams1_8_MediaPrep_v1_7A_20260817_210857\stimulus_control_cued_phase_scrambled_Fieldofdreams1_8_v1_7A.mp4,67.0,77.92350284423829,20.942797695922845,23.6154711334228,49.58881227416989,0.038819641131162055,0.0,-0.4959514940788202,0.0,0.0,0.008693753603972362,-41.21585345156535,-0.0012982621897304116,0.0,0.0,0.0,0.0,0.8660254037844426,-0.4999999999999932,0.3333333333333333,0.0,-0.15537029266751456,0.02401112234325782,0.0998191263465953,-0.7968763961536907,-0.7262685621381338,-0.5436311835184159
control,C:\Users\hoytb\Desktop\PRAYCGStimulus\Field of dreams\1.8prep\Fieldofdreams1_8_MediaPrep_v1_7A_20260817_210857\stimulus_control_cued_phase_scrambled_Fieldofdreams1_8_v1_7A.mp4,67.25,77.85731708374024,20.729262949371346,25.267678746032708,51.281871932983385,0.062277094668149804,9.113194444444267e-05,0.13428242242857236,0.0,0.0,0.008759544047032615,-41.150369982978475,6.579044306025301e-05,0.0,1.0,0.0,0.0,0.5000000000000165,-0.866025403784429,0.3333333333333333,0.0,-0.1584504834110636,0.19179153712263625,0.18511363254990992,-0.15768195381201902,-0.7223035310320626,0.017734101470130263
control,C:\Users\hoytb\Desktop\PRAYCGStimulus\Field of dreams\1.8prep\Fieldofdreams1_8_MediaPrep_v1_7A_20260817_210857\stimulus_control_cued_phase_scrambled_Fieldofdreams1_8_v1_7A.mp4,67.5,77.83262191772461,20.86543962860108,23.95559345245359,49.328766418457,0.060057356253266206,6.187499999999845e-05,-0.04162332537693636,0.0,0.0,0.009178375283974572,-40.74468377732161,0.0004188312369419571,1.0,0.0,5.0,22.0,1.9581969173625882e-15,-1.0,0.3333333333333333,0.0,-0.15959976115901675,0.05855028275335065,0.08671829865999538,-0.21816782266426557,-0.6970615839433602,0.1630253029280435
control,C:\Users\hoytb\Desktop\PRAYCGStimulus\Field of dreams\1.8prep\Fieldofdreams1_8_MediaPrep_v1_7A_20260817_210857\stimulus_control_cued_phase_scrambled_Fieldofdreams1_8_v1_7A.mp4,67.75,77.90226120300292,18.95194477539071,24.82285896682733,51.817663340759125,0.10328322933763079,0.0,0.9006921842874447,0.0,0.0,0.009462818016133159,-40.47959023804821,0.00028444273215858656,1.0,0.0,5.0,22.0,-0.49999999999998856,-0.8660254037844453,0.3333333333333333,0.0,-0.15635884830574567,0.14662043000053704,0.212106221568443,0.9596982145560866,-0.6799189074626468,0.10771875575137085
control,C:\Users\hoytb\Desktop\PRAYCGStimulus\Field of dreams\1.8prep\Fieldofdreams1_8_MediaPrep_v1_7A_20260817_210857\stimulus_control_cued_phase_scrambled_Fieldofdreams1_8_v1_7A.mp4,68.0,78.00919757080078,20.61766410217286,21.964136785888698,45.87711444702151,0.07410310915708614,0.0,0.03588014305116263,0.0,0.0,0.008809732867886597,-41.10074520367136,-0.000653085148246562,1.0,0.0,5.0,22.0,-0.8660254037844264,-0.5000000000000212,0.3333333333333333,0.0,-0.15138218251296612,-0.14368061303801566,-0.08717217764821054,0.16456626995451007,-0.7192787720153034,-0.27811357440704476
control,C:\Users\hoytb\Desktop\PRAYCGStimulus\Field of dreams\1.8prep\Fieldofdreams1_8_MediaPrep_v1_7A_20260817_210857\stimulus_control_cued_phase_scrambled_Fieldofdreams1_8_v1_7A.mp4,68.25,78.22326334533692,19.765270732116715,21.555896899414048,45.83888216705319,0.04963130761235946,0.000141874999999996,-0.4892754345852063,0.0,0.0,0.00973383954144895,-40.2343163432831,0.0009241066735623527,0.0,0.0,0.0,0.0,-1.0,-7.348499775520708e-15,0.3333333333333333,0.0,-0.14141986717088653,-0.18513706013306672,-0.08909827837593683,-0.5022682403137472,-0.6635850947034312,0.3709674912700164
control,C:\Users\hoytb\Desktop\PRAYCGStimulus\Field of dreams\1.8prep\Fieldofdreams1_8_MediaPrep_v1_7A_20260817_210857\stimulus_control_cued_phase_scrambled_Fieldofdreams1_8_v1_7A.mp4,68.5,78.19078438720703,19.530682684326198,21.907681152343727,45.973136987304635,0.07492746630609076,0.00027541666666666155,0.04650762673958089,0.0,0.0,0.01121871820105524,-39.0011352137804,0.00148487865960629,0.0,0.0,0.0,0.0,-0.8660254037844479,0.49999999999998385,0.3333333333333333,0.0,-0.14293139148425826,-0.14941363928757104,-0.08233466639147398,0.18702925841647278,-0.574095044169976,0.6017488542406773
control,C:\Users\hoytb\Desktop\PRAYCGStimulus\Field of dreams\1.8prep\Fieldofdreams1_8_MediaPrep_v1_7A_20260817_210857\stimulus_control_cued_phase_scrambled_Fieldofdreams1_8_v1_7A.mp4,68.75,78.04770820617676,20.739727764129643,23.159499797820978,46.316419334411535,0.0666197901219138,0.00018611111111110597,0.008103524090555148,0.0,0.0,0.011712060042543769,-38.627334196149306,0.0004933418414885295,0.0,0.0,0.0,0.0,-0.5000000000000259,0.8660254037844237,0.3333333333333333,0.0,-0.14958995255714644,-0.022292416770651243,-0.0650404746998962,-0.039347421274143174,-0.5443625229033681,0.1936895645191683
control,C:\Users\hoytb\Desktop\PRAYCGStimulus\Field of dreams\1.8prep\Fieldofdreams1_8_MediaPrep_v1_7A_20260817_210857\stimulus_control_cued_phase_scrambled_Fieldofdreams1_8_v1_7A.mp4,69.0,77.90888486328126,19.96427916870119,20.793414343261816,43.59628366088879,0.05573917213678349,3.644444444445095e-05,-0.44515931584700197,0.0,0.0,0.012227234267145427,-38.2534353366552,0.0005151742246016586,0.0,0.0,0.0,0.0,-1.2738802633678827e-14,1.0,0.3333333333333333,0.0,-0.156050592618658,-0.26256657840721287,-0.20207795466781353,-0.33583444337872675,-0.5133142166361341,0.20267451251432514
control,C:\Users\hoytb\Desktop\PRAYCGStimulus\Field of dreams\1.8prep\Fieldofdreams1_8_MediaPrep_v1_7A_20260817_210857\stimulus_control_cued_phase_scrambled_Fieldofdreams1_8_v1_7A.mp4,69.25,77.77957626037598,21.067314553833008,26.829024388885504,54.64535691833496,0.05196933095604177,0.0,0.08745230503085188,0.0,0.0,0.012851520218913557,-37.820909922811005,0.00062428595176813,0.0,0.0,0.0,0.0,0.4999999999999792,0.8660254037844506,0.3333333333333333,0.0,-0.1620684302733584,0.3503449886213905,0.3545623518873473,-0.4385592138846692,-0.47569001009937295,0.24757859784355943
control,C:\Users\hoytb\Desktop\PRAYCGStimulus\Field of dreams\1.8prep\Fieldofdreams1_8_MediaPrep_v1_7A_20260817_210857\stimulus_control_cued_phase_scrambled_Fieldofdreams1_8_v1_7A.mp4,69.5,77.78790430908204,20.570386137390145,24.774679473876983,52.336804541015695,0.06119851891696449,0.0,0.06335079413932883,0.0,0.0,0.01212768804667713,-38.324439652635625,-0.0007238321722364272,0.0,0.0,0.0,0.0,0.8660254037844353,0.5000000000000059,0.3333333333333333,0.0,-0.16168085478365776,0.14172783947536685,0.23825999122161148,-0.18707216979241384,-0.5193136269195875,-0.3072289636005768
control,C:\Users\hoytb\Desktop\PRAYCGStimulus\Field of dreams\1.8prep\Fieldofdreams1_8_MediaPrep_v1_7A_20260817_210857\stimulus_control_cued_phase_scrambled_Fieldofdreams1_8_v1_7A.mp4,69.75,77.81803594360352,19.71888700866699,21.70546034622192,45.03676557159423,0.06511007711887366,0.0,-0.16803756166191086,0.0,0.0,0.010762900668734185,-39.36141335575406,-0.0013647873779429453,0.0,0.0,0.0,0.0,1.0,1.8129105491836944e-14,0.3333333333333333,0.0,-0.16027857155773922,-0.169949006918847,-0.12950804100361787,-0.0804857383362486,-0.6015660659518243,-0.57100910893134
control,C:\Users\hoytb\Desktop\PRAYCGStimulus\Field of dreams\1.8prep\Fieldofdreams1_8_MediaPrep_v1_7A_20260817_210857\stimulus_control_cued_phase_scrambled_Fieldofdreams1_8_v1_7A.mp4,70.0,77.83032409667969,19.239131805419937,21.866759765624995,44.85079132080079,0.0672044403553008,0.0,-0.11038134866760757,0.0,0.0,0.009985950563975471,-40.01221176463982,-0.0007769501047587141,0.0,0.0,0.0,0.0,0.8660254037844534,-0.4999999999999745,0.3333333333333333,0.0,-0.1597066984678825,-0.15356917469644785,-0.13887722170872938,-0.02341622996620861,-0.648390972274652,-0.3290892368859054
control,C:\Users\hoytb\Desktop\PRAYCGStimulus\Field of dreams\1.8prep\Fieldofdreams1_8_MediaPrep_v1_7A_20260817_210857\stimulus_control_cued_phase_scrambled_Fieldofdreams1_8_v1_7A.mp4,70.25,77.76379759521484,19.889838747406003,24.33384313430785,51.7035782669067,0.04728009441941987,0.0,-0.2563234180376986,0.0,0.0,0.009209335729528848,-40.71543388676858,-0.000776614834446623,0.0,1.0,0.0,0.0,0.5000000000000107,-0.8660254037844325,0.3333333333333333,0.0,-0.1628027468092593,0.09696124759052757,0.20635873949434383,-0.56633667823339,-0.6951956726655154,-0.3289512589884469
control,C:\Users\hoytb\Desktop\PRAYCGStimulus\Field of dreams\1.8prep\Fieldofdreams1_8_MediaPrep_v1_7A_20260817_210857\stimulus_control_cued_phase_scrambled_Fieldofdreams1_8_v1_7A.mp4,70.5,77.87974559936524,20.939653834533683,21.774137727355974,44.595593768310586,0.04296938264369985,0.0004398749999999958,-0.599102542154421,0.0,0.0,0.01208719897821734,-38.353486569728304,0.002877863248688493,1.0,0.0,9.0,23.0,2.3519408349995066e-14,-1.0,0.3333333333333333,0.0,-0.15740669233425492,-0.16297487158337826,-0.15173379714636082,-0.6837996844046413,-0.5217538052864041,1.1750208615201718
control,C:\Users\hoytb\Desktop\PRAYCGStimulus\Field of dreams\1.8prep\Fieldofdreams1_8_MediaPrep_v1_7A_20260817_210857\stimulus_control_cued_phase_scrambled_Fieldofdreams1_8_v1_7A.mp4,70.75,78.13712563171386,19.50334164733893,22.589595719146878,46.68695777282747,0.06727687688767876,0.0001356249999999804,-0.036230917469587995,0.0,0.0,0.013772728465824727,-37.21960029333016,0.0016855294876073866,1.0,0.0,9.0,23.0,-0.4999999999999945,-0.8660254037844418,0.3333333333333333,0.0,-0.14542859331040214,-0.0801657384855633,-0.04637315074027667,-0.021442399821112738,-0.42017101396148343,0.6843251467797566
control,C:\Users\hoytb\Desktop\PRAYCGStimulus\Field of dreams\1.8prep\Fieldofdreams1_8_MediaPrep_v1_7A_20260817_210857\stimulus_control_cued_phase_scrambled_Fieldofdreams1_8_v1_7A.mp4,71.0,78.45544857177734,18.945027032470673,19.153306103515646,39.21083155517583,0.07327131484746936,0.0002816666666666772,-0.26334440636988077,0.0,0.0,0.011991961794493822,-38.42219527503117,-0.0017807666713309054,1.0,0.0,9.0,23.0,-0.8660254037844298,-0.5000000000000153,0.3333333333333333,0.0,-0.13061429842182365,-0.42911831116009863,-0.423012267223115,0.14190062557669564,-0.5274935203324412,-0.7422021618741167
control,C:\Users\hoytb\Desktop\PRAYCGStimulus\Field of dreams\1.8prep\Fieldofdreams1_8_MediaPrep_v1_7A_20260817_210857\stimulus_control_cued_phase_scrambled_Fieldofdreams1_8_v1_7A.mp4,71.25,78.6493851928711,18.73755396652222,21.061651763916004,43.36897289276121,0.055530007362365796,0.0,-0.42231211513379263,0.0,0.0,0.011697632196403285,-38.63804076109418,-0.0002943295980905366,0.0,0.0,0.0,0.0,-1.0,-2.890971120815318e-14,0.3333333333333333,0.0,-0.1215887651253404,-0.2353272742463888,-0.21352962420657365,-0.341533994744378,-0.5452320543441008,-0.13047050931318724
control,C:\Users\hoytb\Desktop\PRAYCGStimulus\Field of dreams\1.8prep\Fieldofdreams1_8_MediaPrep_v1_7A_20260817_210857\stimulus_control_cued_phase_scrambled_Fieldofdreams1_8_v1_7A.mp4,71.5,78.67266406860351,17.927408885192865,19.82445039978023,40.834298220825104,0.04285124692320817,0.0,-0.7975786198326427,0.0,0.0,0.012240295857293087,-38.24416169598032,0.0005426636608898017,0.0,0.0,0.0,0.0,-0.8660254037844445,0.4999999999999898,0.3333333333333333,0.0,-0.12050539950391895,-0.3609641230637191,-0.34122378040680346,-0.6870187761897425,-0.5125270261443055,0.21398757688230113
control,C:\Users\hoytb\Desktop\PRAYCGStimulus\Field of dreams\1.8prep\Fieldofdreams1_8_MediaPrep_v1_7A_20260817_210857\stimulus_control_cued_phase_scrambled_Fieldofdreams1_8_v1_7A.mp4,71.75,79.08241161499022,19.058790181732128,20.73582916412336,44.161774925231676,0.04442081619650164,0.001983895833333409,-0.6748453371866463,0.0,0.0,0.014664797820692623,-36.67447840208797,0.0024245019633995363,0.0,0.0,0.0,0.0,-0.50000000000002,0.8660254037844272,0.3333333333333333,0.0,-0.10143633404217844,-0.2684143091447157,-0.17358911914253922,-0.6442494297737942,-0.3664081484707492,0.9884435396478229
control,C:\Users\hoytb\Desktop\PRAYCGStimulus\Field of dreams\1.8prep\Fieldofdreams1_8_MediaPrep_v1_7A_20260817_210857\stimulus_control_cued_phase_scrambled_Fieldofdreams1_8_v1_7A.mp4,72.0,79.51791026611328,20.266470602416994,24.72551536254887,50.35076034545903,0.03353293913006788,0.0,-0.48885904912158445,0.0,0.0,0.01877589351882824,-34.527987726691784,0.004111095698135616,0.0,0.0,0.0,0.0,-5.878304635907295e-15,1.0,0.3333333333333333,0.0,-0.08116884895288994,0.1367352617097552,0.1382052423672915,-0.9409342552937553,-0.11864233986819706,1.6825481143540075
control,C:\Users\hoytb\Desktop\PRAYCGStimulus\Field of dreams\1.8prep\Fieldofdreams1_8_MediaPrep_v1_7A_20260817_210857\stimulus_control_cued_phase_scrambled_Fieldofdreams1_8_v1_7A.mp4,72.25,80.06856416931153,19.462915565490725,22.149504527282716,46.41827947692872,0.03131943399757147,0.0005114236111111098,-0.7917928198840231,0.0,0.0,0.019373764499165072,-34.25571967358853,0.0005978709803368329,0.0,0.0,0.0,0.0,0.4999999999999851,0.8660254037844473,0.3333333333333333,0.0,-0.055542202937686504,-0.12485666119295906,-0.0599088713848122,-1.0012502728254757,-0.08261009986212424,0.23670772115666983
control,C:\Users\hoytb\Desktop\PRAYCGStimulus\Field of dreams\1.8prep\Fieldofdreams1_8_MediaPrep_v1_7A_20260817_210857\stimulus_control_cued_phase_scrambled_Fieldofdreams1_8_v1_7A.mp4,72.5,80.64880978393553,20.409858161926195,23.234950714111235,47.272366806030135,0.05267922511696724,0.000392708333333365,-0.26006999025463073,0.0,0.0,0.01611951322498109,-35.85296154151468,-0.0032542512741839807,0.0,0.0,0.0,0.0,0.8660254037844244,0.5000000000000246,0.3333333333333333,0.0,-0.028538400946129677,-0.014630434139626699,-0.016880879659307266,-0.4192152385636108,-0.2787359644849628,-1.3486033256727519
control,C:\Users\hoytb\Desktop\PRAYCGStimulus\Field of dreams\1.8prep\Fieldofdreams1_8_MediaPrep_v1_7A_20260817_210857\stimulus_control_cued_phase_scrambled_Fieldofdreams1_8_v1_7A.mp4,72.75,81.19166417846678,21.738656024932844,23.400950829315224,47.944593595886275,0.03704923267364611,0.0,-0.5525534663449911,0.0,0.0,0.016687062977482806,-35.55240189970705,0.0005675497525017142,0.0,0.0,0.0,0.0,1.0,1.1268607494065414e-14,0.3333333333333333,0.0,-0.003274732922257953,0.002226750132968554,0.016985175679581976,-0.8451184291149632,-0.24453111164864066,0.22422925493352944
control,C:\Users\hoytb\Desktop\PRAYCGStimulus\Field of dreams\1.8prep\Fieldofdreams1_8_MediaPrep_v1_7A_20260817_210857\stimulus_control_cued_phase_scrambled_Fieldofdreams1_8_v1_7A.mp4,73.0,81.68577755126952,20.67882195434571,23.756902282714844,48.64405344238277,0.05989617040157349,4.9083333333316614e-05,-0.06480020443859996,0.0,0.0,0.01997741795462435,-33.98921288485198,0.0032903549771415436,0.0,0.0,0.0,0.0,0.8660254037844499,-0.49999999999998046,0.3333333333333333,0.0,0.01972059757962224,0.03837334698732603,0.05222320282493069,-0.222559991678845,-0.04622936404626373,1.344778634154449
control,C:\Users\hoytb\Desktop\PRAYCGStimulus\Field of dreams\1.8prep\Fieldofdreams1_8_MediaPrep_v1_7A_20260817_210857\stimulus_control_cued_phase_scrambled_Fieldofdreams1_8_v1_7A.mp4,73.25,82.09973769836425,20.398766374206545,23.91334193725586,50.416178436279296,0.050107913535833375,0.001300083333333334,-0.24268775418047436,0.0,0.0,0.021420868571763042,-33.383258467739346,0.0014434506171386932,0.0,1.0,0.0,0.0,0.5000000000000047,-0.8660254037844359,0.3333333333333333,0.0,0.038985711460380025,0.05425967381847576,0.14150093470998695,-0.4892811589585062,0.040763918424735465,0.5846994645710418
control,C:\Users\hoytb\Desktop\PRAYCGStimulus\Field of dreams\1.8prep\Fieldofdreams1_8_MediaPrep_v1_7A_20260817_210857\stimulus_control_cued_phase_scrambled_Fieldofdreams1_8_v1_7A.mp4,73.5,82.14044331665039,20.612022200012213,22.492960935974168,45.78669077758797,0.05191211088895856,0.001680583333333349,-0.34988900032781345,0.0,0.0,0.024123648006602754,-32.35114034044273,0.0027027794348397118,1.0,0.0,3.0,24.0,1.6658910352223535e-14,-1.0,0.3333333333333333,0.0,0.04088009278518346,-0.08997892653716728,-0.09172762387438232,-0.4401184090808713,0.20365390720585277,1.1029664754243633
control,C:\Users\hoytb\Desktop\PRAYCGStimulus\Field of dreams\1.8prep\Fieldofdreams1_8_MediaPrep_v1_7A_20260817_210857\stimulus_control_cued_phase_scrambled_Fieldofdreams1_8_v1_7A.mp4,73.75,82.41304367065429,20.10663521575929,21.240673999786335,44.27108846282949,0.035284131228923335,0.00035031250000003235,-0.8047942061351541,0.0,0.0,0.027626408039395416,-31.17351155946485,0.0035027600327926615,1.0,0.0,3.0,24.0,-0.4999999999999758,-0.8660254037844526,0.3333333333333333,0.0,0.053566523835799185,-0.21714770361627356,-0.16808202188095944,-0.8932158507663389,0.41475679451133507,1.4321922879477456
control,C:\Users\hoytb\Desktop\PRAYCGStimulus\Field of dreams\1.8prep\Fieldofdreams1_8_MediaPrep_v1_7A_20260817_210857\stimulus_control_cued_phase_scrambled_Fieldofdreams1_8_v1_7A.mp4,74.0,82.23937232666016,20.661157772827135,22.950049401855445,50.66843270874014,0.048279194903373575,0.0,-0.3757699165997095,0.0,0.0,0.03016747063452397,-30.40922202658594,0.0025410625951285543,1.0,0.0,3.0,24.0,-0.8660254037844333,-0.5000000000000093,0.3333333333333333,0.0,0.04548410758546013,-0.04356194370092041,0.15420923089743652,-0.5391120915715383,0.5679004999417984,1.036413163895487
control,C:\Users\hoytb\Desktop\PRAYCGStimulus\Field of dreams\1.8prep\Fieldofdreams1_8_MediaPrep_v1_7A_20260817_210857\stimulus_control_cued_phase_scrambled_Fieldofdreams1_8_v1_7A.mp4,74.25,82.07717671203613,20.294479242706302,25.828690409088132,52.5499301574707,0.046099465425312514,0.002407604166666661,-0.12929578470578737,0.0,0.0,0.03142884118853183,-30.0534326305359,0.0012613705540078582,0.0,0.0,0.0,0.0,-1.0,-2.2049213210381653e-14,0.3333333333333333,0.0,0.03793575538628982,0.24876184085754088,0.24899702823042308,-0.5985077529969368,0.6439202567679254,0.5097658263278759
control,C:\Users\hoytb\Desktop\PRAYCGStimulus\Field of dreams\1.8prep\Fieldofdreams1_8_MediaPrep_v1_7A_20260817_210857\stimulus_control_cued_phase_scrambled_Fieldofdreams1_8_v1_7A.mp4,74.5,82.06847952270508,20.649528302001947,24.08618976287841,49.3285288757324,0.04753591219484811,0.00018516666666666906,-0.2761769949119052,0.0,0.0,0.03326490539727976,-29.560274146035177,0.001836064208747934,0.0,0.0,0.0,0.0,-0.866025403784441,0.4999999999999958,0.3333333333333333,0.0,0.03753100061923969,0.07181223782757998,0.08670633151560606,-0.5593658746869561,0.7545754121643178,0.7462765441102607
control,C:\Users\hoytb\Desktop\PRAYCGStimulus\Field of dreams\1.8prep\Fieldofdreams1_8_MediaPrep_v1_7A_20260817_210857\stimulus_control_cued_phase_scrambled_Fieldofdreams1_8_v1_7A.mp4,74.75,82.60702775268553,19.348407805633528,22.096024896240234,45.56057486419676,0.047035660614819244,0.0004268611111111349,-0.4862839132639942,0.0,0.0,0.03272484690556713,-29.70244752979234,-0.0005400584917126319,0.0,0.0,0.0,0.0,-0.500000000000014,0.8660254037844306,0.3333333333333333,0.0,0.0625942658965122,-0.1302874766728501,-0.10311909792966215,-0.5729972788469557,0.7220273912188222,-0.2315983302506197
control,C:\Users\hoytb\Desktop\PRAYCGStimulus\Field of dreams\1.8prep\Fieldofdreams1_8_MediaPrep_v1_7A_20260817_210857\stimulus_control_cued_phase_scrambled_Fieldofdreams1_8_v1_7A.mp4,75.0,83.25204284667969,21.616725311279254,22.02887931823731,44.55395904541019,0.08448195360600834,0.0006555555555555417,0.24770134327419402,0.0,0.0,0.03133290686586601,-30.07998624365071,-0.0013919400397011186,0.0,0.0,0.0,0.0,-2.7439516068539772e-14,1.0,0.3333333333333333,0.0,0.09261234693116231,-0.13710605857620792,-0.15383130925245514,0.4473804159665281,0.6381385268415669,-0.5821835763526523
control,C:\Users\hoytb\Desktop\PRAYCGStimulus\Field of dreams\1.8prep\Fieldofdreams1_8_MediaPrep_v1_7A_20260817_210857\stimulus_control_cued_phase_scrambled_Fieldofdreams1_8_v1_7A.mp4,75.25,83.50996409301757,20.31156082534789,24.751709539794934,49.89959784240725,0.10680583302974697,0.0001651180555555516,0.9632165633798648,0.0,0.0,0.0322184362440861,-29.837910846685503,0.0008855293782200901,0.0,0.0,0.0,0.0,0.4999999999999911,0.8660254037844438,0.3333333333333333,0.0,0.10461563328092131,0.13939526030170396,0.11547616562452578,1.0556859865886539,0.6915072437350986,0.3550913044768489
control,C:\Users\hoytb\Desktop\PRAYCGStimulus\Field of dreams\1.8prep\Fieldofdreams1_8_MediaPrep_v1_7A_20260817_210857\stimulus_control_cued_phase_scrambled_Fieldofdreams1_8_v1_7A.mp4,75.5,83.54392930908203,21.134646310424753,22.15988675537109,44.782829602050725,0.0451770914375785,0.0028019305555555254,-0.5166244906859575,0.0,0.0,0.03305036297790652,-29.616475329394053,0.0008319267338204178,0.0,0.0,0.0,0.0,0.8660254037844278,0.5000000000000187,0.3333333333333333,0.0,0.10619632591536618,-0.12380235390027568,-0.14230105926302888,-0.623641611870001,0.7416454587118438,0.3330315517765441
control,C:\Users\hoytb\Desktop\PRAYCGStimulus\Field of dreams\1.8prep\Fieldofdreams1_8_MediaPrep_v1_7A_20260817_210857\stimulus_control_cued_phase_scrambled_Fieldofdreams1_8_v1_7A.mp4,75.75,83.51305825805665,21.90872478713993,23.280567027282586,47.791193704223396,0.0374198899358513,0.002611618055555656,-0.5573319967007097,0.0,0.0,0.033865608711287166,-29.404822276533164,0.000815245733380647,0.0,0.0,0.0,0.0,1.0,4.408109496293883e-15,0.3333333333333333,0.0,0.1047596313016534,-0.009998132553444432,0.00925705579738204,-0.8350183531778392,0.7907783500800597,0.3261666153799124
control,C:\Users\hoytb\Desktop\PRAYCGStimulus\Field of dreams\1.8prep\Fieldofdreams1_8_MediaPrep_v1_7A_20260817_210857\stimulus_control_cued_phase_scrambled_Fieldofdreams1_8_v1_7A.mp4,76.0,83.56168862304688,21.28389253540038,25.74206437377932,51.50421945800788,0.03782169049978241,0.000173777777777773,-0.30175637454193355,0.0,0.0,0.03742401061727106,-28.536993446260716,0.0035584019059838948,0.0,0.0,0.0,0.0,0.8660254037844465,-0.4999999999999864,0.3333333333333333,0.0,0.10702281901712504,0.2399650334685188,0.1963152592934024,-0.8240696503704544,1.0052346386964477,1.4550912694462745
control,C:\Users\hoytb\Desktop\PRAYCGStimulus\Field of dreams\1.8prep\Fieldofdreams1_8_MediaPrep_v1_7A_20260817_210857\stimulus_control_cued_phase_scrambled_Fieldofdreams1_8_v1_7A.mp4,76.25,83.41286518859863,21.396749584197995,25.501924324035652,54.04678112792974,0.054798328772187314,0.0015550347222222322,0.009907140354814215,0.0,0.0,0.0408209231747623,-27.78234355653136,0.0033969125574912357,0.0,1.0,0.0,0.0,0.5000000000000233,-0.8660254037844252,0.3333333333333333,0.0,0.10009678898043439,0.2155789957553236,0.3244067538834047,-0.3614715761056724,1.2099583543084833,1.3886315801645424
control,C:\Users\hoytb\Desktop\PRAYCGStimulus\Field of dreams\1.8prep\Fieldofdreams1_8_MediaPrep_v1_7A_20260817_210857\stimulus_control_cued_phase_scrambled_Fieldofdreams1_8_v1_7A.mp4,76.5,83.2544825744629,22.699621269226014,25.378054408264187,51.5117197875979,0.07318912452459284,0.000371555555555631,0.3612414847128439,0.0,0.0,0.04307010307341118,-27.316481777845546,0.0022491798986488815,1.0,0.0,5.0,25.0,9.798412354452001e-15,-1.0,0.3333333333333333,0.0,0.09272588837690655,0.20300010089477197,0.19669311774948947,0.13966101344172518,1.3455109945776138,0.9162911032406014
control,C:\Users\hoytb\Desktop\PRAYCGStimulus\Field of dreams\1.8prep\Fieldofdreams1_8_MediaPrep_v1_7A_20260817_210857\stimulus_control_cued_phase_scrambled_Fieldofdreams1_8_v1_7A.mp4,76.75,83.37938301391601,22.610942748260513,26.55837318572997,53.733899772644,0.048441096921265914,0.0022006666666666555,-0.009568706160739182,0.0,0.0,0.04593430395535243,-26.7572572022786,0.0028642008819412534,1.0,0.0,5.0,25.0,-0.49999999999998174,-0.8660254037844491,0.3333333333333333,0.0,0.098538576401849,0.3228605667004422,0.30864413113092387,-0.5347004076742428,1.518129464110236,1.1693982204150473
control,C:\Users\hoytb\Desktop\PRAYCGStimulus\Field of dreams\1.8prep\Fieldofdreams1_8_MediaPrep_v1_7A_20260817_210857\stimulus_control_cued_phase_scrambled_Fieldofdreams1_8_v1_7A.mp4,77.0,83.74127854003906,21.489967651367213,26.640705703735367,54.379911535644574,0.03664941321015287,0.002112166666666689,-0.23454204732333667,0.0,0.0,0.047238274207878586,-26.514119543461664,0.0013039702525261543,1.0,0.0,5.0,25.0,-0.8660254037844367,-0.5000000000000034,0.3333333333333333,0.0,0.1153806771997838,0.3312213707031277,0.34118950189788305,-0.8560131487230372,1.5967166018792094,0.5272974019608665
control,C:\Users\hoytb\Desktop\PRAYCGStimulus\Field of dreams\1.8prep\Fieldofdreams1_8_MediaPrep_v1_7A_20260817_210857\stimulus_control_cued_phase_scrambled_Fieldofdreams1_8_v1_7A.mp4,77.25,83.93811350402832,19.662390997314454,24.473583590698226,49.5494722198486,0.0771895961418746,0.0004016874999999989,0.3493863541778454,0.0,0.0,0.048752031985725544,-26.240145563521796,0.001513757777846958,0.0,0.0,0.0,0.0,-1.0,-1.5188715212610122e-14,0.3333333333333333,0.0,0.1245410952341803,0.11115178366825526,0.0978372171504969,0.24867025523687966,1.6879471271201427,0.6136338314414642
control,C:\Users\hoytb\Desktop\PRAYCGStimulus\Field of dreams\1.8prep\Fieldofdreams1_8_MediaPrep_v1_7A_20260817_210857\stimulus_control_cued_phase_scrambled_Fieldofdreams1_8_v1_7A.mp4,77.5,83.9340093383789,20.58947656249998,23.702850990295396,49.6686011810302,0.053422638997435795,0.0003343055555555549,-0.1982933004723131,0.0,0.0,0.04398797503070981,-27.133320602607004,-0.004764056955015736,0.0,0.0,0.0,0.0,-0.8660254037844519,0.4999999999999771,0.3333333333333333,0.0,0.12435009322788443,0.032884479733427445,0.10383880478835891,-0.39895788113110503,1.4008289205983668,-1.9699521475019124
control,C:\Users\hoytb\Desktop\PRAYCGStimulus\Field of dreams\1.8prep\Fieldofdreams1_8_MediaPrep_v1_7A_20260817_210857\stimulus_control_cued_phase_scrambled_Fieldofdreams1_8_v1_7A.mp4,77.75,83.93294024047852,20.906705308532718,23.171105034637478,47.54181529998791,0.03259690777212433,6.013888888889798e-05,-0.6637492516512817,0.0,0.0,0.031666510372998995,-29.98799585843354,-0.012321464657710814,0.0,0.0,0.0,0.0,-0.5000000000000081,0.866025403784434,0.3333333333333333,0.0,0.1243003389388662,-0.021113913880442724,-0.003306357273332142,-0.9664402651814711,0.6582440044968146,-5.080144691992334
control,C:\Users\hoytb\Desktop\PRAYCGStimulus\Field of dreams\1.8prep\Fieldofdreams1_8_MediaPrep_v1_7A_20260817_210857\stimulus_control_cued_phase_scrambled_Fieldofdreams1_8_v1_7A.mp4,78.0,83.52946145019544,21.67165357971197,22.336130197143543,47.5662789855957,0.04528302766084413,0.0023922499999999955,-0.4967987754898644,0.0,0.0,0.022345574146276338,-33.016169641920285,-0.009320936226722656,0.0,0.0,0.0,0.0,-2.057901807076824e-14,1.0,0.3333333333333333,0.0,0.10552301243092317,-0.10590496767771927,-0.002073903370737802,-0.620754945376245,0.09649369005045462,-3.8453004804959887
control,C:\Users\hoytb\Desktop\PRAYCGStimulus\Field of dreams\1.8prep\Fieldofdreams1_8_MediaPrep_v1_7A_20260817_210857\stimulus_control_cued_phase_scrambled_Fieldofdreams1_8_v1_7A.mp4,78.25,68.80529348754882,15.831352460098259,22.302632056427036,45.52286772155769,0.2709552108764667,0.0032010624999999917,3.9639431680250237,0.0,0.0,0.02019089012113221,-33.896890692341714,-0.002154684025144127,0.0,0.0,0.0,0.0,0.4999999999999724,0.8660254037844546,0.3333333333333333,0.0,-0.5797187302600262,-0.10930667815336302,-0.1050187428092711,5.52860841476369,-0.03336391214911005,-0.8960849497076674
control,C:\Users\hoytb\Desktop\PRAYCGStimulus\Field of dreams\1.8prep\Fieldofdreams1_8_MediaPrep_v1_7A_20260817_210857\stimulus_control_cued_phase_scrambled_Fieldofdreams1_8_v1_7A.mp4,78.5,68.8471255493164,16.5794474761963,17.30786077880868,35.243504742431796,0.06306941851377425,0.003206847222222319,-0.6508046127662368,0.0,0.0,0.025184074145086725,-31.977480213684792,0.004993184023954513,0.0,0.0,0.0,0.0,0.8660254037844313,0.5000000000000128,0.3333333333333333,0.0,-0.5777719258647835,-0.616521867268216,-0.6228818817866789,-0.1360918439623137,0.2675632294295885,2.045564725667119
control,C:\Users\hoytb\Desktop\PRAYCGStimulus\Field of dreams\1.8prep\Fieldofdreams1_8_MediaPrep_v1_7A_20260817_210857\stimulus_control_cued_phase_scrambled_Fieldofdreams1_8_v1_7A.mp4,78.75,68.85163758850098,16.56660287857055,18.561592460632227,38.13593379211406,0.04795524153858517,0.0017562152777777823,-0.8236583823721148,0.0,0.0,0.02932940661514989,-30.653934468952627,0.004145332470063167,0.0,0.0,0.0,0.0,1.0,2.596932092892636e-14,0.3333333333333333,0.0,-0.5775619420068316,-0.4892063773788306,-0.47716444871425806,-0.5479395284467354,0.5173924055875148,1.6966379923896355
control,C:\Users\hoytb\Desktop\PRAYCGStimulus\Field of dreams\1.8prep\Fieldofdreams1_8_MediaPrep_v1_7A_20260817_210857\stimulus_control_cued_phase_scrambled_Fieldofdreams1_8_v1_7A.mp4,79.0,68.85433767089843,15.680291520690925,18.411788644409192,38.278142498779324,0.05269055300950988,0.0010427777777777833,-0.7450576023311657,0.0,0.0,0.03031801763521558,-30.365983974914666,0.000988611020065689,0.0,0.0,0.0,0.0,0.866025403784443,-0.49999999999999234,0.3333333333333333,0.0,-0.5774362840292716,-0.5044188399226458,-0.47000012857368706,-0.4189065637134067,0.5769736040721551,0.39751375494590085
control,C:\Users\hoytb\Desktop\PRAYCGStimulus\Field of dreams\1.8prep\Fieldofdreams1_8_MediaPrep_v1_7A_20260817_210857\stimulus_control_cued_phase_scrambled_Fieldofdreams1_8_v1_7A.mp4,79.25,68.74732586975098,15.952116355895983,17.2986604812622,36.09956305541991,0.029829876096546932,0.003207729166666657,-1.3092548710848892,0.0,0.0,0.029218158726487517,-30.686943118950026,-0.0010998589087280637,0.0,1.0,0.0,0.0,0.5000000000000174,-0.8660254037844286,0.3333333333333333,0.0,-0.5824164603823805,-0.6174561504216534,-0.5797545940343181,-1.0418393815443616,0.5106877640238897,-0.4619798515205558
control,C:\Users\hoytb\Desktop\PRAYCGStimulus\Field of dreams\1.8prep\Fieldofdreams1_8_MediaPrep_v1_7A_20260817_210857\stimulus_control_cued_phase_scrambled_Fieldofdreams1_8_v1_7A.mp4,79.5,68.95200333251952,14.605322864532447,16.55003878479005,34.19679274902346,0.05114005163759164,0.0029202916666665217,-0.9630213405549339,0.0,0.0,0.026820830635449495,-31.43055552503487,-0.0023973280910380215,1.0,0.0,3.0,26.0,3.1359623787084476e-14,-1.0,0.3333333333333333,0.0,-0.5728910636582406,-0.693478109035274,-0.6756140948248291,-0.46115632702256354,0.3662065900071874,-0.9959432337114413
control,C:\Users\hoytb\Desktop\PRAYCGStimulus\Field of dreams\1.8prep\Fieldofdreams1_8_MediaPrep_v1_7A_20260817_210857\stimulus_control_cued_phase_scrambled_Fieldofdreams1_8_v1_7A.mp4,79.75,69.01441745300293,15.089851333618162,16.613678141021712,34.32849314270017,0.021190413587540213,0.004157423611111197,-1.5490649893741144,0.0,0.0,0.028480742771179984,-30.908973771453198,0.0016599121357304888,1.0,0.0,3.0,26.0,-0.4999999999999877,-0.8660254037844457,0.3333333333333333,0.0,-0.5699863996529757,-0.6870155812613132,-0.6689791720759701,-1.2772569392033275,0.4662454854055516,0.673782524236222
control,C:\Users\hoytb\Desktop\PRAYCGStimulus\Field of dreams\1.8prep\Fieldofdreams1_8_MediaPrep_v1_7A_20260817_210857\stimulus_control_cued_phase_scrambled_Fieldofdreams1_8_v1_7A.mp4,80.0,69.01654699707031,15.707130554199214,17.72510569763183,36.46877343749999,0.03134249657392497,0.002036666666666666,-1.2364325901195459,0.0,0.0,0.030790260018187306,-30.231732870574287,0.0023095172470073214,1.0,0.0,3.0,26.0,-0.8660254037844259,-0.5000000000000221,0.3333333333333333,0.0,-0.5698872937142521,-0.5741509660506918,-0.5611541761100453,-1.0006218384300716,0.6054345119333969,0.9411224711383288
control,C:\Users\hoytb\Desktop\PRAYCGStimulus\Field of dreams\1.8prep\Fieldofdreams1_8_MediaPrep_v1_7A_20260817_210857\stimulus_control_cued_phase_scrambled_Fieldofdreams1_8_v1_7A.mp4,80.25,68.96369728393555,16.783312411499033,18.154294115447996,37.936449993896495,0.06290457135736983,0.0019418749999999979,-0.5689140478068573,0.0,0.0,0.025904293199958302,-31.73256505893753,-0.004885966818229004,0.0,0.0,0.0,0.0,-1.0,-8.32821721483859e-15,0.3333333333333333,0.0,-0.5723468438647973,-0.5305672116785932,-0.4872142257412843,-0.14058378022655407,0.3109690923926296,-2.0201232064922245
control,C:\Users\hoytb\Desktop\PRAYCGStimulus\Field of dreams\1.8prep\Fieldofdreams1_8_MediaPrep_v1_7A_20260817_210857\stimulus_control_cued_phase_scrambled_Fieldofdreams1_8_v1_7A.mp4,80.5,69.00368828125,16.744642685699507,18.993282185363743,39.0823454010009,0.027121151950954738,0.0024733055555555324,-1.1923577267228949,0.0,0.0,0.019597318053535692,-34.15606717880123,-0.0063069751464226095,0.0,0.0,0.0,0.0,-0.8660254037844485,0.499999999999983,0.3333333333333333,0.0,-0.57048571997914,-0.445368617209552,-0.4294852600779526,-1.115649670328229,-0.06913706706706423,-2.6049281663239476
control,C:\Users\hoytb\Desktop\PRAYCGStimulus\Field of dreams\1.8prep\Fieldofdreams1_8_MediaPrep_v1_7A_20260817_210857\stimulus_control_cued_phase_scrambled_Fieldofdreams1_8_v1_7A.mp4,80.75,68.9659395324707,15.621482892227174,18.693576675033672,38.77402392807029,0.04429052923172706,0.00301130555555556,-0.882873869248813,0.0,0.0,0.021434832074791917,-33.377598289572795,0.0018375140212562244,0.0,0.0,0.0,0.0,-0.5000000000000268,0.8660254037844233,0.3333333333333333,0.0,-0.5722424928211476,-0.47580348172116893,-0.44501816091142044,-0.6477996320010804,0.04160546502761366,0.7468732032070812
control,C:\Users\hoytb\Desktop\PRAYCGStimulus\Field of dreams\1.8prep\Fieldofdreams1_8_MediaPrep_v1_7A_20260817_210857\stimulus_control_cued_phase_scrambled_Fieldofdreams1_8_v1_7A.mp4,81.0,68.94655548095703,15.581615946960449,16.477736138916,33.756223779296846,0.04109801559448247,0.0030471111111111094,-1.1689405486786666,0.0,0.0,0.026245256582485485,-31.618983540982395,0.004810424507693568,0.0,0.0,0.0,0.0,-1.371852007299671e-14,1.0,0.3333333333333333,0.0,-0.573144598887401,-0.7008203872222337,-0.6978094808679113,-0.7347927478910493,0.33151813196230445,1.9703514637563235
control,C:\Users\hoytb\Desktop\PRAYCGStimulus\Field of dreams\1.8prep\Fieldofdreams1_8_MediaPrep_v1_7A_20260817_210857\stimulus_control_cued_phase_scrambled_Fieldofdreams1_8_v1_7A.mp4,81.25,68.87529289245606,15.549116783142093,18.30957632064821,37.898316650390655,0.036088026240467905,0.002634375000000032,-1.083761429293959,0.0,0.0,0.027352931086553012,-31.259922573489185,0.0011076745040675268,0.0,0.0,0.0,0.0,0.49999999999997835,0.8660254037844511,0.3333333333333333,0.0,-0.5764610579536759,-0.5147984229395115,-0.48913534215751947,-0.8713104370864077,0.39827499906544245,0.44651340864084604
control,C:\Users\hoytb\Desktop\PRAYCGStimulus\Field of dreams\1.8prep\Fieldofdreams1_8_MediaPrep_v1_7A_20260817_210857\stimulus_control_cued_phase_scrambled_Fieldofdreams1_8_v1_7A.mp4,81.5,68.84161978759765,15.28522039566041,17.450362438964873,36.12122546997077,0.04986433939337675,0.0007271666666667335,-0.897683859241453,0.0,0.0,0.023482213201528955,-32.58521946335348,-0.0038707178850240567,0.0,0.0,0.0,0.0,0.8660254037844347,0.5000000000000068,0.3333333333333333,0.0,-0.5780281561498882,-0.6020509330676478,-0.5786632651241591,-0.4959183345543534,0.16499618069829347,-1.6023053796559366
control,C:\Users\hoytb\Desktop\PRAYCGStimulus\Field of dreams\1.8prep\Fieldofdreams1_8_MediaPrep_v1_7A_20260817_210857\stimulus_control_cued_phase_scrambled_Fieldofdreams1_8_v1_7A.mp4,81.75,68.72008375854492,15.059399171447769,17.72125134201048,36.5094081710815,0.037439411392807716,0.002973048611111145,-1.1162148249184987,0.0,0.0,0.01985983821504632,-34.040485874279554,-0.0036223749864826363,0.0,0.0,0.0,0.0,1.0,1.9108822931154828e-14,0.3333333333333333,0.0,-0.5836842693210439,-0.5745423729053278,-0.5591070423794079,-0.8344864110907205,-0.0533156109718801,-1.5001017852613638
control,C:\Users\hoytb\Desktop\PRAYCGStimulus\Field of dreams\1.8prep\Fieldofdreams1_8_MediaPrep_v1_7A_20260817_210857\stimulus_control_cued_phase_scrambled_Fieldofdreams1_8_v1_7A.mp4,82.0,68.81038022460937,14.542844197082516,18.328178512573245,37.913575030517585,0.0513423938333988,0.001908777777777771,-0.7801372859244052,0.0,0.0,0.019142768648025464,-34.35990498631754,-0.0007170695670208546,0.0,0.0,0.0,0.0,0.8660254037844538,-0.4999999999999737,0.3333333333333333,0.0,-0.5794820007839141,-0.5129093846290911,-0.48836664154403897,-0.45564268476778036,-0.09653166190880558,-0.30444586585724537
control,C:\Users\hoytb\Desktop\PRAYCGStimulus\Field of dreams\1.8prep\Fieldofdreams1_8_MediaPrep_v1_7A_20260817_210857\stimulus_control_cued_phase_scrambled_Fieldofdreams1_8_v1_7A.mp4,82.25,68.8210995880127,15.288094786071786,17.31616610031127,36.20407075653074,0.042201923142374004,0.003354965277777809,-1.062757380797882,0.0,0.0,0.021445044552943916,-33.373460942788775,0.002302275904918452,0.0,1.0,0.0,0.0,0.5000000000000114,-0.866025403784432,0.3333333333333333,0.0,-0.5789831369243286,-0.615678468245027,-0.5744896095936994,-0.7047122633082415,0.04222094642064317,0.9381423529466274
control,C:\Users\hoytb\Desktop\PRAYCGStimulus\Field of dreams\1.8prep\Fieldofdreams1_8_MediaPrep_v1_7A_20260817_210857\stimulus_control_cued_phase_scrambled_Fieldofdreams1_8_v1_7A.mp4,82.5,68.79769247436523,15.082860984802235,15.274336559295797,31.671719169617027,0.02054332913458349,0.0015954861111111265,-1.6966034306741946,0.0,0.0,0.02367914630537054,-32.51267918181661,0.0022341017524266232,1.0,0.0,2.0,27.0,2.4499125789312947e-14,-1.0,0.3333333333333333,0.0,-0.5800724705551215,-0.8230246907692108,-0.8028245584144249,-1.2948894066577958,0.17686486323371786,0.9100858090696278
control,C:\Users\hoytb\Desktop\PRAYCGStimulus\Field of dreams\1.8prep\Fieldofdreams1_8_MediaPrep_v1_7A_20260817_210857\stimulus_control_cued_phase_scrambled_Fieldofdreams1_8_v1_7A.mp4,82.75,68.72997609863282,15.707297360610951,15.126103283309904,31.501696190643234,0.028685270340740497,0.0010472986111111195,-1.550456746172973,0.0,0.0,0.026895055075419023,-31.406551240425486,0.0032159087700484833,1.0,0.0,2.0,27.0,-0.4999999999999936,-0.8660254037844423,0.3333333333333333,0.0,-0.5832238939451094,-0.8380776661575352,-0.8113901313753621,-1.073028855569329,0.37067991773717957,1.3141408748360182
control,C:\Users\hoytb\Desktop\PRAYCGStimulus\Field of dreams\1.8prep\Fieldofdreams1_8_MediaPrep_v1_7A_20260817_210857\stimulus_control_cued_phase_scrambled_Fieldofdreams1_8_v1_7A.mp4,83.0,61.03399060668945,16.02234853210449,19.15654100341797,40.227906201171876,0.20144312164187442,0.0,2.2723988854536605,0.0,0.0,0.02279370605288707,-32.8437011331639,-0.004101349022531953,1.0,0.0,2.0,27.0,-0.8660254037844294,-0.5000000000000161,0.3333333333333333,0.0,-0.9413840645980135,-0.428789809558218,-0.3717731515483967,3.634466706489616,0.12350151773307566,-1.6972198361234103
control,C:\Users\hoytb\Desktop\PRAYCGStimulus\Field of dreams\1.8prep\Fieldofdreams1_8_MediaPrep_v1_7A_20260817_210857\stimulus_control_cued_phase_scrambled_Fieldofdreams1_8_v1_7A.mp4,83.25,60.97200623321533,15.32410896911621,16.057113439559934,33.53858488159179,0.03203291145414118,0.0,-1.3905757876114813,0.0,0.0,0.017233749838424458,-35.27240430898109,-0.005559956214462612,0.0,0.0,0.0,0.0,-1.0,-2.988942864747106e-14,0.3333333333333333,0.0,-0.9442687287913835,-0.7435342994599962,-0.7087738920826915,-0.9818086559314539,-0.21158361489855862,-2.2974983168073426
control,C:\Users\hoytb\Desktop\PRAYCGStimulus\Field of dreams\1.8prep\Fieldofdreams1_8_MediaPrep_v1_7A_20260817_210857\stimulus_control_cued_phase_scrambled_Fieldofdreams1_8_v1_7A.mp4,83.5,61.16210417175292,14.765583020019578,16.18729167404169,32.24970472106922,0.04839747470021196,0.0,-1.0537658325976835,0.0,0.0,0.024623674090203003,-32.172942912344865,0.007389924251778545,0.0,0.0,0.0,0.0,-0.866025403784445,0.49999999999998895,0.3333333333333333,0.0,-0.9354218422972932,-0.730314799676858,-0.773706274278877,-0.5358890738359948,0.23378927160074314,3.0319245835586366
control,C:\Users\hoytb\Desktop\PRAYCGStimulus\Field of dreams\1.8prep\Fieldofdreams1_8_MediaPrep_v1_7A_20260817_210857\stimulus_control_cued_phase_scrambled_Fieldofdreams1_8_v1_7A.mp4,83.75,61.31548831939697,14.056932743072506,16.034086719512974,32.656524951934855,0.0527488210499288,0.0,-0.983102576082139,0.0,0.0,0.031095350045240895,-30.14609099775516,0.006471675955037892,0.0,0.0,0.0,0.0,-0.5000000000000208,0.8660254037844266,0.3333333333333333,0.0,-0.9282835631837018,-0.7458726452048053,-0.7532111130336315,-0.4173188121894322,0.6238215510100567,2.6540266165751505
control,C:\Users\hoytb\Desktop\PRAYCGStimulus\Field of dreams\1.8prep\Fieldofdreams1_8_MediaPrep_v1_7A_20260817_210857\stimulus_control_cued_phase_scrambled_Fieldofdreams1_8_v1_7A.mp4,84.0,61.766126904296875,13.83601378173828,15.795165039062502,33.08951476745606,0.046079690527915954,0.0,-1.1390629185885435,0.0,0.0,0.025528835243609344,-31.859379989366158,-0.005566514801631551,0.0,0.0,0.0,0.0,-6.858022075225178e-15,1.0,0.3333333333333333,0.0,-0.9073114872046737,-0.770134958451531,-0.7313975565451217,-0.5990466011073605,0.28834114817005935,-2.300197452505414
control,C:\Users\hoytb\Desktop\PRAYCGStimulus\Field of dreams\1.8prep\Fieldofdreams1_8_MediaPrep_v1_7A_20260817_210857\stimulus_control_cued_phase_scrambled_Fieldofdreams1_8_v1_7A.mp4,84.25,61.98939238128662,16.144493248748823,18.20963592529301,38.7891964263917,0.07870612428188387,0.0,-0.25076979450365255,0.0,0.0,0.018251974758428997,-34.77380280965561,-0.007276860485180347,0.0,0.0,0.0,0.0,0.4999999999999843,0.8660254037844477,0.3333333333333333,0.0,-0.8969210308526885,-0.524947293370766,-0.44425378692999684,0.2899942786318401,-0.1502176581881363,-3.0040769575872726
control,C:\Users\hoytb\Desktop\PRAYCGStimulus\Field of dreams\1.8prep\Fieldofdreams1_8_MediaPrep_v1_7A_20260817_210857\stimulus_control_cued_phase_scrambled_Fieldofdreams1_8_v1_7A.mp4,84.5,62.27518080444335,14.167584227752684,18.560611480712904,38.79989707031253,0.06400959643721556,0.0,-0.5061794431496938,0.0,0.0,0.01620894634198082,-35.804904307967284,-0.002043028416448177,0.0,0.0,0.0,0.0,0.8660254037844239,0.5000000000000254,0.3333333333333333,0.0,-0.8836208459035882,-0.48930599513661,-0.44371470011487263,-0.11047284390638562,-0.27334604652237837,-0.85013394965869
control,C:\Users\hoytb\Desktop\PRAYCGStimulus\Field of dreams\1.8prep\Fieldofdreams1_8_MediaPrep_v1_7A_20260817_210857\stimulus_control_cued_phase_scrambled_Fieldofdreams1_8_v1_7A.mp4,84.75,62.568004776000976,14.384181958007806,17.585305039215115,36.31888332824713,0.054932816775143715,0.0,-0.78384700750772,0.0,0.0,0.014898251733532052,-36.53729383523433,-0.0013106946084487682,0.0,0.0,0.0,0.0,1.0,1.2248324933383297e-14,0.3333333333333333,0.0,-0.8699932365825815,-0.5883476155979812,-0.5687054769675962,-0.35780689937868604,-0.3523384449821337,-0.5487476490485244
control,C:\Users\hoytb\Desktop\PRAYCGStimulus\Field of dreams\1.8prep\Fieldofdreams1_8_MediaPrep_v1_7A_20260817_210857\stimulus_control_cued_phase_scrambled_Fieldofdreams1_8_v1_7A.mp4,85.0,62.687412994384765,14.350489295959472,16.08125207519531,32.522269042968745,0.03725888881087306,0.0,-1.2847702811286223,0.0,0.0,0.015156559055074268,-36.38798767932875,0.00025830732154221575,0.0,0.0,0.0,0.0,0.8660254037844504,-0.4999999999999796,0.3333333333333333,0.0,-0.864436148680263,-0.7410830395407213,-0.7599747798663565,-0.8394054885561348,-0.3367708865769887,0.09696293015031925
control,C:\Users\hoytb\Desktop\PRAYCGStimulus\Field of dreams\1.8prep\Fieldofdreams1_8_MediaPrep_v1_7A_20260817_210857\stimulus_control_cued_phase_scrambled_Fieldofdreams1_8_v1_7A.mp4,85.25,62.70787326354981,13.59028483963015,15.185605591964746,31.715461962890622,0.030688630440831633,0.0,-1.504841525565152,0.0,0.0,0.017032650678159865,-35.37435520780275,0.0018760916230855969,0.0,1.0,0.0,0.0,0.5000000000000056,-0.8660254037844355,0.3333333333333333,0.0,-0.8634839569819514,-0.8320352523892862,-0.8006208440132209,-1.018439100548898,-0.22370337559273246,0.7627495161326424
control,C:\Users\hoytb\Desktop\PRAYCGStimulus\Field of dreams\1.8prep\Fieldofdreams1_8_MediaPrep_v1_7A_20260817_210857\stimulus_control_cued_phase_scrambled_Fieldofdreams1_8_v1_7A.mp4,85.5,62.37745838623048,13.771516336822499,15.927786966705295,33.31465837554927,0.07217359246015412,0.0,-0.6095471808095447,0.0,0.0,0.018799435317684524,-34.51710391011197,0.0017667846395246593,1.0,0.0,9.0,28.0,1.7638627791541416e-14,-1.0,0.3333333333333333,0.0,-0.8788609933564138,-0.7566673035037371,-0.7200550661744037,0.11198868103848902,-0.11722353250931428,0.7177650745481652
control,C:\Users\hoytb\Desktop\PRAYCGStimulus\Field of dreams\1.8prep\Fieldofdreams1_8_MediaPrep_v1_7A_20260817_210857\stimulus_control_cued_phase_scrambled_Fieldofdreams1_8_v1_7A.mp4,85.75,61.644777168273926,13.732805312728877,15.715410263824463,32.31750002288817,0.07885025207996393,0.0,-0.4988386682891321,0.0,0.0,0.021467184611264536,-33.364498177444105,0.0026677492935800115,1.0,0.0,9.0,28.0,-0.49999999999997496,-0.8660254037844531,0.3333333333333333,0.0,-0.9129589305643531,-0.7782339946549391,-0.770290820628765,0.29392163107759717,0.043555274262927074,1.0885500923913938
control,C:\Users\hoytb\Desktop\PRAYCGStimulus\Field of dreams\1.8prep\Fieldofdreams1_8_MediaPrep_v1_7A_20260817_210857\stimulus_control_cued_phase_scrambled_Fieldofdreams1_8_v1_7A.mp4,86.0,61.41064224243164,14.17757382965088,16.11975736846924,33.74873264160157,0.04649521769285183,0.0,-1.0981891139599465,0.0,0.0,0.019671134971386686,-34.123411634328555,-0.0017960496398778496,1.0,0.0,9.0,28.0,-0.8660254037844327,-0.5000000000000102,0.3333333333333333,0.0,-0.9238552355383249,-0.7371728565665026,-0.6981868762463278,-0.5877238608086235,-0.06468829971090807,-0.7484917490847467
control,C:\Users\hoytb\Desktop\PRAYCGStimulus\Field of dreams\1.8prep\Fieldofdreams1_8_MediaPrep_v1_7A_20260817_210857\stimulus_control_cued_phase_scrambled_Fieldofdreams1_8_v1_7A.mp4,86.25,61.16718238067627,13.956034391403211,15.153793165206956,31.806674095153888,0.022595272649079463,0.0,-1.6681398191110346,0.0,0.0,0.014544576499641927,-36.745978394645704,-0.005126558471744759,0.0,0.0,0.0,0.0,-1.0,-2.3028930649699535e-14,0.3333333333333333,0.0,-0.9351855097085036,-0.8352657799064239,-0.7960256758863051,-1.238975797433472,-0.3736535971317719,-2.1191368360949356
control,C:\Users\hoytb\Desktop\PRAYCGStimulus\Field of dreams\1.8prep\Fieldofdreams1_8_MediaPrep_v1_7A_20260817_210857\stimulus_control_cued_phase_scrambled_Fieldofdreams1_8_v1_7A.mp4,86.5,61.16835924987793,14.403168968200657,17.97215836410508,34.661443923950024,0.055547024749218285,0.0,-0.7327795415324518,0.0,0.0,0.01291790520647736,-37.77615813330986,-0.001626671293164567,0.0,0.0,0.0,0.0,-0.8660254037844416,0.4999999999999949,0.3333333333333333,0.0,-0.9351307398970813,-0.549062957414927,-0.652205473447644,-0.3410702863080749,-0.47168914723201744,-0.6787854037518224
control,C:\Users\hoytb\Desktop\PRAYCGStimulus\Field of dreams\1.8prep\Fieldofdreams1_8_MediaPrep_v1_7A_20260817_210857\stimulus_control_cued_phase_scrambled_Fieldofdreams1_8_v1_7A.mp4,86.75,60.97549703063965,13.809966220474251,15.735553994751015,31.206575192260797,0.07174545720815649,0.0,-0.6373549960815239,0.0,0.0,0.014825111238046135,-36.58004078514561,0.0019072060315687752,0.0,0.0,0.0,0.0,-0.5000000000000149,0.86602540378443,0.3333333333333333,0.0,-0.9441062720660534,-0.7761884142422437,-0.8262580066426164,0.1003223817440697,-0.35674644599604294,0.7755544097016503
control,C:\Users\hoytb\Desktop\PRAYCGStimulus\Field of dreams\1.8prep\Fieldofdreams1_8_MediaPrep_v1_7A_20260817_210857\stimulus_control_cued_phase_scrambled_Fieldofdreams1_8_v1_7A.mp4,87.0,60.991803192138676,13.373552294921883,14.619277360534657,29.554995184326156,0.04230088852643976,0.0,-1.3321076028526901,0.0,0.0,0.014230344256793063,-36.93569186837557,-0.0005947669812530719,0.0,0.0,0.0,0.0,-2.8419233507857654e-14,1.0,0.3333333333333333,0.0,-0.943347406604145,-0.8895454495614903,-0.9094628130998055,-0.7020155458926323,-0.39259161547412036,-0.2541131849445552
control,C:\Users\hoytb\Desktop\PRAYCGStimulus\Field of dreams\1.8prep\Fieldofdreams1_8_MediaPrep_v1_7A_20260817_210857\stimulus_control_cued_phase_scrambled_Fieldofdreams1_8_v1_7A.mp4,87.25,61.05199291381836,14.164182490158083,13.628266564178464,28.64773136367797,0.04353322794139393,0.0,-1.4074262158671567,0.0,0.0,0.013606357456676535,-37.325162474274855,-0.0006239868001165286,0.0,0.0,0.0,0.0,0.49999999999999023,0.8660254037844443,0.3333333333333333,0.0,-0.9405462629415283,-0.9901818352036267,-0.95516977869637,-0.6684354088212644,-0.43019779286335097,-0.266138374845065
control,C:\Users\hoytb\Desktop\PRAYCGStimulus\Field of dreams\1.8prep\Fieldofdreams1_8_MediaPrep_v1_7A_20260817_210857\stimulus_control_cued_phase_scrambled_Fieldofdreams1_8_v1_7A.mp4,87.5,61.054700775146486,14.20770589828489,15.124381008148166,32.08024120330804,0.036610066443681144,0.0,-1.3938664409888175,0.0,0.0,0.018549646165582665,-34.63328740223612,0.0049432887089061305,0.0,0.0,0.0,0.0,0.8660254037844274,0.5000000000000195,0.3333333333333333,0.0,-0.9404202429436475,-0.8382525618781428,-0.7822436621917436,-0.8570853126053269,-0.13227772141538371,2.025030695616955
control,C:\Users\hoytb\Desktop\PRAYCGStimulus\Field of dreams\1.8prep\Fieldofdreams1_8_MediaPrep_v1_7A_20260817_210857\stimulus_control_cued_phase_scrambled_Fieldofdreams1_8_v1_7A.mp4,87.75,61.068210983276366,13.98717213706971,16.750460837554918,36.15958347930904,0.05354852998554696,0.0,-0.8952157408863379,0.0,0.0,0.020763518939029016,-33.65398083272665,0.0022138727734463508,0.0,0.0,0.0,0.0,1.0,3.3809536366015776e-14,0.3333333333333333,0.0,-0.9397914971573645,-0.6731254034266214,-0.5767308302873718,-0.39552746530124205,0.0011470436916082786,0.9017607296135254
control,C:\Users\hoytb\Desktop\PRAYCGStimulus\Field of dreams\1.8prep\Fieldofdreams1_8_MediaPrep_v1_7A_20260817_210857\stimulus_control_cued_phase_scrambled_Fieldofdreams1_8_v1_7A.mp4,88.0,61.38240524902344,14.391549110412601,16.331057882690423,34.05658297119138,0.07485998344421402,0.0,-0.5158374174580562,0.0,0.0,0.02159876576315492,-33.31142130765894,0.0008352468241259042,0.0,0.0,0.0,0.0,0.8660254037844469,-0.49999999999998557,0.3333333333333333,0.0,-0.9251693448734313,-0.7157154515475751,-0.6826777111025003,0.18519041132265202,0.051485352492378414,0.33439790919980134
control,C:\Users\hoytb\Desktop\PRAYCGStimulus\Field of dreams\1.8prep\Fieldofdreams1_8_MediaPrep_v1_7A_20260817_210857\stimulus_control_cued_phase_scrambled_Fieldofdreams1_8_v1_7A.mp4,88.25,61.52687812652588,13.818024731445359,13.599407211685127,28.013600628661983,0.039238825047015924,0.0,-1.4952787803639769,0.0,0.0,0.02418763697578133,-32.3281311636204,0.002588871212626409,0.0,1.0,0.0,0.0,0.5000000000000242,-0.8660254037844247,0.3333333333333333,0.0,-0.9184457835419867,-0.9931124802960721,-0.9871165961814895,-0.7854540126920619,0.2075103678319976,1.0560884297477178
control,C:\Users\hoytb\Desktop\PRAYCGStimulus\Field of dreams\1.8prep\Fieldofdreams1_8_MediaPrep_v1_7A_20260817_210857\stimulus_control_cued_phase_scrambled_Fieldofdreams1_8_v1_7A.mp4,88.5,61.474352096557624,13.144299948120103,15.575569951629573,32.54005248107896,0.04034994041919729,0.0,-1.2744967391679232,0.0,0.0,0.02480583408760679,-32.108923307255225,0.0006181971118254595,1.0,0.0,1.0,29.0,1.0778129793769884e-14,-1.0,0.3333333333333333,0.0,-0.920890269940362,-0.7924346710129629,-0.7590788695750021,-0.7551771214012468,0.24476761469118874,0.24507278297432378
control,C:\Users\hoytb\Desktop\PRAYCGStimulus\Field of dreams\1.8prep\Fieldofdreams1_8_MediaPrep_v1_7A_20260817_210857\stimulus_control_cued_phase_scrambled_Fieldofdreams1_8_v1_7A.mp4,88.75,61.23836536407471,13.950559913635248,15.635877534866355,32.49193504333501,0.05788641409575907,0.0,-0.9215337649653923,0.0,0.0,0.02463838983026624,-32.167753552104706,-0.0001674442573405474,1.0,0.0,1.0,29.0,-0.4999999999999809,-0.8660254037844497,0.3333333333333333,0.0,-0.9318727553499803,-0.7863104822290694,-0.761502973811834,-0.277324037533699,0.23467615371287853,-0.07825183111947147
control,C:\Users\hoytb\Desktop\PRAYCGStimulus\Field of dreams\1.8prep\Fieldofdreams1_8_MediaPrep_v1_7A_20260817_210857\stimulus_control_cued_phase_scrambled_Fieldofdreams1_8_v1_7A.mp4,89.0,61.27114447021484,14.168023928833007,13.974332333374017,28.54904118652342,0.040923266291617945,0.0,-1.4242405824684448,0.0,0.0,0.02917439235334504,-30.69996361389734,0.0045360025230788,1.0,0.0,1.0,29.0,-0.866025403784422,-0.5000000000000289,0.3333333333333333,0.0,-0.9303472625769897,-0.9550391219916622,-0.9601416826004616,-0.7395545087112492,0.5080500704191984,1.857415223689674
control,C:\Users\hoytb\Desktop\PRAYCGStimulus\Field of dreams\1.8prep\Fieldofdreams1_8_MediaPrep_v1_7A_20260817_210857\stimulus_control_cued_phase_scrambled_Fieldofdreams1_8_v1_7A.mp4,89.25,61.27820560913086,15.159398740005452,16.364580033874407,32.60851625061017,0.04843163754045893,0.0,-1.0352547763445314,0.0,0.0,0.029313226944426143,-30.65872739278014,0.0001388345910811016,0.0,0.0,0.0,0.0,-1.0,-1.6168432651928003e-14,0.3333333333333333,0.0,-0.930018647259067,-0.7123113028273901,-0.7556297392477963,-0.5349581672656787,0.5164172959101577,0.04779485424810756
control,C:\Users\hoytb\Desktop\PRAYCGStimulus\Field of dreams\1.8prep\Fieldofdreams1_8_MediaPrep_v1_7A_20260817_210857\stimulus_control_cued_phase_scrambled_Fieldofdreams1_8_v1_7A.mp4,89.5,61.35060019226075,14.007813134002696,16.615993249511714,33.73126454467775,0.0654145606398588,0.0,-0.6740165182812325,0.0,0.0,0.02802667114168708,-31.048569646802942,-0.001286555802739061,0.0,0.0,0.0,0.0,-0.8660254037844524,0.49999999999997624,0.3333333333333333,0.0,-0.9266495067798793,-0.6867804837712961,-0.6990668999913109,-0.07218883713631911,0.43887968497044916,-0.5388135107163472
control,C:\Users\hoytb\Desktop\PRAYCGStimulus\Field of dreams\1.8prep\Fieldofdreams1_8_MediaPrep_v1_7A_20260817_210857\stimulus_control_cued_phase_scrambled_Fieldofdreams1_8_v1_7A.mp4,89.75,61.02349328613282,13.749762783813475,16.919684882354733,34.431420645141586,0.04214217955768116,0.0,-1.1038253337663595,0.0,0.0,0.032754116767295095,-29.694682140990935,0.004727445625608014,0.0,0.0,0.0,0.0,-0.5000000000000089,0.8660254037844335,0.3333333333333333,0.0,-0.9418725949007145,-0.6559408315783493,-0.6637937963275257,-0.7063402220822415,0.7237914150925556,1.9362021482019163
control,C:\Users\hoytb\Desktop\PRAYCGStimulus\Field of dreams\1.8prep\Fieldofdreams1_8_MediaPrep_v1_7A_20260817_210857\stimulus_control_cued_phase_scrambled_Fieldofdreams1_8_v1_7A.mp4,90.0,60.804035949707036,13.884449623107908,17.095547210693358,35.93663085937499,0.030607080847024834,0.0,-1.31431393449723,0.0,0.0,0.03499760127530249,-29.119234420517518,0.002243484508007397,0.0,0.0,0.0,0.0,-2.1558735510086122e-14,1.0,0.3333333333333333,0.0,-0.952085825830993,-0.6380821471324448,-0.5879629410550082,-1.0206612533948722,0.8590008079232392,0.9139472093807016
control,C:\Users\hoytb\Desktop\PRAYCGStimulus\Field of dreams\1.8prep\Fieldofdreams1_8_MediaPrep_v1_7A_20260817_210857\stimulus_control_cued_phase_scrambled_Fieldofdreams1_8_v1_7A.mp4,90.25,60.99120701446533,14.193005279922474,16.817643028259283,33.99545577392583,0.053691526426374085,0.0,-0.8856285204771359,0.0,0.0,0.03242729300197959,-29.78178608539807,-0.0025703082733228994,0.0,0.0,0.0,0.0,0.4999999999999716,0.866025403784455,0.3333333333333333,0.0,-0.9433751518613895,-0.6663031035315373,-0.6857572328897075,-0.3916309413197615,0.7040945361022055,-1.0671318865474082
control,C:\Users\hoytb\Desktop\PRAYCGStimulus\Field of dreams\1.8prep\Fieldofdreams1_8_MediaPrep_v1_7A_20260817_210857\stimulus_control_cued_phase_scrambled_Fieldofdreams1_8_v1_7A.mp4,90.5,61.142072793579096,13.836488327789317,18.3014679443359,38.078218371581926,0.07387317534685106,0.0,-0.33713396223933334,0.0,0.0,0.031439781059347936,-30.050409739048163,-0.0009875119426316567,0.0,0.0,0.0,0.0,0.8660254037844308,0.5000000000000135,0.3333333333333333,0.0,-0.9363540740215682,-0.515621822329808,-0.4800720888963264,0.15830078110351614,0.644579576360021,-0.41574432869378614
control,C:\Users\hoytb\Desktop\PRAYCGStimulus\Field of dreams\1.8prep\Fieldofdreams1_8_MediaPrep_v1_7A_20260817_210857\stimulus_control_cued_phase_scrambled_Fieldofdreams1_8_v1_7A.mp4,90.75,61.24724758911133,13.715661577224731,14.62169069633483,30.527417169189434,0.030467157985270003,0.0,-1.5659525852726628,0.0,0.0,0.03204804775533938,-29.88396841773788,0.0006082666959914412,0.0,0.0,0.0,0.0,1.0,2.694903836824424e-14,0.3333333333333333,0.0,-0.9314593892855271,-0.8893003771635272,-0.8604732499805197,-1.0244740251200386,0.68123834104085,0.24098599733225248
control,C:\Users\hoytb\Desktop\PRAYCGStimulus\Field of dreams\1.8prep\Fieldofdreams1_8_MediaPrep_v1_7A_20260817_210857\stimulus_control_cued_phase_scrambled_Fieldofdreams1_8_v1_7A.mp4,91.0,61.105274572753906,14.309437776184065,16.412217663574207,33.50846078491211,0.040054579669236944,0.0,-1.1961723529595747,0.0,0.0,0.02828308428549407,-30.969464644627003,-0.003764963469845308,0.0,0.0,0.0,0.0,0.8660254037844436,-0.4999999999999915,0.3333333333333333,0.0,-0.9380666106504731,-0.7074737380993634,-0.7102915113453906,-0.7632254353225696,0.45433308585831267,-1.5587829700446896
control,C:\Users\hoytb\Desktop\PRAYCGStimulus\Field of dreams\1.8prep\Fieldofdreams1_8_MediaPrep_v1_7A_20260817_210857\stimulus_control_cued_phase_scrambled_Fieldofdreams1_8_v1_7A.mp4,91.25,61.410164031982404,13.955545442581258,16.342345281601,33.11509161376955,0.06208038248866716,0.0,-0.7675003078167371,0.0,0.0,0.0266146234859279,-31.497593466928567,-0.0016684607995661703,0.0,1.0,0.0,0.0,0.5000000000000182,-0.8660254037844282,0.3333333333333333,0.0,-0.9238774907694823,-0.7145692248527319,-0.7301090228155566,-0.16304218320213426,0.3537789831373168,-0.6959835511009261
control,C:\Users\hoytb\Desktop\PRAYCGStimulus\Field of dreams\1.8prep\Fieldofdreams1_8_MediaPrep_v1_7A_20260817_210857\stimulus_control_cued_phase_scrambled_Fieldofdreams1_8_v1_7A.mp4,91.5,62.06209056396483,13.404683004760733,14.207215681457564,29.932612663269122,0.03862881671637386,0.0,-1.4461998671819112,0.0,0.0,0.0251632285963839,-31.984672739836448,-0.0014513948895439992,1.0,0.0,5.0,30.0,3.2339341226402363e-14,-1.0,0.3333333333333333,0.0,-0.8935377612842309,-0.9313899967616035,-0.8904388547693868,-0.8020761892686333,0.2663069185554677,-0.6066517588286594
control,C:\Users\hoytb\Desktop\PRAYCGStimulus\Field of dreams\1.8prep\Fieldofdreams1_8_MediaPrep_v1_7A_20260817_210857\stimulus_control_cued_phase_scrambled_Fieldofdreams1_8_v1_7A.mp4,91.75,62.03095031433106,14.047773181915282,16.102964680862417,34.0866099052429,0.04079550709798928,0.0,-1.2126267226261058,0.0,0.0,0.023943310426844715,-32.416316075123405,-0.0012199181695391852,1.0,0.0,5.0,30.0,-0.49999999999998684,-0.8660254037844463,0.3333333333333333,0.0,-0.8949869840166128,-0.7388781411024349,-0.6811649867874465,-0.7430358314557121,0.19278539682541065,-0.5113893094407126
control,C:\Users\hoytb\Desktop\PRAYCGStimulus\Field of dreams\1.8prep\Fieldofdreams1_8_MediaPrep_v1_7A_20260817_210857\stimulus_control_cued_phase_scrambled_Fieldofdreams1_8_v1_7A.mp4,92.0,65.41156278076178,14.489610018920915,17.812492086792023,35.29902416992192,0.10481883280277399,0.0003355000000000072,0.22582335328466385,0.0,0.0,0.024881262616016267,-32.08255169691574,0.0009379521891715523,1.0,0.0,5.0,30.0,-0.8660254037844254,-0.5000000000000229,0.3333333333333333,0.0,-0.7376581092213439,-0.5652769453117309,-0.6200848733482524,1.0015420233485643,0.24931350992334067,0.37666550586925546
control,C:\Users\hoytb\Desktop\PRAYCGStimulus\Field of dreams\1.8prep\Fieldofdreams1_8_MediaPrep_v1_7A_20260817_210857\stimulus_control_cued_phase_scrambled_Fieldofdreams1_8_v1_7A.mp4,92.25,81.68364500122073,19.053559112548772,22.83536939086939,44.28893799133335,0.32143710925282565,0.0013614861111111887,5.016139375837678,1.0,0.0,0.023548614884276432,-32.560692654244995,-0.0013326477317398347,0.0,0.0,0.0,0.0,-1.0,-9.307934654156473e-15,0.3333333333333333,0.0,0.019621351746817162,-0.05520761078494389,-0.1671827820273765,6.9041945938067775,0.16899804974404686,-0.5577822867277652
control,C:\Users\hoytb\Desktop\PRAYCGStimulus\Field of dreams\1.8prep\Fieldofdreams1_8_MediaPrep_v1_7A_20260817_210857\stimulus_control_cued_phase_scrambled_Fieldofdreams1_8_v1_7A.mp4,92.5,81.23751672363281,20.870786788940404,21.374004081725975,45.12896636962867,0.05079165989160551,0.0,-0.48462051867723993,0.0,0.0,0.022837839787892666,-32.82689956030356,-0.0007107750963837658,0.0,0.0,0.0,0.0,-0.8660254037844489,0.4999999999999822,0.3333333333333333,0.0,-0.001140820973135039,-0.2036081361432341,-0.12486306496927635,-0.4706496877337297,0.12616135135000442,-0.30185542527005754
control,C:\Users\hoytb\Desktop\PRAYCGStimulus\Field of dreams\1.8prep\Fieldofdreams1_8_MediaPrep_v1_7A_20260817_210857\stimulus_control_cued_phase_scrambled_Fieldofdreams1_8_v1_7A.mp4,92.75,81.2443475189209,21.527975859069823,23.413318452453613,48.83644241790772,0.07716649927794927,0.0011007499999999978,0.2422664435475534,0.0,0.0,0.022500917055480574,-32.95599562492571,-0.0003369227324120927,0.0,0.0,0.0,0.0,-0.5000000000000275,0.8660254037844227,0.3333333333333333,0.0,-0.0008229255185970098,0.0034826727689355776,0.061915550392802055,0.2480408865360824,0.10585583200378226,-0.14799938350190425
control,C:\Users\hoytb\Desktop\PRAYCGStimulus\Field of dreams\1.8prep\Fieldofdreams1_8_MediaPrep_v1_7A_20260817_210857\stimulus_control_cued_phase_scrambled_Fieldofdreams1_8_v1_7A.mp4,93.0,81.37144813232422,21.854367996215824,25.733202270507853,52.864522125244214,0.047731230354308436,0.0034118888888889217,-0.10662332711808714,0.0,0.0,0.023776591941329032,-32.47700791168195,0.001275674885848458,0.0,0.0,0.0,0.0,-1.469823751231459e-14,1.0,0.3333333333333333,0.0,0.00509215545891724,0.23906509368410156,0.2648458297815603,-0.5540436310845724,0.1827376763620999,0.5156526631897651
control,C:\Users\hoytb\Desktop\PRAYCGStimulus\Field of dreams\1.8prep\Fieldofdreams1_8_MediaPrep_v1_7A_20260817_210857\stimulus_control_cued_phase_scrambled_Fieldofdreams1_8_v1_7A.mp4,93.25,81.4792093170166,22.814693125152687,25.560022235870388,53.41826660156253,0.09918384662866596,0.000726520833333334,0.8937595203743492,0.0,0.0,0.02264773890525331,-32.89950300728777,-0.0011288530360757214,0.0,0.0,0.0,0.0,0.4999999999999775,0.8660254037844516,0.3333333333333333,0.0,0.010107207051671138,0.2214787941045455,0.2927428748883368,0.8479937347637609,0.11470443028524813,-0.47391215982761353
control,C:\Users\hoytb\Desktop\PRAYCGStimulus\Field of dreams\1.8prep\Fieldofdreams1_8_MediaPrep_v1_7A_20260817_210857\stimulus_control_cued_phase_scrambled_Fieldofdreams1_8_v1_7A.mp4,93.5,81.48380405273437,20.18027142791749,23.989492103576705,50.14156583862318,0.07976408171057794,0.00046181944444445685,0.3516135214976794,0.0,0.0,0.01860624931377081,-34.60682328006712,-0.004041489591482501,0.0,0.0,0.0,0.0,0.8660254037844343,0.5000000000000077,0.3333333333333333,0.0,0.010321039488141507,0.06199266475334223,0.12766625039017812,0.3188226639290354,-0.12886638638208694,-1.672585151388716
control,C:\Users\hoytb\Desktop\PRAYCGStimulus\Field of dreams\1.8prep\Fieldofdreams1_8_MediaPrep_v1_7A_20260817_210857\stimulus_control_cued_phase_scrambled_Fieldofdreams1_8_v1_7A.mp4,93.75,81.42404556274414,20.52455825805664,22.36467351913452,46.199306106567384,0.05979600511491299,0.00047743055555555554,-0.20684028652050046,0.0,0.0,0.01715635027275416,-35.311501910811685,-0.0014498990410166494,0.0,0.0,0.0,0.0,1.0,2.008854037047271e-14,0.3333333333333333,0.0,0.007539964732313708,-0.10300641524019448,-0.07094051188219107,-0.22528940535744388,-0.21624829978596818,-0.6060361539651304
control,C:\Users\hoytb\Desktop\PRAYCGStimulus\Field of dreams\1.8prep\Fieldofdreams1_8_MediaPrep_v1_7A_20260817_210857\stimulus_control_cued_phase_scrambled_Fieldofdreams1_8_v1_7A.mp4,94.0,81.35540018310547,20.738306198120135,23.825724813842708,49.76404479980456,0.08962418222427287,0.0002180555555555847,0.530185076707363,0.0,0.0,0.014951569471651485,-36.5062643373781,-0.0022047808011026754,0.0,0.0,0.0,0.0,0.8660254037844544,-0.49999999999997286,0.3333333333333333,0.0,0.0043453068276624275,0.04536222219324488,0.10864715060844753,0.5875015057882439,-0.3491251136787512,-0.9167018894334045
control,C:\Users\hoytb\Desktop\PRAYCGStimulus\Field of dreams\1.8prep\Fieldofdreams1_8_MediaPrep_v1_7A_20260817_210857\stimulus_control_cued_phase_scrambled_Fieldofdreams1_8_v1_7A.mp4,94.25,81.19638213500977,19.775834233093292,25.806452806091258,51.5703634307861,0.0672289940983067,0.0011351458333332934,0.28643877693378056,0.0,0.0,0.014284473790072203,-36.90271506900297,-0.0006670956815792821,0.0,1.0,0.0,0.0,0.5000000000000123,-0.8660254037844315,0.3333333333333333,0.0,-0.003055165964609805,0.2465036293434195,0.19964752078051243,-0.022747162625062524,-0.38932935923711115,-0.2838795007709514
control,C:\Users\hoytb\Desktop\PRAYCGStimulus\Field of dreams\1.8prep\Fieldofdreams1_8_MediaPrep_v1_7A_20260817_210857\stimulus_control_cued_phase_scrambled_Fieldofdreams1_8_v1_7A.mp4,94.5,81.11556204833984,20.49653444976806,24.270864291381848,48.88181424865724,0.06205072707235813,0.0022765416666666346,0.029524691693968833,0.0,0.0,0.016573303964341715,-35.61181808643474,0.0022888301742695124,1.0,0.0,5.0,31.0,2.547884322863083e-14,-1.0,0.3333333333333333,0.0,-0.006816417342251821,0.09056579443572814,0.06420133393219196,-0.1638502665373594,-0.2513870926197265,0.9326088667480933
control,C:\Users\hoytb\Desktop\PRAYCGStimulus\Field of dreams\1.8prep\Fieldofdreams1_8_MediaPrep_v1_7A_20260817_210857\stimulus_control_cued_phase_scrambled_Fieldofdreams1_8_v1_7A.mp4,94.75,81.02221913757325,21.38117822494507,22.78178637924194,46.144447038269035,0.059984097005426874,0.0029856041666666616,-0.16115787429482165,0.0,0.0,0.017983270666993137,-34.902626381216365,0.0014099667026514218,1.0,0.0,5.0,31.0,-0.4999999999999928,-0.8660254037844428,0.3333333333333333,0.0,-0.011160463063803742,-0.060648924483880505,-0.07370425214197657,-0.22016407106331687,-0.16641180480447806,0.5709194191777613
control,C:\Users\hoytb\Desktop\PRAYCGStimulus\Field of dreams\1.8prep\Fieldofdreams1_8_MediaPrep_v1_7A_20260817_210857\stimulus_control_cued_phase_scrambled_Fieldofdreams1_8_v1_7A.mp4,95.0,81.09274645996094,21.522019027709987,20.196843826293982,40.67919900512701,0.04542818525433576,0.0004750000000000187,-0.7091402688752766,0.0,0.0,0.01710919658571001,-35.33540767142305,-0.0008740740812831285,1.0,0.0,5.0,31.0,-0.8660254037844288,-0.500000000000017,0.3333333333333333,0.0,-0.007878222232072539,-0.3231478564609436,-0.34903751038768394,-0.616799531934746,-0.2190901386184683,-0.36905985638414585
control,C:\Users\hoytb\Desktop\PRAYCGStimulus\Field of dreams\1.8prep\Fieldofdreams1_8_MediaPrep_v1_7A_20260817_210857\stimulus_control_cued_phase_scrambled_Fieldofdreams1_8_v1_7A.mp4,95.25,81.23190947265624,20.093991060638462,20.811502604675226,42.404720439147816,0.04336106396019429,0.0,-0.6881959476856092,0.0,0.0,0.015728190686420347,-36.06642468251702,-0.0013810058992896612,0.0,0.0,0.0,0.0,-1.0,-3.086914608678895e-14,0.3333333333333333,0.0,-0.0014017744233154358,-0.2607297293457406,-0.2621076152171956,-0.6731267219589289,-0.3023200287612762,-0.5776837156430072
control,C:\Users\hoytb\Desktop\PRAYCGStimulus\Field of dreams\1.8prep\Fieldofdreams1_8_MediaPrep_v1_7A_20260817_210857\stimulus_control_cued_phase_scrambled_Fieldofdreams1_8_v1_7A.mp4,95.5,80.95882279052735,22.804526483154252,26.1502715515136,53.25357424926743,0.07514085615277247,0.0014385555555555339,0.4775347690650771,0.0,0.0,0.015129752839392385,-36.40336333105046,-0.0005984378470279619,0.0,0.0,0.0,0.0,-0.8660254037844455,0.4999999999999881,0.3333333333333333,0.0,-0.01411083849012161,0.28141815901609335,0.28444585310806636,0.19284393918887696,-0.3383864324537262,-0.25562390129254536
control,C:\Users\hoytb\Desktop\PRAYCGStimulus\Field of dreams\1.8prep\Fieldofdreams1_8_MediaPrep_v1_7A_20260817_210857\stimulus_control_cued_phase_scrambled_Fieldofdreams1_8_v1_7A.mp4,95.75,81.06925456542969,22.173135243225094,24.326108543395982,49.26990359802244,0.0324765596970916,0.0004924791666666648,-0.5499361715328591,0.0,0.0,0.01404428462453052,-37.050007551600636,-0.0010854682148618653,0.0,0.0,0.0,0.0,-0.5000000000000216,0.8660254037844262,0.3333333333333333,0.0,-0.008971501444082448,0.09617580582071766,0.08375285371742384,-0.9697196416315254,-0.4038049801390997,-0.4560574730366303
control,C:\Users\hoytb\Desktop\PRAYCGStimulus\Field of dreams\1.8prep\Fieldofdreams1_8_MediaPrep_v1_7A_20260817_210857\stimulus_control_cued_phase_scrambled_Fieldofdreams1_8_v1_7A.mp4,96.0,80.97559155273437,21.289131286621096,23.18409582214354,47.29992516479489,0.04631147493124002,0.000653666666666662,-0.39114902668890633,0.0,0.0,0.013136196942871898,-37.6306069806869,-0.000908087681658622,0.0,0.0,0.0,0.0,-7.83773951454306e-15,1.0,0.3333333333333333,0.0,-0.01333044425211372,-0.019794709381296932,-0.015492519485241652,-0.5927306852645512,-0.4585332314980258,-0.38305788989786127
control,C:\Users\hoytb\Desktop\PRAYCGStimulus\Field of dreams\1.8prep\Fieldofdreams1_8_MediaPrep_v1_7A_20260817_210857\stimulus_control_cued_phase_scrambled_Fieldofdreams1_8_v1_7A.mp4,96.25,81.06940550231933,20.82319723129274,24.452540344238457,49.49114813232454,0.05224559480696973,0.0008903125000000579,-0.14615788710210253,0.0,0.0,0.013443905507929812,-37.42949097298692,0.00030770856505791394,0.0,0.0,0.0,0.0,0.49999999999998346,0.8660254037844481,0.3333333333333333,0.0,-0.008964477056860353,0.10901485814365516,0.09489891298665533,-0.4310312732301296,-0.4399883794601421,0.11729362889193769
control,C:\Users\hoytb\Desktop\PRAYCGStimulus\Field of dreams\1.8prep\Fieldofdreams1_8_MediaPrep_v1_7A_20260817_210857\stimulus_control_cued_phase_scrambled_Fieldofdreams1_8_v1_7A.mp4,96.5,80.98176894531251,20.820534957885737,22.26183548889159,47.148936758422806,0.04747327243685716,0.0011384583333333138,-0.46094673822865473,0.0,0.0,0.017049793373991536,-35.36561759635606,0.0036058878660617244,0.0,0.0,0.0,0.0,0.8660254037844235,0.5000000000000263,0.3333333333333333,0.0,-0.013042957226275107,-0.11344953826999168,-0.02309915135842549,-0.5610727515700036,-0.22267022671802056,1.4746337481389837
control,C:\Users\hoytb\Desktop\PRAYCGStimulus\Field of dreams\1.8prep\Fieldofdreams1_8_MediaPrep_v1_7A_20260817_210857\stimulus_control_cued_phase_scrambled_Fieldofdreams1_8_v1_7A.mp4,96.75,80.73836014709472,19.310472387695306,20.940913069915762,42.48254977722165,0.06576430440843115,9.950694444443679e-05,-0.23200973749183626,0.0,0.0,0.020602050475288555,-33.72179106230562,0.003552257101297019,0.0,0.0,0.0,0.0,1.0,1.322804237270118e-14,0.3333333333333333,0.0,-0.024370854972361706,-0.24758819593968684,-0.2581866577219407,-0.06265863502965935,-0.008584270639169769,1.4525624227204779
control,C:\Users\hoytb\Desktop\PRAYCGStimulus\Field of dreams\1.8prep\Fieldofdreams1_8_MediaPrep_v1_7A_20260817_210857\stimulus_control_cued_phase_scrambled_Fieldofdreams1_8_v1_7A.mp4,97.0,81.01995296630858,22.89934004516602,21.91546111755361,44.546634533691154,0.08700038372278282,0.0005496666666666213,0.28610951001074447,0.0,0.0,0.017157641353158355,-35.31084828927843,-0.0034444091221302008,0.0,0.0,0.0,0.0,0.8660254037844509,-0.4999999999999788,0.3333333333333333,0.0,-0.011265927437109914,-0.1486235897926283,-0.15420031019521768,0.5160053641745616,-0.2161704894882266,-1.4268613136264474
control,C:\Users\hoytb\Desktop\PRAYCGStimulus\Field of dreams\1.8prep\Fieldofdreams1_8_MediaPrep_v1_7A_20260817_210857\stimulus_control_cued_phase_scrambled_Fieldofdreams1_8_v1_7A.mp4,97.25,80.99711489868167,22.66577088394166,25.092389665985003,51.576706814575005,0.06835302146077206,0.0012384930555555697,0.23683862530108749,0.0,0.0,0.013613912973343203,-37.32034059818259,-0.003543728379815151,0.0,1.0,0.0,0.0,0.500000000000031,-0.8660254037844207,0.3333333333333333,0.0,-0.01232877847901982,0.17399106560063304,0.19996709356409154,0.00788156875001789,-0.4297424401219453,-1.4677353840654281
control,C:\Users\hoytb\Desktop\PRAYCGStimulus\Field of dreams\1.8prep\Fieldofdreams1_8_MediaPrep_v1_7A_20260817_210857\stimulus_control_cued_phase_scrambled_Fieldofdreams1_8_v1_7A.mp4,97.5,80.14179440307618,21.752891738891616,27.51169664001465,55.318638381958024,0.05729139824211596,0.002297430555555527,0.26140730363727965,0.0,0.0,0.014918318842788788,-36.525602301345955,0.0013044058694455848,1.0,0.0,8.0,32.0,1.8618345230859297e-14,-1.0,0.3333333333333333,0.0,-0.05213417247173053,0.41966983168508337,0.3884815405447744,-0.2935376826403239,-0.35112904877334056,0.5274766767265489
control,C:\Users\hoytb\Desktop\PRAYCGStimulus\Field of dreams\1.8prep\Fieldofdreams1_8_MediaPrep_v1_7A_20260817_210857\stimulus_control_cued_phase_scrambled_Fieldofdreams1_8_v1_7A.mp4,97.75,79.79045099792481,20.85487906951904,23.860331230163542,48.717039106750434,0.04310300740748631,0.0009487430555555326,-0.3865875032922484,0.0,0.0,0.014827181258691386,-36.578828064685425,-9.11375840974022e-05,1.0,0.0,8.0,32.0,-0.49999999999997413,-0.8660254037844536,0.3333333333333333,0.0,-0.06848519263393336,0.048876477205764456,0.05590014130122955,-0.6801585301661028,-0.3566216908512704,-0.046848411381898984
control,C:\Users\hoytb\Desktop\PRAYCGStimulus\Field of dreams\1.8prep\Fieldofdreams1_8_MediaPrep_v1_7A_20260817_210857\stimulus_control_cued_phase_scrambled_Fieldofdreams1_8_v1_7A.mp4,98.0,67.18902348632865,14.97905120239282,23.14311990356443,47.50886501464839,0.2925724302768599,0.0,4.4761153999171,0.0,0.0,0.013023268783061741,-37.705599921029275,-0.0018039124756296446,1.0,0.0,8.0,32.0,-0.8660254037844323,-0.500000000000011,0.3333333333333333,0.0,-0.6549376271854683,-0.023955782458734982,-0.004966356850229515,6.117658137395531,-0.4653391389455343,-0.7517276381747404
control,C:\Users\hoytb\Desktop\PRAYCGStimulus\Field of dreams\1.8prep\Fieldofdreams1_8_MediaPrep_v1_7A_20260817_210857\stimulus_control_cued_phase_scrambled_Fieldofdreams1_8_v1_7A.mp4,98.25,66.1405919494629,14.32417530555725,15.388268523025493,31.002536859130817,0.049656913164257376,0.0,-1.109234368075728,0.0,0.0,0.011519981531685784,-38.77096434231705,-0.0015032872513759572,0.0,0.0,0.0,0.0,-1.0,-2.400864808901742e-14,0.3333333333333333,0.0,-0.7037301331685977,-0.8114549873098486,-0.8365372361903013,-0.5015705121293801,-0.5559386308444907,-0.6280076579987147
control,C:\Users\hoytb\Desktop\PRAYCGStimulus\Field of dreams\1.8prep\Fieldofdreams1_8_MediaPrep_v1_7A_20260817_210857\stimulus_control_cued_phase_scrambled_Fieldofdreams1_8_v1_7A.mp4,98.5,65.90983613891602,14.501394859313962,15.45756227035524,31.464029171752955,0.06263015240728877,0.0,-0.8456345513079447,0.0,0.0,0.010591077310760005,-39.501197234571286,-0.0009289042209257789,0.0,0.0,0.0,0.0,-0.8660254037844562,0.49999999999996947,0.3333333333333333,0.0,-0.714469178943975,-0.8044182604603474,-0.8132877548640989,-0.14806144899773901,-0.6119214447489135,-0.39162477523444494
control,C:\Users\hoytb\Desktop\PRAYCGStimulus\Field of dreams\1.8prep\Fieldofdreams1_8_MediaPrep_v1_7A_20260817_210857\stimulus_control_cued_phase_scrambled_Fieldofdreams1_8_v1_7A.mp4,98.75,65.94960865783692,14.769321464538574,15.790020307540917,32.47169947814946,0.058050797291100194,0.0,-0.9027752213933883,0.0,0.0,0.01288359293245076,-37.799260109752495,0.0022925156216907546,0.0,0.0,0.0,0.0,-0.5000000000000157,0.8660254037844296,0.3333333333333333,0.0,-0.7126182227306457,-0.7706574019883069,-0.7625224196011549,-0.2728447437897838,-0.47375706511654836,0.9341255840595825
control,C:\Users\hoytb\Desktop\PRAYCGStimulus\Field of dreams\1.8prep\Fieldofdreams1_8_MediaPrep_v1_7A_20260817_210857\stimulus_control_cued_phase_scrambled_Fieldofdreams1_8_v1_7A.mp4,99.0,66.08733342285156,14.818715583801268,17.02706724853516,34.61441720581056,0.030825781792403487,0.0,-1.3168768302385594,0.0,0.0,0.01346823604818986,-37.4137856122928,0.0005846431157390999,0.0,0.0,0.0,0.0,-2.939895094717554e-14,1.0,0.3333333333333333,0.0,-0.7062087089143303,-0.6450362347224595,-0.6545746284158033,-1.01470184997538,-0.43852203656182387,0.23126389604230865
control,C:\Users\hoytb\Desktop\PRAYCGStimulus\Field of dreams\1.8prep\Fieldofdreams1_8_MediaPrep_v1_7A_20260817_210857\stimulus_control_cued_phase_scrambled_Fieldofdreams1_8_v1_7A.mp4,99.25,66.06244589538575,14.52506517753602,15.408825745773358,31.798261043548656,0.06310854031294458,0.0,-0.8410742789228146,0.0,0.0,0.013451157327684829,-37.424806952877056,-1.707872050503087e-05,0.0,0.0,0.0,0.0,0.4999999999999894,0.8660254037844448,0.3333333333333333,0.0,-0.7073669388893756,-0.8093674171201068,-0.796449516285901,-0.13502581023599075,-0.4395513297981124,-0.016370060277950346
control,C:\Users\hoytb\Desktop\PRAYCGStimulus\Field of dreams\1.8prep\Fieldofdreams1_8_MediaPrep_v1_7A_20260817_210857\stimulus_control_cued_phase_scrambled_Fieldofdreams1_8_v1_7A.mp4,99.5,65.74207155151367,13.789952460479732,16.245065637207034,32.66547178039551,0.05072789786160011,0.0,-1.001854718668483,0.0,0.0,0.013732036224287675,-37.245301191407265,0.0002808788966028458,0.0,0.0,0.0,0.0,0.8660254037844269,0.5000000000000203,0.3333333333333333,0.0,-0.7222767031806618,-0.7244478980663406,-0.7527603815359761,-0.47238714551650257,-0.42262343707896294,0.10625208686022423
control,C:\Users\hoytb\Desktop\PRAYCGStimulus\Field of dreams\1.8prep\Fieldofdreams1_8_MediaPrep_v1_7A_20260817_210857\stimulus_control_cued_phase_scrambled_Fieldofdreams1_8_v1_7A.mp4,99.75,65.66583468017578,14.554397349166857,16.13928698883056,33.34948253479001,0.03532363652586914,0.0,-1.31721395046399,0.0,0.0,0.013659750537390871,-37.291144637964635,-7.228568689680338e-05,0.0,0.0,0.0,0.0,1.0,3.478925380533366e-14,0.3333333333333333,0.0,-0.7258246582641283,-0.7351896386102981,-0.7183006628662142,-0.8921393670716787,-0.42697992084374115,-0.03909005925516471
control,C:\Users\hoytb\Desktop\PRAYCGStimulus\Field of dreams\1.8prep\Fieldofdreams1_8_MediaPrep_v1_7A_20260817_210857\stimulus_control_cued_phase_scrambled_Fieldofdreams1_8_v1_7A.mp4,100.0,65.63815704345703,14.495677795410218,16.59119384765624,34.910247650146474,0.06003472685813811,0.0,-0.7829319936459759,0.0,0.0,0.014324886317628311,-36.87817631759654,0.0006651357802374396,0.0,0.0,0.0,0.0,0.8660254037844475,-0.49999999999998473,0.3333333333333333,0.0,-0.7271127359379798,-0.6892988439929993,-0.6396710120321834,-0.21878445326215307,-0.3868937938056976,0.2643900280253202
control,C:\Users\hoytb\Desktop\PRAYCGStimulus\Field of dreams\1.8prep\Fieldofdreams1_8_MediaPrep_v1_7A_20260817_210857\stimulus_control_cued_phase_scrambled_Fieldofdreams1_8_v1_7A.mp4,100.25,65.83080498046874,13.625241760635381,15.577204197692907,32.363494462585535,0.05136312234997813,0.0,-1.0564761694781173,0.0,0.0,0.013053086728317292,-37.68573552744292,-0.001271799589311019,0.0,1.0,0.0,0.0,0.500000000000025,-0.8660254037844242,0.3333333333333333,0.0,-0.7181471761577181,-0.7922687145797247,-0.7679736707270101,-0.4550778513951127,-0.46354208340132536,-0.5327407054907618
control,C:\Users\hoytb\Desktop\PRAYCGStimulus\Field of dreams\1.8prep\Fieldofdreams1_8_MediaPrep_v1_7A_20260817_210857\stimulus_control_cued_phase_scrambled_Fieldofdreams1_8_v1_7A.mp4,100.5,66.07343771972656,13.642012706756592,15.441118710327146,32.58953778076171,0.02808883653879176,0.0,-1.530564386389873,0.0,0.0,0.012454047534994822,-38.09378961895876,-0.00059903919332247,1.0,0.0,7.0,33.0,1.1757847233087767e-14,-1.0,0.3333333333333333,0.0,-0.7068553950869852,-0.8060880913586599,-0.7565858539397934,-1.0892811384878143,-0.4996447287825729,-0.25587138069757587
control,C:\Users\hoytb\Desktop\PRAYCGStimulus\Field of dreams\1.8prep\Fieldofdreams1_8_MediaPrep_v1_7A_20260817_210857\stimulus_control_cued_phase_scrambled_Fieldofdreams1_8_v1_7A.mp4,100.75,65.99869635009766,14.306523953628542,17.280078742980955,34.55868208923339,0.038244051875174045,0.0,-1.144680018020965,0.0,0.0,0.01366635681321074,-37.286944889858006,0.0012123092782159173,1.0,0.0,7.0,33.0,-0.49999999999998007,-0.8660254037844501,0.3333333333333333,0.0,-0.7103337516573219,-0.6193431116802475,-0.6573825030361018,-0.8125606840035626,-0.4265817765555643,0.4895750386670664
control,C:\Users\hoytb\Desktop\PRAYCGStimulus\Field of dreams\1.8prep\Fieldofdreams1_8_MediaPrep_v1_7A_20260817_210857\stimulus_control_cued_phase_scrambled_Fieldofdreams1_8_v1_7A.mp4,101.0,65.93286154785157,14.604010252380407,16.62674548645019,34.03009543457024,0.03946058387160281,0.0,-1.186340852128107,0.0,0.0,0.01655355685983761,-35.6221735011304,0.002887200046626872,1.0,0.0,7.0,33.0,-0.8660254037844215,-0.5000000000000298,0.3333333333333333,0.0,-0.7133976093051883,-0.6856886023639142,-0.6840121244203545,-0.7794112848233846,-0.25257720291495445,1.1788633483198458
control,C:\Users\hoytb\Desktop\PRAYCGStimulus\Field of dreams\1.8prep\Fieldofdreams1_8_MediaPrep_v1_7A_20260817_210857\stimulus_control_cued_phase_scrambled_Fieldofdreams1_8_v1_7A.mp4,101.25,65.77649534606934,13.64360037040712,16.11767977905276,33.484633548736646,0.032875170964748096,0.0,-1.3678217210844459,0.0,0.0,0.016957554758023796,-35.41273543689853,0.00040399789818618484,0.0,0.0,0.0,0.0,-1.0,-1.7148150091245887e-14,0.3333333333333333,0.0,-0.7206746689583411,-0.7373838341769299,-0.7114919016170483,-0.958857844269802,-0.22822922532756193,0.15692075737181374
control,C:\Users\hoytb\Desktop\PRAYCGStimulus\Field of dreams\1.8prep\Fieldofdreams1_8_MediaPrep_v1_7A_20260817_210857\stimulus_control_cued_phase_scrambled_Fieldofdreams1_8_v1_7A.mp4,101.5,65.85571036987305,13.763243986511227,16.18288678131103,33.07627945709228,0.027963975334167453,0.0,-1.4584122035154807,0.0,0.0,0.016348098223533714,-35.73065523148583,-0.0006094565344900819,0.0,0.0,0.0,0.0,-0.8660254037844528,0.4999999999999754,0.3333333333333333,0.0,-0.7169881149135716,-0.7307621131523365,-0.7320643371018787,-1.0926834936468728,-0.2649596987010045,-0.26015855668536403
control,C:\Users\hoytb\Desktop\PRAYCGStimulus\Field of dreams\1.8prep\Fieldofdreams1_8_MediaPrep_v1_7A_20260817_210857\stimulus_control_cued_phase_scrambled_Fieldofdreams1_8_v1_7A.mp4,101.75,65.82470947875976,14.072989307022096,15.286529046249374,31.32813150939938,0.02840354927778242,0.0,-1.5398906987665055,0.0,0.0,0.017711606451894547,-35.03484092528164,0.001363508228360833,0.0,0.0,0.0,0.0,-0.5000000000000098,0.866025403784433,0.3333333333333333,0.0,-0.7184308520994919,-0.8217865530783719,-0.8201341314488177,-1.0807055003274417,-0.1827843509246777,0.5517997942942897
control,C:\Users\hoytb\Desktop\PRAYCGStimulus\Field of dreams\1.8prep\Fieldofdreams1_8_MediaPrep_v1_7A_20260817_210857\stimulus_control_cued_phase_scrambled_Fieldofdreams1_8_v1_7A.mp4,102.0,65.75471927490234,13.50889310760495,16.396310409545926,34.0035502136231,0.04444397233128596,0.0,-1.1109442931812388,0.0,0.0,0.02016993587693345,-33.9059096489365,0.002458329425038902,0.0,0.0,0.0,0.0,-2.2538452949404006e-14,1.0,0.3333333333333333,0.0,-0.7216880962021277,-0.7090891075350786,-0.685349443811882,-0.6436184459955715,-0.03462677383824954,1.0023649692078918
control,C:\Users\hoytb\Desktop\PRAYCGStimulus\Field of dreams\1.8prep\Fieldofdreams1_8_MediaPrep_v1_7A_20260817_210857\stimulus_control_cued_phase_scrambled_Fieldofdreams1_8_v1_7A.mp4,102.25,65.73276321411133,14.249281147003172,15.935750743865956,33.290687327575654,0.03326400334835051,0.0,-1.37843219281947,0.0,0.0,0.021029523963337713,-33.54341116253724,0.0008595880864042636,0.0,0.0,0.0,0.0,0.4999999999999707,0.8660254037844556,0.3333333333333333,0.0,-0.7227098999058907,-0.7558585880462919,-0.7212627015282096,-0.9482625126746982,0.01717852405098661,0.3444153669630819
control,C:\Users\hoytb\Desktop\PRAYCGStimulus\Field of dreams\1.8prep\Fieldofdreams1_8_MediaPrep_v1_7A_20260817_210857\stimulus_control_cued_phase_scrambled_Fieldofdreams1_8_v1_7A.mp4,102.5,69.02048336791991,12.612051662445078,15.49119480133057,32.493579750061045,0.12452576945722055,0.0,0.38213089057279026,0.0,0.0,0.020046540455134952,-33.95921130421471,-0.000982983508202761,0.0,0.0,0.0,0.0,0.8660254037844304,0.5000000000000144,0.3333333333333333,0.0,-0.5697041006382356,-0.8010029027570819,-0.7614201152738516,1.538538264873218,-0.04206351788524962,-0.4138806866153069
control,C:\Users\hoytb\Desktop\PRAYCGStimulus\Field of dreams\1.8prep\Fieldofdreams1_8_MediaPrep_v1_7A_20260817_210857\stimulus_control_cued_phase_scrambled_Fieldofdreams1_8_v1_7A.mp4,102.75,72.65495646972654,11.481426702499366,13.51928904151922,27.81321611633314,0.10555486929417161,0.0,-0.19151445515451426,0.0,0.0,0.020960291457365672,-33.57205365334651,0.0009137510022307199,0.0,0.0,0.0,0.0,1.0,2.7928755807562125e-14,0.3333333333333333,0.0,-0.4005609145265703,-1.0012484189754531,-0.9972117502068701,1.0215983535857824,0.01300604812649698,0.366705695025075
control,C:\Users\hoytb\Desktop\PRAYCGStimulus\Field of dreams\1.8prep\Fieldofdreams1_8_MediaPrep_v1_7A_20260817_210857\stimulus_control_cued_phase_scrambled_Fieldofdreams1_8_v1_7A.mp4,103.0,72.03396860351566,11.855976097106927,12.843268681335456,27.66853763732906,0.03800010725259873,0.0,-1.595850138658626,0.0,0.0,0.020171909371688862,-33.90505983368615,-0.0007883820856768101,0.0,0.0,0.0,0.0,0.866025403784444,-0.4999999999999907,0.3333333333333333,0.0,-0.42946080270441417,-1.0698977676198214,-1.0045004947946112,-0.819207954848346,-0.03450783607572812,-0.33379397999610433
control,C:\Users\hoytb\Desktop\PRAYCGStimulus\Field of dreams\1.8prep\Fieldofdreams1_8_MediaPrep_v1_7A_20260817_210857\stimulus_control_cued_phase_scrambled_Fieldofdreams1_8_v1_7A.mp4,103.25,71.83032574157714,10.934658586883524,12.564821375656113,25.620143416595432,0.05866724597513661,0.0,-1.2150370783991677,0.0,0.0,0.020125055102405393,-33.925258436769944,-4.6854269283469474e-05,0.0,1.0,0.0,0.0,0.5000000000000191,-0.8660254037844276,0.3333333333333333,0.0,-0.43893805058390933,-1.0981738777675545,-1.1076963701777862,-0.2560470733945891,-0.037331629722946104,-0.02862395651617836
control,C:\Users\hoytb\Desktop\PRAYCGStimulus\Field of dreams\1.8prep\Fieldofdreams1_8_MediaPrep_v1_7A_20260817_210857\stimulus_control_cued_phase_scrambled_Fieldofdreams1_8_v1_7A.mp4,103.5,72.04199588012695,11.770723646545411,12.685361602783205,25.776056750488284,0.06883532299995421,0.0,-1.001771886549836,0.0,0.0,0.024627899342615098,-32.17145260153143,0.004502844240209705,1.0,0.0,1.0,34.0,3.3319058665720244e-14,-1.0,0.3333333333333333,0.0,-0.42908722471833477,-1.085933110232876,-1.0998416258067445,0.021023850493940326,0.23404391735878455,1.843769189464104
control,C:\Users\hoytb\Desktop\PRAYCGStimulus\Field of dreams\1.8prep\Fieldofdreams1_8_MediaPrep_v1_7A_20260817_210857\stimulus_control_cued_phase_scrambled_Fieldofdreams1_8_v1_7A.mp4,103.75,72.01178645324708,11.449052442550657,11.919962379455539,24.3611747550964,0.06236878477782058,0.0,-1.2066884839186085,0.0,0.0,0.027102821381777414,-31.339709941041484,0.0024749220391623167,1.0,0.0,1.0,34.0,-0.499999999999986,-0.8660254037844467,0.3333333333333333,0.0,-0.4304931282894817,-1.1636588138197714,-1.1711218435502144,-0.1551834810589196,0.38320149122392605,1.0091935309013211
control,C:\Users\hoytb\Desktop\PRAYCGStimulus\Field of dreams\1.8prep\Fieldofdreams1_8_MediaPrep_v1_7A_20260817_210857\stimulus_control_cued_phase_scrambled_Fieldofdreams1_8_v1_7A.mp4,104.0,71.74949047851563,10.706298515319862,11.12716702880867,22.428109188842917,0.07918880880474898,0.0,-0.9537203235514122,0.0,0.0,0.030047450877822852,-30.443847322622215,0.002944629496045438,1.0,0.0,1.0,34.0,-0.8660254037844249,-0.5000000000000238,0.3333333333333333,0.0,-0.4427000082491354,-1.2441665731058922,-1.2685075866183413,0.30314699633554265,0.5606671990773063,1.2024979929549522
control,C:\Users\hoytb\Desktop\PRAYCGStimulus\Field of dreams\1.8prep\Fieldofdreams1_8_MediaPrep_v1_7A_20260817_210857\stimulus_control_cued_phase_scrambled_Fieldofdreams1_8_v1_7A.mp4,104.25,71.85834508972168,11.588209921646095,12.003583614730806,25.142431405639574,0.08767207573950299,0.0,-0.6977416242916791,0.0,0.0,0.0303091849986453,-30.368514829173808,0.00026173412082244885,0.0,0.0,0.0,0.0,-1.0,-1.0287652093474354e-14,0.3333333333333333,0.0,-0.4376340701484554,-1.1551671415675864,-1.1317629822843127,0.5343083655372548,0.5764412823986605,0.09837320282477684
control,C:\Users\hoytb\Desktop\PRAYCGStimulus\Field of dreams\1.8prep\Fieldofdreams1_8_MediaPrep_v1_7A_20260817_210857\stimulus_control_cued_phase_scrambled_Fieldofdreams1_8_v1_7A.mp4,104.5,71.64550092773437,11.196067693328859,12.643527220153809,26.09452255859375,0.036587617543339744,0.0,-1.6438852203034706,0.0,0.0,0.02707156828260123,-31.34973168755598,-0.00323761671604407,0.0,0.0,0.0,0.0,-0.8660254037844494,0.49999999999998135,0.3333333333333333,0.0,-0.4475395333876536,-1.0901813596756391,-1.0837976643883787,-0.8576970248831443,0.3813179424191064,-1.341757502244542
control,C:\Users\hoytb\Desktop\PRAYCGStimulus\Field of dreams\1.8prep\Fieldofdreams1_8_MediaPrep_v1_7A_20260817_210857\stimulus_control_cued_phase_scrambled_Fieldofdreams1_8_v1_7A.mp4,104.75,71.60762728271484,11.6559257522583,12.687455792999266,26.360877050018306,0.05871399257183074,0.0,-1.2017753024436297,0.0,0.0,0.027777032854465457,-31.126282949736858,0.0007054645718642255,0.0,0.0,0.0,0.0,-0.5000000000000284,0.8660254037844223,0.3333333333333333,0.0,-0.44930211872225995,-1.0857204468239943,-1.070379014488579,-0.2547732708158837,0.42383458832634235,0.28098702953434385
control,C:\Users\hoytb\Desktop\PRAYCGStimulus\Field of dreams\1.8prep\Fieldofdreams1_8_MediaPrep_v1_7A_20260817_210857\stimulus_control_cued_phase_scrambled_Fieldofdreams1_8_v1_7A.mp4,105.0,71.68091430664063,11.695767387390147,12.525274612426808,26.069229232788203,0.06840554803609801,0.0,-1.0263782412767397,0.0,0.0,0.02941085170770946,-30.629847971581295,0.001633818853244002,0.0,0.0,0.0,0.0,-1.5677954951632475e-14,1.0,0.3333333333333333,0.0,-0.44589144532333247,-1.1021898212162795,-1.0850719146627816,0.009312870530948555,0.5223009046097783,0.6630440361403882
control,C:\Users\hoytb\Desktop\PRAYCGStimulus\Field of dreams\1.8prep\Fieldofdreams1_8_MediaPrep_v1_7A_20260817_210857\stimulus_control_cued_phase_scrambled_Fieldofdreams1_8_v1_7A.mp4,105.25,71.5766623199463,11.195462927246101,12.484605405807478,25.3902929344177,0.09428805409073789,0.0,-0.5184773552581632,0.0,0.0,0.027896080648985317,-31.089136200946044,-0.0015147710587241417,0.0,0.0,0.0,0.0,0.4999999999999767,0.8660254037844521,0.3333333333333333,0.0,-0.4507431838543415,-1.1063197479296425,-1.119275987751146,0.7145878057626839,0.43100931137765447,-0.6327337298743858
control,C:\Users\hoytb\Desktop\PRAYCGStimulus\Field of dreams\1.8prep\Fieldofdreams1_8_MediaPrep_v1_7A_20260817_210857\stimulus_control_cued_phase_scrambled_Fieldofdreams1_8_v1_7A.mp4,105.5,71.45588215942382,11.201489702606201,12.3193408203125,25.185398083496093,0.09430312566161153,0.0,-0.5348048902393543,0.0,0.0,0.028087379350852024,-31.029775601247096,0.00019129870186670658,0.0,0.0,0.0,0.0,0.8660254037844195,0.5000000000000331,0.3333333333333333,0.0,-0.4563641199838988,-1.1231022397249013,-1.129598367734618,0.7149984924693463,0.44253842211426847,0.06938605226704177
control,C:\Users\hoytb\Desktop\PRAYCGStimulus\Field of dreams\1.8prep\Fieldofdreams1_8_MediaPrep_v1_7A_20260817_210857\stimulus_control_cued_phase_scrambled_Fieldofdreams1_8_v1_7A.mp4,105.75,71.5552926208496,9.795324827957105,11.88323686027531,24.508132888031085,0.08610841303467837,0.0,-0.7407799858657111,0.0,0.0,0.03633855901111487,-28.79264596846007,0.008251179660262849,0.0,0.0,0.0,0.0,1.0,2.1068257809790594e-14,0.3333333333333333,0.0,-0.4517376991225012,-1.1673882621009795,-1.1637182524741567,0.49169996778236397,0.9398170919776518,3.3863675692684962
control,C:\Users\hoytb\Desktop\PRAYCGStimulus\Field of dreams\1.8prep\Fieldofdreams1_8_MediaPrep_v1_7A_20260817_210857\stimulus_control_cued_phase_scrambled_Fieldofdreams1_8_v1_7A.mp4,106.0,71.6468400390625,10.580840075683609,11.507154029846149,23.843829092407145,0.07000153324604035,0.0,-1.097230684560742,0.0,0.0,0.04649220941668332,-26.652396292897524,0.010153650405568447,0.0,0.0,0.0,0.0,0.8660254037844548,-0.49999999999997197,0.3333333333333333,0.0,-0.44747721305943766,-1.205579184839274,-1.1971851559714854,0.052802027384486847,1.551753078810598,4.1693146538952135
control,C:\Users\hoytb\Desktop\PRAYCGStimulus\Field of dreams\1.8prep\Fieldofdreams1_8_MediaPrep_v1_7A_20260817_210857\stimulus_control_cued_phase_scrambled_Fieldofdreams1_8_v1_7A.mp4,106.25,71.18315773010255,10.34537442207336,12.183209075927742,25.138479843139667,0.0563864669203762,0.0,-1.2985444057434796,0.0,0.0,0.04773690373397418,-26.422915064114946,0.0012446943172908578,0.0,1.0,0.0,0.0,0.5000000000000131,-0.866025403784431,0.3333333333333333,0.0,-0.4690563253225366,-1.1369263138686072,-1.1319620577099225,-0.318196244604217,1.6267677991262617,0.5029028504044154
control,C:\Users\hoytb\Desktop\PRAYCGStimulus\Field of dreams\1.8prep\Fieldofdreams1_8_MediaPrep_v1_7A_20260817_210857\stimulus_control_cued_phase_scrambled_Fieldofdreams1_8_v1_7A.mp4,106.5,70.21583818969727,9.88720553436279,11.551208037567136,23.85497960205078,0.055976255309581835,0.0,-1.3702384786915494,0.0,0.0,0.04499487013292525,-26.936739946503895,-0.002742033601048924,1.0,0.0,2.0,35.0,2.6458560667948713e-14,-1.0,0.3333333333333333,0.0,-0.5140739948633818,-1.2011055341723067,-1.1966234054099987,-0.32937414084902206,1.4615120565544322,-1.1378041137190598
control,C:\Users\hoytb\Desktop\PRAYCGStimulus\Field of dreams\1.8prep\Fieldofdreams1_8_MediaPrep_v1_7A_20260817_210857\stimulus_control_cued_phase_scrambled_Fieldofdreams1_8_v1_7A.mp4,106.75,69.61573110046389,9.600875765609743,11.65928179435729,23.63974933929443,0.051810901266336896,0.0,-1.4417627602436738,0.0,0.0,0.047658714712185954,-26.437153482551544,0.0026638445792607005,1.0,0.0,2.0,35.0,-0.4999999999999673,-0.8660254037844575,0.3333333333333333,0.0,-0.5420021215100407,-1.19013072713073,-1.2074664722129003,-0.44287627997206824,1.6220555356253201,1.086943137488067
control,C:\Users\hoytb\Desktop\PRAYCGStimulus\Field of dreams\1.8prep\Fieldofdreams1_8_MediaPrep_v1_7A_20260817_210857\stimulus_control_cued_phase_scrambled_Fieldofdreams1_8_v1_7A.mp4,107.0,68.51606770019534,8.59390044403078,9.856529750061037,20.969848486328132,0.08473252446651557,0.0,-0.9718843920336319,0.0,0.0,0.047058278538301364,-26.547279279943087,-0.0006004361738845901,1.0,0.0,2.0,35.0,-0.8660254037844284,-0.5000000000000178,0.3333333333333333,0.0,-0.593178885228378,-1.3731988133857056,-1.3419731764983014,0.4542082458158527,1.585868697599583,-0.25644629721657675
control,C:\Users\hoytb\Desktop\PRAYCGStimulus\Field of dreams\1.8prep\Fieldofdreams1_8_MediaPrep_v1_7A_20260817_210857\stimulus_control_cued_phase_scrambled_Fieldofdreams1_8_v1_7A.mp4,107.25,67.78134947814941,7.802655730819712,9.337061177825948,19.55852933959966,0.056422048750519656,0.0,-1.5841639637868616,0.0,0.0,0.042278680780345856,-27.477571448257393,-0.004779597757955507,0.0,0.0,0.0,0.0,-1.0,-3.184886352610683e-14,0.3333333333333333,0.0,-0.6273716216966635,-1.4259504481374532,-1.41307390179693,-0.3172266718396295,1.297813884418796,-1.976347844457819
control,C:\Users\hoytb\Desktop\PRAYCGStimulus\Field of dreams\1.8prep\Fieldofdreams1_8_MediaPrep_v1_7A_20260817_210857\stimulus_control_cued_phase_scrambled_Fieldofdreams1_8_v1_7A.mp4,107.5,68.83122512817384,6.728679557800287,7.854157354354855,16.128581783294674,0.08784458428621321,0.0,-1.1117628128301735,0.0,0.0,0.03527197383730826,-29.05140472607206,-0.007006706943037594,0.0,0.0,0.0,0.0,-0.866025403784446,0.4999999999999873,0.3333333333333333,0.0,-0.5785119087501248,-1.5765381930921483,-1.5858709332514056,0.5390090677741682,0.8755365795703314,-2.892897361925068
control,C:\Users\hoytb\Desktop\PRAYCGStimulus\Field of dreams\1.8prep\Fieldofdreams1_8_MediaPrep_v1_7A_20260817_210857\stimulus_control_cued_phase_scrambled_Fieldofdreams1_8_v1_7A.mp4,107.75,73.62158530273425,8.049340852355892,9.260186604118287,18.721822644424332,0.23168952473699644,0.0,1.8751385888756305,0.0,0.0,0.030153154549694954,-30.413344926003006,-0.005118819287613308,0.0,0.0,0.0,0.0,-0.5000000000000225,0.8660254037844257,0.3333333333333333,0.0,-0.35557538952129464,-1.4337570020863755,-1.4552262760682542,4.458653898366308,0.5670377040853817,-2.115951834870575
control,C:\Users\hoytb\Desktop\PRAYCGStimulus\Field of dreams\1.8prep\Fieldofdreams1_8_MediaPrep_v1_7A_20260817_210857\stimulus_control_cued_phase_scrambled_Fieldofdreams1_8_v1_7A.mp4,108.0,80.26941434326156,11.258209530639576,12.559619000244062,26.080120523071102,0.2449551561832441,0.0,2.469475345499095,0.0,0.0,0.03256352986146038,-29.745370480633756,0.0024103753117654288,0.0,0.0,0.0,0.0,-3.723916638426495e-14,1.0,0.3333333333333333,0.0,-0.046194922767665916,-1.098702174997158,-1.0845232232910624,4.8201303851991275,0.7123052025836591,0.9826298256972912
control,C:\Users\hoytb\Desktop\PRAYCGStimulus\Field of dreams\1.8prep\Fieldofdreams1_8_MediaPrep_v1_7A_20260817_210857\stimulus_control_cued_phase_scrambled_Fieldofdreams1_8_v1_7A.mp4,108.25,86.34146345825191,12.004980897140461,12.941380466461167,26.37662276458737,0.1801428311407562,0.0,1.2258021073015801,0.0,0.0,0.038633815039540775,-28.260648074097418,0.006070285178080392,0.0,0.0,0.0,0.0,0.4999999999999826,0.8660254037844487,0.3333333333333333,0.0,0.23638956878503234,-1.0599345911536786,-1.0695857624953633,3.0540530103861716,1.0781466293053101,2.488837354458825
control,C:\Users\hoytb\Desktop\PRAYCGStimulus\Field of dreams\1.8prep\Fieldofdreams1_8_MediaPrep_v1_7A_20260817_210857\stimulus_control_cued_phase_scrambled_Fieldofdreams1_8_v1_7A.mp4,108.5,91.32353858642573,15.419060208892834,15.750192813110283,31.57295371246327,0.1861091957569136,0.0,1.6263926037865062,0.0,0.0,0.04702892772705611,-26.552698463393156,0.008395112687515333,0.0,0.0,0.0,0.0,0.8660254037844229,0.5000000000000272,0.3333333333333333,0.0,0.4682482280795858,-0.7747018534750298,-0.8078002548430895,3.2166310625016075,1.584099795093952,3.4456020906648965
control,C:\Users\hoytb\Desktop\PRAYCGStimulus\Field of dreams\1.8prep\Fieldofdreams1_8_MediaPrep_v1_7A_20260817_210857\stimulus_control_cued_phase_scrambled_Fieldofdreams1_8_v1_7A.mp4,108.75,95.40332023620594,15.679387218475256,18.895315597534264,37.375546211242735,0.09527121971547683,0.0,0.1458905957518724,0.0,0.0,0.0451187026933377,-26.912867923752415,-0.0019102250337184046,0.0,0.0,0.0,0.0,1.0,1.4207759812019062e-14,0.3333333333333333,0.0,0.6581154378659815,-0.45531704900172,-0.5154719489230839,0.7413781818895554,1.4689751458899174,-0.7954797471731012
control,C:\Users\hoytb\Desktop\PRAYCGStimulus\Field of dreams\1.8prep\Fieldofdreams1_8_MediaPrep_v1_7A_20260817_210857\stimulus_control_cued_phase_scrambled_Fieldofdreams1_8_v1_7A.mp4,109.0,97.6656404418945,17.32506853637693,20.45680771484365,40.89208591918929,0.07201077625751548,0.0,-0.15714693356784576,0.0,0.0,0.04257502047690851,-27.416902689531288,-0.0025436822164291925,0.0,0.0,0.0,0.0,0.8660254037844514,-0.4999999999999779,0.3333333333333333,0.0,0.7634005883888313,-0.2967487231343371,-0.3383124989460818,0.10755208643176016,1.3156735622105777,-1.0561741392750925
control,C:\Users\hoytb\Desktop\PRAYCGStimulus\Field of dreams\1.8prep\Fieldofdreams1_8_MediaPrep_v1_7A_20260817_210857\stimulus_control_cued_phase_scrambled_Fieldofdreams1_8_v1_7A.mp4,109.25,98.69441656188964,17.736096987915037,23.40855794219969,49.89331350250237,0.06155982957184319,0.0,-0.06693425132838349,0.0,0.0,0.0438759579225603,-27.155467773428423,0.0013009374456517883,0.0,1.0,0.0,0.0,0.5000000000000319,-0.8660254037844203,0.3333333333333333,0.0,0.8112783593496558,0.002999246606951553,0.11515956740767606,-0.17722678047114185,1.3940779200340723,0.5260492738062655
control,C:\Users\hoytb\Desktop\PRAYCGStimulus\Field of dreams\1.8prep\Fieldofdreams1_8_MediaPrep_v1_7A_20260817_210857\stimulus_control_cued_phase_scrambled_Fieldofdreams1_8_v1_7A.mp4,109.5,99.75734736938476,19.772929487609865,26.18473560638424,49.63323938598627,0.21653724616765962,0.0,3.2780205030350715,0.0,0.0,0.03893850157471582,-28.19241529870247,-0.004937456347844482,1.0,0.0,6.0,36.0,1.959806267017718e-14,-1.0,0.3333333333333333,0.0,0.8607456406748638,0.28491795733262637,0.10205731597251398,4.045767979821861,1.096509350900964,-2.041313323186904
control,C:\Users\hoytb\Desktop\PRAYCGStimulus\Field of dreams\1.8prep\Fieldofdreams1_8_MediaPrep_v1_7A_20260817_210857\stimulus_control_cued_phase_scrambled_Fieldofdreams1_8_v1_7A.mp4,109.75,100.18304738464354,19.902389752960296,19.828726908111122,39.36777189025804,0.19050510673522836,0.0,2.1236517540021635,0.0,0.0,0.03638251385425672,-28.782145931867422,-0.0025559877204590978,1.0,0.0,6.0,36.0,-0.49999999999997324,-0.866025403784454,0.3333333333333333,0.0,0.8805571112489239,-0.36052984692548534,-0.41510578364792844,3.3364156700651257,0.9424661442140123,-1.0612383740491882
control,C:\Users\hoytb\Desktop\PRAYCGStimulus\Field of dreams\1.8prep\Fieldofdreams1_8_MediaPrep_v1_7A_20260817_210857\stimulus_control_cued_phase_scrambled_Fieldofdreams1_8_v1_7A.mp4,110.0,100.44691894531249,18.439984954833978,23.69256094360372,46.667150970459275,0.16452083230018852,0.0,1.9983493885658434,0.0,0.0,0.03130277150439689,-30.088344178007702,-0.005079742349859827,1.0,0.0,6.0,36.0,-0.8660254037844318,-0.5000000000000119,0.3333333333333333,0.0,0.8928373167272964,0.031839533390817805,-0.04737099592468423,2.6283676382969228,0.6363223413887903,-2.0998700241169943
control,C:\Users\hoytb\Desktop\PRAYCGStimulus\Field of dreams\1.8prep\Fieldofdreams1_8_MediaPrep_v1_7A_20260817_210857\stimulus_control_cued_phase_scrambled_Fieldofdreams1_8_v1_7A.mp4,110.25,100.54327471008301,18.822738816833493,22.39198012771603,46.14609587707513,0.07422467941939873,0.0,0.08132615429594225,0.0,0.0,0.026815558207658612,-31.432263161475348,-0.00448721329673828,0.0,0.0,0.0,0.0,-1.0,-2.49883655283353e-14,0.3333333333333333,0.0,0.897321576370162,-0.10023345010006479,-0.07362118543428978,0.167878949905115,0.3658888335182059,-1.856019286415572
control,C:\Users\hoytb\Desktop\PRAYCGStimulus\Field of dreams\1.8prep\Fieldofdreams1_8_MediaPrep_v1_7A_20260817_210857\stimulus_control_cued_phase_scrambled_Fieldofdreams1_8_v1_7A.mp4,110.5,99.62444931030272,18.1431939300537,20.19160627136226,42.24858636169426,0.10617882121205391,0.0,0.4920654998535484,0.0,0.0,0.02667515369984172,-31.477861390283447,-0.00014040450781689293,0.0,0.0,0.0,0.0,-0.8660254037844568,0.4999999999999686,0.3333333333333333,0.0,0.8545607548574344,-0.32367972614376506,-0.2699734804090012,1.0386004803328277,0.35742699293724545,-0.06712383185282243
control,C:\Users\hoytb\Desktop\PRAYCGStimulus\Field of dreams\1.8prep\Fieldofdreams1_8_MediaPrep_v1_7A_20260817_210857\stimulus_control_cued_phase_scrambled_Fieldofdreams1_8_v1_7A.mp4,110.75,98.04675760498047,16.83993283081053,21.57995862159757,43.95637646789609,0.07221302337646333,0.0,-0.040156850934089855,0.0,0.0,0.025738400024684895,-31.78836907218591,-0.0009367536751568248,0.0,0.0,0.0,0.0,-0.5000000000000165,0.866025403784429,0.3333333333333333,0.0,0.781137236711846,-0.1826936107157866,-0.18393687027000913,0.1130631379279186,0.3009711113843303,-0.3948551572633266
control,C:\Users\hoytb\Desktop\PRAYCGStimulus\Field of dreams\1.8prep\Fieldofdreams1_8_MediaPrep_v1_7A_20260817_210857\stimulus_control_cued_phase_scrambled_Fieldofdreams1_8_v1_7A.mp4,111.0,97.80512393798828,17.152785983276374,14.807640742492701,29.998192660522506,0.11264999539852094,0.0,0.07844568253143423,0.0,0.0,0.02958618875834957,-30.578219525708686,0.0038477887336646754,0.0,0.0,0.0,0.0,-3.037866838649342e-14,1.0,0.3333333333333333,0.0,0.7698919510371254,-0.8704172927166949,-0.8871350057564925,1.2149341377305682,0.5328680451775678,1.5741861746484285
control,C:\Users\hoytb\Desktop\PRAYCGStimulus\Field of dreams\1.8prep\Fieldofdreams1_8_MediaPrep_v1_7A_20260817_210857\stimulus_control_cued_phase_scrambled_Fieldofdreams1_8_v1_7A.mp4,111.25,98.32002583312988,17.505563083648674,16.469453241348237,33.97920174026483,0.1194865943789483,0.0,0.3808620709438292,0.0,0.0,0.03834730846901246,-28.32530226018924,0.008761119710662887,0.0,0.0,0.0,0.0,0.49999999999998856,0.8660254037844453,0.3333333333333333,0.0,0.7938547496710984,-0.7016615091120544,-0.6865760934465168,1.4012252910272132,1.0608795702706384,3.596229443244896
control,C:\Users\hoytb\Desktop\PRAYCGStimulus\Field of dreams\1.8prep\Fieldofdreams1_8_MediaPrep_v1_7A_20260817_210857\stimulus_control_cued_phase_scrambled_Fieldofdreams1_8_v1_7A.mp4,111.5,99.6273530578613,18.597300265502906,22.024536460876327,44.1124026336668,0.05644618314504891,0.0,-0.3073223571006183,0.0,0.0,0.03821736982950861,-28.354784099362597,-0.00012993863950384876,0.0,0.0,0.0,0.0,0.8660254037844264,0.5000000000000212,0.3333333333333333,0.0,0.8546958911206461,-0.13754707240751582,-0.17607644155154614,-0.3165690313660779,1.0530484822957253,-0.06281668489458166
control,C:\Users\hoytb\Desktop\PRAYCGStimulus\Field of dreams\1.8prep\Fieldofdreams1_8_MediaPrep_v1_7A_20260817_210857\stimulus_control_cued_phase_scrambled_Fieldofdreams1_8_v1_7A.mp4,111.75,99.7438966949463,15.558821442413477,22.19991962432867,47.19245920410151,0.10527616413831371,0.0,0.676246663781776,0.0,0.0,0.030459120015755216,-30.325652957220743,-0.007758249813753393,0.0,0.0,0.0,0.0,1.0,3.576897124465154e-14,0.3333333333333333,0.0,0.8601196655015323,-0.11973704678799282,-0.020906537829657585,1.0140038895747832,0.585477503756612,-3.2021890033607474
control,C:\Users\hoytb\Desktop\PRAYCGStimulus\Field of dreams\1.8prep\Fieldofdreams1_8_MediaPrep_v1_7A_20260817_210857\stimulus_control_cued_phase_scrambled_Fieldofdreams1_8_v1_7A.mp4,112.0,117.70687845458983,27.65315717163077,32.17580305175792,65.87049120483415,0.3634524550914812,0.006758749999999969,6.786912468902695,1.0,0.0,0.02501480227463596,-32.0360585111698,-0.005444317741119257,0.0,0.0,0.0,0.0,0.8660254037844479,-0.49999999999998385,0.3333333333333333,0.0,1.696091175479565,0.8933062574979972,0.9200724218064575,8.049074855885753,0.2573616226231792,-2.2499081996934414
control,C:\Users\hoytb\Desktop\PRAYCGStimulus\Field of dreams\1.8prep\Fieldofdreams1_8_MediaPrep_v1_7A_20260817_210857\stimulus_control_cued_phase_scrambled_Fieldofdreams1_8_v1_7A.mp4,112.25,118.63501883239746,32.74316264801024,29.2882646682739,61.23033160247799,0.13962489590644855,0.007475756944444453,2.0688025354055903,0.0,0.0,0.021161823158411294,-33.48893838305516,-0.0038529791162246647,0.0,1.0,0.0,0.0,0.5000000000000259,-0.8660254037844237,0.3333333333333333,0.0,1.7392855027627225,0.6000789512110903,0.68630622229468,1.9499758361058555,0.025151877008870328,-1.5950051268921968
control,C:\Users\hoytb\Desktop\PRAYCGStimulus\Field of dreams\1.8prep\Fieldofdreams1_8_MediaPrep_v1_7A_20260817_210857\stimulus_control_cued_phase_scrambled_Fieldofdreams1_8_v1_7A.mp4,112.5,118.12770492553712,34.38269973754888,37.46681068420398,74.217411804199,0.09757187128067042,0.008129861111111013,2.059699231923723,0.0,0.0,0.03260785812420289,-29.733554545165912,0.011446034965791593,1.0,0.0,9.0,37.0,1.273756467240565e-14,-1.0,0.3333333333333333,0.0,1.7156758382634965,1.4306040210462234,1.340581213174173,0.804068861076775,0.7149767599174677,4.7011854992893465
control,C:\Users\hoytb\Desktop\PRAYCGStimulus\Field of dreams\1.8prep\Fieldofdreams1_8_MediaPrep_v1_7A_20260817_210857\stimulus_control_cued_phase_scrambled_Fieldofdreams1_8_v1_7A.mp4,112.75,118.66937586364742,32.807530177307115,38.21062006225603,78.97191808776864,0.06043037396520541,0.041043048611109426,1.3998158620332841,0.0,0.0,0.03380760255655295,-29.419712516623342,0.0011997444323500611,1.0,0.0,9.0,37.0,-0.4999999999999792,-0.8660254037844506,0.3333333333333333,0.0,1.7408844299161705,1.5061372924183543,1.580108074254679,-0.20800342660181198,0.7872824592307744,0.4844040737711642
control,C:\Users\hoytb\Desktop\PRAYCGStimulus\Field of dreams\1.8prep\Fieldofdreams1_8_MediaPrep_v1_7A_20260817_210857\stimulus_control_cued_phase_scrambled_Fieldofdreams1_8_v1_7A.mp4,113.0,120.26865991210934,30.92095136108403,38.4907694702148,75.25299564208991,0.05354111948609333,0.0229855833333341,1.2917198818938207,0.0,0.0,0.021022440802886823,-33.54633723511844,-0.012785161753666126,1.0,0.0,9.0,37.0,-0.866025403784421,-0.5000000000000305,0.3333333333333333,0.0,1.8153128248656196,1.5345862497459817,1.3927528018274284,-0.3957293947245815,0.016751639077870493,-5.270975636606817
control,C:\Users\hoytb\Desktop\PRAYCGStimulus\Field of dreams\1.8prep\Fieldofdreams1_8_MediaPrep_v1_7A_20260817_210857\stimulus_control_cued_phase_scrambled_Fieldofdreams1_8_v1_7A.mp4,113.25,120.53462293701172,33.28376856384277,32.27107781219481,70.44153395385742,0.16649120122790328,0.01576424305555533,2.900327669697225,0.0,0.0,0.030770964190087326,-30.23717790325485,0.009748523387200503,0.0,0.0,0.0,0.0,-1.0,-1.812786753056377e-14,0.3333333333333333,0.0,1.827690364101643,0.9029813362847708,1.1503565893386365,2.6820584136392718,0.6042715989771222,4.002587770594968
control,C:\Users\hoytb\Desktop\PRAYCGStimulus\Field of dreams\1.8prep\Fieldofdreams1_8_MediaPrep_v1_7A_20260817_210857\stimulus_control_cued_phase_scrambled_Fieldofdreams1_8_v1_7A.mp4,113.5,120.57177306518555,34.52914337463379,39.231913897705056,77.58872303466794,0.1863084013342859,0.08978830555555575,3.992602048496274,0.0,0.0,0.0496730242939699,-26.07758795184401,0.018902060103882574,0.0,0.0,0.0,0.0,-0.8660254037844534,0.4999999999999745,0.3333333333333333,0.0,1.8294192779958347,1.6098488974342533,1.510424210237877,3.222059234734329,1.7434531091561187,7.769654835375842
control,C:\Users\hoytb\Desktop\PRAYCGStimulus\Field of dreams\1.8prep\Fieldofdreams1_8_MediaPrep_v1_7A_20260817_210857\stimulus_control_cued_phase_scrambled_Fieldofdreams1_8_v1_7A.mp4,113.75,119.92805725097661,32.88203467559815,40.9958020782475,81.28928770446848,0.12276041643321575,0.08567048611110585,2.912981632103281,0.0,1.0,0.037664764918119896,-28.481294776574103,-0.012008259375850004,0.0,0.0,0.0,0.0,-0.5000000000000107,0.8660254037844325,0.3333333333333333,0.0,1.7994616635862952,1.7889703881580277,1.6968546378610063,1.4904339879134167,1.0197443189384827,-4.95124748664623
control,C:\Users\hoytb\Desktop\PRAYCGStimulus\Field of dreams\1.8prep\Fieldofdreams1_8_MediaPrep_v1_7A_20260817_210857\stimulus_control_cued_phase_scrambled_Fieldofdreams1_8_v1_7A.mp4,114.0,118.41913323974612,32.03616966552737,36.35690375366205,76.29921253662093,0.08297592221498573,0.13517977777777865,1.659313912886611,0.0,0.0,0.01660054568331142,-35.5975527165601,-0.021064219234808477,0.0,0.0,0.0,0.0,-2.3518170388721888e-14,1.0,0.3333333333333333,0.0,1.7292384956852722,1.3178938242455516,1.4454600723220343,0.40634241950984346,-0.2497453000116602,-8.678157552182705
control,C:\Users\hoytb\Desktop\PRAYCGStimulus\Field of dreams\1.8prep\Fieldofdreams1_8_MediaPrep_v1_7A_20260817_210857\stimulus_control_cued_phase_scrambled_Fieldofdreams1_8_v1_7A.mp4,114.25,117.50633842163086,27.51178417282105,30.96299296112061,64.95225227050783,0.09582090884447096,0.02670860416666672,1.3707765362452928,0.0,0.0,0.015821125553100987,-36.01525245905923,-0.0007794201302104321,0.0,0.0,0.0,0.0,0.49999999999996986,0.866025403784456,0.3333333333333333,0.0,1.6867583288282146,0.7701463237810068,0.8738125419065907,0.7563567146495013,-0.2967190688028541,-0.33010575670948133
control,C:\Users\hoytb\Desktop\PRAYCGStimulus\Field of dreams\1.8prep\Fieldofdreams1_8_MediaPrep_v1_7A_20260817_210857\stimulus_control_cued_phase_scrambled_Fieldofdreams1_8_v1_7A.mp4,114.5,117.14729909057618,24.84239990844674,35.262818536376805,68.64119257202104,0.09045191339253883,0.009015319444442815,1.6971341560768878,0.0,0.0,0.01574412343713099,-36.05763027829406,-7.700211596999712e-05,0.0,0.0,0.0,0.0,0.8660254037844298,0.5000000000000153,0.3333333333333333,0.0,1.6700491512685292,1.206790310280902,1.0596573464845829,0.6100564332305735,-0.3013598003567476,-0.04103106907190834
control,C:\Users\hoytb\Desktop\PRAYCGStimulus\Field of dreams\1.8prep\Fieldofdreams1_8_MediaPrep_v1_7A_20260817_210857\stimulus_control_cued_phase_scrambled_Fieldofdreams1_8_v1_7A.mp4,114.75,116.98603023986816,33.97330990448006,37.1794628906251,75.17543723449728,0.15214999363720827,0.033391048611111904,3.1104236532302485,0.0,0.0,0.01628200089505307,-35.76584451385265,0.0005378774579220813,0.0,0.0,0.0,0.0,1.0,2.8908473246880007e-14,0.3333333333333333,0.0,1.6625439293380757,1.4014240731845586,1.3888454935154666,2.291273447403009,-0.2689432250501726,0.2120178521602495
control,C:\Users\hoytb\Desktop\PRAYCGStimulus\Field of dreams\1.8prep\Fieldofdreams1_8_MediaPrep_v1_7A_20260817_210857\stimulus_control_cued_phase_scrambled_Fieldofdreams1_8_v1_7A.mp4,115.0,117.15419891357422,30.871646179199267,34.675814788818364,71.07820721435544,0.06802194803953146,0.06281652777777608,1.1943852548366134,0.0,0.0,0.016787256136067987,-35.50040566260152,0.000505255241014916,0.0,0.0,0.0,0.0,0.8660254037844587,-0.4999999999999652,0.3333333333333333,0.0,1.6703702591740779,1.147180530316973,1.18243149649524,-0.0011398832388073632,-0.23849271196736857,0.1985924317249814
control,C:\Users\hoytb\Desktop\PRAYCGStimulus\Field of dreams\1.8prep\Fieldofdreams1_8_MediaPrep_v1_7A_20260817_210857\stimulus_control_cued_phase_scrambled_Fieldofdreams1_8_v1_7A.mp4,115.25,116.81441286010742,31.181320545196538,40.21452651519776,80.2209889770508,0.07266088671684265,0.06920154861111102,1.8433461842403898,0.0,0.0,0.01880664973234937,-34.51377127869,0.002019393596281383,0.0,1.0,0.0,0.0,0.50000000000002,-0.8660254037844272,0.3333333333333333,0.0,1.654557101648957,1.7096324544594816,1.6430349086161562,0.12526700982934388,-0.1167887371617284,0.8217243321248191
control,C:\Users\hoytb\Desktop\PRAYCGStimulus\Field of dreams\1.8prep\Fieldofdreams1_8_MediaPrep_v1_7A_20260817_210857\stimulus_control_cued_phase_scrambled_Fieldofdreams1_8_v1_7A.mp4,115.5,116.28772889404298,27.459734567260963,28.478275971985553,57.31748659973272,0.09439142635464558,0.04382701388888876,1.092536022487625,0.0,0.0,0.02087303490194995,-33.608288013631835,0.0020663851696005806,1.0,0.0,7.0,38.0,3.4298776105038126e-14,-1.0,0.3333333333333333,0.0,1.6300459822655766,0.5178252208731746,0.4891813421276369,0.7174046066774927,0.007747306273746173,0.8410633497801883
control,C:\Users\hoytb\Desktop\PRAYCGStimulus\Field of dreams\1.8prep\Fieldofdreams1_8_MediaPrep_v1_7A_20260817_210857\stimulus_control_cued_phase_scrambled_Fieldofdreams1_8_v1_7A.mp4,115.75,115.66168175354005,28.699964648437327,30.919584770965546,62.407429200744474,0.04746368109434588,0.14929023611111175,0.4098359624704494,0.0,0.0,0.01922025690251286,-34.324816234460435,-0.0016527779994370898,1.0,0.0,7.0,38.0,-0.4999999999999851,-0.8660254037844473,0.3333333333333333,0.0,1.6009106426896347,0.765738255392111,0.7456071204494492,-0.5613341069988074,-0.09186163196059081,-0.6895294163027195
control,C:\Users\hoytb\Desktop\PRAYCGStimulus\Field of dreams\1.8prep\Fieldofdreams1_8_MediaPrep_v1_7A_20260817_210857\stimulus_control_cued_phase_scrambled_Fieldofdreams1_8_v1_7A.mp4,116.0,115.29731384277343,32.375561560058685,32.009345123291,67.33516143798826,0.13112614099979353,0.09921911111111299,2.1744268502215776,0.0,0.0,0.018453095034782124,-34.67861563158226,-0.0007671618677307368,1.0,0.0,7.0,38.0,-0.8660254037844244,-0.5000000000000246,0.3333333333333333,0.0,1.5839534806423268,0.8764025826399818,0.9938609168764563,1.7183924336452194,-0.13809662487830615,-0.32506096382909205
control,C:\Users\hoytb\Desktop\PRAYCGStimulus\Field of dreams\1.8prep\Fieldofdreams1_8_MediaPrep_v1_7A_20260817_210857\stimulus_control_cued_phase_scrambled_Fieldofdreams1_8_v1_7A.mp4,116.25,108.76031880187985,23.86453114318845,31.91361430358886,64.99538373565672,0.20595381274819405,0.0014337499999999932,3.6449924513684624,0.0,0.0,0.017516113943857547,-35.131244766444645,-0.0009369810909245768,0.0,0.0,0.0,0.0,-1.0,-3.9689078963196245e-14,0.3333333333333333,0.0,1.2797310698991355,0.8666811913849067,0.8759854582610435,3.7573789689708463,-0.19456621223028878,-0.39494874845930106
control,C:\Users\hoytb\Desktop\PRAYCGStimulus\Field of dreams\1.8prep\Fieldofdreams1_8_MediaPrep_v1_7A_20260817_210857\stimulus_control_cued_phase_scrambled_Fieldofdreams1_8_v1_7A.mp4,116.5,100.27231423950195,18.62710990295411,23.041827279663373,45.642467208862854,0.13468782451153297,0.0,1.3427466884262511,0.0,0.0,0.01505727683430419,-36.44507129622307,-0.002458837109553358,0.0,0.0,0.0,0.0,-0.8660254037844499,0.49999999999998046,0.3333333333333333,0.0,0.8847114631513808,-0.034241970660812554,-0.09899345057650197,1.8154450954993315,-0.3427543862362428,-1.0212567933778203
control,C:\Users\hoytb\Desktop\PRAYCGStimulus\Field of dreams\1.8prep\Fieldofdreams1_8_MediaPrep_v1_7A_20260817_210857\stimulus_control_cued_phase_scrambled_Fieldofdreams1_8_v1_7A.mp4,116.75,100.33368007202148,19.343217645263643,24.492922769164828,50.591230677794925,0.1376292323827715,0.0,1.546912540391026,0.0,0.0,0.016286640189836846,-35.76336996155828,0.001229363355532656,0.0,0.0,0.0,0.0,-0.5000000000000293,0.8660254037844217,0.3333333333333333,0.0,0.8875673413323442,0.11311566239623991,0.15031987645378983,1.895595805847798,-0.2686636259583858,0.4965935119598026
control,C:\Users\hoytb\Desktop\PRAYCGStimulus\Field of dreams\1.8prep\Fieldofdreams1_8_MediaPrep_v1_7A_20260817_210857\stimulus_control_cued_phase_scrambled_Fieldofdreams1_8_v1_7A.mp4,117.0,100.28207492675782,20.60243402709965,27.672517251586918,54.57538641357423,0.09493364267349125,0.0,1.0222022279142606,0.0,0.0,0.018940247314741764,-34.45228708832261,0.0026536071249049185,0.0,0.0,0.0,0.0,-1.6657672390950356e-14,1.0,0.3333333333333333,0.0,0.8851657115925855,0.4360010413398102,0.35103731387625575,0.7321795121038904,-0.10873713353600671,1.0827299925229543
control,C:\Users\hoytb\Desktop\PRAYCGStimulus\Field of dreams\1.8prep\Fieldofdreams1_8_MediaPrep_v1_7A_20260817_210857\stimulus_control_cued_phase_scrambled_Fieldofdreams1_8_v1_7A.mp4,117.25,99.99976776733398,17.571388388061514,25.47710073318491,50.1298238998415,0.1812139574706555,0.0,2.508088076266585,0.0,0.0,0.020744486424362277,-33.6619462520264,0.0018042391096205132,0.0,0.0,0.0,0.0,0.4999999999999758,0.8660254037844526,0.3333333333333333,0.0,0.8720275396844358,0.21305817915971895,0.12707470427126877,3.083240236358415,0.0,0.7331791713168789
control,C:\Users\hoytb\Desktop\PRAYCGStimulus\Field of dreams\1.8prep\Fieldofdreams1_8_MediaPrep_v1_7A_20260817_210857\stimulus_control_cued_phase_scrambled_Fieldofdreams1_8_v1_7A.mp4,117.5,100.02393655395508,18.614672950744573,22.655880638122202,43.10226928710885,0.1504508244991331,0.0,1.615734547005342,0.0,0.0,0.021313777532887213,-33.42679143112015,0.0005692911085249351,0.0,0.0,0.0,0.0,0.8660254037844191,0.500000000000034,0.3333333333333333,0.0,0.8731523204873297,-0.07343455584579228,-0.22696586210187839,2.244972621614585,0.03430980015811611,0.22494589650346797
control,C:\Users\hoytb\Desktop\PRAYCGStimulus\Field of dreams\1.8prep\Fieldofdreams1_8_MediaPrep_v1_7A_20260817_210857\stimulus_control_cued_phase_scrambled_Fieldofdreams1_8_v1_7A.mp4,117.75,99.93214015197755,20.04246436614987,21.095714195251734,40.444719264221604,0.11324751219451439,0.0,0.7228476632027095,0.0,0.0,0.02119124078451117,-33.476872276331896,-0.00012253674837604117,0.0,0.0,0.0,0.0,1.0,2.2047975249108475e-14,0.3333333333333333,0.0,0.8688802470755472,-0.23186826049152828,-0.3608503449863323,1.2312159312595454,0.026924806284418214,-0.059770493990705026
control,C:\Users\hoytb\Desktop\PRAYCGStimulus\Field of dreams\1.8prep\Fieldofdreams1_8_MediaPrep_v1_7A_20260817_210857\stimulus_control_cued_phase_scrambled_Fieldofdreams1_8_v1_7A.mp4,118.0,99.56536950683594,17.45125325317387,15.55329574432376,31.521151934814505,0.12548467035293562,0.0,0.407346668686687,0.0,0.0,0.019725332494361314,-34.099513349510374,-0.0014659082901498574,0.0,0.0,0.0,0.0,0.8660254037844552,-0.49999999999997113,0.3333333333333333,0.0,0.8518112652028663,-0.7946965996665586,-0.8104099721215118,1.564667449029165,-0.06142194589916057,-0.6126246363198983
control,C:\Users\hoytb\Desktop\PRAYCGStimulus\Field of dreams\1.8prep\Fieldofdreams1_8_MediaPrep_v1_7A_20260817_210857\stimulus_control_cued_phase_scrambled_Fieldofdreams1_8_v1_7A.mp4,118.25,99.60097008056641,20.914018665313723,24.499324498748777,49.50575659332274,0.17874568113088632,0.0,2.3608975017162663,0.0,0.0,0.026885133079579605,-31.409756188744993,0.007159800585218291,0.0,1.0,0.0,0.0,0.500000000000014,-0.8660254037844306,0.3333333333333333,0.0,0.8534680650468885,0.11376575312134178,0.09563487138052834,3.0159819333181397,0.3700819430115561,2.9372189728250433
control,C:\Users\hoytb\Desktop\PRAYCGStimulus\Field of dreams\1.8prep\Fieldofdreams1_8_MediaPrep_v1_7A_20260817_210857\stimulus_control_cued_phase_scrambled_Fieldofdreams1_8_v1_7A.mp4,118.5,99.46141834106446,20.554910420227174,23.76522011108394,46.39329199523906,0.22795685164928614,0.0,3.260512237953024,0.0,0.0,0.029765095436947615,-30.5258544120127,0.00287996235736801,1.0,0.0,10.0,39.0,2.7438278107266594e-14,-1.0,0.3333333333333333,0.0,0.8469735264478678,0.03921801607320827,-0.06116771356493787,4.356941924857306,0.5436503186010117,1.175884733422012
control,C:\Users\hoytb\Desktop\PRAYCGStimulus\Field of dreams\1.8prep\Fieldofdreams1_8_MediaPrep_v1_7A_20260817_210857\stimulus_control_cued_phase_scrambled_Fieldofdreams1_8_v1_7A.mp4,118.75,99.18373260498048,18.36379657745362,23.529196720123352,46.633278160095415,0.17615277558565273,0.000343402777777756,2.2120110240973676,0.0,0.0,0.03591276294437648,-28.89502362358754,0.006147667507428865,1.0,0.0,10.0,39.0,-0.49999999999996647,-0.866025403784458,0.3333333333333333,0.0,0.8340504289799955,0.015250021899371429,-0.04907747131003994,2.9453275968865715,0.914155391418585,2.5206834521265606
control,C:\Users\hoytb\Desktop\PRAYCGStimulus\Field of dreams\1.8prep\Fieldofdreams1_8_MediaPrep_v1_7A_20260817_210857\stimulus_control_cued_phase_scrambled_Fieldofdreams1_8_v1_7A.mp4,119.0,98.95174753417969,19.150483694457993,24.158266198730438,48.32216884155264,0.13696961221694964,0.00029644444444445225,1.500197768356633,0.0,0.0,0.03560383707537669,-28.970063899364114,-0.00030892586899979035,1.0,0.0,10.0,39.0,-0.8660254037844278,-0.5000000000000187,0.3333333333333333,0.0,0.8232541751884677,0.07913154456044874,0.03600700634340938,1.8776217515291993,0.8955371754121586,-0.13647749143526253
control,C:\Users\hoytb\Desktop\PRAYCGStimulus\Field of dreams\1.8prep\Fieldofdreams1_8_MediaPrep_v1_7A_20260817_210857\stimulus_control_cued_phase_scrambled_Fieldofdreams1_8_v1_7A.mp4,119.25,99.0120525390625,19.67658409347534,16.003489932632363,33.23019653930647,0.05857280569523507,0.0,-0.8709740493864517,0.0,0.0,0.021652043214172502,-33.29002229549148,-0.013951793861204188,0.0,0.0,0.0,0.0,-1.0,-3.282858096542471e-14,0.3333333333333333,0.0,0.8260606839666691,-0.7489797254255749,-0.7243101617216001,-0.2586204858048949,0.054696255789433844,-5.751094035106619
control,C:\Users\hoytb\Desktop\PRAYCGStimulus\Field of dreams\1.8prep\Fieldofdreams1_8_MediaPrep_v1_7A_20260817_210857\stimulus_control_cued_phase_scrambled_Fieldofdreams1_8_v1_7A.mp4,119.5,99.21042533569336,18.58102879486085,17.597611053466924,35.53930260162376,0.08707296094298356,0.0,-0.1468319502894348,0.0,0.0,0.021882326503645227,-33.19813012353999,0.00023028328947272483,0.0,0.0,0.0,0.0,-0.8660254037844465,0.4999999999999864,0.3333333333333333,0.0,0.8352926705353266,-0.5870979492971536,-0.6079799070072093,0.5179830279358802,0.06857487346543208,0.08542985703346086
control,C:\Users\hoytb\Desktop\PRAYCGStimulus\Field of dreams\1.8prep\Fieldofdreams1_8_MediaPrep_v1_7A_20260817_210857\stimulus_control_cued_phase_scrambled_Fieldofdreams1_8_v1_7A.mp4,119.75,99.33272740783691,18.268990576171888,15.503870168304356,31.952828670501546,0.08697684815526027,0.0,-0.35936421887674247,0.0,0.0,0.025625981054059492,-31.82638998514877,0.0037436545504142653,0.0,0.0,0.0,0.0,-0.5000000000000233,0.8660254037844252,0.3333333333333333,0.0,0.840984434257594,-0.799715728970863,-0.7886625671684646,0.5153640411965985,0.29419589153919246,1.531330558924994
control,C:\Users\hoytb\Desktop\PRAYCGStimulus\Field of dreams\1.8prep\Fieldofdreams1_8_MediaPrep_v1_7A_20260817_210857\stimulus_control_cued_phase_scrambled_Fieldofdreams1_8_v1_7A.mp4,120.0,99.27865783691406,18.22767779541015,18.127138259887694,36.24839303588868,0.07461875605583204,0.0,-0.33992295523690264,0.0,0.0,0.0272353587317542,-31.297338000158025,0.001609377677694708,0.0,0.0,0.0,0.0,-3.821888382358283e-14,1.0,0.3333333333333333,0.0,0.8384681136682256,-0.5333248679651413,-0.5722567013131429,0.1786171826577747,0.39118919720263384,0.6529854598451214
control,C:\Users\hoytb\Desktop\PRAYCGStimulus\Field of dreams\1.8prep\Fieldofdreams1_8_MediaPrep_v1_7A_20260817_210857\stimulus_control_cued_phase_scrambled_Fieldofdreams1_8_v1_7A.mp4,120.25,99.29516581115723,18.44208082275392,22.362320325469746,43.471589939879934,0.08533131504952801,0.0,0.2980471774803086,0.0,0.0,0.026320476154261307,-31.59412516610693,-0.0009148825774928926,0.0,0.0,0.0,0.0,0.49999999999998174,0.8660254037844491,0.3333333333333333,0.0,0.8392363712069459,-0.10324538025047449,-0.20835988885999526,0.47052474889171186,0.3360514338828183,-0.3858542765949559
control,C:\Users\hoytb\Desktop\PRAYCGStimulus\Field of dreams\1.8prep\Fieldofdreams1_8_MediaPrep_v1_7A_20260817_210857\stimulus_control_cued_phase_scrambled_Fieldofdreams1_8_v1_7A.mp4,120.5,99.23376092529297,18.580362319946275,24.440479815673854,49.70758696289056,0.07449608848095056,0.0,0.29277474935723957,0.0,0.0,0.024077722612137753,-32.36769186267033,-0.0022427535421235545,0.0,0.0,0.0,0.0,0.8660254037844225,0.500000000000028,0.3333333333333333,0.0,0.8363786755391084,0.10779012072592152,0.10580286612277169,0.17527460192981378,0.20088609460052412,-0.932329276582954
control,C:\Users\hoytb\Desktop\PRAYCGStimulus\Field of dreams\1.8prep\Fieldofdreams1_8_MediaPrep_v1_7A_20260817_210857\stimulus_control_cued_phase_scrambled_Fieldofdreams1_8_v1_7A.mp4,120.75,99.84395585021932,17.757313748168674,25.424859316253517,49.00990043334929,0.1213039304286181,0.00011758333333319507,1.3177283257617234,0.0,0.0,0.024467256288012322,-32.22829457728792,0.00038953367587456905,0.0,0.0,0.0,0.0,1.0,1.5187477251336943e-14,0.3333333333333333,0.0,0.8647762756478853,0.20775310337232109,0.07065417675902466,1.4507460585301495,0.2243623484432055,0.15096811882627165
control,C:\Users\hoytb\Desktop\PRAYCGStimulus\Field of dreams\1.8prep\Fieldofdreams1_8_MediaPrep_v1_7A_20260817_210857\stimulus_control_cued_phase_scrambled_Fieldofdreams1_8_v1_7A.mp4,121.0,116.68159739990234,29.5181541290283,31.143332888793953,62.64270251464842,0.30442807309627723,0.0057182222222222235,5.515460683006701,0.0,0.0,0.02509452096428994,-32.00842180487211,0.0006272646762776196,0.0,0.0,0.0,0.0,0.8660254037844518,-0.4999999999999771,0.3333333333333333,0.0,1.6483760598652644,0.7884597050022206,0.7574599343935945,6.440713706432912,0.26216607551193394,0.2488044688202174
control,C:\Users\hoytb\Desktop\PRAYCGStimulus\Field of dreams\1.8prep\Fieldofdreams1_8_MediaPrep_v1_7A_20260817_210857\stimulus_control_cued_phase_scrambled_Fieldofdreams1_8_v1_7A.mp4,121.25,116.49618568420411,31.375907619476337,33.294262226104614,68.70698129272444,0.07612871004641061,0.006324791666666635,1.215763718824964,0.0,0.0,0.024922897030750922,-32.068029535782166,-0.0001716239335390196,0.0,1.0,0.0,0.0,0.5000000000000326,-0.8660254037844198,0.3333333333333333,0.0,1.6397472634875883,1.0068849280921002,1.0629717107581231,0.21976206641285048,0.2518227155439016,-0.07997194445227955
control,C:\Users\hoytb\Desktop\PRAYCGStimulus\Field of dreams\1.8prep\Fieldofdreams1_8_MediaPrep_v1_7A_20260817_210857\stimulus_control_cued_phase_scrambled_Fieldofdreams1_8_v1_7A.mp4,121.5,116.0634965942383,30.62140991973878,35.67712621154796,71.63050013427754,0.0796730305254456,0.0156519583333328,1.525592244380853,0.0,0.0,0.028091300312227736,-31.02856314705476,0.0031684032814768143,1.0,0.0,2.0,40.0,2.0577780109495062e-14,-1.0,0.3333333333333333,0.0,1.6196105313609441,1.248862936660277,1.2102554137678039,0.3163416012930826,0.4427747289864713,1.2945903593430814
control,C:\Users\hoytb\Desktop\PRAYCGStimulus\Field of dreams\1.8prep\Fieldofdreams1_8_MediaPrep_v1_7A_20260817_210857\stimulus_control_cued_phase_scrambled_Fieldofdreams1_8_v1_7A.mp4,121.75,116.0935089050293,28.697482470703175,27.900333563232607,56.27272829132117,0.07852579904794706,0.008915402777778103,0.7205504956900841,0.0,0.0,0.028846536290549098,-30.798126533891224,0.0007552359783213614,1.0,0.0,2.0,40.0,-0.4999999999999724,-0.8660254037844546,0.3333333333333333,0.0,1.6210072614309063,0.45913561290920446,0.43654755361706354,0.2850805787212925,0.4882909773529084,0.3014700659644921
control,C:\Users\hoytb\Desktop\PRAYCGStimulus\Field of dreams\1.8prep\Fieldofdreams1_8_MediaPrep_v1_7A_20260817_210857\stimulus_control_cued_phase_scrambled_Fieldofdreams1_8_v1_7A.mp4,122.0,116.06549477539062,31.66720723571779,31.237698876953097,63.02669682617184,0.05791563751697525,0.0007693333333333019,0.6485926837415376,0.0,0.0,0.023936355325880614,-32.418839536340954,-0.004910180964668484,1.0,0.0,2.0,40.0,-0.8660254037844313,-0.5000000000000128,0.3333333333333333,0.0,1.6197035238572604,0.7980424986617879,0.7768051506213708,-0.27652772567494843,0.19236622968827385,-2.0300883507175933
control,C:\Users\hoytb\Desktop\PRAYCGStimulus\Field of dreams\1.8prep\Fieldofdreams1_8_MediaPrep_v1_7A_20260817_210857\stimulus_control_cued_phase_scrambled_Fieldofdreams1_8_v1_7A.mp4,122.25,116.38013055725098,28.368187268066404,35.242931976318374,67.68843265380862,0.08401356005668643,0.006913069444444446,1.567773914839667,0.0,0.0,0.01928083934852475,-34.297481279065764,-0.004655515977355862,0.0,0.0,0.0,0.0,-1.0,-2.596808296765318e-14,0.3333333333333333,0.0,1.6343462236703756,1.2047708453724526,1.0116583369215117,0.4346171143965957,-0.08821047425826252,-1.925282949706873
control,C:\Users\hoytb\Desktop\PRAYCGStimulus\Field of dreams\1.8prep\Fieldofdreams1_8_MediaPrep_v1_7A_20260817_210857\stimulus_control_cued_phase_scrambled_Fieldofdreams1_8_v1_7A.mp4,122.5,116.53955526733398,27.790376029968378,27.809851310730078,56.49853189086935,0.07647681742906519,0.005183194444444546,0.6709162249813202,0.0,0.0,0.017076524001438075,-35.35201054201894,-0.002204315347086677,0.0,0.0,0.0,0.0,-0.866025403784443,0.49999999999999234,0.3333333333333333,0.0,1.6417656219305976,0.4499472096243014,0.44792329364024164,0.22924767847982352,-0.22105923636166652,-0.9165103354419684
control,C:\Users\hoytb\Desktop\PRAYCGStimulus\Field of dreams\1.8prep\Fieldofdreams1_8_MediaPrep_v1_7A_20260817_210857\stimulus_control_cued_phase_scrambled_Fieldofdreams1_8_v1_7A.mp4,122.75,116.60216962890625,27.538136470794626,27.74661604309077,56.422225900268444,0.10887447117566978,0.00473515277777774,1.305425704491088,0.0,0.0,0.01591648342318394,-35.9630575738918,-0.0011600405782541331,0.0,0.0,0.0,0.0,-0.500000000000042,0.8660254037844144,0.3333333333333333,0.0,1.6446796048700827,0.44352571673670454,0.44407908073564717,1.112054509455166,-0.2909720802814157,-0.48674715100186045
control,C:\Users\hoytb\Desktop\PRAYCGStimulus\Field of dreams\1.8prep\Fieldofdreams1_8_MediaPrep_v1_7A_20260817_210857\stimulus_control_cued_phase_scrambled_Fieldofdreams1_8_v1_7A.mp4,123.0,116.67182133789062,27.226878207397466,29.510556228637693,60.95216337890624,0.07880190277099627,0.0019234444444444585,0.8880011448308227,0.0,0.0,0.01801875476240393,-34.885504509168676,0.002102271339219988,0.0,0.0,0.0,0.0,-3.13583858258113e-14,1.0,0.3333333333333333,0.0,1.6479210959048856,0.6226524885287629,0.6722924094042159,0.2926041560356256,-0.16427326407530646,0.8558320246474708
control,C:\Users\hoytb\Desktop\PRAYCGStimulus\Field of dreams\1.8prep\Fieldofdreams1_8_MediaPrep_v1_7A_20260817_210857\stimulus_control_cued_phase_scrambled_Fieldofdreams1_8_v1_7A.mp4,123.25,116.80977727050781,28.17977629089355,29.160900254821463,63.10015846557583,0.06598601197302233,0.0026018333333333483,0.5993093683171276,0.0,0.0,0.019085917768087556,-34.38573903290694,0.0010671630056836266,0.0,0.0,0.0,0.0,0.4999999999999877,0.8660254037844457,0.3333333333333333,0.0,1.6543413679311878,0.587145192793511,0.7805060682028813,-0.05661730394961117,-0.09995792713633854,0.42984121558252936
control,C:\Users\hoytb\Desktop\PRAYCGStimulus\Field of dreams\1.8prep\Fieldofdreams1_8_MediaPrep_v1_7A_20260817_210857\stimulus_control_cued_phase_scrambled_Fieldofdreams1_8_v1_7A.mp4,123.5,116.84214255981445,28.42341544189451,34.47486418151863,68.48270365600601,0.0791199836522353,0.0026501388888888317,1.3937042461945788,0.0,0.0,0.017351272113115476,-35.21337358531475,-0.00173464565497208,0.0,0.0,0.0,0.0,0.8660254037844117,0.5000000000000466,0.3333333333333333,0.0,1.6558476022599078,1.1267741504010385,1.051672847084441,0.30127157303306473,-0.2045008312428932,-0.7232214151860182
control,C:\Users\hoytb\Desktop\PRAYCGStimulus\Field of dreams\1.8prep\Fieldofdreams1_8_MediaPrep_v1_7A_20260817_210857\stimulus_control_cued_phase_scrambled_Fieldofdreams1_8_v1_7A.mp4,123.75,116.98002879333495,28.998469882965082,33.054294258117665,65.92267205810543,0.05885680145770282,0.004812256944444401,0.8499603187063973,0.0,0.0,0.018050160868927606,-34.870378462855626,0.0006988887558121298,0.0,0.0,0.0,0.0,1.0,3.674868868396942e-14,0.3333333333333333,0.0,1.6622646305898197,0.982516365149205,0.9227012365028993,-0.2508818575376903,-0.1623804938871969,0.27828080342299155
control,C:\Users\hoytb\Desktop\PRAYCGStimulus\Field of dreams\1.8prep\Fieldofdreams1_8_MediaPrep_v1_7A_20260817_210857\stimulus_control_cued_phase_scrambled_Fieldofdreams1_8_v1_7A.mp4,124.0,117.12828942871094,27.750041500854497,29.17695307006837,59.616599914550804,0.05945605216026308,0.007433694444444441,0.47175253565912856,0.0,0.0,0.023443419467881546,-32.599580832468455,0.00539325859895394,0.0,0.0,0.0,0.0,0.8660254037844485,-0.499999999999983,0.3333333333333333,0.0,1.6691644687616771,0.5887753438592408,0.6050081730795382,-0.23455281661933627,0.1626581760660439,2.2102123150726305
control,C:\Users\hoytb\Desktop\PRAYCGStimulus\Field of dreams\1.8prep\Fieldofdreams1_8_MediaPrep_v1_7A_20260817_210857\stimulus_control_cued_phase_scrambled_Fieldofdreams1_8_v1_7A.mp4,124.25,117.06647538452148,29.24066033020008,32.379147411346146,69.97132706146166,0.07427558833956618,0.007677930555555584,1.0870455239879622,0.0,0.0,0.029253890174940806,-30.676327467118902,0.00581047070705926,0.0,1.0,0.0,0.0,0.5000000000000021,-0.8660254037844374,0.3333333333333333,0.0,1.6662877314498903,0.9139557211213168,1.1266680769513076,0.16926617204264777,0.5128412121235252,2.3819127233538397
control,C:\Users\hoytb\Desktop\PRAYCGStimulus\Field of dreams\1.8prep\Fieldofdreams1_8_MediaPrep_v1_7A_20260817_210857\stimulus_control_cued_phase_scrambled_Fieldofdreams1_8_v1_7A.mp4,124.5,117.01791947631835,32.62386523742684,36.10264840698252,73.78452886352558,0.08781497176289378,0.004372625000000035,1.7294589190037568,0.0,0.0,0.03269431510450631,-29.710555119848955,0.003440424929565502,1.0,0.0,2.0,41.0,4.213899154212754e-14,-1.0,0.3333333333333333,0.0,1.6640280088469248,1.292074388963819,1.3187730409243812,0.5382021532342057,0.720187313309335,1.4065387595231755
control,C:\Users\hoytb\Desktop\PRAYCGStimulus\Field of dreams\1.8prep\Fieldofdreams1_8_MediaPrep_v1_7A_20260817_210857\stimulus_control_cued_phase_scrambled_Fieldofdreams1_8_v1_7A.mp4,124.75,112.21680734252972,27.734645072174292,33.67376909790037,68.06903892211916,0.20537637643813517,0.0027776250000000526,3.8106421047367576,0.0,0.0,0.03718302939956318,-28.593104599861334,0.004488714295056873,1.0,0.0,2.0,41.0,-0.49999999999997835,-0.8660254037844511,0.3333333333333333,0.0,1.440591108795383,1.0454235596027819,1.0308328672131286,3.7416443505642096,0.9907112827233678,1.8379541200914769
control,C:\Users\hoytb\Desktop\PRAYCGStimulus\Field of dreams\1.8prep\Fieldofdreams1_8_MediaPrep_v1_7A_20260817_210857\stimulus_control_cued_phase_scrambled_Fieldofdreams1_8_v1_7A.mp4,125.0,92.8070556640625,18.274809646606446,28.511641693115234,56.37312622070313,0.3313992977142334,0.0008576388888888889,5.784240281145175,1.0,0.0,0.03577063500408227,-28.92946700258093,-0.0014123943954809093,1.0,0.0,2.0,41.0,-0.8660254037844347,-0.5000000000000068,0.3333333333333333,0.0,0.5372889935863713,0.5212134842414251,0.44160549222300166,7.17565524012337,0.9055896837246532,-0.5906014078831615
control,C:\Users\hoytb\Desktop\PRAYCGStimulus\Field of dreams\1.8prep\Fieldofdreams1_8_MediaPrep_v1_7A_20260817_210857\stimulus_control_cued_phase_scrambled_Fieldofdreams1_8_v1_7A.mp4,125.25,92.92789360046388,20.04344642410275,20.444392408752396,42.756605915832424,0.09226113714873926,0.0017323680555555504,0.24218458426404876,0.0,0.0,0.029073918161293462,-30.729928727097718,-0.006696716842788809,0.0,0.0,0.0,0.0,-1.0,-4.752929440028566e-14,0.3333333333333333,0.0,0.5429126185227967,-0.2980094879375647,-0.24438000720427688,0.6593561480564968,0.5019947335296588,-2.7653233396428263
control,C:\Users\hoytb\Desktop\PRAYCGStimulus\Field of dreams\1.8prep\Fieldofdreams1_8_MediaPrep_v1_7A_20260817_210857\stimulus_control_cued_phase_scrambled_Fieldofdreams1_8_v1_7A.mp4,125.5,92.69381638793946,21.6559285919189,20.06278760833745,41.223533554077285,0.08757891430258673,0.00036895833333339405,0.11117408962225714,0.0,0.0,0.027373911963670488,-31.253262675643203,-0.001700006197622974,0.0,0.0,0.0,0.0,-0.8660254037844538,0.4999999999999737,0.3333333333333333,0.0,0.532018999444192,-0.3367611624890958,-0.32161452719838796,0.5317698004443497,0.399539465856269,-0.7089658150873279
control,C:\Users\hoytb\Desktop\PRAYCGStimulus\Field of dreams\1.8prep\Fieldofdreams1_8_MediaPrep_v1_7A_20260817_210857\stimulus_control_cued_phase_scrambled_Fieldofdreams1_8_v1_7A.mp4,125.75,92.72216175842286,20.314102332305932,24.3486279678344,48.48088305816638,0.10253261860609039,0.0,0.8381362579099767,0.0,0.0,0.03116069237333657,-30.127858021906583,0.0037867804096660823,0.0,0.0,0.0,0.0,-0.5000000000000114,0.866025403784432,0.3333333333333333,0.0,0.5333381524935551,0.0984626360858937,0.044002856142938494,0.9392447494258622,0.6277595753095008,1.5490786719283338
control,C:\Users\hoytb\Desktop\PRAYCGStimulus\Field of dreams\1.8prep\Fieldofdreams1_8_MediaPrep_v1_7A_20260817_210857\stimulus_control_cued_phase_scrambled_Fieldofdreams1_8_v1_7A.mp4,126.0,92.34977086181641,19.54550140686034,24.768140441894523,54.64425607299808,0.04801236335635204,0.0,-0.19814766056305794,0.0,0.0,0.037296646081426604,-28.566604411217714,0.006135953708090034,0.0,0.0,0.0,0.0,-5.2919597258443776e-14,1.0,0.3333333333333333,0.0,0.5160076121465419,0.14106380579709346,0.3545068924952778,-0.5463830104557497,0.9975586857321074,2.515862728830357
control,C:\Users\hoytb\Desktop\PRAYCGStimulus\Field of dreams\1.8prep\Fieldofdreams1_8_MediaPrep_v1_7A_20260817_210857\stimulus_control_cued_phase_scrambled_Fieldofdreams1_8_v1_7A.mp4,126.25,92.14898818969728,20.407702552795417,23.079267814636523,48.173113624573276,0.05828589193522639,0.0,-0.16482401870844113,0.0,0.0,0.03924686769666873,-28.123899973738283,0.0019502216152421231,0.0,0.0,0.0,0.0,0.499999999999969,0.8660254037844565,0.3333333333333333,0.0,0.5066634734153012,-0.030439913074699645,0.028497766451536677,-0.2664386268720711,1.1150938323047768,0.7932571396456813
control,C:\Users\hoytb\Desktop\PRAYCGStimulus\Field of dreams\1.8prep\Fieldofdreams1_8_MediaPrep_v1_7A_20260817_210857\stimulus_control_cued_phase_scrambled_Fieldofdreams1_8_v1_7A.mp4,126.5,92.18430443725585,19.843910322570828,19.08839008483889,40.00077838134775,0.07665855110883807,0.0,-0.20287070172273475,0.0,0.0,0.04336488793851949,-27.25723543090673,0.004118020241850762,0.0,0.0,0.0,0.0,0.8660254037844294,0.5000000000000161,0.3333333333333333,0.0,0.5083070411254585,-0.43571048302535675,-0.38321560435039115,0.23419975726851044,1.363276966432873,1.6853978566312655
control,C:\Users\hoytb\Desktop\PRAYCGStimulus\Field of dreams\1.8prep\Fieldofdreams1_8_MediaPrep_v1_7A_20260817_210857\stimulus_control_cued_phase_scrambled_Fieldofdreams1_8_v1_7A.mp4,126.75,92.3331463317871,19.2857337387085,22.98045621490471,47.371475277709806,0.054035166317224693,0.0014842499999999734,-0.2588498046273308,0.0,0.0,0.04401180132514641,-27.128617123175967,0.0006469133866269239,0.0,0.0,0.0,0.0,1.0,1.466481255793882e-15,0.3333333333333333,0.0,0.5152339302680413,-0.0404741551768948,-0.011887902531491884,-0.38226706437326097,1.4022648738187613,0.2568907432202957
control,C:\Users\hoytb\Desktop\PRAYCGStimulus\Field of dreams\1.8prep\Fieldofdreams1_8_MediaPrep_v1_7A_20260817_210857\stimulus_control_cued_phase_scrambled_Fieldofdreams1_8_v1_7A.mp4,127.0,91.42729886474609,20.862379058837895,23.727747341918946,47.23739812011718,0.09368605271577848,1.7999999999993715e-05,0.6006779982485211,0.0,0.0,0.0391914628656798,-28.136170513510304,-0.004820338459466611,0.0,0.0,0.0,0.0,0.8660254037844592,-0.49999999999996436,0.3333333333333333,0.0,0.4730770832053029,0.035412685129657326,-0.018642564064223495,0.6981838115034883,1.1117547169548994,-1.9931143642860345
control,C:\Users\hoytb\Desktop\PRAYCGStimulus\Field of dreams\1.8prep\Fieldofdreams1_8_MediaPrep_v1_7A_20260817_210857\stimulus_control_cued_phase_scrambled_Fieldofdreams1_8_v1_7A.mp4,127.25,89.23064617004404,19.68099589080813,21.25338765335078,42.781396739196644,0.08240279999971213,0.00027920138888881885,0.12855805576782128,0.0,0.0,0.04132325480268946,-27.676109576730788,0.0021317919370096583,0.0,1.0,0.0,0.0,0.5000000000000208,-0.8660254037844266,0.3333333333333333,0.0,0.37084800483408314,-0.21585664185616302,-0.2431310724569292,0.39072535629333566,1.240232668291603,0.8679809977830064
control,C:\Users\hoytb\Desktop\PRAYCGStimulus\Field of dreams\1.8prep\Fieldofdreams1_8_MediaPrep_v1_7A_20260817_210857\stimulus_control_cued_phase_scrambled_Fieldofdreams1_8_v1_7A.mp4,127.5,86.7909999389649,19.61865540313718,21.825224060058613,44.73407810974123,0.10550535154342706,0.0009031250000000443,0.6430858144176264,0.0,0.0,0.0437527129976156,-27.179900245383067,0.00242945819492614,1.0,0.0,5.0,42.0,6.856784113952001e-15,-1.0,0.3333333333333333,0.0,0.2573103544096184,-0.157787093712735,-0.14475710648001056,1.0202490395597195,1.3866502460689702,0.9904832383049847
control,C:\Users\hoytb\Desktop\PRAYCGStimulus\Field of dreams\1.8prep\Fieldofdreams1_8_MediaPrep_v1_7A_20260817_210857\stimulus_control_cued_phase_scrambled_Fieldofdreams1_8_v1_7A.mp4,127.75,83.74940574646,19.337220008850114,20.993492766571055,43.10502849273684,0.07443878851383967,0.0004176874999999911,-0.055126757322751185,0.0,0.0,0.04753412958524708,-26.459889083928935,0.003781416587631481,1.0,0.0,5.0,42.0,-0.4999999999999597,-0.8660254037844619,0.3333333333333333,0.0,0.11575890577644905,-0.2422487681059998,-0.22682685632005128,0.17371322952995424,1.6145470909228872,1.5468712325578151
control,C:\Users\hoytb\Desktop\PRAYCGStimulus\Field of dreams\1.8prep\Fieldofdreams1_8_MediaPrep_v1_7A_20260817_210857\stimulus_control_cued_phase_scrambled_Fieldofdreams1_8_v1_7A.mp4,128.0,80.18672166748061,19.031016455078106,22.33442588806142,44.989506604003736,0.060008744305372265,0.001734722222222159,-0.20567492901795023,0.0,0.0,0.047806868026020674,-26.410194146430076,0.00027273844077359277,1.0,0.0,5.0,42.0,-0.8660254037844239,-0.5000000000000254,0.3333333333333333,0.0,-0.050043321767437234,-0.10607803895673303,-0.13188889644679497,-0.21949245437998932,1.630984378030048,0.10290194537985028
control,C:\Users\hoytb\Desktop\PRAYCGStimulus\Field of dreams\1.8prep\Fieldofdreams1_8_MediaPrep_v1_7A_20260817_210857\stimulus_control_cued_phase_scrambled_Fieldofdreams1_8_v1_7A.mp4,128.25,76.90854744262708,20.818196992492595,24.373803726959153,50.2903098297117,0.08602659052163242,0.004081812499999903,0.5141565932056372,0.0,0.0,0.04676532550695669,-26.601520768414375,-0.0010415425190639857,0.0,0.0,0.0,0.0,-1.0,-1.224708697211012e-14,0.3333333333333333,0.0,-0.2026048671384133,0.1010192150993897,0.13515981105979855,0.4894703781333882,1.5682131259410106,-0.4379801935042055
control,C:\Users\hoytb\Desktop\PRAYCGStimulus\Field of dreams\1.8prep\Fieldofdreams1_8_MediaPrep_v1_7A_20260817_210857\stimulus_control_cued_phase_scrambled_Fieldofdreams1_8_v1_7A.mp4,128.5,73.88217020263677,16.399900407409657,20.760141975402878,42.500805218505924,0.11925781218111749,0.0010074722222222113,0.8079811392488341,0.0,0.0,0.050945158261845855,-25.857941685416463,0.0041798327548891664,0.0,0.0,0.0,0.0,-0.8660254037844646,0.49999999999995504,0.3333333333333333,0.0,-0.3434481405398142,-0.2659453618224802,-0.2572669684234803,1.394991182575092,1.8201215509402637,1.7108363171155005
control,C:\Users\hoytb\Desktop\PRAYCGStimulus\Field of dreams\1.8prep\Fieldofdreams1_8_MediaPrep_v1_7A_20260817_210857\stimulus_control_cued_phase_scrambled_Fieldofdreams1_8_v1_7A.mp4,128.75,72.18413513183594,16.120674516677873,18.724394428253195,38.7255790405274,0.05438441321998828,0.0008154166666666811,-0.6801024300222746,0.0,0.0,0.05010914645221237,-26.001659897182805,-0.0008360118096334829,0.0,0.0,0.0,0.0,-0.5000000000000301,0.8660254037844213,0.3333333333333333,0.0,-0.422472266997603,-0.47267396253830285,-0.44745876171336846,-0.37275040141154925,1.7697371383105458,-0.35339562359849364
control,C:\Users\hoytb\Desktop\PRAYCGStimulus\Field of dreams\1.8prep\Fieldofdreams1_8_MediaPrep_v1_7A_20260817_210857\stimulus_control_cued_phase_scrambled_Fieldofdreams1_8_v1_7A.mp4,129.0,71.6520678100586,15.694853356933601,16.97256250305175,34.39938048095702,0.04520256115198121,0.0011293333333333461,-1.0379671932974672,0.0,0.0,0.045828068750571424,-26.777368880942372,-0.004281077701640948,0.0,0.0,0.0,0.0,-1.763738983026824e-14,1.0,0.3333333333333333,0.0,-0.44723392006544,-0.65057114978692,-0.6654079449894286,-0.6229475851348069,1.5117269248975,-1.771185780503593
control,C:\Users\hoytb\Desktop\PRAYCGStimulus\Field of dreams\1.8prep\Fieldofdreams1_8_MediaPrep_v1_7A_20260817_210857\stimulus_control_cued_phase_scrambled_Fieldofdreams1_8_v1_7A.mp4,129.25,71.74471967773438,16.457879933929455,16.729317501831062,34.18336829833986,0.037370989492535645,0.0004285555555555089,-1.217357177147847,0.0,0.0,0.039831879422444316,-27.995384027989978,-0.005996189328127108,0.0,0.0,0.0,0.0,0.4999999999999504,0.8660254037844674,0.3333333333333333,0.0,-0.442922034502141,-0.6752724929391583,-0.676290404065409,-0.8363508461334843,1.1503510760961329,-2.477026672449094
control,C:\Users\hoytb\Desktop\PRAYCGStimulus\Field of dreams\1.8prep\Fieldofdreams1_8_MediaPrep_v1_7A_20260817_210857\stimulus_control_cued_phase_scrambled_Fieldofdreams1_8_v1_7A.mp4,129.5,72.26125199584963,16.256691400146472,19.728680607605106,40.23788811645533,0.01940067524909895,0.0019873750000000846,-1.2710982458025128,0.0,0.0,0.03562802940108818,-28.96416395907935,-0.004203850021356134,0.0,0.0,0.0,0.0,0.8660254037844186,0.5000000000000347,0.3333333333333333,0.0,-0.4188833583121235,-0.37068947194350954,-0.37127027350116815,-1.3260256939777377,0.8969951884534514,-1.7394033274589518
control,C:\Users\hoytb\Desktop\PRAYCGStimulus\Field of dreams\1.8prep\Fieldofdreams1_8_MediaPrep_v1_7A_20260817_210857\stimulus_control_cued_phase_scrambled_Fieldofdreams1_8_v1_7A.mp4,129.75,74.57953791198717,18.80161141204821,20.81400091094921,41.72017690429599,0.07218811604678722,0.0017075625000001035,-0.11770515090923166,0.0,0.0,0.036032755738167,-28.866050446392556,0.00040472633707881733,0.0,0.0,0.0,0.0,1.0,2.302769268842636e-14,0.3333333333333333,0.0,-0.31099364357509945,-0.2604760282613878,-0.2965941747875633,0.11238443566906352,0.9213870672935761,0.15722054075020345
control,C:\Users\hoytb\Desktop\PRAYCGStimulus\Field of dreams\1.8prep\Fieldofdreams1_8_MediaPrep_v1_7A_20260817_210857\stimulus_control_cued_phase_scrambled_Fieldofdreams1_8_v1_7A.mp4,130.0,76.46554718017569,19.332842117309706,24.856147247314652,48.86467843627966,0.07781847596168275,0.0014627777777776415,0.4003125077696152,0.0,0.0,0.042413184630320615,-27.44998233864655,0.006380428892153615,0.0,0.0,0.0,0.0,0.8660254037844416,-0.4999999999999949,0.3333333333333333,0.0,-0.22322146650245475,0.1500008293310018,0.06333805032164112,0.2658066628647735,1.3059201066028883,2.6164745953194863
control,C:\Users\hoytb\Desktop\PRAYCGStimulus\Field of dreams\1.8prep\Fieldofdreams1_8_MediaPrep_v1_7A_20260817_210857\stimulus_control_cued_phase_scrambled_Fieldofdreams1_8_v1_7A.mp4,130.25,78.14668448486323,18.658211635589545,22.03576200714117,44.519137370300335,0.09274366009533483,0.0018241527777778561,0.411821870008982,0.0,0.0,0.04731082493712524,-26.500789585656378,0.004897640306804625,0.0,1.0,0.0,0.0,0.5000000000000394,-0.8660254037844158,0.3333333333333333,0.0,-0.1449837379401823,-0.13640712680136693,-0.15558558741282938,0.6725044629526505,1.6010890591062823,2.006244449662092
control,C:\Users\hoytb\Desktop\PRAYCGStimulus\Field of dreams\1.8prep\Fieldofdreams1_8_MediaPrep_v1_7A_20260817_210857\stimulus_control_cued_phase_scrambled_Fieldofdreams1_8_v1_7A.mp4,130.5,79.04280441284179,20.454264987182576,18.407304188537697,37.994623315429884,0.057870285332203786,0.0007999166666666746,-0.6430463798319817,0.0,0.0,0.05068213600477374,-25.90290180001325,0.0033713110676484997,1.0,0.0,4.0,43.0,2.8417995546584478e-14,-1.0,0.3333333333333333,0.0,-0.10327959664908133,-0.5048742329740014,-0.48428351700425476,-0.2777635317869915,1.8042698347582504,1.3780954855181824
control,C:\Users\hoytb\Desktop\PRAYCGStimulus\Field of dreams\1.8prep\Fieldofdreams1_8_MediaPrep_v1_7A_20260817_210857\stimulus_control_cued_phase_scrambled_Fieldofdreams1_8_v1_7A.mp4,130.75,79.63303083496093,19.618992895507823,24.279548132324166,48.984483203124896,0.05756120150089258,0.015568395833333219,-0.05841081501878709,0.0,0.0,0.053448080917328555,-25.44135767497599,0.0027659449125548158,1.0,0.0,4.0,43.0,-0.49999999999999023,-0.8660254037844443,0.3333333333333333,0.0,-0.0758113021348378,0.09144763181745934,0.06937368431461503,-0.2861857872922736,1.9709666543239073,1.128961738031227
control,C:\Users\hoytb\Desktop\PRAYCGStimulus\Field of dreams\1.8prep\Fieldofdreams1_8_MediaPrep_v1_7A_20260817_210857\stimulus_control_cued_phase_scrambled_Fieldofdreams1_8_v1_7A.mp4,131.0,80.30309317626954,19.811472674560566,22.40914033508303,45.746654260253955,0.027896586096287125,0.0009963333333333417,-0.8333820976928632,0.0,0.0,0.0537349717042077,-25.394859509397577,0.00028689078687914316,1.0,0.0,4.0,43.0,-0.8660254037844132,-0.5000000000000442,0.3333333333333333,0.0,-0.044627557991555385,-0.09849084421460517,-0.0937446201203968,-1.0945197895712715,1.9882568691500833,0.10872623369088502
control,C:\Users\hoytb\Desktop\PRAYCGStimulus\Field of dreams\1.8prep\Fieldofdreams1_8_MediaPrep_v1_7A_20260817_210857\stimulus_control_cued_phase_scrambled_Fieldofdreams1_8_v1_7A.mp4,131.25,81.23221672058108,21.281847457885743,23.364172630309984,47.16781688690167,0.05653073444962494,0.0010718749999999535,-0.1708819737565197,0.0,0.0,0.05805517894160306,-24.723180639655517,0.00432020723739536,0.0,0.0,0.0,0.0,-1.0,-3.3808298404742594e-14,0.3333333333333333,0.0,-0.0013874755438142063,-0.0015080477440308963,-0.022147990997786887,-0.3142650846101983,2.248625325177338,1.7686063470123619
control,C:\Users\hoytb\Desktop\PRAYCGStimulus\Field of dreams\1.8prep\Fieldofdreams1_8_MediaPrep_v1_7A_20260817_210857\stimulus_control_cued_phase_scrambled_Fieldofdreams1_8_v1_7A.mp4,131.5,82.49036022338863,20.537090728759807,23.223603688049224,46.85143059082008,0.07861016504168374,0.0009479999999999454,0.2517388065790729,0.0,0.0,0.05347273288751876,-25.43735238753749,-0.0045824460540842965,0.0,0.0,0.0,0.0,-0.8660254037844469,0.49999999999998557,0.3333333333333333,0.0,0.057164725749071596,-0.0157827159259268,-0.038087188859654765,0.2873794759240126,1.972452369027798,-1.8952115893243089
control,C:\Users\hoytb\Desktop\PRAYCGStimulus\Field of dreams\1.8prep\Fieldofdreams1_8_MediaPrep_v1_7A_20260817_210857\stimulus_control_cued_phase_scrambled_Fieldofdreams1_8_v1_7A.mp4,131.75,84.14829286804188,21.57722263870224,26.257324258422678,53.437984478759425,0.09121616554260306,0.0006938402777778717,0.8062964419697674,0.0,0.0,0.04731494929128286,-26.50003242017254,-0.006157783596235901,0.0,0.0,0.0,0.0,-0.5000000000000488,0.8660254037844105,0.3333333333333333,0.0,0.13432254258249188,0.29228927922603326,0.2937362401192262,0.6308816147064081,1.6013376239702162,-2.5435295405853635
control,C:\Users\hoytb\Desktop\PRAYCGStimulus\Field of dreams\1.8prep\Fieldofdreams1_8_MediaPrep_v1_7A_20260817_210857\stimulus_control_cued_phase_scrambled_Fieldofdreams1_8_v1_7A.mp4,132.0,86.28717617187489,20.940142257690496,25.90409100341802,53.90162366333011,0.062302084064485244,0.0024126388888887707,0.19880003050796224,0.0,0.0,0.04774260355571835,-26.421878024354484,0.00042765426443548693,0.0,0.0,0.0,0.0,-3.919860126290071e-14,1.0,0.3333333333333333,0.0,0.2338631160294456,0.25641871333211846,0.31709387852174903,-0.15700101531074906,1.6271113136165654,0.16665635148460403
control,C:\Users\hoytb\Desktop\PRAYCGStimulus\Field of dreams\1.8prep\Fieldofdreams1_8_MediaPrep_v1_7A_20260817_210857\stimulus_control_cued_phase_scrambled_Fieldofdreams1_8_v1_7A.mp4,132.25,87.57063815917965,23.047902497863795,25.590118641662468,51.43858104553202,0.08341333118379113,0.00834044444444448,0.584824344539233,0.0,0.0,0.04656434325921556,-26.638930358412168,-0.001178260296502788,0.0,0.0,0.0,0.0,0.4999999999999809,0.8660254037844497,0.3333333333333333,0.0,0.2935936034219719,0.2245350610098813,0.19300846738506425,0.4182614192192516,1.5561004112822587,-0.4942453347824542
control,C:\Users\hoytb\Desktop\PRAYCGStimulus\Field of dreams\1.8prep\Fieldofdreams1_8_MediaPrep_v1_7A_20260817_210857\stimulus_control_cued_phase_scrambled_Fieldofdreams1_8_v1_7A.mp4,132.5,88.79893884277342,21.575232688903863,27.197280479431225,54.19598797607432,0.07567034775018742,0.004825208333333499,0.5933382976686643,0.0,0.0,0.046165588083701796,-26.713632555337345,-0.0003987551755137639,0.0,0.0,0.0,0.0,0.8660254037844362,0.5000000000000042,0.3333333333333333,0.0,0.3507569625407707,0.3877411119325481,0.33192363278864284,0.20727210743828176,1.532068399928102,-0.17344604604915112
control,C:\Users\hoytb\Desktop\PRAYCGStimulus\Field of dreams\1.8prep\Fieldofdreams1_8_MediaPrep_v1_7A_20260817_210857\stimulus_control_cued_phase_scrambled_Fieldofdreams1_8_v1_7A.mp4,132.75,89.8627733215332,20.854635904693595,24.793821797943117,51.397995472717284,0.05145534851402052,0.00045922916666666307,-0.12745703891024576,0.0,0.0,0.05000000907326159,-26.020598336919072,0.0038344209895597933,0.0,0.0,0.0,0.0,1.0,4.458890412105883e-14,0.3333333333333333,0.0,0.4002662994356911,0.143671727790095,0.19096381032044704,-0.45256477164408876,1.7631596920699324,1.5686847832074409
control,C:\Users\hoytb\Desktop\PRAYCGStimulus\Field of dreams\1.8prep\Fieldofdreams1_8_MediaPrep_v1_7A_20260817_210857\stimulus_control_cued_phase_scrambled_Fieldofdreams1_8_v1_7A.mp4,133.0,90.91209328613283,23.995392156982465,23.249423181152324,47.07299705810539,0.06942019504904791,0.0025348611111111405,0.07254577788069949,0.0,0.0,0.056568583134056646,-24.948493976661695,0.006568574060795057,0.0,0.0,0.0,0.0,0.8660254037844524,-0.49999999999997624,0.3333333333333333,0.0,0.44910015157638705,-0.013160766221078047,-0.026924910956489922,0.03696108607972959,2.15903178628479,2.6939042807103943
control,C:\Users\hoytb\Desktop\PRAYCGStimulus\Field of dreams\1.8prep\Fieldofdreams1_8_MediaPrep_v1_7A_20260817_210857\stimulus_control_cued_phase_scrambled_Fieldofdreams1_8_v1_7A.mp4,133.25,91.69582689514162,22.142987045288002,27.811685314178625,56.21723421020541,0.0684087578624484,0.0049403611111111705,0.5115032077288433,0.0,0.0,0.05688043515390062,-24.900741795267205,0.00031185201984397504,0.0,1.0,0.0,0.0,0.5000000000000089,-0.8660254037844335,0.3333333333333333,0.0,0.48557399413272523,0.45013345126666854,0.43375182210144014,0.00940033540264996,2.1778263543353518,0.11899883558330683
control,C:\Users\hoytb\Desktop\PRAYCGStimulus\Field of dreams\1.8prep\Fieldofdreams1_8_MediaPrep_v1_7A_20260817_210857\stimulus_control_cued_phase_scrambled_Fieldofdreams1_8_v1_7A.mp4,133.5,108.59910935058599,35.96934264526394,31.833649473572667,67.16098881836149,0.22613704130649992,0.03246087500000197,4.0362004932601945,0.0,0.0,0.04922685155334972,-26.155958797970868,-0.007653583600550899,1.0,0.0,5.0,44.0,4.997920697921695e-14,-1.0,0.3333333333333333,0.0,1.2722286123325623,0.8585608242800208,0.9850862895277576,4.307353735099595,1.7165633556759679,-3.15911443483557
control,C:\Users\hoytb\Desktop\PRAYCGStimulus\Field of dreams\1.8prep\Fieldofdreams1_8_MediaPrep_v1_7A_20260817_210857\stimulus_control_cued_phase_scrambled_Fieldofdreams1_8_v1_7A.mp4,133.75,107.99308465576173,33.50418422698972,25.43192300033529,51.11602207183758,0.22781775304674268,0.010158854166667374,3.425431532679865,0.0,0.0,0.042312368980336516,-27.470653174905443,-0.006914482573013206,1.0,0.0,5.0,44.0,-0.4999999999999716,-0.866025403784455,0.3333333333333333,0.0,1.2440250887753317,0.20847041506854186,0.17675829673130464,4.35315161345189,1.2998441908684455,-2.8549431374933376
control,C:\Users\hoytb\Desktop\PRAYCGStimulus\Field of dreams\1.8prep\Fieldofdreams1_8_MediaPrep_v1_7A_20260817_210857\stimulus_control_cued_phase_scrambled_Fieldofdreams1_8_v1_7A.mp4,134.0,107.27748826904302,30.630691516113576,25.63287875976596,51.139849957276084,0.27143156166076965,0.025364666666664596,4.308389969549778,0.0,0.0,0.03883675446637486,-28.21514141246086,-0.003475614513961653,1.0,0.0,5.0,44.0,-0.8660254037844308,-0.5000000000000135,0.3333333333333333,0.0,1.2107222552065724,0.22887731817941825,0.17795871971212915,5.541588543806745,1.090377298421013,-1.4397036506870076
control,C:\Users\hoytb\Desktop\PRAYCGStimulus\Field of dreams\1.8prep\Fieldofdreams1_8_MediaPrep_v1_7A_20260817_210857\stimulus_control_cued_phase_scrambled_Fieldofdreams1_8_v1_7A.mp4,134.25,107.00866884460449,35.15141327972379,43.3368500885,83.05937676391423,0.20015432760119656,0.028572479166667334,4.6794517966443365,0.0,1.0,0.03945531358447588,-28.07789001109176,0.0006185591181010197,0.0,0.0,0.0,0.0,-1.0,-5.536950983737507e-14,0.3333333333333333,0.0,1.1982117832166612,2.026702016544696,1.7860298015803533,3.5993482318084062,1.127656362524114,0.24522176385025357
control,C:\Users\hoytb\Desktop\PRAYCGStimulus\Field of dreams\1.8prep\Fieldofdreams1_8_MediaPrep_v1_7A_20260817_210857\stimulus_control_cued_phase_scrambled_Fieldofdreams1_8_v1_7A.mp4,134.5,106.2692871032715,32.92094319458017,35.33473293151884,69.88238946533252,0.1659751840353016,0.25981176388888433,3.198324841491621,0.0,0.0,0.04772189636094548,-26.425646135254034,0.008266582776469598,0.0,0.0,0.0,0.0,-0.8660254037844577,0.4999999999999669,0.3333333333333333,0.0,1.1638020132228517,1.214093161904058,1.1221874974836819,2.667997410762567,1.6258633409996504,3.392706602316967
control,C:\Users\hoytb\Desktop\PRAYCGStimulus\Field of dreams\1.8prep\Fieldofdreams1_8_MediaPrep_v1_7A_20260817_210857\stimulus_control_cued_phase_scrambled_Fieldofdreams1_8_v1_7A.mp4,134.75,105.56362880249023,37.94115652618409,36.4866854499817,73.03911203613283,0.1773087967991829,0.02053895833333333,3.538406379149717,0.0,0.0,0.049921060207651594,-26.034323996209103,0.002199163846706112,0.0,0.0,0.0,0.0,-0.5000000000000182,0.8660254037844282,0.3333333333333333,0.0,1.1309616839765142,1.3310730558827215,1.281219751010981,2.9768281318339147,1.7584016346170286,0.8957073848576732
control,C:\Users\hoytb\Desktop\PRAYCGStimulus\Field of dreams\1.8prep\Fieldofdreams1_8_MediaPrep_v1_7A_20260817_210857\stimulus_control_cued_phase_scrambled_Fieldofdreams1_8_v1_7A.mp4,135.0,105.19887725830078,35.27140145874027,35.748053878784425,69.39679064941448,0.14660806059837206,0.07624763888889137,2.8567962372138958,0.0,0.0,0.04915200888104211,-26.16917455010318,-0.0007690513266094823,0.0,0.0,0.0,0.0,-3.9163938347251765e-15,1.0,0.3333333333333333,0.0,1.1139866681777497,1.2560655868220627,1.097723556711701,2.140260772789025,1.712052768576115,-0.3258385559809221
control,C:\Users\hoytb\Desktop\PRAYCGStimulus\Field of dreams\1.8prep\Fieldofdreams1_8_MediaPrep_v1_7A_20260817_210857\stimulus_control_cued_phase_scrambled_Fieldofdreams1_8_v1_7A.mp4,135.25,104.69469378662106,32.4695705978391,35.91617102508486,71.41573727874666,0.11198280483484387,0.08692445138888354,2.1887728213169773,0.0,1.0,0.0531628834584682,-25.487829434731047,0.004010874577426091,0.0,0.0,0.0,0.0,0.49999999999996225,0.8660254037844605,0.3333333333333333,0.0,1.0905226896598297,1.273137753977409,1.1994358944331116,1.196753796901469,1.9537784922876953,1.6413028891797614
control,C:\Users\hoytb\Desktop\PRAYCGStimulus\Field of dreams\1.8prep\Fieldofdreams1_8_MediaPrep_v1_7A_20260817_210857\stimulus_control_cued_phase_scrambled_Fieldofdreams1_8_v1_7A.mp4,135.5,103.90802403564456,33.23149578857394,34.96197484741164,70.21822021789478,0.13366000167131384,0.020834958333332987,2.521585686577218,0.0,0.0,0.054140801446626655,-25.329506392918827,0.0009779179881584527,0.0,0.0,0.0,0.0,0.8660254037844254,0.5000000000000229,0.3333333333333333,0.0,1.053912203250756,1.1762398646025891,1.139106285937811,1.7874378505465076,2.012715247565112,0.39311312057175896
control,C:\Users\hoytb\Desktop\PRAYCGStimulus\Field of dreams\1.8prep\Fieldofdreams1_8_MediaPrep_v1_7A_20260817_210857\stimulus_control_cued_phase_scrambled_Fieldofdreams1_8_v1_7A.mp4,135.75,92.2480477661141,23.23945911254964,37.028222113037124,69.38133698425324,0.27875946909188204,0.0011627916666681892,5.599721538841765,0.0,0.0,0.05242054319348245,-25.609969662010393,-0.0017202582531442023,0.0,0.0,0.0,0.0,1.0,9.306696692883296e-15,0.3333333333333333,0.0,0.5112735645896407,1.3860656883171854,1.0969450178503573,5.741267409058492,1.9090394374182507,-0.7173003915149392
control,C:\Users\hoytb\Desktop\PRAYCGStimulus\Field of dreams\1.8prep\Fieldofdreams1_8_MediaPrep_v1_7A_20260817_210857\stimulus_control_cued_phase_scrambled_Fieldofdreams1_8_v1_7A.mp4,136.0,91.11817802734376,22.211067211914052,30.311195956420974,62.00734878540059,0.08093920037746442,0.00013544444444439828,1.0108245055137106,0.0,0.0,0.05283655715507184,-25.541309777559395,0.0004160139615893843,0.0,0.0,0.0,0.0,0.8660254037844631,-0.4999999999999576,0.3333333333333333,0.0,0.4586910410288602,0.703956838291521,0.7254515037877843,0.3508435872479886,1.934111594125741,0.1618658751001358
control,C:\Users\hoytb\Desktop\PRAYCGStimulus\Field of dreams\1.8prep\Fieldofdreams1_8_MediaPrep_v1_7A_20260817_210857\stimulus_control_cued_phase_scrambled_Fieldofdreams1_8_v1_7A.mp4,136.25,90.6320208129883,22.810776485443075,28.796108562469506,58.927182434082006,0.07730503058433547,0.000908125000000001,0.7865172457541347,0.0,0.0,0.05238825263198041,-25.615321736904832,-0.0004483045230914279,0.0,1.0,0.0,0.0,0.5000000000000275,-0.8660254037844227,0.3333333333333333,0.0,0.43606597877530306,0.5501008764595603,0.5702760694242369,0.25181573963310594,1.9070933632647318,-0.19383769586916255
control,C:\Users\hoytb\Desktop\PRAYCGStimulus\Field of dreams\1.8prep\Fieldofdreams1_8_MediaPrep_v1_7A_20260817_210857\stimulus_control_cued_phase_scrambled_Fieldofdreams1_8_v1_7A.mp4,136.5,90.29199388427735,22.709939303588893,27.335128669738797,56.08516910095224,0.08077518298625928,0.004649833333333228,0.7081866620017822,0.0,0.0,0.04802015338102167,-26.37152914178173,-0.00436809925095874,1.0,0.0,7.0,45.0,1.4696999551041415e-14,-1.0,0.3333333333333333,0.0,0.4202416112604228,0.4017394898421237,0.42709852537808074,0.3463742613367001,1.6438385712488701,-1.8069988244130388
control,C:\Users\hoytb\Desktop\PRAYCGStimulus\Field of dreams\1.8prep\Fieldofdreams1_8_MediaPrep_v1_7A_20260817_210857\stimulus_control_cued_phase_scrambled_Fieldofdreams1_8_v1_7A.mp4,136.75,90.384643258667,22.496918972015383,28.75596895446778,55.862596322631845,0.0680330537140369,0.0019986736111110943,0.5990664988466129,0.0,0.0,0.04913661866703023,-26.17189465526362,0.001116465286008561,1.0,0.0,7.0,45.0,-0.49999999999995287,-0.8660254037844658,0.3333333333333333,0.0,0.42455338078974697,0.54602473007928,0.4158855506182649,-0.0008372636296014272,1.7111252375480854,0.4501311867902895
control,C:\Users\hoytb\Desktop\PRAYCGStimulus\Field of dreams\1.8prep\Fieldofdreams1_8_MediaPrep_v1_7A_20260817_210857\stimulus_control_cued_phase_scrambled_Fieldofdreams1_8_v1_7A.mp4,137.0,90.45219020996093,22.90229605407715,32.698635119628975,63.243643896484514,0.0997633402109154,0.0,1.6233695236828045,0.0,0.0,0.056365097544417084,-24.979794741439765,0.007228478877386854,1.0,0.0,7.0,45.0,-0.8660254037844201,-0.5000000000000322,0.3333333333333333,0.0,0.4276969194084002,0.9463994526496633,0.7877347083237514,0.8637844119812368,2.1467682012558944,2.9654829914772094
control,C:\Users\hoytb\Desktop\PRAYCGStimulus\Field of dreams\1.8prep\Fieldofdreams1_8_MediaPrep_v1_7A_20260817_210857\stimulus_control_cued_phase_scrambled_Fieldofdreams1_8_v1_7A.mp4,137.25,91.80640762939451,22.094059484863273,28.42559681701656,57.325713819885195,0.04512465158402924,0.0,0.11267067259203825,0.0,0.0,0.06319206223641066,-23.98674942897165,0.006826964691993578,0.0,0.0,0.0,0.0,-1.0,-2.0087302409199534e-14,0.3333333333333333,0.0,0.4907202635341425,0.5124756931240785,0.4895958205405378,-0.6250705505607689,2.5582128747476722,2.8002429415759744
control,C:\Users\hoytb\Desktop\PRAYCGStimulus\Field of dreams\1.8prep\Fieldofdreams1_8_MediaPrep_v1_7A_20260817_210857\stimulus_control_cued_phase_scrambled_Fieldofdreams1_8_v1_7A.mp4,137.5,90.9780163574218,21.735158119201667,25.510335083008034,52.88427062988322,0.049480214938520874,0.0,-0.0944464748670309,0.0,0.0,0.06330797262125779,-23.970831882489318,0.00011591038484712324,0.0,0.0,0.0,0.0,-0.8660254037844686,0.4999999999999482,0.3333333333333333,0.0,0.45216811713941163,0.21643310187263315,0.26584073798970825,-0.506385379339255,2.565198513695485,0.03836057491289924
control,C:\Users\hoytb\Desktop\PRAYCGStimulus\Field of dreams\1.8prep\Fieldofdreams1_8_MediaPrep_v1_7A_20260817_210857\stimulus_control_cued_phase_scrambled_Fieldofdreams1_8_v1_7A.mp4,137.75,91.59894520263673,20.790790711975202,24.343861758422776,50.32350249938956,0.08324645986705664,0.00014031249999998322,0.4561495430183785,0.0,0.0,0.06393293339516976,-23.8855073727514,0.00062496077391197,0.0,0.0,0.0,0.0,-0.5000000000000369,0.8660254037844174,0.3333333333333333,0.0,0.48106525856441884,0.09797863117882004,0.13683202169632558,0.4137143264124926,2.602863390133024,0.24785631566469532
control,C:\Users\hoytb\Desktop\PRAYCGStimulus\Field of dreams\1.8prep\Fieldofdreams1_8_MediaPrep_v1_7A_20260817_210857\stimulus_control_cued_phase_scrambled_Fieldofdreams1_8_v1_7A.mp4,138.0,91.27880853271486,20.732149566650346,21.952567575073427,44.71182229003946,0.05885327682495434,0.0022068611111109877,-0.26694676629023606,0.0,0.0,0.06254384105011476,-24.076309012523936,-0.001389092345054993,0.0,0.0,0.0,0.0,-2.5477605267357653e-14,1.0,0.3333333333333333,0.0,0.4661665552792449,-0.14485545751545392,-0.14587833049697363,-0.250977900599678,2.5191461494343343,-0.5810116297003357
control,C:\Users\hoytb\Desktop\PRAYCGStimulus\Field of dreams\1.8prep\Fieldofdreams1_8_MediaPrep_v1_7A_20260817_210857\stimulus_control_cued_phase_scrambled_Fieldofdreams1_8_v1_7A.mp4,138.25,99.2750349426267,29.507185815429416,31.449338065337805,65.31770415954517,0.19583065091371052,0.0005908194444445166,3.3980357888982677,0.0,0.0,0.06754424467185632,-23.40823301079795,0.0050004036217415615,0.0,0.0,0.0,0.0,0.4999999999999928,0.8660254037844428,0.3333333333333333,0.0,0.8382995093435973,0.8195342957820456,0.8922236110347476,3.4815319434902574,2.820508398734876,2.048535895159998
control,C:\Users\hoytb\Desktop\PRAYCGStimulus\Field of dreams\1.8prep\Fieldofdreams1_8_MediaPrep_v1_7A_20260817_210857\stimulus_control_cued_phase_scrambled_Fieldofdreams1_8_v1_7A.mp4,138.5,95.14034064941403,25.88551319885253,34.675399900817965,69.2094825866701,0.11664090873003014,9.008333333333459e-05,2.156094656659292,0.0,0.0,0.06224731983079876,-24.117586862899515,-0.005296924841057565,0.0,0.0,0.0,0.0,0.8660254037844146,0.5000000000000416,0.3333333333333333,0.0,0.6458767435776119,1.1471383987590122,1.0882871800096081,1.3236829248632205,2.5012755317046227,-2.1892497944681657
control,C:\Users\hoytb\Desktop\PRAYCGStimulus\Field of dreams\1.8prep\Fieldofdreams1_8_MediaPrep_v1_7A_20260817_210857\stimulus_control_cued_phase_scrambled_Fieldofdreams1_8_v1_7A.mp4,138.75,98.62804196166994,26.436160564422604,28.03272681808472,57.663782699584985,0.09067672990262475,0.006424861111111215,0.9742317320362588,0.0,0.0,0.0517070507419517,-25.72900465457192,-0.01054026908884706,0.0,0.0,0.0,0.0,1.0,3.086790812551577e-14,0.3333333333333333,0.0,0.8081893802752287,0.4725800463106403,0.5066273634082649,0.6161824802700351,1.8660389705924592,-4.3471074659361255
control,C:\Users\hoytb\Desktop\PRAYCGStimulus\Field of dreams\1.8prep\Fieldofdreams1_8_MediaPrep_v1_7A_20260817_210857\stimulus_control_cued_phase_scrambled_Fieldofdreams1_8_v1_7A.mp4,139.0,100.9143987426758,27.715413122558658,31.259320043945447,65.46961346435567,0.0636713561773306,0.010402361111110729,0.7646239570071711,0.0,0.0,0.07343905248803127,-22.68145870079854,0.021732001746079574,0.0,0.0,0.0,0.0,0.8660254037844455,-0.4999999999999881,0.3333333333333333,0.0,0.9145931586757651,0.8002381115728435,0.8998766367707579,-0.1196895857813618,3.1757742286676556,8.93429537657164
control,C:\Users\hoytb\Desktop\PRAYCGStimulus\Field of dreams\1.8prep\Fieldofdreams1_8_MediaPrep_v1_7A_20260817_210857\stimulus_control_cued_phase_scrambled_Fieldofdreams1_8_v1_7A.mp4,139.25,101.15606569213868,25.609359165191933,33.52501071929935,67.39181901245135,0.08858425065278903,0.013427027777776903,1.485365132095376,0.0,0.0,0.09707373558426248,-20.257965151238523,0.023634683096231207,0.0,1.0,0.0,0.0,0.5000000000000463,-0.866025403784412,0.3333333333333333,0.0,0.925839993269126,1.0303172604469752,0.9967152639228524,0.5591643088346196,4.600179496357833,9.71732913398984
control,C:\Users\hoytb\Desktop\PRAYCGStimulus\Field of dreams\1.8prep\Fieldofdreams1_8_MediaPrep_v1_7A_20260817_210857\stimulus_control_cued_phase_scrambled_Fieldofdreams1_8_v1_7A.mp4,139.5,100.27642023925789,23.877194953918497,28.64746035766641,60.2322572723394,0.04692277648151312,0.006281513888889825,0.1705596468773598,0.0,0.0,0.09301615439978783,-20.628832392822275,-0.0040575811844746484,1.0,0.0,10.0,46.0,3.625821098367389e-14,-1.0,0.3333333333333333,0.0,0.8849025505143736,0.53500576536836,0.6360243218901577,-0.5760732696199549,4.355638878245299,-1.6792075217201863
control,C:\Users\hoytb\Desktop\PRAYCGStimulus\Field of dreams\1.8prep\Fieldofdreams1_8_MediaPrep_v1_7A_20260817_210857\stimulus_control_cued_phase_scrambled_Fieldofdreams1_8_v1_7A.mp4,139.75,99.34325537109373,26.36186775970473,26.07470655822735,54.165001817321425,0.06809450629055692,0.028773069444443796,0.33054623622625307,0.0,0.0,0.08856224362480675,-21.055027792459157,-0.004453910774981085,1.0,0.0,10.0,46.0,-0.49999999999998346,-0.8660254037844481,0.3333333333333333,0.0,0.8414743906277868,0.27374459195369455,0.33036258377527383,0.0008372636296018054,4.087212432928723,-1.8423138917939452
control,C:\Users\hoytb\Desktop\PRAYCGStimulus\Field of dreams\1.8prep\Fieldofdreams1_8_MediaPrep_v1_7A_20260817_210857\stimulus_control_cued_phase_scrambled_Fieldofdreams1_8_v1_7A.mp4,140.0,99.68654858398436,23.603307250976663,28.0530410003663,57.86679736328143,0.04627388608455583,0.025573333333334995,0.0979249027375398,0.0,0.0,0.09131852744673633,-20.788822006377764,0.002756283821929578,1.0,0.0,10.0,46.0,-0.8660254037844093,-0.500000000000051,0.3333333333333333,0.0,0.8574507663423211,0.47464293592759565,0.5168550216020436,-0.5937549474188676,4.253327001895876,1.1249857910906451
control,C:\Users\hoytb\Desktop\PRAYCGStimulus\Field of dreams\1.8prep\Fieldofdreams1_8_MediaPrep_v1_7A_20260817_210857\stimulus_control_cued_phase_scrambled_Fieldofdreams1_8_v1_7A.mp4,140.25,99.64829776916505,25.812164704131895,29.373242304229603,61.20590986328095,0.10793894194960346,0.0,1.4505587639839113,0.0,0.0,0.08604569463158895,-21.30541710151908,-0.005272832815147371,0.0,0.0,0.0,0.0,-1.0,-4.1648513841832013e-14,0.3333333333333333,0.0,0.8556706280640411,0.6087083649111621,0.6850758816066871,1.086562182208012,3.935546103080136,-2.179334907999776
control,C:\Users\hoytb\Desktop\PRAYCGStimulus\Field of dreams\1.8prep\Fieldofdreams1_8_MediaPrep_v1_7A_20260817_210857\stimulus_control_cued_phase_scrambled_Fieldofdreams1_8_v1_7A.mp4,140.5,99.310523828125,27.23724527740481,30.49300045776369,62.05263436279302,0.09280748451948238,0.041293694444443946,1.2638853816798117,0.0,0.0,0.08980592045851932,-20.933900630096293,0.0037602258269303634,0.0,0.0,0.0,0.0,-0.8660254037844509,0.4999999999999788,0.3333333333333333,0.0,0.8399511113768466,0.7224189458446114,0.7277329419767532,0.6742436209194966,4.1621658319665515,1.5381503392915707
control,C:\Users\hoytb\Desktop\PRAYCGStimulus\Field of dreams\1.8prep\Fieldofdreams1_8_MediaPrep_v1_7A_20260817_210857\stimulus_control_cued_phase_scrambled_Fieldofdreams1_8_v1_7A.mp4,140.75,98.24060430297851,27.6228383255005,32.09796436462404,64.86667332763676,0.07611976203918462,0.004960368055555067,1.0952387556111793,0.0,0.0,0.0686516081362947,-23.266985702565428,-0.021154312322224617,0.0,0.0,0.0,0.0,-0.5000000000000063,0.8660254037844349,0.3333333333333333,0.0,0.7901585851159149,0.8854017985707234,0.8695011677411317,0.21951824129006517,2.8872465202307884,-8.715234663781683
control,C:\Users\hoytb\Desktop\PRAYCGStimulus\Field of dreams\1.8prep\Fieldofdreams1_8_MediaPrep_v1_7A_20260817_210857\stimulus_control_cued_phase_scrambled_Fieldofdreams1_8_v1_7A.mp4,141.0,98.32028791503912,25.085886920166022,30.813140884399207,62.251334802245694,0.08064428073763741,0.012447444444444514,1.0554864071319399,0.0,0.0,0.0397485247168642,-28.013579714379514,-0.0289030834194305,0.0,0.0,0.0,0.0,-4.703881669999013e-14,1.0,0.3333333333333333,0.0,0.7938669465887559,0.7549289604206285,0.7377432542402765,0.3428072931797688,1.145327489309221,-11.904181329567379
control,C:\Users\hoytb\Desktop\PRAYCGStimulus\Field of dreams\1.8prep\Fieldofdreams1_8_MediaPrep_v1_7A_20260817_210857\stimulus_control_cued_phase_scrambled_Fieldofdreams1_8_v1_7A.mp4,141.25,100.29702276611329,25.939916831970216,24.911047210693358,50.75777532958984,0.04109766971319914,0.016580555555555553,-0.32055351772514556,0.0,0.0,0.05775876077385254,-24.767642664175828,0.018010236056988337,0.0,0.0,0.0,0.0,0.49999999999997413,0.8660254037844536,0.3333333333333333,0.0,0.8858613626823716,0.1555758784693492,0.15871021507044875,-0.7348021728439184,2.2307609181165873,7.402631563539048
control,C:\Users\hoytb\Desktop\PRAYCGStimulus\Field of dreams\1.8prep\Fieldofdreams1_8_MediaPrep_v1_7A_20260817_210857\stimulus_control_cued_phase_scrambled_Fieldofdreams1_8_v1_7A.mp4,141.5,85.9721432128927,23.472192674255922,31.34630196075378,63.27505565795773,0.25733519617911915,0.009750388888890418,4.604316373358155,1.0,1.0,0.09158802113276905,-20.763226486402537,0.033829260358916514,0.0,0.0,0.0,0.0,0.8660254037844323,0.500000000000011,0.3333333333333333,0.0,0.21920193216047013,0.8090710584549575,0.7893171987397783,5.157475304111716,4.269568735471541,13.912828363881621
control,C:\Users\hoytb\Desktop\PRAYCGStimulus\Field of dreams\1.8prep\Fieldofdreams1_8_MediaPrep_v1_7A_20260817_210857\stimulus_control_cued_phase_scrambled_Fieldofdreams1_8_v1_7A.mp4,141.75,72.30436798400882,18.782716651916598,26.3640939392097,53.11128198547509,0.16362851144226814,0.000474736111111073,2.249455131929957,0.0,0.0,0.11291221231002457,-18.94518166593658,0.021324191177255522,0.0,0.0,0.0,0.0,1.0,5.242911955814825e-14,0.3333333333333333,0.0,-0.4168768018167755,0.30313165835053724,0.27727732345021305,2.6040527000932125,5.554726235508368,8.766464098887806
control,C:\Users\hoytb\Desktop\PRAYCGStimulus\Field of dreams\1.8prep\Fieldofdreams1_8_MediaPrep_v1_7A_20260817_210857\stimulus_control_cued_phase_scrambled_Fieldofdreams1_8_v1_7A.mp4,142.0,74.57985511474598,17.94664718933107,21.965983703613322,44.916228002929735,0.06346466141343043,5.383333333335992e-05,-0.1743774533286404,0.0,0.0,0.09069067740446962,-20.848747083373876,-0.02222153490555495,0.0,0.0,0.0,0.0,0.8660254037844562,-0.49999999999996947,0.3333333333333333,0.0,-0.31097888141184626,-0.14349305996082626,-0.13558059275610093,-0.12532183158919386,4.2154879962327625,-9.154441843354927
control,C:\Users\hoytb\Desktop\PRAYCGStimulus\Field of dreams\1.8prep\Fieldofdreams1_8_MediaPrep_v1_7A_20260817_210857\stimulus_control_cued_phase_scrambled_Fieldofdreams1_8_v1_7A.mp4,142.25,76.95547005615235,19.209465743255546,21.759672624206495,44.38554998016346,0.06436340297162546,0.0006104166666665474,-0.1773540490790101,0.0,0.0,0.06887918479473709,-23.238240030393513,-0.02181149260973253,0.0,1.0,0.0,0.0,0.5000000000000157,-0.8660254037844296,0.3333333333333333,0.0,-0.20042115573650335,-0.1644437917043868,-0.16231557499324306,-0.10083193509663856,2.9009620157916474,-8.985692115728371
control,C:\Users\hoytb\Desktop\PRAYCGStimulus\Field of dreams\1.8prep\Fieldofdreams1_8_MediaPrep_v1_7A_20260817_210857\stimulus_control_cued_phase_scrambled_Fieldofdreams1_8_v1_7A.mp4,142.5,76.66841464233399,22.250343948364254,24.64915641021727,51.46373153686519,0.06309937527775758,0.004511597222222234,0.08832473378501007,0.0,0.0,0.08499184889117914,-21.412454462394802,0.016112664096442048,1.0,0.0,2.0,47.0,5.781942241630636e-14,-1.0,0.3333333333333333,0.0,-0.21378030462102962,0.1289810687157665,0.19427552181393,-0.135275549174881,3.872033365555343,6.62170053579782
control,C:\Users\hoytb\Desktop\PRAYCGStimulus\Field of dreams\1.8prep\Fieldofdreams1_8_MediaPrep_v1_7A_20260817_210857\stimulus_control_cued_phase_scrambled_Fieldofdreams1_8_v1_7A.mp4,142.75,76.35953529052735,23.90728076629641,28.41793688354496,58.24540501098635,0.06644099752008903,0.0014572847222221862,0.5335672597153642,0.0,0.0,0.08553689307512627,-21.356930570103955,0.0005450441839471298,1.0,0.0,2.0,47.0,-0.4999999999999648,-0.866025403784459,0.3333333333333333,0.0,-0.22815510840282424,0.5116978327600183,0.5359288635589309,-0.04421935834258911,3.904881862130361,0.21496726268941316
control,C:\Users\hoytb\Desktop\PRAYCGStimulus\Field of dreams\1.8prep\Fieldofdreams1_8_MediaPrep_v1_7A_20260817_210857\stimulus_control_cued_phase_scrambled_Fieldofdreams1_8_v1_7A.mp4,143.0,76.15752838134765,22.890284771728435,27.78264463806143,55.75415504760728,0.09981172722578208,0.00247777777777788,1.1297764241272663,0.0,0.0,0.07634265950516628,-22.344654297029948,-0.009194233569959992,1.0,0.0,2.0,47.0,-0.8660254037844269,-0.5000000000000203,0.3333333333333333,0.0,-0.23755622137797328,0.4471843928994094,0.4104223969974643,0.865102914474933,3.3507676107946525,-3.7931569844808357
control,C:\Users\hoytb\Desktop\PRAYCGStimulus\Field of dreams\1.8prep\Fieldofdreams1_8_MediaPrep_v1_7A_20260817_210857\stimulus_control_cued_phase_scrambled_Fieldofdreams1_8_v1_7A.mp4,143.25,76.18391989440917,21.922455936431902,24.697686329651066,51.63778815307641,0.0714620472252406,0.0003041666666669359,0.2586322238134231,0.0,0.0,0.0831575792087924,-21.601963237011347,0.006814919703626118,0.0,0.0,0.0,0.0,-1.0,-6.366306413656472e-15,0.3333333333333333,0.0,-0.23632799806183008,0.13390924478133384,0.20304430503658374,0.09259971544108253,3.7614863619285965,2.7952859200028777
control,C:\Users\hoytb\Desktop\PRAYCGStimulus\Field of dreams\1.8prep\Fieldofdreams1_8_MediaPrep_v1_7A_20260817_210857\stimulus_control_cued_phase_scrambled_Fieldofdreams1_8_v1_7A.mp4,143.5,75.97015330200198,19.34660805053707,20.62377224426296,42.08747350463918,0.06946399202346938,0.0,-0.1907292061410054,0.0,0.0,0.09258288384053602,-20.669385912204874,0.009425304631743625,0.0,0.0,0.0,0.0,-0.8660254037844617,0.4999999999999601,0.3333333333333333,0.0,-0.246276389895027,-0.2797936033384875,-0.27809017110798623,0.03815451411305995,4.3295267080748525,3.8695695978288014
control,C:\Users\hoytb\Desktop\PRAYCGStimulus\Field of dreams\1.8prep\Fieldofdreams1_8_MediaPrep_v1_7A_20260817_210857\stimulus_control_cued_phase_scrambled_Fieldofdreams1_8_v1_7A.mp4,143.75,75.67888763427736,21.03031520843485,20.23185535430858,41.02058067321687,0.06688854359090078,0.0,-0.2811021516740476,0.0,0.0,0.08098907644978864,-21.831471068614967,-0.011593807390747377,0.0,0.0,0.0,0.0,-0.500000000000025,0.8660254037844242,0.3333333333333333,0.0,-0.259831477981769,-0.3195924626668976,-0.33183907284001096,-0.03202413175059564,3.6307959380143378,-4.780682985586461
control,C:\Users\hoytb\Desktop\PRAYCGStimulus\Field of dreams\1.8prep\Fieldofdreams1_8_MediaPrep_v1_7A_20260817_210857\stimulus_control_cued_phase_scrambled_Fieldofdreams1_8_v1_7A.mp4,144.0,75.21133232421877,23.661633230590823,25.62252695007331,50.37039243774429,0.0908045822858816,0.0,0.7342939302617256,0.0,0.0,0.07608834133863357,-22.37363766084504,-0.0049007351111550745,0.0,0.0,0.0,0.0,-1.175660927181459e-14,1.0,0.3333333333333333,0.0,-0.28159083418320174,0.227826099851471,0.13919428584753304,0.6196663423477776,3.335440469127318,-2.0262009829415666
control,C:\Users\hoytb\Desktop\PRAYCGStimulus\Field of dreams\1.8prep\Fieldofdreams1_8_MediaPrep_v1_7A_20260817_210857\stimulus_control_cued_phase_scrambled_Fieldofdreams1_8_v1_7A.mp4,144.25,74.75768311462403,22.411226963043248,24.237257569122328,49.54018566589352,0.07838554259240642,0.0008844999999999755,0.34926937439888883,0.0,0.0,0.08521656994040036,-21.389519012075816,0.009128228601766791,0.0,0.0,0.0,0.0,0.4999999999999554,0.8660254037844644,0.3333333333333333,0.0,-0.30270302033468316,0.0871530575877416,0.09736937065152322,0.28125871686647713,3.8855767604453133,3.747310261039116
control,C:\Users\hoytb\Desktop\PRAYCGStimulus\Field of dreams\1.8prep\Fieldofdreams1_8_MediaPrep_v1_7A_20260817_210857\stimulus_control_cued_phase_scrambled_Fieldofdreams1_8_v1_7A.mp4,144.5,74.30215786132813,21.624650117492678,21.205749125671392,43.672509878540055,0.0396385586798192,0.00011700000000000274,-0.722170986054659,0.0,0.0,0.09316813494395819,-20.614651964047752,0.007951565003557828,0.0,0.0,0.0,0.0,0.8660254037844215,0.5000000000000298,0.3333333333333333,0.0,-0.323902514879984,-0.22069429777332766,-0.19823776063775336,-0.7745616318928412,4.364798378578823,3.263063480331797
control,C:\Users\hoytb\Desktop\PRAYCGStimulus\Field of dreams\1.8prep\Fieldofdreams1_8_MediaPrep_v1_7A_20260817_210857\stimulus_control_cued_phase_scrambled_Fieldofdreams1_8_v1_7A.mp4,144.75,73.9898390411377,21.929502211761417,26.02507128829952,53.04720836029048,0.09568919133841963,0.0007922708333333198,0.8714144319385779,0.0,0.0,0.09769044408175304,-20.202958323393286,0.004522309137794847,0.0,0.0,0.0,0.0,1.0,1.714691212997271e-14,0.3333333333333333,0.0,-0.33843738660688877,0.26870416839395644,0.274049363825561,0.7527675314632547,4.637347028026363,1.851779817146264
control,C:\Users\hoytb\Desktop\PRAYCGStimulus\Field of dreams\1.8prep\Fieldofdreams1_8_MediaPrep_v1_7A_20260817_210857\stimulus_control_cued_phase_scrambled_Fieldofdreams1_8_v1_7A.mp4,145.0,74.31547821044921,19.591549880981415,22.640808517456087,47.50075640869149,0.08070443814992902,0.00016888888888888403,0.2345370757460093,0.0,0.0,0.08835981025031468,-21.07490450854611,-0.009330633831438354,0.0,0.0,0.0,0.0,0.866025403784467,-0.49999999999995076,0.3333333333333333,0.0,-0.3232826048607461,-0.07496511812965141,-0.0053748596088247095,0.3444465283824229,4.075012262365456,-3.8492914545273913
control,C:\Users\hoytb\Desktop\PRAYCGStimulus\Field of dreams\1.8prep\Fieldofdreams1_8_MediaPrep_v1_7A_20260817_210857\stimulus_control_cued_phase_scrambled_Fieldofdreams1_8_v1_7A.mp4,145.25,74.46786382751465,21.691071833801335,24.042277059172903,49.050269381712496,0.07535477418303627,0.00027622222222227006,0.26970142671708286,0.0,0.0,0.09315038791940342,-20.616306643301133,0.004790577669088733,0.0,1.0,0.0,0.0,0.5000000000000344,-0.8660254037844188,0.3333333333333333,0.0,-0.31619079593382704,0.06735293647491568,0.07268792051912353,0.19867301248729333,4.363728808271546,1.9621836512088477
control,C:\Users\hoytb\Desktop\PRAYCGStimulus\Field of dreams\1.8prep\Fieldofdreams1_8_MediaPrep_v1_7A_20260817_210857\stimulus_control_cued_phase_scrambled_Fieldofdreams1_8_v1_7A.mp4,145.5,74.34987361450196,19.518644783020196,22.607989451599646,46.026775878907316,0.05747204495966532,0.0002314305555555329,-0.22833381041309275,0.0,0.0,0.10329858090180515,-19.71811289396661,0.01014819298240173,1.0,0.0,9.0,48.0,2.2537214988130828e-14,-1.0,0.3333333333333333,0.0,-0.32168189189187385,-0.07829786907453244,-0.07963239730796748,-0.2886152225914211,4.97533588939101,4.167068693704499
control,C:\Users\hoytb\Desktop\PRAYCGStimulus\Field of dreams\1.8prep\Fieldofdreams1_8_MediaPrep_v1_7A_20260817_210857\stimulus_control_cued_phase_scrambled_Fieldofdreams1_8_v1_7A.mp4,145.75,74.14967654113771,19.565429909515334,23.15013911743148,48.8335337005611,0.043005883157253844,0.001002034722222184,-0.45995431757765776,0.0,0.0,0.09808153564612723,-20.16825486184507,-0.005217045255677913,1.0,0.0,9.0,48.0,-0.49999999999999534,-0.8660254037844414,0.3333333333333333,0.0,-0.3309987776936227,-0.023242986678682572,0.06176901237302612,-0.6828050783460792,4.660917172046302,-2.1563759704430066
control,C:\Users\hoytb\Desktop\PRAYCGStimulus\Field of dreams\1.8prep\Fieldofdreams1_8_MediaPrep_v1_7A_20260817_210857\stimulus_control_cued_phase_scrambled_Fieldofdreams1_8_v1_7A.mp4,146.0,74.32951530761719,20.337811505127018,21.440632931518547,45.596076965332,0.03484786661863278,4.822222222220579e-05,-0.7933081967449626,0.0,0.0,0.08202431758443081,-21.72114748220059,-0.016057218061696424,1.0,0.0,9.0,48.0,-0.8660254037844162,-0.5000000000000391,0.3333333333333333,0.0,-0.32262933841132063,-0.19684202759298253,-0.1013305406453708,-0.9051036677388152,3.6931874208833846,-6.617565040637451
control,C:\Users\hoytb\Desktop\PRAYCGStimulus\Field of dreams\1.8prep\Fieldofdreams1_8_MediaPrep_v1_7A_20260817_210857\stimulus_control_cued_phase_scrambled_Fieldofdreams1_8_v1_7A.mp4,146.25,74.2227433013916,18.544331314086914,21.024348239898714,44.556918075561626,0.047357219517231014,0.000760312499999985,-0.5877340525816611,0.0,0.0,0.06721638478749428,-23.450496992531615,-0.014807932796936527,0.0,0.0,0.0,0.0,-1.0,-2.7927517846288947e-14,0.3333333333333333,0.0,-0.3275983550513262,-0.23911541847510753,-0.1536822365282344,-0.5642350889109083,2.800749075352027,-6.103431376125433
control,C:\Users\hoytb\Desktop\PRAYCGStimulus\Field of dreams\1.8prep\Fieldofdreams1_8_MediaPrep_v1_7A_20260817_210857\stimulus_control_cued_phase_scrambled_Fieldofdreams1_8_v1_7A.mp4,146.5,74.09732802124023,17.848125379943845,19.955815679931643,41.08029662780762,0.053029475614428535,0.0007076249999999984,-0.5830236099015433,0.0,0.0,0.05990307656804242,-24.451017441146554,-0.007313308219451864,0.0,0.0,0.0,0.0,-0.866025403784444,0.4999999999999907,0.3333333333333333,0.0,-0.33343500302688706,-0.34762407970403675,-0.3288306479255298,-0.4096712285519676,2.3599936520779057,-3.0190767400330993
control,C:\Users\hoytb\Desktop\PRAYCGStimulus\Field of dreams\1.8prep\Fieldofdreams1_8_MediaPrep_v1_7A_20260817_210857\stimulus_control_cued_phase_scrambled_Fieldofdreams1_8_v1_7A.mp4,146.75,74.13104975891113,18.7632188072205,18.63719981002803,37.99328013763417,0.055803442949056516,0.0,-0.6608038417718995,0.0,0.0,0.05724696964532657,-24.844949952935558,-0.0026561069227158465,0.0,0.0,0.0,0.0,-0.5000000000000437,0.8660254037844134,0.3333333333333333,0.0,-0.33186564152905595,-0.48152850908602046,-0.4843511848423206,-0.33408312173825433,2.1999165028789767,-1.102441655474408
control,C:\Users\hoytb\Desktop\PRAYCGStimulus\Field of dreams\1.8prep\Fieldofdreams1_8_MediaPrep_v1_7A_20260817_210857\stimulus_control_cued_phase_scrambled_Fieldofdreams1_8_v1_7A.mp4,147.0,74.25441381835938,17.70202237853997,22.77962686462422,45.32965420532263,0.07430704742670141,0.0,0.12195289832729883,0.0,0.0,0.05744312847588877,-24.815238310116463,0.00019615883056219724,0.0,0.0,0.0,0.0,-3.331782070444707e-14,1.0,0.3333333333333333,0.0,-0.32612445443473587,-0.06086822153560563,-0.11475262984230361,0.17012340378036697,2.2117385218338788,0.07138620054918202
control,C:\Users\hoytb\Desktop\PRAYCGStimulus\Field of dreams\1.8prep\Fieldofdreams1_8_MediaPrep_v1_7A_20260817_210857\stimulus_control_cued_phase_scrambled_Fieldofdreams1_8_v1_7A.mp4,147.25,74.41491938781739,19.33739350891119,22.461838136291398,46.46090099029528,0.07240187415480255,0.0,0.05229625176825525,0.0,0.0,0.05855178270329126,-24.649197551763955,0.0011086542274024933,0.0,0.0,0.0,0.0,0.499999999999986,0.8660254037844467,0.3333333333333333,0.0,-0.31865475452326864,-0.0931394229542138,-0.05776164584712112,0.11820915123051288,2.278554434496186,0.44691660618317125
control,C:\Users\hoytb\Desktop\PRAYCGStimulus\Field of dreams\1.8prep\Fieldofdreams1_8_MediaPrep_v1_7A_20260817_210857\stimulus_control_cued_phase_scrambled_Fieldofdreams1_8_v1_7A.mp4,147.5,74.3227048034668,18.927668540954542,22.77471382904072,46.46567295837434,0.09611145663261762,0.000212916666666619,0.5527803993578047,0.0,0.0,0.06315362381421588,-23.99203448323471,0.004601841110924619,0.0,0.0,0.0,0.0,0.8660254037844107,0.5000000000000484,0.3333333333333333,0.0,-0.32294628954529636,-0.06136713652772528,-0.05752123927975489,0.7642738797043174,2.555896283878524,1.8845105840451595
control,C:\Users\hoytb\Desktop\PRAYCGStimulus\Field of dreams\1.8prep\Fieldofdreams1_8_MediaPrep_v1_7A_20260817_210857\stimulus_control_cued_phase_scrambled_Fieldofdreams1_8_v1_7A.mp4,147.75,74.15871391601564,19.538551931762687,21.331087615203796,43.79043549652092,0.04865558664798832,0.00037129166666670165,-0.5311924499618639,0.0,0.0,0.06229769887471642,-24.110559896362467,-0.0008559249394994584,0.0,0.0,0.0,0.0,1.0,3.870812356260519e-14,0.3333333333333333,0.0,-0.3305781911771949,-0.20796627037467139,-0.1922967961229839,-0.5288557561631925,2.504311755006003,-0.3615907178005095
control,C:\Users\hoytb\Desktop\PRAYCGStimulus\Field of dreams\1.8prep\Fieldofdreams1_8_MediaPrep_v1_7A_20260817_210857\stimulus_control_cued_phase_scrambled_Fieldofdreams1_8_v1_7A.mp4,148.0,73.64691977539064,19.59723433532715,24.18563934326162,50.79751137695285,0.056201901316641975,0.0,-0.09474693166832904,0.0,0.0,0.05455696331353378,-25.262996217340845,-0.007740735561182641,0.0,0.0,0.0,0.0,0.8660254037844494,-0.49999999999998135,0.3333333333333333,0.0,-0.35439635935556535,0.08191126637519262,0.16071207396576637,-0.3232254907654993,2.0377963181688816,-3.194981148510142
control,C:\Users\hoytb\Desktop\PRAYCGStimulus\Field of dreams\1.8prep\Fieldofdreams1_8_MediaPrep_v1_7A_20260817_210857\stimulus_control_cued_phase_scrambled_Fieldofdreams1_8_v1_7A.mp4,148.25,73.23135491027833,18.537940760803238,18.527832619476417,39.31932933807394,0.03910329500734843,0.0,-1.0021585342182733,0.0,0.0,0.05668263416540095,-24.9309995067591,0.00212567085186717,0.0,1.0,0.0,0.0,0.5000000000000531,-0.8660254037844081,0.3333333333333333,0.0,-0.373736154520433,-0.492634663333197,-0.41754626679703766,-0.7891470839791567,2.1659053664877006,0.8654619126517955
control,C:\Users\hoytb\Desktop\PRAYCGStimulus\Field of dreams\1.8prep\Fieldofdreams1_8_MediaPrep_v1_7A_20260817_210857\stimulus_control_cued_phase_scrambled_Fieldofdreams1_8_v1_7A.mp4,148.5,72.40981588134765,19.476594859313963,20.42721255187989,43.19775603027344,0.06979388132095332,0.0007923611111111073,-0.20397750361237182,0.0,0.0,0.06539928309795931,-23.68854024693132,0.008716648932558357,1.0,0.0,3.0,49.0,4.409842642076331e-14,-1.0,0.3333333333333333,0.0,-0.41196940731279624,-0.29975408921522506,-0.222155343721862,0.047143699797995584,2.691236745190297,3.577927839315407
control,C:\Users\hoytb\Desktop\PRAYCGStimulus\Field of dreams\1.8prep\Fieldofdreams1_8_MediaPrep_v1_7A_20260817_210857\stimulus_control_cued_phase_scrambled_Fieldofdreams1_8_v1_7A.mp4,148.75,72.18117817687994,18.90431594848631,22.47482575607302,45.10334980010994,0.062201009541750035,0.0003028819444444675,-0.14818457909733487,0.0,0.0,0.07033394509763763,-23.0567004381625,0.004934661999678319,1.0,0.0,3.0,49.0,-0.4999999999999767,-0.8660254037844521,0.3333333333333333,0.0,-0.4226098794570813,-0.09182054013505327,-0.12615359991076466,-0.1597552048519459,2.988636905708344,2.021480440320518
control,C:\Users\hoytb\Desktop\PRAYCGStimulus\Field of dreams\1.8prep\Fieldofdreams1_8_MediaPrep_v1_7A_20260817_210857\stimulus_control_cued_phase_scrambled_Fieldofdreams1_8_v1_7A.mp4,149.0,73.6610433959961,19.52211548461907,23.779154278564423,48.405549230956986,0.08171445554494765,0.0005456111111111396,0.36903459318414267,0.0,0.0,0.07353842421920682,-22.669713608407847,0.0032044791215691953,1.0,0.0,3.0,49.0,-0.8660254037844337,-0.5000000000000084,0.3333333333333333,0.0,-0.3537390662289627,0.04063302008459128,0.04020761977381142,0.371968591020055,3.1817631229028622,1.3094370916229265
control,C:\Users\hoytb\Desktop\PRAYCGStimulus\Field of dreams\1.8prep\Fieldofdreams1_8_MediaPrep_v1_7A_20260817_210857\stimulus_control_cued_phase_scrambled_Fieldofdreams1_8_v1_7A.mp4,149.25,74.26801602172843,21.293291913604683,26.806806594848346,52.434797756957636,0.07268021892756536,0.0005815347222221546,0.49490756002197117,0.0,0.0,0.07391344109340171,-22.625531567060232,0.00037501687419488894,0.0,0.0,0.0,0.0,-1.0,-4.9488729278921426e-14,0.3333333333333333,0.0,-0.3254914273214424,0.34808878869192245,0.24319678297701844,0.1257937951273581,3.2043644841693086,0.14499384164947118
control,C:\Users\hoytb\Desktop\PRAYCGStimulus\Field of dreams\1.8prep\Fieldofdreams1_8_MediaPrep_v1_7A_20260817_210857\stimulus_control_cued_phase_scrambled_Fieldofdreams1_8_v1_7A.mp4,149.5,73.99275660400394,20.490012870788647,25.070852580261434,51.515560440063645,0.07234746209084902,0.000620902777777794,0.3136876177810457,0.0,0.0,0.0714703654331651,-22.917479946157528,-0.0024430756602366183,0.0,0.0,0.0,0.0,-0.8660254037844548,0.49999999999997197,0.3333333333333333,0.0,-0.3383016073989942,0.17180399107787897,0.19688660564807542,0.11672647158582797,3.0571262146466003,-1.0147702911162304
control,C:\Users\hoytb\Desktop\PRAYCGStimulus\Field of dreams\1.8prep\Fieldofdreams1_8_MediaPrep_v1_7A_20260817_210857\stimulus_control_cued_phase_scrambled_Fieldofdreams1_8_v1_7A.mp4,149.75,75.61991547241217,21.344723563385088,20.698029964446967,42.3399887695312,0.0634219414889811,0.0001282847222221516,-0.3027790772760749,0.0,0.0,0.06334761662562881,-23.965394404995195,-0.008122748807536287,0.0,0.0,0.0,0.0,-0.5000000000000131,0.866025403784431,0.3333333333333333,0.0,-0.26257595814997053,-0.2722527888561217,-0.26536872640540643,-0.12648591098264605,2.5675877620906715,-3.352195738148066
control,C:\Users\hoytb\Desktop\PRAYCGStimulus\Field of dreams\1.8prep\Fieldofdreams1_8_MediaPrep_v1_7A_20260817_210857\stimulus_control_cued_phase_scrambled_Fieldofdreams1_8_v1_7A.mp4,150.0,81.27971282958917,22.970996322631517,25.888552246093354,52.163521728514766,0.15675207734107094,0.002600694444444345,2.065589983020476,0.0,0.0,0.059636427297501404,-24.48976764342251,-0.003711189328127404,0.0,0.0,0.0,0.0,-5.4879032137079545e-14,1.0,0.3333333333333333,0.0,0.0008229255185963484,0.25484076445378695,0.22953019138919079,2.416676075700315,2.34392334455409,-1.5366526389527526
control,C:\Users\hoytb\Desktop\PRAYCGStimulus\Field of dreams\1.8prep\Fieldofdreams1_8_MediaPrep_v1_7A_20260817_210857\stimulus_control_cued_phase_scrambled_Fieldofdreams1_8_v1_7A.mp4,150.25,98.26357937622072,27.861739041900705,34.66942744598392,71.44853658142097,0.3028474434316176,0.002864944444444493,5.838919888817886,1.0,0.0,0.05673475354283662,-24.92301654750714,-0.0029016737546647825,0.0,0.0,0.0,0.0,0.4999999999999673,0.8660254037844575,0.3333333333333333,0.0,0.7912278122034407,1.1465319005552397,1.2010882876673694,6.3976429743324426,2.1690464754869554,-1.2035027811867796
control,C:\Users\hoytb\Desktop\PRAYCGStimulus\Field of dreams\1.8prep\Fieldofdreams1_8_MediaPrep_v1_7A_20260817_210857\stimulus_control_cued_phase_scrambled_Fieldofdreams1_8_v1_7A.mp4,150.5,94.13067750244137,24.768520108032234,26.288194335937426,53.93890440063461,0.14129861241578978,9.515277777777552e-05,1.8001029281310554,0.0,0.0,0.07049461510471085,-23.03688112661003,0.013759861561874226,0.0,0.0,0.0,0.0,0.8660254037844284,0.5000000000000178,0.3333333333333333,0.0,0.5988884630773119,0.2954241119009139,0.31897204156386605,1.995583100728143,2.998320098984221,5.653422894899682
control,C:\Users\hoytb\Desktop\PRAYCGStimulus\Field of dreams\1.8prep\Fieldofdreams1_8_MediaPrep_v1_7A_20260817_210857\stimulus_control_cued_phase_scrambled_Fieldofdreams1_8_v1_7A.mp4,150.75,94.7383012054444,25.34896207504273,22.656434330749498,47.30370380554199,0.06604013673066969,0.0015215277777778213,-0.05397138363859921,0.0,0.0,0.08258394386923176,-21.662087616879475,0.012089328764520915,0.0,0.0,0.0,0.0,1.0,6.026933499523766e-14,0.3333333333333333,0.0,0.6271664021909107,-0.07337832878452046,-0.015302155669669132,-0.05514245314252192,3.726914745458152,4.965928074446613
control,C:\Users\hoytb\Desktop\PRAYCGStimulus\Field of dreams\1.8prep\Fieldofdreams1_8_MediaPrep_v1_7A_20260817_210857\stimulus_control_cued_phase_scrambled_Fieldofdreams1_8_v1_7A.mp4,151.0,101.0866621826171,28.62232372741718,38.917032537842175,76.12983839111402,0.11875756647586631,0.002087527777775608,2.6246747526190224,0.0,0.0,0.06379385740146881,-23.904422734241987,-0.01879008646776295,0.0,0.0,0.0,0.0,0.8660254037844602,-0.49999999999996264,0.3333333333333333,0.0,0.9226100530827547,1.5778729370519897,1.4369271868862403,1.3813599384974835,2.594481615889203,-7.742255844150725
control,C:\Users\hoytb\Desktop\PRAYCGStimulus\Field of dreams\1.8prep\Fieldofdreams1_8_MediaPrep_v1_7A_20260817_210857\stimulus_control_cued_phase_scrambled_Fieldofdreams1_8_v1_7A.mp4,151.25,101.89454534912107,25.90392874145532,32.929512619019185,64.8745035018932,0.11830666032434048,0.01756243055555721,2.0134087204024094,0.0,0.0,0.05091102429831684,-25.86376330259794,-0.01288283310315197,0.0,1.0,0.0,0.0,0.5000000000000225,-0.8660254037844257,0.3333333333333333,0.0,0.9602077815459361,0.9698448854846596,0.8698956434131568,1.3690731527379585,1.8180643793987665,-5.311171523203336
control,C:\Users\hoytb\Desktop\PRAYCGStimulus\Field of dreams\1.8prep\Fieldofdreams1_8_MediaPrep_v1_7A_20260817_210857\stimulus_control_cued_phase_scrambled_Fieldofdreams1_8_v1_7A.mp4,151.5,101.33161034545907,25.54182333526587,26.29944898529061,53.425779946899524,0.07299333037137912,0.011092013888887739,0.45006100021599227,0.0,0.0,0.054079720916651454,-25.33931116538045,0.0031686966183346113,1.0,0.0,1.0,50.0,8.816218992587766e-15,-1.0,0.3333333333333333,0.0,0.9340095906593828,0.2965670129033435,0.29312138906361584,0.13432579943906864,2.0090340715452877,1.2947110798525518
control,C:\Users\hoytb\Desktop\PRAYCGStimulus\Field of dreams\1.8prep\Fieldofdreams1_8_MediaPrep_v1_7A_20260817_210857\stimulus_control_cued_phase_scrambled_Fieldofdreams1_8_v1_7A.mp4,151.75,100.65660797729491,24.343322380066127,27.813725416564804,56.50960524597143,0.10093228715658056,0.007945229166667496,1.1550694056096127,0.0,0.0,0.056895526180752304,-24.898437635531042,0.00281580526410085,1.0,0.0,1.0,50.0,-0.499999999999958,-0.8660254037844629,0.3333333333333333,0.0,0.9025959447233455,0.4503406220979449,0.4484811572397486,0.8956371614658849,2.1787358540758333,1.1494813791230851
control,C:\Users\hoytb\Desktop\PRAYCGStimulus\Field of dreams\1.8prep\Fieldofdreams1_8_MediaPrep_v1_7A_20260817_210857\stimulus_control_cued_phase_scrambled_Fieldofdreams1_8_v1_7A.mp4,152.0,100.03582239990236,23.070846362304678,30.190701907348597,59.40444553222654,0.09153064157962854,0.0005404166666666896,1.20821630615092,0.0,0.0,0.05284939291578584,-25.53919994174009,-0.004046133264966466,1.0,0.0,1.0,50.0,-0.8660254037844229,-0.5000000000000272,0.3333333333333333,0.0,0.8737054707781258,0.6917207601028513,0.5943200657910456,0.6394508029518143,1.934885174423026,-1.6744962192068154
control,C:\Users\hoytb\Desktop\PRAYCGStimulus\Field of dreams\1.8prep\Fieldofdreams1_8_MediaPrep_v1_7A_20260817_210857\stimulus_control_cued_phase_scrambled_Fieldofdreams1_8_v1_7A.mp4,152.25,98.87756951293946,28.104754517364505,28.544652061462397,57.31542607727048,0.09642118849754358,0.00839449999999983,1.1393650170975993,0.0,0.0,0.04957199171935009,-26.09527263025675,-0.003277401196435749,0.0,0.0,0.0,0.0,-1.0,-1.4206521850745885e-14,0.3333333333333333,0.0,0.8198020360473651,0.5245656618073898,0.4890775352446234,0.7727137935408563,1.7373641198977983,-1.3581304966850165
control,C:\Users\hoytb\Desktop\PRAYCGStimulus\Field of dreams\1.8prep\Fieldofdreams1_8_MediaPrep_v1_7A_20260817_210857\stimulus_control_cued_phase_scrambled_Fieldofdreams1_8_v1_7A.mp4,152.5,97.19322616577149,28.1231541748047,29.90947019958498,62.17271734619146,0.053517709091305446,0.025106388888888585,0.42797525695261485,0.0,0.0,0.051535736869336726,-25.757830198536624,0.001963745149986637,0.0,0.0,0.0,0.0,-0.8660254037844656,0.4999999999999533,0.3333333333333333,0.0,0.741415102848063,0.663161896060846,0.733782592217412,-0.396367306858473,1.8557142972474594,0.7988226455165033
control,C:\Users\hoytb\Desktop\PRAYCGStimulus\Field of dreams\1.8prep\Fieldofdreams1_8_MediaPrep_v1_7A_20260817_210857\stimulus_control_cued_phase_scrambled_Fieldofdreams1_8_v1_7A.mp4,152.75,98.14079849548345,28.55972908554075,34.393069165802196,70.84495863037138,0.03986973187476432,0.002517888888888755,0.6090506853720613,0.0,0.0,0.059699304709719334,-24.480614537230476,0.008163567840382607,0.0,0.0,0.0,0.0,-0.5000000000000319,0.8660254037844203,0.3333333333333333,0.0,0.7855137654132266,1.1184679293431952,1.1706806862447108,-0.7682623709268418,2.347712814326851,3.350311604085674
control,C:\Users\hoytb\Desktop\PRAYCGStimulus\Field of dreams\1.8prep\Fieldofdreams1_8_MediaPrep_v1_7A_20260817_210857\stimulus_control_cued_phase_scrambled_Fieldofdreams1_8_v1_7A.mp4,153.0,98.71193951416018,24.88576609497092,31.458166998291464,65.91574377441476,0.09021939383744898,0.0026115555555553797,1.3097853950707377,0.0,0.0,0.07126415431705752,-22.942577284151394,0.011564849607338182,0.0,0.0,0.0,0.0,-1.9596824708904003e-14,1.0,0.3333333333333333,0.0,0.8120938525158174,0.8204308671461517,0.9223521970977278,0.6037204851655017,3.0446983687201725,4.750082743801207
control,C:\Users\hoytb\Desktop\PRAYCGStimulus\Field of dreams\1.8prep\Fieldofdreams1_8_MediaPrep_v1_7A_20260817_210857\stimulus_control_cued_phase_scrambled_Fieldofdreams1_8_v1_7A.mp4,153.25,98.85427104797361,29.35676932983347,25.520197422027806,52.52682238159249,0.15105077372789055,0.0013124027777779985,1.91575359543774,0.0,0.0,0.08197029649603721,-21.726869880238013,0.010706142178979694,0.0,0.0,0.0,0.0,0.49999999999994865,0.8660254037844682,0.3333333333333333,0.0,0.818717758771004,0.21743461482948148,0.24783288358689057,2.261320696741506,3.6899317003577106,4.396688359556635
control,C:\Users\hoytb\Desktop\PRAYCGStimulus\Field of dreams\1.8prep\Fieldofdreams1_8_MediaPrep_v1_7A_20260817_210857\stimulus_control_cued_phase_scrambled_Fieldofdreams1_8_v1_7A.mp4,153.5,93.10509121704153,17.02438772888178,30.848909025574184,60.874129718018445,0.31329801452160516,0.0,5.6613014102509664,0.0,0.0,0.09353141393267504,-20.580850005713916,0.011561117436637833,0.0,0.0,0.0,0.0,0.8660254037844176,0.5000000000000365,0.3333333333333333,0.0,0.5511591424616972,0.7585611877003134,0.6683611583475779,6.682411606591849,4.386692325836866,4.7485467978864655
control,C:\Users\hoytb\Desktop\PRAYCGStimulus\Field of dreams\1.8prep\Fieldofdreams1_8_MediaPrep_v1_7A_20260817_210857\stimulus_control_cued_phase_scrambled_Fieldofdreams1_8_v1_7A.mp4,153.75,85.69289732360821,17.7316777801514,22.025865394592458,43.859396171570175,0.17617656001449072,0.0,2.0612458866504335,0.0,0.0,0.08695870360014643,-21.213738868560633,-0.006572710332528611,0.0,0.0,0.0,0.0,1.0,2.4987127567062125e-14,0.3333333333333333,0.0,0.20620622739141115,-0.13741212020876972,-0.1888226322356372,2.9459757011108234,3.9905709485145566,-2.714289421816479
control,C:\Users\hoytb\Desktop\PRAYCGStimulus\Field of dreams\1.8prep\Fieldofdreams1_8_MediaPrep_v1_7A_20260817_210857\stimulus_control_cued_phase_scrambled_Fieldofdreams1_8_v1_7A.mp4,154.0,89.92404586181638,17.101646853637696,19.689310171508744,39.42990753784169,0.07454125602245404,0.0,-0.1843010053322775,0.0,0.0,0.07837543874114034,-22.116400299873426,-0.008583264859006096,0.0,0.0,0.0,0.0,0.8660254037844426,-0.4999999999999932,0.3333333333333333,0.0,0.40311783592924816,-0.3746875095072381,-0.411975457229316,0.17650537667941468,3.4732783057755547,-3.5417175485684287
control,C:\Users\hoytb\Desktop\PRAYCGStimulus\Field of dreams\1.8prep\Fieldofdreams1_8_MediaPrep_v1_7A_20260817_210857\stimulus_control_cued_phase_scrambled_Fieldofdreams1_8_v1_7A.mp4,154.25,90.42141918640137,17.065188078308104,20.0810018737793,40.43047751922608,0.03770838714540013,0.0,-0.8735024266582823,0.0,0.0,0.08985612796186088,-20.929045994983206,0.011480689220720541,0.0,1.0,0.0,0.0,0.5000000000000412,-0.8660254037844148,0.3333333333333333,0.0,0.4262648799300519,-0.3349115178152599,-0.3615678286264055,-0.8271570645394998,4.165191716931715,4.715447189217289
control,C:\Users\hoytb\Desktop\PRAYCGStimulus\Field of dreams\1.8prep\Fieldofdreams1_8_MediaPrep_v1_7A_20260817_210857\stimulus_control_cued_phase_scrambled_Fieldofdreams1_8_v1_7A.mp4,154.5,94.7739054016114,14.840726155853236,19.950086201477056,38.749274719238265,0.11661216875314859,0.0,0.67415472886669,0.0,0.0,0.09777101176324882,-20.19579781160371,0.00791488380138794,1.0,0.0,5.0,51.0,3.0377430425220244e-14,-1.0,0.3333333333333333,0.0,0.6288233706179538,-0.34820590384299077,-0.4462649991638479,1.3228997864263587,4.642202647602936,3.2479676159825637
control,C:\Users\hoytb\Desktop\PRAYCGStimulus\Field of dreams\1.8prep\Fieldofdreams1_8_MediaPrep_v1_7A_20260817_210857\stimulus_control_cued_phase_scrambled_Fieldofdreams1_8_v1_7A.mp4,154.75,95.5031448974609,16.372013516235395,20.858174897766165,41.383569032287696,0.09493508373796943,0.0,0.3367056477665065,0.0,0.0,0.0891916263938686,-20.993518334272466,-0.008579385369380216,1.0,0.0,5.0,51.0,-0.49999999999998856,-0.8660254037844453,0.3333333333333333,0.0,0.6627611349957216,-0.25599019380932414,-0.31355211367508995,0.7322187798105941,4.125143812333937,-3.5401209746921065
control,C:\Users\hoytb\Desktop\PRAYCGStimulus\Field of dreams\1.8prep\Fieldofdreams1_8_MediaPrep_v1_7A_20260817_210857\stimulus_control_cued_phase_scrambled_Fieldofdreams1_8_v1_7A.mp4,155.0,94.28518988037105,17.554223754883008,21.765121749878336,43.82853070068412,0.09749027949571554,0.0,0.47849015094325487,0.0,0.0,0.07399209381077594,-22.61629365871993,-0.01519953258309266,1.0,0.0,5.0,51.0,-0.8660254037844122,-0.5000000000000459,0.3333333333333333,0.0,0.6060792484166571,-0.16389043717531385,-0.19037760112539498,0.801845558560086,3.2091046934833005,-6.264591231890857
control,C:\Users\hoytb\Desktop\PRAYCGStimulus\Field of dreams\1.8prep\Fieldofdreams1_8_MediaPrep_v1_7A_20260817_210857\stimulus_control_cued_phase_scrambled_Fieldofdreams1_8_v1_7A.mp4,155.25,94.80396138305662,16.748094575881826,19.490862944030578,40.34617796936019,0.09889650429189256,0.0,0.27751606167684845,0.0,0.0,0.06306217314142619,-24.00462134810153,-0.010929920669349752,0.0,0.0,0.0,0.0,-1.0,-3.576773328337836e-14,0.3333333333333333,0.0,0.6302221330577776,-0.39483967312395757,-0.3658147483622474,0.8401639153664672,2.5503847727012823,-4.507465552770081
control,C:\Users\hoytb\Desktop\PRAYCGStimulus\Field of dreams\1.8prep\Fieldofdreams1_8_MediaPrep_v1_7A_20260817_210857\stimulus_control_cued_phase_scrambled_Fieldofdreams1_8_v1_7A.mp4,155.5,94.93571641235351,16.09501066589369,21.534256176757765,43.28224774475084,0.09606527957916251,0.0,0.42707650395811986,0.0,0.0,0.060353769934819584,-24.385911939273797,-0.002708403206606605,0.0,0.0,0.0,0.0,-0.8660254037844479,0.4999999999999839,0.3333333333333333,0.0,0.6363538239018879,-0.18733465890678322,-0.21789874294166744,0.7630155966649551,2.3871558527783154,-1.123963785635996
control,C:\Users\hoytb\Desktop\PRAYCGStimulus\Field of dreams\1.8prep\Fieldofdreams1_8_MediaPrep_v1_7A_20260817_210857\stimulus_control_cued_phase_scrambled_Fieldofdreams1_8_v1_7A.mp4,155.75,96.21513348999018,13.732360258102478,16.45402457122825,33.41339051818892,0.09173872900903245,0.0,-0.16958169989810457,0.0,0.0,0.05787457140805437,-24.750244242718477,-0.0024791985267652167,0.0,0.0,0.0,0.0,-0.5000000000000505,0.8660254037844095,0.3333333333333333,0.0,0.6958960669768389,-0.7032282787192569,-0.7150810480947658,0.6451209976379689,2.237740545333926,-1.0296363767612862
control,C:\Users\hoytb\Desktop\PRAYCGStimulus\Field of dreams\1.8prep\Fieldofdreams1_8_MediaPrep_v1_7A_20260817_210857\stimulus_control_cued_phase_scrambled_Fieldofdreams1_8_v1_7A.mp4,156.0,97.17354709472657,14.782624128723148,17.073002203369146,34.984842126464876,0.047255057930946136,0.0,-0.9872616652672219,0.0,0.0,0.05676156162734143,-24.918913294156688,-0.0011130097807129369,0.0,0.0,0.0,0.0,-4.115803614153648e-14,1.0,0.3333333333333333,0.0,0.7404992669942769,-0.6403715753200351,-0.6359130233576838,-0.5670188999529354,2.170662133993137,-0.46739199092204853
control,C:\Users\hoytb\Desktop\PRAYCGStimulus\Field of dreams\1.8prep\Fieldofdreams1_8_MediaPrep_v1_7A_20260817_210857\stimulus_control_cued_phase_scrambled_Fieldofdreams1_8_v1_7A.mp4,156.25,90.7139720916748,14.264862537384033,18.910574913024902,36.24724578857422,0.18542534951120615,0.0,1.93080064796709,0.0,0.0,0.0538588682569586,-25.374855534081533,-0.0029026933703828334,0.0,0.0,0.0,0.0,0.4999999999999792,0.8660254037844506,0.3333333333333333,0.0,0.43987987421342584,-0.45376747722712657,-0.5723144983864301,3.197996869366228,1.9957238151492525,-1.2039223961300618
control,C:\Users\hoytb\Desktop\PRAYCGStimulus\Field of dreams\1.8prep\Fieldofdreams1_8_MediaPrep_v1_7A_20260817_210857\stimulus_control_cued_phase_scrambled_Fieldofdreams1_8_v1_7A.mp4,156.5,73.15447760620118,14.617408116912893,20.562687011718555,38.49924741516086,0.3707216514348908,0.0,5.762424053375395,1.0,0.0,0.044072577135001526,-27.116631069120714,-0.009786291121957072,0.0,0.0,0.0,0.0,0.8660254037844068,0.5000000000000552,0.3333333333333333,0.0,-0.37731391442869033,-0.2859967618126245,-0.4588611031036073,8.247153896974815,1.4059276850929079,-4.036813679550217
control,C:\Users\hoytb\Desktop\PRAYCGStimulus\Field of dreams\1.8prep\Fieldofdreams1_8_MediaPrep_v1_7A_20260817_210857\stimulus_control_cued_phase_scrambled_Fieldofdreams1_8_v1_7A.mp4,156.75,73.58984479370119,15.135290087890716,15.224324306869441,31.91350346832258,0.09787814259529393,0.0,-0.17184375194263302,0.0,0.0,0.03716760329087931,-28.596708859156603,-0.006904973844122218,0.0,0.0,0.0,0.0,1.0,4.65483389996946e-14,0.3333333333333333,0.0,-0.3570525474686154,-0.8281033966122919,-0.7906437281297689,0.8124144780401567,0.98978158841015,-2.8510298938431657
control,C:\Users\hoytb\Desktop\PRAYCGStimulus\Field of dreams\1.8prep\Fieldofdreams1_8_MediaPrep_v1_7A_20260817_210857\stimulus_control_cued_phase_scrambled_Fieldofdreams1_8_v1_7A.mp4,157.0,72.09911707763686,15.562192990112202,19.354654071044557,39.311151751708366,0.10737857043742857,0.0,0.4316005527729544,0.0,0.0,0.05203525125385058,-25.67404688168515,0.01486764796297127,0.0,0.0,0.0,0.0,0.8660254037844534,-0.4999999999999745,0.3333333333333333,0.0,-0.42642888578702226,-0.4086715796179159,-0.4179582447136786,1.071292564145506,1.8858188227742687,6.109323799167585
control,C:\Users\hoytb\Desktop\PRAYCGStimulus\Field of dreams\1.8prep\Fieldofdreams1_8_MediaPrep_v1_7A_20260817_210857\stimulus_control_cued_phase_scrambled_Fieldofdreams1_8_v1_7A.mp4,157.25,68.34036366577163,13.060464529037574,18.045583606338706,35.93960684967078,0.12327761964201936,0.0,0.6144130945984094,0.0,0.0,0.060191193650004374,-24.409340881999192,0.008155942396153797,0.0,1.0,0.0,0.0,0.5000000000000107,-0.8660254037844325,0.3333333333333333,0.0,-0.6013558999874984,-0.5416066804293891,-0.5878130138971414,1.5045273086614368,2.3773577727469735,3.347173411636375
control,C:\Users\hoytb\Desktop\PRAYCGStimulus\Field of dreams\1.8prep\Fieldofdreams1_8_MediaPrep_v1_7A_20260817_210857\stimulus_control_cued_phase_scrambled_Fieldofdreams1_8_v1_7A.mp4,157.5,66.52980767822257,11.956176349639831,14.978914489746119,30.846703407287553,0.1147764598727241,0.0,0.1377403236396694,0.0,0.0,0.05085044162382557,-25.874105419468997,-0.009340752026178803,1.0,0.0,7.0,52.0,5.193864185785272e-14,-1.0,0.3333333333333333,0.0,-0.6856165891683795,-0.8530245751576688,-0.8443879561904719,1.2728783758638522,1.8144132079265378,-3.8534555191224804
control,C:\Users\hoytb\Desktop\PRAYCGStimulus\Field of dreams\1.8prep\Fieldofdreams1_8_MediaPrep_v1_7A_20260817_210857\stimulus_control_cued_phase_scrambled_Fieldofdreams1_8_v1_7A.mp4,157.75,69.32955425415028,13.750966753005923,15.28263932762141,32.129205982208205,0.10702783386707199,0.0,0.015016467061403027,0.0,0.0,0.05318977074329539,-25.483437630964602,0.002339329119469817,1.0,0.0,7.0,52.0,-0.49999999999996986,-0.866025403784456,0.3333333333333333,0.0,-0.555320383117978,-0.8221815510191839,-0.779776869828047,1.061735309086068,1.9553989240060214,0.9533913161070987
control,C:\Users\hoytb\Desktop\PRAYCGStimulus\Field of dreams\1.8prep\Fieldofdreams1_8_MediaPrep_v1_7A_20260817_210857\stimulus_control_cued_phase_scrambled_Fieldofdreams1_8_v1_7A.mp4,158.0,72.80520223388669,16.872009970092726,17.25932553405759,34.26089820556638,0.12542119483947756,0.0,0.5777181931841879,0.0,0.0,0.04629188527819325,-26.689902636373276,-0.006897885465102137,1.0,0.0,7.0,52.0,-0.8660254037844298,-0.5000000000000153,0.3333333333333333,0.0,-0.39356869129696465,-0.6214505841156666,-0.6723845315709281,1.5629377985637725,1.539680026806941,-2.848112726416441
control,C:\Users\hoytb\Desktop\PRAYCGStimulus\Field of dreams\1.8prep\Fieldofdreams1_8_MediaPrep_v1_7A_20260817_210857\stimulus_control_cued_phase_scrambled_Fieldofdreams1_8_v1_7A.mp4,158.25,74.57352753601074,16.862236117553707,17.136833592224118,34.84882605895996,0.0642036056309936,0.0,-0.645574194341182,0.0,0.0,0.038516587419543204,-28.287043968894427,-0.007775297858650047,0.0,0.0,0.0,0.0,-1.0,-5.732894471601083e-14,0.3333333333333333,0.0,-0.31127335788688704,-0.6338895467805868,-0.6427653650652874,-0.10518626843771527,1.0710816037763684,-3.2092049940577696
control,C:\Users\hoytb\Desktop\PRAYCGStimulus\Field of dreams\1.8prep\Fieldofdreams1_8_MediaPrep_v1_7A_20260817_210857\stimulus_control_cued_phase_scrambled_Fieldofdreams1_8_v1_7A.mp4,158.5,74.12256032104487,17.852330007171584,18.617768782043473,36.30299334106451,0.10557250245809476,0.0,0.32174309559673625,0.0,0.0,0.04116487883700867,-27.709463170486693,0.002648291417465469,0.0,0.0,0.0,0.0,-0.8660254037844587,0.4999999999999652,0.3333333333333333,0.0,-0.33226072783971883,-0.4835017150620471,-0.5695059972583395,1.022078841391622,1.2306877313498759,1.0805423543410189
control,C:\Users\hoytb\Desktop\PRAYCGStimulus\Field of dreams\1.8prep\Fieldofdreams1_8_MediaPrep_v1_7A_20260817_210857\stimulus_control_cued_phase_scrambled_Fieldofdreams1_8_v1_7A.mp4,158.75,71.23516017150878,15.176038539886461,18.823884098052968,37.7214762420654,0.07747493767738364,0.0,-0.21333082137747258,0.0,0.0,0.039365981028193324,-28.097578422985457,-0.0017988978088153487,0.0,0.0,0.0,0.0,-0.50000000000002,0.8660254037844272,0.3333333333333333,0.0,-0.46663620598786254,-0.46257086294121214,-0.49804436980245537,0.2564455546051181,1.122272505113079,-0.7496638909280007
control,C:\Users\hoytb\Desktop\PRAYCGStimulus\Field of dreams\1.8prep\Fieldofdreams1_8_MediaPrep_v1_7A_20260817_210857\stimulus_control_cued_phase_scrambled_Fieldofdreams1_8_v1_7A.mp4,159.0,69.79987730712897,12.825387832641722,15.461375807190278,30.560770401001587,0.09415539115667564,0.0,-0.2216375305491594,0.0,0.0,0.03474582154774884,-29.18194830345225,-0.0046201594804444815,0.0,0.0,0.0,0.0,-6.271924757416895e-14,1.0,0.3333333333333333,0.0,-0.5334322201149181,-0.8040309987221277,-0.858792950398108,0.710972860516235,0.8438266518423309,-1.9107322575358183
control,C:\Users\hoytb\Desktop\PRAYCGStimulus\Field of dreams\1.8prep\Fieldofdreams1_8_MediaPrep_v1_7A_20260817_210857\stimulus_control_cued_phase_scrambled_Fieldofdreams1_8_v1_7A.mp4,159.25,68.78091377258306,12.445940499114945,14.747766005706625,31.48608479537912,0.07400670191943692,0.0,-0.6919962057401527,0.0,0.0,0.035328784043521355,-29.03742619941651,0.0005829624957725127,0.0,0.0,0.0,0.0,0.49999999999996053,0.8660254037844615,0.3333333333333333,0.0,-0.5808533273667575,-0.8764975262757845,-0.812176616507924,0.16193925972044002,0.8789603934907049,0.23057224992556716
control,C:\Users\hoytb\Desktop\PRAYCGStimulus\Field of dreams\1.8prep\Fieldofdreams1_8_MediaPrep_v1_7A_20260817_210857\stimulus_control_cued_phase_scrambled_Fieldofdreams1_8_v1_7A.mp4,159.5,67.59580403442388,11.861030574035691,14.92624898223881,31.15546663055438,0.06654489079713848,0.0,-0.8216458347276525,0.0,0.0,0.03747832216530474,-28.524397197854793,0.0021495381217833814,0.0,0.0,0.0,0.0,0.8660254037844245,0.5000000000000246,0.3333333333333333,0.0,-0.6360066415856919,-0.8583727170175072,-0.8288328004550007,-0.04138836028979717,1.0085078645231105,0.8752843025334832
control,C:\Users\hoytb\Desktop\PRAYCGStimulus\Field of dreams\1.8prep\Fieldofdreams1_8_MediaPrep_v1_7A_20260817_210857\stimulus_control_cued_phase_scrambled_Fieldofdreams1_8_v1_7A.mp4,159.75,72.24237266540524,14.63418091201768,17.2583200241089,34.94989162445071,0.19035359543562047,0.0,1.862070868691096,0.0,0.0,0.041851792522058145,-27.565718726555982,0.004373470356753409,0.0,0.0,0.0,0.0,1.0,1.126613157151906e-14,0.3333333333333333,0.0,-0.4197619753808348,-0.6215526928790983,-0.6376737916775348,3.332287123865146,1.2720863601129144,1.7905263708142578
control,C:\Users\hoytb\Desktop\PRAYCGStimulus\Field of dreams\1.8prep\Fieldofdreams1_8_MediaPrep_v1_7A_20260817_210857\stimulus_control_cued_phase_scrambled_Fieldofdreams1_8_v1_7A.mp4,160.0,73.07163812255861,18.938522369384792,18.332971725463796,37.24740780639633,0.1522670910358429,0.0,1.2167767818179749,0.0,0.0,0.04689230616472702,-26.57796816227529,0.005040513642668873,0.0,0.0,0.0,0.0,0.8660254037844641,-0.49999999999995587,0.3333333333333333,0.0,-0.3811691456566185,-0.512422637539461,-0.5219274225445591,2.294464245854423,1.575865943500966,2.065042863283868
control,C:\Users\hoytb\Desktop\PRAYCGStimulus\Field of dreams\1.8prep\Fieldofdreams1_8_MediaPrep_v1_7A_20260817_210857\stimulus_control_cued_phase_scrambled_Fieldofdreams1_8_v1_7A.mp4,160.25,72.54377514953613,18.16891017837526,23.628660977935795,48.70759712371827,0.16182635421752947,0.0,1.9386204805166676,0.0,0.0,0.04329735504781446,-27.270772660826278,-0.003594951116912555,0.0,1.0,0.0,0.0,0.5000000000000293,-0.8660254037844217,0.3333333333333333,0.0,-0.40573513433954933,0.025350540928655685,0.055424464454217164,2.554945541873226,1.3592069222156131,-1.4888157043678416
control,C:\Users\hoytb\Desktop\PRAYCGStimulus\Field of dreams\1.8prep\Fieldofdreams1_8_MediaPrep_v1_7A_20260817_210857\stimulus_control_cued_phase_scrambled_Fieldofdreams1_8_v1_7A.mp4,160.5,73.25785962524415,16.88127554855336,21.857501762390058,44.44792617797831,0.17156914010047897,0.0,1.9531672305722858,0.0,0.0,0.03416840665276036,-29.327505456283266,-0.009128948395054105,1.0,0.0,10.0,53.0,1.665643442967718e-14,-1.0,0.3333333333333333,0.0,-0.372502662949379,-0.1545093178182513,-0.15917312991532634,2.820427665902018,0.8090272506946371,-3.7662893769299512
control,C:\Users\hoytb\Desktop\PRAYCGStimulus\Field of dreams\1.8prep\Fieldofdreams1_8_MediaPrep_v1_7A_20260817_210857\stimulus_control_cued_phase_scrambled_Fieldofdreams1_8_v1_7A.mp4,160.75,80.4439837463373,13.422339614105384,17.75365817031885,37.30483649902378,0.22637105707525712,0.0,2.6243778878488575,0.0,0.0,0.0327217487034023,-29.703269899293737,-0.0014466579493580614,1.0,0.0,10.0,53.0,-0.4999999999999512,-0.8660254037844668,0.3333333333333333,0.0,-0.038070712130596096,-0.5712514843670081,-0.5190342274028162,4.313730453637012,0.7218406700571298,-0.6047023078224967
control,C:\Users\hoytb\Desktop\PRAYCGStimulus\Field of dreams\1.8prep\Fieldofdreams1_8_MediaPrep_v1_7A_20260817_210857\stimulus_control_cued_phase_scrambled_Fieldofdreams1_8_v1_7A.mp4,161.0,81.63174176025392,13.956218347167999,15.205088902282663,31.197628784179603,0.04493056247830391,0.0011315555555556456,-1.221156134730725,0.0,0.0,0.03717444181602983,-28.595110875812857,0.004452693112627533,1.0,0.0,10.0,53.0,-0.8660254037844191,-0.500000000000034,0.3333333333333333,0.0,0.017205849058880476,-0.8300567371824402,-0.8267087169620114,-0.6303593035578954,0.9901937298045564,1.8231298817490742
control,C:\Users\hoytb\Desktop\PRAYCGStimulus\Field of dreams\1.8prep\Fieldofdreams1_8_MediaPrep_v1_7A_20260817_210857\stimulus_control_cued_phase_scrambled_Fieldofdreams1_8_v1_7A.mp4,161.25,81.39662266540529,13.380464115142875,15.715826536178628,32.02603680801398,0.04144639686495158,5.100694444443091e-05,-1.2386974363133927,0.0,0.0,0.05510985606950333,-25.175414464254807,0.017935414253473503,0.0,0.0,0.0,0.0,-1.0,-2.20467372878353e-14,0.3333333333333333,0.0,0.006263742265293433,-0.778191722516916,-0.7849744207368362,-0.7252996726282696,2.071117829223809,7.371839230425383
control,C:\Users\hoytb\Desktop\PRAYCGStimulus\Field of dreams\1.8prep\Fieldofdreams1_8_MediaPrep_v1_7A_20260817_210857\stimulus_control_cued_phase_scrambled_Fieldofdreams1_8_v1_7A.mp4,161.5,80.95583439941409,13.098556343078574,15.013192388153096,30.908532608032264,0.03062751463651646,0.00018144444444444886,-1.5233953068964372,0.0,0.0,0.06709089266705191,-23.46672859288059,0.01198103659754858,0.0,0.0,0.0,0.0,-0.8660254037844695,0.49999999999994654,0.3333333333333333,0.0,-0.014249913943450406,-0.8495436808871218,-0.8412730682306693,-1.020104451069401,2.79318596834171,4.921361272760903
control,C:\Users\hoytb\Desktop\PRAYCGStimulus\Field of dreams\1.8prep\Fieldofdreams1_8_MediaPrep_v1_7A_20260817_210857\stimulus_control_cued_phase_scrambled_Fieldofdreams1_8_v1_7A.mp4,161.75,80.57841518859864,13.29951519851686,14.301781594467181,29.71788824920657,0.03567564069181667,0.0001864861111111085,-1.4951044632457695,0.0,0.0,0.0639462114238499,-23.883703615112847,-0.0031446812432020105,0.0,0.0,0.0,0.0,-0.5000000000000386,0.8660254037844164,0.3333333333333333,0.0,-0.031814464850524735,-0.9217869008869386,-0.9012564374646691,-0.8825475711761867,2.6036636248524627,-1.3035106289616587
control,C:\Users\hoytb\Desktop\PRAYCGStimulus\Field of dreams\1.8prep\Fieldofdreams1_8_MediaPrep_v1_7A_20260817_210857\stimulus_control_cued_phase_scrambled_Fieldofdreams1_8_v1_7A.mp4,162.0,80.49598253173828,13.373148150634764,14.748754583740228,30.453755978393545,0.033000881451368376,0.00026852777777777736,-1.5030493173548969,0.0,0.0,0.07254814157784126,-22.787474162772106,0.008601930153991355,0.0,0.0,0.0,0.0,-2.743704014599342e-14,1.0,0.3333333333333333,0.0,-0.03565076294118347,-0.8763971369353325,-0.8641842207443535,-0.9554323469426924,3.12208117983978,3.5307162154559584
control,C:\Users\hoytb\Desktop\PRAYCGStimulus\Field of dreams\1.8prep\Fieldofdreams1_8_MediaPrep_v1_7A_20260817_210857\stimulus_control_cued_phase_scrambled_Fieldofdreams1_8_v1_7A.mp4,162.25,80.52962448425293,12.997329116439813,15.655947262954705,32.012260192108144,0.009245163559913849,0.0,-1.8817068077588919,0.0,0.0,0.08232856306902363,-21.68898929050773,0.00978042149118237,0.0,0.0,0.0,0.0,0.4999999999999911,0.8660254037844438,0.3333333333333333,0.0,-0.034085114530546495,-0.7842724167477868,-0.7856684716787057,-1.6027542238084556,3.7115235614256736,4.015715187970162
control,C:\Users\hoytb\Desktop\PRAYCGStimulus\Field of dreams\1.8prep\Fieldofdreams1_8_MediaPrep_v1_7A_20260817_210857\stimulus_control_cued_phase_scrambled_Fieldofdreams1_8_v1_7A.mp4,162.5,80.40996261596679,12.599770507812497,14.865283412933351,30.4171150970459,0.039356938153505217,5.347222222222156e-05,-1.3655947746769526,0.0,0.0,0.07648631343646324,-22.32832542251398,-0.005842249632560387,0.0,0.0,0.0,0.0,0.8660254037844136,0.5000000000000433,0.3333333333333333,0.0,-0.03965400693696764,-0.8645637237815863,-0.8660301485385292,-0.7822355371181203,3.3594252862807448,-2.413673984293604
control,C:\Users\hoytb\Desktop\PRAYCGStimulus\Field of dreams\1.8prep\Fieldofdreams1_8_MediaPrep_v1_7A_20260817_210857\stimulus_control_cued_phase_scrambled_Fieldofdreams1_8_v1_7A.mp4,162.75,80.6464012786865,12.930625403213556,14.381131604003944,28.998660890960743,0.06306851663291622,0.00014126388888891113,-0.9452523727048633,0.0,0.0,0.08036013242535478,-21.899187124889966,0.003873818988891539,0.0,0.0,0.0,0.0,1.0,3.282734300415154e-14,0.3333333333333333,0.0,-0.02865048933973649,-0.9137289683297855,-0.937490330375734,-0.13611641940189384,3.5928910006881964,1.5848987243642394
control,C:\Users\hoytb\Desktop\PRAYCGStimulus\Field of dreams\1.8prep\Fieldofdreams1_8_MediaPrep_v1_7A_20260817_210857\stimulus_control_cued_phase_scrambled_Fieldofdreams1_8_v1_7A.mp4,163.0,80.90253194580077,12.830827769470186,14.111694303894048,29.22611508789056,0.028899356907608947,0.00013938888888887215,-1.6482716916458413,0.0,0.0,0.09295435789263036,-20.634604895724177,0.01259422546727558,0.0,0.0,0.0,0.0,0.8660254037844465,-0.4999999999999864,0.3333333333333333,0.0,-0.016730533989102517,-0.9410901193282754,-0.9260314350497441,-1.067195189800513,4.351914552009928,5.173714397802617
control,C:\Users\hoytb\Desktop\PRAYCGStimulus\Field of dreams\1.8prep\Fieldofdreams1_8_MediaPrep_v1_7A_20260817_210857\stimulus_control_cued_phase_scrambled_Fieldofdreams1_8_v1_7A.mp4,163.25,80.93766137084961,12.431466680908242,15.448462583160307,32.12556442871076,0.02888240444138545,0.00021152083333333434,-1.5141277057534444,0.0,0.0,0.10504906763581895,-19.572155956446927,0.01209470974318859,0.0,1.0,0.0,0.0,0.500000000000048,-0.866025403784411,0.3333333333333333,0.0,-0.015095660731661836,-0.8053423267098163,-0.7799603273369189,-1.0676571292082564,5.080833497072013,4.968142574496451
control,C:\Users\hoytb\Desktop\PRAYCGStimulus\Field of dreams\1.8prep\Fieldofdreams1_8_MediaPrep_v1_7A_20260817_210857\stimulus_control_cued_phase_scrambled_Fieldofdreams1_8_v1_7A.mp4,163.5,80.89876473999023,13.941899454498342,14.127278820800775,29.31690109710692,0.08806273135542948,0.0,-0.4763694714620731,0.0,0.0,0.10939440307828405,-19.22009794286026,0.004345335442465098,1.0,0.0,6.0,54.0,3.8217645862309657e-14,-1.0,0.3333333333333333,0.0,-0.01690585436586293,-0.9395075235995118,-0.9214577345389742,0.5449533785680188,5.342716369329144,1.7789476649799574
control,C:\Users\hoytb\Desktop\PRAYCGStimulus\Field of dreams\1.8prep\Fieldofdreams1_8_MediaPrep_v1_7A_20260817_210857\stimulus_control_cued_phase_scrambled_Fieldofdreams1_8_v1_7A.mp4,163.75,80.9619222869873,12.651122177124023,14.21439220809937,29.405606887817406,0.05877757007628776,0.0,-1.0469073438046854,0.0,0.0,0.097768704489889,-20.196002790133427,-0.011625698588395045,1.0,0.0,6.0,54.0,-0.49999999999998174,-0.8660254037844491,0.3333333333333333,0.0,-0.013966592352678012,-0.9306612259900323,-0.9169888331764978,-0.25304084118779974,4.64206359381007,-4.793807560713363
control,C:\Users\hoytb\Desktop\PRAYCGStimulus\Field of dreams\1.8prep\Fieldofdreams1_8_MediaPrep_v1_7A_20260817_210857\stimulus_control_cued_phase_scrambled_Fieldofdreams1_8_v1_7A.mp4,164.0,81.01476098632813,12.85490847930908,14.329811886596676,29.129524398803706,0.03847003414034828,0.0,-1.4370075902936639,0.0,0.0,0.07646316210628416,-22.33095491698893,-0.02130554238360484,1.0,0.0,6.0,54.0,-0.8660254037844083,-0.5000000000000526,0.3333333333333333,0.0,-0.011507554768368785,-0.9189404462380311,-0.9308975690259529,-0.8064028711898491,3.358030011525977,-8.777472222996579
control,C:\Users\hoytb\Desktop\PRAYCGStimulus\Field of dreams\1.8prep\Fieldofdreams1_8_MediaPrep_v1_7A_20260817_210857\stimulus_control_cued_phase_scrambled_Fieldofdreams1_8_v1_7A.mp4,164.25,81.13426012573242,12.800379506301873,15.092761516571052,31.157273620605498,0.0409624412290748,0.0,-1.3109513029344082,0.0,0.0,0.08639392581392616,-21.270335816577965,0.009930763707641996,0.0,0.0,0.0,0.0,-1.0,-4.3607948720467776e-14,0.3333333333333333,0.0,-0.00594623553164156,-0.8414634969757853,-0.8287417662594115,-0.738487027014567,3.9565331553911602,4.077587361491798
control,C:\Users\hoytb\Desktop\PRAYCGStimulus\Field of dreams\1.8prep\Fieldofdreams1_8_MediaPrep_v1_7A_20260817_210857\stimulus_control_cued_phase_scrambled_Fieldofdreams1_8_v1_7A.mp4,164.5,81.24273253173828,13.081677349853534,16.375697550201455,33.545322595214905,0.05200944234281864,0.0,-0.9633623603625401,0.0,0.0,0.1342688459212552,-17.440494878956855,0.04787492010732905,0.0,0.0,0.0,0.0,-0.8660254037844518,0.4999999999999771,0.3333333333333333,0.0,-0.000898084714977382,-0.7111823275784975,-0.7084344533904803,-0.4374662147890101,6.841838962685864,19.69321073181756
control,C:\Users\hoytb\Desktop\PRAYCGStimulus\Field of dreams\1.8prep\Fieldofdreams1_8_MediaPrep_v1_7A_20260817_210857\stimulus_control_cued_phase_scrambled_Fieldofdreams1_8_v1_7A.mp4,164.75,81.73825506896969,13.154946208953913,15.06843971443175,32.400576222229134,0.04878911542594512,0.0,-1.1585755063464154,0.0,0.0,0.1313495939234732,-17.631425310490556,-0.0029192519977820075,0.0,0.0,0.0,0.0,-0.5000000000000573,0.8660254037844056,0.3333333333333333,0.0,0.022162826286343338,-0.8439333573129301,-0.7661055319632719,-0.5252172174519006,6.665902695361051,-1.2107369708506424
control,C:\Users\hoytb\Desktop\PRAYCGStimulus\Field of dreams\1.8prep\Fieldofdreams1_8_MediaPrep_v1_7A_20260817_210857\stimulus_control_cued_phase_scrambled_Fieldofdreams1_8_v1_7A.mp4,165.0,82.05641333007814,12.594510253906229,15.042926429748592,30.61419119262706,0.04011542135477059,0.0,-1.3327199685678293,0.0,0.0,0.09542484279320548,-20.40677093696482,-0.03592475113026772,0.0,0.0,0.0,0.0,-4.8998251578625895e-14,1.0,0.3333333333333333,0.0,0.036969457251607704,-0.846524211787788,-0.8561016689545007,-0.7615675542915153,4.500804710249003,-14.793894234211526
control,C:\Users\hoytb\Desktop\PRAYCGStimulus\Field of dreams\1.8prep\Fieldofdreams1_8_MediaPrep_v1_7A_20260817_210857\stimulus_control_cued_phase_scrambled_Fieldofdreams1_8_v1_7A.mp4,165.25,81.90498151855469,13.245480943298286,14.192631420898467,28.912430876922674,0.04467091403305481,0.0,-1.328145900926236,0.0,0.0,0.0965983608765015,-20.30060485634765,0.0011735180832960213,0.0,0.0,0.0,0.0,0.4999999999999724,0.8660254037844546,0.3333333333333333,0.0,0.029922037072048328,-0.9328710172260901,-0.9418345047992368,-0.6374344894003905,4.571529810846738,0.47361082316117137
control,C:\Users\hoytb\Desktop\PRAYCGStimulus\Field of dreams\1.8prep\Fieldofdreams1_8_MediaPrep_v1_7A_20260817_210857\stimulus_control_cued_phase_scrambled_Fieldofdreams1_8_v1_7A.mp4,165.5,81.50345060424807,13.756315502929693,15.964133617400998,33.242329179382025,0.03491428972035737,0.0,-1.342931890507524,0.0,0.0,0.10715983958430778,-19.399358903752834,0.010561478707806271,0.0,0.0,0.0,0.0,0.8660254037844313,0.5000000000000128,0.3333333333333333,0.0,0.011235361929400651,-0.7529763290263025,-0.7236989324959788,-0.9032936981528793,5.208044624468071,4.337153229627991
control,C:\Users\hoytb\Desktop\PRAYCGStimulus\Field of dreams\1.8prep\Fieldofdreams1_8_MediaPrep_v1_7A_20260817_210857\stimulus_control_cued_phase_scrambled_Fieldofdreams1_8_v1_7A.mp4,165.75,81.00101079406738,14.921418833160372,16.19433986282351,33.162444996643146,0.03890262908115951,0.0,-1.2408781276055934,0.0,0.0,0.09911896882502275,-20.076864494927527,-0.00804087075928503,0.0,0.0,0.0,0.0,1.0,5.4388554436784013e-14,0.3333333333333333,0.0,-0.012147469073271504,-0.7295990615164524,-0.7277234108329934,-0.7946150493994038,4.723440764128269,-3.3184994622229658
control,C:\Users\hoytb\Desktop\PRAYCGStimulus\Field of dreams\1.8prep\Fieldofdreams1_8_MediaPrep_v1_7A_20260817_210857\stimulus_control_cued_phase_scrambled_Fieldofdreams1_8_v1_7A.mp4,166.0,80.61587843017578,13.283790939331052,16.014910208129887,32.37013668823243,0.06657925753593436,0.0,-0.7114463344124815,0.0,0.0,0.09455956418289152,-20.485890761609866,-0.004559404642131226,0.0,0.0,0.0,0.0,0.8660254037844572,-0.49999999999996775,0.3333333333333333,0.0,-0.030070979105843026,-0.7478200052153269,-0.7676390426152991,-0.04045189766800847,4.44865645822749,-1.8857290748841502
control,C:\Users\hoytb\Desktop\PRAYCGStimulus\Field of dreams\1.8prep\Fieldofdreams1_8_MediaPrep_v1_7A_20260817_210857\stimulus_control_cued_phase_scrambled_Fieldofdreams1_8_v1_7A.mp4,166.25,80.48533512878417,15.935015689849804,13.312900621414169,27.958291187286342,0.15145076796412457,0.0,0.695607960688977,0.0,0.0,0.09976584458947513,-20.020362329515507,0.005206280406583608,0.0,1.0,0.0,0.0,0.5000000000000174,-0.8660254037844286,0.3333333333333333,0.0,-0.03614627786426188,-1.0222070046075495,-0.9899030257476057,2.272220178749062,4.762426404116563,2.133262889718072
control,C:\Users\hoytb\Desktop\PRAYCGStimulus\Field of dreams\1.8prep\Fieldofdreams1_8_MediaPrep_v1_7A_20260817_210857\stimulus_control_cued_phase_scrambled_Fieldofdreams1_8_v1_7A.mp4,166.5,80.41034055786132,14.10605236892697,14.097184938049237,29.490302685546705,0.10754893818497856,0.0,-0.09393246190603677,0.0,0.0,0.1099693781826277,-19.174564612706927,0.01020353359315257,1.0,0.0,9.0,55.0,5.977885729494213e-14,-1.0,0.3333333333333333,0.0,-0.039636418061107306,-0.9425635342920176,-0.9127219509037968,1.0759349315370264,5.37736873018726,4.18984369298149
control,C:\Users\hoytb\Desktop\PRAYCGStimulus\Field of dreams\1.8prep\Fieldofdreams1_8_MediaPrep_v1_7A_20260817_210857\stimulus_control_cued_phase_scrambled_Fieldofdreams1_8_v1_7A.mp4,166.75,80.41479933776859,14.193713606262325,16.379659655761717,33.43445485839857,0.045794861905277456,0.0,-1.0858968766274275,0.0,0.0,0.1119041864820349,-19.023073312780593,0.0019348082994072036,1.0,0.0,9.0,55.0,-0.4999999999999631,-0.8660254037844599,0.3333333333333333,0.0,-0.039428912813837494,-0.7107799788002769,-0.7140198495201452,-0.606807924062697,5.493974953440821,0.7869139090193188
control,C:\Users\hoytb\Desktop\PRAYCGStimulus\Field of dreams\1.8prep\Fieldofdreams1_8_MediaPrep_v1_7A_20260817_210857\stimulus_control_cued_phase_scrambled_Fieldofdreams1_8_v1_7A.mp4,167.0,58.04862869873236,17.346517468261403,27.896621694945313,51.26318829345547,0.4973040649532887,0.00038811111111107825,9.004197734037884,1.0,1.0,0.10463246696642327,-19.60667070001491,-0.007271719515611633,1.0,0.0,9.0,55.0,-0.8660254037844259,-0.5000000000000221,0.3333333333333333,0.0,-1.0803185430392652,0.4587586755339646,0.18417237108914664,11.696410445285784,5.0557259809020545,-3.001961231421227
control,C:\Users\hoytb\Desktop\PRAYCGStimulus\Field of dreams\1.8prep\Fieldofdreams1_8_MediaPrep_v1_7A_20260817_210857\stimulus_control_cued_phase_scrambled_Fieldofdreams1_8_v1_7A.mp4,167.25,53.57104032745356,20.193721617126368,19.88840498199518,38.7354205993661,0.19786455921532808,0.0030829861111109805,2.2752356658367354,0.0,0.0,0.0985679170352336,-20.125288419530214,-0.0060645499311896695,0.0,0.0,0.0,0.0,-1.0,-6.516916015310025e-14,0.3333333333333333,0.0,-1.2886991093552385,-0.35446958433313175,-0.44696295467133773,3.5369541094374943,4.690230203658731,-2.5051599486128544
control,C:\Users\hoytb\Desktop\PRAYCGStimulus\Field of dreams\1.8prep\Fieldofdreams1_8_MediaPrep_v1_7A_20260817_210857\stimulus_control_cued_phase_scrambled_Fieldofdreams1_8_v1_7A.mp4,167.5,63.14379330444308,16.852490318298372,22.365147529602115,45.987214447021614,0.17459847444295748,0.003729513888889005,2.0641610383200275,0.0,0.0,0.09542753652262148,-20.406525748128214,-0.0031403805126121176,0.0,0.0,0.0,0.0,-0.8660254037844627,0.4999999999999584,0.3333333333333333,0.0,-0.8431968610147356,-0.10295827984107397,-0.08162545926524767,2.902974293252417,4.500967054815006,-1.3017406966326437
control,C:\Users\hoytb\Desktop\PRAYCGStimulus\Field of dreams\1.8prep\Fieldofdreams1_8_MediaPrep_v1_7A_20260817_210857\stimulus_control_cued_phase_scrambled_Fieldofdreams1_8_v1_7A.mp4,167.75,71.79382290649407,18.11601431579582,19.194016192627014,39.50184000396741,0.20234332572817823,0.0029311597222221424,2.293976199518859,0.0,0.0,0.08869735382299532,-21.041786732289843,-0.006730182699626164,0.0,0.0,0.0,0.0,-0.5000000000000268,0.8660254037844233,0.3333333333333333,0.0,-0.44063684038235085,-0.4249842328610517,-0.4083515777362098,3.6589964555534413,4.095355198255208,-2.7790959535502915
control,C:\Users\hoytb\Desktop\PRAYCGStimulus\Field of dreams\1.8prep\Fieldofdreams1_8_MediaPrep_v1_7A_20260817_210857\stimulus_control_cued_phase_scrambled_Fieldofdreams1_8_v1_7A.mp4,168.0,75.85953458251953,20.526055789184568,22.128352413940448,44.77731765747074,0.14050285068750362,0.017687500000000043,1.3658801783720602,0.0,0.0,0.08441254530826622,-21.47186008319704,-0.004284808514729094,0.0,0.0,0.0,0.0,-1.3716044150450356e-14,1.0,0.3333333333333333,0.0,-0.2514244270747637,-0.12700464206590764,-0.1425787450425716,1.9738993116780366,3.837120137748005,-1.7727211677035586
control,C:\Users\hoytb\Desktop\PRAYCGStimulus\Field of dreams\1.8prep\Fieldofdreams1_8_MediaPrep_v1_7A_20260817_210857\stimulus_control_cued_phase_scrambled_Fieldofdreams1_8_v1_7A.mp4,168.25,77.7389251098633,19.2663366630554,24.270517518615684,49.41080869293207,0.05353551662564152,0.0117717569444441,-0.13895298306622683,0.0,0.0,0.08736909860055386,-21.172842898764795,0.002956553292287639,0.0,0.0,0.0,0.0,0.49999999999995376,0.8660254037844654,0.3333333333333333,0.0,-0.16396027674579494,0.0905305799275167,0.09085149931404209,-0.39588206761622186,4.015304464002534,1.207405138848549
control,C:\Users\hoytb\Desktop\PRAYCGStimulus\Field of dreams\1.8prep\Fieldofdreams1_8_MediaPrep_v1_7A_20260817_210857\stimulus_control_cued_phase_scrambled_Fieldofdreams1_8_v1_7A.mp4,168.5,78.52108927001956,20.281059359741256,18.371344769286903,38.50034059143028,0.04748853074312237,0.0010869444444441814,-0.8520295560404465,0.0,0.0,0.08568247154844194,-21.342160291515807,-0.001686627052111922,0.0,0.0,0.0,0.0,0.8660254037844205,0.5000000000000314,0.3333333333333333,0.0,-0.12755947409700902,-0.5085258843954551,-0.4588060300708242,-0.5606569764924193,3.913655525115764,-0.7034597314860307
control,C:\Users\hoytb\Desktop\PRAYCGStimulus\Field of dreams\1.8prep\Fieldofdreams1_8_MediaPrep_v1_7A_20260817_210857\stimulus_control_cued_phase_scrambled_Fieldofdreams1_8_v1_7A.mp4,168.75,78.78593040466306,20.077793331146356,25.99760770797773,53.46170822143641,0.05928264360874767,0.015429166666665549,0.14847908046750324,0.0,0.0,0.08091139593937931,-21.8398061201717,-0.004771075609062633,0.0,0.0,0.0,0.0,1.0,1.9106347008608474e-14,0.3333333333333333,0.0,-0.11523414603095083,0.26591526289409706,0.2949314165008701,-0.23927804317508297,3.6261143212660447,-1.9728406201565283
control,C:\Users\hoytb\Desktop\PRAYCGStimulus\Field of dreams\1.8prep\Fieldofdreams1_8_MediaPrep_v1_7A_20260817_210857\stimulus_control_cued_phase_scrambled_Fieldofdreams1_8_v1_7A.mp4,169.0,79.01105666503908,19.5210311126708,22.189751989746014,46.37684576415991,0.06299964131117008,0.020860666666667603,-0.16106503894652788,0.0,0.0,0.07120626557936606,-22.949635804999502,-0.009705130360013248,0.0,0.0,0.0,0.0,0.866025403784468,-0.4999999999999491,0.3333333333333333,0.0,-0.10475709147840087,-0.1207695622748983,-0.06199625681886245,-0.1379932097706868,3.0412095543124686,-4.003412597243539
control,C:\Users\hoytb\Desktop\PRAYCGStimulus\Field of dreams\1.8prep\Fieldofdreams1_8_MediaPrep_v1_7A_20260817_210857\stimulus_control_cued_phase_scrambled_Fieldofdreams1_8_v1_7A.mp4,169.25,78.99713372192382,18.645975286865376,21.685696141052347,45.28085145874051,0.06935666997134528,0.007990423611111429,-0.08602229268273737,0.0,0.0,0.06196810513354263,-24.156635670743313,-0.009238160445823429,0.0,1.0,0.0,0.0,0.5000000000000361,-0.8660254037844178,0.3333333333333333,0.0,-0.10540504536128864,-0.17195604678225582,-0.11721125919385589,0.03523008503339612,2.4844479362607235,-3.811234749660091
control,C:\Users\hoytb\Desktop\PRAYCGStimulus\Field of dreams\1.8prep\Fieldofdreams1_8_MediaPrep_v1_7A_20260817_210857\stimulus_control_cued_phase_scrambled_Fieldofdreams1_8_v1_7A.mp4,169.5,79.03760494995117,20.01566700592031,18.996421171569892,38.99515346374526,0.08899434208869912,0.011443944444444212,0.031896418770189325,0.0,0.0,0.06823654357617057,-23.319659596769476,0.0062684384426279355,1.0,0.0,9.0,56.0,2.4496649866766593e-14,-1.0,0.3333333333333333,0.0,-0.10352157222428945,-0.44504985556989185,-0.4338778951480848,0.5703389304222664,2.862231581656613,2.5703857941231862
control,C:\Users\hoytb\Desktop\PRAYCGStimulus\Field of dreams\1.8prep\Fieldofdreams1_8_MediaPrep_v1_7A_20260817_210857\stimulus_control_cued_phase_scrambled_Fieldofdreams1_8_v1_7A.mp4,169.75,79.06908513793945,20.298705271148688,25.258138274383462,51.88761917266829,0.037190551848710236,0.03751579861111082,-0.3629243061269137,0.0,0.0,0.07784181195799736,-22.17574126706667,0.009605268381826793,1.0,0.0,9.0,56.0,-0.49999999999994443,-0.8660254037844708,0.3333333333333333,0.0,-0.10205652924650956,0.19082270955019048,0.21563052037721367,-0.8412676091120646,3.4411179083716807,3.9436322838458073
control,C:\Users\hoytb\Desktop\PRAYCGStimulus\Field of dreams\1.8prep\Fieldofdreams1_8_MediaPrep_v1_7A_20260817_210857\stimulus_control_cued_phase_scrambled_Fieldofdreams1_8_v1_7A.mp4,170.0,79.01332360839844,19.747654434204115,22.52220870971681,46.556357238769564,0.0620026470422745,0.03151652777777768,-0.1473417264183266,0.0,0.0,0.0730074419041586,-22.732657369202887,-0.004834370053838757,1.0,0.0,9.0,56.0,-0.8660254037844152,-0.5000000000000407,0.3333333333333333,0.0,-0.10465159117291062,-0.08700883756501783,-0.05295266375647173,-0.16516040397272175,3.1497621012041357,-1.9988889581574225
control,C:\Users\hoytb\Desktop\PRAYCGStimulus\Field of dreams\1.8prep\Fieldofdreams1_8_MediaPrep_v1_7A_20260817_210857\stimulus_control_cued_phase_scrambled_Fieldofdreams1_8_v1_7A.mp4,170.25,79.28494982299804,21.145894300079323,24.009124503326372,50.88327069702142,0.06949732888340977,0.01488965277777767,0.15049779652632625,0.0,0.0,0.06289692736440107,-24.027411402969143,-0.010110514539757531,0.0,0.0,0.0,0.0,-1.0,-2.988695272492471e-14,0.3333333333333333,0.0,-0.09201049517855847,0.06398631987753728,0.16503253533846685,0.03906291346533497,2.54042580882181,-4.170245313314343
control,C:\Users\hoytb\Desktop\PRAYCGStimulus\Field of dreams\1.8prep\Fieldofdreams1_8_MediaPrep_v1_7A_20260817_210857\stimulus_control_cued_phase_scrambled_Fieldofdreams1_8_v1_7A.mp4,170.5,79.35673945922852,20.214355780029315,22.649423353576676,47.898819366455164,0.05657834402620929,0.014015972222222086,-0.2418442024290887,0.0,0.0,0.05379321133424758,-25.38545057056405,-0.009103716030153489,0.0,0.0,0.0,0.0,-0.866025403784445,0.49999999999998895,0.3333333333333333,0.0,-0.0886695080638693,-0.07409028813459673,0.014679119731795746,-0.31296776660818376,1.9917668309921512,-3.7559051927915497
control,C:\Users\hoytb\Desktop\PRAYCGStimulus\Field of dreams\1.8prep\Fieldofdreams1_8_MediaPrep_v1_7A_20260817_210857\stimulus_control_cued_phase_scrambled_Fieldofdreams1_8_v1_7A.mp4,170.75,79.29688927307129,19.2704556297303,21.103814297485492,42.94138383178752,0.069728830252585,0.020617222222221704,-0.1371979462791339,0.0,0.0,0.04998794091258911,-26.0226950438174,-0.0038052704216584715,0.0,0.0,0.0,0.0,-0.5000000000000454,0.8660254037844124,0.3333333333333333,0.0,-0.09145485022831643,-0.23104570132755706,-0.2350710965485753,0.04537111688298073,1.7624323731732408,-1.5753709835477496
control,C:\Users\hoytb\Desktop\PRAYCGStimulus\Field of dreams\1.8prep\Fieldofdreams1_8_MediaPrep_v1_7A_20260817_210857\stimulus_control_cued_phase_scrambled_Fieldofdreams1_8_v1_7A.mp4,171.0,80.32565439453118,19.58147627868649,21.591738085937447,44.8526941772459,0.038605094194414664,0.008720972222223055,-0.7037837444753854,0.0,0.0,0.04138970882572583,-27.66215257630519,-0.008598232086863278,0.0,0.0,0.0,0.0,-3.527725558308283e-14,1.0,0.3333333333333333,0.0,-0.04357759112361018,-0.18149741515432108,-0.1387813578683639,-0.802722606586299,1.2442376917601556,-3.5478771951462487
control,C:\Users\hoytb\Desktop\PRAYCGStimulus\Field of dreams\1.8prep\Fieldofdreams1_8_MediaPrep_v1_7A_20260817_210857\stimulus_control_cued_phase_scrambled_Fieldofdreams1_8_v1_7A.mp4,171.25,86.74385751342727,26.04912902450523,26.628429702758453,54.65858295440598,0.15132669323682627,0.15378600694443767,2.032700202439017,0.0,0.0,0.01954013429318772,-34.181449116311896,-0.02184957453253811,0.0,0.0,0.0,0.0,0.4999999999999843,0.8660254037844477,0.3333333333333333,0.0,0.2551164132706668,0.3299747522273266,0.35522866521531077,2.268839254387469,-0.07258339419293844,-9.001364435794885
control,C:\Users\hoytb\Desktop\PRAYCGStimulus\Field of dreams\1.8prep\Fieldofdreams1_8_MediaPrep_v1_7A_20260817_210857\stimulus_control_cued_phase_scrambled_Fieldofdreams1_8_v1_7A.mp4,171.5,95.30505507202149,32.6954445846558,35.69102830810528,74.39700903930627,0.13052264299989097,0.27677323611111143,2.532867356175111,0.0,0.0,0.007455026834304665,-42.55101577821367,-0.012085107458883056,0.0,0.0,0.0,0.0,0.8660254037844097,0.5000000000000501,0.3333333333333333,0.0,0.6535423175020744,1.250274683894032,1.3496291267572598,1.7019476577067838,-0.8009236327713789,-4.9828737193850765
control,C:\Users\hoytb\Desktop\PRAYCGStimulus\Field of dreams\1.8prep\Fieldofdreams1_8_MediaPrep_v1_7A_20260817_210857\stimulus_control_cued_phase_scrambled_Fieldofdreams1_8_v1_7A.mp4,171.75,95.37333556823731,31.9097664024353,38.42609394531253,78.52656513061531,0.032436640492081864,0.2823612291666665,0.8677373486815192,0.0,0.0,0.012267095521909018,-38.22516505791653,0.004812068687604353,0.0,0.0,0.0,0.0,1.0,4.066755844124095e-14,0.3333333333333333,0.0,0.6567199942534826,1.528018499838913,1.5576716761225537,-0.9708074039474429,-0.5109118750844908,1.9710281132506335
control,C:\Users\hoytb\Desktop\PRAYCGStimulus\Field of dreams\1.8prep\Fieldofdreams1_8_MediaPrep_v1_7A_20260817_210857\stimulus_control_cued_phase_scrambled_Fieldofdreams1_8_v1_7A.mp4,172.0,95.50119271240234,30.686932489013657,39.08015155029299,78.84550742187504,0.0382783849954607,0.2859521388888888,1.0490936476900181,0.0,0.0,0.01756227842801432,-35.10838283812117,0.005295182906105301,0.0,0.0,0.0,0.0,0.8660254037844504,-0.4999999999999796,0.3333333333333333,0.0,0.6626702830919011,1.5944375475516157,1.573739642244561,-0.8116251374558151,-0.19178399026668688,2.1698500241001866
control,C:\Users\hoytb\Desktop\PRAYCGStimulus\Field of dreams\1.8prep\Fieldofdreams1_8_MediaPrep_v1_7A_20260817_210857\stimulus_control_cued_phase_scrambled_Fieldofdreams1_8_v1_7A.mp4,172.25,96.41208638916018,34.076295726013285,39.23482703857421,80.02102291564941,0.07507454904019918,0.2841169097222222,1.7925337154445504,0.0,0.0,0.01562782347064436,-36.12203006223371,-0.0019344549573699597,0.0,1.0,0.0,0.0,0.5000000000000547,-0.8660254037844071,0.3333333333333333,0.0,0.70506197354607,1.610144724653307,1.6329608356938792,0.1910371302026527,-0.30836891844905506,-0.8054513843877726
control,C:\Users\hoytb\Desktop\PRAYCGStimulus\Field of dreams\1.8prep\Fieldofdreams1_8_MediaPrep_v1_7A_20260817_210857\stimulus_control_cued_phase_scrambled_Fieldofdreams1_8_v1_7A.mp4,172.5,96.11503179931644,30.669857337951512,31.72734854888864,65.04498059081911,0.07099388693273553,0.2750152777777757,0.956557693347634,0.0,0.0,0.017067252423392326,-35.35672776513151,0.0014394289527479669,1.0,0.0,2.0,57.0,4.605786129939907e-14,-1.0,0.3333333333333333,0.0,0.6912374772937004,0.8477660469779453,0.8784840939401182,0.0798427699089325,-0.2216180119777555,0.5830443797725839
control,C:\Users\hoytb\Desktop\PRAYCGStimulus\Field of dreams\1.8prep\Fieldofdreams1_8_MediaPrep_v1_7A_20260817_210857\stimulus_control_cued_phase_scrambled_Fieldofdreams1_8_v1_7A.mp4,172.75,95.80687010192872,32.55260756988514,35.60467752838151,73.39249297790575,0.03867919684350267,0.2880742777777789,0.70738843550719,0.0,0.0,0.020073800079061215,-33.947408108216386,0.003006547655668889,1.0,0.0,2.0,57.0,-0.49999999999997496,-0.8660254037844531,0.3333333333333333,0.0,0.6768960721233532,1.2415058284983764,1.2990226989303155,-0.8007033762642539,-0.040420646188695585,1.2279799314721436
control,C:\Users\hoytb\Desktop\PRAYCGStimulus\Field of dreams\1.8prep\Fieldofdreams1_8_MediaPrep_v1_7A_20260817_210857\stimulus_control_cued_phase_scrambled_Fieldofdreams1_8_v1_7A.mp4,173.0,95.70350153808594,34.3476747619628,40.51380788574155,80.39319772949106,0.05149963130354941,0.28128902777777753,1.4548547175536366,0.0,1.0,0.02086792891831109,-33.610413024965595,0.000794128839249876,1.0,0.0,2.0,57.0,-0.8660254037844328,-0.5000000000000102,0.3333333333333333,0.0,0.6720854468298372,1.7400242479013832,1.6517105984696225,-0.45135810558745043,0.007439580971810931,0.3174761213279776
control,C:\Users\hoytb\Desktop\PRAYCGStimulus\Field of dreams\1.8prep\Fieldofdreams1_8_MediaPrep_v1_7A_20260817_210857\stimulus_control_cued_phase_scrambled_Fieldofdreams1_8_v1_7A.mp4,173.25,96.37872969665524,32.96475721740733,43.11340087890636,87.02252210388193,0.05428835136145315,0.28919756944444414,1.7715394180605828,0.0,0.0,0.020926851178069132,-33.585922283138615,5.892225975804091e-05,0.0,0.0,0.0,0.0,-1.0,-5.144816415755719e-14,0.3333333333333333,0.0,0.7035096007287757,2.004010920836377,1.9856887580883644,-0.375368000376409,0.010990683258303859,0.014907553883830806
control,C:\Users\hoytb\Desktop\PRAYCGStimulus\Field of dreams\1.8prep\Fieldofdreams1_8_MediaPrep_v1_7A_20260817_210857\stimulus_control_cued_phase_scrambled_Fieldofdreams1_8_v1_7A.mp4,173.5,96.43364777832032,31.956261683654795,34.90643868408221,72.59385968017611,0.03845822728276295,0.2860701944444446,0.6327742902618056,0.0,0.0,0.018842497343390295,-34.497230745288746,-0.002084353834678837,0.0,0.0,0.0,0.0,-0.8660254037844558,0.4999999999999703,0.3333333333333333,0.0,0.7060654097959427,1.1706002098476107,1.258788421057844,-0.8067245974052784,-0.11462828822349219,-0.8671411051193002
control,C:\Users\hoytb\Desktop\PRAYCGStimulus\Field of dreams\1.8prep\Fieldofdreams1_8_MediaPrep_v1_7A_20260817_210857\stimulus_control_cued_phase_scrambled_Fieldofdreams1_8_v1_7A.mp4,173.75,96.54974606323242,30.747246887207027,38.07426115417481,78.72673344421389,0.030496982991695423,0.28171791666666657,0.7939737118461082,0.0,0.0,0.017436752145123895,-35.17068811326843,-0.0014057451982663997,0.0,0.0,0.0,0.0,-0.5000000000000149,0.86602540378443,0.3333333333333333,0.0,0.7114684581229123,1.4922901499756502,1.5677559382907909,-1.023661320607169,-0.19934915616523866,-0.5878649823233708
control,C:\Users\hoytb\Desktop\PRAYCGStimulus\Field of dreams\1.8prep\Fieldofdreams1_8_MediaPrep_v1_7A_20260817_210857\stimulus_control_cued_phase_scrambled_Fieldofdreams1_8_v1_7A.mp4,174.0,96.72193615722657,31.30250441589354,35.79606493530271,72.95692788085934,0.02458108606934537,0.2860796666666665,0.447761694347167,0.0,0.0,0.018964803911777267,-34.44103286680521,0.0015280517666533718,0.0,0.0,0.0,0.0,-5.683846701571531e-14,1.0,0.3333333333333333,0.0,0.7194819391142998,1.2609410727568535,1.2770794025564547,-1.18486417360525,-0.10725716674180447,0.6195164117078277
control,C:\Users\hoytb\Desktop\PRAYCGStimulus\Field of dreams\1.8prep\Fieldofdreams1_8_MediaPrep_v1_7A_20260817_210857\stimulus_control_cued_phase_scrambled_Fieldofdreams1_8_v1_7A.mp4,174.25,96.90313883666994,31.357793164825477,34.603279971313476,71.11641698608399,0.022088191202283065,0.2832065000000002,0.27845418179758535,0.0,0.0,0.016908261883546813,-35.438020683937765,-0.002056542028230454,0.0,0.0,0.0,0.0,0.49999999999996564,0.8660254037844585,0.3333333333333333,0.0,0.7279148529575162,1.1398146752791232,1.1843564632823005,-1.2527933093000416,-0.2311999878200703,-0.8556953718113401
control,C:\Users\hoytb\Desktop\PRAYCGStimulus\Field of dreams\1.8prep\Fieldofdreams1_8_MediaPrep_v1_7A_20260817_210857\stimulus_control_cued_phase_scrambled_Fieldofdreams1_8_v1_7A.mp4,174.5,97.25327823486326,32.8233336898803,36.07773404541005,74.4389527893064,0.028084369203448024,0.2971077361111103,0.5453975468466704,0.0,0.0,0.014956116757241187,-36.503623061768586,-0.0019521451263056263,0.0,0.0,0.0,0.0,0.8660254037844274,0.5000000000000195,0.3333333333333333,0.0,0.7442098403558823,1.2895443546711014,1.351742207312899,-1.0894028693448867,-0.3488510597588704,-0.8127316362544101
control,C:\Users\hoytb\Desktop\PRAYCGStimulus\Field of dreams\1.8prep\Fieldofdreams1_8_MediaPrep_v1_7A_20260817_210857\stimulus_control_cued_phase_scrambled_Fieldofdreams1_8_v1_7A.mp4,174.75,97.40499593811035,33.27908393402098,39.899930526733144,80.27808840942346,0.033590863978862434,0.2918086111111117,1.0388379516767356,0.0,0.0,0.017061347123777923,-35.35973361839943,0.0021052303665367363,0.0,0.0,0.0,0.0,1.0,6.222876987387343e-14,0.3333333333333333,0.0,0.7512705655278474,1.6776854733236524,1.6459115159839848,-0.9393558554318701,-0.2219739101230277,0.8570497893971761
control,C:\Users\hoytb\Desktop\PRAYCGStimulus\Field of dreams\1.8prep\Fieldofdreams1_8_MediaPrep_v1_7A_20260817_210857\stimulus_control_cued_phase_scrambled_Fieldofdreams1_8_v1_7A.mp4,175.0,97.51131317138672,33.062865295410155,38.26257354736305,78.7152975463862,0.03285138458013458,0.3036222222222221,0.859491361725799,0.0,0.0,0.01880462023873336,-34.514708655045524,0.0017432731149554376,0.0,0.0,0.0,0.0,0.8660254037844611,-0.499999999999961,0.3333333333333333,0.0,0.7562184176844651,1.511413128950012,1.5671798101826482,-0.9595060017871724,-0.11691104984032949,0.7080890889057975
control,C:\Users\hoytb\Desktop\PRAYCGStimulus\Field of dreams\1.8prep\Fieldofdreams1_8_MediaPrep_v1_7A_20260817_210857\stimulus_control_cued_phase_scrambled_Fieldofdreams1_8_v1_7A.mp4,175.25,97.44722881164552,32.4134782531739,39.2180972640994,80.66455389099184,0.042897072191536614,0.29984409722222277,1.154335133774015,0.0,0.0,0.022806104764156267,-32.83897769951546,0.004001484525422906,0.0,1.0,0.0,0.0,0.5000000000000242,-0.8660254037844247,0.3333333333333333,0.0,0.7532360231301719,1.6084458288976364,1.665381227073848,-0.685770078977653,0.12424875811588533,1.6374384860826166
control,C:\Users\hoytb\Desktop\PRAYCGStimulus\Field of dreams\1.8prep\Fieldofdreams1_8_MediaPrep_v1_7A_20260817_210857\stimulus_control_cued_phase_scrambled_Fieldofdreams1_8_v1_7A.mp4,175.5,97.34287231445313,32.10721535339352,34.81981539611815,71.2586583007812,0.04117462133765215,0.29254070833333323,0.6777940380184417,0.0,0.0,0.023403198242225167,-32.61449577105158,0.0005970934780689004,1.0,0.0,9.0,58.0,6.761907273203155e-14,-1.0,0.3333333333333333,0.0,0.7483794208298828,1.1618036814493393,1.1915224261800945,-0.7327053105139145,0.1602341399380944,0.236387746126583
control,C:\Users\hoytb\Desktop\PRAYCGStimulus\Field of dreams\1.8prep\Fieldofdreams1_8_MediaPrep_v1_7A_20260817_210857\stimulus_control_cued_phase_scrambled_Fieldofdreams1_8_v1_7A.mp4,175.75,97.05332811584472,33.37938243255615,35.451889350891115,71.86149828186035,0.04330193627476692,0.28185691666666673,0.7834621552047666,0.0,0.0,0.019708762264808267,-34.10681298169505,-0.0036944359774169003,1.0,0.0,9.0,58.0,-0.4999999999999563,-0.8660254037844639,0.3333333333333333,0.0,0.734904447456595,1.2259903063587407,1.221892849477402,-0.6747378980336938,-0.06242059361388112,-1.5297579273631607
control,C:\Users\hoytb\Desktop\PRAYCGStimulus\Field of dreams\1.8prep\Fieldofdreams1_8_MediaPrep_v1_7A_20260817_210857\stimulus_control_cued_phase_scrambled_Fieldofdreams1_8_v1_7A.mp4,176.0,97.06826700439453,31.82316537780759,37.85969702758793,78.30744931640636,0.047689827644825045,0.2895060833333335,1.1124870380769671,0.0,0.0,0.017354835934458065,-35.21158975182146,-0.0023539263303502013,1.0,0.0,9.0,58.0,-0.866025403784422,-0.5000000000000289,0.3333333333333333,0.0,0.7355996819886721,1.4705013276262267,1.5466328594588887,-0.5551718175587753,-0.20428604833792163,-0.9780815756112866
control,C:\Users\hoytb\Desktop\PRAYCGStimulus\Field of dreams\1.8prep\Fieldofdreams1_8_MediaPrep_v1_7A_20260817_210857\stimulus_control_cued_phase_scrambled_Fieldofdreams1_8_v1_7A.mp4,176.25,96.9732455291748,34.319136230468736,38.055517196655316,77.77444508361825,0.04914753274247016,0.2947597916666666,1.1610220601552408,0.0,0.0,0.017974565580326698,-34.906831941474636,0.0006197296458686323,0.0,0.0,0.0,0.0,-1.0,-1.616595672938165e-14,0.3333333333333333,0.0,0.7311775182753939,1.4903867154779358,1.519780685288134,-0.5154506689899979,-0.16693643935332686,0.24570348547745247
control,C:\Users\hoytb\Desktop\PRAYCGStimulus\Field of dreams\1.8prep\Fieldofdreams1_8_MediaPrep_v1_7A_20260817_210857\stimulus_control_cued_phase_scrambled_Fieldofdreams1_8_v1_7A.mp4,176.5,96.98741028442383,32.76527904815688,37.77356381073083,76.54196058960125,0.026020725272595566,0.2924891666666657,0.6751768127324691,0.0,0.0,0.02157496769199209,-33.32099691875867,0.0036004021116653913,0.0,0.0,0.0,0.0,-0.8660254037844666,0.4999999999999516,0.3333333333333333,0.0,0.7318367257495451,1.4617545655726745,1.4576894554999917,-1.1456353043571996,0.05005110022052935,1.4723761284503838
control,C:\Users\hoytb\Desktop\PRAYCGStimulus\Field of dreams\1.8prep\Fieldofdreams1_8_MediaPrep_v1_7A_20260817_210857\stimulus_control_cued_phase_scrambled_Fieldofdreams1_8_v1_7A.mp4,176.75,97.13555232543943,32.596676258087044,34.01260673599211,70.4779610839836,0.02725361432358637,0.28951206250000133,0.321211563863565,0.0,0.0,0.02109387395120709,-33.51687306944444,-0.0004810937407849977,0.0,0.0,0.0,0.0,-0.5000000000000335,0.8660254037844193,0.3333333333333333,0.0,0.7387310447092889,1.0798322616496714,1.1521917485785031,-1.1120401901997905,0.021056742401693317,-0.20733184418325268
control,C:\Users\hoytb\Desktop\PRAYCGStimulus\Field of dreams\1.8prep\Fieldofdreams1_8_MediaPrep_v1_7A_20260817_210857\stimulus_control_cued_phase_scrambled_Fieldofdreams1_8_v1_7A.mp4,177.0,97.35074704589843,31.453479382324346,36.310079913330064,74.69445522460943,0.048336389523743084,0.28433338888888865,0.969384945275008,0.0,0.0,0.019076218267370784,-34.39015434102814,-0.002017655683836307,0.0,0.0,0.0,0.0,-2.1556259587539768e-14,1.0,0.3333333333333333,0.0,0.7487458995818563,1.3131388992031385,1.364614142415404,-0.537553589775323,-0.10054249261829068,-0.8396919982770484
control,C:\Users\hoytb\Desktop\PRAYCGStimulus\Field of dreams\1.8prep\Fieldofdreams1_8_MediaPrep_v1_7A_20260817_210857\stimulus_control_cued_phase_scrambled_Fieldofdreams1_8_v1_7A.mp4,177.25,89.47328731689481,24.969586951446743,35.91238574829103,74.86958620300291,0.12829990361481647,0.16942157638889302,2.5111670893299154,0.0,0.0,0.01716440722140097,-35.3074238092104,-0.0019118110459698141,0.0,0.0,0.0,0.0,0.49999999999994693,0.8660254037844692,0.3333333333333333,0.0,0.38214017718218146,1.272753362024681,1.3734370508375702,1.641380015124723,-0.2157627269501786,-0.7961324582181921
control,C:\Users\hoytb\Desktop\PRAYCGStimulus\Field of dreams\1.8prep\Fieldofdreams1_8_MediaPrep_v1_7A_20260817_210857\stimulus_control_cued_phase_scrambled_Fieldofdreams1_8_v1_7A.mp4,177.5,78.20546252441414,14.831139923095662,24.468160606384394,49.968560684204334,0.27635007524490607,0.04984180555555392,4.288514027211348,0.0,0.0,0.015765287346670695,-36.04596218259621,-0.001399119874730275,0.0,0.0,0.0,0.0,0.8660254037844166,0.5000000000000382,0.3333333333333333,0.0,-0.14224829194717234,0.11060108377402135,0.11895043867027395,5.6756136008149465,-0.3000843026438935,-0.5851383817908173
control,C:\Users\hoytb\Desktop\PRAYCGStimulus\Field of dreams\1.8prep\Fieldofdreams1_8_MediaPrep_v1_7A_20260817_210857\stimulus_control_cued_phase_scrambled_Fieldofdreams1_8_v1_7A.mp4,177.75,72.81468113403321,17.13863433761597,18.4580622505188,38.01795844268799,0.1136114609450101,0.1355245138888889,0.4646984243823995,0.0,0.0,0.017884488899764336,-34.95046933031633,0.0021192015530936414,0.0,0.0,0.0,0.0,1.0,2.6946562445697887e-14,0.3333333333333333,0.0,-0.3931275568252803,-0.4997197907431401,-0.4831079186452066,1.2411332063059284,-0.17236514333749547,0.862799522900567
control,C:\Users\hoytb\Desktop\PRAYCGStimulus\Field of dreams\1.8prep\Fieldofdreams1_8_MediaPrep_v1_7A_20260817_210857\stimulus_control_cued_phase_scrambled_Fieldofdreams1_8_v1_7A.mp4,178.0,71.43236427001953,17.648233969116216,20.163661663818417,41.290355108642686,0.03075736552774823,0.14503225000000028,-1.0026877679553272,0.0,0.0,0.018695132222757406,-34.56542917789232,0.0008106433229930696,0.0,0.0,0.0,0.0,0.866025403784472,-0.49999999999994227,0.3333333333333333,0.0,-0.457458608960165,-0.3265174795887736,-0.3182481298769918,-1.0165661314526708,-0.1235096281275909,0.3242725290692024
control,C:\Users\hoytb\Desktop\PRAYCGStimulus\Field of dreams\1.8prep\Fieldofdreams1_8_MediaPrep_v1_7A_20260817_210857\stimulus_control_cued_phase_scrambled_Fieldofdreams1_8_v1_7A.mp4,178.25,71.4169838256836,17.91608304748534,19.947439231872703,41.21198736877465,0.02579537782147391,0.1540004652777776,-1.1225948826089156,0.0,0.0,0.020223247110238055,-33.88298222784459,0.0015281148874806486,0.0,1.0,0.0,0.0,0.5000000000000429,-0.866025403784414,0.3333333333333333,0.0,-0.4581743928677414,-0.3484747015744243,-0.32219621146969735,-1.1517758190607967,-0.031413834564346245,0.6195423885948929
control,C:\Users\hoytb\Desktop\PRAYCGStimulus\Field of dreams\1.8prep\Fieldofdreams1_8_MediaPrep_v1_7A_20260817_210857\stimulus_control_cued_phase_scrambled_Fieldofdreams1_8_v1_7A.mp4,178.5,71.49453834838866,16.83156971282969,19.221061160278335,39.79172853698735,0.055721753600237595,0.1532281527777779,-0.6036831272648739,0.0,0.0,0.020734114324588642,-33.666290222854514,0.0005108672143505875,1.0,0.0,1.0,59.0,3.2336865303856006e-14,-1.0,0.3333333333333333,0.0,-0.45456511617198536,-0.42223783715653995,-0.3937473083891585,-0.33630908278220273,-0.0006251014026471189,0.20090199583944096
control,C:\Users\hoytb\Desktop\PRAYCGStimulus\Field of dreams\1.8prep\Fieldofdreams1_8_MediaPrep_v1_7A_20260817_210857\stimulus_control_cued_phase_scrambled_Fieldofdreams1_8_v1_7A.mp4,178.75,71.57271911621093,18.007284927368193,20.274894657135203,41.82579663085978,0.0482620535194897,0.1512984027777773,-0.6452304460823415,0.0,0.0,0.0184372099479823,-34.686095977403156,-0.0022969043766063423,1.0,0.0,1.0,59.0,-0.49999999999998684,-0.8660254037844463,0.3333333333333333,0.0,-0.4509266949230999,-0.3152218545030365,-0.2912731677127738,-0.5395791788150595,-0.1390539806940477,-0.9546146326616316
control,C:\Users\hoytb\Desktop\PRAYCGStimulus\Field of dreams\1.8prep\Fieldofdreams1_8_MediaPrep_v1_7A_20260817_210857\stimulus_control_cued_phase_scrambled_Fieldofdreams1_8_v1_7A.mp4,179.0,71.64318037109375,17.636444827270505,18.467761886596577,37.905964660644344,0.01474136545658155,0.1590568611111109,-1.4901147583352015,0.0,0.0,0.016460315246570954,-35.67123702892766,-0.0019768947014113455,1.0,0.0,1.0,59.0,-0.8660254037844112,-0.5000000000000475,0.3333333333333333,0.0,-0.4476475287786645,-0.4987348001451561,-0.48875004371004277,-1.4529876815536358,-0.25819664974926104,-0.8229171319959807
control,C:\Users\hoytb\Desktop\PRAYCGStimulus\Field of dreams\1.8prep\Fieldofdreams1_8_MediaPrep_v1_7A_20260817_210857\stimulus_control_cued_phase_scrambled_Fieldofdreams1_8_v1_7A.mp4,179.25,71.88542987670897,17.62866917419434,20.1571096343994,41.12486074218746,0.024374538621305536,0.16088946527777787,-1.1296081604701311,0.0,0.0,0.014631663738908382,-36.69412576460263,-0.0018286515076625723,0.0,0.0,0.0,0.0,-1.0,-3.7727168162014125e-14,0.3333333333333333,0.0,-0.43637358285418754,-0.3271828331467521,-0.32658555625930924,-1.1904924051888166,-0.3684050595544047,-0.7619087949964483
control,C:\Users\hoytb\Desktop\PRAYCGStimulus\Field of dreams\1.8prep\Fieldofdreams1_8_MediaPrep_v1_7A_20260817_210857\stimulus_control_cued_phase_scrambled_Fieldofdreams1_8_v1_7A.mp4,179.5,71.39958587646485,18.247578591918934,20.2079784362793,41.5640249420166,0.04921565350592116,0.1469043888888891,-0.6330986965787737,0.0,0.0,0.014082179853622572,-37.026602265301555,-0.0005494838852858099,0.0,0.0,0.0,0.0,-0.8660254037844489,0.4999999999999822,0.3333333333333333,0.0,-0.45898406857044644,-0.3220171453641751,-0.3044609409974634,-0.5135944396538813,-0.40152112620633207,-0.23547727789687836
control,C:\Users\hoytb\Desktop\PRAYCGStimulus\Field of dreams\1.8prep\Fieldofdreams1_8_MediaPrep_v1_7A_20260817_210857\stimulus_control_cued_phase_scrambled_Fieldofdreams1_8_v1_7A.mp4,179.75,71.0364793548584,17.52854000549316,20.94713248138428,42.65982979583741,0.026484288885444275,0.14483209722222223,-1.008397786509237,0.0,0.0,0.016658808077160567,-35.56712150347753,0.0025766282235379946,0.0,0.0,0.0,0.0,-0.5000000000000522,0.8660254037844085,0.3333333333333333,0.0,-0.4758825273682047,-0.2469566194792545,-0.24925548298817934,-1.1330036141979287,-0.24623396624978722,1.0510499225130896
control,C:\Users\hoytb\Desktop\PRAYCGStimulus\Field of dreams\1.8prep\Fieldofdreams1_8_MediaPrep_v1_7A_20260817_210857\stimulus_control_cued_phase_scrambled_Fieldofdreams1_8_v1_7A.mp4,180.0,70.90536810302734,17.211549743652355,19.688394897460935,40.55310870361326,0.012327909305691817,0.12882194444444448,-1.4150602182163174,0.0,0.0,0.018999112493679055,-34.425333715328584,0.0023403044165184878,0.0,0.0,0.0,0.0,-4.3117471020172244e-14,1.0,0.3333333333333333,0.0,-0.48198425772872666,-0.374780454884203,-0.3553898027884014,-1.5187521839132616,-0.10518947137271874,0.9537926920456176
control,C:\Users\hoytb\Desktop\PRAYCGStimulus\Field of dreams\1.8prep\Fieldofdreams1_8_MediaPrep_v1_7A_20260817_210857\stimulus_control_cued_phase_scrambled_Fieldofdreams1_8_v1_7A.mp4,180.25,70.877551461792,17.31775834045411,19.220958942413336,39.379580334472664,0.020772357548028142,0.12994019444444446,-1.2950414155436771,0.0,0.0,0.018681699397300806,-34.57167240608493,-0.00031741309637824816,0.0,0.0,0.0,0.0,0.4999999999999775,0.8660254037844516,0.3333333333333333,0.0,-0.48327880447420485,-0.42224821730226525,-0.41451088705756167,-1.2886485890523673,-0.12431919207488133,-0.13997034405805553
control,C:\Users\hoytb\Desktop\PRAYCGStimulus\Field of dreams\1.8prep\Fieldofdreams1_8_MediaPrep_v1_7A_20260817_210857\stimulus_control_cued_phase_scrambled_Fieldofdreams1_8_v1_7A.mp4,180.5,70.8101820678711,17.108234979247985,18.01411815795906,37.28294748535174,0.023441236352921488,0.13638097222222112,-1.363655835291423,0.0,0.0,0.024393955126909863,-32.254355587846256,0.005712255729609057,0.0,0.0,0.0,0.0,0.8660254037844058,0.5000000000000568,0.3333333333333333,0.0,-0.48641407982636753,-0.5448019725585765,-0.5201369721305139,-1.2159240498485961,0.2199446645006271,2.3414931108835497
control,C:\Users\hoytb\Desktop\PRAYCGStimulus\Field of dreams\1.8prep\Fieldofdreams1_8_MediaPrep_v1_7A_20260817_210857\stimulus_control_cued_phase_scrambled_Fieldofdreams1_8_v1_7A.mp4,180.75,70.7543449951172,17.325379555511486,18.85382850189198,38.624078628539834,0.016113297900557662,0.14028558333333355,-1.4241375842972015,0.0,0.0,0.02848214404701848,-30.908546429091615,0.004088188920108617,0.0,0.0,0.0,0.0,1.0,4.850777387833036e-14,0.3333333333333333,0.0,-0.4890126574259787,-0.4595300317175295,-0.452572242195196,-1.4156037604014524,0.4663299369159744,1.673121007462254
control,C:\Users\hoytb\Desktop\PRAYCGStimulus\Field of dreams\1.8prep\Fieldofdreams1_8_MediaPrep_v1_7A_20260817_210857\stimulus_control_cued_phase_scrambled_Fieldofdreams1_8_v1_7A.mp4,181.0,70.74188100585937,17.4782583831787,19.260898019409183,39.3290740600586,0.022114448577165286,0.14613266666666633,-1.264475090905276,0.0,0.0,0.025331324143282933,-31.926842154820875,-0.0031508199037355474,0.0,0.0,0.0,0.0,0.8660254037844544,-0.49999999999997286,0.3333333333333333,0.0,-0.48959271368053786,-0.41819243469169887,-0.4170553382905061,-1.2520778195275166,0.27643763118247233,-1.3060369471087867
control,C:\Users\hoytb\Desktop\PRAYCGStimulus\Field of dreams\1.8prep\Fieldofdreams1_8_MediaPrep_v1_7A_20260817_210857\stimulus_control_cued_phase_scrambled_Fieldofdreams1_8_v1_7A.mp4,181.25,70.79909782409665,17.62988990783693,20.196324024200507,41.35700931549085,0.02227604271844012,0.13983472222222207,-1.1671743681108167,0.0,0.0,0.025028617520535687,-32.031262767603806,-0.00030270662274724594,0.0,1.0,0.0,0.0,0.5000000000000123,-0.8660254037844315,0.3333333333333333,0.0,-0.48692992469717333,-0.32320064196452125,-0.3148901633517768,-1.2476745249902395,0.2581942341269546,-0.13391800886028968
control,C:\Users\hoytb\Desktop\PRAYCGStimulus\Field of dreams\1.8prep\Fieldofdreams1_8_MediaPrep_v1_7A_20260817_210857\stimulus_control_cued_phase_scrambled_Fieldofdreams1_8_v1_7A.mp4,181.5,71.16809082031251,16.364767191314723,18.29609913787841,37.69421923217772,0.04853445404767928,0.13874563888888905,-0.8389094634399352,0.0,0.0,0.026786755541471707,-31.44159771389863,0.0017581380209360196,1.0,0.0,10.0,60.0,5.389807673648848e-14,-1.0,0.3333333333333333,0.0,-0.46975751778024855,-0.5161670205043188,-0.49941754834749114,-0.5321565102191196,0.36415296639136074,0.7142066257086446
control,C:\Users\hoytb\Desktop\PRAYCGStimulus\Field of dreams\1.8prep\Fieldofdreams1_8_MediaPrep_v1_7A_20260817_210857\stimulus_control_cued_phase_scrambled_Fieldofdreams1_8_v1_7A.mp4,181.75,70.40577555236817,14.196340526580803,17.76282152252196,36.57651982879636,0.06214166788905817,0.12396093749999995,-0.623387618812368,0.0,0.0,0.02459139257549092,-32.18433754140203,-0.0021953629659807877,1.0,0.0,10.0,60.0,-0.4999999999999682,-0.866025403784457,0.3333333333333333,0.0,-0.5052345813407356,-0.5703209529848298,-0.555726029976522,-0.16137221134159743,0.23184374267540533,-0.9128260524091707
control,C:\Users\hoytb\Desktop\PRAYCGStimulus\Field of dreams\1.8prep\Fieldofdreams1_8_MediaPrep_v1_7A_20260817_210857\stimulus_control_cued_phase_scrambled_Fieldofdreams1_8_v1_7A.mp4,182.0,70.7237328491211,13.721192723083496,16.102603021240206,33.11969871215815,0.01659435524940422,0.08229541666666534,-1.691395786157111,0.0,0.0,0.02194578667934312,-33.17297693177915,-0.0026456058961478006,1.0,0.0,10.0,60.0,-0.8660254037844288,-0.500000000000017,0.3333333333333333,0.0,-0.4904373029694881,-0.7389148673594503,-0.729876922204075,-1.402495381721495,0.07239946498563887,-1.098120039408917
control,C:\Users\hoytb\Desktop\PRAYCGStimulus\Field of dreams\1.8prep\Fieldofdreams1_8_MediaPrep_v1_7A_20260817_210857\stimulus_control_cued_phase_scrambled_Fieldofdreams1_8_v1_7A.mp4,182.25,70.83509768676758,11.600177753067207,14.579147456741444,30.136761754608365,0.07789161155148719,0.025002041666670527,-0.6321103334856513,0.0,0.0,0.02258064813022234,-32.925271933983886,0.0006348614508792233,0.0,0.0,0.0,0.0,-1.0,-5.928837959464661e-14,0.3333333333333333,0.0,-0.48525454251626865,-0.8936206104868452,-0.8801540453434513,0.26779954169395537,0.11066103131186535,0.25193086250672664
control,C:\Users\hoytb\Desktop\PRAYCGStimulus\Field of dreams\1.8prep\Fieldofdreams1_8_MediaPrep_v1_7A_20260817_210857\stimulus_control_cued_phase_scrambled_Fieldofdreams1_8_v1_7A.mp4,182.5,71.37434735107419,11.436632583617929,13.062126758575337,26.904761871337683,0.030946457609526502,0.01900451388888231,-1.7133640134667454,0.0,0.0,0.020920153205443697,-33.58870278570382,-0.0016604949247786445,0.0,0.0,0.0,0.0,-0.8660254037844597,0.49999999999996353,0.3333333333333333,0.0,-0.4601586334874945,-1.0476728978777436,-1.0429786880887255,-1.0114135428490993,0.010587012625121746,-0.6927052570946796
control,C:\Users\hoytb\Desktop\PRAYCGStimulus\Field of dreams\1.8prep\Fieldofdreams1_8_MediaPrep_v1_7A_20260817_210857\stimulus_control_cued_phase_scrambled_Fieldofdreams1_8_v1_7A.mp4,182.75,71.03609286499035,14.555628949356002,14.98936647987352,30.898029885101025,0.10470226074159425,0.09344909722222242,-0.060489971760678996,0.0,0.0,0.020121605296242226,-33.92674748631498,-0.0007985479092014712,0.0,0.0,0.0,0.0,-0.5000000000000216,0.8660254037844262,0.3333333333333333,0.0,-0.4759005140545415,-0.8519631835834736,-0.841802184001367,0.998365539868765,-0.03753954120842348,-0.3379776458480513
control,C:\Users\hoytb\Desktop\PRAYCGStimulus\Field of dreams\1.8prep\Fieldofdreams1_8_MediaPrep_v1_7A_20260817_210857\stimulus_control_cued_phase_scrambled_Fieldofdreams1_8_v1_7A.mp4,183.0,69.57285506591798,15.70194409637449,16.75003206787108,34.49887799072264,0.05123755366802385,0.0986317777777772,-0.9409732236440145,0.0,0.0,0.019914152620473993,-34.01676337549985,-0.00020745267576823337,0.0,0.0,0.0,0.0,-6.467868245280473e-14,1.0,0.3333333333333333,0.0,-0.543997510907014,-0.6731689446588797,-0.6603953685455096,-0.4584994846730294,-0.05004221293698217,-0.09471698552238494
control,C:\Users\hoytb\Desktop\PRAYCGStimulus\Field of dreams\1.8prep\Fieldofdreams1_8_MediaPrep_v1_7A_20260817_210857\stimulus_control_cued_phase_scrambled_Fieldofdreams1_8_v1_7A.mp4,183.25,69.70787135009765,16.10687733497619,18.212299830627398,37.49118596191397,0.030610485479235686,0.10388316666666672,-1.2019009045187248,0.0,0.0,0.020477564910042018,-33.774433774797096,0.0005634122895680251,0.0,0.0,0.0,0.0,0.4999999999999588,0.8660254037844624,0.3333333333333333,0.0,-0.5377140459195429,-0.5246767758289478,-0.509646143919916,-1.020568480239254,-0.016086714998867258,0.22252651414254676
control,C:\Users\hoytb\Desktop\PRAYCGStimulus\Field of dreams\1.8prep\Fieldofdreams1_8_MediaPrep_v1_7A_20260817_210857\stimulus_control_cued_phase_scrambled_Fieldofdreams1_8_v1_7A.mp4,183.5,69.28203497314453,15.104897837066659,18.67391226501465,38.50542924499512,0.047903325149416795,0.09605212500000004,-0.8133859519303661,0.0,0.0,0.020057834346792668,-33.954319194583476,-0.00041973056324935004,0.0,0.0,0.0,0.0,0.8660254037844235,0.5000000000000263,0.3333333333333333,0.0,-0.5575318625720569,-0.47780038746364495,-0.45854966923274426,-0.5493542032054661,-0.041382862312062035,-0.1820783042413023
control,C:\Users\hoytb\Desktop\PRAYCGStimulus\Field of dreams\1.8prep\Fieldofdreams1_8_MediaPrep_v1_7A_20260817_210857\stimulus_control_cued_phase_scrambled_Fieldofdreams1_8_v1_7A.mp4,183.75,69.02589251708984,14.28406781959534,16.03887330627443,33.014309509277375,0.036151530619710416,0.10807541666666666,-1.3109386952693916,0.0,0.0,0.01908832601089777,-34.38464312481671,-0.0009695083358948961,0.0,0.0,0.0,0.0,1.0,7.006898531096285e-14,0.3333333333333333,0.0,-0.5694523665631365,-0.7453865709934986,-0.7351863157461643,-0.8695800000544355,-0.09981278815855826,-0.4083350839303149
control,C:\Users\hoytb\Desktop\PRAYCGStimulus\Field of dreams\1.8prep\Fieldofdreams1_8_MediaPrep_v1_7A_20260817_210857\stimulus_control_cued_phase_scrambled_Fieldofdreams1_8_v1_7A.mp4,184.0,68.84389366455078,14.549711943054199,16.960163574218758,34.97370531005861,0.015549281802773434,0.1105001666666665,-1.625797928460194,0.0,0.0,0.02105520413791996,-33.5328108711705,0.0019668781270221897,0.0,0.0,0.0,0.0,0.8660254037844651,-0.49999999999995415,0.3333333333333333,0.0,-0.5779223331648491,-0.6518302514921431,-0.6364740840687488,-1.4309726901331665,0.01872620615026513,0.800111997924282
control,C:\Users\hoytb\Desktop\PRAYCGStimulus\Field of dreams\1.8prep\Fieldofdreams1_8_MediaPrep_v1_7A_20260817_210857\stimulus_control_cued_phase_scrambled_Fieldofdreams1_8_v1_7A.mp4,184.25,68.67434810791018,14.172515361023024,16.407289591217072,33.72785690612798,0.024733265029637734,0.10466892361111359,-1.4997451817455933,0.0,0.0,0.022230708457087855,-33.06093393582178,0.0011755043191678943,0.0,1.0,0.0,0.0,0.500000000000031,-0.8660254037844207,0.3333333333333333,0.0,-0.585812741165671,-0.7079741800643032,-0.6992385731192534,-1.180717434254074,0.08957101238683798,0.474428243134173
control,C:\Users\hoytb\Desktop\PRAYCGStimulus\Field of dreams\1.8prep\Fieldofdreams1_8_MediaPrep_v1_7A_20260817_210857\stimulus_control_cued_phase_scrambled_Fieldofdreams1_8_v1_7A.mp4,184.5,70.78943410644509,16.28599968414281,17.84593714447005,36.44959402160614,0.10521763878463945,0.13121172222221816,0.23707687801010646,0.0,0.0,0.021868068230167473,-33.203791594481665,-0.00036264022692038267,1.0,0.0,6.0,61.0,1.8615869308312946e-14,-1.0,0.3333333333333333,0.0,-0.4873796603115204,-0.5618806253778967,-0.5621204142454932,1.012409126496784,0.06771556175952989,-0.15858321896894312
control,C:\Users\hoytb\Desktop\PRAYCGStimulus\Field of dreams\1.8prep\Fieldofdreams1_8_MediaPrep_v1_7A_20260817_210857\stimulus_control_cued_phase_scrambled_Fieldofdreams1_8_v1_7A.mp4,184.75,71.9349892059326,17.47974148941039,21.62263327178936,43.91717883300743,0.029731415149575904,0.1423300972222225,-0.8762094788561612,0.0,0.0,0.01908569270169591,-34.38584145991041,-0.0027823755284715618,1.0,0.0,6.0,61.0,-0.4999999999999495,-0.8660254037844678,0.3333333333333333,0.0,-0.4340671624703706,-0.1783600327470751,-0.18591160452982192,-1.044522353504312,-0.09997149134418233,-1.1544065211630192
control,C:\Users\hoytb\Desktop\PRAYCGStimulus\Field of dreams\1.8prep\Fieldofdreams1_8_MediaPrep_v1_7A_20260817_210857\stimulus_control_cued_phase_scrambled_Fieldofdreams1_8_v1_7A.mp4,185.0,72.12555279541014,18.058362136840845,20.78738520812987,42.393604400634736,0.02436541414260831,0.14531847222222197,-1.0663827250178315,0.0,0.0,0.021092944518772548,-33.51725579314091,0.002007251817076637,1.0,0.0,6.0,61.0,-0.8660254037844181,-0.5000000000000356,0.3333333333333333,0.0,-0.42519860524674286,-0.2631788324517279,-0.2626676291605759,-1.1907410389999564,0.021000727753629912,0.8167274770330946
control,C:\Users\hoytb\Desktop\PRAYCGStimulus\Field of dreams\1.8prep\Fieldofdreams1_8_MediaPrep_v1_7A_20260817_210857\stimulus_control_cued_phase_scrambled_Fieldofdreams1_8_v1_7A.mp4,185.25,72.06113126525881,17.057156398010285,20.870032665252698,42.934872859191906,0.038286673195659704,0.14554895138888926,-0.7826863609758886,0.0,0.0,0.023945368232547427,-32.41556959918208,0.0028524237137748792,0.0,0.0,0.0,0.0,-1.0,-2.4006172166471065e-14,0.3333333333333333,0.0,-0.42819669123025694,-0.2547860466234235,-0.23539911227416135,-0.8113992914791465,0.19290941580509793,1.1645514181691918
control,C:\Users\hoytb\Desktop\PRAYCGStimulus\Field of dreams\1.8prep\Fieldofdreams1_8_MediaPrep_v1_7A_20260817_210857\stimulus_control_cued_phase_scrambled_Fieldofdreams1_8_v1_7A.mp4,185.5,71.20970504150391,16.11357436981201,18.673200819396985,38.562732235717796,0.032259714937955264,0.13551056944444442,-1.1229100445055051,0.0,0.0,0.022557680608513903,-32.934111134796204,-0.0013876876240335248,0.0,0.0,0.0,0.0,-0.8660254037844705,0.4999999999999448,0.3333333333333333,0.0,-0.4678208513742242,-0.47787263421999304,-0.45566280681639626,-0.975628465650821,0.10927683424968829,-0.580433527655305
control,C:\Users\hoytb\Desktop\PRAYCGStimulus\Field of dreams\1.8prep\Fieldofdreams1_8_MediaPrep_v1_7A_20260817_210857\stimulus_control_cued_phase_scrambled_Fieldofdreams1_8_v1_7A.mp4,185.75,71.12243725585937,15.61700788269042,16.973773389434815,34.98260283660889,0.021425820988044304,0.1402794305555556,-1.5081826006155221,0.0,0.0,0.021306653218032656,-33.429695250347535,-0.0012510273904812463,0.0,0.0,0.0,0.0,-0.5000000000000403,0.8660254037844154,0.3333333333333333,0.0,-0.471882169451249,-0.6504481852042304,-0.6360258363477744,-1.270842299956529,0.0338804349084872,-0.5241920681173947
control,C:\Users\hoytb\Desktop\PRAYCGStimulus\Field of dreams\1.8prep\Fieldofdreams1_8_MediaPrep_v1_7A_20260817_210857\stimulus_control_cued_phase_scrambled_Fieldofdreams1_8_v1_7A.mp4,186.0,71.1097849609375,14.318360081481897,17.57354238586428,36.1212284240723,0.045877692252398274,0.12163480555555486,-0.9641533802611317,0.0,0.0,0.022658817746961237,-32.89525507474038,0.001352164528928581,0.0,0.0,0.0,0.0,-2.939647502462918e-14,1.0,0.3333333333333333,0.0,-0.4724709891824075,-0.5895421040164142,-0.5786631162997333,-0.6045508718445876,0.11537212531735087,0.5471313827451088
control,C:\Users\hoytb\Desktop\PRAYCGStimulus\Field of dreams\1.8prep\Fieldofdreams1_8_MediaPrep_v1_7A_20260817_210857\stimulus_control_cued_phase_scrambled_Fieldofdreams1_8_v1_7A.mp4,186.25,71.21773634338376,14.925494573593058,16.914046100616474,34.88080066680911,0.02932354199886336,0.13487635416666702,-1.3579632021648222,0.0,0.0,0.024982598526105827,-32.04724782260825,0.00232378077914459,0.0,0.0,0.0,0.0,0.49999999999994016,0.8660254037844732,0.3333333333333333,0.0,-0.46744708605789603,-0.6565134455353816,-0.6411545190603396,-1.0556365288219678,0.25542078047780664,0.9469925171986482
control,C:\Users\hoytb\Desktop\PRAYCGStimulus\Field of dreams\1.8prep\Fieldofdreams1_8_MediaPrep_v1_7A_20260817_210857\stimulus_control_cued_phase_scrambled_Fieldofdreams1_8_v1_7A.mp4,186.5,71.54731863403319,16.435930810546722,16.96788898468012,35.10305938110341,0.040712751632925905,0.13927299999999815,-1.1272520716400778,0.0,0.0,0.02104125994819378,-33.53856516432111,-0.003941338577912047,0.0,0.0,0.0,0.0,0.8660254037844127,0.500000000000045,0.3333333333333333,0.0,-0.4521087970776545,-0.6510457419900347,-0.6299573665049469,-0.7452908432053251,0.01788582351349473,-1.6313687782639867
control,C:\Users\hoytb\Desktop\PRAYCGStimulus\Field of dreams\1.8prep\Fieldofdreams1_8_MediaPrep_v1_7A_20260817_210857\stimulus_control_cued_phase_scrambled_Fieldofdreams1_8_v1_7A.mp4,186.75,71.86112195129392,18.112987308502184,18.937444625854347,39.18452755126922,0.05350173202157192,0.15034680555555632,-0.6761301803496548,0.0,0.0,0.018411942437245706,-34.698007830450834,-0.0026293175109480746,0.0,0.0,0.0,0.0,1.0,3.47867778827873e-14,0.3333333333333333,0.0,-0.43750483897778397,-0.45103887851524577,-0.42433743436220844,-0.3968026675920015,-0.14057679254001496,-1.0914166807702255
control,C:\Users\hoytb\Desktop\PRAYCGStimulus\Field of dreams\1.8prep\Fieldofdreams1_8_MediaPrep_v1_7A_20260817_210857\stimulus_control_cued_phase_scrambled_Fieldofdreams1_8_v1_7A.mp4,187.0,72.03342720947265,16.688036288452228,19.171539566040096,39.73571654052746,0.056355299663542746,0.0940981666666691,-0.5961325874682251,0.0,0.0,0.01916002619615243,-34.35207802908376,0.0007480837589067257,0.0,0.0,0.0,0.0,0.8660254037844475,-0.49999999999998473,0.3333333333333333,0.0,-0.42948599840976454,-0.4272667170372608,-0.39656913191713505,-0.3190455242295424,-0.09549159116364765,0.2985266255183684
control,C:\Users\hoytb\Desktop\PRAYCGStimulus\Field of dreams\1.8prep\Fieldofdreams1_8_MediaPrep_v1_7A_20260817_210857\stimulus_control_cued_phase_scrambled_Fieldofdreams1_8_v1_7A.mp4,187.25,71.64780778808594,13.320784455871635,17.86323522186281,36.697343814086956,0.0915916868895287,0.022421791666667648,-0.03072334312260433,0.0,0.0,0.020063981763665882,-33.951657511234544,0.0009039555675134509,0.0,1.0,0.0,0.0,0.5000000000000496,-0.86602540378441,0.3333333333333333,0.0,-0.4474321754023697,-0.5601240188971541,-0.5496390488655902,0.6411142325631184,-0.04101237234436323,0.36267445981504015
control,C:\Users\hoytb\Desktop\PRAYCGStimulus\Field of dreams\1.8prep\Fieldofdreams1_8_MediaPrep_v1_7A_20260817_210857\stimulus_control_cued_phase_scrambled_Fieldofdreams1_8_v1_7A.mp4,187.5,74.14000549316407,14.817908382415771,15.278517246246338,31.430521392822264,0.0781475581228733,0.0294375,-0.5566905205194083,0.0,0.0,0.023100335080497338,-32.72763440822653,0.0030363533168314555,1.0,0.0,3.0,62.0,4.017708074094542e-14,-1.0,0.3333333333333333,0.0,-0.33144885445068745,-0.8226001452185966,-0.8149758403624363,0.2747738548140238,0.14198130865629002,1.2402462202285862
control,C:\Users\hoytb\Desktop\PRAYCGStimulus\Field of dreams\1.8prep\Fieldofdreams1_8_MediaPrep_v1_7A_20260817_210857\stimulus_control_cued_phase_scrambled_Fieldofdreams1_8_v1_7A.mp4,187.75,74.48857671813961,17.235436112213133,18.309050369262724,37.92228780517585,0.07403768893778265,0.10993093749999987,-0.3331168585414527,0.0,0.0,0.023256926951476988,-32.66895342392439,0.00015659187097965058,1.0,0.0,3.0,62.0,-0.49999999999998007,-0.8660254037844501,0.3333333333333333,0.0,-0.3152268475936543,-0.5148518328989723,-0.4879277014226624,0.16278362800961066,0.15141872251932773,0.05510272511118159
control,C:\Users\hoytb\Desktop\PRAYCGStimulus\Field of dreams\1.8prep\Fieldofdreams1_8_MediaPrep_v1_7A_20260817_210857\stimulus_control_cued_phase_scrambled_Fieldofdreams1_8_v1_7A.mp4,188.0,73.078737109375,18.119128744506778,20.014720663452113,41.207627990722614,0.05372327743172621,0.11603011111111036,-0.5633733774409535,0.0,0.0,0.01957351889489266,-34.16662181112375,-0.0036834080565843266,1.0,0.0,3.0,62.0,-0.8660254037844073,-0.5000000000000543,0.3333333333333333,0.0,-0.3808387689514803,-0.3416423238446595,-0.32241583219975634,-0.3907657550740406,-0.07057138487871843,-1.5252194720483219
control,C:\Users\hoytb\Desktop\PRAYCGStimulus\Field of dreams\1.8prep\Fieldofdreams1_8_MediaPrep_v1_7A_20260817_210857\stimulus_control_cued_phase_scrambled_Fieldofdreams1_8_v1_7A.mp4,188.25,73.04435519104004,17.9980399032594,20.824064453887903,42.65616177520743,0.05031837510913697,0.12472977777777812,-0.5493068623618474,0.0,0.0,0.019096353631806746,-34.380991030262166,-0.0004771652630859158,0.0,0.0,0.0,0.0,-1.0,-4.556738359910354e-14,0.3333333333333333,0.0,-0.38243885431431185,-0.259454083201023,-0.2494402738824335,-0.4835462709933645,-0.09932898283469564,-0.2057151096452279
control,C:\Users\hoytb\Desktop\PRAYCGStimulus\Field of dreams\1.8prep\Fieldofdreams1_8_MediaPrep_v1_7A_20260817_210857\stimulus_control_cued_phase_scrambled_Fieldofdreams1_8_v1_7A.mp4,188.5,73.01822947387696,18.008716687011685,20.722739584350602,42.03555573120124,0.02214986689835973,0.12689502777777753,-1.116712723729492,0.0,0.0,0.0205473556472572,-33.74488123854719,0.0014510020154504533,0.0,0.0,0.0,0.0,-0.8660254037844528,0.4999999999999754,0.3333333333333333,0.0,-0.38365470786904565,-0.26974354592270855,-0.28070573212824446,-1.2511127022342492,-0.011880595825594434,0.5878071839972862
control,C:\Users\hoytb\Desktop\PRAYCGStimulus\Field of dreams\1.8prep\Fieldofdreams1_8_MediaPrep_v1_7A_20260817_210857\stimulus_control_cued_phase_scrambled_Fieldofdreams1_8_v1_7A.mp4,188.75,73.07901225280762,18.353703208923285,18.32518457794189,37.76947604370117,0.013067946057765201,0.12750562499999996,-1.537560662123431,0.0,0.0,0.021267779854187922,-33.44555687516162,0.0007204242069307233,0.0,0.0,0.0,0.0,-0.500000000000059,0.8660254037844046,0.3333333333333333,0.0,-0.3808259641691839,-0.5132134163926766,-0.49562619194494906,-1.4985868501822146,0.03153763115656783,0.2871435513580277
control,C:\Users\hoytb\Desktop\PRAYCGStimulus\Field of dreams\1.8prep\Fieldofdreams1_8_MediaPrep_v1_7A_20260817_210857\stimulus_control_cued_phase_scrambled_Fieldofdreams1_8_v1_7A.mp4,189.0,73.00486104736329,19.30506470947266,19.797989492797697,40.4608486267087,0.035181313949823934,0.13037433333333312,-0.9519626127562348,0.0,0.0,0.021409320130233042,-33.387942476569904,0.00014154027604511982,0.0,0.0,0.0,0.0,-5.095768645726166e-14,1.0,0.3333333333333333,0.0,-0.3842768553414529,-0.3636512078556568,-0.36003776522781655,-0.8960175288459055,0.04006792174553449,0.04890835791680976
control,C:\Users\hoytb\Desktop\PRAYCGStimulus\Field of dreams\1.8prep\Fieldofdreams1_8_MediaPrep_v1_7A_20260817_210857\stimulus_control_cued_phase_scrambled_Fieldofdreams1_8_v1_7A.mp4,189.25,72.93562286376952,18.59587428131105,22.807040051269542,46.354684860229504,0.02807871712297186,0.13186002083333345,-0.7897504483127209,0.0,0.0,0.021593747838498677,-33.31343948795621,0.00018442770826563454,0.0,0.0,0.0,0.0,0.4999999999999707,0.8660254037844556,0.3333333333333333,0.0,-0.38749910149532124,-0.05808443347490829,-0.06311269908238416,-1.0895568834377778,0.051182934292645275,0.06655834812403585
control,C:\Users\hoytb\Desktop\PRAYCGStimulus\Field of dreams\1.8prep\Fieldofdreams1_8_MediaPrep_v1_7A_20260817_210857\stimulus_control_cued_phase_scrambled_Fieldofdreams1_8_v1_7A.mp4,189.5,70.57053553466795,15.396991857910145,18.4590020385742,38.0855756988525,0.10620270475745236,0.11728665277777772,0.31823739304537224,0.0,0.0,0.02197181079934367,-33.16268298704279,0.0003780629608449923,0.0,0.0,0.0,0.0,0.8660254037844304,0.5000000000000144,0.3333333333333333,0.0,-0.4975668871332769,-0.4996243559875219,-0.4797014347417293,1.0392512853939155,0.07396787584458103,0.14624743499281362
control,C:\Users\hoytb\Desktop\PRAYCGStimulus\Field of dreams\1.8prep\Fieldofdreams1_8_MediaPrep_v1_7A_20260817_210857\stimulus_control_cued_phase_scrambled_Fieldofdreams1_8_v1_7A.mp4,189.75,69.48793328552246,14.092344244384762,15.755755025863625,32.41533387603755,0.025568014208969828,0.10703127777777766,-1.5487772657866534,0.0,0.0,0.020768880078829446,-33.651738425834765,-0.0012029307205142226,0.0,0.0,0.0,0.0,1.0,5.6347989315419776e-14,0.3333333333333333,0.0,-0.5479496492511478,-0.7741370150396394,-0.765362057397709,-1.157971272342807,0.0014701466391478797,-0.5043982565048615
control,C:\Users\hoytb\Desktop\PRAYCGStimulus\Field of dreams\1.8prep\Fieldofdreams1_8_MediaPrep_v1_7A_20260817_210857\stimulus_control_cued_phase_scrambled_Fieldofdreams1_8_v1_7A.mp4,190.0,69.50363970947265,14.921259124755899,16.77270065307608,34.544356414794706,0.028135142669083575,0.1180043055555559,-1.3956908040192084,0.0,0.0,0.023107940029903518,-32.724775363967424,0.002339059951074071,0.0,0.0,0.0,0.0,0.8660254037844582,-0.499999999999966,0.3333333333333333,0.0,-0.5472186947180037,-0.6708669672323572,-0.6581042149503373,-1.0880193382211227,0.14243964058951605,0.9532805419407979
control,C:\Users\hoytb\Desktop\PRAYCGStimulus\Field of dreams\1.8prep\Fieldofdreams1_8_MediaPrep_v1_7A_20260817_210857\stimulus_control_cued_phase_scrambled_Fieldofdreams1_8_v1_7A.mp4,190.25,69.56819675598143,14.643660141372658,17.08396925430314,35.30373233490026,0.010866554604098128,0.11396270138888911,-1.7059739390079607,0.0,0.0,0.024772220012639297,-32.120701429469925,0.0016642799827357793,0.0,1.0,0.0,0.0,0.5000000000000191,-0.8660254037844276,0.3333333333333333,0.0,-0.5442143019968066,-0.6392578797163058,-0.6198476811117822,-1.558572780896463,0.24274177557765889,0.6755800778056139
control,C:\Users\hoytb\Desktop\PRAYCGStimulus\Field of dreams\1.8prep\Fieldofdreams1_8_MediaPrep_v1_7A_20260817_210857\stimulus_control_cued_phase_scrambled_Fieldofdreams1_8_v1_7A.mp4,190.5,69.64579501342773,14.913095015716545,16.609297563171264,34.09284686279271,0.012437780090421317,0.10855536111111155,-1.7226450267342002,0.0,0.0,0.02367710696938871,-32.51342727509082,-0.0010951130432505854,1.0,0.0,2.0,63.0,6.17382921735779e-14,-1.0,0.3333333333333333,0.0,-0.5406029899486707,-0.6874604255793711,-0.6808507756421671,-1.5157583041699179,0.17674195737950021,-0.4600267273798609
control,C:\Users\hoytb\Desktop\PRAYCGStimulus\Field of dreams\1.8prep\Fieldofdreams1_8_MediaPrep_v1_7A_20260817_210857\stimulus_control_cued_phase_scrambled_Fieldofdreams1_8_v1_7A.mp4,190.75,69.66720739746094,14.633601731872583,16.910289467620895,34.84465523376474,0.024315886045246586,0.1074486041666665,-1.4573995693239568,0.0,0.0,0.021650001114058577,-33.290841538855474,-0.0020271058553301344,1.0,0.0,2.0,63.0,-0.49999999999996136,-0.8660254037844609,0.3333333333333333,0.0,-0.5396064881845433,-0.6568949287323852,-0.6429754867072712,-1.192090634962001,0.05457318334765064,-0.8435811430844373
control,C:\Users\hoytb\Desktop\PRAYCGStimulus\Field of dreams\1.8prep\Fieldofdreams1_8_MediaPrep_v1_7A_20260817_210857\stimulus_control_cued_phase_scrambled_Fieldofdreams1_8_v1_7A.mp4,191.0,69.63342176513672,14.793220852661122,16.385698074340826,33.70671790771486,0.0197876088410619,0.10840975,-1.5997493019091893,0.0,0.0,0.021871633566835705,-33.20237557564213,0.00022163245277712768,1.0,0.0,2.0,63.0,-0.8660254037844249,-0.5000000000000238,0.3333333333333333,0.0,-0.541178823248263,-0.7101667820288287,-0.7003035328930534,-1.315482102741458,0.06793043598951813,0.08186967226472654
control,C:\Users\hoytb\Desktop\PRAYCGStimulus\Field of dreams\1.8prep\Fieldofdreams1_8_MediaPrep_v1_7A_20260817_210857\stimulus_control_cued_phase_scrambled_Fieldofdreams1_8_v1_7A.mp4,191.25,69.58736289978027,14.336931667327866,17.041251567840582,34.7700351715088,0.028989997372030996,0.11988687499999995,-1.3517642701340118,0.0,0.0,0.02431677705521353,-32.28187973885477,0.0024451434883778246,0.0,0.0,0.0,0.0,-1.0,-6.712859503173602e-14,0.3333333333333333,0.0,-0.543322337044308,-0.6435958279852775,-0.6467347643735061,-1.064725318933307,0.21529332852007582,0.9969383992107774
control,C:\Users\hoytb\Desktop\PRAYCGStimulus\Field of dreams\1.8prep\Fieldofdreams1_8_MediaPrep_v1_7A_20260817_210857\stimulus_control_cued_phase_scrambled_Fieldofdreams1_8_v1_7A.mp4,191.5,69.21240361328125,15.632022370147705,16.86023755035401,34.675022247314466,0.037871122364699625,0.12548600000000004,-1.1942932484093745,0.0,0.0,0.02311382741376184,-32.72256267632899,-0.0012029496414516887,0.0,0.0,0.0,0.0,-0.8660254037844636,0.4999999999999567,0.3333333333333333,0.0,-0.5607724065878342,-0.6619776625095741,-0.6515214122685768,-0.8227226766556883,0.14279445899543947,-0.5044060432699742
control,C:\Users\hoytb\Desktop\PRAYCGStimulus\Field of dreams\1.8prep\Fieldofdreams1_8_MediaPrep_v1_7A_20260817_210857\stimulus_control_cued_phase_scrambled_Fieldofdreams1_8_v1_7A.mp4,191.75,69.18140865478516,15.416268222808823,17.50706271820068,35.99532864227293,0.021786900151521335,0.12697540972222213,-1.4473908668069335,0.0,0.0,0.021095077078057543,-33.516377668312586,-0.0020187503357042974,0.0,0.0,0.0,0.0,-0.5000000000000284,0.8660254037844223,0.3333333333333333,0.0,-0.562214867678225,-0.5962930632359851,-0.5850058105242285,-1.261003218567069,0.021129251951176407,-0.8401424937660534
control,C:\Users\hoytb\Desktop\PRAYCGStimulus\Field of dreams\1.8prep\Fieldofdreams1_8_MediaPrep_v1_7A_20260817_210857\stimulus_control_cued_phase_scrambled_Fieldofdreams1_8_v1_7A.mp4,192.0,69.5238902832031,14.159572618103097,16.6592164245606,34.402928222656335,0.03840121637582714,0.0872645277777806,-1.2040300379032192,0.0,0.0,0.020848639351536698,-33.618445663653304,-0.0002464377265208456,0.0,0.0,0.0,0.0,-1.567547902908612e-14,1.0,0.3333333333333333,0.0,-0.5462762619456563,-0.6823912035244097,-0.6652292136170256,-0.8082780931761968,0.006277045370506893,-0.11076098089319383
control,C:\Users\hoytb\Desktop\PRAYCGStimulus\Field of dreams\1.8prep\Fieldofdreams1_8_MediaPrep_v1_7A_20260817_210857\stimulus_control_cued_phase_scrambled_Fieldofdreams1_8_v1_7A.mp4,192.25,69.98663760070798,11.680619683456602,14.663898511123802,30.29058745040925,0.0816825132414664,0.028079590277781438,-0.5485950044025213,0.0,0.0,0.023855057969012702,-32.44839047455464,0.0030064186174760046,0.0,0.0,0.0,0.0,0.49999999999995204,0.8660254037844664,0.3333333333333333,0.0,-0.524740662849189,-0.8850142059716161,-0.8724044739113892,0.371098192072931,0.1874666343393349,1.227926826804346
control,C:\Users\hoytb\Desktop\PRAYCGStimulus\Field of dreams\1.8prep\Fieldofdreams1_8_MediaPrep_v1_7A_20260817_210857\stimulus_control_cued_phase_scrambled_Fieldofdreams1_8_v1_7A.mp4,192.5,69.76999191284172,10.385846668243051,11.957191204070833,24.693861984252486,0.0792738762795829,0.022649027777762648,-0.8685368641899893,0.0,0.0,0.026651875315652013,-31.485444542489457,0.002796817346639311,0.0,0.0,0.0,0.0,0.8660254037844195,0.5000000000000331,0.3333333333333333,0.0,-0.5348230436721032,-1.159878255257984,-1.154361422390039,0.3054650082651901,0.3560240609441179,1.1416670489125795
control,C:\Users\hoytb\Desktop\PRAYCGStimulus\Field of dreams\1.8prep\Fieldofdreams1_8_MediaPrep_v1_7A_20260817_210857\stimulus_control_cued_phase_scrambled_Fieldofdreams1_8_v1_7A.mp4,192.75,71.57751877441399,17.39522478866554,16.74471364898658,34.59526242294264,0.20655457254052484,0.28331677777777353,2.1308799168270967,0.0,0.0,0.023810026418983922,-32.4648024538958,-0.0028418488966680915,0.0,0.0,0.0,0.0,1.0,2.106578188724424e-14,0.3333333333333333,0.0,-0.4507033256869077,-0.6737090260140323,-0.6555396255661672,3.773749131223739,0.18475269157936292,-1.1788823247238907
control,C:\Users\hoytb\Desktop\PRAYCGStimulus\Field of dreams\1.8prep\Fieldofdreams1_8_MediaPrep_v1_7A_20260817_210857\stimulus_control_cued_phase_scrambled_Fieldofdreams1_8_v1_7A.mp4,193.0,72.95274581298828,21.674821551513656,22.5198525177001,46.15260223388653,0.09071811597347583,0.3566775,0.4204534351297393,0.0,0.0,0.019065004214248584,-34.395261887366665,-0.004745022204735338,0.0,0.0,0.0,0.0,0.866025403784469,-0.4999999999999474,0.3333333333333333,0.0,-0.3867022238997629,-0.08724810705563518,-0.07329340224689763,0.617310213356521,-0.10121833651576889,-1.9621185436079187
control,C:\Users\hoytb\Desktop\PRAYCGStimulus\Field of dreams\1.8prep\Fieldofdreams1_8_MediaPrep_v1_7A_20260817_210857\stimulus_control_cued_phase_scrambled_Fieldofdreams1_8_v1_7A.mp4,193.25,73.05864652099609,22.20242099151611,24.361350469207764,50.11878341827392,0.02180916734188796,0.3562159027777778,-0.757406784051107,0.0,0.0,0.018923486310624765,-34.459976992489246,-0.00014151790362381886,0.0,1.0,0.0,0.0,0.5000000000000377,-0.8660254037844168,0.3333333333333333,0.0,-0.3817737562341147,0.09975459633420801,0.1265184968047149,-1.2603964577221005,-0.10974727877293765,-0.06758204126456728
control,C:\Users\hoytb\Desktop\PRAYCGStimulus\Field of dreams\1.8prep\Fieldofdreams1_8_MediaPrep_v1_7A_20260817_210857\stimulus_control_cued_phase_scrambled_Fieldofdreams1_8_v1_7A.mp4,193.5,73.15079440307618,21.524862811279288,25.871713677978533,53.35447506103519,0.020839913254976267,0.3562709027777778,-0.6246369509239422,0.0,0.0,0.023973324651324894,-32.40543466514682,0.005049838340700129,1.0,0.0,1.0,64.0,2.645608474540236e-14,-1.0,0.3333333333333333,0.0,-0.3774853254404682,0.2531308207874866,0.28952912638224965,-1.2868077569960825,0.19459428164443413,2.068880370460581
control,C:\Users\hoytb\Desktop\PRAYCGStimulus\Field of dreams\1.8prep\Fieldofdreams1_8_MediaPrep_v1_7A_20260817_210857\stimulus_control_cued_phase_scrambled_Fieldofdreams1_8_v1_7A.mp4,193.75,73.13079498291016,21.996057090759273,23.463175373077394,48.27660511016846,0.014340448155999136,0.35273958333333344,-0.9955052211283762,0.0,0.0,0.02816507251796114,-31.005782524259374,0.0041917478666362445,1.0,0.0,1.0,64.0,-0.4999999999999427,-0.8660254037844717,0.3333333333333333,0.0,-0.3784160698847136,0.008545604786702323,0.03371155505853412,-1.4639123162317704,0.44722080165128897,1.7157398889724638
control,C:\Users\hoytb\Desktop\PRAYCGStimulus\Field of dreams\1.8prep\Fieldofdreams1_8_MediaPrep_v1_7A_20260817_210857\stimulus_control_cued_phase_scrambled_Fieldofdreams1_8_v1_7A.mp4,194.0,73.10995249023438,21.69078291625981,23.85619050903313,49.01285279541002,0.01397090185582564,0.35601725000000023,-0.9632779123508777,0.0,0.0,0.0310146869833238,-30.16865195186449,0.002849614465362662,1.0,0.0,1.0,64.0,-0.8660254037844142,-0.5000000000000424,0.3333333333333333,0.0,-0.3793860497191877,0.04845599015350545,0.07080291355208015,-1.4739821194559937,0.6189601830858533,1.1633952937663514
control,C:\Users\hoytb\Desktop\PRAYCGStimulus\Field of dreams\1.8prep\Fieldofdreams1_8_MediaPrep_v1_7A_20260817_210857\stimulus_control_cued_phase_scrambled_Fieldofdreams1_8_v1_7A.mp4,194.25,73.0827908782959,21.637788700103716,24.15968092193608,49.648368659973215,0.017977725508809387,0.3544816597222222,-0.8534860928610124,0.0,0.0,0.03269632167558177,-29.71002205102517,0.001681634692257971,0.0,0.0,0.0,0.0,-1.0,-3.1846387603560475e-14,0.3333333333333333,0.0,-0.38065011233693546,0.07927520861600022,0.102819512358928,-1.3647997904196403,0.72030824450178,0.6827222739515845
control,C:\Users\hoytb\Desktop\PRAYCGStimulus\Field of dreams\1.8prep\Fieldofdreams1_8_MediaPrep_v1_7A_20260817_210857\stimulus_control_cued_phase_scrambled_Fieldofdreams1_8_v1_7A.mp4,194.5,73.03572668457032,21.44193961181645,23.555402986145044,48.53755977783208,0.015474679042398961,0.35720959722222195,-0.9637904172885159,0.0,0.0,0.032718501746244626,-29.704131837057098,2.2180070662854157e-05,0.0,0.0,0.0,0.0,-0.8660254037844745,0.49999999999993805,0.3333333333333333,0.0,-0.3828404126791125,0.0179112480972054,0.04685816770384216,-1.4330055480364985,0.7216449837912925,-0.0002134091616530235
control,C:\Users\hoytb\Desktop\PRAYCGStimulus\Field of dreams\1.8prep\Fieldofdreams1_8_MediaPrep_v1_7A_20260817_210857\stimulus_control_cued_phase_scrambled_Fieldofdreams1_8_v1_7A.mp4,194.75,72.94729891967773,21.709843441009497,24.373539511108355,50.089394139099035,0.013417528685927476,0.35889982638888884,-0.9221789286250578,0.0,0.0,0.03552172285498045,-28.990119569186255,0.0028032211087358275,0.0,0.0,0.0,0.0,-0.5000000000000471,0.8660254037844115,0.3333333333333333,0.0,-0.38695571453324656,0.1009923841825607,0.12503789684957214,-1.489061039006326,0.8905883496712574,1.144302467552515
control,C:\Users\hoytb\Desktop\PRAYCGStimulus\Field of dreams\1.8prep\Fieldofdreams1_8_MediaPrep_v1_7A_20260817_210857\stimulus_control_cued_phase_scrambled_Fieldofdreams1_8_v1_7A.mp4,195.0,72.93191973876954,22.068410629272464,25.553351791381832,52.70001400756834,0.0162801382243633,0.35541375,-0.7468629982986755,0.0,0.0,0.04093798117783127,-27.757471560051393,0.005416258322850816,0.0,0.0,0.0,0.0,-3.7236690461718594e-14,1.0,0.3333333333333333,0.0,-0.3876714396427012,0.22080141558715394,0.25655808954124665,-1.4110575121240385,1.2170131574347975,2.219677673116486
control,C:\Users\hoytb\Desktop\PRAYCGStimulus\Field of dreams\1.8prep\Fieldofdreams1_8_MediaPrep_v1_7A_20260817_210857\stimulus_control_cued_phase_scrambled_Fieldofdreams1_8_v1_7A.mp4,195.25,72.9198619140625,21.954984378814697,25.26557828826905,52.15192966308596,0.015844699742645053,0.35594437500000004,-0.7844266906030354,0.0,0.0,0.051881799770204476,-25.699699334432506,0.010943818592373207,0.0,0.0,0.0,0.0,0.4999999999999826,0.8660254037844487,0.3333333333333333,0.0,-0.3882325935792955,0.19157823724910752,0.22894619572697084,-1.4229228178383662,1.8765706724711564,4.4945022446900404
control,C:\Users\hoytb\Desktop\PRAYCGStimulus\Field of dreams\1.8prep\Fieldofdreams1_8_MediaPrep_v1_7A_20260817_210857\stimulus_control_cued_phase_scrambled_Fieldofdreams1_8_v1_7A.mp4,195.5,72.93851073608398,21.88123028106689,24.159445318603524,49.449282562255874,0.014215137654543008,0.3566880138888889,-0.927939052389311,0.0,0.0,0.06100359825515442,-24.292890953324353,0.009121798484949942,0.0,0.0,0.0,0.0,0.8660254037844087,0.5000000000000517,0.3333333333333333,0.0,-0.38736470404329204,0.07925128327843498,0.09278977105102525,-1.4673269143240786,2.4263194361786278,3.7446639963183657
control,C:\Users\hoytb\Desktop\PRAYCGStimulus\Field of dreams\1.8prep\Fieldofdreams1_8_MediaPrep_v1_7A_20260817_210857\stimulus_control_cued_phase_scrambled_Fieldofdreams1_8_v1_7A.mp4,195.75,72.93228311157226,21.429639964294456,23.8658344917298,48.926120658874616,0.014830219688266772,0.35670532638888885,-0.9453092142004051,0.0,0.0,0.06598316383291133,-23.61133728515968,0.004979565577756917,0.0,0.0,0.0,0.0,1.0,4.262699331987672e-14,0.3333333333333333,0.0,-0.3876545287915606,0.04943532919335914,0.06643344274268762,-1.4505664839167238,2.7264258268962873,2.0399601597236665
control,C:\Users\hoytb\Desktop\PRAYCGStimulus\Field of dreams\1.8prep\Fieldofdreams1_8_MediaPrep_v1_7A_20260817_210857\stimulus_control_cued_phase_scrambled_Fieldofdreams1_8_v1_7A.mp4,196.0,72.15180408935555,20.848084860229537,24.6988709472655,50.64426822509742,0.021810881310700504,0.35156980555555606,-0.7234182080268241,0.0,0.0,0.07551679669386144,-22.4391288083234,0.009533632860950103,0.0,0.0,0.0,0.0,0.8660254037844514,-0.4999999999999779,0.3333333333333333,0.0,-0.42397690752795303,0.13402954179073379,0.15299185046477745,-1.2603497536185373,3.3009948537823273,3.914151240647368
control,C:\Users\hoytb\Desktop\PRAYCGStimulus\Field of dreams\1.8prep\Fieldofdreams1_8_MediaPrep_v1_7A_20260817_210857\stimulus_control_cued_phase_scrambled_Fieldofdreams1_8_v1_7A.mp4,196.25,63.962949775696316,16.012953622818287,21.174996665954907,43.44166490936343,0.18978004232048695,0.24572201388890208,2.244744145625231,0.0,0.0,0.0817273734434935,-21.752649164384934,0.00621057674963206,0.0,1.0,0.0,0.0,0.5000000000000564,-0.8660254037844061,0.3333333333333333,0.0,-0.8050744890530643,-0.2238171864510814,-0.2098674793856669,3.316658319016273,3.675291314688997,2.5465732629951927
control,C:\Users\hoytb\Desktop\PRAYCGStimulus\Field of dreams\1.8prep\Fieldofdreams1_8_MediaPrep_v1_7A_20260817_210857\stimulus_control_cued_phase_scrambled_Fieldofdreams1_8_v1_7A.mp4,196.5,55.266149346924216,10.965056734848256,15.91358101043723,32.784723971558066,0.25751421720981,0.052447222222225975,3.0553208467217656,0.0,0.0,0.08375776744718369,-21.539498144697067,0.002030394003690192,1.0,0.0,3.0,65.0,4.801729617803484e-14,-1.0,0.3333333333333333,0.0,-1.2098111571463293,-0.7581099074578663,-0.7467525857055551,5.162353465660643,3.797658257480967,0.82625146450343
control,C:\Users\hoytb\Desktop\PRAYCGStimulus\Field of dreams\1.8prep\Fieldofdreams1_8_MediaPrep_v1_7A_20260817_210857\stimulus_control_cued_phase_scrambled_Fieldofdreams1_8_v1_7A.mp4,196.75,46.96565798034691,5.73382624301926,10.935426045990145,22.374228047180505,0.42527793650626466,0.00010396527777778466,5.873118159562711,1.0,0.0,0.08645593794987844,-21.26410346463419,0.0026981705026947467,1.0,0.0,3.0,65.0,-0.49999999999997324,-0.866025403784454,0.3333333333333333,0.0,-1.5961041676345253,-1.2636377227253275,-1.271222059996667,9.733763436984935,3.9602704770532067,1.1010697051349663
control,C:\Users\hoytb\Desktop\PRAYCGStimulus\Field of dreams\1.8prep\Fieldofdreams1_8_MediaPrep_v1_7A_20260817_210857\stimulus_control_cued_phase_scrambled_Fieldofdreams1_8_v1_7A.mp4,197.0,42.01273602294926,2.1393507886886947,5.252622609710788,10.552035451507763,0.2573918645024376,0.0,1.9804046104285717,0.0,0.0,0.08226891528634507,-21.69528457625999,-0.004187022663533366,1.0,0.0,3.0,65.0,-0.8660254037844034,-0.5000000000000611,0.3333333333333333,0.0,-1.8266060800080774,-1.840722049399317,-1.8668112788639206,5.159019464788188,3.707928733625045,-1.7324781588161136
control,C:\Users\hoytb\Desktop\PRAYCGStimulus\Field of dreams\1.8prep\Fieldofdreams1_8_MediaPrep_v1_7A_20260817_210857\stimulus_control_cued_phase_scrambled_Fieldofdreams1_8_v1_7A.mp4,197.25,40.401795500183106,0.3471259934544577,1.6697446870803856,3.578482833290104,0.12137334425747394,0.0,-1.0706709315359726,0.0,0.0,0.09179051365458529,-20.74404399687165,0.009521598368240222,0.0,0.0,0.0,0.0,-1.0,-5.340759903619296e-14,0.3333333333333333,0.0,-1.9015769506197253,-2.2045605521243,-2.2181312834233284,1.4526375227317665,4.281772470701184,3.909198538480771
control,C:\Users\hoytb\Desktop\PRAYCGStimulus\Field of dreams\1.8prep\Fieldofdreams1_8_MediaPrep_v1_7A_20260817_210857\stimulus_control_cued_phase_scrambled_Fieldofdreams1_8_v1_7A.mp4,197.5,42.02458781433107,3.2853317079544704,3.1010787363052885,5.74358164978039,0.2802513179779056,0.0,2.216150595144066,0.0,0.0,0.10324295590607271,-19.722791396830424,0.011452442251487421,0.0,0.0,0.0,0.0,-0.8660254037844568,0.4999999999999686,0.3333333333333333,0.0,-1.8260545145681095,-2.059209678157892,-2.109055957298472,5.781918945051358,4.9719835052437835,4.703822368039258
control,C:\Users\hoytb\Desktop\PRAYCGStimulus\Field of dreams\1.8prep\Fieldofdreams1_8_MediaPrep_v1_7A_20260817_210857\stimulus_control_cued_phase_scrambled_Fieldofdreams1_8_v1_7A.mp4,197.75,43.07015212097168,7.942285409355162,7.019161217880248,14.438270874786374,0.275013366407156,0.0011320833333333315,2.5066969654640388,0.0,0.0,0.10110962444483276,-19.904150054396737,-0.002133331461239951,0.0,0.0,0.0,0.0,-0.5000000000000165,0.866025403784429,0.3333333333333333,0.0,-1.777395445383661,-1.6613314097845626,-1.6710269604006966,5.63918949114884,4.843412770499981,-0.8872974675877284
control,C:\Users\hoytb\Desktop\PRAYCGStimulus\Field of dreams\1.8prep\Fieldofdreams1_8_MediaPrep_v1_7A_20260817_210857\stimulus_control_cued_phase_scrambled_Fieldofdreams1_8_v1_7A.mp4,198.0,44.4213926574706,12.593644107055335,12.074522125243709,24.920429736327222,0.18445327696800567,0.039771583333326664,1.2238625283149327,0.0,0.0,0.09833356071090496,-20.145964690258165,-0.0027760637339278027,0.0,0.0,0.0,0.0,-5.879790189435108e-14,1.0,0.3333333333333333,0.0,-1.7145106411370552,-1.1479633902794024,-1.1429471851927788,3.171508769701576,4.676106114009166,-1.1518089510563603
control,C:\Users\hoytb\Desktop\PRAYCGStimulus\Field of dreams\1.8prep\Fieldofdreams1_8_MediaPrep_v1_7A_20260817_210857\stimulus_control_cued_phase_scrambled_Fieldofdreams1_8_v1_7A.mp4,198.25,46.128519645690815,17.41417692413302,17.94359669418303,36.97443753204281,0.1425143301665804,0.16107973611110296,0.98468225533948,0.0,0.0,0.09632687110684515,-20.325050925007805,-0.002006689604059808,0.0,0.0,0.0,0.0,0.4999999999999639,0.8660254037844595,0.3333333333333333,0.0,-1.6350633898308764,-0.5519633730707681,-0.5356793684006688,2.028710312449406,4.555167778132021,-0.835178993169359
control,C:\Users\hoytb\Desktop\PRAYCGStimulus\Field of dreams\1.8prep\Fieldofdreams1_8_MediaPrep_v1_7A_20260817_210857\stimulus_control_cued_phase_scrambled_Fieldofdreams1_8_v1_7A.mp4,198.5,48.04173049316398,21.07703250427233,23.485167797851332,47.64861118469195,0.08387542271018311,0.26514161111110746,0.3822064135892912,0.0,0.0,0.10070172500047045,-19.93926180000939,0.004374853893625297,0.0,0.0,0.0,0.0,0.8660254037844264,0.5000000000000212,0.3333333333333333,0.0,-1.5460252901172888,0.010778918640490241,0.0020739033707381604,0.4308529963508955,4.818829656147574,1.7910957546867778
control,C:\Users\hoytb\Desktop\PRAYCGStimulus\Field of dreams\1.8prep\Fieldofdreams1_8_MediaPrep_v1_7A_20260817_210857\stimulus_control_cued_phase_scrambled_Fieldofdreams1_8_v1_7A.mp4,198.75,49.121309875488265,22.394619998931866,26.909982456207263,55.036662170410146,0.03189829048514402,0.27075854166666774,-0.3014365793575546,0.0,0.0,0.09749818503735844,-20.220069375293328,-0.003203539963112012,0.0,0.0,0.0,0.0,1.0,6.41882047525092e-14,0.3333333333333333,0.0,-1.4957832079029443,0.3585662182122196,0.37427588535722317,-0.9854769558630708,4.625760039765013,-1.3277334787858193
control,C:\Users\hoytb\Desktop\PRAYCGStimulus\Field of dreams\1.8prep\Fieldofdreams1_8_MediaPrep_v1_7A_20260817_210857\stimulus_control_cued_phase_scrambled_Fieldofdreams1_8_v1_7A.mp4,199.0,49.66828427124023,23.017963128662103,26.67152579040531,54.31738117065436,0.020666111296415386,0.2438151666666664,-0.5476136350131298,0.0,0.0,0.09446550166161338,-20.494535294996794,-0.0030326833757450544,0.0,0.0,0.0,0.0,0.8660254037844621,-0.49999999999995925,0.3333333333333333,0.0,-1.4703278009079106,0.3343511268460925,0.3380392900451647,-1.2915437035388322,4.44298753724999,-1.2574187749732562
control,C:\Users\hoytb\Desktop\PRAYCGStimulus\Field of dreams\1.8prep\Fieldofdreams1_8_MediaPrep_v1_7A_20260817_210857\stimulus_control_cued_phase_scrambled_Fieldofdreams1_8_v1_7A.mp4,199.25,49.84687174987793,22.764725730895993,25.1648471572876,51.78812690124512,0.02557171474546198,0.26508234722222224,-0.6021462948585323,0.0,0.0,0.09090151287730208,-20.828577774673782,-0.0035639887843113005,0.0,1.0,0.0,0.0,0.5000000000000259,-0.8660254037844237,0.3333333333333333,0.0,-1.462016594774231,0.18134906822199803,0.21061820783529636,-1.157870436062529,4.228194540970246,-1.4760733964489354
control,C:\Users\hoytb\Desktop\PRAYCGStimulus\Field of dreams\1.8prep\Fieldofdreams1_8_MediaPrep_v1_7A_20260817_210857\stimulus_control_cued_phase_scrambled_Fieldofdreams1_8_v1_7A.mp4,199.5,49.85953078918457,22.045180041503905,24.728558638000468,50.465057772827095,0.04139444966316242,0.2640140694444441,-0.33304120518656893,0.0,0.0,0.08249233568901211,-21.67172799194891,-0.00840917718828997,1.0,0.0,2.0,66.0,6.957850761066731e-14,-1.0,0.3333333333333333,0.0,-1.4614274611690397,0.13704430399576104,0.14396342258079942,-0.7267151870031131,3.7213937416885186,-3.4700731174553754
control,C:\Users\hoytb\Desktop\PRAYCGStimulus\Field of dreams\1.8prep\Fieldofdreams1_8_MediaPrep_v1_7A_20260817_210857\stimulus_control_cued_phase_scrambled_Fieldofdreams1_8_v1_7A.mp4,199.75,49.77414848480225,22.279109463500948,24.60818319625852,50.40569919586173,0.023676791950317185,0.28600904861110854,-0.6956310997594393,0.0,0.0,0.06997102623947074,-23.101635127929793,-0.01252130944954137,1.0,0.0,2.0,66.0,-0.4999999999999546,-0.8660254037844649,0.3333333333333333,0.0,-1.4654010316416353,0.12482027029044994,0.14097300196281573,-1.209505372370225,2.96676466264876,-5.162389266594944
control,C:\Users\hoytb\Desktop\PRAYCGStimulus\Field of dreams\1.8prep\Fieldofdreams1_8_MediaPrep_v1_7A_20260817_210857\stimulus_control_cued_phase_scrambled_Fieldofdreams1_8_v1_7A.mp4,200.0,49.56423278808595,22.258480453491178,25.773304672241277,52.54186233520521,0.01131249755620894,0.2972027777777781,-0.8230025562487114,0.0,0.0,0.04877864546570444,-26.235405275404155,-0.021192380773766298,1.0,0.0,2.0,66.0,-0.866025403784421,-0.5000000000000305,0.3333333333333333,0.0,-1.4751702082905958,0.2431374617963963,0.2485905801098925,-1.5464212378425157,1.6895510572815569,-8.730901439853987
control,C:\Users\hoytb\Desktop\PRAYCGStimulus\Field of dreams\1.8prep\Fieldofdreams1_8_MediaPrep_v1_7A_20260817_210857\stimulus_control_cued_phase_scrambled_Fieldofdreams1_8_v1_7A.mp4,200.25,49.4303966064453,22.697055583190902,25.368355376434224,51.76920314788798,0.016970916420966837,0.29783261111111003,-0.7518091383525793,0.0,0.0,0.03872348338543808,-28.240511649450877,-0.010055162080266362,0.0,0.0,0.0,0.0,-1.0,-1.8125391608017415e-14,0.3333333333333333,0.0,-1.481398752991743,0.20201517165768948,0.2096648497006858,-1.3922344295817004,1.0835507239454263,-4.147465437780137
control,C:\Users\hoytb\Desktop\PRAYCGStimulus\Field of dreams\1.8prep\Fieldofdreams1_8_MediaPrep_v1_7A_20260817_210857\stimulus_control_cued_phase_scrambled_Fieldofdreams1_8_v1_7A.mp4,200.5,49.675284408569325,22.737626495361344,26.251834289550818,53.497096853637764,0.012201745352148949,0.307776041666667,-0.7572717521387824,0.0,0.0,0.02326398274471295,-32.66631865851572,-0.01545950064072513,0.0,0.0,0.0,0.0,-0.8660254037844676,0.49999999999994993,0.3333333333333333,0.0,-1.470002024516699,0.2917317771013508,0.2967142573435493,-1.5221900378048314,0.15184395813649745,-6.3715790703749215
control,C:\Users\hoytb\Desktop\PRAYCGStimulus\Field of dreams\1.8prep\Fieldofdreams1_8_MediaPrep_v1_7A_20260817_210857\stimulus_control_cued_phase_scrambled_Fieldofdreams1_8_v1_7A.mp4,200.75,49.853962860107416,22.938955110931378,26.401131118774387,53.94185123901361,0.01804953732043481,0.2962369236111115,-0.6265749261862961,0.0,0.0,0.004097241087610186,-47.75016961343152,-0.019166741657102762,0.0,0.0,0.0,0.0,-0.5000000000000352,0.8660254037844183,0.3333333333333333,0.0,-1.4616865846341949,0.3068927555045478,0.31912050007983683,-1.362842983351342,-1.0032892699958222,-7.897265366967728
control,C:\Users\hoytb\Desktop\PRAYCGStimulus\Field of dreams\1.8prep\Fieldofdreams1_8_MediaPrep_v1_7A_20260817_210857\stimulus_control_cued_phase_scrambled_Fieldofdreams1_8_v1_7A.mp4,201.0,,,,,,,,0.0,0.0,,,,0.0,0.0,0.0,0.0,-2.3515694466175534e-14,1.0,0.3333333333333333,0.0,0.0,0.0,0.0,0.0,0.0,0.0
