time_lsl,phase_time_sec,condition,window_start_lsl,window_end_lsl,n_eeg_samples,theta_midline,theta_frontal,theta_parietal,alpha_posterior,gamma_meaning_raw,gamma_task_raw,gamma_visual_raw,hf_jaw_45_55,fp1_hf_35_55,global_ptp,fp1_ptp,resp_mean,resp_std,resp_ptp,theta_midline_z,theta_frontal_z,theta_parietal_z,alpha_posterior_z,gamma_meaning_raw_z,gamma_task_raw_z,gamma_visual_raw_z,hf_jaw_45_55_z,fp1_hf_35_55_z,global_ptp_z,fp1_ptp_z,resp_std_z,resp_ptp_z,artifact_score,meaninggamma_z,taskgamma_z,tsp_z,theta_integration_z,nast_nas_z,A_sem,R_int,NIP_density,blink_proxy_event
33499.4193224,1.0,BASELINE_1,33498.4193224,33500.4193224,249,1.594406512404094,1.7511682570797615,1.102601076758545,1.52045644180078,1.8954883672658356,1.5902037542579208,2.0446175536187545,1.3812639265831543,1.8369483617324995,139.1171875,258.07421875,18.99378490447998,3.8118462581885417,12.054492950439453,3.3654604345002666,4.421092811778421,1.8169736279362436,1.8335267133909385,7.3320660458250195,8.913609145367024,10.30802010414559,4.959321503496819,8.845465551573952,1.0405312687008699,2.7298754866771433,3.7044211525074866,4.209467407496337,4.393798452612196,3.3609003240589037,8.034849454844585,-0.40268091890550783,2.37554675976666,-1.7264452552751144,0.27979451626907736,0.7035868575331212,0.1968597444567599,1
33500.4193224,2.0,BASELINE_1,33499.4193224,33501.4193224,249,0.7513342327787075,0.7693148090125929,0.6828528167505853,1.4969510603895329,1.9154597159711697,1.5389206026900337,2.066325571693397,1.1780000569024138,1.878077616715392,138.28955078125,164.732421875,15.369772720336915,1.1205568689107792,4.026679992675781,-0.1123918407428815,0.10626140110550403,0.21531018349747044,1.7766407285232455,7.428758965945089,8.641217236734581,10.426513318879984,4.157753893585601,9.085960771530157,1.0223397873446525,1.1624265255224648,-0.27392281192969414,-0.0460485791479569,3.8571202444957184,3.52938092138195,7.8697931878354375,-0.5432516460565769,-0.532533520563439,-1.561883880730992,0.416145736924175,0.0,0.0,0
33501.4193224,3.0,BASELINE_1,33500.4193224,33502.4193224,249,1.9743937674014753,2.0747398253604246,1.6691700444985678,1.5865020863088815,2.160784903330424,1.6239445797587924,2.2611190245391426,1.3763612362120017,1.963728223504882,165.4140625,681.4375,16.65059452056885,3.1613569766405574,12.412189483642578,4.932988594651919,5.843053257267013,3.9788713434035983,1.9933654953418312,8.616520949112202,9.092824493410724,11.489793363955437,4.939987827477013,9.586785829698332,1.6185374161465547,9.839234397723374,2.7428485629941806,4.399081107195338,6.496136367761318,3.8703556663733067,7.79359721985846,-0.059340083555803336,3.8066400340738276,-1.920004826110541,0.22372925610455874,1.3535527335882547,0.3028293461839922,1
33502.4193224,4.0,BASELINE_1,33501.4193224,33503.4193224,250,2.277336971259683,2.4404804547001726,1.1821373674107507,1.5878755706222578,1.9575829655712673,1.5304934523005769,2.1289560173747004,1.3274868873924621,1.8331869749376295,193.654296875,705.533203125,18.902316284179687,4.487194935654468,14.085712432861328,6.18269367483303,7.450328924262957,2.1204659384022344,1.9966895004494172,7.632702128165884,8.59645618931966,10.768381601074493,4.747252664898547,8.823471582926844,2.2392586643578705,10.24386325742008,4.7027416399256845,5.286209855944911,6.513461542400835,3.0994953393633695,7.293763880839493,-0.8522792405176955,4.037421785608111,-2.2789849490613294,0.0,1.3530470933419716,0.0,1
33503.4193224,5.0,BASELINE_1,33502.4193224,33504.4193224,249,1.9962372772239332,2.182841931311566,1.1175825802088555,1.8138991755487355,1.9578208648806805,1.720400636312442,2.0293615434425103,1.35110924265215,1.9489609005866197,214.677734375,602.3125,17.972040748596193,3.969208309206329,14.445972442626953,5.023097713610363,6.318116377161426,1.8741396217122288,2.5436951050228784,7.633853937152904,9.605153563300803,10.22474517395215,4.840407020740154,9.500436816693622,2.7013544881179237,8.510522039448839,3.9370384133610563,5.477182445736455,6.388180091250135,3.2887943667172315,8.327517545050776,-0.9851767247001544,3.2217391004687084,-2.549528052674376,0.0,0.7805460071380379,0.0,1
33504.4193224,6.0,BASELINE_1,33503.4193224,33505.4193224,249,1.6022976772918525,1.8157799704093947,0.6143388606141676,2.2425325220676373,1.5285113772395666,1.09339575617297,1.8496061855484969,1.2563683594826964,1.6779473693388771,241.890625,1150.509765625,13.208881759643555,3.4189782891235456,9.369186401367188,3.398013166243984,4.705034015754335,-0.04612341714568831,3.581041814580874,5.555316898531006,6.274799425510355,9.243550568836472,4.46679796074196,7.915738556643837,3.2994946880852978,17.716164776993807,3.1236720440030834,2.7859956588719155,8.349548995616225,1.1123419287568197,4.604889626387109,-2.4081079676516493,1.2015371826172354,-3.70328020074144,0.0,0.0,0.0,1
33505.4193224,7.0,BASELINE_1,33504.4193224,33506.4193224,249,1.4799845153877245,1.475124603076866,1.0579336037158904,1.8974108136439731,1.1368038130532228,0.45381500794269836,1.1910514306117568,0.9636724913520686,1.2624892600208728,279.77685546875,867.806640625,9.093799209594726,1.5055595910036035,5.3578338623046875,2.8934453863503395,3.207997485430758,1.6465327576714865,2.745803792299436,3.6588326513664007,2.8776482090062854,5.648829497444539,3.3125567873506485,5.486429068188919,4.132235236704916,12.968851842898,0.2951996547333629,0.6595915002476234,6.475018233785621,0.6691801553759149,1.5826445622491612,-1.1556011960216126,1.5486836510609818,-2.444287721176958,0.0,0.0,0.0,1
33506.4193224,8.0,BASELINE_1,33505.4193224,33507.4193224,249,0.9590153902058554,1.3085152764412769,0.564490875423761,0.5972942989081459,1.2204084759427163,0.5139433883045914,0.7622138913790233,0.7427885660911837,1.016323643060903,200.2158203125,484.765625,9.70201759338379,1.757363898853449,5.2479705810546875,0.7443370582360754,2.4758198296986524,-0.23633193797883173,-0.4006419976893878,4.063611472752663,3.197021800312823,3.3080198275912696,2.441504788206544,4.047024094258138,2.383481157847456,6.536607530898417,0.6674242666033444,0.6013533534242808,3.8521543928026385,2.3007746459147542,2.4265909217522954,-0.24201371179271158,0.1695763049329777,-0.38449795169030726,0.1175617466253609,0.0,0.0,1
33507.4193224,9.0,BASELINE_1,33506.4193224,33508.4193224,249,1.2621418023828066,1.4093919566496569,0.5148882902239571,0.7268375305974526,1.156732584032067,0.42032774607603485,0.5444770739026437,0.5511603685248213,0.7032163536475142,182.8603515625,931.171875,12.908413696289063,1.8768170687680055,5.753852844238281,1.9947979116570203,2.9191302536976407,-0.42560406852364696,-0.08713105359282204,3.7553194279371733,2.69977967137049,2.119503428715148,1.6858222532035316,2.216190871806502,2.002007403673187,14.032917182538126,0.8440034927006156,0.8695197979670155,4.984234427805337,2.1226215137615614,1.7029327858094225,-0.5256043486752715,0.5848885228311106,-0.7207621203949837,0.0,0.0,0.0,1
33508.4193224,10.0,BASELINE_1,33507.4193224,33509.4193224,249,1.6021307468270756,1.7595049619327154,0.6953972719605136,0.48169551051983256,1.0377100805222028,0.38300072870709845,0.4270557956100318,0.4907567864997867,0.4016995450486138,138.939453125,634.51953125,13.132231521606446,1.912465693848334,6.361946105957031,3.3973245426102077,4.45772911023197,0.2631769580726901,-0.6804056318942215,3.1790622309810037,2.501516163886527,1.478559391573128,1.4476217557421234,0.45313070369387637,1.0366246614951689,9.05136097082589,0.8967003498256193,1.1918679406342172,2.9971845229392646,2.1360575089212124,1.9020792592986742,0.11091388683028847,2.0628761231055392,-0.012081379530451741,0.41049208554727734,0.8667591589520822,0.3557977748254443,0
33509.4193224,11.0,BASELINE_1,33508.4193224,33510.4193224,249,0.7650155595851525,0.8807559747034579,0.7535487926406415,0.36913468750422357,0.9813071940059084,0.2083363037097571,0.4688893795519952,0.5159756753484985,0.5746357922067316,161.63671875,418.24609375,9.937971496582032,2.1074704445785652,6.0579071044921875,-0.05595346088856742,0.5959982789578233,0.4850698729119795,-0.9528170070909313,2.905983037335719,1.5737811351172262,1.7069080058086508,1.5470720146141457,1.4643413569379342,1.5355112805880315,5.419573429937859,1.1849621681923115,1.0306979136163679,2.4916245205194927,1.8955857314892253,1.0754562310133275,0.32584224421453023,-0.10994862416702178,0.2763380438717818,0.5289514893499696,0.0,0.0,0
33510.4193224,12.0,BASELINE_1,33509.4193224,33511.4193224,249,0.5658203508087837,0.6372607026862165,0.4667061900379456,0.72188999771508,1.034641857663858,0.30962026445567686,0.3071518203460073,0.6067142488736386,0.5698015111694382,153.9482421875,233.912109375,8.056469345092774,0.18637944465237766,0.8252639770507812,-0.8776760187317179,-0.4740606489998906,-0.6094559528477363,-0.09910470659401913,3.164207178769469,2.1117537545439635,0.824063553232929,1.9048980346615807,1.4360738504665052,1.3665183216293315,2.324131495163165,-1.6548516456398594,-1.7431081775801618,1.7579054254801456,2.565407027703561,1.7601726694479343,0.46709898676540135,-0.9667617355479807,0.3005212814674051,1.0430987495617448,0.0,0.0,0
33511.4193224,13.0,BASELINE_1,33510.4193224,33512.4193224,250,0.883641205191457,0.6904636149616996,1.045414935777478,0.8933695130598562,0.9460068275670074,0.23260079163144953,0.4496546998509427,0.32285784187513944,0.5975493898416138,127.8857421875,287.0859375,8.826544952392577,1.0406723646863347,3.2141876220703125,0.43340253081524294,-0.24025630938338807,1.598764381431779,0.31589732823170363,2.7350734226348243,1.7026626483414924,1.6019155083670522,0.7855151257700658,1.5983241073057948,0.7936637441252302,3.217056898846623,-0.39201046036302095,-0.4767479851168372,1.5986399690119284,1.9347707763223232,1.3829346545391066,0.7875680991744191,0.46675141513951496,0.1553858672375389,0.920863086894902,0.16451161663015856,0.15149267512011852,1
33512.4193224,14.0,BASELINE_1,33511.4193224,33513.4193224,249,0.6377198088519563,0.7130657357442167,0.5389583721230954,0.7544987343688605,1.0874171614781256,0.3148781426551841,0.3856367326699219,0.7059207650640043,0.4197630332605513,113.8603515625,311.11328125,11.54046630859375,2.0772410520593216,6.410499572753906,-0.5810754783186137,-0.1409295301250274,-0.3337581361980046,-0.02018745494908506,3.4197231337165905,2.1396811231695985,1.2524734401894437,2.296117242458965,0.5587533942218997,0.4853852128709623,3.6205378287314307,1.1402761817069231,1.2176059660775334,1.7401984195708144,2.6959414177455945,1.7916414392554356,0.6059503529667852,-0.6675149818733055,0.3495403502476219,1.1727656479311703,0.0,0.0,0
33513.4193224,15.0,BASELINE_1,33512.4193224,33514.4193224,249,0.6019925331485967,0.629333974196776,0.4724449612063649,0.4996035521655259,0.9652455737781638,0.2530030448190012,0.4748437172943342,0.35510066025917564,0.4545432414252493,91.4189453125,232.32421875,12.391026306152344,1.5520189047685453,4.683319091796875,-0.728458081324349,-0.5088952744090526,-0.5875581134230248,-0.6370659145655132,2.828219387789837,1.811029792642342,1.7394097578469097,0.9126641311958058,0.7621238130678235,-0.007877609035671656,2.2974667255325074,0.3638771931820435,0.3020335446468092,0.9930636674490342,2.107783726945957,1.612417059152535,0.44164219277175487,-0.7841900812931812,0.4933901482836928,0.9979679452115326,0.0,0.0,0
33514.4193224,16.0,BASELINE_1,33513.4193224,33515.4193224,249,0.6108125175789041,0.7928562026201389,0.5140478645829746,1.119175274390148,0.9247684226266105,0.37225762732612916,0.5538089129604455,0.4628031394799851,0.6455160045456634,74.39794921875,192.650390625,9.872051239013672,1.8300236491578543,6.017021179199219,-0.6920737716276955,0.20971588791187448,-0.42881094072582165,0.8623757238524855,2.6322459459992076,2.444453877339643,2.1704412713841923,1.3373870245763844,1.8787994419210992,-0.3819996436058055,1.6312410607015775,0.7748320690614136,1.0090244255034309,1.2118568817997653,1.7387421882239968,2.20208250097969,0.1057247476958636,-0.6013523811740904,-0.28334262527148724,0.5593044822768354,0.0,0.0,0
33515.4193224,17.0,BASELINE_1,33514.4193224,33516.4193224,249,0.6668087288467147,0.6277687017511326,0.623290915063198,0.8627933931548853,1.0281339917983712,0.286255067984337,0.49711530981524915,0.4204920310254564,0.6160009865785641,78.5888671875,130.826171875,8.159563446044922,0.4810125069290295,1.9852294921875,-0.46107750301679357,-0.5157739860212773,-0.011964422982459363,0.24189926524368183,3.132698813282085,1.9876488532690255,1.8609792436462769,1.170533888650849,1.7062161860133187,-0.289883133587863,0.5930533388210938,-1.219316296040565,-1.128214455019454,0.8674508533713153,2.4009148695139393,1.8141586825947624,0.7378176226252704,-0.4449448496113706,0.38654511387391755,1.277593962175773,0.0,0.0,0
33516.4193224,18.0,BASELINE_1,33515.4193224,33517.4193224,249,0.5427506173252652,0.426425663911177,0.49254676242832,0.961925722141284,0.9946465523499026,0.40150304637282463,0.5246127718222457,0.6041826844475965,0.7941370894223875,94.447265625,130.533203125,8.589315032958984,0.9659692072662922,3.2218551635742188,-0.9728435708193738,-1.4005916395136082,-0.5108542333784247,0.4818119927998113,2.970566633057741,2.599791746977775,2.011074137571756,1.8949148534424785,2.7478319715019177,0.05868496758454035,0.5881336396272456,-0.502438887952587,-0.47268344778645804,1.3223913580390454,2.1027661201784054,2.335313475369966,0.23114727316976252,-1.0950556201597452,-0.07070223640728512,0.7787125317581378,0.0,0.0,0
33517.4193224,19.0,BASELINE_1,33516.4193224,33518.4193224,249,1.212329587885636,1.3292948641762885,0.6446178974970563,0.7793097538594906,1.1273278480883808,0.1797574741508677,0.3328114017443741,0.3807759626859014,0.40892758695638853,111.3349609375,149.46484375,10.93110008239746,2.037172187066816,6.668548583984375,1.7893119435964138,2.5671373456032547,0.06941446860329967,0.039858338590801096,3.6129539910453117,1.421983874379026,0.9641263760192682,1.0139142492431665,0.49539525551194324,0.4298770467503985,0.9060446015337196,1.0810451945674975,1.3543968577446108,0.7113077882598069,3.18145452058757,1.2797223167270646,1.333382193063624,1.236216739511221,0.9416044977039156,1.9835754132614674,0.989766598618618,1.9632766898873222,0
33518.4193224,20.0,BASELINE_1,33517.4193224,33519.4193224,250,0.8245039362240083,0.832941473303883,0.5705231022074422,1.2214437973131536,0.9059729783382664,0.12723601014413669,0.3775086931572577,0.5098943834543859,0.558753419405668,106.7509765625,147.654296875,12.88414192199707,1.5064981400762385,4.8340606689453125,0.18944873183433505,0.38587373040051554,-0.2133143389831779,1.1098784359189113,2.541246263403476,1.143014634237354,1.2081065372307267,1.523090543551961,1.37147230930245,0.3291209246429251,0.8756408605157374,0.2965870458676354,0.38194113526733725,1.0248311595032684,1.9738480703336043,0.9380484023367003,0.5884703835945309,-0.06595801716404862,0.06063499397188196,0.9541405717641954,0.0,0.0,0
33519.4193224,21.0,BASELINE_1,33518.4193224,33520.4193224,249,1.3232837626950298,1.3697317708070438,0.6281271250733986,1.8839497719985894,0.8183982423096656,0.3175032710935921,0.3095599378810385,0.32054591272574007,0.674062648134074,101.64453125,51.119140625,11.1579833984375,2.3520348379911553,6.4718170166015625,2.247021488358152,2.7448404796344086,0.006489449304754695,2.7132263753264745,2.1172460078229376,2.153624567047003,0.8372082625842368,0.7763980725255377,2.0457203193272617,0.21688109454067142,-0.745432821851887,1.5464845233598927,1.2501101317733114,0.7597498715983677,1.714133554727993,2.0016745927273294,0.35412343098152704,1.4484365922049591,-0.6633981516629355,0.712425854083317,0.9327803264201031,0.6645368207219572,0
33520.4193224,22.0,BASELINE_1,33519.4193224,33521.4193224,249,0.4874879865985876,0.5649359786395318,0.3597253101096247,0.9417741736937394,0.8595146035853267,0.22297939493710506,0.37493619437596093,0.3816283272448746,0.6024800685710581,95.2412109375,63.9921875,8.866530990600586,0.4924342748978308,1.959686279296875,-1.2008136638392726,-0.7918972789971783,-1.0176705446886554,0.4330427063121182,2.316314237771453,1.651558327933004,1.194064552861263,1.017275534371617,1.6271552803008884,0.07613591076165495,-0.5292612392741949,-1.2024322991567975,-1.141754824155881,0.6801416813585401,1.8220665356413661,1.5155299916612959,0.2745775397586933,-1.1569515473719187,0.12199369871754531,0.8196608675300732,0.0,0.0,0
33521.4193224,23.0,BASELINE_1,33520.4193224,33522.4193224,249,0.8498621156555471,0.9306841669057979,0.4772732389326146,0.6025042345616084,0.7991640628249289,0.048647518903605816,0.23665194955951913,0.5365330756427319,0.6659638738279045,75.8857421875,87.23828125,8.823351669311524,0.8301086132757176,3.0762176513671875,0.2940566096679994,0.8154116062897793,-0.5691345089187788,-0.38803329691745686,2.024122152847835,0.7255896423818022,0.4392400147999836,1.6281397727244211,1.9983643312611503,-0.3492979069141277,-0.13889950723964894,-0.7032720559725828,-0.5498853911691517,0.9066260259963929,1.7110249432085614,0.5442644371825236,0.4632706975994112,-0.03978318641247591,0.482570275661001,0.8453648607304092,0.0,0.0,0
33522.4193224,24.0,BASELINE_1,33521.4193224,33523.4193224,249,1.0258788208949943,1.0192841665697068,0.8922015630915653,0.41882817134137207,0.9168341729632462,0.1740377475865223,0.4175559325213252,0.4285908244304728,0.552790890391335,72.3525390625,100.962890625,10.919857025146484,2.049452837550707,6.5484619140625,1.0201629158435779,1.2047712019483883,1.0141371617131147,-0.8325525144573275,2.5938316265542984,1.3916033851133598,1.426704389746298,1.202471342577216,1.3366075949429577,-0.4269578237835011,0.09157200099482878,1.0991988171123634,1.2907393278140962,0.6576627346287506,2.034287762704659,1.2600708381876098,0.9559627086211316,0.9563261489245652,0.7784995876499873,1.2919301239358543,0.7290882990456719,0.941931136546256,0
33523.4193224,25.0,BASELINE_1,33522.4193224,33524.4193224,249,0.7703429976313391,0.8088533447236567,0.49818531726716764,0.48752519825376,0.874579613652137,0.26059838225772675,0.5739452914907631,0.5141123286296252,0.457600438657754,72.162109375,85.0703125,14.512314605712891,2.014502191434489,6.218864440917969,-0.033976647063803184,0.2800165741956942,-0.48933879656714563,-0.6662970529942046,2.3892527176152845,1.8513726420653762,2.280355691805331,1.5397239385481474,0.7800001719074509,-0.43114347436103784,-0.175305281274126,1.0475337332371022,1.1160208430283165,0.5799310276138996,1.5891598045509052,1.7353864365425964,0.2596431491492173,-0.2175444092801585,0.36525367354666793,0.752500490996942,0.0,0.0,0
33524.4193224,26.0,BASELINE_1,33523.4193224,33525.4193224,249,0.8059568000100803,0.8247350988914733,0.9281528039187885,0.8301558398187978,0.831536031149845,-0.18194339937201476,0.5761937604344982,0.5152131769326609,0.7017303677443449,69.84912109375,57.30859375,15.0562744140625,1.60304207398534,5.766632080078125,0.11293785436898167,0.3498101792136123,1.1513188815708368,0.16291227359644894,2.1808536882866267,-0.49920053571902545,2.2926289593352136,1.5440651150913527,2.207501861835785,-0.4819830302220414,-0.6414959768831863,0.43930115840436607,0.8762940268509807,0.9378917442317845,1.305486651639706,-0.6867788845653824,0.7713744427366014,0.38306191722378935,0.3480375752507705,0.7818129011480585,0.23483988175761591,0.1836008492621887,0
33525.4193224,27.0,BASELINE_1,33524.4193224,33526.4193224,250,0.7661686365065093,0.685443290168862,0.650332731177638,0.741990032683301,0.7220534220768491,0.15927700212971488,0.43259209772627466,0.33374903060765565,0.4814353491686344,104.2255859375,93.541015625,11.765179443359376,2.2072103181581655,7.090126037597656,-0.05119677360162088,-0.26231851749658297,0.09122096804432556,-0.05046008921736987,1.6507846714252565,1.3132012685333176,1.508779296183431,0.8284643431352914,0.9193701179065921,0.27361275852236133,-0.03306037858266025,1.332400613738153,1.5778736132319335,0.5053618048910612,1.097078521592015,1.2121289075551054,0.25743219615290325,-0.11937918353819124,0.1257279351695632,0.5210302555239572,0.0,0.0,0
33526.4193224,28.0,BASELINE_1,33525.4193224,33527.4193224,249,0.7801323756670305,0.7661205534161597,0.5493193874137593,0.7080413847400325,0.9080298779736417,0.309043790972518,0.34708666287476186,0.4834880287532822,0.5569599553928672,95.28515625,68.53125,9.024175643920898,0.9039701354486384,3.891265869140625,0.006406617215474242,0.09222399622767885,-0.2942228694216447,-0.13262009502162983,2.55120491141833,2.1086917993490735,1.0420478876329173,1.4189575333053437,1.3609853816296422,0.07710183012570188,-0.4530386997641726,-0.5940877586199895,-0.11783113942347835,0.714261186265172,2.09573830787542,1.9658395620960392,0.5073671429905693,-0.18878940524485227,0.3576211350493169,1.0643073291415928,0.0,0.0,0
33527.4193224,29.0,BASELINE_1,33526.4193224,33528.4193224,249,1.0501785376064139,1.2018393503565512,1.0043892881611227,0.7091008724632154,1.3012832122699007,0.561239587944284,0.7292293392304459,0.7367661812939752,0.9165134474077612,279.44140625,350.921875,7.373006820678711,1.0401301748811191,2.9024810791015625,1.1204044100724315,2.007024168249279,1.4422198848082624,-0.13005600122821243,4.455173131146196,3.448236901121569,3.1279736526148136,2.4177556162782214,3.4634036283037095,4.124862052226024,4.289026555191531,-0.39281194144779485,-0.6419825494650655,3.573761962999871,2.8020286427617784,2.733484508521595,0.46153333226675697,0.8742994834153611,-0.1297663426145269,0.7408738619014138,0.0,0.0,1
33528.4193224,30.0,BASELINE_1,33527.4193224,33529.4193224,249,1.5134794014143333,1.830593009034763,1.5139473756662487,1.1765189652912342,1.5996649036204835,0.8494874313707066,0.7369025783423095,1.0116153054638397,1.0563252640504888,294.96484375,342.115234375,6.681623840332032,0.5610127510578261,2.2509613037109375,3.0316189076389453,4.770131067125976,3.3865771087300898,1.0011546815636756,5.899812522943879,4.9792734663406835,3.1698580276261135,3.5016184586666084,4.280925696475261,4.466067701356914,4.1411403974244525,-1.1010575574406591,-0.9873509373904938,4.0974380634808085,4.129367501959883,4.159785853644522,1.2614797166613516,2.8889410003961307,-0.18962171545863982,1.5874314641375298,1.4550670309133995,2.3098191873011062,1
33529.4193224,31.0,BASELINE_1,33528.4193224,33530.4193224,249,1.4773286161318113,1.655344563522026,1.3356237928889103,0.32726229887575936,1.2496255466332782,1.2622850254839377,0.9827043351457899,0.8567605196949504,1.2925925118943744,122.8125,98.123046875,9.263706588745118,2.5334711181479097,7.1437835693359375,2.8824892376389877,3.999988130969348,2.70613506518142,-1.054153463803488,4.205068312954466,7.171859551666107,4.511566895329153,2.890951247090622,5.662451906038185,0.6821537197647008,0.0438837168091264,1.8146890252493253,1.606317285913084,2.3198601474256586,2.387626214870588,6.707887522180975,0.06818564318156883,2.696286033831062,-0.420574843414663,0.5990858222968727,1.4370653228329253,0.8609254606236839,0
33530.4193224,32.0,BASELINE_1,33529.4193224,33531.4193224,249,0.7535295485720508,0.8158489890771056,0.8356532294914928,0.7156278179021726,0.977637312671935,0.6621346839015447,0.6576701495823774,0.6807494452608057,0.9634406476376023,163.962890625,158.921875,13.088029861450195,1.7889016127708655,6.602119445800781,-0.10333569667164148,0.3107594778882756,0.7983616424305633,-0.11425997082237886,2.8882150063473433,3.984144054235407,2.73736782226992,2.1968545713081533,3.7378011914469944,1.5866406122582493,1.064852491511141,0.7140442526648103,1.3191830004952467,2.1465372166311343,1.6376972163401402,3.55483661090918,-0.14727774674490168,-0.026903175568556592,-0.4737652155000736,0.1940047964416231,0.0,0.0,0
33531.4193224,33.0,BASELINE_1,33530.4193224,33532.4193224,249,0.9949215832614753,1.043358780661923,0.6722660183865218,0.3517364786684715,0.750648878847291,0.23399877296467086,0.45936256455421265,0.4448956111927875,0.5357236631362844,265.52734375,260.240234375,13.627774047851563,2.3328616001128912,7.680328369140625,0.8924577333332278,1.3105689676836028,0.17491338010621116,-0.9949228647768646,1.789231916931654,1.7100880656948818,1.6549058869885214,1.2667689916169014,1.236810344191559,3.819030516694008,2.7662484627169945,1.5181420732705027,1.8907378354615838,2.2722145788048658,0.8383172350741245,1.2556451499339087,-0.31437985037067695,0.3841072697531171,-0.1714126208884319,0.0,0.0,0.0,0
33532.4193224,34.0,BASELINE_1,33531.4193224,33533.4193224,249,0.7959701360040308,0.9588624126147064,0.2194531779797596,0.5643482022756147,1.0484515797266558,0.3566710255192568,0.41504849692684925,0.5415681419302104,0.536338816562616,230.24609375,405.392578125,10.142755126953125,3.2814387366901783,8.796867370605469,0.0717407435459794,0.9392431006149283,-1.5529169476198554,-0.4803757029927592,3.2310680789520303,2.3616652014204655,1.4130175527763231,1.647995470916814,1.2404073327252427,3.043547521487617,5.203729827306423,2.9203569897117574,2.4826113127640648,2.783920038109024,2.2503788054973284,1.8048811937986606,-0.20747714216842128,-0.7409769826646266,-0.06015911968668297,0.35650582890753524,0.0,0.0,0
33533.4193224,35.0,BASELINE_1,33532.4193224,33534.4193224,249,0.6841885493655371,0.7993223947001291,0.5899851384516202,0.5684609911393469,0.9596836070210434,0.23826445374766916,0.35453854395335205,0.5481670165916318,0.825344724103403,232.55859375,151.0546875,7.539081954956055,0.21315902084287158,0.8124923706054688,-0.38938205080531535,0.23813207237311962,-0.13905165590248753,-0.47042223570061226,2.801290670290998,1.7327453497067564,1.0827239798392339,1.674018020811034,2.930312470359617,3.0943763449112422,0.9327421691590028,-1.615265280185408,-1.7498783621483753,2.157862251310224,2.0449010260771834,1.3011728994447116,0.29023250765033093,-0.4999429256501722,0.20040672026716988,0.6392783119420535,0.0,0.0,0
33534.4193224,36.0,BASELINE_1,33533.4193224,33535.4193224,250,0.6583041124685037,0.908537374382999,0.6445594313460065,0.8568328092340447,0.8512245233876244,0.2517690835478284,0.2714236661412314,0.47993635875615365,0.7683804911815539,250.583984375,135.5625,7.621352767944336,0.1851734211585124,0.6847381591796875,-0.496160852494461,0.7180858025141309,0.06919137513086493,0.22747390107744406,2.2761771356571976,1.8044755724831474,0.6290414266761399,1.4049515831319892,2.5972253348918124,3.4905750031685376,0.6725884757883073,-1.6566344254133405,-1.8176004294092694,2.0413350992451615,1.6791976878053234,1.396208552634115,0.15128108673753082,-0.3616385067106528,-0.14436089504140304,0.4010123391911118,0.0,0.0,0
33535.4193224,37.0,BASELINE_1,33534.4193224,33536.4193224,249,0.8686997763445059,0.8729331477195422,0.7799198642232307,0.5441533397115521,0.7867110028930554,0.31940359903101434,0.302873667601392,0.5727626077556225,0.677454991929968,152.9443359375,376.939453125,8.39666748046875,0.7779294868285093,2.2943878173828125,0.3717659623185985,0.5616202568029834,0.5856958560755794,-0.5292498151003258,1.9638296434630538,2.1637182125831353,0.8007112568560255,1.7710103158737975,2.0655563817042717,1.3444524303795482,4.725928641599881,-0.7804047915297069,-0.9643306921322671,2.4767369423893744,1.2282688779283712,1.6683708241052604,-0.13088655353889672,0.11310174267201267,-0.25106904256977913,0.0,0.0,0.0,1
33536.4193224,38.0,BASELINE_1,33535.4193224,33537.4193224,249,1.3424909358704509,1.483541759196914,0.7640185515731217,0.5081470595818329,0.7959315652243649,0.10617288315473261,0.5546810470314926,0.554619827680859,0.45384480625631973,225.8193359375,467.30859375,10.935187149047852,2.230648318237981,7.079902648925781,2.3262551585231934,3.244987333240343,0.5250200805767402,-0.6163895500727202,2.008471751020132,1.0311372400640204,2.1752018151336223,1.6994645714947563,0.7580398509428898,2.946247244215956,6.243459054934313,1.367047362069084,1.5724542301247613,2.9118026803969785,0.7735506704006496,0.44877670398462466,-0.2609981220316272,1.442798914125818,-0.29794450604298534,0.0,0.3753990794023514,0.0,0
33537.4193224,39.0,BASELINE_1,33536.4193224,33538.4193224,249,0.6916943835195398,0.6741379366964803,0.6613664448361318,0.5954303989684542,0.6656205622143186,-0.030908270889174527,0.4475577286280611,0.36758465042184174,0.47767444181149277,178.3896484375,179.015625,14.806650543212891,2.2782300063905727,7.2536468505859375,-0.3584188902069199,-0.31200077340495724,0.1333230980755,-0.4051528704086649,1.3775603593697892,0.3030268169335578,1.590469191133007,0.9618945338864597,0.8973789526771976,1.903741207037479,1.4022782602198798,1.4373840276962595,1.6645554327364267,1.291323238455254,0.6421549543388363,0.04476216924250703,0.0547327559429201,-0.37072405671596853,0.0628965633325535,0.06162447826899492,0.0,0.0,0
33538.4193224,40.0,BASELINE_1,33537.4193224,33539.4193224,249,0.49699137707908386,0.5389863563323939,0.5792078359316316,0.9356347609805176,0.754174851032217,0.06675349978561848,0.3569923221435055,0.32099933066878383,0.4193567496444261,182.0439453125,158.697265625,13.95992317199707,3.0351149263952157,8.11212158203125,-1.161610158986991,-0.9059349142943327,-0.18017537962107108,0.4181845539345632,1.8063031999908485,0.8217600714472865,1.096117927872475,0.778186118465366,0.556377730775886,1.9840627683766707,1.0610807221291907,2.556233812216112,2.1196299297403267,1.0949268349367784,1.2584824546417503,0.6027747044599308,0.2528348555215142,-0.9312119625109041,0.005896511436189356,0.46169707372973234,0.0,0.0,0
33539.4193224,41.0,BASELINE_1,33538.4193224,33540.4193224,249,0.6169835889748798,0.6982168401165323,0.4834508590169315,0.5688336133865219,0.8334151061298294,0.2072196034021089,0.27338565526798614,0.5223046243536281,0.4033017322637684,211.2353515625,182.099609375,10.090503311157226,1.5042395919459692,5.5239105224609375,-0.6666167909940556,-0.2061841578846617,-0.5455621223114023,-0.4695204429092805,2.189951383671152,1.5678497498791706,0.6397509441504531,1.5720301172777416,0.4624991779558073,2.6256908046009135,1.4540662937337892,0.29324839289399185,0.7476281655289096,1.5285715983920631,1.6923117807476034,1.262135430200758,0.1598109631951639,-0.7614468700920576,0.1934677736873298,0.5470876924645656,0.0,0.0,0
33540.4193224,42.0,BASELINE_1,33539.4193224,33541.4193224,249,0.9099313590723336,0.8938760462975386,0.71166621177625,0.8730921079632524,0.7847746471815281,0.36610854035739143,0.44232297338395643,0.4013069246358851,0.6082979498018672,167.0576171875,154.8984375,8.759349060058593,0.34326324049984036,1.1906280517578125,0.5418550012626487,0.6536554549201407,0.3252555148298886,0.26682345279441566,1.9544546187263048,2.4117928281538474,1.5618952800975154,1.0948777481929548,1.6611741952280978,1.65466280036191,0.9972886225822918,-1.422941355793533,-1.549429940550783,1.3520008415913136,1.2154858663787875,2.1413926598355846,-0.016447637149139938,0.285605145503984,-0.31112225250557385,0.2380548095845213,0.0,0.0,0
33541.4193224,43.0,BASELINE_1,33540.4193224,33542.4193224,250,0.8259881611957556,0.9185026030542266,0.834420240086151,0.46270169488621304,0.7579504493193836,0.05895023964581993,0.5300800024595256,0.6829639981226192,0.5681186950629938,112.765625,99.3984375,8.44112434387207,0.14423654907040945,0.5084457397460938,0.1955714751858987,0.761878775660781,0.793656836607476,-0.7263730590892906,1.8245830682647906,0.7803128347223465,2.040917015520268,2.2055876228202296,1.4262339146389895,0.46132308826881535,0.06530080729967912,-1.7171485264399664,-1.911052433481976,1.0396113582569284,1.0043856919573244,0.5723905630709608,0.37644538754997325,0.36222110803988794,0.31955811608944806,0.4454075257358431,0.12092158148653051,0.05385938241798068,0
33542.4193224,44.0,BASELINE_1,33541.4193224,33543.4193224,249,0.6737318186382275,0.5846414760562599,0.6289487692716321,0.6352648218443235,0.7467501479584117,0.026253678114478006,0.3502909687604653,0.5668161192286716,0.47049624704568455,99.4638671875,142.134765625,8.404587554931641,0.17064964657322362,0.6234207153320312,-0.4325182867253695,-0.7052999366096656,0.009624655813105294,-0.30874854761619497,1.7703558920837488,0.606644124259993,1.0595385910257273,1.7475604395952482,0.8554058722066279,0.16895002920918695,0.7829537277036364,-1.678103900673946,-1.8501045951050474,0.8887175171786749,1.2747508113402954,0.42890062082425806,0.3955596067309186,-0.4656322143905638,0.33186111281030306,0.6070822959773418,0.0,0.0,0
33543.4193224,45.0,BASELINE_1,33542.4193224,33544.4193224,249,0.41730806531749826,0.46930401882894623,0.17518494792320255,0.49430839105043506,0.5007316269408624,-0.0978934118378154,0.15638498441121004,0.44151608724147073,0.4646545675893833,228.2666015625,170.587890625,9.546928024291992,1.3673214551949506,4.233634948730469,-1.490320749770594,-1.2121593709287395,-1.7218343978798007,-0.6498808716936252,0.5792370772360507,-0.0527666519771774,0.0011027926596240654,1.2534418964447518,0.8212478018418431,3.0000382203559917,1.2607549134101785,0.09085193373373122,0.06365752993051482,1.5838707080131913,0.26213209783552516,-0.3695407935798157,-0.6822536226637091,-1.7532988570424242,-0.21373365640982048,0.0,0.0,0.0,0
33544.4193224,46.0,BASELINE_1,33543.4193224,33545.4193224,249,0.5337787619783192,0.7506088876073388,0.30380355544317206,0.464252285705905,0.41999657730081774,-0.14259515243852086,0.05331020048353425,0.4845201201031302,0.30283821507592057,151.2548828125,100.986328125,12.20412826538086,1.8375330958273437,5.97869873046875,-1.0098543803141342,0.024056773313182483,-1.2310551819386875,-0.722620433919687,0.18835172337661388,-0.29020121029015133,-0.5615309062642851,1.4230275679741078,-0.12494145703053236,1.3073181970506327,0.09196557693033663,0.7859327563204093,0.9887098274830385,0.7055778354887692,0.04723615627886005,-0.4313167773879052,-0.45817836840349113,-0.98632910548058,-0.0247031821390625,0.0,0.0,0.0,0
33545.4193224,47.0,BASELINE_1,33544.4193224,33546.4193224,249,0.41511841753015183,0.5046038260634036,0.2807238164516434,0.43339227807261554,0.7252773078084418,0.031882887275755584,0.3479467657388459,0.20542611995511342,0.328693296815066,167.7607421875,154.5390625,11.87210578918457,2.0375368825353855,5.646553039550781,-1.4993535121128543,-1.0570316200960959,-1.319122192029971,-0.7973055409822,1.6663933781841482,0.6365438277815646,1.0467427590402074,0.32242512942669194,0.026241042444057897,1.670117510186661,0.9912537915711712,1.0815842982484403,0.8126405412362175,0.7525093684071456,1.2018686767906568,0.4860419541001355,0.04591149130555508,-1.4606845769415653,0.3878219713617964,0.4497813990980458,0.0,0.0,0
33546.4193224,48.0,BASELINE_1,33545.4193224,33547.4193224,249,0.8762402908732848,0.8265181143662922,0.7699842255915772,0.9409813320267473,0.7419485683821252,-0.05179181573273405,0.48500394134536773,0.26712013212043667,0.31946681517177694,94.681640625,102.28125,9.420199966430664,0.7800450895934289,2.7568435668945312,0.4028721868312471,0.35764577951792365,0.5477837294281187,0.43112392957406415,1.747108651385577,0.19210327840223076,1.7948693399280105,0.5657144161792478,-0.027708992224638036,0.06383653752612399,0.11371064736714591,-0.7772774446436764,-0.7191844928477591,0.1858154002681294,1.1714847693535482,0.1549401983486049,0.7038206657647279,0.416673635237268,0.33765930856911053,0.8404902966065094,0.39527259776540724,0.3322227829362726,0
33547.4193224,49.0,BASELINE_1,33546.4193224,33548.4193224,249,0.87098452626025,0.908212970133531,0.7640230469481992,0.4082222886817522,0.6228392258026201,-0.09544968369840125,0.25296155257917075,0.3703792322398131,0.37318172545940465,80.8125,90.189453125,8.677461624145508,0.25988267361185674,0.8789138793945312,0.38119104114619684,0.7166601827863438,0.5250372339008077,-0.8582200869135216,1.1704310159628832,-0.0397867209136065,0.5282659814356826,0.972914919713272,0.28637836894745444,-0.24100761376708815,-0.08934173736028424,-1.546196987964394,-1.7146685492147629,0.3148233221651816,0.9489865570991421,-0.10275138534664283,0.5744960843384348,0.45140753861356275,0.6228213498553715,0.6848846591994106,0.36791982946414453,0.25198264701525586,0
33548.4193224,50.0,BASELINE_1,33547.4193224,33549.4193224,250,0.6694315402497918,0.7252277982826186,0.5782847736746628,1.1431410407379285,0.6714200378267771,0.1599982850853846,0.07755241220294955,0.3982167876767361,0.6120291905045611,139.21875,120.7890625,8.54958381652832,0.12950968794645962,0.38580322265625,-0.45025784872833985,-0.08748239953484695,-0.18369757426673813,0.9203758982785077,1.4056389954402695,1.3170323833332507,-0.42920479574474674,1.0826918456981642,1.6829918905371217,1.042763615675556,0.42450444443985275,-1.7389182102580611,-1.976064809189284,1.0582379490876737,1.1939914056227348,1.105384793515716,0.12513443355075804,-0.44314235519123174,-0.2640870482539345,0.3555503329851436,0.0,0.0,0
33549.4193224,51.0,BASELINE_1,33548.4193224,33550.4193224,249,0.9767339054751091,1.10326003145921,0.6659966039566286,0.950735527251982,0.47805064812812226,0.029722478222504466,0.24701455789111382,0.3867222246464299,0.3721265052904029,121.91796875,428.908203125,8.99032096862793,0.6014898561941351,2.0363311767578125,0.8174296982532351,1.5738096773715207,0.15099072725183985,0.4547303111201096,0.46942526107165045,0.6250687540497392,0.4958043114585709,1.0373632320608859,0.2802081767873521,0.6624918944876567,5.5986176825993095,-1.0412230975871468,-1.1011256281150963,1.894670246483801,-0.05825008166268103,0.24613470475297894,-0.5171843656730607,0.45125151725383367,-0.6990444642628094,0.0,0.0,0.0,0
33550.4193224,52.0,BASELINE_1,33549.4193224,33551.4193224,249,1.6047170054196933,1.7788049451755783,0.9804636097903865,0.7366686281879292,0.4435365603987057,-0.13290838086406265,0.19263448597368768,0.43355157703607866,0.39458095073040766,82.8916015625,421.017578125,10.421632385253906,1.2186301932088905,4.2183074951171875,3.4079934087893915,4.542544389014867,1.3509249633496696,-0.06333855863262244,0.3023224791275236,-0.23874964935867699,0.1989706937221716,1.222033986030191,0.4115061251050331,-0.19530889541028992,5.466113784311664,-0.12894790906412465,0.05553249958550819,1.774913473861722,-0.11235142376147234,-0.5937323441310214,-0.16779041069682288,2.6486926278513256,-0.4116341569852051,0.0,1.4655440625842187,0.0,0
33551.4193224,53.0,BASELINE_1,33550.4193224,33552.4193224,249,1.2198712062170052,1.3943614865895921,0.7552061355669197,0.7070497690480121,0.6883892827456047,0.00300929495241384,0.4484099970813645,0.3393785039823833,0.4385830639209923,89.5869140625,478.884765625,11.940196990966797,0.819373053045311,2.48345947265625,1.820422721529265,2.8530776829601088,0.4913939148028709,-0.1350199299472546,1.487796984249301,0.48318092629102777,1.5951212984097458,0.8506640755576188,0.6687998177505509,-0.048145714079050474,6.43785276908057,-0.7191416801823194,-0.864104459175595,1.989329165597185,0.6113947616069403,0.08531509317159075,-0.05527971244907948,1.2633942566216183,-0.20055861774118702,0.0,0.4754542040258798,0.0,0
33552.4193224,54.0,BASELINE_1,33551.4193224,33553.4193224,249,1.727010815669216,1.9196509128006825,0.834695304723077,1.7522174873167675,0.7496928547734418,0.1534591114757997,0.3238543702933266,0.14473840640968347,0.38029385097208407,93.529296875,471.912109375,11.701815414428712,0.84663597490412,2.4170303344726562,3.9124813589962764,5.1615029580067695,0.7947064204075702,2.394417647151102,1.7846032480936362,1.2822993779321332,0.9152344206384377,0.083104164151395,0.32796512246972026,0.03850798531333774,6.320763928266982,-0.6788408187951975,-0.8993183164249592,1.6925853000503588,1.1715158618920332,0.9437823179220615,0.2311075405455088,2.817176655284774,-0.7891780581397244,0.21374566527284977,1.6797281067983716,0.3590346016651224,0
33553.4193224,55.0,BASELINE_1,33552.4193224,33554.4193224,249,0.7652191597723553,0.897182580511426,0.7885749127562478,0.9646563880560138,0.7286985455036443,0.01709392219372496,0.2598945916880994,0.41557912876233827,0.31805469290738564,69.6923828125,46.26953125,10.851383209228516,0.8218986161884774,3.4901351928710938,-0.05511356685881975,0.6681862769227843,0.6187215435314705,0.4884205483976251,1.682957580635114,0.5579918218647633,0.5661099747966359,1.1511599422089145,-0.03596609911172118,-0.4854281426204755,-0.8268702425073884,-0.7154083176805198,-0.33046912869645656,0.2877899855522286,1.4555665910856777,0.5004338247543175,0.7832077496410697,0.28222019270126836,0.3533226793930898,0.9852227241558994,0.29663768770865606,0.29225419077162906,0
33554.4193224,56.0,BASELINE_1,33553.4193224,33555.4193224,249,3.284116863513945,3.0017145315508658,0.5641202849858975,0.26387864841552433,0.9572960949724696,1.5148990797046773,0.5115218933068602,0.570695117762383,2.025574217510099,324.7724609375,3455.646484375,9.077190399169922,1.8968473349227053,5.327178955078125,10.335874634004615,9.916715764684506,-0.23774602640691295,-1.2075498847275408,2.789731335205292,8.51362623863499,1.939617578357012,1.7628572042804815,9.948418101857927,5.1212400735525705,56.425341974030616,0.8736128274604146,0.6433414395576101,18.314464338430398,-1.455046805987891,4.85073337094891,-6.40847500869245,3.804105978231998,-6.066870701879633,0.0,0.0,0.0,1
33555.4193224,57.0,BASELINE_1,33554.4193224,33556.4193224,250,4.338186049129852,4.052447397406625,1.923369883049634,1.385742013607644,1.4163739212222806,2.475972737091966,0.5533522316164058,0.9721785949405487,2.696358868068058,531.9833984375,5822.96484375,8.501804733276368,1.2487525827394592,3.6664276123046875,14.684133975524999,14.534243138800983,4.948839840668507,1.5075008221459745,5.012394222795476,13.618396126373636,2.1679484763082706,3.3461004620518358,13.870699265138976,9.67574305890667,96.1787089259644,-0.08442009757688684,-0.23701712462374974,30.76781292801547,-1.7915529057000992,7.464833540770542,-8.933064078125904,6.631630921778103,-10.496269754603972,0.0,0.0,0.0,1
33556.4193224,58.0,BASELINE_1,33555.4193224,33557.4193224,249,3.4428912772675146,3.1888264682461784,1.0488082749726246,0.7762521777426472,0.9043661210069638,1.328555696909514,0.47621374627993474,0.7867163878930312,2.472564599626918,340.1943359375,3329.0234375,10.371426773071288,0.9521590990553968,3.2371826171875,10.990852824449464,10.738993736365618,1.611712588395983,0.03245861911076112,2.533466532055713,7.523858095516715,1.7468880609432544,2.614733405695809,12.562106346641503,5.460213375708775,54.299015184454774,-0.5228534003673163,-0.46455841744145143,18.734017078125216,-1.7374033018523067,3.7770546798916715,-5.991558874429411,4.847679362495194,-6.3422099125050675,0.0,0.0,0.0,1
33557.4193224,59.0,BASELINE_1,33556.4193224,33558.4193224,249,1.835179046881544,1.5880239709155184,1.329438349948538,0.8674706672213882,0.8745316582304224,0.30010237950429586,0.1648928391983076,0.6227983755225115,0.568050615836999,129.0712890625,2213.24609375,12.36419906616211,1.4156433779809512,4.478912353515625,4.358698294509778,3.7041425461364037,2.6825328283429197,0.25321885785585796,2.3890205375142015,2.0611992396830994,0.04754291726013679,1.9683255143002212,1.4258358347701252,0.8197221020797408,35.56224241069984,0.16228283619690886,0.19367823702937892,9.944031465462482,0.385951369243664,0.07239294659060302,-1.6175799955139958,2.1495245118573307,-2.364240480543244,0.0,0.0,0.0,0
33558.4193224,60.0,BASELINE_1,33557.4193224,33559.4193224,249,1.8387366747280474,1.977191119957509,0.8843879304058093,0.4672768212330791,0.5180507850084111,0.13997942452709328,0.12108905568488612,0.24038655595984887,0.40158509861555824,130.1767578125,1124.716796875,13.408554840087891,1.2541014493553688,4.325614929199219,4.373374265241406,5.414367877619413,0.9843221248602878,-0.7153006768300062,0.6630891992074164,1.2107016398160306,-0.19156003116138418,0.46029101367746855,0.4524615007116596,0.8440203403042104,17.283034459967407,-0.07651324396881233,0.1124158006320578,4.759951828665186,-0.2889011665256209,0.2587112740829933,-1.1545453223569149,2.6814119642838388,-1.1515135343433993,0.0,0.6940889447942669,0.0,0
33559.4193224,61.0,BASELINE_1,33558.4193224,33560.4193224,249,0.9203442299807194,0.9455368737571583,0.570554448344786,0.8235835383098635,0.648140560472931,-0.04574892385693217,0.3853316743212274,0.5108646233829615,0.30166640271390377,105.9921875,850.640625,11.637556838989259,1.9337977765302479,5.557121276855469,0.5848103061110473,0.8806829827685453,-0.21319472928591088,0.14700647578606935,1.292929499580773,0.22420026935120146,1.2508082792201611,1.526916668193838,-0.1317933990817037,0.312442716957048,12.680590268133118,0.9282340684679099,0.765233071995716,3.629987413321001,0.1916895331505244,-0.5017972133129986,-0.8553662924189395,-0.1798150329445386,-0.9264341385595986,0.0,0.0,0.0,0
33560.4193224,62.0,BASELINE_1,33559.4193224,33561.4193224,249,0.3830486844083791,0.39234731560796743,0.5373303226877114,1.404567064450394,0.6441295433193945,0.05939816580725764,0.28109622050031435,0.32674215364268433,0.5224433807948722,200.8857421875,522.271484375,9.07220916748047,1.0143622576022122,2.7083053588867188,-1.631647974876542,-1.5503515939874672,-0.3399704008214345,1.5530598172815235,1.2735098315879174,0.7826920071856244,0.6818390637869969,0.8008328431024737,1.1591565081542445,2.3982060619304826,7.166427421694871,-0.4309028426310996,-0.744914429659572,2.881155708720518,0.49272697070771476,0.20646086544152076,-0.5755738665845491,-1.595474904087517,-1.0691935921786118,0.0,0.0,0.0,0
33561.4193224,63.0,BASELINE_1,33560.4193224,33562.4193224,249,0.9243702118628856,0.6018874309469631,0.9746056399238424,1.9890031128081396,0.595365317329137,0.020249610422117495,0.1636505862613979,0.10700966125267136,0.18330647472348177,277.5634765625,343.412109375,7.998853302001953,0.25262250761341754,1.0654373168945312,0.6014183367477574,-0.6295112453177617,1.3285722889307463,2.9674686975860562,1.0374138383747171,0.5747533490584047,0.040762079714233984,-0.06567850011626822,-0.8238797723431932,4.083585098069085,4.162918265855887,-1.556929181126443,-1.6157931177191323,2.061625840981243,0.6128600462641983,0.16242818086215605,0.12132400126025378,0.3004924274515131,-1.112740990407066,0.0,0.0,0.0,0
33562.4193224,64.0,BASELINE_1,33561.4193224,33563.4193224,249,0.6892537205932759,0.7424773685364294,0.5716774902237105,1.553877495226316,0.5411397979826867,-0.027557534424415633,0.3151954349174253,0.2523837768273735,0.3587914567311594,148.7958984375,77.6484375,8.070521545410156,0.3410479220174197,1.3183822631835938,-0.3684871433286809,-0.011677820248325628,-0.20890945809976433,1.9144098739814617,0.7748765461769586,0.32082434834602924,0.8679696226573446,0.5076018499390391,0.20223410607501166,1.2532696424135177,-0.29993766085161505,-1.4262161054168763,-1.481707873289889,0.4907763996068921,0.4163303794583768,0.2226690684246508,0.009526430590512974,-0.3148895488235229,-0.5785978808943733,0.035620496511184624,0.0,0.0,0
33563.4193224,65.0,BASELINE_1,33562.4193224,33564.4193224,249,0.9651319006943281,1.0779387986202509,0.9073469493493731,1.227352536707675,0.5484715736454776,-0.037181900390454485,0.38865262006799345,0.3972440982729231,0.5693304585129833,132.79296875,112.8984375,9.250292205810547,1.2633840978571074,4.0777740478515625,0.7695689635340833,1.4625335485097424,1.07192849483401,1.1241783297986614,0.8103739384142271,0.26970425656703506,1.2689356612842329,1.078856061592386,1.4333194628105115,0.9015247397771378,0.29200054615220655,-0.06279135705913524,-0.018963796559350952,0.9264252025830604,0.24440819951234516,0.08441921605042296,0.1539164895844427,0.8750239360967305,-0.42339983961395966,0.0,0.4580150126679877,0.0,0
33564.4193224,66.0,BASELINE_1,33563.4193224,33565.4193224,250,1.0198976199840966,0.8538025483391389,0.9699326356275234,1.9102847092276474,0.6404706115124624,0.06958977931416803,0.35943142534168376,0.3793017577275891,0.4077684726096663,91.77734375,156.150390625,12.054531478881836,2.0013497505454283,5.521354675292969,0.9954891913013653,0.4775493485894829,1.3107411723539257,2.776960241818299,1.2557948136313195,0.8368250503063573,1.1094317724633216,1.008100747085554,0.48861756260490413,0.0,1.0183121371373367,1.0280914042043805,0.7462733197521166,0.6287576117069487,0.7972137595509333,0.7110735279649676,0.4667487523217641,0.9079257743713426,-0.7096493081359035,0.3720666771877338,0.6031462701829028,0.22441062860512775,0
33565.4193224,67.0,BASELINE_1,33564.4193224,33566.4193224,249,0.9118912198649618,0.8516242790985303,1.0147837235984523,1.8098921594787118,0.6027890566918449,0.09645818600454774,0.38608549520554997,0.3539366028335344,0.50052388542754,99.72265625,109.74609375,12.53193359375,1.6249563343461768,4.463584899902344,0.5499398434304289,0.4679767748425731,1.481882675227534,2.533997621219663,1.0733564803956246,0.9795373516479964,1.2549230104503533,0.908073690553619,1.0309865750521683,0.17463822101968554,0.23906458282639934,0.4716954693948452,0.18555320668437228,0.588190767362968,0.579241423787925,0.8618991981754027,0.3696259204144197,0.7714986057373993,-0.7409434123248205,0.23525781018597947,0.49633605462646985,0.11676693332777198,0
33566.4193224,68.0,BASELINE_1,33565.4193224,33567.4193224,249,0.6592521176533916,0.7436086344183331,0.7352748641005296,2.1247044757217344,0.47887046854560555,0.04391797818747967,0.16194337114339613,0.4607596825155686,0.4956093146508066,82.1650390625,122.353515625,10.346004104614257,1.2069760528825348,4.798286437988281,-0.49225012969063486,-0.006706384266031458,0.41534073733812726,3.2958830952156286,0.4733944887542727,0.7004685532280857,0.03144324614409402,1.3293286868231156,1.002249590138815,-0.21127876222919922,0.45077563813500243,-0.14617540567328843,0.3629773387079863,0.6955884787742332,0.32484381915619787,0.561350857473239,-0.003668006317765482,-0.18182284896178247,-1.115549108773103,0.0,0.0,0.0,0
33567.4193224,69.0,BASELINE_1,33566.4193224,33568.4193224,249,1.0215590737479794,0.9442731836070116,0.8649512191936841,1.8003522856709275,0.6766738552558648,0.1085582275388113,0.08834674124789506,0.39946385394810063,0.365257906684374,68.3623046875,102.52734375,8.961194610595703,0.6020261692451291,1.9290237426757812,1.0023430410750747,0.8751295980307876,0.9101560763149434,2.5109099245099364,1.431075782734486,1.0438070641614094,-0.3702839516106384,1.0876096303103955,0.24004539890005783,-0.5146633020389627,0.11784319468997843,-1.0404303036951295,-1.158008929161646,0.3613745559751079,1.3588008715394644,0.9715321529663878,0.6902294288383868,0.8904287314039051,-0.3910800928215247,0.8106807146928589,0.6890710865553893,0.5586166409229077,0
33568.4193224,70.0,BASELINE_1,33567.4193224,33569.4193224,249,1.0601762663817162,1.036434223016851,1.1404758013190508,1.6562232865416817,0.5296715687458011,0.11574375284289981,0.1936418069979298,0.16210376246347308,0.6589920118221065,99.1298828125,100.626953125,8.35054931640625,0.14392886211761874,0.48545074462890625,1.1616471654194573,1.2801384600647843,1.9614949221891351,2.16209958529379,0.7193521752452818,1.0819731848514846,0.20446915544362265,0.15158415013786833,1.9575977409767873,0.16160904204243023,0.08593074591921612,-1.717603358438505,-1.9232420011573619,0.5891804197690754,0.54017534465838,0.9641371008976696,0.44734764498759005,1.3769150762525488,-0.6371970100321909,0.26282956038365235,0.935473998420487,0.24587021975519407,0
33569.4193224,71.0,BASELINE_1,33568.4193224,33570.4193224,249,2.252200404764919,2.3054407714573686,1.8567480686899331,1.567413022458398,0.6895985127017998,0.13342301949681362,0.237672093960765,0.38277746488550585,0.49728955037959893,116.18359375,101.85546875,8.409697723388671,0.24710074057500275,0.9070281982421875,6.078999997448145,6.856886523983774,4.694626220676143,1.9471675554599692,1.4936515701005781,1.1758771092369944,0.44480847292367187,1.0218071390955974,1.0120744377160995,0.5364501499169102,0.10656068453875311,-1.565091621277928,-1.6997652456700394,0.66922310281684,1.2263644076601086,1.0420324886736263,1.47244470594316,5.649663015462544,-0.13827926171858013,1.066791554386245,4.115408431449045,4.390282957519785,0
33570.4193224,72.0,BASELINE_1,33569.4193224,33571.4193224,249,0.9917526904308933,0.7932501537595159,0.9410949717731497,0.653639657069532,0.6072117253292646,0.24310711472037572,0.2817265077665832,0.43368173740005617,0.6314104917748616,117.212890625,110.552734375,9.669057083129882,1.3981388257134735,4.24896240234375,0.8793853771341386,0.21144713686129818,1.2007032367167707,-0.26427913100560524,1.0947691927559742,1.7584672802996766,0.6852794867740032,1.2225472712098076,1.7963202334399333,0.559074127910365,0.25261015460679487,0.13640708677325303,0.07178256027552143,0.9576379467917251,0.6976577573654282,1.5669396909413316,0.13109015084398062,0.7146132879147329,-0.10521493877723956,0.17088747545816502,0.33491974235076405,0.05723358925142114,0
33571.4193224,73.0,BASELINE_1,33570.4193224,33572.4193224,250,0.8497422375510016,0.7285521913957121,0.9868601567265229,0.6003906612381134,0.4527628889494263,-0.03587178632255386,0.3078950670656989,0.40418592385729063,0.4516247512318264,81.9072265625,73.044921875,12.875580978393554,2.3440286149297926,6.86016845703125,0.29356208701707004,-0.0728730952094021,1.3753327247970961,-0.393148410686237,0.34699250430804995,0.2766629644578569,0.8281205653864211,1.1062310326131666,0.7450585163271162,-0.21694548916494122,-0.3772425341842839,1.5346494864734812,1.4559738921623244,0.4628223872350707,0.0059918572451094915,0.18409848701084275,0.194603408473148,0.5294714157095242,0.04821368199905039,0.0025247603261067814,0.31698619524428234,0.0008003141696763022,0
33572.4193224,74.0,BASELINE_1,33571.4193224,33573.4193224,249,0.6887920131545844,0.68002638748948,0.7313947567882316,0.7777088443471986,0.5670703965058401,0.18108451446938656,0.28521752008792767,0.08888672381773241,0.3621850005309361,80.677734375,95.955078125,13.407148742675782,2.050538358814862,5.766632080078125,-0.37039178460909833,-0.2861235180041096,0.4005351344691854,0.035983935844576466,0.9004216622659489,1.4290324865282824,0.7043351772203219,-0.13714599538294422,0.22207718523843867,-0.24396976648349875,0.007477942774649342,1.100803466908377,0.8762940268509807,0.057388782003272,0.677643352699198,1.4175547301276281,0.17497948607551164,-0.0923220269111921,0.01213173065546572,0.3734156941135115,0.0,0.0,0
33573.4193224,75.0,BASELINE_1,33572.4193224,33574.4193224,249,0.7201476089490435,1.1842217039601206,0.626426433793006,0.734233670894941,0.49379733776512336,0.04099149645665897,0.33272278124809496,0.3098535770479022,0.4703102077642052,115.625,100.515625,10.630247497558594,1.7094575981241966,6.413055419921875,-0.24104329004844235,1.9296020497008426,0.0,-0.06923146210434108,0.5456641483742098,0.6849244628228579,0.9636426410481912,0.7342330287963469,0.8543180441402434,0.5241722415561358,0.08406126022555378,0.5966077490173705,1.2189608118543263,0.5491961436795699,0.1467321273238385,0.5750852340869439,-0.17161341270917008,0.19507150786643396,-0.17421629019779422,0.0,0.0,0.0,0
33574.4193224,76.0,BASELINE_1,33573.4193224,33575.4193224,249,0.9164464808125145,1.1645081452138726,0.763002390392826,0.8358570022188155,0.3207127212070889,0.08438736956058665,0.19479643225351692,0.03403487475680468,0.38127232493238394,113.2998046875,84.87109375,8.9850830078125,0.5516282703107197,1.6965179443359375,0.5687312626641532,1.8429692811732141,0.521142641713488,0.1767098049932586,-0.292339195805995,0.915422869027522,0.21077167729880086,-0.35345332840792765,0.33368655628615135,0.47306437476067476,-0.17865067672594281,-1.114929975802048,-1.2812594516922964,0.20168773276170654,-0.39590824554797654,0.8750853224751807,-0.3129028723084779,0.7766696891189766,-0.4216114781631085,0.0,0.4407506613692467,0.0,0
33575.4193224,77.0,BASELINE_1,33574.4193224,33576.4193224,249,1.0202386286475258,0.8905971022681906,0.6622272605567983,0.765046379650951,0.4912540725907273,-0.032730988107025384,0.19597123654873772,0.22648582338372641,0.36007762530606974,116.240234375,112.4296875,8.764586639404296,0.46292047037147127,1.8472671508789062,0.9968959244897841,0.6392458801312345,0.13660777416245626,0.005339175715146296,0.5333507217759174,0.29334540292743205,0.21718434644002907,0.4054737113966528,0.20975472356376693,0.5376951126527929,0.2841290274420493,-1.2460604822027428,-1.2013478167560168,0.3592631437638155,0.3963427890911455,0.22149277417466895,0.11802613676485643,0.5703755914389371,0.04173107332505041,0.16378649521494282,0.3510155126074641,0.05749160057605312,0
33576.4193224,78.0,BASELINE_1,33575.4193224,33577.4193224,249,0.5523611826926844,0.649896442883461,0.2358336348834511,0.8722635180725401,0.5758422897684465,0.1845766405506836,0.26034317952051134,0.2858188135014637,0.454888899732785,87.2734375,78.923828125,10.51144027709961,1.686297984165179,4.662879943847656,-0.9331979467878213,-0.418531905064122,-1.4904128671375445,0.2648181608504172,0.9428915017874251,1.4475810128841642,0.5685585914400554,0.6394523478963935,0.7641449819592868,-0.09899600237743236,-0.2785205703610623,0.562372519324261,0.2911988227482165,0.3508993324639201,0.7021440578626246,1.3774011463913802,-0.34962904735419864,-1.0779248604350726,-0.2329995311863785,0.06515193511736977,0.0,0.0,0
33577.4193224,79.0,BASELINE_1,33576.4193224,33578.4193224,249,0.6541127746823737,0.7773631544086689,0.5876050134187129,0.6566074622067124,0.5215597923561617,0.09117283952867977,0.33387870067009784,0.3679279233168042,0.3210031711520224,102.0029296875,93.23046875,11.810018920898438,0.8508067729938017,2.7261886596679688,-0.5134510113670573,0.1416304814782379,-0.1481336691509259,-0.2570966686081593,0.6800783456182528,0.9514640844963156,0.969952227110635,0.963248224704186,-0.018725453146338302,0.2247587035763431,-0.038275259728139395,-0.6726754210965784,-0.7354345535377723,0.29700173207013225,0.3296923310710358,0.8920637380822891,-0.1083658158326527,-0.2991239028328721,-0.044264661180774496,0.035770119325168485,0.0,0.0,0
33578.4193224,80.0,BASELINE_1,33577.4193224,33579.4193224,250,0.7288775616609128,0.9081047931470081,0.7796491429383562,0.7490863685726279,0.4451914420099265,0.06531408369018958,0.20712197278808,0.3810486894470157,0.50096446478044,119.0341796875,100.203125,10.829792785644532,1.0016272949235678,3.4543609619140625,-0.20503038031876822,0.7161847905979478,0.5846628455144237,-0.03328606217421973,0.3103347239590009,0.8141145721836326,0.27805063921313,1.0149897425829741,1.0335627760659702,0.5991061193314212,0.07881358108544897,-0.44972804296509783,-0.34943292525580755,0.6816180547664535,0.09059592124177121,0.6777909612303419,-0.10996923787610166,0.15336257469122413,-0.22831996958207013,0.0,0.0,0.0,0
33579.4193224,81.0,BASELINE_1,33578.4193224,33580.4193224,249,0.8454481216347779,0.9723787776586671,0.2182235090368486,1.0991489159451238,0.37173557257082407,-0.14642522612547249,0.18242918563481395,0.22059582889820137,0.382802592095952,116.87744140625,110.9765625,11.724298477172852,1.992721890134903,5.981254577636719,0.2758479465212723,0.9986418189925138,-1.5576090833170584,0.8139094129457611,-0.04530788289851149,-0.3105447549026658,0.1432650627278945,0.3822466184087645,0.3426344922078484,0.5517009434314734,0.259727319440562,1.015337444512431,0.9900646732598316,0.3840773433721621,-0.16510287039131227,-0.3873602235770982,-0.5762281853875268,-0.2789148409337193,-0.5145762000224361,0.0,0.0,0.0,0
33580.4193224,82.0,BASELINE_1,33579.4193224,33581.4193224,249,0.9700029049056023,0.9401256176441425,0.9465994064494112,0.4759678620479693,0.3981263810878229,-0.13918580937597322,0.28414759087872743,-0.1036234900236041,0.3378341048367346,162.7880859375,482.529296875,14.336402893066406,1.8359576132631998,5.784523010253906,0.789662890814466,0.856902796536476,1.2217069016351245,-0.694267262922339,0.08246537756019132,-0.2720923882775108,0.6984949687268318,-0.8963067465516935,0.07969011747989346,1.5608183679260612,6.499053827052042,0.783603831168358,0.885777947288532,2.0348905781144992,-0.5340612286807581,-0.6790705039004107,-0.4970295948942607,0.6490926890289237,-0.48317370407399074,0.0,0.0,0.0,0
33581.4193224,83.0,BASELINE_1,33580.4193224,33582.4193224,249,1.5410554666567045,1.7134546019253034,0.7526564409021281,0.721067656351908,0.45251495542110876,0.06373877820183817,0.239180155035928,0.3071187455679564,0.430572098263635,168.8466796875,482.529296875,12.711806106567384,2.8723045256725976,7.222984313964844,3.1453760356612888,4.255357218353474,0.48166486258714564,-0.10109487631400928,0.34579211382854813,0.8057472925697193,0.45304022416864637,0.7234482674104042,0.6219572734684068,1.6939864509159985,6.499053827052042,2.315562638895636,1.648301327730662,2.3846114547117128,-0.26704224436438834,0.32882500162737677,-0.6883748827570307,2.077381643417019,-0.7481239722908204,0.0,0.8395698828981646,0.0,0
33582.4193224,84.0,BASELINE_1,33581.4193224,33583.4193224,249,1.593574258379897,1.6931885420834196,0.8411495212436176,0.9403816843778536,0.4435523359117448,0.0468935184226005,0.3418712510525681,0.46965899194358185,0.7175267864611388,120.8671875,503.228515625,9.596111297607422,0.7355963681902793,2.8437118530273438,3.3620272098271466,4.166296440751199,0.8193342358111333,0.4296727067036882,0.30239885756568763,0.7162732192651222,1.0135795626642101,1.3644229620589319,2.2998683098882915,0.6393956892495567,6.8466469740947336,-0.8429828657052981,-0.6731359136998022,2.7875834838228783,-0.5591917079981511,0.1587565225005465,-0.8313690559020287,2.2148009925329206,-1.0858317635257166,0.0,0.8265701868280628,0.0,1
33583.4193224,85.0,BASELINE_1,33582.4193224,33584.4193224,249,1.5174640171958058,1.6432730031239025,1.2082634840685091,0.9057520422813402,0.5588636840915561,0.21058628807519272,0.513557319132749,0.40316087910897264,0.5473592070006882,138.3125,474.193359375,9.315571975708007,0.5489067102947834,2.0899887084960938,3.0480562943215217,3.9469387190798293,2.2201572295467913,0.3458646092382589,0.8606881921017224,1.5857319906507996,1.9507279500470334,1.1021887860975816,1.304846895841809,1.0228442119014325,6.359071985989747,-1.1189530667065006,-1.0726819554339457,2.4472379699576425,-0.21397778690391606,1.096284396659271,-0.3937148472317209,2.570982411108381,-0.9202716841410019,0.0,1.2314971243379937,0.0,0
33584.4193224,86.0,BASELINE_1,33583.4193224,33585.4193224,249,0.9036085954465555,0.7102533893544127,0.971164212830703,0.8603283305426653,0.340556433205844,0.0327468300482875,0.017022138205040872,0.3849253633669936,0.32990979231159456,119.7490234375,138.087890625,11.288288116455078,1.970818090485844,6.1498870849609375,0.5157722579520657,-0.15328860526430285,1.3154405895362613,0.23593350310592873,-0.19626423925241826,0.6411326842298204,-0.7596092909917833,1.0302773401935212,0.03335426032595396,0.6148184076532514,0.7149962828392792,0.9829585968570104,1.079456184317911,0.5983615727530014,-0.31593655380301855,0.5214603696792202,-0.09878742433168929,0.5720897654503102,-0.3881492431580898,0.0,0.26103303639827896,0.0,0
33585.4193224,87.0,BASELINE_1,33584.4193224,33586.4193224,249,0.5653512615302114,0.6143155164506636,0.18178341958240393,0.2982857530705567,0.4936000153046864,0.08286981310769582,0.22473810230352204,0.27306087725144923,0.2538156966972514,106.875,117.771484375,13.463360595703126,1.2640651707402197,3.7762832641601562,-0.879611111670012,-0.5748950560978127,-1.696656137830533,-1.1242803559118646,0.5447087955241626,0.9073623250472402,0.3742082806101794,0.5891416434736844,-0.41159098047045356,0.3318469637370131,0.3738315427432158,-0.061784574880798394,-0.1787830221161587,0.3237050374884783,0.3677053038434131,0.8426213175495446,-0.47137664022578446,-1.1531894153350262,0.1386173327400098,0.0,0.0,0.0,0
33586.4193224,88.0,BASELINE_1,33585.4193224,33587.4193224,249,0.7420883187143658,0.6714521091390407,0.7030042362582984,0.9557192258723771,0.3686639062774282,-0.11390644727138943,0.1863422317727041,0.2900628387579276,0.2893349765924292,56.0576171875,51.2734375,11.993851852416991,2.165943758396558,5.8177337646484375,-0.1505332006742764,-0.3238038516864506,0.2922033955823579,0.4667914897644726,-0.06017960678281346,-0.13782034215407957,0.16462442472438288,0.6561885892489261,-0.20389898520747402,-0.785120723972104,-0.7428417802764602,1.271399158593734,0.9033828537553383,0.16404714731223152,-0.14237636366257464,-0.17062977161652587,-0.046267937946884455,-0.05483659428372396,-0.2271267699772816,0.0,0.0,0.0,0
33587.4193224,89.0,BASELINE_1,33586.4193224,33588.4193224,250,0.35144222715415285,0.34635147511458236,0.1612259558916728,0.6184810650392922,0.44336687657607776,0.03936981779438133,0.24801061861728244,0.1436662111893257,0.3643718497221525,55.8896484375,38.712890625,9.636224365234375,0.69873861083699,2.4681320190429688,-1.762031326257552,-1.7524838956174578,-1.775098721733554,-0.3493673539622688,0.3015009410056315,0.6763108707852944,0.5012413088439868,0.07887598055196689,0.23486435528252006,-0.7888126824302389,-0.9537656837140476,-0.8974670980934395,-0.8722294895206016,0.07843508395862174,0.13544153156071115,0.66062385399357,-0.5210153798633668,-1.776460691139927,-0.09959177419970756,0.0,0.0,0.0,0
33588.4193224,90.0,BASELINE_1,33587.4193224,33589.4193224,249,0.5273506099197574,0.42571624119264506,0.7045923510266864,0.38241328546254516,0.4131184466285947,-0.07681926638118897,0.20751406641057127,0.28992330271820327,0.3253773062795197,75.146484375,82.34375,9.225763702392578,0.3364119835221147,1.3209381103515625,-1.036371873301108,-1.4037092528757575,0.2982632786419138,-0.920681126829919,0.15505069050811088,0.05916926709615053,0.28019088221671007,0.6556383312516048,0.00685144072259223,-0.36554681710487275,-0.2210912817715404,-1.433069087487767,-1.4803530275130958,0.16562244299354925,0.037868937244388,0.026044778497440677,0.04877916869701641,-0.6675604124850127,0.26272860602322023,0.032140019677244155,0.0,0.0,0
33589.4193224,91.0,BASELINE_1,33588.4193224,33590.4193224,249,0.8476705313461497,0.6695301999198223,0.6881303180400704,0.4427143043329242,0.7023173353785221,0.04230705655310598,0.16574512441021302,0.38508662891413353,0.252286088838248,92.87109375,102.3046875,10.714563369750977,1.6430358305077752,4.961814880371094,0.2850158587608388,-0.3322498313628169,0.23544792246793458,-0.774745062787772,1.5552307915766508,0.6919120974481893,0.05219511601370352,1.030913288133433,-0.4205350612385292,0.02404065972739034,0.11410422330265377,0.4984211179709957,0.4496632025282312,0.2922645427908693,1.481119348214366,0.6334591888900154,0.6737196486591647,0.1003742616149608,0.6917174485737564,0.9803963848922906,0.14655300430413162,0.14368003561487494,0
33590.4193224,92.0,BASELINE_1,33589.4193224,33591.4193224,249,0.4010680641817733,0.29357431588473376,0.03505338925234451,0.36939929430741436,0.45146179862660574,-0.03271796450373939,0.2638605913846517,0.18952252506668738,0.30344785667320323,118.3515625,113.45703125,13.27684440612793,1.5074905607297666,5.0001373291015625,-1.5573142048571837,-1.984417230331844,-2.2565444046135616,-0.9521766252847889,0.3406931689697269,0.29341457816428634,0.5877583837883832,0.25970957371216935,-0.12137669783190524,0.5841021718765589,0.30138077261514384,0.29805407157392927,0.4699778005486236,0.286298129550968,0.10710602792301835,0.23615495225409275,-0.624033308634291,-1.9304100992994933,0.06909360005546192,0.0,0.0,0.0,0
33591.4193224,93.0,BASELINE_1,33590.4193224,33592.4193224,249,0.6814174799898616,0.5957480628652018,0.5144852435633589,0.24724935332534384,0.460178365691855,-0.0016290110451101301,0.2486822735466869,0.27649389865691504,0.29685456558315,86.880859375,94.146484375,12.335326766967773,2.2203120054998706,5.7180938720703125,-0.4008133007300928,-0.6564911762769227,-0.42714200248118384,-1.2477948742603535,0.38289514217628706,0.4585444329231355,0.5049075372165485,0.6026797049455802,-0.15992966922896037,-0.10762488202958496,-0.022893000248707194,1.3517679173687014,0.8505640900391678,0.15066992623639505,0.20128889576404352,0.4284104476758565,-0.11942617904434208,-0.4837644103877999,0.3104730338475761,0.03775154066134425,0.0,0.0,0
33592.4193224,94.0,BASELINE_1,33591.4193224,33593.4193224,249,0.38923265031545157,0.41352651488947856,0.260234442313802,0.9622897623285956,0.5018872286335718,0.14442414363616693,0.2756960277860068,0.3815261576621674,0.47539660580539866,89.40625,74.4296875,9.756310653686523,0.6751140402095492,2.6239852905273438,-1.6061378016450196,-1.457277954033703,-1.3973049617581585,0.48269301592487035,0.5848320174582866,1.2343098909558414,0.6523621123350812,1.0168726303614508,0.8840597551488781,-0.0521167159090212,-0.3539887559946945,-0.9323896405530302,-0.7896122073464874,0.47523309637758226,0.2940767644822458,1.139263271680325,-0.534244948404765,-1.5745593026189924,-0.4560822225615438,0.0,0.0,0.0,0
33593.4193224,95.0,BASELINE_1,33592.4193224,33594.4193224,249,0.679048353019383,0.6067629326327263,0.6178880825583531,1.70619160644038,0.49440033856940624,-0.002406049783980454,0.28250527970364747,0.21049839764863226,0.3785627367747358,82.310546875,44.390625,9.050364303588868,0.2243154388553823,0.8150405883789062,-0.410586452835485,-0.6080854736224722,-0.032580397231575915,2.283029215827727,0.5485836261451472,0.45441716970527246,0.689530413323372,0.34242757016535275,0.3178427730657801,-0.20808049589046604,-0.8584219133372685,-1.5987735314936327,-1.748527560687334,0.16506758580778322,0.308710984986579,0.4214036525437158,0.03609831547403552,-0.34254427540268173,-0.6794949554269496,0.05420117250302494,0.0,0.0,0
33594.4193224,96.0,BASELINE_1,33593.4193224,33595.4193224,250,1.0487512395870202,0.9143741520530934,0.9289749103897742,2.210946572015296,0.4821231633029191,0.27346485311181473,0.28140793081617727,0.11252239879690838,0.5145914729573128,79.5625,44.591796875,9.284402084350585,0.7284131870452724,2.6060943603515625,1.1145165024942056,0.7437359763538368,1.1544558520063768,3.5045998353901235,0.48914267677023215,1.9197132655676055,0.6835405345184781,-0.043939113454278485,1.1132440231540872,-0.26848265345553424,-0.8550437198908261,-0.853601257568897,-0.7990961277840387,0.2783110057885218,0.22841831525698436,1.864051064409901,-0.02814392793617508,1.0125925187271134,-1.3251602988431748,0.0,0.64752377636404,0.0,0
33595.4193224,97.0,BASELINE_1,33594.4193224,33596.4193224,249,0.6843662687446546,0.5650447428245442,0.41435555218149217,1.8894468748026578,0.44573725532320263,0.05574293512751496,0.10937492939730097,0.3089156911006112,0.5576266280868843,107.19921875,83.1484375,11.530757904052734,2.0526238267501724,6.292961120605469,-0.38864892060763745,-0.7914193063193092,-0.8092140243788585,2.726530056788064,0.31297732380940485,0.7632771461463421,-0.255501588462832,0.7305344915289015,1.3648836189367155,0.3389733021562038,-0.20757850798577054,1.1038862675936265,1.15529923760806,0.6085978531554552,0.19125775317831378,0.641557575515251,-0.37757272023855604,-0.7076904620432175,-1.0729280781009427,0.0,0.0,0.0,0
33596.4193224,98.0,BASELINE_1,33595.4193224,33597.4193224,249,1.0265882318746782,0.9868592938164121,0.9149533845535209,1.154574091300466,0.448732046044335,-0.14013133055456942,0.20160104942738724,0.30793328619463944,0.3755543307173627,95.666015625,90.7265625,13.81288414001465,1.3066057522631664,4.0522308349609375,1.023089386858462,1.0622775744947144,1.100952913443261,0.9480453212890562,0.3274768483156008,-0.2771145507346928,0.24791467953863242,0.726660394505748,0.30025171101550824,0.0854731312807753,-0.08032228883822912,0.0011001770970929965,-0.03250416569577812,0.2780963092005079,0.1974831826139095,-0.3327338125747944,0.3143299014983385,1.016464812310316,-0.2022054280680609,0.15447608320360393,0.7187720870767873,0.11103309672770184,0
33597.4193224,99.0,BASELINE_1,33596.4193224,33598.4193224,249,1.124695107992057,1.0496642616639558,1.0275253477578479,1.1377117965921635,0.2552368905555947,-0.2618164833324752,0.1548308302742251,0.18477123254846609,0.3926884556303601,107.701171875,112.294921875,12.1771728515625,2.3413804159077287,6.188209533691406,1.427801094938147,1.338278894802086,1.5305018014592782,0.9072364433207072,-0.6093457914241075,-0.9234486781045081,-0.007380557559215992,0.2409729325481418,0.4004401326492667,0.35000624778109546,0.28186596581287915,1.5307348399705707,1.0997707823383034,0.3183213196978458,-0.6730100553636766,-0.9871129420440773,-0.0671104100096641,1.3980937042386539,-0.5545158160473003,0.0,0.9015792470255557,0.0,0
33598.4193224,100.0,BASELINE_1,33597.4193224,33599.4193224,249,0.995856998528016,0.9715021321813695,0.9085273656164868,1.7680682729297201,0.40522518333945595,0.006628915605575991,0.03257751183369295,0.269576568493664,0.24488399471490083,87.8427734375,86.859375,9.543350219726562,0.6764783554915382,2.3863754272460938,0.8963165200489782,0.9947893321993837,1.0764326935749913,2.4327785456510522,0.11683480995020307,0.5024066436679147,-0.6747002854199363,0.5754013312009851,-0.4638173491154032,-0.08648198039433543,-0.14526231819702604,-0.9303728691536725,-0.9155683771149724,0.14385033280024628,0.08806474339015381,0.4736365771078654,0.18685388363669775,0.9574741932931271,-0.756516222895324,0.019291693312501548,0.6788326454724793,0.013095831206969165,0
33599.4193224,101.0,BASELINE_1,33598.4193224,33600.4193224,249,0.5982046752949559,0.6121282986194827,0.820411886752963,0.15109581208670875,0.41078255764989663,-0.06173362568840086,0.1644094134507596,0.2995150067396563,0.38904718139730443,71.99609375,49.5546875,8.973713684082032,0.1685007634168878,0.6745223999023438,-0.7440837997508116,-0.5845069551226024,0.7402041613060372,-1.4804985601175353,0.14374129274238664,0.13929707390248872,0.04490413786003795,0.69346305277997,0.3791484985566037,-0.4347925030696596,-0.7717040155470366,-1.6812804436237117,-1.8230157682006898,0.2681528878341434,0.07663947381754657,0.08566649633566004,0.14303122970049204,-0.23289057763039428,0.43641866558846976,0.08886310557513566,0.0,0.0,0
33600.4193224,102.0,BASELINE_1,33599.4193224,33601.4193224,249,0.6127785529659637,0.699402622820593,0.4065209497325372,0.5046891706941271,0.45842110610873865,0.08437708664067685,0.2617765720162945,0.30206648231957345,0.28149439088901684,103.3994140625,118.373046875,8.989299774169922,0.08489100999630646,0.31426239013671875,-0.683963457946012,-0.20097314348349457,-0.8391090770562982,-0.6247580769006268,0.3743872260106095,0.9153682510078623,0.5763827642511101,0.7035247532954296,-0.2497452662575913,0.255453474478279,0.3839333250879175,-1.80487486613883,-2.0139883579922344,0.33572788821540656,0.13432681909219513,0.8482226733647811,-0.38947402549017507,-0.6920255449744197,-0.06402201622249569,0.0,0.0,0.0,0
33601.4193224,103.0,BASELINE_1,33600.4193224,33602.4193224,250,1.075328881451907,1.1967697004221534,0.7422234235882357,0.5939986180393105,0.5209490576408501,0.1988291739169146,0.21348732567361506,0.4013984289495192,0.7717177994627547,104.001953125,117.837890625,9.14681510925293,0.336911739960514,1.2647247314453125,1.224154921956255,1.9847451969617438,0.4418548525431696,-0.4086179606722138,0.677121423483775,1.523283746584842,0.3127959173740572,1.095238593896087,2.6167395879334214,0.26869730220310023,0.374946674560488,-1.432330332667005,-1.5101515459710395,1.088905539648274,0.365501540341903,1.3055026386551871,-0.22183735231926688,0.9391321217155318,-0.23682999150351458,0.0,0.39524390680736404,0.0,0
33602.4193224,104.0,BASELINE_1,33601.4193224,33603.4193224,249,1.2212535369023836,1.364308894067298,0.9674490238959577,0.5007151227508706,0.43896238713944996,0.018393892493016904,0.14854156773106186,0.3256023350568385,0.4396917698349313,119.1015625,134.6015625,10.632931518554688,1.5714029098492064,4.795738220214844,1.8261251293007765,2.721009225653558,1.3012642775109247,-0.634375773682837,0.28017624473452807,0.5648966508419931,-0.041710496593057714,0.7963379879124005,0.675282757272563,0.6005871956896265,0.656451862432485,0.39253120561433813,0.3616265372469449,0.6821649508267688,0.1437432545691743,0.4284636606766394,0.148140889548757,1.7190759078208695,0.069768391595943,0.0018917138473096284,1.096548323219006,0.002074355647277548,0
33603.4193224,105.0,BASELINE_1,33602.4193224,33604.4193224,249,0.725880451741386,0.9706501140632152,0.592846548795955,0.5984610572441943,0.5204416892836881,-0.12823197452632243,0.24700271774791357,0.24678147771066425,0.5212933149947141,79.6845703125,78.701171875,13.239542770385743,1.4529481738616747,4.6501007080078125,-0.21739409551221694,0.9910450722531448,-0.12813316788308945,-0.3978182954959426,0.6746649580364806,-0.21391078495714588,0.49573968203796287,0.48550927874061783,1.152431724841535,-0.26579954411095946,-0.28225954174838697,0.2174278942229673,0.2844245938642513,0.4094852508955382,0.4440460032459841,-0.2958078351362535,0.10982069709063436,-0.005887724923280685,0.19811741371612895,0.18715470634398357,0.0,0.0,0
33604.4193224,106.0,BASELINE_1,33603.4193224,33605.4193224,249,1.1577204244066561,1.1129748165589188,0.8194098132550693,0.2819563941839395,0.2645102664868446,-0.15902612997203144,0.07821609769889007,0.20156833816542852,0.4500073079959452,89.408203125,140.94921875,12.55339698791504,2.051854363311871,5.3297271728515625,1.5640375418109753,1.6165020567471575,0.736380477819686,-1.1637994620378669,-0.5644479824982516,-0.37747481174042496,-0.4255820685240409,0.3072120326103533,0.7356008354879733,-0.05207378615950801,0.7630453449658637,1.1027488238695076,0.6446922410186515,0.4514645532660476,-0.6547408931514611,-0.4677677223936345,-0.28887851009489407,1.2171307894113534,-0.009794967511011318,0.0,0.7039229399157589,0.0,0
33605.4193224,107.0,BASELINE_1,33604.4193224,33606.4193224,249,0.5134997768978089,0.633852160884305,0.2100360596960083,0.5927729490145386,0.4310636403531551,0.19138125608011408,0.173733922021178,0.29822923576857674,0.5523069559890285,95.0166015625,151.544921875,9.870774078369141,1.0146043591111285,3.7839584350585938,-1.0935095023081973,-0.489039751288966,-1.5888505191056654,-0.4115842341555539,0.24193381537612021,1.4837239205429869,0.09580196706434979,0.6883926368432851,1.3337778838145773,0.07119898956763729,0.9409744658100422,-0.43054496098499523,-0.17471444047002796,0.7585859940088855,0.06147602645503816,1.3320067217412097,-0.8194486580766087,-1.2597728070847976,-0.41446229339893315,0.0,0.0,0.0,0
33606.4193224,108.0,BASELINE_1,33605.4193224,33607.4193224,249,0.37867333018276556,0.33772368711862344,0.38072529216423884,0.5146317965952528,0.36752879375087766,-0.003774532194991712,0.15447028283358022,0.4575427792861299,0.4607112406379751,56.3369140625,56.548828125,8.958510971069336,0.22613802733728328,0.82781982421875,-1.6496972406587191,-1.7903993816025348,-0.937539411827955,-0.6006956693752616,-0.06567534702932598,0.44714843671073656,-0.00934860573198645,1.3166428836993882,0.7981899739543065,-0.7789817697917168,-0.654254396792566,-1.5960793270295897,-1.7417533318033687,0.5287082144134236,-0.1714169899120107,0.34140679382805184,-0.529122609777561,-1.507888660918728,-0.16044971056230747,0.0,0.0,0.0,0
33607.4193224,109.0,BASELINE_1,33606.4193224,33608.4193224,249,0.8281094161754105,0.7784843479506975,0.7028161502879667,0.603750711346228,0.4300084763748882,0.08764792534592983,0.20682373937618664,-0.02966275154505758,0.3952773043641685,56.025390625,31.26953125,8.874196243286132,0.17876944423375832,0.78948974609375,0.20432210266548048,0.14655765377886207,0.2914857024986835,-0.3850166660333532,0.23682515257274706,0.9327414032130913,0.27642273216077085,-0.6046438334002643,0.4155779158629323,-0.7858290648390718,-1.0787588412324187,-1.6661009744394288,-1.7620719741395128,0.10389447896573308,0.1331194371313692,0.9119625074199447,-0.062279005178498284,0.2076923009849179,-0.017702192251346165,0.009329079360510681,0.11214991386059625,0.0010462554466799392,0
33608.4193224,110.0,BASELINE_1,33607.4193224,33609.4193224,250,0.5771035622762984,0.5895281968907587,0.409192147142634,0.24650964394444405,0.5754206546574333,0.14745714061716556,0.2775033652719989,0.25836146265953996,0.4687938443169175,57.80078125,25.681640625,9.999929809570313,1.2439873623818642,3.8120574951171875,-0.8311303741616195,-0.6838248614918943,-0.8289163981288133,-1.2495850641710018,0.9408501208716671,1.2504197401221315,0.6622274638420131,0.531174752259632,0.8454514074617846,-0.7468059225315756,-1.1725939038564177,-0.0914641879390677,-0.15981922555680775,0.3441565399303541,0.6733505737329923,1.1815884321360608,-0.15924310538885825,-0.8525178610057454,0.29100034221750376,0.19161708699053986,0.0,0.0,0
33609.4193224,111.0,BASELINE_1,33608.4193224,33610.4193224,249,0.8166470479125073,0.7345185435059597,0.677110895983963,0.4139540151649992,0.43513620647380347,-0.0164410090754704,0.24178113431843715,0.3942611893420244,0.3674802278369033,62.09375,35.359375,12.524653244018555,1.630717885333587,4.836616516113281,0.1570373982501888,-0.04665349640562054,0.19340032592572406,-0.8443485865839958,0.26165147773321384,0.3798700868504519,0.4672376693514507,1.06709301100165,0.25303998425330976,-0.6524463331015685,-1.0100798404862972,0.48021236530647804,0.3832959810441303,0.33003324881373997,0.05547352716503064,0.3138634370877039,-0.0664204781987779,0.07952125668340326,0.14025534924910987,0.0,0.0,0.0,0
33610.4193224,112.0,BASELINE_1,33609.4193224,33611.4193224,249,0.6154785080899874,0.616078593266555,0.4795954155595691,0.7991148068173042,0.3648594830981849,0.07547795281365179,0.1805896252418567,0.3216854653677944,0.4252205705951057,77.7177734375,45.8203125,12.424625015258789,1.7786720212856022,5.043571472167969,-0.672825569418456,-0.5671470777822983,-0.5602736135457935,0.08778906233234214,-0.07859903313208466,0.8681002502277229,0.13322382248615236,0.7808918789707963,0.5906652691692771,-0.30902980187074885,-0.8344137812712891,0.6989225664923038,0.49300209012260204,0.3428892870350183,-0.187144037284934,0.7995223928207192,-0.48862442421606056,-0.6637300795910454,-0.39314225226930954,0.0,0.0,0.0,0
33611.4193224,113.0,BASELINE_1,33610.4193224,33612.4193224,249,0.637792439381835,0.6213531138031935,0.283692217181729,0.4185087619507406,0.18864819434436442,-0.09101918880049939,0.17318599222282827,0.17887563316422742,0.25877898367232055,62.5615234375,48.66015625,9.918808364868164,1.2305682122492492,4.351165771484375,-0.5807758619515532,-0.5439677866849063,-1.3077954531466858,-0.833325525430609,-0.9317404167771971,-0.01625402207336021,0.0928110923086729,0.2177237367375889,-0.38256913717979557,-0.6421646580931578,-0.7867254970855867,-0.11130077450261534,0.12596021408423658,0.05443093418439723,-0.9704699313066785,-0.027140208910239657,-0.8743150590514439,-0.8360357439441798,-0.2706082733625612,0.0,0.0,0.0,0
33612.4193224,114.0,BASELINE_1,33611.4193224,33613.4193224,249,0.5487858142714389,0.5577225306135828,0.36042768617066034,0.5777339351746031,0.3616416790295841,0.031142881958616066,0.10003178234053843,0.2263852163604464,0.3494154300122958,77.4931640625,53.263671875,8.86103858947754,0.20835917040101992,0.7460556030273438,-0.9479471011594802,-0.823597337883657,-1.0149904381381523,-0.4479805426755356,-0.09417829502160094,0.6326132686296577,-0.3065011558431997,0.4050769693129883,0.14740963602306761,-0.31396672306476653,-0.7094206237529178,-1.6223605617673957,-1.7850962637134913,0.138121651334014,-0.12180262528840374,0.6049889383628549,-0.4762672539492346,-0.9672605641469528,-0.13958610929240015,0.0,0.0,0.0,0
33613.4193224,115.0,BASELINE_1,33612.4193224,33614.4193224,249,0.6379286144890544,0.8197021070499583,0.4877164462086201,0.7057698411788104,0.5881746004058469,-0.06584147438495319,0.32997373024056503,0.2911210915390987,0.4932923307871937,78.1201171875,88.177734375,8.770208358764648,0.06300970819568519,0.28615570068359375,-0.580214110702082,0.32769230476892824,-0.5292856163078652,-0.13811751667113173,1.002599393575402,0.11747811947754543,0.9486369463674986,0.6603617910767647,0.9887014832220636,-0.3001862734710303,-0.12312367182470889,-1.8372204568060198,-2.0288876172212063,0.4122658185747071,0.6355551459502111,0.03502495576260399,0.10716248039945228,-0.44264772735611013,0.17118551180693387,0.2688883193231005,0.0,0.0,0
33614.4193224,116.0,BASELINE_1,33613.4193224,33615.4193224,249,0.8762463846009286,0.8596841275414706,0.7620154582462373,1.0604231345702144,0.35167676838608275,-0.16627834648530204,0.0451205542682043,0.4329801818481114,0.17447142731696091,80.4208984375,91.6640625,9.001435089111329,0.41290300712454864,1.5406646728515625,0.4028973247524704,0.5033964062502155,0.5173767341637993,0.72018814228267,-0.14242422588346426,-0.41599516467252723,-0.6062340894040374,1.2197806988333417,-0.8755409723877485,-0.24961502854448417,-0.06457925141791471,-1.3199977829692924,-1.3638767338664106,0.30494517470833543,-0.20341326082513134,-0.4769841996141943,-0.05876940358995629,0.4173231581397342,-0.35276180677149654,0.0,0.21938329503815557,0.0,0
33615.4193224,117.0,BASELINE_1,33614.4193224,33616.4193224,249,0.9186038706824411,0.8463876359092115,0.91611062302941,0.5057489116915119,0.3955564404406883,-0.08313620464486296,0.17291627261359102,0.27671968779183614,0.4795189957041712,60.716796875,27.404296875,10.459446334838868,1.4572049019800988,4.461029052734375,0.5776309542434385,0.44496393869656864,1.1053686710292352,-0.6221933701517263,0.07002279947630163,0.02561667101442012,0.09133882784558227,0.6035701005555176,0.9081646183627369,-0.6827118065083725,-1.1436660725965901,0.22372031624404431,0.18419836090757924,0.3779336797295636,-0.03296558482328577,-0.04997006493149261,0.1637276761721107,0.6791157000496587,0.1421135186956471,0.0,0.43253978932327053,0.0,0
33616.4193224,118.0,BASELINE_1,33615.4193224,33617.4193224,249,0.638467990198731,0.5696932747602104,0.5696829474821172,0.8039509986272776,0.40716982218613007,-0.08380996589046871,0.13681828253441228,-0.08743560926029725,0.5144411668274088,67.3798828125,31.6953125,13.329478454589843,1.8067846411920576,5.2019805908203125,-0.5779890713022058,-0.7709909708594571,-0.21652017743310964,0.09949325590853188,0.12624993816403393,0.022037969120286795,-0.10570204779882113,-0.8324701143289964,1.1123651376555035,-0.5362569660441008,-1.071608878404026,0.7404794767877727,0.5769742180735092,0.27809128441387587,0.07063168128125875,-0.03358028776248838,-0.08480544075705407,-0.5317890310215538,-0.08547808946022063,0.0,0.0,0.0,0
33617.4193224,119.0,BASELINE_1,33616.4193224,33618.4193224,250,0.31901199518650464,0.18244270010531893,0.16166073337572553,0.23351141368129122,0.35805904456631016,-0.2444464768600836,0.15907413928968311,0.12559377052542406,0.518394305318763,60.4052734375,56.52734375,14.116035079956054,1.3770981075900557,4.5606689453125,-1.8958129233531946,-2.472793767001143,-1.7734397102044552,-1.2810424192812957,-0.11152391314123422,-0.8311873979117476,0.015781544325174087,0.007607618442266489,1.1354803365909327,-0.6895591015557274,-0.6546151747334483,0.10530407188112843,0.23701712462374974,0.2857719887582998,-0.1734127741904464,-0.8883417956634075,-0.6101799505454343,-2.01124426579447,0.12258950813923625,0.0,0.0,0.0,0
33633.6194394,1.0,CONTROL_1,33632.6194394,33634.6194394,250,0.6480580574699578,0.7445551234877559,0.4565967929646885,0.7353943524051902,0.47213011152242856,-0.07823209743126189,0.2673509241007697,-0.04552586118304126,0.23068889851286725,56.806640625,67.166015625,10.050007247924805,0.8944641175495827,3.2627410888671875,-0.5384280062725371,-0.0025469643702789144,-0.6480311020031971,-0.06642246659505491,0.4407604982892856,0.05166497505210369,0.6068103646096338,-0.6671997362188506,-0.546820379071271,-0.7686571650337929,-0.47596449800750545,-0.6081398368116585,-0.45100995967352103,0.0,0.2587173889063955,0.05166497505210369,-0.03004620661270247,-0.46961288139781643,0.08228065873944396,0.11113009790610627,0.0,0.0,0
33634.6194394,2.0,CONTROL_1,33633.6194394,33635.6194394,249,0.940969574751614,0.9738969465257669,0.7433665442275665,0.6242092894162405,0.26381091721879957,-0.18012800956351332,0.00564096845143344,0.30832972308114287,0.41880596486277305,61.232421875,58.91796875,9.297176361083984,0.11863088910522666,0.413909912109375,0.6698942354166151,1.0053135302620144,0.4462167396908733,-0.3355043291712772,-0.5678339392460323,-0.48955804145470566,-0.8217334050820553,0.728223736619102,0.5531571252174514,-0.6713783526368885,-0.6144704293116465,-1.7549995740395905,-1.9611655499603122,0.32034521545913835,-0.63190298233786,-0.5536270845465333,-0.3160787592278893,0.6106391885628145,-0.23200832884877484,0.0,0.30016263705656454,0.0,0
33635.6194394,3.0,CONTROL_1,33634.6194394,33636.6194394,249,0.5112558055626211,0.575527963423963,0.5677348030481126,0.956990121887092,0.2592543228943333,-0.016376508661604252,0.05577601959494419,0.3114523035020869,0.1395428274703307,74.12890625,235.162109375,9.229596710205078,0.0672026415339213,0.24016571044921875,-1.1027663608270555,-0.7453499773207406,-0.22395385142707178,0.46986721826241085,-0.5898950637867852,0.38021268262125446,-0.5480712328634338,0.7405375793531944,-1.0797790823747055,-0.38791321660124845,2.3451222117235844,-1.8310223381250945,-2.0532667525719774,0.7714149477691947,-0.7441780533406241,0.2259296930674155,-0.703326067749893,-0.8394109480011774,-0.7282175419323351,0.0,0.0,0.0,0
33636.6194394,4.0,CONTROL_1,33635.6194394,33637.6194394,249,1.4676725037495066,1.5884199637114127,0.758430896029453,0.8632657146143091,0.27310534328200303,-0.01734284045702442,0.1620629386372478,-0.03530751726686234,0.5601959983564544,61.58984375,280.380859375,9.174281692504882,0.08869648652625028,0.31170654296875,2.842655722493971,3.7058827673043266,0.503698863844978,0.24304234269149602,-0.5228342143826236,0.3750799839847779,0.03209590529867473,-0.6269038709329677,1.3799075056661543,-0.6635222084759734,3.104461383296749,-1.799249497627727,-2.0153432037690275,1.1210922222407258,-0.7566814304203712,0.1508615395366327,-0.6006954342374677,2.028502397592786,-0.6969386658715672,0.0,1.075594147019311,0.0,0
33637.6194394,5.0,CONTROL_1,33636.6194394,33638.6194394,249,1.0965052338400458,1.1088099477753253,0.8648737647987262,0.4605945473245285,0.47498971216997266,0.23037087205824966,0.19595929955225272,0.07754960876994742,0.5146448473513082,85.3623046875,143.0078125,9.136467742919923,0.05934930862882742,0.24016571044921875,1.3115118747517664,1.598199216660221,0.9098605280427177,-0.7314726217047958,0.45460548898410186,1.6908183675188386,0.21711918834577484,-0.18185371558139804,1.1135561194132901,-0.14100276227609568,0.7976144313013042,-1.8426313682383817,-2.0532667525719774,0.47779263767864855,0.29391120494463974,1.5952598399831088,-0.04938383268605262,1.1566024761334932,-0.03957831370987852,0.01052095860964665,0.7041864392205051,0.00740871638051339,0
33638.6194394,6.0,CONTROL_1,33637.6194394,33639.6194394,249,0.8645998608852904,0.710069877591001,0.7507183055075253,0.6693264832705852,0.4621502643351382,-0.09166374096896561,0.29418698439093793,0.17882634232648204,0.41205401062417696,81.908203125,167.4140625,9.203535461425782,0.13645370801034282,0.6285324096679688,0.35485293996839967,-0.15409506199423084,0.47426938080039693,-0.22631503494255403,0.39244225092758184,-0.01967757912892219,0.7532949973224878,0.2175293591580213,0.5136764023008604,-0.21692402429018462,1.2074581721434892,-1.72865335341281,-1.8473949035514614,0.48466598340059275,0.06952055505071693,-0.11661077580904075,0.03563715462784536,0.22215919635698367,0.0007267689748240574,0.0,0.06570567169533907,0.0,0
33639.6194394,7.0,CONTROL_1,33638.6194394,33640.6194394,249,0.4121822492612236,0.38975041132208754,0.15409243115027005,0.9027984528574593,0.3104385171136069,0.09844438751154155,0.06607100128999449,0.019122853215880673,0.37638295772628677,62.6181640625,64.841796875,10.498409271240234,1.4711787089033894,4.1339874267578125,-1.5114658300497295,-1.561763892029791,-1.8023186220806993,0.33871655065828316,-0.34208259623257764,0.9900871170753901,-0.49187607619442386,-0.412258631506197,0.3050969442893843,-0.6409196953572751,-0.5149941116120349,0.2443768129608105,0.010834721898592706,0.07627423607234607,-0.3573374434470469,0.9748322698609209,-0.8611502624063212,-1.634765055067433,-0.5855834515267867,0.0,0.0,0.0,0
33640.6194394,8.0,CONTROL_1,33639.6194394,33641.6194394,250,0.8325580051041638,0.7397928477406759,0.8313891618577519,0.553682062059688,0.33697507194255677,-0.17135179369529463,0.14302458566789386,0.1293463975615846,0.2869324509997044,69.4580078125,73.046875,12.823971176147461,1.508073163705237,5.347618103027344,0.2226734771577849,-0.023475155863864075,0.7820909347129237,-0.5061891063281151,-0.21360369307005928,-0.44294292288599085,-0.07182494269536607,0.02240603927813836,-0.21794728054161255,-0.4905797125620591,-0.37720973618965825,0.29891529260811445,0.6541761614562028,0.00560150981953459,-0.2147239950339662,-0.4440632248498978,0.07602415895466585,0.36839963422482347,0.1053252711630042,0.0,0.27196427378440263,0.0,0
33641.6194394,9.0,CONTROL_1,33640.6194394,33642.6194394,249,0.6313989773035509,0.6654576568223396,0.24750011467253827,0.27561631134530673,0.45442108756449484,0.2270243718466087,0.1952978185776283,0.25143802124894954,0.533849942357557,52.6591796875,107.53515625,12.006498718261719,2.085107125543738,5.9480438232421875,-0.6071502513995393,-0.35014693903497485,-1.4458962461440226,-1.1791432614048412,0.35502080868527064,1.6730433370845046,0.2135084945044773,0.5038722789151862,1.2258541308829545,-0.8598184881250668,0.20193725291015788,1.151904045323234,0.9724597667930253,0.48291591567707465,0.19438507719851256,1.5764601539490897,-0.6905832787859103,-0.9217480744387567,-0.09363952434324986,0.0,0.0,0.0,0
33642.6194394,10.0,CONTROL_1,33641.6194394,33643.6194394,249,0.7996724962157472,0.8433108761959314,0.5280870613519725,0.5560985052426156,0.3392988751946275,-0.020605960231042282,0.11430196396784477,0.30258761387832633,0.3325987603195905,69.87109375,125.794921875,9.5298095703125,0.763014651932153,2.6597518920898438,0.08701376603440612,0.43144287862381736,-0.3752405739212982,-0.5003410093356584,-0.20235280933944677,0.35774783110091374,-0.22860737069666975,0.7055798267261134,0.04907747128144463,-0.481500070540018,0.5085657046654065,-0.8024523437650388,-0.7706524551028882,0.3158057506682411,-0.265513959473095,0.2945866809672655,-0.3777115950510401,-0.0532602930324443,-0.13132893608272905,0.0,0.0,0.0,0
33643.6194394,11.0,CONTROL_1,33642.6194394,33644.6194394,249,0.024543596323577128,0.2882801755000831,0.08783917451927757,0.1929810659577474,0.2635098234383731,-0.18235168141356856,0.03774288659176643,0.29256010202185906,0.3274082812000504,65.333984375,124.9453125,8.877391052246093,0.17716432499050777,0.597869873046875,-3.110557632345049,-2.007682742378648,-2.055125909998627,-1.3791309678968326,-0.5692917094391716,-0.501369137319338,-0.64650508776129,0.6660365044191562,0.01872716666126346,-0.5812258786591746,0.4942985770032466,-1.668473709411383,-1.8636490085572261,0.2947655620209166,-0.628244821843355,-0.5603222497235213,-0.9330075200187311,-2.564796385833658,-0.06693914859282282,0.0,0.0,0.0,0
33644.6194394,12.0,CONTROL_1,33643.6194394,33645.6194394,249,0.6513861762564364,0.6176378775345137,0.5641334461152122,0.6152935212070562,0.34340607314671023,-0.20074602918530995,0.049500381571063824,0.1897825789168849,0.26592373346215137,43.2744140625,44.771484375,9.907183074951172,1.2843016141655812,3.8478317260742188,-0.5246988091757271,-0.560294681683063,-0.23769580654486874,-0.3570816116904555,-0.18246747413461994,-0.59907123526784,-0.5823268024599789,0.26073509164350883,-0.3407916196207705,-1.0660959345359786,-0.8520263043852657,-0.0318704627516058,-0.1408554289974568,0.06518377291087721,-0.19550422871679538,-0.6121079898500155,-0.18324722065817395,-0.4411444986930254,-0.010375344854620895,0.0,0.0,0.0,0
33645.6194394,13.0,CONTROL_1,33644.6194394,33646.6194394,249,0.6131014509071121,0.6109083758941762,0.345081361291056,0.6162372305869321,0.3379093162668683,-0.08096098745997976,-0.028957838304412443,0.3722636951683789,0.3022567496023769,65.7041015625,124.298828125,12.620975875854493,1.79724413830731,5.4217071533203125,-0.6826314353348627,-0.5898680005047906,-1.0735485071237805,-0.3547977160767712,-0.20908047267287305,0.03717039855583452,-1.0105909886890614,0.9803462671927298,-0.12834146189361545,-0.5730906911264239,0.4834424407821548,0.7263764218653077,0.6934505117201946,0.36594717699372115,-0.2822699080716173,-0.03601903684290971,-0.515122370468765,-0.8557918000440277,-0.1802116856143893,0.0,0.0,0.0,0
33646.6194394,14.0,CONTROL_1,33645.6194394,33647.6194394,249,0.8907808435052428,0.7623395359811693,0.8193286196295632,0.6222667268730208,0.41237227398150744,-0.0747087034331563,0.09249584187345339,0.2919928975194469,0.31346487377389887,59.421875,127.560546875,13.00639762878418,1.5260417798958386,4.647544860839844,0.4628550557696235,0.07560802077338442,0.7360706614981312,-0.3402055753031639,0.15143803453654298,0.07037958183163434,-0.34763608621415715,0.6637997431194549,-0.0628041627364144,-0.7111742304356221,0.5382150918069987,0.3254770351156165,0.2830697480874583,0.30050370873161336,0.09133729279022029,0.010278840085311665,0.15707148120918826,0.43595555446561135,0.10708816297119286,0.06239202285053045,0.2764824426214429,0.01725029887780754,0
33647.6194394,15.0,CONTROL_1,33646.6194394,33648.6194394,250,0.48042019585032697,0.5155751979497694,0.46137783230890034,0.5217930634393498,0.3097425884019158,-0.008472848688325405,0.08978169449737942,0.2116458975778348,0.3284738967623434,50.046875,93.20703125,10.576082229614258,1.4557369176011785,5.015464782714844,-1.229969802320902,-1.0088170722665237,-0.6297877483704689,-0.5833645012397858,-0.34545199207667693,0.4221931958986676,-0.3624512594256442,0.34695271660219307,0.0249581438367316,-0.9172370280989679,-0.038668835663647254,0.22155029810439983,0.4781028308936302,0.09297771510973117,-0.36404753509862314,0.4035976528767214,-0.461637040749637,-0.9896221946938344,-0.12874936129851489,0.0,0.0,0.0,0
33648.6194394,16.0,CONTROL_1,33647.6194394,33649.6194394,249,0.5495732779125206,0.5954669933801586,0.24591265263099835,0.622635698877354,0.3757647852861984,0.0897559274077085,-0.01037853395149731,0.27823184129779455,0.42515235582331573,51.6640625,70.140625,9.075658798217773,0.392243734260341,1.3899154663085938,-0.9446986463330159,-0.6577263580090165,-1.4519536385470795,-0.339312616559467,-0.025800119603065986,0.9439381157288755,-0.9091758575271227,0.6095332521647718,0.5902663967230654,-0.8816911955020408,-0.42601315219263286,-1.3505369341421203,-1.4437883688026902,0.2999499122219593,-0.08579010204745785,0.8839481332844836,-0.6619500704752583,-1.109835922776432,-0.28201296570227624,0.0,0.0,0.0,0
33649.6194394,17.0,CONTROL_1,33648.6194394,33650.6194394,249,0.9365632612786052,0.9493684814030433,0.8944912135804252,0.5822779316465866,0.33735129344875214,0.0983886680779341,0.15326383154736584,0.3410339223371323,0.5211940473153559,52.8515625,52.662109375,9.826828384399414,1.2764456130200894,3.8606033325195312,0.6517172561612332,0.8975212808428502,1.0228739447756072,-0.43698349863606234,-0.21178218584074102,0.9897911617293509,-0.015934019970745283,0.8571921896592715,1.151851276632791,-0.8555899077980169,-0.7195224060976195,-0.04348343713715345,-0.13408524442924322,0.5022608665730156,-0.31223435915534414,0.8893389884147478,-0.21944342566774097,0.755443772126635,-0.2512891361495351,0.0,0.3844697820404931,0.0,0
33650.6194394,18.0,CONTROL_1,33649.6194394,33651.6194394,249,0.6276637142978078,0.5294785179400746,0.7139370777041715,1.2112867808384873,0.34908682651424355,-0.07701915290141322,0.27480173504625827,0.19830982455361879,0.26719508489939137,58.4951171875,97.4765625,12.49015998840332,1.9093539761494285,6.2776336669921875,-0.6225590049039572,-0.9477178502544197,0.3339206203002589,1.0852971761907748,-0.15496364153457076,0.05810756419589673,0.6474806154945099,0.2943621396520821,-0.3333576424269738,-0.7315443965796341,0.033027580588034594,0.8921005162381227,1.1471742072630533,0.08184743006002917,-0.3655773121949295,0.04173807818389089,-0.14639683978393198,-0.36510001966157846,-0.4944917542012837,0.0,0.0,0.0,0
33651.6194394,19.0,CONTROL_1,33650.6194394,33652.6194394,249,0.8068965452513783,0.719245783554036,0.5335907266500217,0.15156071935514512,0.34366397028747653,-0.15427901430981164,0.16129409293193586,0.19647169490763602,0.18863855245762792,46.9267578125,93.943359375,13.813522338867188,1.210518797108744,3.9065933227539062,0.11681450315056599,-0.11377082893417065,-0.3542398447743935,-1.4793734259461537,-0.1812188440095724,-0.3522603727639263,0.02789916108444535,0.287113506683756,-0.7927014977055796,-0.9858173029463001,-0.026303991689775316,-0.14093841586236863,-0.10970610907847173,0.071778376670939,-0.2039442676690938,-0.3666160480981141,-0.21867390257933472,-0.10493834154075801,0.3136045965040965,0.0,0.0,0.0,0
33652.6194394,20.0,CONTROL_1,33651.6194394,33653.6194394,249,0.6882443484694382,0.5562057849741464,0.7035759355589452,0.6591351284647402,0.3205138462846717,-0.3635740134915006,0.075969288977135,0.3322864236381617,0.23373306358480056,50.806640625,90.279296875,11.77118377685547,2.0499992042724426,6.336395263671875,-0.3726510177938882,-0.8302627946683986,0.2943848694758761,-0.25097939775902744,-0.29330206502784334,-1.4639366748503446,-0.4378462737323929,0.8226965774491506,-0.5290202232244872,-0.9005373555383342,-0.08783302960750411,1.1000064726392815,1.1783235271820383,0.20567414436228765,-0.33443689390030085,-1.5050715037228022,-0.16176261036676837,-0.261561934278716,-0.10661273030653165,0.0,0.0,0.0,0
33653.6194394,21.0,CONTROL_1,33652.6194394,33654.6194394,249,0.7715883108751831,0.7155145055074453,0.6866724017956836,0.1165872523954916,0.20303280031404153,-0.1641504503033126,0.06053589830809067,0.20230721061985754,0.2156537008336945,48.728515625,83.931640625,9.403848648071289,0.812457246870147,2.7389602661132812,-0.028839465349777636,-0.13016822077414142,0.2298848472245885,-1.564013622904866,-0.8620961690848425,-0.4046927839751064,-0.5220894353300439,0.3101257635565177,-0.6347357369945226,-0.9462146090203759,-0.19442651214088288,-0.7293648304187067,-0.7286643689695588,0.07753144088912943,-0.8776024572626684,-0.4201990721529323,-0.4445929999106029,0.029818576833008325,0.07926881153718263,0.0,0.0,0.0,0
33654.6194394,22.0,CONTROL_1,33653.6194394,33655.6194394,249,0.30935792997291545,0.3901958593462938,0.13708141259762582,0.07597373181626961,0.5290538423519434,0.13887135979102683,0.27269884613971246,0.3377613934885432,0.27891306368684765,39.7080078125,88.423828125,9.611441802978515,1.082841492071469,3.2857284545898438,-1.9356379934923125,-1.5598063360111702,-1.8672287817271582,-1.662303460311541,0.7163614023266061,1.2048161226604421,0.6360019965847084,0.8442870278533433,-0.26483906879602365,-1.1444856571470763,-0.11899112450187636,-0.3296748029318248,-0.4388244363138869,0.21107175696333583,0.48334645195852644,1.162601771267775,-0.4862549403489889,-1.8681892014227803,0.30552662151093957,0.0,0.0,0.0,0
33655.6194394,23.0,CONTROL_1,33654.6194394,33656.6194394,249,0.549191171865036,0.521551326393012,0.46508837192235797,1.3605520686093644,0.3729628071853079,-0.12039523341455158,0.12212366852688339,0.19971924114167813,0.3016564660508775,39.919921875,39.60546875,11.885263442993164,1.7058817927084107,5.4498138427734375,-0.946274914962343,-0.9825545106063488,-0.6156291770927598,1.446537981130151,-0.0393661260198098,-0.17228571310352167,-0.1859125970551381,0.299920149974499,-0.13185150176217122,-1.1398277793248945,-0.9387770001701232,0.5913218871733896,0.7083497709491664,0.07498003749362475,-0.05436213351853475,-0.18728172060224663,-0.20255147708179022,-0.8490518314608336,-0.5159039111637782,0.0,0.0,0.0,0
33656.6194394,24.0,CONTROL_1,33655.6194394,33657.6194394,250,0.8172265982429641,0.7520100519447225,0.7267679037070807,0.6584581457798279,0.3159804644571241,0.026720643438594666,0.08377102794898522,0.29747018529951974,0.31331576882373785,64.484375,39.60546875,13.117668533325196,1.1250194684482278,3.6919784545898438,0.15942816649640912,0.030214299068537617,0.3828801203835336,-0.252617781161357,-0.31525080436399866,0.6091244237738193,-0.39526048224675764,0.6853993342399269,-0.06367602457296961,-0.5999003196974154,-0.9387770001701232,-0.26732606465820397,-0.22347271117157094,0.17134983355998173,-0.349520771075995,0.5748544570618229,-0.25432474379827386,0.18609110183733116,-0.2131502181952296,0.0,0.04512885581448069,0.0,0
33657.6194394,25.0,CONTROL_1,33656.6194394,33658.6194394,249,0.7727344759224937,0.7156974559105916,0.5529538274690726,0.4282099502700008,0.37274503497884,-0.41025018222092136,-0.05685644351109096,0.3654299601788118,0.28577568714980706,58.7744140625,46.916015625,11.304513549804687,1.887014728391953,5.529022216796875,-0.02411129101179027,-0.1293642309855992,-0.2803546766684717,-0.8098474272762852,-0.04042048798980276,-1.711858463959312,-1.1628755227344125,0.9533975495925108,-0.22471122938129268,-0.7254054423992469,-0.8160141062862966,0.8590779762466617,0.7503378570824958,0.2383493873981277,-0.0880903654694283,-1.7595283414389375,-0.17812571702483543,-0.1705994720961097,0.12432581180622271,0.0,0.0,0.0,0
33658.6194394,26.0,CONTROL_1,33657.6194394,33659.6194394,249,0.3594678403651853,0.5115033854866606,0.24228141092984173,0.7943149870252488,0.34595106992045827,-0.2047656767772055,0.001932165222535854,0.29470395685954814,0.33007253424086747,51.7548828125,51.318359375,9.242755889892578,0.5885092420997516,1.977569580078125,-1.7289239666150156,-1.0267109691090484,-1.4658096271116396,0.07617289362265825,-0.1701456638562721,-0.620421707033149,-0.8419779071779292,0.6744907594765952,0.03430586171267646,-0.879694962149677,-0.7420874264000702,-1.0604114271450236,-1.1322749480340815,0.17719915529731792,-0.2055854949157357,-0.6558615380926126,-0.523824217805894,-1.5229712215822382,-0.2509234020724553,0.0,0.0,0.0,0
33659.6194394,27.0,CONTROL_1,33658.6194394,33660.6194394,249,0.6684731856538464,0.6160803949641891,0.43991788925892394,1.7465991511114378,0.39271620228301507,0.014092107922108806,0.04698385083594083,0.10538390294330345,0.40748218457065655,63.1533203125,51.833984375,9.237006759643554,0.7648145376710107,2.491119384765625,-0.4542112650516466,-0.5671391600817908,-0.7116739872847966,2.380820565582152,0.05627155386170179,0.5420476005404707,-0.5960632852543685,-0.07208965033386548,0.48694354966834297,-0.6291569439906591,-0.7334287558188972,-0.7997916991705225,-0.8600439661609675,0.12173588741708574,0.03192437637828464,0.5177004230570535,-0.29433414627882476,-0.5851691799518408,-0.8802546342728416,0.0,0.0,0.0,0
33660.6194394,28.0,CONTROL_1,33659.6194394,33661.6194394,249,0.9660939645922906,0.8320822720036984,0.9050557715106545,1.928818006808015,0.3757045074845952,0.032376338004213134,0.043860335978980314,0.2446028916570916,0.39028346849997114,63.265625,58.001953125,10.982454681396485,1.507634999456983,4.7497406005859375,0.7735376815163006,0.38209790340166405,1.063185883753468,2.8218131572958067,-0.026091959515403607,0.6391648052689308,-0.6131129908239537,0.47691806172457374,0.3863774439583262,-0.6266884833936504,-0.6298526887910787,0.29826758519343893,0.3372433575804218,0.21582387642072498,-0.06925673479954861,0.5960000299847859,0.05454929169647685,0.7642530152132732,-0.9862484244863503,0.0,0.5027221937044416,0.0,0
33661.6194394,29.0,CONTROL_1,33660.6194394,33662.6194394,249,0.8050881045487533,0.7130671261239736,0.7468764279866709,1.4570868758405608,0.33511283036668704,-0.1929573495858317,-0.046935813503834585,0.43530949643786887,0.2915813295981422,63.0771484375,50.806640625,12.026299667358398,1.0306516008828095,3.4722442626953125,0.10935430102523777,-0.1409234199929506,0.4596096540797981,1.6801643787316756,-0.22261988815015177,-0.5577014434948053,-1.1087237647200114,1.2289663112659686,-0.19076387832472247,-0.6308312042216738,-0.7506805009919918,-0.4068234512497066,-0.33995304913400787,0.30724157781649214,-0.2840682037134502,-0.6191497590581038,-0.11814549297657115,0.13580189371822238,-0.680254463540979,0.0,0.009983911444142991,0.0,0
33662.6194394,30.0,CONTROL_1,33661.6194394,33663.6194394,249,0.4567621912887204,0.486910634545206,0.5060065182613096,1.7910115796326271,0.22003838423414088,-0.11311621332571066,-0.08610613655138558,0.16663957124619913,0.5303344092904354,55.1181640625,63.076171875,10.595244216918946,1.488822620946913,4.614326477050781,-1.327564097591595,-1.1347857275630056,-0.4594948807789353,2.488304238898978,-0.779762242025518,-0.13362299222240384,-1.322534969599682,0.16947103485916482,1.2052977434990257,-0.8057699334879518,-0.544643498753627,0.2704585681474016,0.26546079730490035,0.34369219458954764,-0.8485006809434276,-0.20236143114031335,-0.6674721433610059,-1.0367380268898785,-1.2366479507108825,0.0,0.0,0.0,0
33663.6194394,31.0,CONTROL_1,33662.6194394,33664.6194394,250,0.8231076253246639,0.7638002355635263,0.6175542179684703,0.5650530614352666,0.2701106805559743,-0.11120850977443343,0.006552930752791761,0.034645133192869146,0.37313318150300073,65.861328125,35.181640625,9.088050079345702,0.4013878521006875,1.2851638793945312,0.18368865270993343,0.0820271787973418,-0.03385434821590573,-0.47866985500891723,-0.5373331191900445,-0.12349017090487213,-0.8167554589410048,-0.3510467846537786,0.28609451772093064,-0.5696348462906115,-1.0130644579972319,-1.3370198273734544,-1.4993168240724468,0.07152362943023266,-0.551637845076091,-0.13779489679091866,-0.3297453092033847,0.07648776318883649,-0.11863145020704487,0.0,0.0,0.0,0
33664.6194394,32.0,CONTROL_1,33663.6194394,33665.6194394,249,0.5003777894274443,0.5091582138256558,0.10049525320540614,1.1218811558712192,0.2631736532931395,-0.3300042153323939,0.02989446488924161,0.10362869280540087,0.2763514489384542,58.3046875,38.4453125,9.251952743530273,0.8128961242226254,2.5677719116210938,-1.147640488562185,-1.0370170085350372,-2.006833205745062,0.8689242979978229,-0.570919304724769,-1.2856297433650548,-0.6893456969281707,-0.07901129163362187,-0.27981760664248323,-0.7357300471571708,-0.9582590089777623,-0.7287160688721719,-0.8194107258044311,0.0,-0.570919304724769,-1.2856297433650548,-0.8157139190348885,-1.4262332435707625,-0.6358815605754997,0.0,0.0,0.0,0
33665.6194394,33.0,CONTROL_1,33664.6194394,33666.6194394,249,0.5774589966749853,0.4601242832918897,0.535360495081315,0.33535348710129875,0.35705459088287067,-0.17537654074786377,0.06439597055755181,0.11213736473001153,0.25873752395569033,42.7919921875,33.283203125,11.149934768676758,1.6319566063298785,5.012908935546875,-0.8296641317503257,-1.2525004333499534,-0.34748681284646976,-1.034571768747927,-0.11638705789976443,-0.46432048058076025,-0.5010192312988452,-0.04545748874262493,-0.38281156470916494,-1.0766995826657382,-1.0449441087733684,0.48204347949986476,0.4767479851168372,0.0,-0.11638705789976443,-0.46432048058076025,-0.15088458505648789,-0.7454693304539017,0.2377342669903268,0.0,0.0,0.0,0
33666.6194394,34.0,CONTROL_1,33665.6194394,33667.6194394,249,0.5922173326683349,0.5558859252400747,0.5331493729089296,0.6540510514756428,0.2539444033316154,-0.14411472068465273,0.0785568385978726,0.2837971825284453,0.2628815501308472,41.5068359375,40.724609375,11.234633636474609,1.4873728713512606,4.478912353515625,-0.7687828601752711,-0.8316684431695052,-0.3559239497976285,-0.2632835047040692,-0.6156034741549218,-0.2982724399670791,-0.423722134357177,0.631480080568658,-0.35858018762944016,-1.1049473578454219,-0.9199837492496229,0.268315505206349,0.19367823702937892,0.1578700201421645,-0.6471774781833547,-0.329846443995512,-0.48439610548579337,-0.6605398611632677,-0.26784122244366687,0.0,0.0,0.0,0
33667.6194394,35.0,CONTROL_1,33666.6194394,33668.6194394,249,0.7320859044641992,0.7104983130025869,0.35254918818077985,0.5988908489258773,0.17891510762144458,-0.17790476148018103,-0.07518454138078957,0.3249889800411836,0.1480050965519213,40.1650390625,47.966796875,9.38570785522461,0.6923986222140351,2.3940353393554688,-0.19179528460060788,-0.1522122692261304,-1.0450529861692903,-0.39677814546932866,-0.9788639531445552,-0.4777491964389964,-1.2629194433300022,0.7939192328493498,-1.0302976301832611,-1.1344400957609884,-0.7983687851776942,-0.9068390577099791,-0.9115078841003449,0.19847980821233746,-1.0185599147870228,-0.5174451580814639,-0.8710911517282695,-0.5122908483066019,-0.44400328036984305,0.0,0.0,0.0,0
33668.6194394,36.0,CONTROL_1,33667.6194394,33669.6194394,249,0.7264516224908246,0.7293117446747024,0.46337664265549194,0.483363621549277,0.32095686418636443,-0.06320880358989074,0.10130860869012472,0.19780591133631792,0.21934705345781905,55.3876953125,36.724609375,9.109895324707031,0.5632762733776898,2.0082244873046875,-0.21503789481804875,-0.06953517919686648,-0.622160744831631,-0.6763685930085985,-0.29115715758007077,0.1314616247954402,-0.29953159932726936,0.29237496645780536,-0.6131395847645803,-0.7998456280551306,-0.9871540422429644,-1.0977115514721165,-1.1160248873440681,0.07309374161445134,-0.30577590590296105,0.11684287647254994,-0.3653589451526591,-0.33939441044073376,-0.012307109950246304,0.0,0.0,0.0,0
33669.6194394,37.0,CONTROL_1,33668.6194394,33670.6194394,249,0.7472129327410844,0.6305690144858211,0.4755691790760964,0.22987970525777707,0.34286112288279136,-0.21992823940237907,0.08201104488796145,0.3182524106789753,0.14801028365596902,47.486328125,48.435546875,11.141503524780273,2.0287437990713117,6.119224548339844,-0.12939307902244648,-0.5034677937161761,-0.5756368119402826,-1.2898316112884098,-0.18510589546088949,-0.7009580868568931,-0.4048673496292014,0.7673536862465633,-1.0302672996137088,-0.9735179297107692,-0.7904972664675369,1.0685861009280555,1.063202079312146,0.19183842156164083,-0.22347357977321766,-0.7393257711692213,-0.3147792772507506,-0.3891690917166812,0.20284490582954182,0.0,0.0,0.0,0
33670.6194394,38.0,CONTROL_1,33669.6194394,33671.6194394,250,0.5957344542323725,0.6581426927733008,0.19674411197000408,0.10324079825481626,0.36077350172921074,-0.07968152017145001,0.1731944871241274,0.189328748926549,0.16403115874147373,47.4091796875,40.322265625,12.705802917480469,1.3363134123452731,4.486579895019531,-0.7542739864649053,-0.38229311798751475,-1.6395695543143602,-1.596313723677557,-0.09838164651246137,0.043966325212058836,0.09285746172666057,0.2589454208021982,-0.9365883871417482,-0.9752136548165404,-0.9267401361425078,0.04501492318722541,0.19774277435975804,0.06473635520054954,-0.13918615607056944,0.031019054171948925,-0.5088326740519304,-0.999441714796819,0.2923299726032114,0.0,0.0,0.0,0
33671.6194394,39.0,CONTROL_1,33670.6194394,33672.6194394,249,0.7758620776707599,0.6959595524825098,0.7234197573223238,0.4891434587597597,0.2667367680365725,-0.23008879374898905,-0.0049145201357874155,0.1383573582203495,0.18659012941012879,56.52734375,38.646484375,10.939276123046875,1.8759097238667772,6.0298004150390625,-0.011209269300086802,-0.21610398411267664,0.37010435885686693,-0.6623806586568537,-0.5536681929271272,-0.7549261583700687,-0.8793505385988648,0.05794060924177707,-0.8046792481310754,-0.7747961192141801,-0.9548808155313199,0.8426622284999519,1.015798654387396,0.014485152310444267,-0.5565652233892161,-0.7578231888321576,-0.21720607122746324,0.0790987847457624,-0.025453917688663383,0.0,0.00903090461445217,0.0,0
33672.6194394,40.0,CONTROL_1,33671.6194394,33673.6194394,249,0.5540642778079873,0.5364122308889233,0.35795294535871325,0.3664459966331714,0.3377114113638481,-0.14856096054074602,0.1335267339039504,0.2935571421489595,0.3623823376598591,54.37109375,65.55859375,9.081279754638672,0.4160610231534991,1.5611038208007812,-0.9261723175922517,-0.917247108940452,-1.024433483578963,-0.9593239777938782,-0.21003864546638076,-0.32188876859765575,-0.1236689657061547,0.6699683151876944,0.2232310752431471,-0.8221905626767496,-0.5029572475844195,-1.3153295098142666,-1.353042011967818,0.22329984760771038,-0.25469861498792284,-0.36654873811919786,-0.45201757104002593,-0.9922736610983973,0.053723246560238025,0.0,0.0,0.0,0
33673.6194394,41.0,CONTROL_1,33672.6194394,33674.6194394,249,0.6613947081821789,0.721379734340769,0.19134507868560557,0.16636048225202044,0.24844141648539572,-0.10547878541728936,0.09895627007346036,0.13136253542830845,0.07853510117677706,61.064453125,52.728515625,9.129696273803711,0.6671518941554828,2.3122711181640625,-0.483411488537864,-0.10439301608282175,-1.6601710316064051,-1.443556134855772,-0.6422466355855365,-0.09305657808025355,-0.3123718394576205,0.03035664463471085,-1.4365097491494598,-0.6750703110950234,-0.7184072742803472,-0.9441595214972207,-0.9548508160104674,0.007589161158677712,-0.643764467817272,-0.0945744103119891,-0.7710105054907703,-0.8206120082946465,0.04566704150712181,0.0,0.0,0.0,0
33674.6194394,42.0,CONTROL_1,33673.6194394,33675.6194394,249,0.8133124594254596,0.8068563863049023,0.4573767402976041,0.5526933174240866,0.36135382665986077,-0.22421212684611083,-0.00960913033452303,0.21982394113827314,0.20294544264188924,55.265625,45.53125,11.074433898925781,1.7838978840596174,5.2760772705078125,0.14328151226395802,0.27124078496970416,-0.6450550012048407,-0.5085819929354314,-0.09557195584054193,-0.7237120760617093,-0.9049760679521339,0.3792026921673857,-0.7090447744514299,-0.8025287373997054,-0.839267884475886,0.7066475921654289,0.6162526126532526,0.09480067304184643,-0.11453209044891122,-0.7426722106700786,-0.247956568308573,-0.12126451386524925,0.03726569406044351,0.0,0.0,0.0,0
33675.6194394,43.0,CONTROL_1,33674.6194394,33676.6194394,249,0.33899725506122175,0.5352424073022517,0.1136139047440074,0.5488981694936652,0.3660970957328175,0.052423221013924,0.05097281263810703,0.14703679767888786,0.19903666711489806,67.1669921875,72.396484375,13.234303283691407,1.1503068671165946,3.7021942138671875,-1.8133694802388096,-0.9223879897579031,-1.9567754291879667,-0.5177667291438515,-0.07260703021902352,0.7456443908286807,-0.574289537611165,0.09216783099583045,-0.7319005696880365,-0.5409363087410393,-0.38813146840000134,-0.22994548036674226,-0.2180573723801504,0.023041957748957613,-0.07721542176881505,0.7410359992788892,-0.6856300285628572,-1.688821557937177,-0.15500590636982828,0.0,0.0,0.0,0
33676.6194394,44.0,CONTROL_1,33675.6194394,33677.6194394,249,0.7071998364152055,0.7059387624513223,0.5172299818352304,0.22207226836855415,0.31046624238142223,-0.18109092118737485,0.010390936218423059,0.1458080736449132,0.14832076529083787,50.369140625,92.1328125,11.995384216308594,2.0383680924749803,5.695091247558594,-0.2944556026750043,-0.1722495690654053,-0.4166687084298273,-1.3087265923553109,-0.3419483620781533,-0.49467257375330664,-0.7958057064473834,0.08732237868450476,-1.0284518193892018,-0.9101536194292904,-0.05670773270775751,1.0828130174859707,0.8383704780480304,0.02183059467112619,-0.34631448101237855,-0.49903869268753187,-0.30009779033204653,-0.31606357216794145,0.2093330668856428,0.0,0.0,0.0,0
33677.6194394,45.0,CONTROL_1,33676.6194394,33678.6194394,249,0.4429923880652034,0.4919023870722193,0.1663431478579862,0.187881676524628,0.224558358734993,-0.1875002980365702,0.05434563689883254,0.21961576104712005,0.22432632346622638,46.73828125,159.703125,9.597389221191406,0.7669765075562406,2.6878585815429688,-1.3843674614643087,-1.112849082496206,-1.7555726865083823,-1.391472132885889,-0.7578784153594242,-0.5287161599940197,-0.5558789766832485,0.3783817375217875,-0.5840242838336165,-0.9899600237743237,1.077971689361403,-0.7965958110291482,-0.7557531958739163,0.36408835672079765,-0.8306960867035837,-0.6015338313381792,-0.9867981084942661,-1.5145988679442333,-0.15128438461303445,0.0,0.0,0.0,0
33678.6194394,46.0,CONTROL_1,33677.6194394,33679.6194394,249,0.7633318768696585,0.7632919330891346,0.7179612768247057,0.5857276165020678,0.24550662893485603,-0.28994614947366776,0.052787693854417096,0.4149903564329038,0.2792373686978154,55.1416015625,163.34765625,8.971158599853515,0.2104819831421256,0.7690505981445312,-0.06289900981050603,0.07979340400442783,0.3492760445833281,-0.4286348265999082,-0.6564556498279206,-1.0728601946578495,-0.5643830086529618,1.148838128550501,-0.26294275910167036,-0.8052547764937934,1.1391727473328754,-1.6192225568802754,-1.7729066960381055,0.5720027189708441,-0.7708561936220895,-1.1872607384520184,-0.47965257508902825,0.02410033414469609,-0.33698009767308024,0.0,0.0,0.0,0
33679.6194394,47.0,CONTROL_1,33678.6194394,33680.6194394,250,0.5162888166508951,0.6063226860496835,0.717603083320146,0.7667805419109445,0.2210035816787202,-0.23243801719670196,-0.031084212491329453,0.1445859482916013,0.26895028783450575,56.482421875,89.33984375,10.253129577636718,1.521835935173615,4.458473205566406,-1.0820041207585578,-0.6100201715029897,0.3479092600199382,0.009536066901643233,-0.7750891595619447,-0.7674041250933019,-1.0221978019996854,0.08250294815804292,-0.32309443887213946,-0.7757835034529836,-0.10360886502244417,0.31925983044313483,0.1828435151307862,0.02062573703951073,-0.7792143069698468,-0.7715292725012041,-0.3467469880883089,-0.49023150819089717,-0.3274370065914264,0.0,0.0,0.0,0
33680.6194394,48.0,CONTROL_1,33679.6194394,33681.6194394,249,0.6022213584552881,0.6438766053596059,0.585052683011482,0.9519828230185465,0.3738516468726095,-0.12980037783529172,0.12089056637084486,0.34132114873678826,0.39608543861427764,62.283203125,57.265625,12.57830810546875,1.35195326382405,4.445701599121094,-0.7275141283173024,-0.44498654968161566,-0.15787277875751146,0.45774892404371775,-0.03506273589068696,-0.22224140345023993,-0.19264348506446743,0.8583248620768401,0.4203033217647648,-0.6482821473987884,-0.6422175327649506,0.06813421648328494,0.17607333056257263,0.31965704596040123,-0.09899414508276722,-0.2861728126423202,-0.17382923597500016,-0.5195826971382984,-0.27441163892377574,0.0,0.0,0.0,0
33681.6194394,49.0,CONTROL_1,33680.6194394,33682.6194394,249,0.5737581054146597,0.5225939849529663,0.48878136096921376,0.750270736603393,0.3793434078402566,-0.10107300737782127,0.18533409180086916,0.34893649864104054,0.41069069774920475,96.146484375,114.59765625,11.929082489013672,1.8118294379565107,5.1202239990234375,-0.8449310945021675,-0.9779724663980672,-0.5252221449227693,-0.03041974230060779,-0.008473925470417708,-0.06965516353198876,0.1591214927775691,0.8883558647876357,0.5057046987075923,0.09603384966102177,0.32053480147652635,0.7479368453040066,0.5336353304791384,0.452657303658194,-0.14674183403532726,-0.16018662426362756,-0.3251778708646708,-0.8275398320772872,-0.20672255596822237,0.0,0.0,0.0,0
33682.6194394,50.0,CONTROL_1,33681.6194394,33683.6194394,249,0.8253709200999985,0.7475718184614618,0.8297129037087743,1.1233902695513087,0.3419360898618088,-0.053383522844239695,0.13125690161717665,0.20856014956668073,0.4540118588690289,116.1513671875,152.931640625,9.613357543945312,0.8537399185406992,2.9459152221679688,0.19302522452491586,0.010710136528627354,0.7756947166544874,0.8725765432631614,-0.18958451857873657,0.18364888110348224,-0.13605884504211832,0.33478412184910683,0.7590166582022108,0.5357418090499424,0.9642610419942572,-0.6683395581716155,-0.618958259891087,0.6484509077738794,-0.31927470013351245,0.05395869954870636,-0.15458187276302113,0.26322889300492625,-0.5339848276968392,0.0,0.023653668996068244,0.0,0
33683.6194394,51.0,CONTROL_1,33682.6194394,33684.6194394,249,0.863669159446218,0.8020499693621622,0.766056082313933,1.3260905394534879,0.3115244187486234,-0.05326950279407856,0.1248781699421938,0.11014667150240477,0.14560865297877754,80.154296875,98.37109375,8.838298416137695,0.17190534538971147,0.56976318359375,0.3510135987924709,0.2501186115555852,0.5327948322920082,1.363136738164541,-0.3368251145470839,0.1842545018217145,-0.17087715132405928,-0.053307753597984946,-1.0443103621054797,-0.25547493935303556,0.04804906212658459,-1.6762476893621383,-1.878548267786198,0.012012265531646147,-0.33922756765341316,0.18185204871538527,-0.0927499302623638,0.39265619324018497,-0.5635770347246143,0.0,0.25390689610932743,0.0,0
33684.6194394,52.0,CONTROL_1,33683.6194394,33685.6194394,249,0.6535848414687921,0.6298739645752687,0.5463324505228457,0.9799209122275966,0.3862982289278195,-0.16841207495651533,0.1779641583924702,0.24902197241583893,0.3029704929288124,110.4951171875,96.716796875,9.850333786010742,1.3802430458224384,4.2821807861328125,-0.5156288480394324,-0.5065222446547972,-0.3056203380589921,0.5253626203361684,0.025198410323783643,-0.4273285237389603,0.11889271192172068,0.4943446314703793,-0.12416798833191901,0.41141725445972377,0.020269160678654793,0.10995301304857574,0.08939151105807935,0.23150776165218948,-0.056770955583170454,-0.4736300760693982,-0.16550605049853914,-0.4750307131171797,-0.2623181377308743,0.0,0.0,0.0,0
33685.6194394,53.0,CONTROL_1,33684.6194394,33686.6194394,249,0.7424792817778813,0.5637528376318224,0.6874363106883558,1.8257179909361685,0.2649123708538933,-0.21516087969336709,0.06494928153444396,0.32227642430593667,0.43368439226320343,105.466796875,186.16796875,12.444935607910157,1.7766433011028768,5.5596771240234375,-0.14892039497203274,-0.7970966842580851,0.23279974899988484,2.5722981275189047,-0.5625011612786819,-0.6756361210538329,-0.49799898338057186,0.7832223154834258,0.6401557998046099,0.300894614337998,1.5223845165390284,0.6959236520215552,0.766587917772509,0.8116643115412655,-0.724834023586935,-0.837968983362086,-0.5433748536081595,-0.2667032491702619,-1.287316221042045,0.0,0.0,0.0,0
33686.6194394,54.0,CONTROL_1,33685.6194394,33687.6194394,250,0.9137337104981734,0.7464329366102678,0.9816551243121231,1.9936607837889573,0.37955726448260413,-0.20413633961098993,0.19385069813663888,0.2084749280442508,0.3313164180343664,83.73046875,135.0703125,12.047122573852539,2.040815243868325,5.452369689941406,0.5575405087537824,0.005705231576415799,1.355471510494254,2.97874084826074,-0.007438521024741376,-0.6170789648919632,0.20560938770573234,0.3344480522261362,0.04157922726821385,-0.17687056799437179,0.6643233811426421,1.0864304694086675,0.7097046167259594,0.260087665159248,-0.12113887036831068,-0.6690964979238129,0.20721958263118062,0.6874361541535869,-0.9301765529627697,0.0,0.4706316914018973,0.0,0
33687.6194394,55.0,CONTROL_1,33686.6194394,33688.6194394,249,1.1641105536264091,0.9052006949361853,1.5227592935334757,1.533562057526434,0.28448322619120003,-0.1016360344925777,0.04381813747030343,0.0291324645135526,0.35476694081691384,89.39453125,113.4140625,9.606203842163087,0.8110834111880102,3.07366943359375,1.5903981825094107,0.7034225049387135,3.420201373719459,1.8652439548518502,-0.46774726259450244,-0.07264569796116292,-0.6133433313798224,-0.37278589974812676,0.17870154171379676,-0.052374294406100384,0.3006592167333794,-0.7313956751565236,-0.5512361926301931,0.11984018961179405,-0.49171530051686124,-0.09661373588352173,0.5546468807426425,2.035458135477019,-0.5923940943473116,0.0,1.511782033060083,0.0,0
33688.6194394,56.0,CONTROL_1,33687.6194394,33689.6194394,249,1.222665316917256,1.1273855226518226,1.1547706789790082,1.0143321358808572,0.3222681044806189,0.03214612556077365,0.04622253080812142,0.20691379681924765,0.13965149825273396,75.939453125,96.134765625,8.91124382019043,0.1682302274419934,0.5774307250976562,1.8319490218133483,1.6798310264849945,2.016040908848482,0.6086421176465814,-0.2848086803239154,0.6379420253706165,-0.6002189505586727,0.3282917578155801,-1.0791436513724237,-0.3481173388025148,0.010495358280209602,-1.6816803579425406,-1.8744837304558188,0.08469677902394743,-0.3017480361287049,0.6210026695658271,0.1926740786721805,1.8532530663563822,-0.33503828270420427,0.0,1.318872606379114,0.0,0
33689.6194394,57.0,CONTROL_1,33688.6194394,33690.6194394,249,0.8838528874442388,0.8008391691824797,0.9038901285659544,0.49099620001127303,0.3733827687000785,-0.14134583989594213,0.09564426594496124,0.29252560811680667,0.313798798240788,72.75390625,67.591796875,9.494295120239258,0.9528209508588865,3.0430068969726562,0.43427576508264554,0.24479765591029287,1.0587380566349978,-0.6578967913690458,-0.03733284795730342,-0.28356545141911177,-0.33045041369917544,0.6659004782917741,-0.06085160516767988,-0.41813576025853916,-0.46881453517911265,-0.5218750313601573,-0.5674902976359579,0.16647511957294353,-0.07062787187189212,-0.3168604753337005,0.1842204047359729,0.5899706773555566,0.1889407531185506,0.036715691186102704,0.4165285311814955,0.01529313292106074,0
33690.6194394,58.0,CONTROL_1,33689.6194394,33691.6194394,249,0.6850904390268657,0.8625078715984673,0.8600392492475688,0.8645953509869918,0.37629231884849346,-0.12818065314077917,0.15276756999668828,0.2516148211737753,0.23043740183545974,75.3916015625,57.33203125,12.089791870117187,2.1538388568000193,6.962371826171875,-0.3856615643340203,0.5158055693252296,0.8914131214240153,0.24626023025743737,-0.023246022663882843,-0.21363818996767292,-0.018642863601087925,0.5045694864090594,-0.5482909563714563,-0.3601591335409665,-0.6411024009476785,1.2535053332776767,1.5101515459710395,0.12614237160226485,-0.04847449698433581,-0.2388666642881259,0.16465671411405292,0.22268664667280236,-0.0724847139644717,0.019805051991472554,0.16358352117331923,0.003239780141785739,0
33691.6194394,59.0,CONTROL_1,33690.6194394,33692.6194394,249,0.9581220154789492,0.9106681926114081,0.7617285922536152,0.7116169436050245,0.34328954084541535,-0.011300728075461479,0.08378743169059877,0.29353781921960814,0.3179492483536308,121.380859375,80.421875,13.882251739501953,1.5471225321500255,5.089561462402344,0.7406516976783827,0.7274498490940693,0.5162821190870704,-0.12396679202140058,-0.1830316748136409,0.4071728346280727,-0.3951709424246155,0.6698921155447328,-0.036582665377241905,0.6506862133715274,-0.2533645084831849,0.35663922964971917,0.5173812254733735,0.33014458222906506,-0.24906059125945393,0.34114391818225964,-0.15867772461465027,0.609960288120201,-0.1943980750982305,0.0,0.32920774031539757,0.0,0
33692.6194394,60.0,CONTROL_1,33691.6194394,33693.6194394,249,0.6589114422692268,0.6275059865994256,0.5147947324249321,0.976068640482706,0.3810869643058726,-0.17279957295800355,0.06168881076969182,0.15144888434192014,0.2184057517114929,106.662109375,98.9296875,11.907108306884766,2.3067796712023267,6.6966552734375,-0.49365548803127846,-0.5169285082067184,-0.4259610637060394,0.5160396372987084,-3.235407020434193e-05,-0.4506328433489661,-0.5157962627606861,0.10956681964424465,-0.6186436613791951,0.32716762104007463,0.05742928858952192,1.4795869907603791,1.3692961169735827,0.12354093231846029,-0.0247405405338964,-0.47534102981265813,-0.15098279629976794,-0.49314818340030186,-0.22468793888841546,0.0,0.0,0.0,0
33693.6194394,61.0,CONTROL_1,33692.6194394,33694.6194394,250,0.714916927386257,0.7623747964705806,0.42825713626469675,0.7658817075154767,0.37993472424553665,-0.21375608923575937,0.2507514418680077,0.1794439371840019,0.5454566279620476,118.900390625,70.095703125,9.593428421020509,0.5167539640277444,1.8702545166015625,-0.2626209628219947,0.07576297573898236,-0.7561687561377503,0.007360774404807738,-0.005611018674035006,-0.6681745368438635,0.5162020923148911,0.2199648339652913,1.293721939540698,0.5961654314897672,-0.426767506069023,-1.1664822118668738,-1.1891622933963826,0.5274630512489391,-0.26596425661829015,-0.7736671470936514,-0.4671882929867319,-0.44680536045765457,-0.30428719280340016,0.0,0.0,0.0,0
33694.6194394,62.0,CONTROL_1,33693.6194394,33695.6194394,249,0.8178571712663285,0.87285036437279,0.4113649738794317,0.3995583718874343,0.4277105593973769,-0.01671617663699427,0.3587913813537204,0.3988315398630401,0.3339225250943541,119.2802734375,52.236328125,9.006290054321289,0.17152775171726597,0.6106414794921875,0.16202941419131547,0.5612564589413469,-0.8206253878090515,-0.8791878572735758,0.22569959936012357,0.3784085265721605,1.1059380924118114,1.0851161104798854,0.05681792514596189,0.604515267770084,-0.7266723689260123,-1.6768058595514046,-1.8568788239890126,0.43661232584898285,-0.19340429353321642,0.2910860614023639,-0.47889900213825043,-0.16754620643615406,-0.04497505579260596,0.0,0.0,0.0,0
33695.6194394,63.0,CONTROL_1,33694.6194394,33696.6194394,249,0.6197700128406352,0.6350699121073372,0.3560400501602013,0.4397645084273586,0.3252819625432645,-0.020916856180117297,0.14500151940610417,0.4109366436214439,0.17270341181663354,99.587890625,52.34765625,9.200215148925782,0.6426566160104555,2.253509521484375,-0.6551222005354356,-0.4836882487425641,-1.0317326545450105,-0.7818839405754132,-0.2702168397224446,0.3560964984825872,-0.06103385006074851,1.13285238108514,-0.8858790948948075,0.17167606830327495,-0.72480288323235,-0.9803691696880573,-0.9860001359294525,0.32613211234710376,-0.3354432621918654,0.2908700760131664,-0.5821340011311879,-0.8015688859322782,-0.12045823063912833,0.0,0.0,0.0,0
33696.6194394,64.0,CONTROL_1,33695.6194394,33697.6194394,249,0.8234369701372052,0.8666982709219755,0.5514799335703123,0.32029695455947144,0.37006048234866273,-0.12702651188959957,0.27016411516221295,0.21331137144177167,0.19575543729966885,60.4501953125,51.1640625,11.37349853515625,2.0537167804652925,6.12432861328125,0.18504727003530122,0.5342206053572655,-0.2859787189898882,-1.0710104747339735,-0.05341796937464899,-0.20750793610010232,0.6221661677689213,0.3535204844331524,-0.7510869149420082,-0.6885717173169239,-0.744678467975497,1.1055019042595609,1.0659077265499806,0.0883801211082881,-0.257743843926983,-0.22518396032175994,-0.23534882418438471,0.07676582277463456,0.16746675897434332,0.0,0.0,0.0,0
33697.6194394,65.0,CONTROL_1,33696.6194394,33698.6194394,249,0.6582090464043948,0.7150885855170409,0.6381456508730696,0.4032714642505865,0.4350035474718074,-0.09912826125745729,0.26408918812811233,0.22828401106754317,0.3756729728991974,67.1875,102.21484375,12.484923171997071,1.4389190715236668,4.821281433105469,-0.4965530202069453,-0.13203995932804502,0.044717854445005846,-0.8702017058775575,0.2610091983122058,-0.05932558956206143,0.5890061790922809,0.412564833917112,0.30094544781254673,-0.5404855463711506,0.11259551554987364,0.19668965818070233,0.3751669063833721,0.20652644931988312,0.04300205472054492,-0.10063087942603806,-0.01680101862241961,-0.2651845693009648,0.22845558365984914,0.0,0.0,0.0,0
33698.6194394,66.0,CONTROL_1,33697.6194394,33699.6194394,249,0.7301109088906401,0.7307928569610851,0.7697724066467692,1.0543495739750368,0.219477842241409,0.041523274978432646,0.07676976738595435,0.11582674198328968,0.28546036424150795,73.794921875,101.767578125,10.565351867675782,1.5632262612049708,5.24285888671875,-0.19994256095531096,-0.06302631595602519,0.5469754767370124,0.7054893603286375,-0.7824761519835716,0.6877490194674301,-0.43347686240887484,-0.030908492348844303,-0.2265550179989121,-0.39525420376800513,0.10508477478059865,0.38044424056601683,0.5986436618706946,0.026271193695149662,-0.7877303907226015,0.6824947807284001,-0.4395746002826452,0.0849213221825869,-0.665488031234323,0.0,0.0,0.0,0
33699.6194394,67.0,CONTROL_1,33698.6194394,33700.6194394,249,1.1333695334257445,1.0815514616393138,0.7860434301660729,0.43772892601566143,0.3572070612556404,-0.1324432356308951,0.20865954406248757,0.1854247585869033,0.04476068975333151,81.517578125,91.193359375,9.165722274780274,0.25909155918927756,0.9606857299804688,1.463584942847821,1.478409677377564,0.6090619844308814,-0.7868103065102089,-0.11564886010489231,-0.23627901730935635,0.28644347187806274,0.24355010135570043,-1.6339989695973247,-0.22550997419282404,-0.07248356812269756,-1.5473664368169724,-1.6713215729888888,0.06088752533892511,-0.21375940673609617,-0.2484565223771414,0.019475941068136188,1.158333725507002,0.16460675013148285,0.0,0.8025512910007436,0.0,0
33700.6194394,68.0,CONTROL_1,33699.6194394,33701.6194394,250,0.7141262641697544,0.7062749918426009,0.6074621968540327,0.5079868098978182,0.2121861825655045,-0.15367585906686468,-0.018477510992291758,0.19305841507356178,0.2934144504998135,85.9189453125,83.7734375,9.159844970703125,0.4775562049610883,1.8140487670898438,-0.2658826165768618,-0.17077198283139408,-0.07236319468305365,-0.6167773745006851,-0.8177793193854136,-0.3490566966479899,-0.9533841229857175,0.2736532957625807,-0.18004506480288424,-0.12876778366483452,-0.19708314970556093,-1.2244255043361179,-1.2189567675385746,0.06841332394064517,-0.8314619841735427,-0.3627393614361189,-0.49249822095137324,-0.18939069075603215,-0.20121260292782964,0.0,0.0,0.0,0
33701.6194394,69.0,CONTROL_1,33700.6194394,33702.6194394,249,0.804142235775198,0.7874411145581506,0.5355172207642745,0.4420163021098054,0.3076775994551895,-0.15049390624579975,-0.04965464565331914,0.3679664590955191,0.1915097468248502,115.7373046875,50.0,11.085931777954102,1.9852308531313518,5.4779205322265625,0.10545239137206733,0.1859188618817447,-0.3468887834533372,-0.7764343161211789,-0.3554498051548345,-0.3321556643282249,-1.1235645097667446,0.9634001898915512,-0.7759127539957956,0.5266407021531446,-0.7642260727723873,1.0042639709687884,0.7232490301781381,0.372510223011174,-0.4299518497570693,-0.4066577089304597,-0.4163232689825159,-0.09265025916656486,-0.07463812193863091,0.0,0.0,0.0,0
33702.6194394,70.0,CONTROL_1,33701.6194394,33703.6194394,249,0.210621731150566,0.3438035758415983,-0.07197186109525887,0.2626987940835087,0.394242990170017,-0.07060912758503532,-0.006488790512013705,0.22654811382042264,0.28895741716353857,97.62109375,61.826171875,12.073311614990235,1.4441478334183342,4.499351501464844,-2.342945791437882,-1.7636808373157775,-2.664928303835476,-1.2104052808814194,0.0636636224383593,0.0921545947883732,-0.8879436933078189,0.40571935267339,-0.20610668962456974,0.12844581054348553,-0.5656342153140462,0.2044189694201419,0.2045129589279716,0.1335412908042189,0.036955364277515515,0.06544633662752943,-0.6923812156327961,-2.3598178735732516,0.16458768098450827,0.0,0.0,0.0,0
33703.6194394,71.0,CONTROL_1,33702.6194394,33704.6194394,249,0.5694206465762205,0.7204857271822152,0.33637756808625036,0.2879968199979915,0.38109364684702746,-0.2642145191073862,0.0645234611821851,0.21661603164958884,0.4110230641866097,74.2744140625,61.400390625,10.284684371948241,1.377629063048652,4.660316467285156,-0.8628240337608775,-0.1083218001357658,-1.1067601931086788,-1.1491808704293867,0.0,-0.9361859128829166,-0.5003233237355958,0.3665523557072223,0.507648146005702,-0.38471495026251523,-0.5727841781424391,0.10608894602082798,0.2898399326556718,0.21855012542823105,-0.04371002508564621,-0.9798959379685629,-0.3553680934313329,-0.8300837616218203,0.19908920515964262,0.0,0.0,0.0,0
33704.6194394,72.0,CONTROL_1,33703.6194394,33705.6194394,249,0.569830953581056,0.48029418251699335,0.24610875182279454,0.4539182651425109,0.3235173525710713,-0.3092173496602468,0.02585799077217546,0.25989486942604323,0.16343793976640902,75.7958984375,29.056640625,9.068888092041016,0.25622655733064326,0.8865890502929688,-0.8611314301908143,-1.1638622410638162,-1.4512053688413802,-0.7476300658463734,-0.278760343398728,-1.1752197189844946,-0.7113787905380401,0.5372217157400492,-0.9400571182906523,-0.35127267539173473,-1.115918969143286,-1.5516015677166106,-1.710599967568632,0.1343054289350123,-0.3056214291857305,-1.202080804771497,-0.5644694854962499,-1.1483492852333645,-0.03537586616287207,0.0,0.0,0.0,0
33705.6194394,73.0,CONTROL_1,33704.6194394,33706.6194394,249,0.5779886299147784,0.61414225124329,0.5035151968127777,0.41817610790084625,0.3961585969521929,-0.1563114871982174,0.22062068264038037,0.15488464145826564,0.29841732585232383,94.5703125,36.544921875,8.829867553710937,0.09097720021807071,0.33214569091796875,-0.8274792821086352,-0.5756564835395801,-0.4690011941401489,-0.834130590148232,0.07293818953461788,-0.36305590994115433,0.3517333457442387,0.12311566934542433,-0.15079173627028875,0.06138954180387176,-0.9901714577485247,-1.7958780788622044,-2.0045084818704346,0.04612630278732402,-0.041807074746118535,-0.37228117049861914,-0.15177576534223342,-0.6585663370239525,0.19052785272761086,0.0,0.0,0.0,0
33706.6194394,74.0,CONTROL_1,33705.6194394,33707.6194394,249,1.0801229361984592,1.020922135443429,0.7847681209394018,0.5488338188394635,0.2016427387851399,-0.07703458381154964,0.01625415308292749,0.25543967955576496,0.29740380918942716,77.818359375,35.13671875,9.688603591918945,1.1595679518717417,3.3342742919921875,1.243931416345734,1.2119693836729155,0.6041956958400108,-0.5179224658356796,-0.8688262658028558,0.058025602480684446,-0.7638013377126998,0.5196527503276093,-0.156718075390071,-0.3068189197708192,-1.013818811873622,-0.21625546962818396,-0.41309045518632237,0.12991318758190232,-0.8948089033192362,0.03204296496430398,-0.3799828627539137,0.9941445294968819,-0.23885072919457145,0.0,0.5939219605806542,0.0,0
33707.6194394,75.0,CONTROL_1,33706.6194394,33708.6194394,249,0.573230696628426,0.8050591354774325,0.5218403374225791,0.2961209635574028,0.2798582574587633,-0.08203578112917498,0.08312410074537942,0.03691704870962701,0.19118750316199395,93.0732421875,58.6953125,12.026045608520509,1.662325550489374,5.178985595703125,-0.8471067678003112,0.263342626300006,-0.3990766450107189,-1.1295194193132392,-0.49013942743031463,0.03146160161205466,-0.3987917343302413,-0.3420875244884175,-0.7777970103629567,0.028483888802006235,-0.6182094006989712,0.52693575536756,0.5647846503981234,0.007120972200501559,-0.49156362187041497,0.030037407171954352,-0.3779168777659242,-0.4692744918339657,0.09097771427547273,0.0,0.0,0.0,0
33708.6194394,76.0,CONTROL_1,33707.6194394,33709.6194394,249,0.6477842221393583,0.5942500064559683,0.47946166487615405,0.4907557051949055,0.36691392744155243,-0.03008876090584909,0.10964940549210625,0.2882897576425966,0.33928720691993053,69.7265625,115.939453125,12.379273605346679,1.4052026226148326,4.294960021972656,-0.5395576351911759,-0.6630745017846602,-0.5607839755906309,-0.6584788191287866,-0.06865227261453831,0.30737966736643063,-0.25400336072369023,0.6491964740538997,0.08818684578830517,-0.48467687200399456,0.3430670237843514,0.14684900129961093,0.09616573994204455,0.27011258590663906,-0.12267478979586613,0.2533571501851028,-0.32586670479906443,-0.6122071155356779,-0.012751557108983208,0.0,0.0,0.0,0
33709.6194394,77.0,CONTROL_1,33708.6194394,33710.6194394,250,0.698522481580679,0.5697176905188392,0.6532135516879182,0.5119680606881932,0.33092482396362366,-0.22973464314920772,0.09399310723956553,0.11287789348044029,0.18158903492107228,104.416015625,105.03125,10.286472702026368,1.2870882514029092,4.302619934082031,-0.33025153498552895,-0.7708836739074989,0.10221352082159658,-0.6071422459208359,-0.24289646408743898,-0.7530450774522929,-0.3394632633460789,-0.04253722622138076,-0.8339221634152856,0.277798409099898,0.15989022380006815,-0.027751172764297994,0.10022623295667206,0.10942215822499154,-0.2647808957324373,-0.7749295090972912,-0.14743165200368927,-0.2834285169711777,0.043966060410598945,0.0,0.0,0.0,0
33710.6194394,78.0,CONTROL_1,33709.6194394,33711.6194394,249,0.916252590902491,0.9145905560877481,0.7008285047136537,0.6903880987925841,0.23876094903297362,-0.051367009811558124,0.116584964556313,0.0010168923546738857,0.08459820287663893,83.2373046875,95.509765625,9.085366439819335,0.2124631653948053,0.6949539184570312,0.5679314255908463,0.7446869807302666,0.28390130117962287,-0.1753432714594772,-0.6891154114460264,0.19435964705606235,-0.21614561218707515,-0.4836591799433536,-1.401056955814603,-0.18771032974645405,0.0,-1.6162939143906199,-1.8121850906178487,0.0,-0.6891154114460264,0.19435964705606235,-0.34691008041162136,0.5038719930748021,-0.27001310915727944,0.0,0.28332837907003716,0.0,0
33711.6194394,79.0,CONTROL_1,33710.6194394,33712.6194394,249,0.535350207118548,0.5462599919023792,0.29978668219359633,0.2408915026543529,0.34443768569428573,-0.10010932370350646,0.04391718951025701,0.05421088391786889,0.20852149133679942,83.228515625,75.125,9.473599243164063,0.906938620283628,2.8462753295898438,-1.003371835236513,-0.8739703565602407,-1.246382652372198,-1.2631816740205133,-0.177472837511459,-0.06453653046558981,-0.6128026558285241,-0.27388957973885736,-0.6764399276598524,-0.18790351361926344,-0.34231266990796133,-0.5896996561090315,-0.6717770236072574,0.0,-0.177472837511459,-0.06453653046558981,-0.40920572372435193,-1.0625453254987482,0.22341122002162825,0.0,0.0,0.0,0
33712.6194394,80.0,CONTROL_1,33711.6194394,33713.6194394,249,0.9043657877644565,0.8404288667672035,0.7521925337061661,0.6330237225834868,0.42736769893698173,-0.11486267197281577,0.21127384089050152,0.2995462662824799,0.14310148349195648,144.4140625,98.52734375,11.909408569335938,2.1314718652720717,6.492256164550781,0.5188958371388692,0.4187776638370178,0.4798946987337675,-0.3141722902225563,0.2240396123658318,-0.1428993566752174,0.3007136108818234,0.6935863242549615,-1.0589705420054394,1.15695674938066,0.050672901696636984,1.2204417816201167,1.2609448536719041,0.47530399383306465,0.03876473033467184,-0.23796015544183033,0.022468277909245216,0.41392620496175364,0.01643737687786681,0.0,0.19918120028846364,0.0,0
33713.6194394,81.0,CONTROL_1,33712.6194394,33714.6194394,249,0.3346237333586423,0.2940379672261564,0.06256295636890698,0.9889845840113118,0.29489265544680154,-0.2770262559768997,-0.02071147162806807,0.09946235265679684,0.26149044212835587,104.21484375,122.6875,14.194473266601562,1.2843162209961183,4.174873352050781,-1.8314111864741276,-1.9823796784186647,-2.15157418264743,0.5472978481426594,-0.4173491584725425,-1.004235815279491,-0.9655781969178944,-0.095441183085748,-0.3667144177578765,0.2733766449000387,0.45638409521598944,-0.031848870500568664,0.03250821001152974,0.18244018502900705,-0.4538371954783439,-1.0407238522852924,-0.8331140494321985,-2.0010279612780417,-0.545107062450152,0.0,0.0,0.0,0
33714.6194394,82.0,CONTROL_1,33713.6194394,33715.6194394,249,1.7605116230518187,1.9127456738718984,0.9730504976115165,1.5285642046933943,0.42383583601644503,-0.3933014338382152,0.17088684970217521,0.3577897118586949,0.14575165966016246,126.4775390625,404.23046875,12.450047302246094,2.442897050599026,6.888282775878906,4.050679307136426,5.131157347990558,1.3226382212290597,1.8531485212293517,0.20693980882781235,-1.6218347080131719,0.08026122306367961,0.9232683604026004,-1.043474158694813,0.7627113947262152,5.184215020504158,1.6807997465997608,1.470877195707048,1.7175486939082436,-0.1606482968729403,-1.9653444467948207,-0.18708418144991315,3.0543282311534377,-0.9944198295748146,0.0,1.7571031867357747,0.0,0
33715.6194394,83.0,CONTROL_1,33714.6194394,33716.6194394,249,0.7094265492333979,0.7695082557086981,0.42147591988793237,0.49220142312007387,0.32272620628121695,-0.16241638347023457,0.07873324638590419,0.2980256098466204,0.20252335777862535,182.7587890625,431.701171875,9.585508346557617,0.9397111452340617,3.2397384643554688,-0.28526993920555105,0.1071115176705462,-0.7820443282706451,-0.6549799995786929,-0.28259074294444037,-0.39548223899264634,-0.4227592124618583,0.6875896414863883,-0.7115128325787424,1.9997750566985009,5.645518814913996,-0.5412543356781009,-0.46320357166465836,2.0832208782747212,-0.6992349185993847,-0.8121264146475906,-1.1008955068660031,-0.6931478157443227,-0.7051445280776526,0.0,0.0,0.0,0
33716.6194394,84.0,CONTROL_1,33715.6194394,33717.6194394,250,0.7535697729962566,1.1362479377808372,0.5210429324802028,0.20192741436057593,0.31415059351400293,-0.309676603038463,-0.0931627826987153,0.2769130213683519,0.041167090819882915,156.6064453125,82.388671875,9.119221878051757,0.5631312278788575,2.0465545654296875,-0.1031697623755848,1.7187775996710157,-0.4021193600575772,-1.357479677455704,-0.32411027437495454,-1.1776590562797584,-1.3610536719687805,0.6043325082233767,-1.6550118317630407,1.4249457107167927,-0.22033692789515033,-1.097925962039463,-1.0957062450079242,0.5073195547350423,-0.425574185321963,-1.2791229672267668,-0.4614255306252345,0.08048941763478165,0.06275135403680523,0.0,0.0,0.0,0
33717.6194394,85.0,CONTROL_1,33716.6194394,33718.6194394,249,0.8731726241936647,0.8889038194664963,0.5359217008491782,0.23436469184915726,0.3252402466258974,-0.1963812447319424,-0.09697834311100818,0.17633100377807717,0.17496915468976668,121.66015625,90.123046875,11.064598846435548,1.93226289387579,5.8126220703125,0.390217410011702,0.6318046170442787,-0.34534537987619923,-1.278977378595679,-0.27041881075230484,-0.5758875593104813,-1.3818809081407457,0.20768903407070582,-0.8726306095802788,0.6568251675519147,-0.0904568691775565,0.9259651593090473,0.9006731622017522,0.21612855040565512,-0.31364452083343586,-0.6191132693916124,-0.3128729690288533,0.14866859239660368,0.16815590499032865,0.0,0.0,0.0,0
33718.6194394,86.0,CONTROL_1,33717.6194394,33719.6194394,249,0.8687891090873788,0.7729223079974811,0.7534403881978808,0.39080774512966066,0.28677416523702565,-0.16223686874554294,0.18442556285456296,0.003345370767931135,0.2572420225872427,107.0087890625,58.986328125,12.489393615722657,1.2538842457486863,4.32305908203125,0.3721344788628649,0.12211483622314642,0.4846562263296658,-0.900365476671292,-0.4566554936095264,-0.39452874145999856,0.15416228760476597,-0.4744768649585212,-0.3915562144894543,0.3347876515786671,-0.6133224994997486,-0.07683432079583143,0.11106095485526477,0.08369691289466677,-0.5196435624698895,-0.4112681240389319,-0.1855641309996895,0.34895862501410146,0.051086158931565,0.0,0.19041882873099977,0.0,0
33719.6194394,87.0,CONTROL_1,33718.6194394,33720.6194394,249,0.5883384079132906,0.6248733079307881,0.49131951172603283,0.8169476984327533,0.3666475913760357,-0.056770426078198745,0.16466105909484136,0.18023236302870763,0.2284701039843488,82.5654296875,34.15234375,10.788275146484375,1.7336918139255104,5.475364685058594,-0.7847842489183834,-0.5284980195589548,-0.5155371416219942,0.13094690711839804,-0.06994176048479042,0.16565924887445982,0.04627774558593095,0.22307397786246116,-0.5597943431850295,-0.20247816357899381,-1.030349001164952,0.6324314870925606,0.7218941844013451,0.05576849446561529,-0.09497878305369276,0.15450554998133675,-0.22596584969770073,-0.6476557896626038,-0.158598700866376,0.0,0.0,0.0,0
33720.6194394,88.0,CONTROL_1,33719.6194394,33721.6194394,249,0.3941582384716487,0.48994203811456843,0.4608681817039217,0.5708456831396379,0.1739634223822557,-0.08214080190429934,0.06327956739838606,0.22076832812061306,0.11043084847166558,92.8935546875,44.501953125,9.101847457885743,0.39023327665963026,1.3413772583007812,-1.585818703994753,-1.121463988595485,-0.6317324586199288,-0.46465098057102083,-1.0028379427011413,0.030903780797467723,-0.5071131178440985,0.3829268661558789,-1.2500056472749583,0.024534351846792105,-0.8565524276436062,-1.3535088523213432,-1.4695183056145031,0.10186530450066775,-1.023211003601275,0.010530719897334173,-0.7482716367403173,-1.1742973707088111,-0.37658858497888914,0.0,0.0,0.0,0
33721.6194394,89.0,CONTROL_1,33720.6194394,33722.6194394,249,0.43561232753608414,0.4217261691281076,0.4416614320512144,0.32441142493269104,0.24161653032059957,-0.26842987297710635,0.11122530158912404,-0.0831191909808371,0.07793551762609348,87.49609375,37.39453125,10.050518417358399,1.452028615961973,4.325614929199219,-1.4148117791377997,-1.421243935173616,-0.7050210264025445,-1.0610529379769844,-0.675289880811381,-0.958575884072855,-0.24540133201794,-0.8154483923226296,-1.4400156959010788,-0.0941020109329279,-0.9759043300863647,0.21606857640497137,0.1124158006320578,0.0,-0.675289880811381,-0.958575884072855,-0.5476646910468956,-1.1676714468876237,-0.021187255612042905,0.0,0.0,0.0,0
33722.6194394,90.0,CONTROL_1,33721.6194394,33723.6194394,249,0.5126566791315206,0.5576540379688274,0.26402520807867524,0.09442384376457852,0.2593278828863526,-0.22008690646609166,0.19184977804638967,0.19913497450564463,0.215717125188849,87.55224609375,107.265625,11.849621963500976,1.251782388606667,4.169761657714844,-1.09698745972134,-0.8238983341428975,-1.382840265818949,-1.6176518645456224,-0.5895389170619296,-0.7018008514491698,0.19468736557063862,0.2976161044413118,-0.6343648755663298,-0.09286778063442348,0.19741112965181748,-0.07994134849354978,0.029798518457943658,0.12375680852328233,-0.6726964884377776,-0.7265522131538262,-0.7466323372263355,-1.160981638018307,0.07207716682111309,0.0,0.0,0.0,0
33723.6194394,91.0,CONTROL_1,33722.6194394,33724.6194394,250,0.8223829006213143,0.8308665688949852,0.5868349701769444,0.5821230165509994,0.30837585725914174,-0.11815187374293185,-0.07464822904022896,0.23455049139004186,0.19189832705361717,162.1962890625,120.56640625,10.930588531494141,1.711266904830263,4.762519836425781,0.18069900933132618,0.3767554014530742,-0.1510719782006269,-0.4373584126878349,-0.35206913281983415,-0.16037004481834166,-1.2599919824666364,0.43727659239416167,-0.7736406076214736,1.5478106538235625,0.4207654730525281,0.59928231996562,0.344017586464387,0.6014631798175631,-0.4723617687833468,-0.2806626807818543,-0.44793276233538826,0.013570965146857739,-0.24277683337601327,0.0,0.0,0.0,0
33724.6194394,92.0,CONTROL_1,33723.6194394,33725.6194394,249,0.7291811124759847,0.6083193177836449,0.7173969224925474,0.8355297918839422,0.18871972697592776,-0.006107814908221225,-0.23888585513691615,0.29439963680451803,0.20160911237810064,163.7265625,52.705078125,9.091882705688477,0.4311536753067641,1.41546630859375,-0.20377816871323545,-0.6012458179187534,0.3471225974111791,0.17591791475193486,-0.9313940856840003,0.43475513964914064,-2.156483049943422,0.6732906785200451,-0.7168587025388132,1.5814461125671524,-0.7188008502158552,-1.2930191028247735,-1.4302439553505115,0.5636841977717993,-1.0441309252383602,0.3220183000947808,-0.6928160689902093,-0.17500906007656386,-0.7002582538132178,0.0,0.0,0.0,0
33725.6194394,93.0,CONTROL_1,33724.6194394,33726.6194394,249,0.8177421153321697,0.841997023175365,0.6390239344397048,0.5891697808292039,0.35363988570957566,-0.04305307662611833,0.18804416947079278,0.3092940550832919,0.26514822257262277,85.96484375,87.841796875,8.890164947509765,0.3740535128264743,1.4589004516601562,0.1615547840177646,0.4256690492470328,0.04806918384063993,-0.42030435518999176,-0.1329196326109965,0.2385193380927313,0.17391445149839557,0.7320265634536869,-0.3453262668453115,-0.12775893455127438,-0.12876492690032157,-1.377426260106661,-1.407219665776533,0.18300664086342172,-0.22169529623319953,0.20191800992004694,-0.19605037916796458,0.14720668087211133,-0.056318906765644876,0.0,0.02723327260420067,0.0,0
33726.6194394,94.0,CONTROL_1,33725.6194394,33727.6194394,249,0.7355536888075641,0.7373154655733627,0.6848236798351007,0.5089100787558135,0.2986239136510862,-0.026772701808101023,0.07898394634209022,0.1370834584407466,0.337262080705306,122.0849609375,62.025390625,10.69322853088379,1.9070419774105063,5.656768798828125,-0.17748993740785798,-0.034362204651854515,0.2228305466703931,-0.6145429475256095,-0.3992839663406816,0.32499300896416483,-0.42139076677326026,0.05291700714659625,0.07634531900578062,0.666162388071035,-0.5622888198622294,0.8886828509861351,0.8180558800276381,0.19885617855585297,-0.43905520205185217,0.28522177325299425,-0.2925311237504825,-0.03858064821264737,-0.10304095899461317,0.0,0.0,0.0,0
33727.6194394,95.0,CONTROL_1,33726.6194394,33728.6194394,249,0.6218148869657718,0.5184426566150817,0.7697999631125946,0.8407748804923315,0.4104168215176454,-0.0367157563869425,0.17249254673217226,0.22436026164308864,0.2250633535100797,133.6845703125,79.662109375,12.426412963867188,1.3167715147966674,4.0241241455078125,-0.646686660308858,-0.996215801942269,0.5470806259137347,0.1886116901043219,0.14197055130961878,0.2721801936132619,0.08902592015945306,0.3970915948560309,-0.5797146457770905,0.9211221704299122,-0.26612292839256474,0.01612750941601117,-0.04740342492474994,0.3295534413214858,0.049352086997485695,0.20626950534896474,0.04027154292688642,-0.34820695465585566,-0.12856110926697112,0.0,0.0,0.0,0
33728.6194394,96.0,CONTROL_1,33727.6194394,33729.6194394,249,0.79315394360197,0.8039001681580336,0.6178290987732883,0.5699563419314397,0.12176886702322577,-0.26624831065013993,0.06170296946207405,0.035274592107408846,0.09930929528440569,99.306640625,69.53515625,10.945662689208984,1.8637053413247293,5.5239105224609375,0.0601233515503826,0.2582494541941993,-0.03280546587712844,-0.4668032983584518,-1.255542156447372,-0.9469884541299743,-0.5157189775395741,-0.34856452413961353,-1.3150367396479472,0.16549418437337457,-0.43618053052658595,0.8246213474935178,0.7476281655289096,0.04137354609334364,-1.263816865666041,-0.955263163348643,-0.7136440291089406,0.06101745406551553,-0.4257897866881806,0.0,0.0,0.0,0
33729.6194394,97.0,CONTROL_1,33728.6194394,33730.6194394,249,0.8297395979883776,0.6634768676577467,0.7090108370482475,0.5690594054240365,0.2501354492195523,-0.062437179931611894,0.2248330032831656,0.03986070272384498,0.26138143200716085,68.5986328125,34.98046875,9.072336959838868,0.45384667525331196,1.5534439086914062,0.2110469489975257,-0.3588516712148441,0.3151232116416694,-0.46897399772702303,-0.6340448373864578,0.1355601256597307,0.3747262975991438,-0.3304792749933729,-0.36735183297692564,-0.5094688023478658,-1.0164426514436744,-1.2594736358333736,-1.3571025049824454,0.0,-0.746462726666201,0.1355601256597307,-0.3588857218879394,0.13349391688050202,-0.19330206800269786,0.0,0.021668597438763537,0.0,0
33730.6194394,98.0,CONTROL_1,33729.6194394,33731.6194394,249,0.7411313397261057,0.8212178309373709,0.5947033422242541,0.4733794187838474,0.11866250325785282,-0.37894090058027113,-0.1285662127792813,0.11421435333445883,0.25825270193334177,82.1767578125,28.587890625,9.173770523071289,0.7381380757910182,2.5396728515625,-0.15448094232361528,0.3343532713848623,-0.12104806845248198,-0.7005316217845723,-1.2705818709834695,-1.5455583298359672,-1.554303291922381,-0.03726691953770633,-0.38564646602096425,-0.21102118373212003,-1.123790487853443,-0.8392256379864769,-0.8343059407176513,0.0,-1.2705818709834695,-1.5455583298359672,-0.7290820461540288,-0.04501259372702311,-0.3532855862981764,0.0,0.0,0.0,0
33731.6194394,99.0,CONTROL_1,33730.6194394,33732.6194394,249,0.3869273957969158,0.49595781715867393,0.33170714321177336,0.40533471409505556,0.15505550377237373,-0.04273230548559865,0.031435650209224,0.12601365835518982,0.12770798854215978,68.41845703125,29.728515625,11.275513458251954,1.8972227845803427,5.4855804443359375,-1.6156474663156057,-1.0950271792831867,-1.1245814672011683,-0.8652083812691521,-1.094382178934611,0.24022312306945406,-0.6809331369957884,0.009263438951168481,-1.1489809726681377,-0.5134290717404583,-1.1046364589920605,0.874167828303268,0.7273095231927657,0.0023158597377921203,-1.0948453508821696,0.23975995112189563,-0.9318412649443124,-1.3399976881797375,-0.3382785717358261,0.0,0.0,0.0,0
33732.6194394,100.0,CONTROL_1,33731.6194394,33733.6194394,250,0.70487990983833,0.7907122091956525,0.3647412705081154,0.3258408387605023,0.3067572932098072,-0.23923976950596834,0.06955260144719526,0.18314455773913915,0.17727003723972887,108.18359375,109.189453125,12.14881248474121,1.4123472526358571,4.478912353515625,-0.30402579270351326,0.2002939419071414,-0.9985307859940924,-1.0575935763969322,-0.35990554320155865,-0.8035318246773182,-0.4728717620452484,0.2345581681285578,-0.8591766519246706,0.3606098959108551,0.22971715435808768,0.15741040574594115,0.19367823702937892,0.20622130459937515,-0.4011498041214337,-0.8447760855971932,-0.5218204149151554,-0.4771717891229913,0.025233767033985673,0.0,0.0,0.0,0
33733.6194394,101.0,CONTROL_1,33732.6194394,33734.6194394,249,0.9805813134877115,0.9456220933124484,0.7599369074996993,0.29624168710746324,0.1292136550817663,-0.07343419318161852,-0.09608590664195174,0.034462227278773495,0.02857469921813109,148.125,140.16796875,10.227963256835938,1.484618673772649,4.91326904296875,0.8333010737376284,0.8810574867382498,0.5094454594800695,-1.1292272531100298,-1.2194976054420088,0.07714917904580759,-1.3770095437535825,-0.35176807101239493,-1.728643362149322,1.2385232734557345,0.7499261471156017,0.2642441684867116,0.4239292214006667,0.49711235514283403,-1.3189200764705755,-0.022273291982759222,-0.7223227659745077,0.654936038076182,-0.33691100953035746,0.0,0.21456820242985897,0.0,0
33734.6194394,102.0,CONTROL_1,33733.6194394,33735.6194394,249,0.7884762481941212,0.8032644798537418,0.45586884198384836,0.827828405270423,0.20045542973828703,-0.16784774382081358,0.013029818104202954,0.26796037585847154,0.12427368726388294,120.05078125,130.826171875,8.906134033203125,0.2845053187228417,0.947906494140625,0.0408268641551262,0.2554558724553412,-0.6508087966036058,0.15727958871535855,-0.8745747197765485,-0.42433106296568807,-0.7814013699079886,0.5690279030566615,-1.1690623731617427,0.6214510539530403,0.5930533388210938,-1.509799062138939,-1.678095801872854,0.4458830739576989,-0.9637513345680884,-0.5135076777572278,-0.8042362016527748,-0.2252022765440418,-0.6265449421897675,0.0,0.0,0.0,0
33735.6194394,103.0,CONTROL_1,33734.6194394,33736.6194394,249,0.5721804176354179,0.5253610202897704,0.6195055002651537,1.2586435217450418,0.2586912074563094,-0.3859950530109644,0.03317933515340481,0.23680954864218245,0.12444529209677814,115.53466796875,45.1953125,8.929129028320313,0.4753597897874743,1.5815505981445312,-0.8514393917920479,-0.9658125142084737,-0.026408700854987383,1.1999064564853927,-0.5926214332909481,-1.5830266597968727,-0.6714152328826859,0.4461851462118917,-1.168058947691239,0.5221867406411504,-0.8449091395514986,-1.2276723105265477,-1.3422032457534736,0.24209297171326055,-0.6410400276336001,-1.6314452541395248,-0.41969743334054205,-0.6218672202043509,-0.7056268979134854,0.0,0.0,0.0,0
33736.6194394,104.0,CONTROL_1,33735.6194394,33737.6194394,249,0.8921499534121631,0.9003148663196409,0.781432673646494,1.2220183621593643,0.218667697079148,-0.09885826910102856,0.6387408348879734,0.11846267805765817,0.18922140642893154,94.123046875,53.107421875,10.70063819885254,1.7970452726382191,5.3961639404296875,0.4685029250210671,0.6819513507421983,0.5914683911459988,1.1112689552461754,-0.7863985361257725,-0.05789151859417141,2.6340421596900194,-0.02051372331129258,-0.7892933738752472,0.05155862916534964,-0.7120444633229702,0.7260824527226681,0.6799101425837674,0.01288965729133741,-1.5791891154910458,-0.060469450052438894,-0.7239093300564099,0.5522970747153189,-0.9906926851935363,0.0,0.23924815483117373,0.0,0
33737.6194394,105.0,CONTROL_1,33736.6194394,33738.6194394,249,0.612078619875122,0.5325598639838626,0.3310018154816674,0.7066906583912085,0.2167956484922716,-0.5306118938522957,0.0415257824956331,0.05185719537333771,0.07664994148018735,79.1025390625,66.451171875,12.06155891418457,1.340041691573241,4.294960021972656,-0.6868508306557202,-0.9341766351952254,-1.1272728366463645,-0.13588902298732677,-0.7954622126527054,-2.351163096283582,-0.6258561508056713,-0.28317131044721466,-1.4475328492778843,-0.27859260946589215,-0.4879685640404952,0.050526176352126674,0.09616573994204455,0.0,-0.7954622126527054,-2.351163096283582,-0.7193224261205792,-0.8904636936603467,-0.3777025634297584,0.0,0.0,0.0,0
33738.6194394,106.0,CONTROL_1,33737.6194394,33739.6194394,249,0.6340205716070401,0.7259162495042041,0.3550090085624645,0.68850011069768,0.19228600004548663,-0.25015319167741545,0.11099466779676528,-0.1410667095326208,0.07023841818569236,149.421875,120.298828125,10.528686904907227,1.7205558994075394,5.429374694824219,-0.5963356179054744,-0.08445694704857139,-1.0356668736809265,-0.1799124405496545,-0.9141276825917989,-0.8614987749154855,-0.24666024655306729,-1.0439634452870095,-1.4850229692814014,1.2670286271324973,0.41627214778881333,0.6130135878327723,0.6975150490505736,0.4208251937303277,-0.9982927213378644,-0.9456638136615511,-0.9131840135886389,-0.710849602315051,-0.5579751263796882,0.0,0.0,0.0,0
33739.6194394,107.0,CONTROL_1,33738.6194394,33740.6194394,250,0.8058545098804241,0.9766484007813823,0.42577342545641556,0.5930036739445588,0.2681879549801139,-0.05707573062350225,0.11507008382625117,0.2313183887864485,0.04060132393560203,141.5205078125,156.08203125,8.942670822143555,0.33152119017305515,1.1472015380859375,0.112515885851267,1.0174050101774028,-0.7656460290348577,-0.4110258507518518,-0.5466421525088524,0.16403761515525883,-0.22441458851770985,0.4245308507971954,-1.6583200422165407,1.0933563254768588,1.0171642073254388,-1.4402988035781505,-1.5724501858090096,0.6337628458998732,-0.6733947216888271,0.037285045975284176,-0.7276763248575946,-0.10892738637863043,-0.39297506857175857,0.0,0.0,0.0,0
33740.6194394,108.0,CONTROL_1,33739.6194394,33741.6194394,249,0.7023260735096849,0.7654758859586837,0.6359729628008762,0.7093524319330897,0.23659116311271292,-0.053523769338484364,0.27947958470348083,0.11917092445707743,0.21180613610608173,136.0888671875,117.01171875,9.288106918334961,0.9385050923160639,3.0327835083007812,-0.314560910155274,0.08939095490116308,0.0364273732376881,-0.12944719561275672,-0.6996206076528998,0.18290395788643415,0.673014657433417,-0.017720765691709724,-0.6572336141344769,0.9739686920806577,0.36107312283383597,-0.543037158947209,-0.5729096807431301,0.3337604537286234,-0.9682770956286495,0.11615186714070948,-0.6301160461466331,-0.16098870601574336,-0.4933528523582572,0.0,0.0,0.0,0
33741.6194394,109.0,CONTROL_1,33740.6194394,33742.6194394,249,0.6301998488837349,0.6494373848024377,0.5419990311002044,0.8100394092965437,0.2609686987000562,-0.22939143578926494,0.15319615863886293,-0.025348785996108927,0.12041968166104249,151.265625,125.728515625,11.599232482910157,1.9208140443028523,5.465141296386719,-0.612096910901876,-0.4205492715369107,-0.32215567635565107,0.11422797691307814,-0.5815947729409163,-0.7512221218621365,-0.0163034125358041,-0.5876317836949164,-1.1915979120513502,1.3075543106729552,0.5074505728481342,0.909041129593139,0.716474801294173,0.45375122088027237,-0.6723450171169708,-0.841972366038191,-0.5637664837233148,-0.5403706340697451,-0.4676637633158979,0.0,0.0,0.0,0
33742.6194394,110.0,CONTROL_1,33741.6194394,33743.6194394,249,0.9452718809574261,0.9165752224698663,0.6652906575150561,0.3384656991182737,0.26124940773550803,-0.17039475408346616,0.1557534359003839,-0.015229925507383451,0.32811419662651947,106.4501953125,77.716796875,12.467676162719727,1.1897146857221268,3.6536483764648438,0.6876421625970993,0.7534087516443762,0.14829699694506768,-1.02703982350504,-0.580235697159786,-0.4378595799452256,-0.00234451483068629,-0.547728229611683,0.022854868119259117,0.3225097432178927,-0.2987897310397171,-0.1716916716438433,-0.24379135350771494,0.08634115283428796,-0.5975039277266435,-0.45512781051208323,-0.313138199221959,0.4990734995032004,0.03330798836117155,0.0,0.26945557924099084,0.0,0
33743.6194394,111.0,CONTROL_1,33742.6194394,33744.6194394,249,0.5743145454866497,0.5355759902196575,0.6107908134632393,0.6188083739315843,0.1955190322064581,-0.29020822604817703,-0.0444537050754004,0.033197053263295376,0.02720122331227204,190.4912109375,157.71484375,10.539162063598633,1.3073364827741798,4.606658935546875,-0.8426356609822004,-0.9209220336593428,-0.05966195431718096,-0.3485752251995729,-0.8984746926461105,-1.074252221788708,-1.0951751760836284,-0.3567572632052889,-1.7366744920645496,2.169733935021248,1.0445833308324863,0.002180364656893183,0.2613962599745212,0.8035793164634335,-1.0591905559387973,-1.2349680850813947,-0.7983651234614921,-0.7047890356543871,-0.573491743379827,0.0,0.0,0.0,0
33744.6194394,112.0,CONTROL_1,33743.6194394,33745.6194394,249,0.7073526784895876,0.5259808690384168,0.23480134259740915,0.6241875393344947,0.2735042829501575,-0.26977001527588385,0.08571852051288557,-0.0758713944686933,0.20905911134734834,112.08203125,88.603515625,9.138256072998047,0.4096927495480187,1.464019775390625,-0.29382509664487005,-0.9630885406299414,-1.494351858614241,-0.3355569671097739,-0.5209027153118931,-0.9656940877604704,-0.3846300942594988,-0.7868668301567271,-0.6732963005082399,0.4462976759391964,-0.11597370899631611,-1.324743281132648,-1.4045059299071954,0.1115744189847991,-0.5432175991088529,-0.9880089715574302,-0.7002512489096291,-0.8645983149788841,-0.25967588562409083,0.0,0.0,0.0,0
33745.6194394,113.0,CONTROL_1,33744.6194394,33746.6194394,249,0.5537221588891161,0.6555112973611341,0.26655197043847495,1.1692624446866349,0.23142402539782314,-0.22893489478418125,0.05346938449922685,-0.09396134669592371,-0.07744833034761205,108.8076171875,51.38671875,9.906927871704102,1.3495933224599486,3.9909133911132812,-0.9275836308202569,-0.3938569899692943,-1.373198718038862,0.9835929873251034,-0.7246377280130182,-0.7487971914134083,-0.5606620003287507,-0.8582042488183138,-2.3485921510695786,0.37432595088032156,-0.7409394965881723,0.06464568101782994,-0.06500833139155623,0.09358148772008039,-0.7433540255570342,-0.7675134889574243,-0.7755397654961044,-0.9908408063345883,-0.7306853427826835,0.0,0.0,0.0,0
33746.6194394,114.0,CONTROL_1,33745.6194394,33747.6194394,250,1.6255814208598045,1.8216091306998272,0.9406113660655019,1.2346117385489335,0.27525906559194085,-0.031458971829781864,0.38494907215328494,0.26802769392354114,0.27612150804536395,182.11181640625,370.078125,12.616760635375977,1.858309364184815,5.976142883300781,3.494063555399184,4.730650714426137,1.198857907844063,1.1417465129678046,-0.5124067914605047,0.3001017533266705,1.2487198453203936,0.5692933707003035,-0.2811621407383152,1.9855545771722545,4.610709286479955,0.8166448537086631,0.9873549817062455,1.7913893085881283,-1.2453006067742485,-0.05817610839095516,-0.833048183911853,2.669350614272063,-1.2826540436182048,0.0,1.3436579314904478,0.0,0
33747.6194394,115.0,CONTROL_1,33746.6194394,33748.6194394,249,0.1672828725838128,0.35824738580131676,-0.03664954150931906,0.5755301673412699,0.09572640517589949,-0.1177102094101988,-0.07854121062525588,0.08752104545060051,0.16362923410592772,199.70361328125,448.041015625,12.606284713745117,1.8352092022471325,5.4779205322265625,-2.5217277909359535,-1.7002063900582272,-2.530146403721082,-0.4533139385233016,-1.381628867980326,-0.15802413223516565,-1.281241822103101,-0.14253152477569245,-0.93893856230713,2.3722228310376203,5.919906837952226,0.7824975077604955,0.7232490301781381,2.0730324172474615,-1.7962353514298182,-0.5726306156846579,-2.138724148528536,-2.6713248878223226,-1.3521639444535811,0.0,0.0,0.0,0
33748.6194394,116.0,CONTROL_1,33747.6194394,33749.6194394,249,0.8769590660445153,0.8967762076874013,0.5684674021902099,0.5520618288487918,0.23266160279792464,-0.08974712936492137,0.24532745241762244,0.2672487657945602,0.42245373829274546,136.63671875,109.435546875,9.98562126159668,1.2312368695313463,4.113548278808594,0.40583728712580686,0.6664004399132009,-0.2211584205054473,-0.5101102748598909,-0.7186458956908247,-0.009497442437408573,0.4865952463812066,0.5662216808834141,0.5744867620843607,0.9860104868191095,0.2338497016809202,-0.11031234543470979,0.0,0.5901421578669511,-0.982652901178577,-0.1275258740107988,-0.743284240241317,0.14998009633230402,-0.4456122795293253,0.0,0.0,0.0,0
33749.6194394,117.0,CONTROL_1,33748.6194394,33750.6194394,249,0.5325587072500604,0.6032267362870599,0.30593061866542515,0.6624369432861863,0.12768570128784099,-0.15783365398555285,0.22583372560193452,0.12375742770976246,0.307391019976475,115.06640625,195.17578125,8.986616516113282,0.35637116878957625,1.4129104614257812,-1.0148873652848671,-0.6236255637414451,-1.2229387947331078,-0.2429885898379599,-1.2268953188525065,-0.37114094184311036,0.3801887402873548,0.00036603180889455405,-0.0983198268446232,0.5118943331953615,1.6736488677525494,-1.403564826608115,-1.4315988011273046,0.5464773081892014,-1.4502474025765533,-0.4804364034809506,-1.2399900971476816,-1.0914246015114473,-0.7814706297463387,0.0,0.0,0.0,0
33750.6194394,118.0,CONTROL_1,33749.6194394,33751.6194394,249,0.9330315826510802,1.0386400994832115,0.6018238959096216,1.4284278994935067,0.07437818351047538,-0.17855335702050643,0.08985325099476639,0.21142002485434014,0.23665744983826092,180.09912109375,140.45703125,10.507225036621094,1.6660260719198035,4.4099273681640625,0.6371483314711424,1.289832355914366,-0.09387766269117977,1.6108060447281263,-1.4849880312825556,-0.4811942299784397,-0.3620606682910063,0.3460619913621387,-0.5119204504336747,1.9413154702989048,0.7547802503201987,0.5324059761311363,0.15710953400322167,0.7605394279953105,-1.6370959168816177,-0.6333021155775018,-1.1140070269565123,0.3977451242036779,-1.4049802308211132,0.0,0.0,0.0,0
33751.6194394,119.0,CONTROL_1,33750.6194394,33752.6194394,249,0.9190948117723993,1.189297512694396,0.8676082924219145,1.2225497209055762,0.10738759821744412,-0.11660461538442783,0.1571627302059594,-0.034651021728953964,0.11501348261151507,181.541015625,191.0859375,11.252901840209962,1.1828716989980694,3.9168167114257812,0.5796561905464042,1.9519080863138765,0.9202948605919119,1.112554910367153,-1.3251702469874616,-0.15215173832712506,0.005348118011257883,-0.6243149919547946,-1.2232095964857979,1.9730083578770226,1.6049698670064279,-0.18180717800329993,-0.10428672597129955,0.8944945562208626,-1.5056735936350114,-0.3310506495712976,-0.821670400406494,0.839155920782697,-1.1697850625464452,0.0,0.2441761532224165,0.0,0
33752.6194394,120.0,CONTROL_1,33751.6194394,33753.6194394,249,1.0488965402345989,1.079614192679467,0.9108471714798376,0.5985821749154162,0.03308026428562853,-0.032169055666776976,0.1339925019159687,0.12659099840916513,0.2862820121489636,205.546875,183.5078125,9.655132675170899,1.0602709418251872,3.6689834594726562,1.1151158985365004,1.4698961981253147,1.0852845426558027,-0.39752517546986027,-1.6849352889090112,0.2963301229620252,-0.12112657105387802,0.0115401696259208,-0.22175059364665253,2.5006579091437273,1.4777136478588864,-0.36303926113690044,-0.2356622788469567,0.9974779316571336,-1.884430875240438,0.09683453663059849,-1.0338522359586935,1.026009294147449,-0.9185555357468631,0.0,0.31194047238004874,0.0,0
33753.6194394,121.0,CONTROL_1,33752.6194394,33754.6194394,249,0.8576355125725849,0.9538467582351597,0.8216174498168499,0.27551879634541315,0.09295826874195283,-0.1009674386846582,0.1454455463938461,-0.14442743688785223,0.17059656368614545,175.751953125,162.05078125,9.899518585205078,1.2888757926389567,3.6664276123046875,0.3261235235111403,0.9172014169965126,0.7448043144772659,-1.1793792599921973,-1.3950310271954203,-0.06909443243525704,-0.05861012878755548,-1.0572164164024727,-0.8981984744888898,1.8457645803199065,1.1173948789014405,-0.025108776180733018,-0.23701712462374974,0.7407898648053368,-1.5431890001564876,-0.2172524053963244,-0.8477503376680859,0.4797588993255582,-0.46923847942737595,0.0,0.018123189033206172,0.0,0
33754.6194394,122.0,CONTROL_1,33753.6194394,33755.6194394,249,0.6786890002820499,0.65047475841965,0.37827216946532866,0.42306547142939516,0.15959655836619172,-0.08881173554788503,0.019009886274242365,-0.1686237137575527,0.29319612469386297,174.5107421875,74.455078125,10.576976776123047,1.02722830638091,3.1426544189453125,-0.41206885922619707,-0.4159904524209192,-0.9468999674893243,-0.8222977143130584,-1.0723962912722698,-0.004529071747315049,-0.74875916833241,-1.1526340223432572,-0.18132168196373563,1.8184827245042698,-0.353562382064561,-0.4118838669279245,-0.5146674896040359,0.45462068112606746,-1.1633204274974833,-0.09545320797252856,-0.9902063972774638,-0.6682371679261461,-0.4407825494999069,0.0,0.0,0.0,0
33755.6194394,123.0,CONTROL_1,33754.6194394,33756.6194394,250,0.6508317886523203,0.6888676839303173,0.33281389421536883,0.9482347130691066,0.243984282211608,0.008538932636439957,0.17772662151192337,-0.18882658201695826,0.23266030381230332,85.2392578125,103.35546875,9.470661163330078,0.9540397467456582,3.0302352905273438,-0.5269857758296401,-0.24726975253728434,-1.1203583582726853,0.44867802567640724,-0.6638262161465966,0.512551753097642,0.11759611688033123,-1.2323036894094124,-0.5352929747623938,-0.14370733649542708,0.13174954441125616,-0.5200733710558672,-0.5742604822041715,0.03293738610281404,-0.7056925284312588,0.5059642758770792,-0.7776476819064831,-0.6836635829416567,-0.6232052053110454,0.0,0.0,0.0,0
33756.6194394,124.0,CONTROL_1,33755.6194394,33757.6194394,249,0.7469701605074028,0.7009208112725592,0.46441321011675946,0.46664661374205935,0.21742640690699216,-0.20609302476091276,0.16159499911372005,-0.02518658931783211,0.21453659080118512,98.19140625,115.513671875,9.842157363891602,1.3400492490463993,3.8222808837890625,-0.13039456606653518,-0.19430134614677347,-0.6182054402631847,-0.7168258583690942,-0.7924083441378891,-0.6274719533547469,0.029541657451016442,-0.5869921638552169,-0.6412678179450619,0.14098129740133908,0.3359170609559586,0.050537348033568984,-0.1543998424496356,0.11922458958932441,-0.825115759291059,-0.6513168712726118,-0.6381711750732098,-0.3317934164898088,-0.21587468196275675,0.0,0.0,0.0,0
33757.6194394,125.0,CONTROL_1,33756.6194394,33758.6194394,249,0.9648696938222442,1.067942358366981,0.675996654820498,0.589906930897904,-0.017671781107306106,-0.19216722713566,0.06746819482572573,0.08097904852243104,0.5198540334419651,101.3994140625,152.728515625,11.951054763793945,1.4102393345228152,4.979698181152344,0.7684873044774405,1.4186034136361176,0.18914863625873884,-0.41852035913735897,-1.9306554725337908,-0.553504685774666,-0.48424949540360085,-0.16832977829706677,1.1440158093635804,0.2114934109767652,0.9608500505531891,0.15429441854071588,0.4591430786500309,0.5790898177233836,-2.0464734360784673,-0.6693226493193428,-1.2230456852093186,0.6088785197741229,-0.9099653079293388,0.0,0.06578786325534557,0.0,0
33758.6194394,126.0,CONTROL_1,33757.6194394,33759.6194394,249,0.6396054927595312,0.5033592493875189,0.2192749418760369,0.562753166758532,0.23269433396910005,-0.09133229037875852,0.1288216940407038,-0.15450862912648777,0.2039144335751436,131.78515625,91.28515625,11.375796890258789,1.7727706393679328,5.09722900390625,-0.5732966315615331,-1.062501009183306,-1.5535970558633212,-0.48423588993041,-0.7184874250453717,-0.017917069953421478,-0.14935142538223167,-1.0969714263827055,-0.7033787907683919,0.8793729890283281,-0.07094206237529178,0.6901989683435742,0.5214457628037527,0.21984324725708201,-0.7624560744967881,-0.06188571940483788,-0.8627109167533343,-1.0472191426800759,-0.3431124340096634,0.0,0.0,0.0,0
33759.6194394,127.0,CONTROL_1,33758.6194394,33760.6194394,249,0.7144997347255794,0.5718571218784921,0.3623063691343606,0.1279162729839462,0.14480295692192802,0.058254774696449345,0.09349746411448388,-0.1646657091512123,0.2154235823671989,158.7099609375,40.724609375,9.379958343505859,0.6995349349076825,2.5473403930664062,-0.2643419711853549,-0.7614817762518139,-1.0078218132423837,-1.5365959655401469,-1.1440207240456202,0.7766188529923967,-0.34216873130036113,-1.1370256985555376,-0.6360813094158773,1.4711810509425058,-0.9199837492496229,-0.8962899481841814,-0.8302414033872721,0.36779526273562646,-1.2175797765927454,0.7030598004452715,-1.1541851062095667,-0.6791571663289506,-0.3718594424820873,0.0,0.0,0.0,0
33760.6194394,128.0,CONTROL_1,33759.6194394,33761.6194394,249,0.3287685319801509,0.4671840768787129,0.02047304958503283,0.1757046715564605,0.1627910525025361,0.002846387485287148,-0.03176187504222823,-0.29375209278835895,0.10258280988462079,122.755859375,97.453125,10.596905136108399,1.8333814920663976,5.50091552734375,-1.8555651361749075,-1.2214756208575621,-2.312179649062677,-1.4209420193018376,-1.0569298863285175,0.4823156386761983,-1.0258968229736407,-1.6460756549822717,-1.2958955075946061,0.6809087570288181,0.03263400465252673,0.7797957322490116,0.735438597853524,0.17838569042033622,-1.0926070244125847,0.44663850059213106,-1.3129028984161013,-1.9153201661852082,-0.33239813931013634,0.0,0.0,0.0,0
33761.6194394,129.0,CONTROL_1,33760.6194394,33762.6194394,249,0.710013696374592,0.7254319391444203,0.5071658830313391,0.3193976132174036,0.13342963273293704,-0.23016516213526572,0.030178777758413173,-0.03477567367900331,0.15991672027516018,123.560546875,101.408203125,12.341842651367188,1.3107977277258298,4.02923583984375,-0.2828478325009968,-0.08658528662615618,-0.455071009740396,-1.0731869941054601,-1.199085604416571,-0.7553317912116765,-0.6877937751570232,-0.6248065547978554,-0.9606467559199797,0.6985958138282554,0.09904994376947812,0.007296879817877347,-0.04469373337116386,0.1994114393994334,-1.2389678922964578,-0.7952140790915632,-0.8450529530480091,-0.3337851512697334,-0.30087979559918826,0.0,0.0,0.0,0
33762.6194394,130.0,CONTROL_1,33761.6194394,33763.6194394,250,0.39894737125043594,0.4407695862587861,0.23069309504078542,0.6822233930766275,0.15315385996108943,-0.044508685023179666,-0.08306568550785856,-0.07625295219882419,0.2945380620412548,94.08984375,148.7734375,10.861091613769531,1.9277079336622807,5.6261138916015625,-1.5660625137680413,-1.337556156143301,-1.5100279925237048,-0.19510288810559706,-1.1035891431639335,0.23078783296141972,-1.3059386678483538,-0.7883714965702148,-0.17347496755904515,0.05082882342362529,0.8944341114362377,0.9192318817411046,0.8018058193376248,0.23631573371496575,-1.1508522899069267,0.18352468621842657,-1.1062596282521626,-1.5361965198648204,-0.6380815772791967,0.0,0.0,0.0,0
33763.6194394,131.0,CONTROL_1,33762.6194394,33764.6194394,249,0.6460333797478479,0.6471262038771323,0.6260538320137834,0.12285325623842981,0.07667913785472016,-0.06034361995936898,0.0775762542022967,-0.12723025169336893,0.3279722099085473,73.927734375,73.08984375,9.075147247314453,0.441740246462157,1.4818954467773438,-0.546780232045638,-0.43070593602883384,-0.0014217632471004722,-1.5488491040419758,-1.4738477724101755,0.14668012860886356,-0.42907465419342566,-0.9893996093368898,0.022024628743812644,-0.39233498080110774,-0.3764881803078938,-1.2773697186939035,-1.3950300981011472,0.005506157185953161,-1.474949003847366,0.14557889717167294,-0.8420697116586494,-0.333515832340682,-0.211285463869221,0.0,0.0,0.0,0
33764.6194394,132.0,CONTROL_1,33763.6194394,33765.6194394,249,0.6149324519071242,0.8083559199840944,0.5262684872678653,0.5382550782223348,0.23189891813680938,-0.1561780345636239,0.07567300760655474,-0.26272931561667645,0.20086149657593894,77.86328125,42.06640625,10.434152984619141,1.7317613777773457,4.87493896484375,-0.6750781671895808,0.2778306024552739,-0.3821798370678873,-0.5435243511289464,-0.7223384959304031,-0.36234707250161363,-0.43946352556741763,-1.523737861308603,-0.7212302387326587,-0.3058315355320157,-0.897451526941798,0.6295778590028502,0.4036105790645227,0.0,-0.7223384959304031,-0.36234707250161363,-0.49283113202869355,-0.3819819977180171,-0.17685202644761042,0.0,0.0,0.0,0
33765.6194394,133.0,CONTROL_1,33764.6194394,33766.6194394,249,0.7335235577762638,0.6512983292867691,0.6469747060434102,0.38432503206556085,0.055839300444395744,-0.1894198135622895,-0.0029980639034754386,-0.3095703490740825,0.09747845821811997,60.6044921875,51.900390625,11.708586502075196,1.131263319187334,3.7226333618164062,-0.18586465923999662,-0.4123712061338524,0.07840751146704933,-0.9160544591563633,-1.5747455517120588,-0.5389117209475649,-0.8688895624248273,-1.708454679369762,-1.3257421988920668,-0.6851802671053813,-0.732313624001625,-0.2580962189189332,-0.2072226504815577,0.0,-1.5747455517120588,-0.5389117209475649,-0.84650817557487,-0.13867070887130173,-0.4092343716604261,0.0,0.0,0.0,0
33766.6194394,134.0,CONTROL_1,33765.6194394,33767.6194394,249,0.5787663417053172,0.4686818732393333,0.30868331376892494,1.0090448845871154,0.20706632382151433,-0.183931843480539,0.11977330178859644,-0.17963578351055415,0.18559875788153632,84.7236328125,81.716796875,10.196154022216797,1.496076430336702,4.793174743652344,-0.8242710557375695,-1.2148934381536984,-1.2124351392304558,0.5958463032828301,-0.8425675347364611,-0.5097622127878159,-0.19874207368754115,-1.1960599319550007,-0.8104760979385016,-0.1550407903669111,-0.23161943804637566,0.281181364781616,0.36026764715440024,0.0,-0.8425675347364611,-0.5097622127878159,-0.7665209289126675,-1.0382529614433054,-0.6231543836339541,0.0,0.0,0.0,0
33767.6194394,135.0,CONTROL_1,33766.6194394,33768.6194394,249,0.44051676401121415,0.6443803303113209,0.5521555204955529,0.6559222577683889,-0.014480540926026058,-0.5032939097558199,-0.04559282707447755,-0.08928009109890275,0.15490154182277052,136.2998046875,114.955078125,9.04627685546875,0.5069449941554816,1.9469070434570312,-1.394579936665888,-0.4427728911684452,-0.28340083366005225,-0.2587549496897459,-1.9152048218799342,-2.2060628518460037,-1.1013930734145225,-0.8397437970607965,-0.9899720244065777,0.9786051050280831,0.32653683449302123,-1.1809821226695303,-1.1485290530398462,0.3262854848802761,-1.9804619188559895,-2.271319948822059,-1.2416756350058764,-0.8642486642463983,-0.8921880964773973,0.0,0.0,0.0,0
33768.6194394,136.0,CONTROL_1,33767.6194394,33769.6194394,249,0.8277435208939874,0.9189333545570936,0.4883580144392059,0.40021167491317383,0.076538987116803,-0.2279287725112875,0.06686216844664618,-0.08952815087461716,0.2469820538506927,266.4208984375,345.423828125,10.970701980590821,2.0569748874629434,5.942924499511719,0.20281270689034797,0.7637717466723141,-0.5268375385432948,-0.8776067816302573,-1.4745263236841102,-0.7434531445314932,-0.4875574903400369,-0.8407220165635877,-0.45154936143721003,3.838670877096296,4.196700200320312,1.1103181348593754,0.9697460309236876,2.008842769354152,-1.8762948775549406,-1.1452216984023238,-1.665882259629579,-0.24169948645815653,-1.1178455475556301,0.0,0.0,0.0,0
33769.6194394,137.0,CONTROL_1,33768.6194394,33770.6194394,250,0.8783493613514987,0.9963185788396214,0.4860289732145172,0.5334241034133804,0.24982034754932678,-0.10434236519863463,0.19555156050806402,0.03411649384802102,0.21344567286604108,184.9482421875,342.40625,12.384893798828125,1.322778697152942,4.3818206787109375,0.41157255065362713,1.1038471388945728,-0.5357246276526197,-0.5552159189052891,-0.6355704279251017,-0.0870204499776722,0.21489354480924747,-0.3531314649111234,-0.6476467457636126,2.047899305902795,4.146027298623675,0.025007504917636557,0.14221027477424983,1.5484816511316175,-1.0097348215941995,-0.39671678020399576,-1.076405721572869,-0.013798791775112729,-0.7151534314262139,0.0,0.0,0.0,0
33770.6194394,138.0,CONTROL_1,33769.6194394,33771.6194394,249,1.216439819175477,0.9892323304017286,1.47109288858629,1.9679370593563055,0.10617429236110767,-0.10520903511920995,0.08656928083880013,-0.1384750810427629,0.26154786685584214,106.494140625,87.88671875,10.610574340820312,1.6838017401047494,5.764076232910156,1.806267520939677,1.0727060684997578,3.2230541786175455,2.9164861937535664,-1.3310445666430295,-0.09162379174982001,-0.3799862190959779,-1.0337434024547243,-0.36637863797111697,0.32347566258193966,-0.12801057302393148,0.5586824971619704,0.8749391810741877,0.08086891564548492,-1.3472183497721264,-0.10779757487891699,0.04457622336834555,2.1433002232921243,-1.2841410903447184,0.0,1.4930516178490592,0.0,0
33771.6194394,139.0,CONTROL_1,33770.6194394,33772.6194394,249,0.9167066384780143,0.9765573898395535,0.8407781789715607,0.9882367326886545,0.08498711009209722,-0.15190952635713406,0.10380922211247941,-0.23231667965522895,0.1637357334490666,115.79296875,56.548828125,9.041548156738282,0.4171542183311456,1.3260421752929688,0.5698044683082558,1.0170050555087193,0.8179172785555698,0.5454879537070128,-1.4336240445207369,-0.3396747705499706,-0.28588200118321316,-1.4038061491110208,-0.9383158283683793,0.5278642000142707,-0.654254396792566,-1.313713516211249,-1.4776473802752614,0.13196605000356768,-1.4600172545214505,-0.3660679805506841,-0.6315216828487973,0.7262891618343733,-0.7859251931814518,0.0,0.3557048667135883,0.0,0
33772.6194394,140.0,CONTROL_1,33771.6194394,33773.6194394,249,0.8263026041280891,0.8621501831804329,0.6298856912526579,0.9019453764495148,0.3031171300645539,0.011473064147452108,0.395889740189622,-0.010644624595701877,0.27736106051418624,121.01171875,37.998046875,10.271142196655273,1.6110854544589435,4.706306457519531,0.19686861908930894,0.5142336797276456,0.013199735998718733,0.33665199825709996,-0.3775296911457581,0.5281364755265122,1.3084394808260287,-0.5296461735223582,-0.273914101750965,0.6425724907135333,-0.9657697497470373,0.45119112248192667,0.31421906800644334,0.16064312267838332,-0.8021901599292434,0.49600785099083555,-0.577267004829167,0.1719610537335122,-0.5924992008474967,0.0,0.0,0.0,0
33773.6194394,141.0,CONTROL_1,33772.6194394,33774.6194394,249,0.5230868243479394,0.46210429644487,0.42621657663236107,0.7229656699060256,0.03274873824887156,-0.22363752208164672,-0.015887338132746464,-0.31477529543986627,0.2247781687459044,80.54296875,32.341796875,13.12916603088379,1.6613388901253896,5.378273010253906,-1.0539608946821515,-1.243799111413525,-0.76395506541095,-0.09650144434925284,-1.6865403993631343,-0.7206600466189694,-0.9392456646617026,-1.7289802967590713,-0.5813822075312975,-0.24693191919990934,-1.0607527421829341,0.5254772446924744,0.670426222146216,0.0,-1.6865403993631343,-0.7206600466189694,-1.1185859860024614,-0.9904264977835057,-0.7566581830047797,0.0,0.0,0.0,0
33774.6194394,142.0,CONTROL_1,33773.6194394,33775.6194394,249,0.66796865194587,0.6383213193680028,0.5590226488469845,0.5842775943474418,0.054004236161160596,-0.4052931047953327,-0.11036809025475097,-0.07978340003719538,0.07955756628732683,58.6162109375,55.09765625,12.783219146728516,1.9378890978579035,5.6235504150390625,-0.456292573791868,-0.46939968642725377,-0.2571974410633838,-0.4321440629276544,-1.5836301657044356,-1.6855288071439065,-1.4549688417368607,-0.8022937575217761,-1.4305310857440203,-0.7288827521098159,-0.6786233067994277,0.9342819812547322,0.8004469292450802,0.0,-1.5836301657044356,-1.6855288071439065,-0.9352959514032856,-0.3892306998639757,-0.5792698186838557,0.0,0.0,0.0,0
33775.6194394,143.0,CONTROL_1,33774.6194394,33776.6194394,249,0.8855228774384563,0.9358770819486731,0.5254834356591801,0.5370872685402173,0.18329277721735768,-0.18677364786129444,0.043475911451182216,0.051210655942415285,0.2347262308343193,105.4443359375,418.6484375,10.022414016723634,1.181290348976919,4.019020080566406,0.4411648286201195,0.838232275692186,-0.3851754146162139,-0.5463505977123562,-0.9576691073284271,-0.5248565370554908,-0.6152113720748316,-0.28572092768697227,-0.5232128732925311,0.30040092221859627,5.426329816830744,-0.18414477660468792,-0.05010907216258441,1.4316826847623352,-1.2440056442808942,-0.8111930740079578,-1.1384176291991293,0.016606830187465865,-0.7802374582228108,0.0,0.0,0.0,0
33776.6194394,144.0,CONTROL_1,33775.6194394,33777.6194394,250,1.7254221527786915,1.9182132321180732,0.9211805123258806,1.0954697863026877,0.25809238215043856,-0.3194631337991589,0.2155399965931219,-0.0773628429639899,0.3697115410801401,82.6572265625,394.53125,8.856311416625976,0.26899412600649797,1.0143356323242188,3.9059277870405475,5.155184958329677,1.1247142100753156,0.8050054556134305,-0.595520695044411,-1.2296404909477743,0.3240004214060621,-0.7927483319088993,0.26608714908638603,-0.20046046535187356,5.021340179193156,-1.5327281682284364,-1.6428819446234897,1.3218568320698854,-0.9570921878802067,-1.4940118573617513,-0.5756863588327561,2.9840759445500593,-0.9369222491702572,0.0,1.7093445230045132,0.0,0
33777.6194394,145.0,CONTROL_1,33776.6194394,33778.6194394,249,0.9437744288867103,1.0002869999840123,0.7885048817006358,1.0333163025145529,0.1044203042834632,-0.15030842745064854,0.047438098951600643,-0.0709191118195493,0.17562453871666966,75.537109375,94.123046875,9.94141960144043,1.479776747827774,4.297508239746094,0.6814648546520193,1.1212866745384147,0.6184543210258976,0.6545861930459891,-1.3395366435470764,-0.33117048846680763,-0.5935837719553426,-0.7673375878328745,-0.8687983805313604,-0.35696086720223336,-0.023286576184215056,0.25708668964560677,0.09751654140308598,0.0,-1.3395366435470764,-0.33117048846680763,-0.5821315736944176,0.7473755318601558,-0.743769744401524,0.0,0.40673655756322546,0.0,0
33778.6194394,146.0,CONTROL_1,33777.6194394,33779.6194394,249,0.8406583839068738,0.796617195325551,0.7695972178645435,0.33870747699227544,0.2021506632985074,0.0012020247857357732,0.06889483153536526,-0.059977684495379054,0.3522264928201613,119.64892578125,108.5390625,12.083915710449219,1.3289818011512857,4.588775634765625,0.25608926075092386,0.22624386313319653,0.5463069963760425,-1.0264546905841496,-0.8663671076797517,0.4735815597336851,-0.4764621990506118,-0.7241902554366761,0.16384677227971783,0.6126182579907,0.21879542214774456,0.03417711761365708,0.2519163838527216,0.24881511310454063,-0.9161301303006598,0.42381853711277695,-0.5142623082700428,0.31437412173048884,-0.20880401217028838,0.0,0.06744640093642548,0.0,0
33779.6194394,147.0,CONTROL_1,33778.6194394,33780.6194394,249,0.5830594679492196,0.6563483842562592,0.5661098530449858,0.9309510812526243,0.05417455728885421,-0.30390700680883237,0.11798267478083148,-0.2248584089391293,0.23470314305133522,233.6767578125,176.689453125,11.397515106201173,1.7321830402906946,4.938812255859375,-0.8065609978503661,-0.39017834644498983,-0.2301542893252527,0.40684945881466134,-1.582805542017882,-1.14701368287779,-0.20851621105055282,-1.3743945855047353,-0.5233478745574304,3.1189536265075475,1.3632158486207246,0.6302011730625326,0.43746959053709383,1.120542368782068,-1.8069140157742956,-1.3711221566342036,-1.3314768732026927,-0.6896234749028113,-1.2211067344337738,0.0,0.0,0.0,0
33780.6194394,148.0,CONTROL_1,33779.6194394,33781.6194394,249,0.8817435925991486,0.9037269724690175,0.6148803949774887,1.151351661790369,0.2984880992426108,-0.2821172453077023,0.09762230500843087,-0.21923608232688876,0.10626958185104454,321.240234375,254.630859375,9.290661239624024,0.6634184449525067,2.4502410888671875,0.42557447569923057,0.6969461168336782,-0.04405704576008137,0.9402466358245914,-0.39994152292054125,-1.031276748963315,-0.31965328764672796,-1.3522230362186158,-1.2743378344648046,5.043601621557954,2.6720526221521133,-0.9496784170728388,-0.8817134099581528,1.928913560927517,-0.7857242351060447,-1.4170594611488183,-0.9253909809802242,0.026140737276233394,-1.1349217187097502,0.0,0.0,0.0,0
33781.6194394,149.0,CONTROL_1,33780.6194394,33782.6194394,249,0.8573850408925455,0.7657133501670474,0.9189658731530532,0.7565720879268988,0.15214837395483521,-0.03632547428991848,0.06390852051419564,-0.21919561096752574,0.1946070335707269,230.5703125,350.720703125,9.282485198974609,0.8513902399929216,2.8360519409179688,0.3250902746149771,0.0904345098504029,1.1162636530541323,-0.015169678080699184,-1.1084572859979036,0.27425318799959003,-0.5036799773172558,-1.3520634381019145,-0.7578019796205514,3.0506738599068077,4.285648361745088,-0.6718129228369542,-0.6771964067144297,1.834080555412974,-1.4752733970804983,-0.09256292308300479,-0.9908545939839845,0.2799577208038205,-1.0525608752785307,0.0,0.0,0.0,0
33782.6194394,150.0,CONTROL_1,33781.6194394,33783.6194394,249,0.9895827480159892,0.8546213894307136,0.8640516408749134,0.48195450842508836,0.08700782596136561,-0.25223670678565696,0.13750806327607615,0.10411203496812008,0.1254985126029792,226.9150390625,236.169921875,11.454235076904297,1.873080110742179,5.815177917480469,0.8704339036398682,0.4811478095097266,0.9067234910111772,-0.6797788243278446,-1.423840583172413,-0.8725654242856428,-0.10193687968164968,-0.07710524004290542,-1.1619004481656199,2.9703308336928593,2.362045976950422,0.8384794102787727,0.9020280079785452,1.3330942026608203,-1.6904594237045771,-1.1391842648178068,-1.0363453609499282,0.6053139099946749,-0.8289093605826658,0.0,0.0,0.0,0
33783.6194394,151.0,CONTROL_1,33782.6194394,33784.6194394,249,0.9753224739369697,0.9700859910674204,0.8347727345132515,0.6673979169804019,0.31039017747485736,-0.05966240748450091,0.3635221375512615,-0.2599209322060579,0.27190576736047517,244.7734375,207.603515625,12.200677871704102,1.414368461630964,4.647544860839844,0.8116072432812258,0.9885659898335333,0.7950018747935653,-0.23098240837846085,-0.3423166365518975,0.15029840791776894,1.1317609246963534,-1.5126630491361321,-0.3058128542927514,3.3628589983667765,1.8823425075555922,0.16039821695590817,0.2830697480874583,1.3113003764805922,-0.944104989256922,-0.1119616673783495,-0.6483323695130638,0.6444920571489172,-0.6382799419379228,0.0,0.05921789080551082,0.0,0
33784.6194394,152.0,CONTROL_1,33783.6194394,33785.6194394,249,0.8287692445604323,0.8692346117753178,0.4851420945321406,0.15096095585486083,0.2631025068194038,-0.09060870340249201,0.24676552989040618,-0.1020399232379603,0.21943250817624305,187.1865234375,151.65625,10.161915969848632,1.470080810802992,5.005241394042969,0.20704403494290993,0.5453667526806955,-0.5391087540458721,-1.4808249291914932,-0.5712637662032227,-0.014073717282985466,0.4944449921388032,-0.8900619778896731,-0.612639905125058,2.0970967988449187,0.9428439515037045,0.24275386735760446,0.47268344778645804,0.7599851875871558,-0.8715943013622949,-0.16607075480041664,-0.8041503511575192,-0.10044267579368002,-0.1702654369580515,0.0,0.0,0.0,0
33785.6194394,153.0,CONTROL_1,33784.6194394,33786.6194394,250,1.1318897760009743,1.1933493907111368,0.8743506690341764,0.5949740471596463,0.1637609313833218,-0.019458658478964316,0.023884708268825088,0.054699711106527334,0.11707092633376208,101.33203125,73.73828125,8.813898468017578,0.27042185590756945,1.001556396484375,1.4574806290767266,1.9697143796800243,0.9460222290586542,-0.4062572992896941,-1.0522341383082094,0.3638417567757461,-0.7221499529074987,-0.27196189804172155,-1.2111790994409297,0.2100123346185599,-0.36559924609217637,-1.530617655454372,-1.6496561735074549,0.05250308365463997,-1.0627347550391375,0.3533411400448181,-0.43179255692948576,1.3730414766428647,-0.36839316369485514,0.0,0.8642699055331802,0.0,0
33786.6194394,154.0,CONTROL_1,33785.6194394,33787.6194394,249,0.7100239598013739,0.7475055797734169,0.6749438336351076,0.6311606473867313,0.17403312552017722,-0.29687531618935586,-0.046172625259029015,0.06244025479292134,0.4629120690303019,116.498046875,120.275390625,9.424288558959962,1.0380090789939045,3.265289306640625,-0.2828054936849215,0.010419045457612113,0.1851313111931423,-0.31868116696000415,-1.0025004692512205,-1.109664659461853,-1.1045579017534541,-0.24143719578223233,0.8110588846243065,0.5433618395885349,0.4158785718533055,-0.3959474084304657,-0.4496591582124796,0.44257482401653675,-1.091015434054528,-1.1981796242651606,-0.664419366935839,-0.12676892775157295,-0.4863200866656242,0.0,0.0,0.0,0
33787.6194394,155.0,CONTROL_1,33786.6194394,33788.6194394,249,0.8577296373807008,0.7420761424606722,0.6300473998637032,0.9276447166423816,0.27663549847236607,-0.0361897162327746,0.17111776650526564,0.0005854809581884648,0.2838080334492593,250.60791015625,164.888671875,11.17714729309082,1.277478666668064,4.149322509765625,0.32651180834267163,-0.013441039471995157,0.013816779106788406,0.3988476398313989,-0.5057426789600782,0.27497427075615,0.0815216824128606,-0.48536044344144813,-0.23621669695437902,3.4911008926000746,1.1650503650925172,-0.04195634653079455,0.018963796559350952,1.164037814423148,-0.7630067465685659,0.04216670787152038,-0.7156423110161052,-0.025527693616293035,-0.7665994627393735,0.0,0.0,0.0,0
33788.6194394,156.0,CONTROL_1,33787.6194394,33789.6194394,249,0.7682239504537046,0.7862833493213494,0.4163393698483782,0.6635440671942807,0.14810562169622588,-0.1952269885586293,0.19148022984120253,-0.15466250416156913,0.10453151962700401,222.19921875,75.302734375,10.777161788940429,1.491717495896588,4.343498229980469,-0.042718166890974144,0.1808309724214906,-0.8016442294798327,-0.2403092104745438,-1.1280306021006132,-0.5697566950307513,0.19267018672541275,-1.0975782299641237,-1.2845008110867264,2.8666769534932453,-0.3393280523970267,0.2747378583380898,0.12189567675385747,0.7166692383733113,-1.3291655057928993,-0.7130905427054136,-1.1106193951493806,-0.37113284669057833,-0.747645585057514,0.0,0.0,0.0,0
33789.6194394,157.0,CONTROL_1,33788.6194394,33790.6194394,249,1.0139147210573722,1.0028924496834182,0.7810569428481419,0.936492037654161,0.2136842274120419,-0.03538423123287461,0.1991040581541621,-0.16347916000942922,0.25211520957286,401.3046875,299.736328125,9.043338012695312,0.5053430056621546,1.8932571411132812,0.9708084620831021,1.1327365260657027,0.5900346882769051,0.42025927150800246,-0.8105264125928024,0.2792526270932623,0.2342848528952785,-1.1323465622136233,-0.42153424409590246,6.8034208433524395,3.42948951003699,-1.1833502296738965,-1.1769686814052454,2.5582275883473575,-1.3924573861308576,-0.2323928905762092,-1.2578997873895847,0.4861891157953497,-1.3699354618085255,0.0,0.0,0.0,0
33790.6194394,158.0,CONTROL_1,33789.6194394,33791.6194394,249,0.822906291414966,0.7793838965515756,0.7507075691195723,0.7628402235670215,0.3004367739110394,-0.028693720094130522,0.25633469435820366,-0.057474108810509954,0.10434992344068536,308.6455078125,313.171875,9.266645050048828,0.9052531177756015,3.0046844482421875,0.18285810755639384,0.15051079013147783,0.4742284131973166,0.0,-0.39050685494521103,0.3147894660567694,0.5466782755372518,-0.7143174473419354,-1.2855626590290263,4.766769131822103,3.655106915066871,-0.59219121601209,-0.5878048956563503,2.1054690117222434,-0.9756041399508353,-0.10630433628767932,-0.9443924266041912,-0.03745210071260291,-0.9498731509807471,0.0,0.0,0.0,0
33791.6194394,159.0,CONTROL_1,33790.6194394,33792.6194394,249,0.4404014772806127,0.6897136104530887,0.6331035687367778,0.4345091901638399,0.11820952136970514,-0.20316268066040688,0.25313138237851057,-0.02590411295563763,0.20191490498046924,235.2734375,123.271484375,11.01413688659668,1.4070063833927995,4.47125244140625,-1.3950555189238003,-0.2435522625811605,0.025478421168014288,-0.7946024729822257,-1.2727750198875696,-0.6119073478637996,0.5291929973803109,-0.589821706106449,-0.7150706405085575,3.1540486967345864,0.4661906956090603,0.14951537409211046,0.1896177440147514,0.9050598480859117,-1.6125448887188452,-0.792919317480982,-1.1067950455248392,-0.803326965836024,-0.703093455719378,0.0,0.0,0.0,0
33792.6194394,160.0,CONTROL_1,33791.6194394,33793.6194394,250,0.7184374062589587,0.8588454925441744,0.5605078608583819,0.6432477140261561,0.24738831677171377,-0.18425983453631412,0.24804303847483658,-0.07061354453545496,0.060515095076832504,268.6123046875,173.5625,10.821234512329102,1.465911534257184,4.351165771484375,-0.24809823950008522,0.49971095947040683,-0.25153021141042115,-0.28942894263250973,-0.6473453040828885,-0.511504346548427,0.5014182726335696,-0.7661325884497413,-1.5418781865894504,3.8868380560501032,1.3107062592250511,0.23659071885036212,0.12596021408423658,1.2993860788187885,-1.0576480016367171,-0.7713815623121847,-0.9694354734574968,-0.29464550169742265,-0.7327018018293942,0.0,0.0,0.0,0
33793.6194394,161.0,CONTROL_1,33792.6194394,33794.6194394,249,1.031493972677686,1.0081000565825142,0.9790983308809839,1.0730938510557944,0.17415188050266853,-0.23681755787538258,0.07400962218530831,-0.2068788690548865,0.13080112306533337,179.67431640625,77.873046875,9.0460205078125,0.5814878002278019,2.135986328125,1.0433266099599914,1.1556217599739707,1.3457153710082697,0.7508528727820714,-1.0019255072791817,-0.7906661791583695,-0.44854311474170744,-1.3034925760381633,-1.1308944775975565,1.9319782497797846,-0.2961658914696647,-1.0707907312080527,-1.0482987757674227,0.48299456244494615,-1.098524419768171,-0.8872650916473587,-0.3885082287316632,1.0991725219629427,-0.7485391574369777,0.0,0.5951202071387379,0.0,0
33794.6194394,162.0,CONTROL_1,33793.6194394,33795.6194394,249,0.7674987800887331,0.8579608261837488,0.26504524858979306,0.5157447520151358,0.14901459343884935,-0.03653368984614539,0.20702820882950373,-0.04359675524319158,0.18871561259338956,56.783203125,47.18359375,8.646801376342774,0.22272793221519332,1.0092315673828125,-0.04570964871845857,0.4958232242819788,-1.3789480243157368,-0.5980021770185034,-1.123629740977127,0.27314724518925915,0.27753882865356067,-0.659592339784356,-0.79225090373524,-0.7691723220279513,-0.8115207810225818,-1.6011202309922674,-1.6455875918613243,0.0,-1.2068913895731952,0.27314724518925915,-1.0631567193820435,-0.40403650557741844,-0.48942803039030724,0.0,0.0,0.0,0
33795.6194394,163.0,CONTROL_1,33794.6194394,33796.6194394,249,0.7617845421367893,0.8508017950411163,0.5912860902832597,0.30553816060372735,0.04348684580610819,-0.5160277304092346,-0.1468626072092299,-0.20608994591738222,-0.05477247064204907,77.60546875,44.615234375,10.232433700561524,1.7778479170126764,5.337394714355469,-0.0692820943351963,0.464362304625359,-0.1340875209905923,-1.1067286158244274,-1.634550972329832,-2.2736989000591334,-1.6541741592949082,-1.3003814710753079,-2.2159995264316232,-0.3114982624677577,-0.8546501439553181,0.6977043510624347,0.6487567783490307,0.0,-1.634550972329832,-2.2736989000591334,-0.9325249150290558,0.014764886127526161,-0.3914779357088853,0.0,0.0,0.0,0
33796.6194394,164.0,CONTROL_1,33795.6194394,33797.6194394,249,0.8801916476079389,0.9238933062238147,0.8395107665623897,0.26574436778164423,0.3886870392071908,0.032970803908518316,0.22359677184403456,-0.06887187564840463,0.10465141695974871,102.03515625,88.71484375,12.106909561157227,1.3836314038988193,4.532569885253906,0.4191723728793761,0.7855686403829972,0.8130811224157949,-1.2030346087670463,0.0367640309002025,0.6423223277171417,0.3679783283983316,-0.7592643468422071,-1.283799735041887,0.22546704444331084,-0.11410422330265377,0.11496178466422856,0.22212190971052953,0.05636676111082771,-0.08490281984146253,0.6310489754949762,0.01627224431444216,0.6218646745512226,0.23357689920987365,0.0,0.4272863688265787,0.0,0
33797.6194394,165.0,CONTROL_1,33796.6194394,33798.6194394,249,0.7034533257196455,0.6937436134303071,0.5434710118766902,0.7163528453740539,0.20266500712607752,-0.3696059969777835,0.05179826052961787,-0.0498242907903384,0.0671306168197956,140.3798828125,140.99609375,10.875783538818359,1.8959608413551146,5.659324645996094,-0.3099107552896363,-0.22584210077907252,-0.3165389340716706,-0.11250531298158473,-0.8638768699212869,-1.495975725580153,-0.5697838303685909,-0.6841505202027651,-1.5031952258268317,1.0682853517611517,0.7638324968368795,0.8723023863208672,0.8194107258044311,0.4580294621495078,-0.9554827623511885,-1.5875816180100544,-0.7191576183484483,-0.3641213062836617,-0.5242885318278947,0.0,0.0,0.0,0
33798.6194394,166.0,CONTROL_1,33797.6194394,33799.6194394,249,0.754086572749499,0.8592082644898792,0.6205156987898164,0.8265580500596559,0.21899506645541167,-0.1524830375589093,0.124177402544989,-0.0009475915015990032,0.11106263069567231,288.9736328125,172.935546875,8.956978607177735,0.4645741170933263,1.5432205200195312,-0.10103785359255885,0.5013051890260694,-0.022554014123117458,0.1542051690311191,-0.784813550483798,-0.3427209915035881,-0.17470229009952612,-0.49140608858902246,-1.2463114251211624,4.334380694725182,1.3001781029502157,-1.2436160124696054,-1.3625218880896175,1.4086396994188495,-1.0665414903675678,-0.624448931387358,-0.9443962480876541,-0.16439585616735614,-0.8840509997252894,0.0,0.0,0.0,0
33799.6194394,167.0,CONTROL_1,33798.6194394,33800.6194394,250,0.7159294383668671,0.7311258465410969,0.5473570546116703,0.5974222147621273,0.2832631687547959,-0.2518516061485033,0.2942802933983047,0.1090141881912404,0.09914468334868953,359.416015625,268.7578125,9.605564880371094,1.2614850234121748,3.7226333618164062,-0.25844413990571036,-0.06156296732483161,-0.30171068298606424,-0.400332425204406,-0.4736542705778247,-0.8705199513698259,0.7538043245309204,-0.05777368225722066,-1.315999275529133,5.882706505542903,2.909280517279476,-0.06559862534701036,-0.2072226504815577,2.197996755705595,-1.1393949190782198,-1.3101193025109448,-1.2515940651659356,-0.5639107088234976,-0.9742166155947469,0.0,0.0,0.0,0
33800.6194394,168.0,CONTROL_1,33799.6194394,33801.6194394,249,0.7995113320597252,0.777795596481577,0.7795137704666011,0.9157677706800885,0.2498449661474142,-0.22183281623607579,0.352662942496258,0.015071835468588477,0.3163591583939184,203.9033203125,115.826171875,11.86175765991211,1.595169272998452,5.28118896484375,0.08634892964937199,0.1435308818314207,0.584146295095872,0.3701039340193279,-0.635451234966556,-0.7110743005256459,1.0724860094520987,-0.4282337510318911,-0.04588040331998469,2.464532524928372,0.3411647400960634,0.4276633499939497,0.6189623042068386,0.7014243162561089,-1.0974819010534074,-0.8513591637768677,-0.6329345508694333,0.1668007505536404,-0.7387942514904008,0.0,0.0,0.0,0
33801.6194394,169.0,CONTROL_1,33800.6194394,33802.6194394,249,0.5595629401092416,0.6567689548065915,0.5797528843181199,0.5771291804552124,0.0800215448578516,-0.12308871973953041,0.11181321381179278,-0.02349182945787289,0.2374804982290906,195.029296875,214.59765625,11.532929611206054,1.7760243110172513,5.130439758300781,-0.9034891673364891,-0.3883301164219145,-0.1780955995260397,-0.4494441253000432,-1.4576652352099602,-0.18659224182699807,-0.2421922132026652,-0.5803089071974811,-0.5071078370306478,2.2694812080151614,1.9997921263100626,0.6950086424796583,0.5390506692705589,1.067318333581306,-1.6711289019262214,-0.40005590854325923,-1.2304743793362583,-0.7066673584571127,-0.8875876945381792,0.0,0.0,0.0,0
33802.6194394,170.0,CONTROL_1,33801.6194394,33803.6194394,249,0.4988905403696939,0.6517524530692882,0.474832439031508,0.31318629935622067,0.08030078381187992,-0.37307757385506163,0.24015273036737517,-0.2454492041376195,0.14546033301047487,250.41796875,218.33203125,9.330263900756837,0.8072788163431356,2.675079345703125,-1.1537757069110182,-0.4103755238199549,-0.578448043599585,-1.0882191563211592,-1.45631327694842,-1.5144151042582408,0.458349026529059,-1.4555940358514639,-1.045177633915185,3.486925974459916,2.062501892034315,-0.7370197403345525,-0.7625274247578815,1.3873569666235577,-1.8712893782318492,-1.7918864975829523,-1.5206604105833028,-1.0118345331273375,-0.8925575625437443,0.0,0.0,0.0,0
33803.6194394,171.0,CONTROL_1,33802.6194394,33804.6194394,249,0.46510357369516275,0.6030773553826274,0.3649567501967692,0.19044335001511503,0.12479413729006093,-0.21305518853729433,0.1109760045674385,-0.10468615769292373,0.0851638237328309,113.177734375,139.541015625,9.192932891845704,0.8305914881957578,2.677642822265625,-1.2931541229286763,-0.6242820297546459,-0.9977085647409791,-1.3852725602490423,-1.2408950627248239,-0.6644516829790035,-0.24676211978869164,-0.900497358415791,-1.3977495992315994,0.4703812654160999,0.7393979908407665,-0.7025582559140036,-0.7611685346653368,0.30244481406421664,-1.3013840255376672,-0.7249406457918468,-1.040799558747016,-1.1013404810378087,-0.2955222920861848,0.0,0.0,0.0,0
33804.6194394,172.0,CONTROL_1,33803.6194394,33805.6194394,249,0.2939050830264295,0.26864370774360535,0.1871463935774051,0.44906001449079785,0.14666862126317784,-0.10866318961569231,0.22483978522597214,-0.049539853605184814,0.11273420041171199,78.421875,68.12890625,11.224668502807617,1.7617116909438024,5.270965576171875,-1.9993842703070366,-2.093976728550523,-1.6761922545469996,-0.7593876445991506,-1.1349879573666652,-0.10997063096001662,0.3747633168333515,-0.6830288470051057,-1.2365372503470675,-0.29355362717124134,-0.45979508665705754,0.673851302094287,0.6135429210996665,0.0,-1.2474169524166707,-0.10997063096001662,-1.1051273874659189,-1.9051855564397209,-0.4226906392117357,0.0,0.0,0.0,0
33805.6194394,173.0,CONTROL_1,33804.6194394,33806.6194394,249,0.324913008449301,0.3953065432051896,0.3726528298016426,0.2751397208053908,0.22164715177676722,0.07272637135656722,0.07404601242117766,-0.09041280979075256,0.16390913598583481,95.7880859375,69.201171875,11.520920181274414,1.479533232381731,4.601554870605469,-1.87146998989632,-1.5373470379481113,-0.9683420835830042,-1.1802966705653823,-0.7719732622332127,0.8534851475685048,-0.4483444786424433,-0.8442106539397582,-0.9373018911784551,0.08815624062535012,-0.44178898760757296,0.2567267178756173,0.25869061273668675,0.02203906015633753,-0.7763810742644802,0.8490773355372373,-0.844420343887747,-1.4918564913204686,-0.2216998194435192,0.0,0.0,0.0,0
33806.6194394,174.0,CONTROL_1,33805.6194394,33807.6194394,249,0.90737027462942,0.8767879677923798,0.49947906893860544,0.6834755008454555,0.12382287309834687,-0.19273657007999442,0.20288988609975628,0.006599140733461273,0.2774569436747054,102.2587890625,42.1328125,9.502725982666016,0.9829271592653058,3.2346343994140625,0.5312899837995735,0.5785605636945207,-0.48440213582128766,-0.19207262953016338,-1.2455975178414285,-0.5565287669111065,0.25494979440040677,-0.4616456784886022,-0.27335344384970356,0.23038250076257188,-0.8963363951245257,-0.47737113929156466,-0.4659092189024928,0.05759562519064297,-1.333601581199679,-0.5680478919492351,-0.8689803099128062,0.1766125141326651,-0.5712228880171848,0.0,0.0,0.0,0
33807.6194394,175.0,CONTROL_1,33806.6194394,33808.6194394,249,1.098094001029441,1.0792771761344968,0.447608443458147,0.4336024762629751,0.14684983783990474,-0.02223610727413424,0.15434947340597832,-0.2410688526299602,0.14857087144757336,72.57666015625,53.330078125,9.77764434814453,1.2969394339678004,3.9168167114257812,1.3180658769624964,1.4684151526831297,-0.682328589812185,-0.7967968348749981,-1.1341105824714381,0.3490892590193687,-0.010008043981832596,-1.4383201942480333,-1.0269893728848458,-0.42203163502686175,-0.7083054919356455,-0.013188861904773008,-0.10428672597129955,0.0,-1.1341105824714381,0.3490892590193687,-0.864160819616211,0.6479976687354847,-0.3695977180358901,0.0,0.28076620419159704,0.0,0
33808.6194394,176.0,CONTROL_1,33807.6194394,33809.6194394,250,0.6922870045917167,0.8273081407105408,0.4364654941959882,0.9125525718723859,0.19873460323876488,-0.040067609465696985,0.09862296684783985,-0.18708995558885344,0.17517495039562814,78.8232421875,78.4765625,11.477230072021484,1.157760563537747,3.7941741943359375,-0.35597420237405336,0.36111761178793655,-0.7248475379457576,0.36232274776578005,-0.8829062421846648,0.2543767312740014,-0.31419117508509775,-1.2254553326528916,-0.8714272597124589,-0.28473156364627933,-0.2860313111303373,-0.21892720478182023,-0.16929910167860743,0.0,-0.8829062421846648,0.2543767312740014,-0.7176856639428054,-0.3416615069917518,-0.5911466226619351,0.0,0.0,0.0,0
33809.6194394,177.0,CONTROL_1,33808.6194394,33810.6194394,249,0.5313169557326928,0.4194185325294725,0.3095561199132885,0.5236464664853425,0.21271500966043702,0.10873056839535096,0.030509774141651895,-0.11952685231534077,0.21969177819179075,71.1337890625,93.541015625,10.765279006958007,1.5374371657757335,4.320503234863281,-1.0200098541204419,-1.4313850238460755,-1.2091047104265766,-0.5788790323259468,-0.8152189597020447,1.0447224574906602,-0.6859870314284824,-0.9590213850251311,-0.6111238747607071,-0.45374598747973605,-0.03306037858266025,0.342322033211447,0.10970610907847173,0.0,-0.8152189597020447,1.0447224574906602,-0.9595910969409007,-1.1684680877727158,-0.4675081210716535,0.0,0.0,0.0,0
33810.6194394,178.0,CONTROL_1,33809.6194394,33811.6194394,249,0.9531455911558544,0.9944278802178332,0.7363463097618729,0.27701554523601574,0.2721093985221487,0.02765053907395346,0.16180240154592235,-0.17889766745767924,0.4536697583749697,59.12109375,46.892578125,9.214266204833985,0.5871222188003978,1.93157958984375,0.7201228900388518,1.0955383166182269,0.4194291291481221,-1.1757569390754725,-0.527656162490859,0.6140635907165735,0.030673763608790903,-1.1931491838654884,0.7570162929245,-0.7177854118606545,-0.8164076822218044,-1.0624617662105666,-1.1566540833848529,0.189254073231125,-0.5747091062197213,0.5762127760703485,-0.3737887996556672,0.6615750480583027,-0.03741558111396873,0.0,0.3504939590634534,0.0,0
33811.6194394,179.0,CONTROL_1,33810.6194394,33812.6194394,249,0.6846996889607674,0.6431759285933857,0.6032008077213239,0.5730457170383323,0.09368551508830415,-0.1613699623980147,-0.030973607250359903,-0.23288619502316843,0.2674688049960956,86.8251953125,85.96484375,10.656180953979492,1.8324170339047297,5.388496398925781,-0.38727349137666417,-0.4480657282754957,-0.08862368185281319,-0.45932662131558427,-1.3915100044586546,-0.3899241438994098,-1.0215940633016665,-1.406052023269591,-0.3317571180583535,-0.10884837989071108,-0.16028379973557602,0.7783700415292732,0.6758456052533882,0.0,-1.3915100044586546,-0.3899241438994098,-0.7874864229154633,-0.29490450542308266,-0.47652662067178697,0.0,0.0,0.0,0
33812.6194394,180.0,CONTROL_1,33811.6194394,33813.6194394,249,1.4467218513636773,1.6438336581737167,0.6274035326394588,0.3946709334282233,0.2528482835476408,-0.19926815066737552,0.07569779440563132,-0.20143024496862502,-0.011268734475924195,199.466796875,320.74609375,12.67054328918457,1.2655575399428316,4.003684997558594,2.756229830160918,3.9494025613408645,0.0037283859233557676,-0.8910160741983787,-0.6209104278453143,-0.5912214417602365,-0.43932822682685735,-1.2820060197062924,-1.961619995303702,2.367017598909145,3.782297538225161,-0.05957851037001899,-0.058238146823342656,1.5373287842835766,-0.9283761847020295,-0.8986871986169518,-0.8940070011761716,1.8008895532712237,-0.5421755403018536,0.0,0.7743555301979068,0.0,0
33813.6194394,181.0,CONTROL_1,33812.6194394,33814.6194394,249,0.7794644924471552,0.9034638785242878,0.489184341932102,0.3830804238133478,0.003665302668943777,-0.26830168593412435,-0.02431632438801009,-0.3730060810087597,0.10929639212899726,244.32666015625,320.74609375,11.330701065063476,2.016144478510281,5.8126220703125,0.003651457032918811,0.6957899300128119,-0.5236844616526812,-0.9190665679565941,-1.8273502342340293,-0.9578950149719457,-0.9852552853881974,-1.95861240838335,-1.2566391573585765,3.3530388181656328,3.782297538225161,1.0499614108038033,0.9006731622017522,1.7838340890976985,-2.184117052053569,-1.3146618327914854,-1.778144016317058,-0.31006353327571734,-1.1808179671278969,0.0,0.0,0.0,0
33814.6194394,182.0,CONTROL_1,33813.6194394,33815.6194394,249,0.8219126235944088,0.8045377489151174,0.6289214496415875,0.6314245970077311,0.13272925055555534,-0.08489173572221219,0.12004962045725846,-0.11295781187185265,0.23845968110752577,140.55859375,136.859375,9.311995315551759,0.646856004838743,2.2969436645507812,0.17875901667880462,0.261051352464172,0.009520410347603465,-0.31804237561757365,-1.2024765620794855,0.016292118092010307,-0.19723378825916585,-0.9331164858614612,-0.50138225795501,1.0722134238416092,0.6943663442197422,-0.974161508309871,-0.962975846355474,0.4416449420153379,-1.290805550482553,-0.07203687031105727,-0.8179741856823378,0.06973723031765702,-0.5846514872831459,0.0,0.0,0.0,0
33815.6194394,183.0,CONTROL_1,33814.6194394,33816.6194394,250,0.5365151530772757,0.6393952936126475,0.3285758751149798,1.007616288929803,0.15793527402948962,-0.23700700581085468,0.11652509610723583,-0.23087707964833556,0.021912133876794335,114.654296875,62.16015625,10.50505256652832,1.6151417947996995,4.458473205566406,-0.9985661856486783,-0.46468002300480654,-1.136529670739347,0.5923889217784808,-1.080439535423455,-0.7916724372207549,-0.21647240411105104,-1.3981291109902463,-1.7676014010903105,0.5028361560480769,-0.5600257582330592,0.4571873253342259,0.1828435151307862,0.1257090390120192,-1.105581343225859,-0.8168142450231587,-0.9236294162120641,-0.9589325287534409,-0.7654402413567217,0.0,0.0,0.0,0
33816.6194394,184.0,CONTROL_1,33815.6194394,33817.6194394,249,0.843931215280466,0.8398493523272792,0.7587657942050162,0.5468303160158788,0.23913364458113032,-0.24444510453018053,0.18870951366480063,-0.10834716885264478,0.15627680409753714,91.67578125,35.517578125,11.278579711914062,1.1051902857305036,3.67919921875,0.26959038552304027,0.4162309425180202,0.5049767587560816,-0.5227711951249768,-0.6873109754312771,-0.8311801087426901,0.17754623272235476,-0.9149344936025071,-0.9819304490509084,-0.002232346974686246,-1.0074232029216192,-0.29663815190496057,-0.23024694005553614,0.0,-0.7405748452479834,-0.8311801087426901,-0.28107197519737054,0.3813037275536007,-0.13560908883624462,0.0,0.21069821424804636,0.0,0
33817.6194394,185.0,CONTROL_1,33816.6194394,33818.6194394,249,0.783961859323008,0.7291999790687703,0.6674600128640031,0.26862869263731204,0.08021727385512126,-0.2600921136732267,-0.00784718544221862,-0.04336476311800463,0.27288099646842545,103.1201171875,119.470703125,9.6902645111084,1.1093778005077795,3.6076583862304688,0.02220405092052453,-0.07002634185261507,0.1565747612420305,-1.196054179169996,-1.4567175972423185,-0.9142896399348514,-0.8953584919138189,-0.6586774827878992,-0.30011039411150686,0.24931452029789178,0.40236579806753564,-0.29044804310189437,-0.26817048885848643,0.16292007959135685,-1.4893016131605898,-0.9468736558531228,-0.820702216825656,0.02634970903972017,-0.32573380032186355,0.0,0.0,0.0,0
33818.6194394,186.0,CONTROL_1,33817.6194394,33819.6194394,249,0.5633968076793463,0.4947188387694414,0.4379029232218215,0.4299180430179424,0.12413714307919811,0.06470217739867895,0.08046579388794144,-0.10014922977633363,0.22690163089508272,272.09765625,208.876953125,9.964287948608398,1.4382302720555242,4.320503234863281,-0.8876736490542436,-1.1004719662639009,-0.7193626372469225,-0.8057136275939057,-1.2440759539949935,0.8108644146259768,-0.4133021020757083,-0.8826060604091527,-0.5689656807343075,3.963446194056403,1.9037268000515193,0.19567145433472796,0.10970610907847173,1.4667932485269806,-1.5374346037003896,0.5175057649205808,-1.4956291564628061,-1.0913434456426596,-0.9644080963911299,0.0,0.0,0.0,0
33819.6194394,187.0,CONTROL_1,33818.6194394,33820.6194394,249,0.4346533706535512,0.6274715894948029,0.23513930136203307,1.4878416460522759,0.14629828993085137,-0.2662525320948757,0.9170615039104743,-0.15653104752079502,-0.02073389873796569,469.3525390625,363.818359375,11.615456008911133,1.2801125565206768,4.435478210449219,-1.4187676800212439,-0.5170796689606522,-1.49306228519465,1.7545947979732825,-1.1367809468368777,-0.9470108764529714,4.153255506855342,-1.1049467988928894,-2.0169656795877504,8.299114781266981,4.505591713704731,-0.03806285226745688,0.17065394745540047,3.2011766237429278,-3.022992923642066,-1.5872462012015571,-2.836205835237531,-1.7446096831812568,-2.7825631000425726,0.0,0.0,0.0,0
33820.6194394,188.0,CONTROL_1,33819.6194394,33821.6194394,249,0.6150800983064665,0.642037494748383,0.4398676731733807,0.44222676922756604,0.09809689623592915,-0.21677009456941526,0.23567429616338043,-0.2667563957568321,0.03045485703840224,286.3818359375,287.17578125,10.646089172363281,1.703454525894257,4.87493896484375,-0.6744690944228755,-0.45306866442962385,-0.7118656003924623,-0.7759249591757796,-1.3701519414044272,-0.6841835113386562,0.43390349382390275,-1.5396185832880456,-1.7176495095077764,4.27741291712117,3.2185656065994026,0.5877338292266527,0.4036105790645227,1.8739946309301432,-1.8751219157376267,-1.0589824375246848,-1.6777821114863463,-0.9243769801531021,-1.1240035410261693,0.0,0.0,0.0,0
33821.6194394,189.0,CONTROL_1,33820.6194394,33822.6194394,249,0.716940325699235,0.7107583015326109,0.5257672686454737,0.3112483800260374,0.1448977400365073,0.02466697352030069,0.19466339548845157,-0.31640409106015216,0.15106639287673432,163.2236328125,120.23046875,9.154991912841798,0.5183348922929112,1.793609619140625,-0.2542740148833901,-0.15106972939193172,-0.3840923727985688,-1.0929091652924183,-1.1435618238350251,0.5982162979733874,0.21004549612849535,-1.7354034245605696,-1.0123973027084927,1.5703917020675042,0.4151242179769154,-1.164145236717716,-1.2297914894371673,0.4963789800111049,-1.3058512686757948,0.4989405019711664,-1.038124136368339,-0.3535264300570767,-0.4975305364049936,0.0,0.0,0.0,0
33822.6194394,190.0,CONTROL_1,33821.6194394,33823.6194394,250,0.8550006121036798,0.7985558662849408,0.6877177831269164,0.07886191157814859,0.16785380870660796,-0.14634558296145658,0.17756086561524015,-0.3313725680031135,0.1721085630136622,194.37109375,165.068359375,10.763747787475586,1.8765226484313318,5.406379699707031,0.3152539992576654,0.2347635035815767,0.23387378350678464,-1.6553137013557129,-1.0324181376003527,-0.31012172798656257,0.11669133833299257,-1.7944313585757288,-0.8893573561414745,2.255013882429214,1.1680677805980775,0.843568271808325,0.6853254813751879,0.8557704157568229,-1.2385796222516152,-0.48127581113792717,-0.836692950300898,0.142307262246116,-0.2553070969953598,0.0,0.0,0.0,0
33823.6194394,191.0,CONTROL_1,33822.6194394,33824.6194394,249,0.7700954466646074,0.8648953885499469,0.4724334218711507,0.36442186640698343,0.15728908962350413,-0.26989424364420517,0.173733951452841,-0.07531730556372981,0.26196916648171475,91.8095703125,77.404296875,11.994108200073242,1.2902463518401859,4.169761657714844,-0.034997847397028437,0.5262976984266118,-0.587602144889374,-0.9642226279966812,-1.083568090138145,-0.9663539302490612,0.0958021277170798,-0.7846817899922969,-0.3639151713648328,0.0007083408669677511,-0.3040374101798219,-0.023082774834375666,0.029798518457943658,0.00017708521674193777,-1.1123441454966172,-0.9663893472924097,-0.7587340875496684,-0.1161768051371326,-0.23415539418074624,0.0,0.0,0.0,0
33824.6194394,192.0,CONTROL_1,33823.6194394,33825.6194394,249,0.682457905560513,0.7323756076461093,0.2380437933303949,0.43880903733276444,0.16683790891744715,-0.31828791958930114,0.1324199696600444,-0.1469441737902583,0.08561583431950937,54.11328125,72.599609375,10.292988586425782,1.6012434424944944,5.056343078613281,-0.39652132419906627,-0.056070794860233905,-1.4819794075424522,-0.7841963010207789,-1.0373366996170024,-1.2233983074647377,-0.1297102382333179,-1.0671411255345262,-1.395106556329145,-0.8278572896124916,-0.38472047695893324,0.43664236787653943,0.49977227469081564,0.0,-1.0373366996170024,-1.2233983074647377,-0.9410300366749644,-0.7083415475014848,-0.31119962874760815,0.0,0.0,0.0,0
33825.6194394,193.0,CONTROL_1,33824.6194394,33826.6194394,249,0.8852773961763857,0.9417720145200172,0.2571882575732153,0.3544196722930757,0.009276921259891317,-0.37413270381646846,-0.14987971813477438,-0.18362844870959058,0.07851339222416572,50.1240234375,100.693359375,9.082428741455079,0.5014923668636594,1.839599609375,0.44015216625835724,0.864138015772547,-1.408928506651263,-0.9884291981030157,-1.8001811233159535,-1.520019456862476,-1.6706430590142995,-1.2118049391999874,-1.4366366879752535,-0.9155413029931966,0.08704587773648839,-1.1890423583926635,-1.205412354086396,0.021761469434122098,-1.8045334172027778,-1.5243717507493004,-1.3501658734828743,-0.12549311977229016,-0.5867250279874717,0.0,0.0,0.0,0
33826.6194394,194.0,CONTROL_1,33825.6194394,33827.6194394,249,0.7219762664751005,0.760190062328274,0.3656929136927218,0.6349102019664287,0.20495088649378979,-0.10895040400260213,0.0765259407987407,-0.09822661929292377,0.22835475829669627,64.662109375,54.44921875,11.057188796997071,2.184312276611444,6.640449523925781,-0.2334996892311272,0.06616199147829553,-0.9948995330595253,-0.30960677240543655,-0.8528095977822108,-0.11149617829174598,-0.43480778981354706,-0.875024278696556,-0.5604688043814342,-0.5959937124917144,-0.6895122410151452,1.2985520481592283,1.3395016428313908,0.0,-0.8528095977822108,-0.11149617829174598,-0.7177701620450972,-0.440057298429182,-0.3424033881243066,0.0,0.0,0.0,0
33827.6194394,195.0,CONTROL_1,33826.6194394,33828.6194394,249,0.5623043514004921,0.6494387015039675,0.5495273001241622,0.6092202408972744,0.10813933915511652,-0.26187028857709577,0.011790439047002632,-0.3302323057360148,0.25889702397365144,63.0205078125,33.662109375,13.144879913330078,1.5745838189753056,4.9669189453125,-0.8921802633112147,-0.42054348518953827,-0.29342952202842343,-0.3717797153185119,-1.3215306316810633,-0.9237344661816553,-0.7881665203817526,-1.7899347537361878,-0.3818789197604896,-0.6320761669575565,-1.0385812978159914,0.39723332002598677,0.4523688497660657,0.0,-1.3215306316810633,-0.9237344661816553,-0.8001992279316907,-0.5882901482379025,-0.4849750818916881,0.0,0.0,0.0,0
33828.6194394,196.0,CONTROL_1,33827.6194394,33829.6194394,249,0.6998024768807658,0.6462652619985624,0.43622156967472886,0.39904953427814704,0.07376161954137346,-0.13913199516581354,-0.04328415473766063,-0.08808244706145944,0.1488056038212143,66.1162109375,67.166015625,11.396875762939453,2.319576436959148,6.9598236083984375,-0.3249712824208431,-0.4344894121348962,-0.7257782981802273,-0.8804193084053656,-1.4879731762265904,-0.27180655257964936,-1.0887911856688444,-0.8350209081867153,-1.0256168215499601,-0.5640325139791392,-0.47596449800750545,1.49850355024142,1.5088007445099982,0.0,-1.4879731762265904,-0.27180655257964936,-0.9998298214696816,-0.4871573638794382,-0.43222361571378787,0.0,0.0,0.0,0
33829.6194394,197.0,CONTROL_1,33828.6194394,33830.6194394,250,0.9357441856709561,0.9045690138991996,0.373318264208959,0.6976978028385756,0.11454011894887023,-0.3174530894327394,-0.02666453208467932,-0.18083072528655247,0.10011227974456242,83.271484375,78.25390625,9.092009735107421,0.5556937107086923,1.959686279296875,0.6483383952563003,0.7006465334479809,-0.9658029379416374,-0.15765286659122768,-1.2905407321787687,-1.2189640834988267,-0.9980729768921216,-1.2007721645070744,-1.3103414461288416,-0.1869590591299731,-0.28977028251766196,-1.1089203209747036,-1.141754824155881,0.0,-1.2905407321787687,-1.2189640834988267,-0.9512481371837322,0.09385055627535824,-0.5776783939721954,0.0,0.0,0.0,0
33830.6194394,198.0,CONTROL_1,33829.6194394,33831.6194394,249,0.5359246251414297,0.6948308627526794,0.4030560821894029,0.8423494658181914,0.0702979515232536,-0.15275823068209982,-0.031615527085742445,-0.06090245490590122,0.4154520732922564,211.01123046875,168.30859375,9.998013305664063,1.4876431935834082,4.478912353515625,-1.001002238849466,-0.2210640989941425,-0.8523302198516378,0.19242238500233774,-1.5047428085603871,-0.34418268755339426,-1.0250979826661477,-0.7278370718081403,0.5335459046569001,2.6207646158442746,1.222479653682039,0.2687151035642968,0.19367823702937892,1.0941975435458033,-1.723582317269548,-0.563022196262555,-1.4346022153476117,-0.9571090357610319,-1.1522914732276293,0.0,0.0,0.0,0
33831.6194394,199.0,CONTROL_1,33830.6194394,33832.6194394,249,0.8231631173763868,0.8270158544471278,0.8112114280008144,0.38918757342558935,0.16494943273273416,-0.14179260850012035,0.17667749501027735,-0.09928195914990323,0.384016870006703,279.65380859375,118.84375,12.700309371948242,1.6721782467965218,5.388496398925781,0.18391756921330646,0.3598331370501175,0.70509731308443,-0.9042864963488014,-1.0464799117040426,-0.2859384754842974,0.11186945996418018,-0.8791859934574318,0.3497347431935636,4.1295306624855845,0.39183764179270036,0.5415003038858794,0.6758456052533882,1.217775761867962,-1.323595902066889,-0.5294936278578899,-0.856147358332672,0.21884722885536764,-0.5833848136721866,0.0,0.0,0.0,0
33832.6194394,200.0,CONTROL_1,33831.6194394,33833.6194394,249,0.2614902093184869,0.33795518776046746,0.37083159724376824,0.40924115136078126,0.15949174743411756,-0.18414776888978923,0.3021501311880739,0.060267768424642376,0.17029218318457504,163.2568359375,129.70703125,12.443915176391602,1.8620752835391992,5.470252990722656,-2.1331025113183295,-1.7893820340106046,-0.975291490858007,-0.8557543108460134,-1.0729037419823988,-0.5109091067003332,0.7967618334081242,-0.25000435879315613,-0.8999782795377779,1.5711215078092284,0.5742600879005935,0.8222117476271549,0.7191844928477591,0.5363453989274555,-1.4192013717903271,-0.6181781864858242,-1.1584699769310456,-1.73957636853479,-0.5659206923015466,0.0,0.0,0.0,0
33833.6194394,201.0,CONTROL_1,33832.6194394,33834.6194394,249,0.8550201537839244,0.8107487403972571,0.45119198626027024,1.0601019595967993,0.10926015295897835,-0.10756533920296503,0.17903117651383682,-0.06435698752340267,0.22093822045966843,102.169921875,57.17578125,9.849695205688477,1.1438804602395063,3.7558517456054688,0.31533461284056097,0.28834603803187475,-0.6686546093467659,0.7194108583765756,-1.316104119871306,-0.10413936747146459,0.12471703024252918,-0.7414599623785117,-0.6038355490300163,0.22842919715972143,-0.6437262405177309,-0.23944518601502365,-0.18961369969899977,0.05710729928993036,-1.3649406888020508,-0.11556082732945067,-0.9321578560003021,-0.04302542478023022,-0.8697663880116495,0.0,0.0,0.0,0
33834.6194394,202.0,CONTROL_1,33833.6194394,33835.6194394,249,0.9296513377913159,0.8914858217166043,0.7625505727922962,0.6294274237527819,0.03073102662088316,-0.34950735388400556,0.0961348019745993,-0.10015112752200617,0.3330550181812405,85.3369140625,107.646484375,8.973840713500977,0.4075879288908103,1.5483322143554688,0.6232041032471591,0.6431514269303421,0.5194186089937123,-0.3228757865532005,-1.696309315431297,-1.3892212148713248,-0.32777282282491893,-0.8826135441369068,0.05174534928798529,-0.14156084901976723,0.2038067386038202,-1.3278546895865992,-1.3598121965360315,0.06388802197295138,-1.7090869198258871,-1.401998819265915,-0.8261151591490478,0.5812854416991466,-0.6351697341636582,0.0,0.22889917296500276,0.0,0
33837.3873842,1.0,WASHOUT_1,33836.3873842,33838.3873842,249,0.4808884187981328,0.3987558358476008,0.38464535019188806,0.4767975278903719,0.155849927948766,-0.35452480090162625,0.0927378325057125,-0.06929535380695785,0.14902854709186963,119.0234375,32.767578125,13.815055084228515,1.9344598764870513,5.817741394042969,-1.2280382831810825,-1.5221888529181793,-0.9225813661582827,-0.6922593670396723,-1.090535909232814,-1.4158715264806385,-0.34631518036944137,-0.7609343257515642,-1.0243132046734493,0.5988700057090987,-1.0536027793545415,0.9292128043026727,0.90338689807109,0.14971750142727466,-1.1204794095182689,-1.4458150267660934,-0.8843383921314372,-1.202416101384613,-0.37949411106189324,0.0,0.0,0.0,0
33838.3873842,2.0,WASHOUT_1,33837.3873842,33839.3873842,249,0.9221845107198923,0.8762900064830763,0.9095299187335991,0.8984100026251894,0.005961564346833866,-0.12805112469058116,0.025466243797735957,-0.34615216785174036,0.3677374347835858,105.41015625,104.47265625,10.871440124511718,1.6327560538043169,5.815177917480469,0.5924018551519699,0.5763722339566031,1.0802582071786841,0.3280959481188972,-1.816232695290067,-0.2129501959444325,-0.7135171413632604,-1.852714458984648,0.2545439512286997,0.2996496516021153,0.15050999733713083,0.4832252465173723,0.9020280079785452,0.17617590004198647,-1.8514678752984641,-0.2481853759528298,-0.7922867546299809,0.7335192691159484,-0.8871760156911009,0.0,0.3197709574467703,0.0,0
33839.3873842,3.0,WASHOUT_1,33838.3873842,33840.3873842,249,0.9290781514175857,0.854986312751844,0.6832540377681661,0.6634657648119567,0.16955274810536225,-0.28880718220559526,-0.028250512321653747,0.0022167893291082275,0.2893897324428637,147.767578125,153.95703125,9.136851119995118,0.5739333398626701,1.7603912353515625,0.6208395876745417,0.4827514934521724,0.2168411512184265,-0.24049871210644902,-1.0241925833828394,-1.066810537830315,-1.0067300498749303,-0.4789274066506002,-0.2035788111537593,1.2306671292948195,0.981479989172726,-1.0819579590498223,-1.2474004402197254,0.5530367796168864,-1.1347999393062167,-1.1774178937536923,-0.7081888737180342,0.36886699912789456,-0.5559449425128162,0.0,0.00596176872254206,0.0,0
33840.3873842,4.0,WASHOUT_1,33839.3873842,33841.3873842,249,0.8511001502113176,0.7842731281284884,0.5896685031004671,0.5930695740634352,0.23229762345734037,-0.27164489150437304,0.004210574044232466,-0.20061727252131809,0.1269793529856205,212.53125,138.08984375,9.066460418701173,0.6812479978009105,2.40936279296875,0.29916376524726845,0.17199689890223807,-0.14025986404883978,-0.4108663641602669,-0.7204081314728813,-0.9756525458254299,-0.8295412128268501,-1.278800076699623,-1.1532415256130115,2.65417469340292,0.7150290808339048,-0.9233222421309473,-0.9033828537553383,0.8423009435592062,-0.8888683201847225,-1.1441127345372712,-0.734517778003609,-0.006413019809256404,-0.49549022002008014,0.0,0.0,0.0,0
33841.3873842,5.0,WASHOUT_1,33840.3873842,33842.3873842,249,1.3050005807993972,1.449330845268847,0.7776069997517507,0.2488598718362018,0.3628731770420047,-0.10811721867229279,0.35800293543294703,-0.12180473438050743,0.03466986127625855,183.9326171875,193.65625,11.276280212402344,2.0998752918800747,6.208648681640625,2.171599478536332,3.094644808808374,0.5768704937599849,-1.2438972165267943,-0.08821589655267792,-0.1070706908669515,1.1016343604232248,-0.9680041741725733,-1.6930031021823524,2.0255758361559324,1.6481320279337897,1.173734787733933,1.110605504236896,0.9184269660224305,-0.6023915978841314,-0.2907560840714376,-0.4167044969018837,1.6602893550156541,-0.0954098318371582,0.0,0.8951762559260948,0.0,0
33842.3873842,6.0,WASHOUT_1,33841.3873842,33843.3873842,249,0.7140660250850633,0.7323209353995499,0.5650563323259523,0.7563025346453204,0.1427766642249576,-0.135025320545538,0.14956983440022914,-0.28987080609665977,0.16707677255967512,185.0615234375,193.900390625,12.853482055664063,1.3769624066851656,4.274513244628906,-0.266131115599798,-0.056311056303742626,-0.23417428365138251,-0.015822030987832574,-1.1538311860619241,-0.24999383429402552,-0.03609770307064108,-1.6307698669849653,-0.918779760036427,2.0503892313745604,1.6522317772619965,0.10510347477028294,0.08532697372770023,0.9256552521591392,-1.3389622364937521,-0.4351248847258534,-1.0263866140241942,-0.3518305003825124,-0.8386697655896522,0.0,0.0,0.0,0
33843.3873842,7.0,WASHOUT_1,33842.3873842,33844.3873842,250,0.9985684834096649,0.8020725527007879,0.7002138467492477,0.7097341465172344,0.28560859523804105,-0.19606853987144796,0.3020129431504123,0.021630464573855757,0.22974923770142727,327.1728515625,341.6015625,11.066770553588867,1.877664969843695,5.7359771728515625,0.9075019712763867,0.2502178557951933,0.2815559068415891,-0.1285233982202565,-0.46229869620285285,-0.574226618608037,0.7960129925167206,-0.40236990880326223,-0.5523148606422472,5.17400073570429,4.132514524837905,0.845256885271607,0.8600439661609675,2.3266288151355488,-1.1664283569849787,-1.0395523816351468,-1.1528038234152282,0.2079697033576366,-1.0648982065103334,0.0,0.0,0.0,0
33844.3873842,8.0,WASHOUT_1,33843.3873842,33845.3873842,249,0.5981407192657332,0.6719830788149006,0.3372516178213281,0.5051737753045531,0.28011617621860224,-0.07217819224561368,0.25909387036665293,-0.11255168322410598,-0.0034567614255790685,216.8681640625,212.052734375,9.129569244384765,0.5065752089030928,1.6633071899414062,-0.7443476319596544,-0.321470464112139,-1.1034250190468045,-0.623585272679619,-0.4888906926347566,0.08382046350752011,0.5617392375345643,-0.9315149244526282,-1.9159410211084205,2.749500202196974,1.9570563393128342,-1.1815287502201903,-1.2988643581591028,1.1766391353774521,-0.8927402909706164,-0.15150736356797034,-1.0610231986399032,-0.9619451541772717,-0.5813301322227655,0.0,0.0,0.0,0
33845.3873842,9.0,WASHOUT_1,33844.3873842,33846.3873842,249,0.42355710374474226,0.5238657643843354,-0.07093207596834387,0.33629544615767987,0.1923978405371988,-0.19915570580336242,0.14847095999225965,-0.1396953828114491,0.28378214300122967,160.1611328125,167.080078125,9.396949768066406,1.0127925648929619,3.2371826171875,-1.4645421385678516,-0.9723835326842611,-2.6609607213901803,-1.032292109137654,-0.9135861976930636,-0.5906241876877386,-0.042095908929044926,-1.0385556417062576,-0.2363680862512735,1.5030778548308112,1.201849715062502,-0.433223209047564,-0.46455841744145143,0.6762318924733284,-1.0488325761877293,-0.7258705661824043,-1.4111560703691284,-1.8862917052499477,-0.4929975362019704,0.0,0.0,0.0,0
33846.3873842,10.0,WASHOUT_1,33845.3873842,33847.3873842,249,0.6874547814465765,0.6676240413437717,0.44027474808596084,0.23705418772363582,0.18430195465357124,-0.2414364602058532,0.17246704718908692,-0.11746765860920266,0.22863966281763146,232.9609375,221.125,11.616222763061524,1.7909886074203807,5.582672119140625,-0.375908149517086,-0.34062659361166114,-0.7103122955458493,-1.2724684596830038,-0.9527830921340346,-0.8151996094004289,0.08888673090578418,-0.950900989698771,-0.5588028812943925,3.103219873310961,2.109403024349002,0.7171293101843733,0.7787774854478947,1.3031557244149907,-1.240080256288768,-1.0758307542834271,-1.1854111459490324,-0.6813666481083168,-0.5472674703519855,0.0,0.0,0.0,0
33847.3873842,11.0,WASHOUT_1,33846.3873842,33848.3873842,249,0.7041285125020929,0.7410062328898925,0.5179513028932469,0.5389787523975821,0.20153190126573509,-0.23074725822255132,0.1202307757807123,-0.07805228852670526,0.311481474422937,250.1279296875,262.72265625,11.630147171020507,1.6843917995165842,5.066566467285156,-0.30712546635973326,-0.01814284036872525,-0.41391631209992474,-0.5417729684365319,-0.8693628947290362,-0.7584236110272606,-0.1962449519421661,-0.7954671487489882,-0.07440169989989993,3.4805509066572062,2.807934713886202,0.5595547405220063,0.5051916577979878,1.572121405135852,-1.1837871757562066,-1.072847892054431,-1.1475923759748579,-0.5225239479409765,-0.7939266372167874,0.0,0.0,0.0,0
33848.3873842,12.0,WASHOUT_1,33847.3873842,33849.3873842,249,0.5714363557815602,0.5478531510786333,0.30638946933082145,0.5167784433977052,0.36057449570808553,0.03941327219520177,0.11528207565954475,0.026472215634634002,0.4647974321747046,183.37255859375,174.56640625,9.460696792602539,0.8119778262842368,2.7210769653320312,-0.8545088050249331,-0.8669690945394826,-1.2211879254449118,-0.5955005136199011,-0.09934515045943987,0.6765416800631191,-0.2232574311144858,-0.38327654591654325,0.8220831743737573,2.013265730483023,1.3275644284626378,-0.7300735241779068,-0.7381442450913583,1.0407283333298545,-0.30749081712541076,0.4683960133971482,-0.8282782167920971,-1.1414478050743138,-0.39907171392522034,0.0,0.0,0.0,0
33849.3873842,13.0,WASHOUT_1,33848.3873842,33850.3873842,249,0.7931112115827615,0.8206360962439521,0.6852997479973881,0.5037072103194183,0.005045783219791449,-0.15442427605564035,0.02668194344027339,-0.29470101821837985,0.3087678864448894,102.6171875,59.521484375,9.179518890380859,0.6740630478597418,2.3761520385742188,0.059947072892168496,0.3317967929890458,0.22464711399239323,-0.6271345447417157,-1.8206665246058071,-0.3530319346314762,-0.7068812449723327,-1.6498177262619365,-0.09026887128247225,0.23826010979824355,-0.6043358489723192,-0.9339432486816039,-0.9209877602221446,0.05956502744956089,-1.8325795300957193,-0.3649449401213884,-0.9666482199169375,0.1630272771791885,-0.6152085560753475,0.0,0.0,0.0,0
33850.3873842,14.0,WASHOUT_1,33849.3873842,33851.3873842,249,0.6439930720651298,0.6422609063169687,0.3519975741852395,0.7940297337586485,0.30032314800550103,-0.0336724970352854,0.11028350864641302,-0.15491621667299924,0.3344358814941962,111.544921875,30.486328125,11.106626892089844,1.7425672349932784,5.012908935546875,-0.5551969347270382,-0.4520868648998273,-1.0471578191281714,0.07548254477345717,-0.3910569840711853,0.28834455165128264,-0.25054210871216753,-1.098578740933983,0.05981967561159265,0.4344919948230672,-1.0919108370773065,0.6455513983059247,0.4767479851168372,0.12357791760866496,-0.41577256759291825,0.26362896812954967,-0.574084639986224,-0.7252979179432925,-0.35515762244763405,0.0,0.0,0.0,0
33851.3873842,15.0,WASHOUT_1,33850.3873842,33852.3873842,249,0.8451136905366156,0.8194181510843903,0.6549053300360945,0.7071249168135503,0.3426744259110102,-0.36675751510587795,0.2327048288501774,-0.08612595826705242,0.22735740216804473,116.2626953125,82.431640625,11.677669906616211,1.3251396863002916,4.220855712890625,0.2744683471870696,0.32644443817346785,0.10866896041368851,-0.1348380628854761,-0.1860098041375364,-1.4808459336295519,0.41769465675825,-0.827305527931414,-0.5663006479593081,0.5381888047721947,-0.21961537201338593,0.0284975892474307,0.05688330104654961,0.13454720119304867,-0.33822764140362116,-1.5077553738681615,-0.1924947629668317,0.2066516998347086,-0.1360500045357612,0.0,0.07924779705231993,0.0,0
33852.3873842,16.0,WASHOUT_1,33851.3873842,33853.3873842,250,1.0471711598274371,0.9916956988944349,0.950179665354541,0.3299520797935416,0.3649553978069187,-0.08949671608533795,0.2922250964339967,-0.03742068006214071,0.08507224293489596,85.953125,106.439453125,9.81392593383789,1.1168131854461918,3.633209228515625,1.1079983377772096,1.0835315331037827,1.2353683515000127,-1.0476438550501004,-0.07813465421572924,-0.008167365227111902,0.7425860320835925,-0.6352370924436328,-1.3982850999148062,-0.12801651304835357,0.18353757792516542,-0.2794568360950038,-0.25462607540630766,0.045884394481291356,-0.3100873427370653,-0.017344244123370173,0.12682295074929442,1.1408018224733116,0.24379581248497587,0.0,0.8147489869849187,0.0,0
33853.3873842,17.0,WASHOUT_1,33852.3873842,33854.3873842,249,1.086501405585531,1.112809583488966,0.8600796887291106,0.3394398079132273,0.17335229826423307,-0.29003152704133617,0.24213897527678394,-0.03773836171449392,0.12338986834837225,70.296875,52.125,8.797546768188477,0.16390132344387853,0.5161056518554688,1.270243957757075,1.6157759271585534,0.8915674292448417,-1.0246823574763158,-1.005796750160731,-1.0733136800209868,0.46919094419083723,-0.6364898646317713,-1.1742303302418213,-0.472141385146141,-0.7285418546196747,-1.6880794724941535,-1.9069919404673488,0.0,-1.1465540334179822,-1.0733136800209868,-0.4077128610686799,1.206813566658089,-0.13848971804966995,0.0,0.7632269244469263,0.0,0
33854.3873842,18.0,WASHOUT_1,33853.3873842,33855.3873842,249,0.7338144353790351,0.5197866300615398,0.25999527090606867,0.5134972878308537,0.12106269900137402,-0.32036211018122074,0.2179564925170012,-0.19598547852108303,0.20595440317235272,129.6845703125,94.4140625,9.500554656982422,1.1116821673319341,3.283172607421875,-0.18466472732779435,-0.9903096060091556,-1.3982175851975367,-0.6034413235416303,-1.2589611267500649,-1.2344154294029734,0.33719086419215366,-1.2605346759070428,-0.6914504702289404,0.8332020434268846,-0.01839967498499246,-0.2870416595731482,-0.4401792820906799,0.20830051085672116,-1.4017784881790554,-1.2760755315743177,-1.172607692512045,-0.8017822799469845,-0.574313174690583,0.0,0.0,0.0,0
33855.3873842,19.0,WASHOUT_1,33854.3873842,33856.3873842,249,0.635595416251567,0.6239062922145883,0.4209119980381306,0.6138614019504697,0.20745325206747608,-0.24376163720375396,0.4979000976341587,-0.15378162197645773,0.07126307362178079,144.71630859375,148.68359375,12.052104949951172,1.9331519100695032,6.019584655761719,-0.5898390491503539,-0.532747645401882,-0.784196125188947,-0.3605475207490479,-0.8406941899498375,-0.8275498527260178,1.8652630078861645,-1.0941044860624545,-1.4790314983786605,1.1636001281178274,0.8929254036834575,0.9272793294695052,1.0103833155959756,0.5141313829503212,-1.503099368905751,-0.930376129316082,-1.1512865299329802,-0.7235654524567153,-0.7334134635203202,0.0,0.0,0.0,0
33856.3873842,20.0,WASHOUT_1,33855.3873842,33857.3873842,249,1.262955591187875,1.3611837750302116,0.3620627110497973,0.6686352176754294,0.3125771346582424,0.06083530937352083,0.2541613221421982,0.06023349132834833,0.43918149194700934,273.1943359375,314.15234375,12.184965515136719,1.8035793876424648,5.454925537109375,1.9981549633780564,2.707275646767771,-1.0087515568153043,-0.22798798478742535,-0.33172830426853084,0.7903254358464012,0.5348149234890185,-0.2501395299388904,0.6722990077992107,3.9875512484080633,3.6715715083689497,0.7357413757257627,0.7110594625027524,2.082855441144056,-0.9087438695440475,0.3737543476175901,-1.3474617472625843,0.7751335018167149,-1.0137264426140824,0.0,0.0,0.0,0
33857.3873842,21.0,WASHOUT_1,33856.3873842,33858.3873842,249,0.7972056231267246,0.7633127836796649,0.521719475712432,0.3649749815976647,0.2490132378007327,-0.05705041492322769,0.16779958139124593,-0.25166954940292807,0.1410583025599648,214.1640625,297.501953125,9.734210586547851,1.1251609916352354,3.6945343017578125,0.0768373904225718,0.07988503354764387,-0.3995378256787964,-0.9628840195386142,-0.6394781158634777,0.16417208021259885,0.06340936926238995,-1.4801238615158445,-1.070917640192704,2.6900639639959527,3.391968604185241,-0.26711686087688524,-0.2221178653947779,1.5205081420452984,-0.9626025550512545,-0.13992954819646083,-1.0094428972092138,-0.31736062789468744,-0.5563779133651552,0.0,0.0,0.0,0
33858.3873842,22.0,WASHOUT_1,33857.3873842,33859.3873842,249,0.6894492311408859,0.6849469061989337,0.6289818458353306,0.6750105285893507,0.17965363797899192,-0.21387203283044373,0.08483172225343849,-0.014283509637172809,0.2623000667270652,161.53515625,136.8828125,8.770208358764648,0.24727899035978693,0.8482666015625,-0.3676806207810041,-0.26449991549382706,0.009750868421925733,-0.21255892903925389,-0.9752882979435873,-0.6687903745231835,-0.38947068248000954,-0.5439960547384095,-0.36198029733606146,1.5332789336133454,0.69475992015525,-1.5648281271482056,-1.7309145655890243,0.5570097134421489,-1.0866902406320171,-0.7801923172116132,-0.7344943436026652,-0.2984949155188656,-0.557264922066925,0.0,0.0,0.0,0
33859.3873842,23.0,WASHOUT_1,33858.3873842,33860.3873842,250,0.6525629413121558,0.6934955666738165,0.418238799646731,0.3385515798030056,0.1351553262182027,-0.20235276051927312,0.1773278674544975,-0.07323392344688938,0.38049030763801805,304.71044921875,262.052734375,9.95815544128418,1.4839375855436248,4.58111572265625,-0.5198444033016792,-0.22693216155986223,-0.7943964394038436,-1.0268319814263853,-1.1907305180984422,-0.6076054341487027,0.11541951789325156,-0.7764660080800931,0.329113864140468,4.680276418990389,2.7966850017296023,0.26323736362359174,0.24785589083809406,1.9515188212151149,-1.6156601377094406,-0.9979091983917256,-1.575091890894932,-0.8500829907713406,-0.9607251838516726,0.0,0.0,0.0,0
33860.3873842,24.0,WASHOUT_1,33859.3873842,33861.3873842,249,0.47536587070871894,0.4601805362806851,0.5241059560158124,0.16534677446393362,0.2625148122579981,-0.0974025707513489,0.26432533393762403,-0.15237858329140422,0.1186172659740095,189.30810546875,164.822265625,11.571638107299805,1.179694728516038,3.7686233520507812,-1.2508199673878533,-1.2522532252116345,-0.39043156217046154,-1.4460094354376452,-0.5741091375459113,-0.05015953567698581,0.5902951809725485,-1.0885716268919698,-1.2021371828766014,2.143729239253629,1.1639352332752448,-0.1865034701942251,-0.1828435151307862,0.8269161181322184,-0.9165809154641196,-0.2155427593034295,-0.8084564235809358,-1.074008094846355,-0.20866877352961996,0.0,0.0,0.0,0
33861.3873842,25.0,WASHOUT_1,33860.3873842,33862.3873842,249,0.6006126508338694,0.5895363424283018,0.46105366124135166,0.6916958545503653,0.23996687825106433,-0.19543057852878348,0.13730089077834598,-0.1990184319687542,0.2885075109096002,127.9404296875,102.23828125,10.581447982788086,1.6033113109133785,4.736968994140625,-0.7341503890467361,-0.6837890652930658,-0.631024711088617,-0.17217833773871727,-0.6832768063885643,-0.5708380689099543,-0.10306773074212842,-1.2724950761977598,-0.20873742785568006,0.7948657771115997,0.1129890914853815,0.43969915243352303,0.3304731730122082,0.2269637171492453,-0.7286695498184133,-0.6162308123398033,-0.6152653594595929,-0.7220286945830471,-0.36615644691865606,0.0,0.0,0.0,0
33862.3873842,26.0,WASHOUT_1,33861.3873842,33863.3873842,249,0.3921018268469416,0.3606251087166249,0.37531413306580413,0.830834708509724,0.22023804652374346,-0.24484097872533755,0.18091462163290123,-0.10784225182122453,0.23306094267240124,147.85791015625,140.03515625,8.946503829956054,0.4181603739394812,1.3950271606445312,-1.594301838858352,-1.6897573016112244,-0.9581871584555188,0.1645552213709827,-0.7787955607009674,-0.8332828057162645,0.1349978152578336,-0.9129433618843386,-0.532950317915769,1.2326526302098049,0.7476958834810572,-1.312226187086535,-1.4410786772491042,0.4950871284227155,-0.9183123309628606,-0.9323002314008075,-0.8683903537491319,-1.4650158625313423,-0.640975279821979,0.0,0.0,0.0,0
33863.3873842,27.0,WASHOUT_1,33862.3873842,33864.3873842,249,1.289724255160693,1.2024556298464213,1.114597000961588,0.587739630083075,0.30024251101096805,-0.1875293920483859,0.25393906654887033,-0.08056107092313158,0.2053385914911525,135.4296875,170.58984375,9.065950012207031,0.6732271313410312,2.327606201171875,2.1085813896204795,2.0097324564422667,1.8627473335328026,-0.42376550020523,-0.3914473946832146,-0.528870693659872,0.5336017413525579,-0.8053604894221208,-0.695051307778355,0.9594799016199538,1.260787711404804,-0.93517892532427,-0.9467217413497091,0.5550669032561895,-0.6625412977402199,-0.6398840743111099,-0.03747760618796764,1.9195096478657216,-0.19201552145872675,0.0,1.2251478516171737,0.0,0
33864.3873842,28.0,WASHOUT_1,33863.3873842,33865.3873842,249,0.8496951233966605,0.7784605194079696,0.48331321798830523,0.611584623101435,0.15868095113834926,-0.1430342144369852,0.12996107849506985,0.049309100392066825,0.18041045048721027,117.23486328125,113.904296875,10.862625885009766,1.516087804737862,4.292396545410156,0.29336773112039155,0.14645293739289264,-0.5460873290245916,-0.36605761245474117,-1.0768292786407936,-0.29253330050132637,-0.14313209543916638,-0.293219679629461,-0.840813703823117,0.5595570875923884,0.30889151338441884,0.31076277318984097,0.09480684984949989,0.21711215024420183,-1.120251708689634,-0.33595573055016675,-0.806938309596497,-0.06239132121248258,-0.47141523631843246,0.0,0.0,0.0,0
33865.3873842,29.0,WASHOUT_1,33864.3873842,33866.3873842,249,0.8431931671749073,0.7451346932347631,0.5962177109717438,0.526342401585036,0.05990272200850875,-0.24150629858279432,0.08274064185088781,-0.11097808277434643,-0.030886777800714072,154.572265625,146.24609375,11.256095886230469,1.1736380327537423,3.5616683959960938,0.2665457802795887,0.0,-0.11526958335713282,-0.5723545296768614,-1.5550721634742373,-0.8155705579129361,-0.40088484467180135,-0.9253094578665095,-2.0763326407544436,1.3802343765987979,0.8519935063906401,-0.19545665788424435,-0.2925496242092579,0.5580569707473595,-1.6666835576237091,-0.927181952062408,-1.0850075952191633,-0.00410729866128548,-0.7111620013383171,0.0,0.0,0.0,0
33866.3873842,30.0,WASHOUT_1,33865.3873842,33867.3873842,250,0.8074715363240202,0.8152998022997107,0.5198922953911994,0.8094988017159629,0.17242009914907602,0.015585672526243578,0.20202790096747616,-0.25322010178266013,0.16570984203044734,83.763671875,95.84375,9.511669540405274,0.931239326638587,2.9919052124023438,0.11918646348962583,0.3083460338431439,-0.4065099282596641,0.1129196384475059,-1.0103100685103228,0.5499807111381604,0.2502446486323354,-1.4862384384301586,-0.9267726171506205,-0.17614076225264744,0.005608457080987006,-0.5537776297212429,-0.5945791245403155,0.0014021142702467515,-1.0856638859540728,0.549700288284111,-0.80903320556404,-0.02718567669245902,-0.6445688248081496,0.0,0.0,0.0,0
33867.3873842,31.0,WASHOUT_1,33866.3873842,33868.3873842,249,0.695923431219641,0.6921677548412051,0.25837027420995523,0.2878058700564747,0.012630023094968473,-0.155658402315053,0.026804056296617786,-0.2870764134058726,0.08679237390193432,81.224609375,57.935546875,9.316595077514648,0.8851921593224386,2.9280319213867188,-0.34097316992722587,-0.2327673340228132,-1.404418201265485,-1.149642993348967,-1.7839468062111212,-0.3595870311303688,-0.7062146919568114,-1.6197502269779842,-1.3882269727874503,-0.23194943661980358,-0.630967820608351,-0.6218459210396988,-0.6284381360128867,0.0,-1.7839468062111212,-0.3595870311303688,-1.332275293732488,-0.691537763714734,-0.5233599672917683,0.0,0.0,0.0,0
33868.3873842,32.0,WASHOUT_1,33867.3873842,33869.3873842,249,0.9899861776834314,0.9874705606445775,0.44643768767591197,0.6954387646339202,0.10626490410791771,-0.019210450233929473,0.1694287787722249,-0.21751438269776538,0.158193241735202,69.0458984375,42.53515625,11.693894958496093,2.041954408749793,6.170318603515625,0.8720981367320034,1.0649638341556267,-0.6867959263503653,-0.1631200237020704,-1.3306058624510637,0.36516012188273156,0.07230234302191313,-1.3454335430397786,-0.9707244573208305,-0.4996378897093437,-0.8895800082316407,1.0881144167941639,1.090286861900752,0.0,-1.3522965653576378,0.36516012188273156,-0.9884941169108384,0.365058354137899,-0.6586505100067895,0.0,0.0578420245143616,0.0,0
33869.3873842,33.0,WASHOUT_1,33868.3873842,33870.3873842,249,1.1615237893457115,1.0986684795811634,0.8299224703865052,0.9574097540592414,0.2613724250231087,-0.114506989716234,0.2347139299638738,-0.22903575330314319,0.3915174261758091,96.3701171875,122.21875,12.391792678833008,1.5049158313249102,4.895378112792969,1.5797272302594574,1.5536317452105344,0.7764943752090884,0.47088278099578007,-0.5796400988885394,-0.1410101403190668,0.42866133500910436,-1.3908678718930045,0.3935927684953432,0.10094930598028283,0.4485125765058322,0.29424803004280353,0.4144453009631154,0.23576366274536456,-0.7553912319403436,-0.1881628728681397,-0.2802824994512581,1.258012084570239,-0.48510556129272453,0.0,0.7773992267598426,0.0,0
33870.3873842,34.0,WASHOUT_1,33869.3873842,33871.3873842,249,0.8600379677331287,0.7941479651338967,0.7122327724594735,0.530989311003837,0.18097827602595024,-0.2648586749474648,0.18680530624599015,-0.10293925633415286,0.2187692519516363,113.0986328125,143.453125,10.180696105957031,1.3556382672131793,4.519798278808594,0.336034161481564,0.2153926388368362,0.3274173809335339,-0.5611084233382948,-0.9688749543706349,-0.9396073648290489,0.16715211669572855,-0.8936084826450996,-0.616518165299974,0.46864261056081546,0.8050923740759535,0.07358149801699156,0.21535172514231593,0.31843374615919223,-1.0827073386111918,-1.0032941140608873,-0.5932431275425701,0.26112492183692915,-0.36847720569935016,0.0,0.0004520705454979096,0.0,0
33871.3873842,35.0,WASHOUT_1,33870.3873842,33872.3873842,249,1.6374889202336425,1.7994666313233074,1.0233826299399866,0.6831876070035101,0.14590025513820892,-0.2893630844793706,0.15618295222699288,0.07394785152567322,0.39819824034790263,85.986328125,405.37109375,8.883778762817382,0.2957541180624294,1.1446380615234375,3.543184520221038,4.633343777216015,1.5146941369096556,-0.19276936890443158,-1.1387080648787204,-1.0697632284652954,0.0,-0.19605718396123298,0.43265751388089585,-0.12728670730662922,5.203369049365541,-1.4931707526237652,-1.5738090759015544,1.4090066408116093,-1.4205093930410424,-1.3515645566276173,-0.7548582921480618,2.839893741339308,-0.8388379084403206,0.0,1.5551526323455813,0.0,0
33872.3873842,36.0,WASHOUT_1,33871.3873842,33873.3873842,249,1.2488995617498706,1.2295878982790296,0.7933165145617102,0.6595099834083655,0.06317222187934599,-0.401347920790208,0.10094694333371104,-0.15931307481564252,0.3101012575951872,94.267578125,417.576171875,9.827084350585938,1.3603521330387065,4.0828857421875,1.9401708555580606,2.128967322201804,0.636814412528116,-0.2500722015609497,-1.5392426121250586,-1.664573850823807,-0.3015057496431646,-1.1159176761714793,-0.08247224602856215,0.05473543062932622,5.4083237177812595,0.08054967458353525,-0.01625410500576487,1.3657647871026464,-1.812395569545588,-1.9377268082443364,-1.1790551568937062,1.3168906757609318,-1.0366137570393474,0.0,0.41285948423338165,0.0,0
33873.3873842,37.0,WASHOUT_1,33872.3873842,33874.3873842,250,1.4261881366240186,1.2909327180773853,1.4828922016462456,1.339418717029654,0.19112050376315542,0.012972132325973142,0.15758100371544428,-0.05638860725432853,0.31088856656912656,74.689453125,146.203125,12.931536102294922,2.216035620049226,6.809074401855469,2.671523894202203,2.398551908240664,3.268077661019263,1.395392607348137,-0.9197705282799116,0.536098818515066,0.007631263925669873,-0.7100367904337013,-0.07786861182853112,-0.3755923784909609,0.8512719505088757,1.34544643729489,1.4288891095737184,0.21281798762721893,-0.9646235049830564,0.4935352209896222,0.1345649464094055,2.7938006172517835,-0.7909574777708938,0.0,1.9400098238326857,0.0,0
33874.3873842,38.0,WASHOUT_1,33873.3873842,33875.3873842,249,0.9760380519371626,0.8210687403512243,0.854060769465923,0.8906271955402244,0.1578696489426654,-0.06225733074914267,0.18001986263076675,-0.122062354587939,0.2578702234409629,75.6611328125,113.099609375,13.557511138916016,1.7746673343968062,5.682319641113281,0.8145591545659745,0.3336980811979693,0.8686006087065195,0.3092605742818383,-1.0807572646550554,0.1365153996743147,0.13011377332407,-0.9690200950750932,-0.38788293369321936,-0.3542348281081453,0.29537873959864897,0.693002719307911,0.8316002934798169,0.07384468489966224,-1.1345603336322088,0.12174646269438225,-0.4496684950848771,0.7262247461066148,-0.5785943025295232,0.0,0.4036546862777225,0.0,0
33875.3873842,39.0,WASHOUT_1,33874.3873842,33876.3873842,249,0.9726191311126248,0.8570716282699355,0.8532634235851783,1.2451447887593632,-0.04496191393736038,-0.28170910825210643,-0.03741788449132833,-0.11425122708773046,0.18231298109469138,68.072265625,86.994140625,10.779460144042968,1.741592185657132,6.142219543457031,0.8004553797700831,0.4919155748294265,0.8655581190253507,1.1672378217195294,-2.062782885295742,-1.0291089174600145,-1.0567701500497242,-0.9382170467473796,-0.8296890307136747,-0.5210383698416724,-0.14299925656785584,0.6441100513972864,1.0753916469875318,0.0,-2.062782885295742,-1.0291089174600145,-0.9181410571563204,0.7615333775212954,-1.1985414763936615,0.0,0.34944515283364264,0.0,0
33876.3873842,40.0,WASHOUT_1,33875.3873842,33877.3873842,249,1.0707895205544116,0.9782860755132845,1.0067909360845202,1.357613357207079,0.17656812624990342,-0.19760255586903397,0.1702007492821154,-0.11660920730141129,0.02088134333724729,62.8544921875,44.81640625,8.98278350830078,0.49255305754253065,1.6863021850585938,1.2054290938071912,1.0246018992728045,1.4513840244886629,1.4394259292371776,-0.990227055638535,-0.5823745879250556,0.07651614398165736,-0.9475157015799712,-1.7736287458024933,-0.6357251956661784,-0.8512719505088757,-1.2022567111210014,-1.286674790483717,0.0,-1.0131818988330321,-0.5823745879250556,-0.194404038236002,1.255347880638829,-0.7843833579800633,0.0,0.8398627087999798,0.0,0
33877.3873842,41.0,WASHOUT_1,33876.3873842,33878.3873842,249,0.9806023548057636,0.9364271130533124,0.7370650712095077,0.7289626388973443,-0.04843961756813473,-0.22166118772046933,0.07723964415262068,-0.03253646550207516,0.15418361628000662,60.583984375,55.58984375,9.628049087524413,1.2200222056355683,3.8120574951171875,0.8333878736450981,0.8406494301991202,0.4221717585896992,-0.0819880237276695,-2.0796204721975187,-0.7101626908153902,-0.4309120401197165,-0.6159762754703335,-0.9941699526547553,-0.6856310294752699,-0.6703582121537627,-0.12689019492228681,-0.15981922555680775,0.0,-2.0796204721975187,-0.7101626908153902,-1.0382483200612105,0.6909145446865129,-0.8588518145562574,0.0,0.2759905172683169,0.0,0
33878.3873842,42.0,WASHOUT_1,33877.3873842,33879.3873842,249,0.6276334347489883,0.679783908242167,0.4769681866603585,0.7007177596191235,0.1314485401988327,-0.09777874592296229,0.13347763007190047,-0.04816248711769294,0.09608073272054604,103.041015625,73.068359375,12.238237380981445,1.809756585265458,5.6516571044921875,-0.6226839144761258,-0.2871891119324114,-0.5702985186828843,-0.1503441906453384,-1.2086772261431225,-0.052157600730383856,-0.12393699896904246,-0.6775972257086856,-1.3339151235199807,0.24757586544260732,-0.376848958248776,0.7448726928477634,0.815346188474052,0.06189396636065183,-1.2210560194152529,-0.06453639400251422,-0.8296289319392732,-0.5465341603938462,-0.5409995748879229,0.0,0.0,0.0,0
33879.3873842,43.0,WASHOUT_1,33878.3873842,33880.3873842,249,0.44071531165847583,0.5296416408403115,0.2379749290075767,0.7438801262653203,0.12374711974835295,-0.20468188806871582,0.15017887226777418,-0.013269529717527366,0.07787972284390814,82.8125,68.9765625,12.638988494873047,1.4723983779850678,4.7088623046875,-1.393760885436876,-0.9470009939709002,-1.4822421780622916,-0.045885824583066746,-1.2459642838885225,-0.6199766609404349,-0.032773269924683344,-0.5399974421863374,-1.4403419449036354,-0.19704755026557438,-0.44556075698952324,0.24617976404776437,0.31557391378323635,0.0,-1.2459642838885225,-0.6199766609404349,-1.0558409006542604,-1.3353773595625762,-0.6239837629552019,0.0,0.0,0.0,0
33880.3873842,44.0,WASHOUT_1,33879.3873842,33881.3873842,249,0.3213850561157455,0.5135725664846611,0.1302609025308006,0.587455794127272,0.1986792907396068,-0.12312657184368608,0.11770231663688395,-0.22550756768849953,0.24242305032843678,82.958984375,107.84765625,10.297331619262696,1.368929618272091,4.537681579589844,-1.8860235428320864,-1.0176177921363387,-1.8932542896024107,-0.4244524189837097,-0.8831740421786285,-0.18679329434778688,-0.21004654595441563,-1.376954531982203,-0.47820723684297894,-0.19382781905208463,0.20718493205026267,0.09322916819140831,0.2248316012641156,0.05179623301256567,-0.8935332887811416,-0.19715254095030002,-0.9777059394833719,-1.722642589014435,-0.3955099924125856,0.0,0.0,0.0,0
33881.3873842,45.0,WASHOUT_1,33880.3873842,33882.3873842,249,0.7620569714724347,0.8889834777015896,0.6120017933381048,0.9152767083056297,0.09236485133001039,-0.3123650663777465,-0.08186381659477748,-0.1613848131830128,0.27200053196287505,195.353515625,437.693359375,8.90715675354004,0.4017510515455922,1.4154739379882812,-0.06815826544446538,0.632154681359453,-0.05504113183304165,0.3689155011956345,-1.397904106187601,-1.1919389052727825,-1.2993782664929365,-1.1240875411558595,-0.30525873693984285,2.276607546434352,5.746143062425506,-1.3364829351591574,-1.43023991103476,2.0056876522149643,-1.799041636630594,-1.5930764357157754,-1.504655096158828,-0.22435782715192806,-1.4276884458305685,0.0,0.0,0.0,0
33882.3873842,46.0,WASHOUT_1,33881.3873842,33883.3873842,250,1.5921756642059848,1.6875833007082441,0.8685392909042557,0.9994615190438628,0.296647380951234,-0.15551948587673076,0.15125976753994466,-0.19103487305651878,0.4524066023838409,149.7451171875,421.576171875,9.760015106201172,1.3439071021474247,4.065010070800781,3.356257711710041,4.141663771183636,0.9238473380601107,0.5726533510929889,-0.4088535112563172,-0.35884917254293525,-0.026873203177443208,-1.2410120475320296,0.7496302369881142,1.2741335006769314,5.475494010774601,0.05624014114875618,-0.025729936811812914,1.8748144371099116,-0.7838163986782996,-0.7338120599649176,-0.668840794035515,2.3807731272607975,-0.9491140108622476,0.0,1.1578101428534728,0.0,0
33883.3873842,47.0,WASHOUT_1,33882.3873842,33884.3873842,249,0.17895829353082718,0.2087914334569266,-0.12632053149202488,0.4038996633349113,0.2788119536735258,-0.09186586623547521,0.23276613694636095,-0.08271654445788625,0.3602441737214562,67.53515625,65.84765625,12.342225646972656,1.706269640125722,5.3501739501953125,-2.4735641989328596,-2.3570022071499577,-2.87231041097441,-0.8686813849357455,-0.4952051928836151,-0.02075117319332966,0.41802930699582835,-0.8138605626136521,0.21072858262852212,-0.5328440509578016,-0.49810314437982256,0.5918952147530734,0.6555310072329958,0.05268214565713053,-0.6311504141137896,-0.03128760232475576,-1.0783808669204695,-2.5977152966393917,-0.2088723546149567,0.0,0.0,0.0,0
33884.3873842,48.0,WASHOUT_1,33883.3873842,33885.3873842,249,1.3014528560122764,1.2281261236167593,1.272037903347529,0.9866835858858497,0.1693660358643859,-0.13101649507186136,0.027079380696343865,-0.18845737876727195,0.27483483579215146,101.72265625,68.6640625,12.191097640991211,1.7782964772258871,5.1662139892578125,2.156964360028691,2.122543439655477,2.4635058405632626,0.5417291427362031,-1.0250965659865454,-0.22870084451543082,-0.7047118337453347,-1.2308477426792468,-0.2886857033867657,0.2185982845211993,-0.45080843612962807,0.6983674261014933,0.5580144658299099,0.05464957113029983,-1.0360264802126053,-0.23963075874149078,0.032399503241307706,2.2491722584716034,-0.47615672530037556,0.0,1.569970567352324,0.0,0
33885.3873842,49.0,WASHOUT_1,33884.3873842,33886.3873842,249,0.9380055865682189,0.8500493495351917,0.8741323096207502,1.157068941584695,0.06277039709777886,-0.20202659472191817,0.2448144497382959,-0.4194591153127245,0.16387085302412976,85.7421875,61.623046875,9.73523178100586,1.0350303705791306,3.541229248046875,0.6576671544218573,0.46105562427487057,0.9451890194338491,0.9540831733465387,-1.541188079708625,-0.6058729952997657,0.4837950213016188,-2.1417991583878493,-0.9375257432589186,-0.13265292599577885,-0.5690452067551144,-0.4003506237409211,-0.30338434610785064,0.0,-1.6863265860991106,-0.6058729952997657,-0.6911823674960486,0.718977501146657,-0.9649185197077069,0.0,0.36504777730345017,0.0,0
33886.3873842,50.0,WASHOUT_1,33885.3873842,33887.3873842,249,0.9969045973908596,0.8396070039030378,1.1130909605078627,1.5102716345349299,0.09336610965057618,-0.2305134151361114,0.09511346219319954,-0.1350756462142991,0.13569486007684547,97.5537109375,99.599609375,8.794864273071289,0.27493700752509836,0.9530181884765625,0.9006380879343575,0.4151659235018905,1.8570006273033783,1.8088781964462914,-1.3930564320400776,-0.7571815468660604,-0.33334780593107116,-1.0203377890774894,-1.102279314024062,0.12696473418528023,0.06867900074612159,-1.5239432241361794,-1.6753861103192678,0.04891093373285045,-1.4028386187866477,-0.7669637336126305,-0.3195388169400243,1.1309339037670938,-1.053181935551458,0.0,0.7179637825023907,0.0,0
33887.3873842,51.0,WASHOUT_1,33886.3873842,33888.3873842,249,0.6920024102416584,0.6222671846863705,0.5626033753623366,0.7364123133355541,0.22384723691555605,-0.04898489989999925,0.18491042077516226,0.033057924470491655,0.4999022188654324,71.55859375,66.921875,10.053968048095703,1.5855087738015148,4.831504821777344,-0.3571482145338544,-0.5399508310322292,-0.24353420690473984,-0.06395887287294351,-0.7613213698787697,0.2070122911612678,0.1568088845213382,-0.3573059152313114,1.0273515022395032,-0.4444087669606157,-0.48006424733571235,0.4133829129563337,0.38058628949054424,0.2568378755598758,-0.8597316103471464,0.15564471604929264,-0.629074349516943,-0.39246951649732065,-0.47071469114086567,0.0,0.0,0.0,0
33888.3873842,52.0,WASHOUT_1,33887.3873842,33889.3873842,249,0.860547361581222,0.7200644698766899,0.7732130098917586,0.6345843956441947,0.032805433463694494,-0.14597822734540283,-0.12698096901470726,-0.04075722511893978,0.19965584127875122,92.5009765625,94.501953125,12.73505744934082,1.641770427675488,5.235198974609375,0.3381355193323683,-0.11017304815799746,0.5601040325152125,-0.310395264759257,-1.6862659048380548,-0.3081705082517289,-1.5456502389741045,-0.6483947010768849,-0.7282800706833986,0.015905472194639503,-0.016923765226837983,0.49655056189461544,0.5945831688560671,0.003976368048659876,-1.687061178447787,-0.3089657818614609,-0.7888517320296446,0.32556633024099163,-0.6110079807237021,0.0,0.06933081115303322,0.0,0
33889.3873842,53.0,WASHOUT_1,33888.3873842,33890.3873842,250,1.0815630564270027,1.048352836445657,0.8719768419770617,1.9611055448667998,0.1831002602077587,0.03550152158686266,-0.01264189846730545,-0.18778679616915145,0.14182911640689222,217.6611328125,251.724609375,12.174618530273438,2.0335738762491076,5.659324645996094,1.2498722182609494,1.3325157345913605,0.9369642474467039,2.899953067867445,-0.9586011941947455,0.6557643061747555,-0.9215304325358444,-1.2282033116189321,-1.066410457999902,2.766929680499332,2.6232492061491386,1.0757260645695004,0.8194107258044311,1.3475447216621177,-1.228110138527169,0.3862553618423319,-0.8553567671122628,0.9547514234927279,-1.7797054023052232,0.0,0.22774569869003336,0.0,0
33890.3873842,54.0,WASHOUT_1,33889.3873842,33891.3873842,249,0.9411282318064861,1.0839859067755393,0.8991825613314086,1.5427178612683445,0.219277166069567,-0.11096553772575002,0.09422105018337831,-0.34243305650822725,0.44109324344338147,446.92333984375,245.35546875,9.569795989990235,0.9048133364468431,3.1605377197265625,0.6705487294767393,1.4891080360399729,1.0407750557838047,1.8874021536064842,-0.7834477421020066,-0.12219961800276358,-0.33821903680750104,-1.8380482067121913,0.6834775982408041,7.806120270294805,2.5162949456748778,-0.5928413138432294,-0.5051876134822362,2.7514732035526217,-1.333742382812531,-0.6724942587132879,-1.1612328474890963,0.5511188244639658,-1.8069462135085028,0.0,0.0,0.0,0
33891.3873842,55.0,WASHOUT_1,33890.3873842,33892.3873842,249,0.6302420985737276,0.6728452650490933,0.5941521038352919,1.2245244554412833,0.24151600108257423,-0.11107758556839516,0.44189153907320067,0.008849711485374688,0.31988677416282174,416.87109375,482.8203125,8.96400489807129,0.45384199938389436,1.6505279541015625,-0.6119226219541543,-0.3176815195884245,-0.12315146818249001,1.1173340167747687,-0.6757766013491642,-0.12279476328504706,1.559540295950534,-0.45277059104005174,-0.02525336471653183,7.1455709469726205,6.503940728251265,-1.2594805478425206,-1.305638587043068,3.412377918805971,-1.8261142738955185,-0.8052703470462412,-1.8882451973896506,-0.8938611854818215,-2.037571370309693,0.0,0.0,0.0,0
33892.3873842,56.0,WASHOUT_1,33891.3873842,33893.3873842,249,1.4560910834997174,1.2490650060728696,0.738976459596719,1.3731903959580793,0.26066073727843536,0.036141528095354127,0.29499829059667027,-0.0542664888038868,0.40085905222567114,354.4423828125,386.865234375,10.897500610351562,2.0666946821268763,6.1779937744140625,2.7948799033386145,2.214560988612368,0.4294651799081414,1.4771243258370674,-0.583085793381258,0.6591637188289173,0.7577235121744946,-0.701668252449352,0.44821608740896457,5.773385898407547,4.89260805028746,1.1246862242186557,1.0943554435468827,2.778552509025993,-1.3661133488388049,0.10345321702371879,-1.3593248175455495,1.4341380908388008,-1.7640309911479055,0.0,0.17632119827285198,0.0,0
33893.3873842,57.0,WASHOUT_1,33892.3873842,33894.3873842,249,1.1640742286911268,1.1682682398624158,0.9906449399728834,1.3771257769985332,0.05850667167764671,-0.30137875490447186,0.3306317382736434,-0.037677285309990115,0.5269997954334803,210.015625,207.46875,12.96947784423828,1.3821569595797232,4.2540740966796875,1.5902483344336609,1.859493309813716,1.389774592812713,1.4866484438421788,-1.5618312554673377,-1.1335848014483654,0.9522286831576752,-0.6362490108703184,1.1857992455726472,2.598881176029922,1.8800794459264218,0.11278221724901684,0.07449225182910753,1.4161899668822477,-2.1307378537910897,-1.4168227948248149,-1.1785096631024832,1.361503024910003,-1.6630812984420509,0.0,0.4341121914400559,0.0,0
33894.3873842,58.0,WASHOUT_1,33893.3873842,33895.3873842,249,0.992327650609379,0.8759332374835079,0.9503095366281018,0.6120703137012917,0.05499070295625545,-0.3332609883169902,0.08113258982290925,-0.044126176157687075,0.29566930788118745,209.22265625,260.91015625,11.431879425048828,2.092020205970216,5.879051208496094,0.8817572100282401,0.5748043848150408,1.2358639106033216,-0.36488218000246836,-1.5788541059386907,-1.3029281850975687,-0.40966239652384795,-0.6616801021483005,-0.16686023025800967,2.581451697727564,2.7774981748735943,1.1621231662769007,0.9358870194511164,1.3397374681502896,-1.8468015995687486,-1.5708756787276266,-1.0417092691495538,0.7433433699643354,-0.9729506367873304,0.0,0.04405101151506602,0.0,0
33895.3873842,59.0,WASHOUT_1,33894.3873842,33896.3873842,249,0.9022445912956591,0.9387355972459611,0.6715499919442504,0.6807743742094102,0.14876921707443885,0.08813906857043104,0.1475596597638237,-0.06200117157361093,0.3308265975886553,163.55908203125,351.501953125,9.181563568115234,0.5814450672264346,2.051666259765625,0.510145451029006,0.8507942436894541,0.17218118682013073,-0.19860969635139228,-1.1248177507381782,0.9353501243279916,-0.047070241145107404,-0.7321698422837244,0.038715098660016656,1.5777648865463958,4.29876755959535,-1.0708539004007636,-1.092996553454338,1.4788118862004407,-1.4205801279782664,0.6395877470879034,-1.2358942946507048,0.2381659341579232,-1.0672652424540119,0.0,0.0,0.0,0
33896.3873842,60.0,WASHOUT_1,33895.3873842,33897.3873842,250,1.3921727052120072,1.5720354125379574,0.8053757961313158,0.5655899377591356,0.11865018636246374,-0.2151451426345882,0.13683260324263344,-0.16875906138422087,0.09131282346623508,146.8857421875,351.97265625,9.037461471557616,0.6541922339491094,2.37359619140625,2.5312030126021026,3.633879581704508,0.6828298753578258,-0.47737054665475365,-1.2706415042410704,-0.6755525332214555,-0.10562387821426653,-1.1531677634049915,-1.3617945340593567,1.2112843473896109,4.3066718763001335,-0.9633168763950597,-0.9223426059989376,1.379489055922436,-1.5465393154255576,-0.9514503444059427,-1.0247614186252094,1.8978843699987213,-0.8528387964720308,0.0,0.8476689640895758,0.0,0
33897.3873842,61.0,WASHOUT_1,33896.3873842,33898.3873842,249,0.524457341726039,0.5357797278222036,0.43511262529813627,0.42159494619860216,-0.043109476213960995,-0.4476178478908276,0.018789478344432328,-0.059794259736977426,0.267663463146905,116.609375,62.96484375,11.348970031738281,2.240002833924212,6.1396636962890625,-1.0483072193130576,-0.9200266929048425,-0.7300097765188645,-0.8258565706686684,-2.0538141563701777,-1.9103378760424523,-0.7499622649977223,-0.7234669230243715,-0.33061889285066026,0.5458088353107872,-0.5465129844472894,1.3808754851868796,1.0740368012107389,0.1364522088276968,-2.0811045981357172,-1.9376283178079916,-1.361223025311285,-0.9317148403776015,-0.7441706063334753,0.0,0.0,0.0,0
33898.3873842,62.0,WASHOUT_1,33897.3873842,33899.3873842,249,0.5190920376077581,0.5594406989520898,0.4699635358634055,0.9274068832810994,-0.025471891402022228,-0.23451143737975608,-0.080930309060802,-0.11620874739488443,0.17997568699061559,86.7021484375,35.560546875,12.939968490600586,1.3329778887711197,4.205528259277344,-1.0704402387303558,-0.8160467133679435,-0.597026665506711,0.3982720531283278,-1.9684203452413251,-0.7784171549830796,-1.2942827157015566,-0.9459364947556389,-0.8433558977623449,-0.1115529541100425,-1.0067016470398549,0.04008425310308687,0.04875827070154299,0.0,-1.9684203452413251,-0.7784171549830796,-1.2318878562594067,-0.8538667830295976,-1.0179796835757475,0.0,0.0,0.0,0
33899.3873842,63.0,WASHOUT_1,33898.3873842,33900.3873842,249,0.7605693986464117,0.8213642013009219,0.3012216144594533,0.6980141906908044,0.08456825917534008,-0.12969063448197157,0.026251661381319957,-0.11363810602828987,0.20479537272553455,74.21875,49.77734375,10.96929702758789,1.858429455659744,5.572456359863281,-0.07429481940621191,0.3349965073418016,-1.2409072787389035,-0.156887168121617,-1.4356519455320187,-0.22165849852812283,-0.7092299395529533,-0.9357992142866773,-0.6982276725478108,-0.38593844812364136,-0.767965044159712,0.8168223764962043,0.7733621466564742,0.0,-1.4356519455320187,-0.22165849852812283,-1.0998353897273363,-0.40075091482305125,-0.6585882806549546,0.0,0.0,0.0,0
33900.3873842,64.0,WASHOUT_1,33899.3873842,33901.3873842,249,0.6113180723285723,0.6222180192677209,0.39907448569175646,0.6653524124417792,0.1211438061579451,-0.3284836599349849,0.20217092228853784,-0.2382433890089997,0.16167818644618925,87.0478515625,64.416015625,9.023792266845703,0.5127417003019579,1.811492919921875,-0.6899882508735619,-0.540166892291805,-0.8675230822607991,-0.23593278711067772,-1.2585684398100285,-1.2775532704062253,0.251025330500661,-1.4271780265568363,-0.9503469293263967,-0.10395438844620662,-0.5221440744404277,-1.1724132593569012,-1.2203116133153677,0.0,-1.3338760389602269,-1.2775532704062253,-0.9505125919933246,-0.7221611701427435,-0.5670111235531958,0.0,0.0,0.0,0
33901.3873842,65.0,WASHOUT_1,33900.3873842,33902.3873842,249,0.8729639363083576,0.7799803095033435,0.8105569516652672,0.6051959288738462,0.21088772255075605,0.028620949101653803,0.09214271255867779,-0.07196985117151819,0.029626840610940005,171.224609375,155.857421875,9.148731994628907,0.8213299939471226,2.805389404296875,0.3893565281463255,0.15313177327624994,0.7025999809409299,-0.38151905750838483,-0.8240659198718217,0.6192179509990425,-0.34956364254752836,-0.7714811605805558,-1.7224911725267809,1.7462534209483158,1.0133924379434884,-0.7162488719780068,-0.6934505117201946,0.6899114647229511,-0.9620482128164118,0.48123565805445234,-0.6222015196054224,0.3482600659419793,-0.5398767681465217,0.0,0.0,0.0,0
33902.3873842,66.0,WASHOUT_1,33901.3873842,33903.3873842,249,0.7904842436207918,0.6497320221716538,0.4757891747527673,0.7525619184205907,-0.07311166110728516,-0.30866545377414883,0.027770041905152257,-0.07413781656518423,0.02350722656840283,270.3115234375,120.609375,11.290843963623047,1.8164538588368457,5.2837371826171875,0.04911027191516708,-0.4192544646816165,-0.5747973587088349,-0.024874793597079174,-2.199072191274097,-1.1722883083908688,-0.700941859598333,-0.7800304952050544,-1.7582744106578685,3.9241869381265846,0.4214870289342925,0.7547728016941275,0.62031310566788,1.0864184917652193,-2.416355889627141,-1.3895720067439128,-1.744299701913441,-0.4258931198873732,-1.3708029526404228,0.0,0.0,0.0,0
33903.3873842,67.0,WASHOUT_1,33902.3873842,33904.3873842,249,1.0807359186617895,1.0839626318839668,0.4486080368457767,1.4109142503672203,0.160744214472272,-0.19872819475932946,0.15015560327224883,0.051975195800784774,0.2671490761549735,212.642578125,154.18359375,11.692745590209961,1.479406660009878,4.384376525878906,1.2464600992431538,1.4890057527171057,-0.6785143698598762,1.5684208069927668,-1.0668398202583271,-0.5883534506974147,-0.032900283734693926,-0.2827059777703066,-0.333626669500605,2.6566216891251724,0.985284556549302,0.2565396148336213,0.14356512055104287,0.9104765614186185,-1.2489351325420508,-0.7704487629811385,-1.0841620557177518,0.4846566815390909,-1.298342608073607,0.0,0.0,0.0,0
33904.3873842,68.0,WASHOUT_1,33903.3873842,33905.3873842,249,1.0642218198268119,1.039614702184777,1.0486970024000482,0.8626941288030228,0.03764502128009614,-0.14448050694862288,-0.0812970147649958,-0.014513394054704623,0.11749379203734041,99.150390625,72.083984375,9.66535301208496,1.0508048066057611,3.615325927734375,1.178335932911487,1.2941153233550977,1.611287997685682,0.24165903300412947,-1.6628346441330428,-0.30021532404397644,-1.2962843787553628,-0.544902600025608,-1.20870647550363,0.16205980441231882,-0.39337914754010617,-0.37703238356616703,-0.2641059515281073,0.040514951103079705,-1.6709376343536588,-0.3083183142645924,-0.5263224372488619,1.3469477910057155,-0.7134625997401678,0.0,0.8294959760336126,0.0,0
33905.3873842,69.0,WASHOUT_1,33904.3873842,33906.3873842,250,0.7278839765244166,0.829506745120162,0.6449097720141788,0.38985173952572977,0.017529419562697584,-0.17404636657281297,0.13665191331581267,-0.14908656093608494,0.06639843554612401,92.94921875,109.0078125,8.696113204956054,0.23827585556560454,0.8635940551757812,-0.20912913010703835,0.37077955001807905,0.07052819506503495,-0.9026791306966047,-1.760225977023248,-0.45725522286398296,-0.10661017416378599,-1.0755895927740904,-1.5074765116544673,0.025757849707918223,0.22666694085790176,-1.5781368285878015,-1.722789535244018,0.063106197641455,-1.772847216551539,-0.469876462392274,-0.9732104697474515,-0.004733259918007472,-0.5169742827216341,0.0,0.0,0.0,0
33906.3873842,70.0,WASHOUT_1,33905.3873842,33907.3873842,249,0.9265430112652234,0.8437884542598201,0.8362515455355741,0.5198771713188486,0.08227046560256272,-0.27333328374399624,0.06596006269902378,-0.030384093393134463,0.022043087691224858,81.1142578125,101.9453125,9.446644592285157,1.2003191844957117,3.5693359375,0.6103815959221965,0.4335416326030104,0.8006446797348945,-0.5880012015880225,-1.4467769012705178,-0.984620488914153,-0.49248163448339444,-0.6074884326987038,-1.76683567444589,-0.23437496746729922,0.10806939229153324,-0.15601578637492586,-0.2884850868788788,0.02701734807288331,-1.4521803708850944,-0.9900239585287297,-0.6052923710712992,0.6375530803818711,-0.41598031317152306,0.0,0.3198252124384732,0.0,0
33907.3873842,71.0,WASHOUT_1,33906.3873842,33908.3873842,249,1.0782283163860567,0.9403824458784072,0.8127729735247995,0.739774689953484,0.057025614041122316,-0.30018585258327896,0.1634115658108043,-0.21858753065268197,0.24030261361600244,64.29443359375,102.505859375,11.837996673583984,1.766428528662881,5.753852844238281,1.2361157070826885,0.8580314482049453,0.7110558139786244,-0.05582149777314935,-1.5690019172916654,-1.127248667062169,0.03945738660587592,-1.349665483731721,-0.49060607299433207,-0.6040752378375738,0.11748241674909624,0.6808238718022073,0.8695197979670155,0.02937060418727406,-1.586713254110883,-1.133122787899624,-0.7022709873131482,0.9723223020926264,-0.640709394567062,0.0,0.5342972931647539,0.0,0
33908.3873842,72.0,WASHOUT_1,33907.3873842,33909.3873842,249,0.4813478910526616,0.4426849085291955,-0.022121929722273198,0.3239286226782688,0.12218976684497398,0.005429643380110656,0.12032709425787014,-0.28194768973597356,0.27442096703537505,110.65234375,82.478515625,11.712290573120118,1.7774944945569466,5.232635498046875,-1.2261428625102309,-1.3291391233262417,-2.474712356814329,-1.062221380269353,-1.2535043354948,0.49603667535518453,-0.1957191975431459,-1.599525192492352,-0.29110571944918506,0.4148730992955362,-0.21882822014237022,0.6971819114841229,0.5932242787635225,0.10371827482388404,-1.2742479904595767,0.4752930203904077,-1.4405026567404022,-1.69929917890345,-0.5157712552655056,0.0,0.0,0.0,0
33909.3873842,73.0,WASHOUT_1,33908.3873842,33910.3873842,249,0.5895017366450569,0.6514983769622038,0.43989358864766537,0.42696034599491683,0.00973736471919678,-0.24203267667255526,-0.010696033758048947,-0.23334838217179843,0.2074651818084904,181.83154296875,160.462890625,9.441790008544922,0.8470878963944499,2.8539352416992188,-0.7799852707353658,-0.41149208105128854,-0.71176671286448,-0.8128716270813996,-1.7979518486040988,-0.8183664300102756,-0.9109089301930147,-1.4078746504223698,-0.6826164896340039,1.9793941581171106,1.0907301092707828,-0.6781727750163989,-0.66771653059263,0.7675310668469734,-1.9514580619734936,-0.9718726433796703,-1.4431263790132849,-0.7975397975707863,-0.855863738590344,0.0,0.0,0.0,0
33910.3873842,74.0,WASHOUT_1,33909.3873842,33911.3873842,249,0.589269440392693,0.4564615300554127,0.45610682326768465,0.4021943894841668,0.15904567262584232,-0.05694943654039145,0.07828693092412448,-0.1693112275566164,0.3653745835662738,247.39990234375,159.76953125,8.668519210815429,0.19371822445161216,0.7281723022460938,-0.7809435421307592,-1.268596687577513,-0.6499007144050662,-0.872808362531706,-1.0750634496937068,0.16470842974632377,-0.4251954253703836,-1.1553452213062705,0.24072764399270435,3.4205887790246483,1.0790868211786753,-1.6440032432209528,-1.7945761398352909,1.1851008110490069,-1.3120836119035082,-0.07231173246347761,-1.1803963679104479,-1.0103743031734684,-0.663901828998954,0.0,0.0,0.0,0
33911.3873842,75.0,WASHOUT_1,33910.3873842,33912.3873842,249,0.6448475901165047,0.5598751201742118,0.320613117872893,0.7008092652431295,0.14371620191938705,0.04367827582406657,0.2750580754551454,0.005422025197493889,0.1685207364909424,318.646484375,226.466796875,9.617573928833007,1.2833534634307053,3.983245849609375,-0.5516718662115236,-0.814137615489472,-1.1669137328230084,-0.15012273550485639,-1.1492823373798622,0.69919536735168,0.6488798495936764,-0.4662876135665711,-0.9103364652720703,4.986590914204428,2.1991055396501684,-0.03327204734837871,-0.06907286872193535,1.7964241134636492,-1.703231114950695,0.3399105446589501,-1.7455936837263366,-1.0889632864006802,-1.312602339156908,0.0,0.0,0.0,0
33912.3873842,76.0,WASHOUT_1,33911.3873842,33913.3873842,250,0.9823848271656266,0.8464904574155242,0.6823331319253866,0.8209939446494868,0.13126170002488138,-0.15286836542154594,0.20219106044519283,-0.29997015085951967,0.18394200338644087,136.30078125,131.919921875,12.10026741027832,1.6854009885768444,5.245414733886719,0.8407409508392172,0.4454157958102795,0.21332718495654845,0.14073933281994094,-1.2095818281448025,-0.3447676713339787,0.2511352546269755,-1.6705964611354653,-0.820163643625316,0.9786265699028396,0.6114202158114607,0.5610465537855139,0.5999985076474876,0.3975116964285751,-1.3644247438186101,-0.4242700106196937,-0.7964797369682423,0.48245434731020936,-0.7301714965193409,0.0,0.09891975643778304,0.0,0
33913.3873842,77.0,WASHOUT_1,33912.3873842,33914.3873842,249,0.5606518240161387,0.37207051650208994,0.43800604215614425,0.4296061450308996,0.2969356077369859,-0.1312604340133506,0.2003634684422427,-0.006557763482775685,0.14385977067434486,188.4931640625,102.705078125,11.943134689331055,1.7653377664210281,5.189208984375,-0.8989972898728386,-1.6394595661213691,-0.7189691589570277,-0.8064684600240101,-0.4074580376715147,-0.22999653309599852,0.24115934384102533,-0.5135297062944506,-1.0545366070169666,2.1258168012692473,0.12082781220091304,0.6792114746371906,0.5702040335052957,0.5616611533675401,-0.5921380714973303,-0.34232876376950655,-0.6458335174046737,-1.068329072307142,-0.2094914934666725,0.0,0.0,0.0,0
33914.3873842,78.0,WASHOUT_1,33913.3873842,33915.3873842,249,0.8590827278187829,0.9704168135242945,0.5927196776100936,1.3885796403415411,0.18888037916035202,-0.12082585221064526,0.3943050060870478,-0.05762056465043667,0.043365790323358654,146.1474609375,60.662109375,9.572095108032226,0.9863405980200672,3.2601776123046875,0.3320935938816108,0.9900198148733967,-0.128617279337281,1.5143682364040303,-0.9306162749780312,-0.1745729570067301,1.2997892098677333,-0.7148949934535586,-1.6421553693514084,1.1950569020736226,-0.5851818201109367,-0.47232529267169393,-0.4523688497660657,0.29876422551840565,-1.3803058830420323,-0.2343258021104112,-0.8660136118870395,0.257615398625595,-1.1446584839092597,0.0,0.0,0.0,0
33915.3873842,79.0,WASHOUT_1,33914.3873842,33916.3873842,249,1.2537448192380551,1.206590480717949,0.6053491159355335,0.8298341622890792,0.16201739447167496,-0.16790063316169415,0.12938060394777406,-0.03671041167470519,0.3961140102000126,158.865234375,133.103515625,8.649356842041016,0.21720469173665605,0.7792739868164062,1.9601585721354686,2.027903380477863,-0.08042622861257374,0.16213377344077431,-1.0606756150362802,-0.42461198619424007,-0.14630061570407785,-0.6324361611487285,0.42047038848646157,1.474593966028805,0.6312958005546075,-1.609284849226734,-1.7674873129309332,0.6315900387674686,-1.186993622789774,-0.5509299939477338,-0.8308505593793863,1.1647643477270124,-0.7387688664675047,0.0,0.5228469237795377,0.0,0
33916.3873842,80.0,WASHOUT_1,33915.3873842,33917.3873842,249,1.1458988469102738,1.1193605122757722,0.4957848725186519,0.9900726700872908,-0.05327712562080134,-0.37764096852304696,0.034675825812313196,-0.1981660142850598,0.23251499390086505,175.58544921875,127.3828125,9.15447998046875,0.9265949897896896,2.8999252319335938,1.5152710229888582,1.6445644936742958,-0.4984983452071324,0.549931153553448,-2.103041663556105,-1.5386537039825607,-0.6632466387538106,-1.2691335815728755,-0.5361426458572799,1.8421048191739064,0.5352304742960641,-0.5606430264880257,-0.6433373952418585,0.5943338233674926,-2.2219084282296033,-1.6575204686560592,-1.4952576776699384,0.7471603647522251,-1.3242330586258984,0.0,0.10509395511907134,0.0,0
33917.3873842,81.0,WASHOUT_1,33916.3873842,33918.3873842,249,0.7003395762211678,0.7337754386897176,0.1164639236304379,0.6455683401851267,0.14022081974461204,-0.30919811994089885,0.15268480005917884,-0.2646181797614225,0.17260573691122655,117.5810546875,73.693359375,11.614306259155274,2.0618610058890745,6.4334869384765625,-0.3227556335278694,-0.04991912836816599,-1.9459004083688944,-0.2838127349116852,-1.1662055164000336,-1.1751175797868145,-0.01909466329763945,-1.5311865649091456,-0.886450229671497,0.5671663856936027,-0.3663535999685664,1.1175409403397403,1.2297914894371673,0.14179159642340067,-1.1945638356847137,-1.2034758990714947,-1.1789331108246663,-0.8575577431537975,-0.5963169272227553,0.0,0.0,0.0,0
33918.3873842,82.0,WASHOUT_1,33917.3873842,33919.3873842,249,1.0461142648289383,0.8935388836653824,0.7369818681511935,0.5429595444216886,0.2847660082172114,0.1687544471631937,0.18100415643624412,-0.38612631828943905,0.23694567180570997,72.19580078125,47.162109375,13.906652069091797,1.2454797327496065,3.9883575439453125,1.1036384213571662,0.6521737674864441,0.42185427473172,-0.5321389501288604,-0.46637815025983054,1.3635409856275562,0.1354865409739368,-2.0103518407530108,-0.5102351292313652,-0.4304029361819352,-0.811881558963464,-0.08925812170595787,-0.06636317716834927,0.0,-0.5070241125520116,1.3635409856275562,-0.4461078903461877,0.7747210392641156,-0.30852366915762575,0.0,0.45308314941564337,0.0,0
33919.3873842,83.0,WASHOUT_1,33918.3873842,33920.3873842,250,0.8706860615949387,0.8035229902386724,0.612764331435598,0.7393605298437637,0.10193820722847728,-0.2081079606429762,0.032219447624311136,-0.24908179981382655,0.27631902840452294,72.83251953125,61.265625,12.37978401184082,2.244318450590321,6.34661865234375,0.37995981098904585,0.2565919164658594,-0.052131460698910684,-0.05682381742591972,-1.3515539196864648,-0.6381743422272542,-0.6766547788750776,-1.4699191150626614,-0.2800071793308808,-0.41640783784063296,-0.5750472397716092,1.3872549580094016,1.1837429102892105,0.0,-1.3515539196864648,-0.6381743422272542,-0.7563875210022833,0.20405428699362377,-0.5775159109287343,0.0,0.0,0.0,0
33920.3873842,84.0,WASHOUT_1,33919.3873842,33921.3873842,249,0.5061054340337755,0.567506536577965,0.44096453856396584,0.5305106903331797,0.10259753528415293,-0.19951197211552477,-0.06121495746688804,-0.2944405836749419,0.14804195428415662,49.93359375,32.25390625,9.569156646728516,0.9424918082634971,2.933135986328125,-1.124012737647679,-0.780600762029661,-0.7076802127042872,-0.5622667456710415,-1.348361728915526,-0.5925165062716088,-1.1866664707754218,-1.6487907070732841,-1.0300821118514871,-0.9197269535707333,-1.0622286519410886,-0.5371438769424625,-0.6257324887750522,0.0,-1.348361728915526,-0.5925165062716088,-0.9185190040796112,-0.9096139587938882,-0.46545824599324814,0.0,0.0,0.0,0
33921.3873842,85.0,WASHOUT_1,33920.3873842,33922.3873842,249,0.7323060204148214,0.757613706515142,0.564222712259813,0.41299890283533675,0.13815701722210585,-0.22265609954137847,0.1638207800685018,-0.3450577687420386,0.027844968347181517,38.623046875,56.841796875,8.985978317260741,0.6115468986958839,2.3250503540039062,-0.190887259537764,0.054839995299074344,-0.2373551873350824,-0.8466600787730197,-1.1761975853081785,-0.7154471930648215,0.04169108259521016,-1.84839871472557,-1.7329103197295372,-1.1683331330016573,-0.6493346975987179,-1.0263564784504893,-0.9480765871265021,0.0,-1.1887049100867415,-0.7154471930648215,-0.7131264973814785,-0.15800558329945774,-0.2808950737394861,0.0,0.0,0.0,0
33922.3873842,86.0,WASHOUT_1,33921.3873842,33923.3873842,249,0.9702200746760052,0.913862076826016,0.7896365280402652,0.7408295539673114,0.15588048378798824,-0.20607965489688648,-0.06299031546443803,-0.21897567879457316,0.359545409027045,54.08056640625,55.41015625,10.928033828735352,1.958850087372221,5.8356170654296875,0.7905587622579507,0.7414856219055527,0.6227724248679074,-0.05326859393899395,-1.0903879706351403,-0.6274009389441865,-1.1963572622475298,-1.3511961393217966,0.20664269366822025,-0.8285763629168377,-0.6733756276593229,0.9652671389472293,0.912862729877138,0.05166067341705506,-1.1007201053185514,-0.6377330736275975,-0.46261812006249026,0.7142698150883977,-0.4402221181129008,0.0,0.39713311186596933,0.0,0
33923.3873842,87.0,WASHOUT_1,33922.3873842,33924.3873842,249,0.5563584189612788,0.5433440713565196,0.42793821163533585,0.5990835078762256,0.2119164191559835,-0.2363627678508244,0.06968695690962289,-0.22424922267229827,0.0217604857086326,41.708984375,40.48046875,12.845050430297851,1.1627854738882244,3.5488967895507812,-0.9167084979144785,-0.8867845963911126,-0.7573856996466258,-0.39631188653302857,-0.8190854010223121,-0.7882505490921788,-0.4721383827655079,-1.3719922698317066,-1.768488133893353,-1.100504128770806,-0.9240834985778298,-0.21149923295377973,-0.2993198087774715,0.0,-0.8190854010223121,-0.7882505490921788,-0.6398433954739281,-0.8549607382160569,-0.28679290321526707,0.0,0.0,0.0,0
33924.3873842,88.0,WASHOUT_1,33923.3873842,33925.3873842,249,0.7532125476921961,0.6746421317104713,0.5478467905190851,0.5119010717551232,-0.0488851717472361,-0.2089163623076336,-0.03918567608261564,-0.029496886384692493,0.1613847426008819,84.7705078125,94.771484375,11.406840515136718,1.9088431042960632,5.549461364746094,-0.10464339265204596,-0.30978504916652255,-0.2998419626718441,-0.607304367579968,-2.0817776592400494,-0.6424681905116401,-1.0664196402939188,-0.6039897469638986,-0.952062784431269,-0.15401047637859436,-0.012397641968497592,0.891345330280591,0.7611725789810885,0.0,-2.0817776592400494,-0.6424681905116401,-1.2199382032499884,-0.21399122346187063,-0.7473265383105215,0.0,0.0,0.0,0
33925.3873842,89.0,WASHOUT_1,33924.3873842,33926.3873842,249,0.5791142058224994,0.5761553151536912,0.4533328021554696,0.6112412642655707,0.07596438675061118,-0.24734127864100192,-0.03753690974783174,-0.08799491930870816,0.10021460087451385,122.4423828125,79.794921875,9.218738555908203,0.7420653870494401,2.5524444580078125,-0.8228360423458883,-0.7425930313077687,-0.6604857450838163,-0.366888584103294,-1.4773082984084467,-0.8465632193679057,-1.0574198494017877,-0.8346757439837315,-1.3097431434689937,0.6740185322319501,-0.2638926647580202,-0.8334201697586242,-0.8275357561494378,0.16850463305798752,-1.5110092250200442,-0.8802641459795032,-1.0383026682964753,-0.7752405310552373,-0.6365127859607413,0.0,0.0,0.0,0
33926.3873842,90.0,WASHOUT_1,33925.3873842,33927.3873842,249,0.6089198338532007,0.6695553433589143,0.08860737497560037,0.42590344526417073,0.004036093597220482,-0.05836049361444044,-0.05271982172612376,0.02933618074875313,0.29575541502377406,119.1455078125,142.603515625,8.862826538085937,0.47331636138954575,1.757843017578125,-0.6998814941217598,-0.3321393365624167,-2.0521946325970957,-0.8154294600271398,-1.8255550195923897,0.15721356022605432,-1.1402957730881906,-0.3719825482424889,-0.166356735696662,0.6015531150536735,0.7908252464137935,-1.2306929671181603,-1.2487512416807667,0.34809459036686674,-1.895173937665763,0.08759464215268097,-1.6599368998876967,-1.1518568496312886,-0.8216656826597867,0.0,0.0,0.0,0
33927.3873842,91.0,WASHOUT_1,33926.3873842,33928.3873842,249,0.660070588786894,0.6693761833557943,0.4826536527768789,0.43217393768345996,0.3090866606780824,-0.2334051853681369,0.2900188919081491,-0.19987680936632268,0.15883902533136207,58.607421875,87.037109375,10.647877502441407,1.8219124420256128,5.544349670410156,-0.48887376236998625,-0.3329266691429767,-0.5486040791555988,-0.800254078243886,-0.34862771986256386,-0.7725412661646139,0.730543464874999,-1.2758800728528537,-0.9669483649003082,-0.7290759359826252,-0.1422777006860914,0.762841841601143,0.7584628874275023,0.0,-0.5677907593250635,-0.7725412661646139,-0.44943593741768467,-0.47858995459954873,-0.042619988678774465,0.0,0.0,0.0,0
33928.3873842,92.0,WASHOUT_1,33927.3873842,33929.3873842,250,0.9760299484133224,0.8507640894881586,0.49270818985567183,0.4841395454169788,0.13458353126188186,-0.14518416590132607,0.13422091075766987,-0.18932634877519675,0.1377996618190408,49.0048828125,33.259765625,12.546754074096679,1.2832804536709828,4.057334899902344,0.8145257258084332,0.4641966046376685,-0.5102382632030765,-0.6744907594765952,-1.193498910201166,-0.3039528284541608,-0.11987980141171777,-1.234274511112962,-1.0899719002825776,-0.9401400494642584,-1.0453376847088764,-0.03337997254516153,-0.029798518457943658,0.0,-1.193498910201166,-0.3039528284541608,-0.7839839664114104,0.2807925054202519,-0.35169843682022384,0.0,0.03975796051189423,0.0,0
33929.3873842,93.0,WASHOUT_1,33928.3873842,33930.3873842,249,0.5403213030959632,0.43521201812308835,0.46452045848353196,0.5953942920294133,0.015267757677732354,-0.41158887559129004,0.04170293687830471,-0.22424988327094905,0.08741179158490293,53.3984375,74.67578125,11.255584716796875,1.905355697373028,5.8075103759765625,-0.9828650081549873,-1.3619793219488183,-0.6177962050026692,-0.405240253750886,-1.7711759982365445,-1.7189689716227423,-0.6248891536235763,-1.3719948748912407,-1.384605049852735,-0.8435695779343217,-0.34985620867186196,0.8861901417159316,0.8979634706481662,0.0,-1.7711759982365445,-1.7189689716227423,-1.128595850280767,-0.9309137898104423,-0.6919296859158893,0.0,0.0,0.0,0
33930.3873842,94.0,WASHOUT_1,33929.3873842,33931.3873842,249,0.8723337686177607,0.8482274775400838,0.7584179856972061,0.35567070281397345,0.20714243777864855,-0.13353865929777434,0.05850426330098395,-0.11323996226079883,0.11436853380263035,54.3037109375,97.765625,9.176837158203124,0.6055399470682516,1.8983688354492188,0.38675695253520365,0.45304926596733275,0.5036496009672353,-0.9854015466033145,-0.8421990227803688,-0.24209739106876527,-0.5331791148360792,-0.9342291411172051,-1.2269808076521012,-0.8236716390349549,0.037881683792631536,-1.0352361328821778,-1.174258989851659,0.009470420948157884,-0.8440931069700004,-0.24399147525839684,-0.3407064138287309,0.43950727903061687,-0.04467815575682005,0.0,0.23761972836605405,0.0,0
33931.3873842,95.0,WASHOUT_1,33930.3873842,33932.3873842,249,0.6426557855294953,0.6530642454775765,0.6666289806115467,0.5138478293761968,0.1402565459718061,-0.18328486304118127,0.07482441383942512,-0.10434417368173086,0.2153438933439695,49.263671875,103.755859375,9.73318862915039,1.2752852584263523,3.9398117065429688,-0.5607135258106343,-0.4046107499642366,0.15340373206400892,-0.6025929688310642,-1.1660325449456148,-0.5063257579027993,-0.4440955745700032,-0.8991487502892691,-0.6365472752880434,-0.9344518576537599,0.13847313330951544,-0.04519870778511589,-0.0920971582959138,0.03461828332737886,-1.1729562016110906,-0.5132494145682751,-0.6154295487019423,-0.28474467288433647,-0.3318900136749693,0.0,0.0,0.0,0
33932.3873842,96.0,WASHOUT_1,33931.3873842,33933.3873842,249,0.7367557342852614,0.6148964970055819,0.7573534558735086,0.5161979464115865,0.12660834314376287,-0.12546718875801732,0.04658609104921906,-0.19883986784318028,0.13840307916710912,47.3193359375,53.734375,12.326385116577148,1.7760390358429103,5.508575439453125,-0.17253124442199333,-0.5723418918223432,0.4995875984133739,-0.5969053894732361,-1.2321114365270345,-0.1992255472257731,-0.5982344570148981,-1.2717909116082682,-1.0864435361556457,-0.9771884232941476,-0.701516307048135,0.6950304091545917,0.7394990908681515,0.0,-1.2321114365270345,-0.1992255472257731,-0.5527643904865255,-0.017251778909684767,-0.3287529117377709,0.0,0.0,0.0,0
33933.3873842,97.0,WASHOUT_1,33932.3873842,33934.3873842,249,1.0798230161985578,0.9210141015219695,1.090262730624886,0.5387967306801701,0.013469241970049011,-0.32366110373639156,-0.018036068535016114,-0.34202530045674706,0.1413680318407147,61.2998046875,35.048828125,12.50663948059082,1.5953922465668344,4.767631530761719,1.242694182624194,0.7729157511868195,1.769893318498536,-0.5422134839287559,-1.7798836593075902,-1.251938126889097,-0.9509745093718454,-1.8364402276644383,-1.0691065592107654,-0.6698972762786831,-1.0152947216317765,0.4279929561498458,0.3467272780179731,0.0,-1.7798836593075902,-1.251938126889097,-0.5364626829945407,1.333258193892739,-0.5054167233622855,0.0,0.8259881991260091,0.0,0
33934.3873842,98.0,WASHOUT_1,33933.3873842,33935.3873842,249,0.7655701957194649,0.7490845416735339,0.6159204621515059,0.4647254311254866,0.07029140701212536,-0.11539271165273143,-0.0395842403869751,-0.16404309829521216,0.26218244255101947,60.2822265625,48.572265625,10.13802719116211,1.2234904559581767,4.093109130859375,-0.053665468994791084,0.017357916443187574,-0.04008838708749402,-0.7214753623844657,-1.504774494346915,-0.1457146774121271,-1.0685952035139021,-1.1345704432436483,-0.36266808154469954,-0.6922636757750588,-0.7882014068437411,-0.12176332421374163,-0.010834721898592706,0.0,-1.504774494346915,-0.1457146774121271,-0.8376480686626768,-0.03470881323964138,-0.44440175675440396,0.0,0.0,0.0,0
33935.3873842,99.0,WASHOUT_1,33934.3873842,33936.3873842,250,0.868106203631698,0.8588354097849428,0.710161433518298,0.24821564186673445,0.04699767954104964,-0.09032046562703522,-0.02484104555634609,-0.30223132091228744,0.2639173928542906,85.50732421875,114.486328125,8.869852447509766,0.34861907476201126,1.3004989624023438,0.3693173487659402,0.49966665000006316,0.31951362485111345,-1.2454563342306617,-1.6175529833158564,-0.012542734194071526,-0.9881194758390035,-1.6795133467465022,-0.3525233012667239,-0.13781522837474078,0.31866531578286406,-1.415024202403666,-1.4911877494116885,0.07966632894571601,-1.6334862491049995,-0.02847599998321473,-0.8384556130314004,0.366005956300718,-0.3419561435092947,0.0,0.07257978101507934,0.0,0
33936.3873842,100.0,WASHOUT_1,33935.3873842,33937.3873842,249,0.9570414329278574,0.8335272506867343,0.545965735995726,-0.0954510429608106,0.14145014050046112,-0.3676897882868946,0.05249234574259872,-0.11247726300725422,0.23743462011811658,66.0048828125,120.119140625,9.343166732788086,1.0383358620759984,3.1426544189453125,0.7361940650711614,0.38844797470974923,-0.30701963689735123,-2.077173016065722,-1.1602536592970873,-1.4857977289732487,-0.5659951662951176,-0.9312214495943336,-0.5073761002509385,-0.5664795097013915,0.4132547322832531,-0.3954643479660252,-0.5146674896040359,0.10331368307081328,-1.18091639591125,-1.5064604655874114,-0.7520873477432287,0.28602299884927757,0.06019241249637164,0.0,0.02913589303168587,0.0,0
33937.3873842,101.0,WASHOUT_1,33936.3873842,33938.3873842,249,0.6239648562160034,0.6480175203041241,0.3892857642507615,0.7381380490908237,0.002109479737750079,-0.29964305663249546,0.07360566405145258,-0.3312932794463578,0.08481681412314,54.728515625,99.8671875,11.981332778930664,2.1575870622209594,6.740089416503906,-0.6378175803624231,-0.4267889766052011,-0.904874606480431,-0.05978237488968048,-1.8348828783546896,-1.124365591032098,-0.45074812017951776,-1.7941186855018971,-1.399778669596337,-0.8143344185158345,0.07317232600983632,1.2590460419332663,1.3923204065475612,0.01829308150245908,-1.8385414946551815,-1.12802420733259,-1.2419897440560723,-0.6918257809776505,-0.8477837882441602,0.0,0.0,0.0,0
33938.3873842,102.0,WASHOUT_1,33937.3873842,33939.3873842,249,0.802657236837895,0.7649755369596121,0.5122047997484349,0.4835959802406413,0.022389909169923658,-0.41990809175322186,0.029066282577575802,-0.06114857623719512,0.30604091691545315,51.732421875,47.384765625,13.315680694580077,1.4850995794075006,4.754852294921875,0.09932645524814702,0.08719213227468783,-0.43584365497973376,-0.6758062556965775,-1.7366935185864065,-1.763156723338327,-0.6938663300029181,-0.7288076470883575,-0.10621428865189515,-0.8801886542690789,-0.8081425875761393,0.26495505748939485,0.33995304913400787,0.0,-1.7366935185864065,-1.763156723338327,-1.064142348967457,-0.09040994792630308,-0.5843017661088129,0.0,0.0,0.0,0
33939.3873842,103.0,WASHOUT_1,33938.3873842,33940.3873842,249,0.7229518120493741,0.6720546961382933,0.6481699580135082,0.16009412800586414,0.01578627234675669,-0.31014729170955757,-0.054684818408021765,-0.06689164921970994,0.1846199755078638,141.541015625,179.373046875,11.257500076293946,1.910908854185152,6.1115570068359375,-0.22947535646976733,-0.32115573620938387,0.08296831986054455,-1.4587215017386033,-1.768665567007648,-1.1801591324562664,-1.1510217073019868,-0.7514553576301798,-0.8161993351414011,1.0938070878467472,1.4082802932363747,0.8943989831638651,1.059137541981767,0.6255218452707805,-1.893769936061804,-1.3052635015104224,-1.1772118461865513,-0.23228442249269854,-0.5499218608977541,0.0,0.0,0.0,0
33940.3873842,104.0,WASHOUT_1,33939.3873842,33941.3873842,249,0.7292106389708458,0.7180387523741811,0.33401015966816716,0.3507558986096288,0.17571259785809373,-0.26612403438458704,0.17734615999404194,-0.0840848771996434,0.3739834187753145,140.40234375,160.73046875,9.251953125,0.5713972187976343,1.6684112548828125,-0.20365636564864145,-0.1190752214163195,-1.1157936826607942,-0.9972959920796276,-0.9943691664028226,-0.9463283572338846,0.11551936771873188,-0.8192565594875494,0.2910661127548089,1.0687790438805533,1.0952234345344976,-1.085706928585527,-1.2961587109212682,0.6137671477924649,-1.151778406276935,-1.0690817867923776,-1.065868331065629,-0.5980532699253002,-0.4355652365840924,0.0,0.0,0.0,0
33941.3873842,105.0,WASHOUT_1,33940.3873842,33942.3873842,249,0.7214022972741907,0.7195786384357358,0.5503468588311232,0.8558555770374701,0.10789653654069319,-0.10263960564880663,0.20739146824411814,-0.12741453173564996,0.23587677823528747,115.357421875,101.90234375,8.785410308837891,0.3107434449971765,1.1982955932617188,-0.23586743413218197,-0.11230807224519511,-0.2903022732782175,0.2251088760232253,-1.3227061804207991,-0.07797619451482722,0.27952168013600315,-0.9901263145466132,-0.5164852739139143,0.5182908658728278,0.10734783640976883,-1.4710130840432676,-1.5453654032204038,0.15640967557064916,-1.43784461957573,-0.10925812962895706,-0.9024925279788683,-0.2536692067914944,-0.7557911157885334,0.0,0.0,0.0,0
33942.3873842,106.0,WASHOUT_1,33941.3873842,33943.3873842,250,0.7142391174580158,0.7791668512107349,0.44271884798949696,0.6982675169993902,0.2356305968201378,-0.14168462271710386,0.4019101689609718,0.059077875757370425,0.23194032171050397,111.22265625,140.30078125,10.297587203979493,1.6941495853253659,5.122772216796875,-0.265417072785619,0.14955696748509098,-0.7009861688098483,-0.1562740865338448,-0.7042712680148207,-0.28536490594651087,1.3413019907402794,-0.2546966802709187,-0.5395029283345845,0.42740858615338967,0.7521564107501463,0.5739789895207565,0.5349861319401799,0.294891249225884,-1.1656401150820812,-0.34434315579168767,-0.8900714178040778,-0.37910513572383986,-0.5843059128606671,0.0,0.0,0.0,0
33943.3873842,107.0,WASHOUT_1,33942.3873842,33944.3873842,249,0.7983681118389309,0.6892873660748223,0.7770646900611221,0.9566143734662014,0.08700900483019271,-0.3154178819228737,0.1769762567903789,-0.1139332711848996,0.1328026332965535,73.5927734375,68.373046875,12.896022415161132,1.5692065684971077,5.227531433105469,0.08163290334643103,-0.24542542668277548,0.5748011639025405,0.4689578597367664,-1.4238348755824548,-1.2081540213024435,0.11350025111435685,-0.9369631930571511,-1.1191910406278838,-0.399697432842621,-0.45569533732885065,0.3892845085490662,0.5905186315256881,0.0,-1.457884950916762,-1.2081540213024435,-0.6581364320285841,0.18883012853522807,-0.7425869512032044,0.0,0.0005538035689428011,0.0,0
33944.3873842,108.0,WASHOUT_1,33943.3873842,33945.3873842,249,1.2148426846712863,1.2879320234625218,1.055507963640212,1.21497841477034,0.029874777980577947,-0.3253959090321766,-0.02704844394184679,-0.28361631795949044,0.10717841674579917,183.42919921875,164.306640625,12.158521270751953,2.056495037582507,5.6618804931640625,1.7996790017776698,2.3853651221642513,1.637277069420376,1.094231395479127,-1.7004549133376534,-1.2611525942370916,-1.0001685597304077,-1.6061053994866181,-1.2690236013718688,2.014510693218906,1.155276562694072,1.1096088065042469,0.8207655715812242,0.7924468139782445,-1.8589442761333024,-1.4196419570327405,-0.8112117880127835,1.7411085274331966,-1.2472450112825735,0.0,0.898044248805032,0.0,0
33945.3873842,109.0,WASHOUT_1,33944.3873842,33946.3873842,249,0.8272853816332891,0.7560928024557746,0.6973681393542166,0.5709404628063499,0.021088194810061113,-0.32813860719230475,0.06769252767098544,-0.13035732978780418,0.18696064789133385,140.2578125,131.541015625,9.622300720214843,0.8075532981726112,2.7926177978515625,0.20092278510225922,0.04815626401423023,0.2706973376884878,-0.4644216018346365,-1.7429958752511678,-1.2757205130135154,-0.4830249745876547,-1.0017311885698306,-0.802512714269173,1.0656022424165768,0.6050574048540835,-0.7366139931362049,-0.7002206962884081,0.4176649118176651,-1.8265288576147007,-1.3592534953770485,-1.0413327652203799,0.13214083751718367,-0.7524983504026472,0.0,0.0,0.0,0
33946.3873842,110.0,WASHOUT_1,33945.3873842,33947.3873842,249,0.8885701158321915,0.8681682956933868,0.52197789707626,0.5766181695518486,0.061449145136595246,-0.2086312664957213,0.06114454451130664,-0.039047810003563506,0.27777234139815055,210.150390625,180.982421875,8.761265563964844,0.2350441840872707,0.93768310546875,0.45373533442013153,0.5406807436504489,-0.39855174880572647,-0.45068083607734927,-1.5475850292700282,-0.6409538960508735,-0.5187671400837917,-0.6416536516688892,-0.2715092177652492,2.601843328746333,1.4353058408079145,-1.5829139814172575,-1.683515184980026,1.0092872923885619,-1.7494424877477406,-0.8428113545285859,-1.3141531285598294,0.02143084327886044,-0.9200242361187871,0.0,0.0,0.0,0
33947.3873842,111.0,WASHOUT_1,33946.3873842,33948.3873842,249,1.1762840233067104,1.1859034060922231,0.9447718865154945,0.8079198856395103,0.12133629361680172,-0.1301403398745367,0.2640727604856918,-0.34159325065837526,0.20198656775220616,329.083984375,303.603515625,9.307141876220703,1.005969081452795,3.1324310302734375,1.6406163313543138,1.9369924206337714,1.2147335031698585,0.10909846258734904,-1.257636496016049,-0.22404712142780864,0.5889165088075858,-1.8347364466393725,-0.7146516065615844,5.216007495602953,3.494429539395787,-0.4433098850731064,-0.520086872711208,2.177609258749685,-1.869833300408262,-0.6595689731777457,-1.269127254119501,1.2241911705331932,-1.3464831941784956,0.0,0.16758651679939796,0.0,0
33948.3873842,112.0,WASHOUT_1,33947.3873842,33949.3873842,249,0.6115892523803876,0.6876838055842862,0.47263471204012075,0.43407757702625455,0.1229675207470001,-0.029037684289543647,0.28554500850842035,-0.16793778340404344,0.2271306710380407,193.587890625,159.322265625,11.740269088745118,1.9256955910223326,5.735969543457031,-0.6888695755440567,-0.2524723980888442,-0.5868340676009581,-0.7956470311616403,-1.2497387762914,0.3129624905136268,0.7061227727345247,-1.149929067670833,-0.5676264135975119,2.237799052874422,1.0715760804094003,0.9162571770408547,0.8600399218452158,0.8273437833209556,-1.6270443647759487,0.14749373384943565,-1.2779176101271372,-0.6899792797710731,-0.7564914193576833,0.0,0.0,0.0,0
33949.3873842,113.0,WASHOUT_1,33948.3873842,33950.3873842,250,0.8091178861534499,0.7874614105684278,0.6936880650136202,0.8667189069614496,0.046050795247936045,-0.3343079677045135,0.07424707514640719,-0.1336437301431341,0.04458351549427607,306.2529296875,270.859375,12.248202133178712,1.4750266634194922,4.320503234863281,0.12597800632468667,0.18600805427886646,0.25665501493046483,0.25139950329943545,-1.6221374011570278,-1.3084892456983153,-0.4472469777746172,-1.0146910524264556,-1.6350349611906525,4.714180188668436,2.944571159496681,0.2500649736935641,0.10970610907847173,1.9146878370412792,-2.0050749685652836,-1.691426813106571,-1.5172994382386094,-0.10348220662864688,-1.439204768527324,0.0,0.0,0.0,0
33950.3873842,114.0,WASHOUT_1,33949.3873842,33951.3873842,249,1.0096990974881617,1.0330789455968212,0.5929310349124759,1.058058366237573,-0.012211158062358608,-0.0856479017081456,-0.043456976927679414,-0.2403389950665384,0.018944388586732978,357.5380859375,337.509765625,10.150801849365234,1.1269024393678937,4.10333251953125,0.9534181191954647,1.265393432248295,-0.12781078816818237,0.7144651049393208,-1.904217418916015,0.012275721091161538,-1.0897345355777281,-1.4354420133710948,-1.784954707310036,5.841429551385964,4.063802726097158,-0.26454260107999916,-0.005415338791420542,2.4763080693707806,-2.399479032790171,-0.4829858927829946,-1.9707431824193349,0.26593685382313714,-1.9221306507978375,0.0,0.0,0.0,0
33951.3873842,115.0,WASHOUT_1,33950.3873842,33952.3873842,249,0.8575468345308365,0.7766396026968662,0.6599565587550166,0.6057690167404425,0.13979304004906665,-0.19476999033848452,0.0608506186858281,-0.33063195547700647,0.25503299690488085,167.5263671875,158.33984375,8.97384147644043,0.34100970786205587,1.1727447509765625,0.3257577077481125,0.13845077715527773,0.12794329495993137,-0.38013211265789815,-1.1682766468249561,-0.5673293360713068,-0.5203715341760877,-1.7915107656865237,-0.40447305719884685,1.6649659402450772,1.055078689112696,-1.4262725947171178,-1.5589098166725825,0.6800111573394433,-1.3042788782928447,-0.7033315675391955,-0.8553703486559426,0.11705960355276569,-0.6270888483223583,0.0,0.0,0.0,0
33952.3873842,116.0,WASHOUT_1,33951.3873842,33953.3873842,249,0.5478220270619126,0.6818558427788683,0.2529929089940938,0.3839631337198412,0.01801966407419904,-0.3296096680342265,0.006744346589374926,-0.2431562606861066,0.05635686861520206,83.5068359375,70.990234375,9.042698669433594,0.6158814405181837,2.1819686889648438,-0.9519229281680383,-0.27808383431952916,-1.424936998159315,-0.9169302987548819,-1.7578524180769135,-1.2835340942423341,-0.8157106156139989,-1.4465518523833563,-1.566192597048222,-0.18178602431363286,-0.41174602453047293,-1.0199490298996015,-1.0239236847324027,0.0,-1.7578524180769135,-1.2835340942423341,-1.3230530794821314,-0.9827100338952832,-0.5830399056671424,0.0,0.0,0.0,0
33953.3873842,117.0,WASHOUT_1,33952.3873842,33954.3873842,249,0.985453209677316,0.940398249668486,0.49944924772278304,0.5127549583454095,0.1724122036063145,-0.17756299568255074,0.10600164073462051,-0.13557475517429926,0.1377128635702604,91.40625,40.546875,11.078905868530274,1.9350647456378447,5.917381286621094,0.8533986806181361,0.8581008991907044,-0.48451592676648547,-0.6052378544354287,-1.010348295427133,-0.47593389774779626,-0.27391468432877825,-1.0223060167648839,-1.0904794359513112,-0.008156652407507436,-0.9229683667605575,0.930106939859005,0.9562056617872604,0.0,-1.010348295427133,-0.47593389774779626,-0.6768205441765446,0.3860690117480322,-0.2907382683416474,0.0,0.13488419938831359,0.0,0
33954.3873842,118.0,WASHOUT_1,33953.3873842,33955.3873842,249,0.8904847952029957,0.7330623829922197,0.5920990671348579,0.5492275689840033,0.17199662455318646,-0.0879590484249617,0.10878508753038392,0.010276169153549031,0.15971136194975027,136.0107421875,75.68359375,12.402268218994141,1.3174662921931921,4.17742919921875,0.4616337936235009,-0.05305270713919333,-0.13098538709644567,-0.5169695408704533,-1.0123603554427367,0.0,-0.25872124024106496,-0.4471453795082928,-0.9618475482917316,0.9722515021001299,-0.332932443445024,0.01715455001339305,0.03386305578832278,0.24306287552503247,-1.0609729305477433,-0.048612575105006495,-0.6770471774566283,0.11482034889022588,-0.3810753863723506,0.0,0.0,0.0,0
33955.3873842,119.0,WASHOUT_1,33954.3873842,33956.3873842,249,0.5824956950542459,0.5234974003289178,0.6651646597754725,0.5132946707922392,0.20832227522700472,-0.3158565246394678,0.17453281728305164,-0.26967205056908844,0.2277439647700243,149.25341796875,89.607421875,10.733853149414063,1.6507710414353671,5.490692138671875,-0.8088866808230951,-0.974002337201379,0.14781621836228273,-0.6039316823063277,-0.8364867431626132,-1.2104838844861174,0.10016273678040517,-1.5511164184067872,-0.5640402992603447,1.263325936236984,-0.09911553975872943,0.5098555366663751,0.7300192147463518,0.315831484059246,-0.9297018610085839,-1.2736501812979666,-0.553339839978962,-0.5544385199927565,-0.29923231041726656,0.0,0.0,0.0,0
34018.9164495,1.0,TARGET_1,34017.9164495,34019.9164495,249,2.0729494879434114,2.271856513350633,1.342744054587882,1.0927634794173413,1.7122465886273421,1.0516870355760057,1.248170639655963,1.2605131542270875,1.195431332502945,241.3876953125,547.37109375,14.772541809082032,1.7300928422026565,5.414039611816406,5.3395518813458,6.709297887341155,2.7333043567893567,0.7984558519361432,6.444885969708323,6.053262377519361,5.9606146949444385,4.483142888259342,5.094321041069554,3.2884402775856496,7.587914450629163,0.6271113801249341,0.6893859743898154,5.113454664385927,3.6340106283478057,5.030571444642176,0.39755397976371576,3.934296249292227,-0.827221721709084,0.708790968602091,1.8108272375801169,1.2834979916954599,1
34019.9164495,2.0,TARGET_1,34018.9164495,34020.9164495,249,1.0693390668281104,1.041849336813467,0.634243903248779,0.8251635272526628,0.6843906021823554,0.12950979354873945,0.5789946082500279,0.2638907027437196,0.35092693363362076,191.498046875,547.37109375,11.543532562255859,2.161752051138706,7.018585205078125,1.1994456640182378,1.3039355991877382,0.02982967709048,0.1508302481179745,1.468437044868508,1.15509189903994,2.307917386887777,0.5529792164069617,0.1562478558261335,2.191864220895301,7.587914450629163,1.2652028523412735,1.5399500644289832,2.62225143593939,0.2516115416142969,0.6306416118520619,-0.6358474141947765,0.4176403402365143,-0.7477739944654846,0.0,0.0,0.0,0
34020.9164495,3.0,TARGET_1,34019.9164495,34021.9164495,250,1.1995231696096031,1.0102185963577806,0.7770531958880142,0.506090171932613,0.5053596830957459,-0.005093761174922337,0.41880083782890176,0.20343854137686532,0.36977827920477746,107.99267578125,105.388671875,9.165594482421875,0.7990513655287679,2.6035385131835938,1.7364827473158688,1.1649318479357473,0.5747573047644692,-0.6213674773669391,0.6016441900804539,0.4401413147071124,1.4334997052572507,0.3145871471380569,0.2664773871291321,0.3564135128959401,0.16589225681656303,-0.7491818026606807,-0.8004509735608318,0.27584257599492307,0.11642576330429408,0.38497279950812774,0.06176829210812272,1.1741922761476162,0.12386561010319688,0.037405370746922635,0.7791197365259712,0.029143262600998636,0
34021.9164495,4.0,TARGET_1,34020.9164495,34022.9164495,249,1.3347473336901263,1.3910740651033868,0.4240532974438014,1.1636629988179408,0.5113406870683355,0.07382316558851891,0.348408450400924,0.16208432520424604,0.6727923822059164,97.576171875,317.060546875,10.292733001708985,1.8464084317922638,5.2658538818359375,2.294311154299278,2.838630853327109,-0.7722096444683249,0.9700416227511346,0.6306017105710437,0.8593108011230234,1.0492628647271978,0.15150749963698829,2.0382926894340825,0.127458426304682,3.72040772236655,0.7990525417322143,0.6108332295460803,1.5094165844355758,0.013939534265769271,0.5574274842359082,-0.6742253102269837,1.1034803268708466,-0.8408843936248569,0.0,0.33570784987708063,0.0,1
34022.9164495,5.0,TARGET_1,34021.9164495,34023.9164495,249,1.0930412364966648,1.001732068020686,0.5808591358961459,0.7938862441342717,0.7197211931955682,0.3385117608974787,0.4957268292350956,0.3536579978745841,0.8847046485879115,140.1552734375,286.796875,13.259471130371093,1.6706326524310608,5.677215576171875,1.2972221497385483,1.1276371385180175,-0.17387439629140716,0.07513528180170785,1.6394929943208862,2.265211754265608,1.853400222522702,0.9069750166407097,3.277407940516407,1.063348430567134,3.2122027956420256,0.5392155603574439,0.8288946462419824,2.114983545841569,0.660476218395762,1.8422150450972943,-0.5773955744350338,0.43117382450772235,-0.6680755785634501,0.0,0.0,0.0,1
34023.9164495,6.0,TARGET_1,34022.9164495,34024.9164495,249,1.3602040835931175,1.1098047645045561,0.6313440825101251,0.3740095320409334,0.5360346658105314,0.08536978812214707,0.2953115135755456,0.2981796972132545,0.6273841973069473,81.4951171875,125.4375,12.500508117675782,2.2891453084994677,6.640449523925781,2.399325656270275,1.6025710162191042,0.01876462378343511,-0.941019269045509,0.7501596307293416,0.9206410129769075,0.7594332397768948,0.6881972823936701,1.7727772693363462,-0.2260036663122258,0.5025636716489117,1.4535193516929794,1.3395016428313908,0.7408845558447319,0.37415274762732675,0.7724641018079611,-0.1292387921818867,1.2956456835129373,0.0981953805162385,0.0,0.7329273088537324,0.0,0
34024.9164495,7.0,TARGET_1,34023.9164495,34025.9164495,249,1.7700190501982382,1.5266077191525877,1.1912756338818837,0.6453437563705584,0.5451294451408267,-0.024168057225556035,0.24004247935021192,0.33487254820682744,0.4830329068973497,68.6865234375,86.76953125,9.539774703979493,1.1340359378451044,3.891265869140625,4.089899464093284,3.4342440467685424,2.1553354750909075,-0.28435625604216747,0.7941927495872099,0.338827652262352,0.45774722136165547,0.8328949156619082,0.9287115221581382,-0.507536963619772,-0.14677102594980615,-0.2539976516125809,-0.11783113942347835,0.4404016094550116,0.5687882612877109,0.25074733037134966,0.6914175440429451,3.2156107430592518,0.303105319762995,0.5093228224840923,2.3011307070590625,1.1720183866241367,0
34025.9164495,8.0,TARGET_1,34024.9164495,34026.9164495,249,0.9841881562365021,0.8964081914900625,0.7355356764613197,0.9037948700475675,0.5544315676366163,0.15734629419834248,0.35912151985134927,0.06885239565796367,0.5464207326518401,79.5615234375,103.287109375,8.768675994873046,0.472743993758832,1.811492919921875,0.8481800663975456,0.6647831640854895,0.4163359377092435,0.3411280058143048,0.8392297373592101,1.3029462588008884,1.1077401533718272,-0.21615102743525122,1.2993593518772184,-0.26850411833029086,0.13060161459935823,-1.2315390579615162,-1.2203116133153677,0.35749024161914417,0.43540964302383317,1.2314482104770597,0.007897085590221162,0.606731704651357,-0.225956517334974,0.10539432781899824,0.3547935620501652,0.0373932289867852,0
34026.9164495,9.0,TARGET_1,34025.9164495,34027.9164495,249,0.8893193941413111,0.7779898762224887,0.6850540785550084,1.4075237565332996,0.4312119764808204,-0.042498529857026617,0.11181957403869552,0.29894328825577504,0.42573729460707915,49.7890625,54.89453125,10.694890213012695,2.1099248340167565,6.538246154785156,0.4568262666392765,0.14438465927671396,0.2237096955376562,1.5602153846872973,0.24265199688478467,0.24146482892628288,-0.2421574959046809,0.6912084906711872,0.5936867110837464,-0.9229037550347099,-0.6820342982404959,1.1885903196080263,1.2853239890226755,0.3212238004387334,0.178407236797038,0.1772200688385362,0.038301440245394364,0.26456357521538687,-0.49579485471925633,0.0,0.128610030612103,0.0,0
34027.9164495,10.0,TARGET_1,34026.9164495,34028.9164495,250,0.8766961140961477,0.6931830602655479,0.7029569972687245,1.2996742974397608,0.5124973121660776,-0.025115182522564453,0.166761792943718,0.06365143224262305,0.17818038466657646,55.923828125,64.037109375,12.79433364868164,1.4915904735002687,4.675651550292969,0.4047525544711921,-0.228305495298302,0.2920231423926214,1.2992061038488112,0.6362016056925476,0.33379696948489684,0.05774460111363659,-0.23666093812729033,-0.8538535745981461,-0.788061411813758,-0.5285068853978048,0.27455009005655223,0.2979690073164301,0.0,0.6188782253584566,0.33379696948489684,0.3466294156483271,0.23868565028979352,-0.16751055505775914,0.41772738294727674,0.23640583833252088,0.09875319216010095,0
34028.9164495,11.0,TARGET_1,34027.9164495,34029.9164495,249,0.922639445814933,0.9007265865932151,0.8342037483268551,1.7765550922644189,0.4665002258627165,-0.32314586821233166,-0.09135203213614343,0.21034929983881182,0.24341154689509262,83.4384765625,81.091796875,11.47480354309082,1.9565002919784127,5.976142883300781,0.5942785590759541,0.6837606875351038,0.7928307535240584,2.453317717843234,0.413502945861979,-1.249201438844328,-1.3511696901836407,0.3418396054904281,-0.47242719780938275,-0.18328856554659476,-0.24211479632658525,0.9617936015566151,0.9873549817062455,0.08545990137260702,0.3964109655874576,-1.2662934191188493,0.39486874411096456,0.6688492676187294,-0.5354468199235131,0.28543920709741727,0.5300762558807821,0.15130454617977812,0
34029.9164495,12.0,TARGET_1,34028.9164495,34030.9164495,249,0.6468473390693719,0.5277353976263103,0.67688598356119,1.2888978094408865,0.5833763409146797,-0.08085973645372381,0.13449719587870174,0.13743914108721147,0.43048398792932446,131.271484375,81.09375,9.313528442382813,0.6312768037946045,1.9826812744140625,-0.5434224769079938,-0.9553781281678073,0.1925421115146653,1.2731256449740826,0.9793682273412019,0.037708196136556606,-0.11837169910307872,0.054319635608120434,0.6214420656378918,0.8680824649063573,-0.2420819983319596,-0.9971911463308252,-1.1295652564804954,0.3859610415380924,0.9021760190335834,-0.03948401217106188,0.4478420779626141,-0.42612015744273973,-0.07651657659911475,0.5226642776807588,0.0,0.0,0
34030.9164495,13.0,TARGET_1,34029.9164495,34031.9164495,249,0.8997266448831261,0.8108258660476682,0.6988079860834377,1.6596478837723896,0.41377654067826686,-0.23196947502219728,0.13307368459934862,0.08176434706323844,0.4233183246733966,139.3291015625,154.853515625,9.624983215332032,1.148661146854228,3.6689834594726562,0.4997583871064923,0.2886849727065121,0.27619146379098675,2.1703875421167655,0.15823690673793653,-0.7649154500940833,-0.12614193529512666,-0.16523296686958366,0.5795422607038304,1.0451891465230516,0.9965342687059017,-0.23237823297187735,-0.2356622788469567,0.6553164189831959,0.027173622941297326,-0.8959787338907226,-0.07983574618033876,0.28099781821859,-0.7939863960943644,0.0,0.049668039720306006,0.0,0
34031.9164495,14.0,TARGET_1,34030.9164495,34032.9164495,249,0.7985503842316671,0.7282780108807384,0.589269121281872,1.2896007540773424,0.3853532142410761,-0.24104048568652675,0.0944821824679951,-0.017501573958775166,0.12055745807745921,73.7607421875,145.8671875,11.99053077697754,1.7716027857457979,5.746192932128906,0.08238481569263405,-0.07407800282624866,-0.14178381380673785,1.2748268595705463,0.02062304433494746,-0.8130963795521939,-0.3367936462550893,-0.5566864366093189,-1.1907922915852198,-0.3960054743844861,0.8456306954332631,0.6884726124089516,0.865459304952388,0.21140767385831577,-0.0216584904367157,-0.8553779143238571,-0.10021004165645704,-0.05907791941467002,-0.456279650187956,0.0,0.0,0.0,0
34032.9164495,15.0,TARGET_1,34031.9164495,34033.9164495,249,0.5980487356743521,0.5347086766534823,0.6824449589150879,1.3363319301479974,0.37570095171715184,-0.06569716497335158,-0.07860168254061979,0.09241375510607656,0.12647006070864086,59.4326171875,60.259765625,11.83480339050293,1.8245605790642117,5.5060272216796875,-0.7447270838172245,-0.9247335106425957,0.2137538911959094,1.387922194136476,-0.02610917505464638,0.11824462299493849,-1.2815719080477497,-0.12323720753825435,-1.1562195119204501,-0.7109381168132995,-0.5919382070038216,0.7667563964782533,0.73814828940711,0.0,-0.02610917505464638,0.11824462299493849,0.015429501919934144,-0.4452600279277019,-0.438088728726594,0.0,0.0,0.0,0
34033.9164495,16.0,TARGET_1,34032.9164495,34034.9164495,249,0.5571188524836382,0.5130767839759383,0.6899418197193654,1.6534735814363515,0.34175861074683306,-0.3527784511677488,-0.031863648737606706,0.11142122746336738,0.14102656191330434,51.296875,51.966796875,9.463251876831055,0.8861844051499769,3.1349868774414062,-0.9135715480706477,-1.0197965469654944,0.2423601989338602,2.155444952455644,-0.1904437982468516,-1.4065957405235114,-1.0264523546808342,-0.048281563862782345,-1.0711032373741587,-0.8897619884105218,-0.7311984921843527,-0.6203791537663792,-0.518732026934415,0.0,-0.1904437982468516,-1.4065957405235114,-0.044154039302303334,-0.5302404363980393,-0.7148051350363245,0.0,0.0,0.0,0
34034.9164495,17.0,TARGET_1,34033.9164495,34035.9164495,250,0.6266436948692721,0.5350509449083068,0.6097938901822902,0.432103397956968,0.27432601873932083,-0.4282818035913042,-0.031540820052068624,-0.0872052446118435,0.07675929519248044,48.7822265625,46.333984375,8.978057479858398,0.6645071558857405,2.3557052612304688,-0.6267668017632032,-0.9232293861526321,-0.06346598575253638,-0.8004247932705255,-0.5169242142004409,-1.807633930377639,-1.0246901943294675,-0.8315616752593322,-1.446893424977544,-0.945034040908763,-0.8257879086847417,-0.9480690522131907,-0.9318265264364889,0.0,-0.5169242142004409,-1.807633930377639,-0.3001748142483766,-0.48890403303735563,0.010006470158931233,0.0,0.0,0.0,0
34035.9164495,18.0,TARGET_1,34034.9164495,34036.9164495,249,0.36959807075437706,0.34659600886125563,0.45574313854727316,1.1649774335334904,0.2667451429181671,-0.31470033081246024,-0.01083188363812221,-0.1604865179484063,0.14210762507351507,71.2236328125,68.283203125,11.092575454711914,2.0910320315120057,5.6337738037109375,-1.6871346139589865,-1.7514092730317832,-0.651288452193361,0.9732227203912923,-0.5536276452521058,-1.2043427283040382,-0.9116504667513412,-1.1205451291899302,-1.0647819334115762,-0.451771219002129,-0.4572040450816308,1.1606624174227287,0.8058663123522524,0.0,-0.5536276452521058,-1.2043427283040382,-0.4673173179369985,-1.3374433891555768,-0.5748844391772691,0.0,0.0,0.0,0
34036.9164495,19.0,TARGET_1,34035.9164495,34037.9164495,249,0.7577323810594728,0.6435817248127645,0.6322929649680681,1.1057289629769917,0.253004508763668,-0.1904137982751685,-0.03592014195512033,0.04946483825674438,0.3257924626351004,83.6513671875,77.1796875,12.031538009643555,1.3575222195203143,4.315399169921875,-0.0859981197140152,-0.4462824251999144,0.022385342415902332,0.8298339558976336,-0.6201540506693439,-0.5441912988364971,-1.04859472254872,-0.29260553001124134,0.009278985765485104,-0.17860922284965627,-0.30780917956177223,0.07636641231132148,0.10700046184063726,0.002319746441371276,-0.6206179999576181,-0.5446552481247713,-0.33632350098305724,-0.12046873103192961,-0.519680411290614,0.0,0.0,0.0,0
34037.9164495,20.0,TARGET_1,34036.9164495,34038.9164495,249,0.7132047958025115,0.6265719740914939,0.7394945943186579,0.5885006810322062,0.42752925967626815,-0.25308189437954187,-0.2632087845148204,-0.010739936156368202,-0.04891252615425943,56.205078125,59.791015625,9.95266227722168,1.3568566234699182,4.3562774658203125,-0.2696838693698067,-0.5210330988817509,0.4314422636092349,-0.42192366101026557,0.2248218219145634,-0.8770546620725602,-2.2892497577946607,-0.5300220330393507,-2.1817346548916863,-0.7818795278838576,-0.5998097257139787,0.07538250844710083,0.12866990563782268,0.0,0.2248218219145634,-0.8770546620725602,0.2315125679553186,-0.07455956872953101,0.25190178686627834,0.23054065412807476,0.0,0.0,0
34038.9164495,21.0,TARGET_1,34037.9164495,34039.9164495,249,0.5580431646753626,0.7007443994830383,0.4566007460365383,0.8979349827103541,0.5479586805735669,-0.10526747674844968,0.022419295185348093,0.14219735172284384,0.05222449604605733,50.40234375,35.76171875,9.480881118774414,1.045480799480443,3.3904876708984375,-0.9097585638975089,-0.1950766014887353,-0.6480160179843263,0.3269463400689616,0.8078907246080832,-0.09193420611487954,-0.730148910093639,0.07308355825039098,-1.5903558319614441,-0.909423813687566,-1.0033234535934124,-0.3849024891363876,-0.3832919367283787,0.018270889562597745,0.8042365466955637,-0.0955883840273991,0.27575837379582907,-0.6779529137805299,0.20847247752441833,0.503190784061049,0.0,0.0,0
34039.9164495,22.0,TARGET_1,34038.9164495,34040.9164495,249,0.7722248937887821,0.6287087179974031,0.5647622669937522,0.19955171630101548,0.30711486904490914,-0.28143831082598897,-0.018030645537169303,-0.17603347679325274,-0.0011484778849784685,48.56982421875,50.357421875,11.79801025390625,1.8901029606852426,5.873939514160156,-0.026213425580773445,-0.5116430114507493,-0.2352963697628359,-1.3632291661154246,-0.3581743105156488,-1.0276705692794188,-0.9509449079385797,-1.1818542967376366,-1.9024437876173463,-0.9497026511683231,-0.7582240397558925,0.8636430930095551,0.9331773278975304,0.0,-0.3581743105156488,-1.0276705692794188,-0.2558199632243158,-0.1964783732184905,0.23756146587385374,0.0,0.0,0.0,0
34040.9164495,23.0,TARGET_1,34039.9164495,34041.9164495,249,0.347345065462874,0.39586658377674505,-0.014900495142195495,0.7866878303497421,0.22907138576650474,-0.18448721512588015,-0.2516380166720927,0.0056653830998868344,0.2671394905993839,45.75341796875,58.337890625,11.966512680053711,1.7464144714247962,5.2735137939453125,-1.7789329887299379,-1.534885896059619,-2.4471570126108837,0.057714213389595,-0.7360282254350387,-0.5127120849748744,-2.2260907225517474,-0.4653279358211828,-0.33368271914947134,-1.0116073499663532,-0.6242114337154661,0.6512384975447023,0.6148937225607078,0.0,-0.7360282254350387,-0.5127120849748744,-1.0166047771419922,-1.964001978554205,-0.4922739259328881,0.0,0.0,0.0,0
34041.9164495,24.0,TARGET_1,34040.9164495,34042.9164495,249,0.5384250378599365,0.4347179239309883,0.07778261930868474,0.6836506860594375,0.302000971225607,-0.40429082801288485,-0.15497589702435569,-0.1484960710004276,0.09361145952278993,57.56640625,72.732421875,9.62804946899414,1.1685144109215473,3.9525833129882812,-0.9906875051400743,-1.3641506573391469,-2.093499426680939,-0.19164865923769014,-0.3829336655617061,-1.6802051856931548,-1.6984605510309205,-1.0732610057647762,-1.348353712331602,-0.7519574924731592,-0.3824902133243887,-0.20303054795841505,-0.08532697372770023,0.0,-0.3829336655617061,-1.6802051856931548,-0.7339883727291732,-1.4513643081191914,-0.24088259507949808,0.0,0.0,0.0,0
34042.9164495,25.0,TARGET_1,34041.9164495,34043.9164495,249,0.6710358720937268,0.6699701083938143,0.7873698122269542,1.4619734819062715,0.15376859979407473,-0.3576129862574949,-0.18071084297491768,-0.23046913742862746,0.35328110948259184,62.3828125,79.52734375,10.220937728881836,1.6560528773326528,4.951591491699219,-0.44363963901071773,-0.3303166193288433,0.6141231552865574,1.6919905811593199,-1.1006128299242774,-1.432274510259478,-1.8389347512187304,-1.396520397791256,0.17001343555397877,-0.6460927301736153,-0.2683859900217349,0.517663303473925,0.44424381942105906,0.04250335888849469,-1.1091135017019764,-1.440775182037177,-0.4671074768365714,-0.05713356090357079,-0.9656087658452307,0.0,0.0,0.0,0
34043.9164495,26.0,TARGET_1,34042.9164495,34044.9164495,250,0.7002608855407622,0.565944070827612,0.5758586971834772,0.6179457428480755,0.15815895763254476,-0.291567793010451,-0.0248138623803929,0.02162161682743658,0.21727162462582555,65.7587890625,86.8359375,13.105149841308593,1.7231508701468785,5.68487548828125,-0.3230802493034123,-0.7874671394009432,-0.19295492777970005,-0.3506629011195817,-1.0793565529428275,-1.0814736001253569,-0.9879710964754749,-0.40240479974065047,-0.6252752461973327,-0.5718886581400543,-0.14565589413253388,0.6168495507061337,0.8329551392566099,0.0,-1.0793565529428275,-1.0814736001253569,-0.6418848360634802,-0.3704137647896192,-0.3790793045628438,0.0,0.0,0.0,0
34044.9164495,27.0,TARGET_1,34043.9164495,34045.9164495,249,0.5453726916386132,0.5516316912973971,0.41831527363634147,0.8876559071080726,0.37207499488491286,-0.273052894444898,-0.10051820213233975,-0.22629593893610334,0.13532476211756944,65.9267578125,68.240234375,12.636051559448243,2.116798894914922,6.080902099609375,-0.9620269571826567,-0.8503640054047368,-0.7941046321343932,0.3020696818716406,-0.04366454197109626,-0.9831311932291875,-1.4012032282946099,-1.3800634605766307,-1.1044433889667873,-0.5681966996819193,-0.4579256009633952,1.1987517607352212,1.0428874812917537,0.0,-0.04366454197109626,-0.9831311932291875,-0.22254165611770124,-0.8809215530601805,-0.15935568118224638,0.0,0.0,0.0,0
34045.9164495,28.0,TARGET_1,34044.9164495,34046.9164495,249,0.7566431785605969,0.8075733022001165,0.598973978518975,0.6347287413496374,0.32459980840064834,-0.36751169885691204,0.025707509558321767,0.01696228992254808,0.3134551658580064,82.421875,79.28125,9.716452407836915,1.2747892217836072,4.113555908203125,-0.0904913114372673,0.27439132768009566,-0.10475229622553285,-0.3100459299634556,-0.2735195448624307,-1.484851801933722,-0.712200192230509,-0.4207787760740371,-0.0628609278630582,-0.2056335001682138,-0.27251853734456744,-0.04593196389338386,4.044315751621018e-06,0.0,-0.2735195448624307,-1.484851801933722,-0.1766238237307201,-0.022506128289687642,-0.03319804040237255,0.0,0.0,0.0,0
34046.9164495,29.0,TARGET_1,34045.9164495,34047.9164495,249,0.3206534411732317,0.45689809524584546,0.40073768774767815,0.6287742127659308,0.18421103698653035,-0.5102205282189621,0.06080211568315942,-0.11275865602131714,0.2193286075021678,58.7509765625,74.140625,9.29615478515625,0.9622112444743084,3.0762252807617188,-1.889041609911168,-1.266678167863401,-0.8611766832700454,-0.32445663945081155,-0.9532232774638486,-2.2428537815346057,-0.5206362878118512,-0.9323311181551183,-0.61324744385815,-0.7259205993934053,-0.35884285919929143,-0.5079940202440573,-0.5498813468534001,0.0,-0.9532232774638486,-2.2428537815346057,-0.7395669734226281,-1.4048161971772217,-0.3735217347595682,0.0,0.0,0.0,0
34047.9164495,30.0,TARGET_1,34046.9164495,34048.9164495,249,0.8019045818825292,0.6762908771042477,0.6485427536127439,1.2159930176742824,0.13862736265964107,-0.0532742471989162,-0.22128636058708476,-0.14950129846631627,0.30388467481605036,59.7236328125,48.927734375,11.035471343994141,1.4158382616879626,4.312835693359375,0.09622159364582376,-0.3025395091857104,0.08439082268052582,1.0966868623541621,-1.1739203693578963,0.18422930178135935,-2.060416210504682,-1.0772251031644524,-0.11882248975328634,-0.7045415841358331,-0.7822321718218719,0.16257091908485274,0.1056415717480926,0.0,-1.1739203693578963,0.18422930178135935,-0.6614043578329835,0.012328603241662656,-0.8741676542390673,0.0,0.0,0.0,0
34048.9164495,31.0,TARGET_1,34047.9164495,34049.9164495,249,0.6746353430792602,0.8245477244716096,0.5860301725192316,1.5107698628292086,0.2770242372515485,-0.4397297656712738,-0.021961245060274786,0.0022771784273073717,0.43036174376953423,81.404296875,97.318359375,10.811141967773438,1.4854969987348965,4.062446594238281,-0.42879105644046484,0.3489867477392144,-0.15414290215991644,1.810083971698908,-0.5038605683286104,-1.868440104444122,-0.9724000850867085,-0.4786892632698596,0.6207272669840057,-0.22799989966458944,0.030370943023356536,0.2655425345510573,-0.027088826904357575,0.16277455250184056,-0.5364154788289784,-1.90099501494449,-0.37425787702137736,-0.20152482448161313,-0.8300692149140783,0.0,0.0,0.0,0
34049.9164495,32.0,TARGET_1,34048.9164495,34050.9164495,249,0.8874922399487167,0.7330614665444333,0.8586493078917597,1.0547581150624934,0.2655327903667843,-0.21000549861999662,-0.26362474600495955,0.0009419794288881087,0.30244884836664276,114.93310546875,143.54296875,9.171725463867187,0.623908580203,2.1410903930664062,0.44928886739189755,-0.053056734540332405,0.8861094228226898,0.706478081239491,-0.5594973494036792,-0.6482531688098778,-2.291520283551679,-0.4839545977909419,-0.12721820219477953,0.5089643777910857,0.8066010818287336,-1.0080830734387272,-1.045593128529588,0.32889136490495485,-0.6252756223846702,-0.7140314417908687,-0.2045970778321349,0.4523732366704855,-0.516453653526273,0.0,0.20996357712192187,0.0,0
34050.9164495,33.0,TARGET_1,34049.9164495,34051.9164495,250,0.5776770121592436,0.6133061788449724,0.3836482629797965,1.5137062157424122,0.40258464046357284,-0.16597806940311463,0.010512538743797786,-0.12144291890699642,0.17502819413076745,97.6103515625,145.353515625,10.62092170715332,1.9511473212811026,5.86883544921875,-0.8287647715575048,-0.57933066877869,-0.9263860231174186,1.8171903157511162,0.10405040539453114,-0.4144002344657256,-0.7951419390734146,-0.9665773610119922,-0.8722853880741884,0.12820969692116294,0.8370048228467157,0.9538806811734348,0.9304716806596959,0.24130362994196966,0.05578967940613721,-0.46266096045411953,-0.2612380895914716,-0.8492409335390071,-0.6419904392897555,0.0,0.0,0.0,0
34051.9164495,34.0,TARGET_1,34050.9164495,34052.9164495,249,1.121036532584525,1.0124999506136234,0.8448402214297615,1.240907953595525,0.358958135358736,-0.030270417417959206,-0.06385697499276653,-0.12954604473753367,0.20291978969585323,73.2802734375,87.9765625,13.233792877197265,1.395606831157571,4.356269836425781,1.4127086940696383,1.174957436806837,0.8334171043676768,1.1569841467503716,-0.10717089144723603,0.3064147936693903,-1.2010879232060165,-0.9985318997846497,-0.709194775002182,-0.40656619276473255,-0.12650186527115137,0.13266421716599536,0.12866586132207106,0.0,-0.10717089144723603,0.3064147936693903,0.0881273270620613,1.1624063862213916,-0.4031768987441755,0.0,0.8313099357673863,0.0,0
34052.9164495,35.0,TARGET_1,34051.9164495,34053.9164495,249,0.7785793363332482,0.8282930078663733,0.5788274018791773,0.9464326179301863,0.3585505175772255,-0.549983962073775,0.025042563224763115,0.09064642194325354,0.032804098207576717,72.8779296875,92.759765625,12.043545913696288,2.2652313406072095,6.091117858886719,0.0,0.36544568717198844,-0.18162702903308842,0.4443167283628606,-0.10914440631439107,-2.454058384027772,-0.7158298017332416,-0.13020665578041343,-1.7039127843483783,-0.41540972116445113,-0.04617957643292225,1.4181690135952094,1.0483028200831743,0.0,-0.10914440631439107,-2.454058384027772,-0.1054361807311872,0.00951967727281676,-0.1923973855859723,0.0,0.0,0.0,0
34053.9164495,36.0,TARGET_1,34052.9164495,34054.9164495,249,0.6020595920840083,0.6261468962733773,0.596626595037618,1.2831347092688188,0.34788177895818223,-0.539441840241698,-0.015269399053627954,0.05196396303703962,-0.037256842928659925,79.158203125,86.14453125,9.181179809570313,0.9864327731639784,3.4977951049804688,-0.7281814489682239,-0.5229011364439762,-0.11370937519495561,1.259178216364293,-0.1607979779531223,-2.398063606033797,-0.9358726442531609,-0.28275027398291946,-2.113580342292386,-0.27736911160476607,-0.15726638423001577,-0.4721890366343793,-0.3264086356818291,0.0,-0.1607979779531223,-2.398063606033797,-0.11686623167295618,-0.4720601606427305,-0.45520941621346367,0.0,0.0,0.0,0
34054.9164495,37.0,TARGET_1,34053.9164495,34055.9164495,249,0.7247156463054583,0.5691085119256358,0.7667230812735035,1.636603830009815,0.4191319519022401,-0.3860862380878078,-0.07718061961480698,-0.09725530134893,-0.04374760349760403,69.814453125,63.232421875,9.330647277832032,1.225670739818192,3.799285888671875,-0.22219916541364587,-0.7735607566573105,0.5353399479072644,2.114618028289567,0.18416556870914666,-1.5835109919090926,-1.273815036193284,-0.8711939029192283,-2.151533786656028,-0.4827450332759007,-0.5420196591835746,-0.11854036381052034,-0.16658941012502132,0.0,0.18416556870914666,-1.5835109919090926,0.23512604976684676,-0.06733279400006023,-0.5203542254324143,0.13664580577095561,0.0,0.0,0
34055.9164495,38.0,TARGET_1,34054.9164495,34056.9164495,249,1.2387797951516053,0.9690887927498587,1.3299729785847236,2.2452020126736176,0.2270936600742126,-0.2496065149891303,-0.13072575727710814,-0.25178048027329264,0.03269391371584643,82.1650390625,76.912109375,12.119939804077148,2.1764876490320373,6.9674835205078125,1.8984246682627728,0.9841837241993333,2.6845728490517904,3.587502318222971,-0.7456035463212609,-0.8585950862385187,-1.5660911653721632,-1.4805613155147435,-1.7045570664678933,-0.21127876222919922,-0.312302504825487,1.286985451111538,1.5128612375246255,0.0,-0.7456035463212609,-0.8585950862385187,0.26106126178625405,1.990728342726241,-1.2346664439167059,0.0,1.4457220922656193,0.0,0
34056.9164495,39.0,TARGET_1,34055.9164495,34057.9164495,249,0.7200802854692364,0.7015725955514691,0.6123931904546459,1.2474277080637106,0.40045900957546987,-0.37494057041299006,-0.13930346933944554,-0.11033244915525223,0.1514816659144502,95.3525390625,110.640625,13.264452362060547,1.5824272984960148,5.1636505126953125,-0.24132101370640488,-0.19143702939445223,-0.053547649873614885,1.1727627741008226,0.09375898939150484,-1.5243104631173396,-1.6129126059033747,-0.922763412680277,-1.0099690753897896,0.07858290648390717,0.25408606436494935,0.40882778457361907,0.5566555757373652,0.08316724271221412,0.07712554084906202,-1.5409439116597825,0.008240324320526862,-0.17809862590936998,-0.3432645374378393,0.0,0.0,0.0,0
34057.9164495,40.0,TARGET_1,34056.9164495,34058.9164495,250,0.8964138654866619,0.7884492392041901,0.7227372577243113,1.649749151737931,0.3515246872100635,-0.3020258757857595,-0.1500687914473172,-0.2342790808533473,0.13490742953326657,78.8798828125,114.41796875,10.968402481079101,1.9822880629032456,6.436042785644531,0.4860924682525463,0.19034914411700876,0.3675000963473332,2.146431363279688,-0.1431605393503993,-1.137022002294661,-1.6716751156740388,-1.4115448448297105,-1.1068836590786229,-0.2834866009103966,0.3175173859709661,0.9999138509894081,1.2311463352139604,0.07937934649274153,-0.1590364086489476,-1.1528978715932094,-0.015439837293273265,0.373529571284703,-0.7113761602004572,0.0,0.2425068631420891,0.0,0
34058.9164495,41.0,TARGET_1,34057.9164495,34059.9164495,249,0.7507705969889376,0.6864219614585035,0.7064301763241968,1.0773622234563205,0.27348410606395573,-0.2572353910878935,-0.15436151756734334,-0.0480089523614199,0.3502023063543313,83.8515625,116.1171875,9.177603149414063,0.5470610768674682,1.8268280029296875,-0.11471695812751526,-0.25801767032882894,0.30527600001979743,0.7611828718379396,-0.5210004033586327,-0.8991160772020261,-1.6951069608193297,-0.6769917640109556,0.15201074049322824,-0.17420892352455358,0.346051641295286,-1.1216813368937857,-1.2121825386546095,0.12451559544712856,-0.5459035224480584,-0.9240191962914518,-0.25505683620326497,-0.015056904533287844,-0.4807932464260414,0.0,0.0,0.0,0
34059.9164495,42.0,TARGET_1,34058.9164495,34060.9164495,249,0.352524950979236,0.46827663945220666,0.19014873487794218,0.5258635125571894,0.2751889930437369,-0.5534471676068587,0.00864021261340895,-0.09807444428788133,0.10737099596067166,70.0390625,73.8046875,10.63408088684082,1.8699566068425946,5.6542205810546875,-1.7575648604401746,-1.2166742695769643,-1.6647360062025567,-0.5735135014678211,-0.5127460534405575,-2.4724532980746274,-0.8053620310900199,-0.8744241791546566,-1.2678975323327135,-0.477808112081883,-0.36448411427490407,0.8338621539791286,0.8167050785665967,0.0,-0.5127460534405575,-2.4724532980746274,-0.6981943309429458,-1.6168966432843663,-0.15631834832755737,0.0,0.0,0.0,0
34060.9164495,43.0,TARGET_1,34059.9164495,34061.9164495,249,1.0261509060329284,0.8908519645696965,0.9392304837832873,1.1627025246029552,0.40528997391494015,-0.2027028330356095,0.001435569150257289,-0.21659902135815098,0.261483730303779,72.0400390625,60.55078125,13.410598754882812,1.5985307893227898,5.1738739013671875,1.0212853248456202,0.6403658923551555,1.1935887765975053,0.9677171541239914,0.11714849882681627,-0.6094648542110286,-0.8446885767944015,-1.341823831179268,-0.36675366383049773,-0.43382658370561267,-0.587051305804599,0.4326324433339549,0.5620749588445374,0.0,0.11714849882681627,-0.6094648542110286,0.36282886850412527,1.0054076464606871,-0.16446337946312123,0.19954347735261158,0.776351126223306,0.15491580337321476,0
34061.9164495,44.0,TARGET_1,34060.9164495,34062.9164495,249,0.6086856092776374,0.5998339587512269,0.45586478883811216,1.8332965517799025,0.27057778925075976,-0.3591280292951752,-0.08942705490203368,-0.20040835908298088,-0.0729475574130171,92.8388671875,71.75,12.42270736694336,2.3214443898697272,6.517799377441406,-0.7008477202600486,-0.638535388736057,-0.6508242624815598,2.590639199715642,-0.5350715741948275,-1.440321704163849,-1.3406622021220462,-1.2779762301118882,-2.3222747675592625,0.02333231886042259,-0.3989876046210932,1.5012648137522346,1.2744852228083312,0.005833079715105647,-0.5362381901378487,-1.44148832010687,-0.4590953401249831,-0.671752005690045,-1.054003667930314,0.0,0.0,0.0,0
34062.9164495,45.0,TARGET_1,34061.9164495,34063.9164495,249,1.4226313968397812,1.4023646356830357,1.0499408731187752,1.8133861118104906,0.027766823938930405,-0.4526642245343337,-0.1394199417939963,0.10570347333812286,0.22589037780134782,131.00390625,136.033203125,9.547949600219727,0.9269266355081803,3.0685577392578125,2.656851586916102,2.888248144662583,1.6160343241141824,2.542453426126488,-1.710660745441089,-1.937141848177105,-1.6135483707862057,-0.07082942992196388,-0.5748787840791244,0.8622010892230493,0.68049279249309,-0.5601527779299383,-0.5539458841837791,0.3856734704290348,-1.7877954395268958,-2.014276542262912,-0.675697278318506,2.280993835920371,-1.5451336733614487,0.0,1.3844215353947518,0.0,0
34063.9164495,46.0,TARGET_1,34062.9164495,34064.9164495,249,1.1671370670562433,0.9860157515770774,0.9142779691943957,0.7249464190073454,0.22354732090028168,-0.5479987491141216,-0.13828034092355307,-0.1745538684767483,0.09657723993107507,129.884765625,141.486328125,9.31225128173828,0.8572747976711211,2.8360519409179688,1.60288319343004,1.0585705624577595,1.0983756827705173,-0.09170778193497454,-0.7627734378254833,-2.4435138692975102,-1.6073278595360028,-1.1760194865289753,-1.331011895371168,0.8376023427519874,0.7720647934879189,-0.6631141947790511,-0.6771964067144297,0.4024167840599766,-0.8432567946374787,-2.5239972261095054,-0.28980151237297813,1.2570805208957543,-0.37839843871599105,0.0,0.741512705340437,0.0,0
34064.9164495,47.0,TARGET_1,34063.9164495,34065.9164495,250,1.2359818356511953,1.2138449346497246,1.1074971969029406,1.2335248043105618,0.264776614375344,-0.17238478817643885,0.011840392117779144,-0.19171315411157352,0.24727071711230209,99.69921875,135.921875,11.467905044555664,1.8418911498462214,6.1677703857421875,1.8868824908603052,2.0597836430096326,1.8356561036056127,1.1391159951491656,-0.5631584373860609,-0.44842970226134127,-0.7878938515493511,-1.243686837326213,-0.44986145985419074,0.17412306402552719,0.6786233067994277,0.7923749612990965,1.0889360604397107,0.21318659270623874,-0.6057957559273086,-0.491067020802589,0.07242971196482376,1.8715554968450927,-0.5480034158729842,0.0,1.2819374716432819,0.0,0
34065.9164495,48.0,TARGET_1,34064.9164495,34066.9164495,249,0.7957552491274962,0.7066814762593551,0.6151734963173543,0.6761910349680694,0.28915799855560603,-0.114827999648467,-0.05753909193412295,-0.010862230437107783,0.17268251203745766,89.7314453125,95.7109375,13.303672409057617,1.4026003198439698,4.688423156738281,0.07085428952473248,-0.16898565541887378,-0.042938638023096706,-0.20970195485019122,-0.44511396939631737,-0.1427151936447222,-1.1666017590909648,-0.5305042984536233,-0.8860013022382673,-0.044968912615073894,0.0033781934464424657,0.1430021999993321,0.30473919188464366,0.0008445483616106164,-0.4452828790686395,-0.14288410331704432,-0.25585138008392855,-0.01706790635997058,-0.13480603195883872,0.0,0.0,0.0,0
34066.9164495,49.0,TARGET_1,34065.9164495,34067.9164495,249,0.48695512383517475,0.40184531698415865,0.5003807887491711,1.220628269951134,0.2329957707157946,-0.30934975741407605,-0.04817930233293805,-0.0048254760145769494,0.3101721682228064,86.400390625,78.587890625,11.539188766479493,2.375651706151001,6.82440185546875,-1.2030118359520496,-1.5086118875605252,-0.4809613790741794,1.1079047569403246,-0.7170279943529615,-1.1759230065103314,-1.115511348383344,-0.5066984601524571,-0.08205761009621645,-0.11818560040983143,-0.28416182543667495,1.5813956798029558,1.437014139918725,0.0,-0.7170279943529615,-1.1759230065103314,-0.5146057416626737,-1.01141418636649,-0.6761312608036543,0.0,0.0,0.0,0
34067.9164495,50.0,TARGET_1,34066.9164495,34068.9164495,249,0.48887960954127196,0.4408247138562565,0.2048128007523291,1.3110148036389617,0.46836373847239166,-0.1229684772919129,-0.10431117221766036,0.0062617819722017775,0.10566916364153293,94.9501953125,84.869140625,9.103762435913087,0.6035666087815231,2.0005645751953125,-1.1950729235321118,-1.3373138936247666,-1.6087812816793334,1.3266515578388085,0.42252529475631967,-0.18595357066885343,-1.4219071551688014,-0.46297604702074774,-1.2778486617195717,0.06973937808418859,-0.17868347472056847,-1.0381531801882298,-1.1200853803586956,0.017434844521047148,0.41903832585211026,-0.18944053957306287,-0.17608295233143448,-1.3709342695803273,-0.3197916765830775,0.07386378152178691,0.0,0.0,0
34068.9164495,51.0,TARGET_1,34067.9164495,34069.9164495,249,0.706188379829526,0.6633931156197272,0.5929077819654212,1.144235046266226,0.45191734508833936,-0.019601988051343767,-0.016625750578430274,-0.10300822285677257,0.18767337558892266,70.2744140625,60.484375,9.787736511230468,1.3469713080837007,3.8887100219726562,-0.29862807598817986,-0.35921972606566294,-0.12789951610066347,0.9230235295098022,0.34289873446684455,0.3630804577020683,-0.943276288930952,-0.8938804509530285,-0.7983451793971751,-0.47263507726554277,-0.5881664376218713,0.0607697414366121,-0.11918598520027139,0.0,0.34289873446684455,0.3630804577020683,0.08400333339118497,-0.2509914100430457,-0.2074986738204013,0.17135606315407317,0.0,0.0,0
34069.9164495,52.0,TARGET_1,34068.9164495,34070.9164495,249,0.9307668733547337,0.6989320658677074,0.9964081172066294,1.5712559534247512,0.2408916894074627,-0.36645743575196005,-0.10601723023090256,-0.0026637760838452303,0.06774037622169451,70.408203125,65.826171875,12.451579666137695,1.778161032573863,5.7615203857421875,0.6278059244564523,-0.20304104264382045,1.4117655602057348,1.9564679326363617,-0.6787992574462691,-1.4792520536620408,-1.431219672682714,-0.49817383327438275,-1.4996297777889076,-0.46969438942388875,-0.4984639223207048,0.6981672077912506,0.8735843352973947,0.0,-0.6787992574462691,-1.4792520536620408,-0.02039820154401434,0.7360224035486466,-0.7956797074107929,0.0,0.5111360421752498,0.0,0
34070.9164495,53.0,TARGET_1,34069.9164495,34071.9164495,249,0.8412794595172466,0.7399380914465947,0.814720734226205,1.8508998564606032,0.17826644291246183,-0.4534692113736841,-0.12980595264805653,0.05523863962986722,0.3127014691742558,97.93359375,94.681640625,12.358449172973632,1.8520884461644793,5.5494537353515625,0.2586513295993896,-0.022836871091595008,0.7184880237366741,2.63324141518995,-0.9820045164493072,-1.9414175585203821,-1.5610704118860947,-0.26983664258414786,-0.06726802081463892,0.13531457046559706,-0.013906349721277723,0.8074489077958743,0.7611685346653368,0.033828642616399264,-0.988770244972587,-1.948183287043662,-0.37265878945485414,0.3582222360167824,-1.1865339239357544,0.0,0.16945807879749694,0.0,0
34071.9164495,54.0,TARGET_1,34070.9164495,34072.9164495,249,0.671409932177396,0.6070614524188763,0.4928267247748363,1.5501844794060018,0.29239751972841027,-0.24965515014727974,0.05495165443671521,-0.08249401696244427,0.08257204862246685,81.8623046875,63.568359375,9.730887603759765,1.245643343346153,4.075225830078125,-0.44209656169160055,-0.606773605183732,-0.5097859610376986,1.9054723103489049,-0.42942956236848484,-0.858853413255286,-0.5525710300064849,-0.8129830292234774,-1.4129044938559556,-0.21793287340374476,-0.536378404107962,-0.08901626765938772,-0.02031459802039237,0.0,-0.42942956236848484,-0.858853413255286,-0.36363274956209135,-0.4987232601611611,-0.7913787492057397,0.0,0.0,0.0,0
34072.9164495,55.0,TARGET_1,34071.9164495,34073.9164495,249,0.38075420167518137,0.3189248665920784,0.18606266113307848,1.2247669677221842,0.052051469281286115,-0.3272644880934025,-0.02658092391201697,0.053171449420704446,0.1407700572778363,78.5,61.892578125,9.313401031494141,0.97104321452427,3.2244110107421875,-1.6411132036440013,-1.8730122618151734,-1.680327529913233,1.1179209270528958,-1.5930846464565738,-1.2710776047201966,-0.9976166016890623,-0.2779885719840607,-1.072603097723011,-0.29183643719071345,-0.5645190834967739,-0.4949383396166447,-0.471328602009665,0.0,-1.5930846464565738,-1.2710776047201966,-1.2962784380294239,-1.7012180294724668,-1.1373712815601968,0.0,0.0,0.0,0
34073.9164495,56.0,TARGET_1,34072.9164495,34074.9164495,250,0.8443699613467557,0.7416229138732153,0.7669361425673865,0.39801893909843883,0.024472875534562937,-0.17659610027847675,-0.17142601874315477,-0.05329988473617446,0.37198526301291,77.8505859375,80.95703125,11.92461051940918,2.3244666341022806,7.314964294433594,0.27140030626385453,-0.015432787781504701,0.5361529411185543,-0.8829134786028995,-1.7266086663673341,-0.4707982054880293,-1.7882535389734484,-0.6978564657628957,0.279382290381024,-0.30611057890385146,-0.24437785795575545,1.5057323850024822,1.697059598432205,0.069845572595256,-1.7405777808863854,-0.4847673200070805,-0.8407409373566875,0.2962202737646392,-0.48145363954326886,0.0,0.0252368896448587,0.0,0
34074.9164495,57.0,TARGET_1,34073.9164495,34075.9164495,249,0.5321714665600465,0.5705501180292256,0.5290231835054058,0.5843060191092909,0.07861906358712176,-0.35839309097527355,-0.1340047366240172,-0.07907325072084564,0.24458064007665292,92.603515625,85.181640625,13.34902229309082,1.6008682004227666,5.2939605712890625,-1.0164848154055492,-0.767225506412142,-0.3716685456950109,-0.4320752714222485,-1.464455463125031,-1.4364180585109465,-1.5839894738463391,-0.7994932957816714,-0.4655911556305105,0.018159284044082347,-0.17343579558046368,0.4360876738933473,0.6257324887750522,0.004539821011020587,-1.4653634273272351,-1.4373260227131506,-0.9000019767064873,-0.7416282323598323,-0.5358949051503219,0.0,0.0,0.0,0
34075.9164495,58.0,TARGET_1,34074.9164495,34076.9164495,249,0.8123918239070604,0.711190043885226,0.8604724656298376,0.29075055119483517,0.2811717784740071,-0.35437197857894004,-0.08028183973424456,-0.21299692502451406,0.09861797645304277,116.150390625,151.859375,11.096534729003906,2.070263765454248,6.729866027832031,0.1394836951494434,-0.14917240401404694,0.8930661761454304,-1.1425164939424606,-0.4837799078767314,-1.4150598063954751,-1.2907430459400784,-1.3276190256063034,-1.319079090390202,0.5357203441751858,0.9462549429447726,1.1299621492717522,1.3869010234403891,0.3704938217799896,-0.5578786722327294,-1.489158570751473,-0.17619018113664098,0.28993227039834235,0.05724503687276118,0.0,0.09361578869551353,0.0,0
34076.9164495,59.0,TARGET_1,34075.9164495,34077.9164495,249,0.8094504962689428,0.7363110794524338,0.6414360331560037,0.33223449985968284,0.3664090693655191,-0.36410308118596435,-0.0467113043436744,-0.13358291506811432,0.22928493120436552,135.2958984375,136.81640625,9.026474761962891,0.5305784910517399,1.7118453979492188,0.12735009371848627,-0.03877605764749168,0.057273201358664545,-1.042120110888174,-0.07109658433019254,-1.4667468328590616,-1.1074982814891967,-1.0144512292133743,-0.5550298014595416,0.9565392137782998,0.6936447883379777,-1.146046385134071,-1.27313442134729,0.41254600052906937,-0.15360578443600642,-1.5492560329648755,-0.17330138123240474,0.0077160510399926704,0.1407197525217352,0.0,0.0,0.0,0
34077.9164495,60.0,TARGET_1,34076.9164495,34078.9164495,249,0.7612628004216438,0.7312060238433917,0.728270063305538,0.6753381285675958,0.32925625437272377,-0.2832325994457274,-0.1122004708679321,-0.10580720005403568,0.33751688666213947,108.3056640625,99.33203125,8.923252868652344,0.5730183791666172,2.04144287109375,-0.07143438976105707,-0.06121062192843288,0.38861201815606117,-0.2117660958118727,-0.2509749803933793,-1.0372009839833791,-1.4649708911513315,-0.904918169883255,0.07783524666579551,0.3632930052554299,0.06418567548240685,-1.0833104811447487,-1.0984159365615103,0.12632848185090806,-0.2762406767635609,-1.0624666803535607,-0.08636148814367023,0.07267733429882292,-0.06619844269160563,0.0,0.008336140010260382,0.0,0
34078.9164495,61.0,TARGET_1,34077.9164495,34079.9164495,249,0.811329291642718,0.8145760049139144,0.46778373544558666,0.5612565205527272,0.11433516936063448,-0.3829189245431041,-0.10295667777076593,-0.02287204206475348,0.34132109928995136,63.6806640625,67.837890625,10.907720947265625,1.9072369297378062,5.746192932128906,0.13510052381008394,0.3051652498866942,-0.605344285799709,-0.48785796233698514,-1.2915330123926048,-1.5666877165193744,-1.4145136473506055,-0.5778647861633979,0.10007963093840969,-0.617565911622096,-0.4646819878562801,0.888971035310629,0.865459304952388,0.02501990773460242,-1.2965369939395253,-1.571691698066295,-0.8706863950503168,-0.09379520049821186,-0.46527928979026173,0.0,0.0,0.0,0
34079.9164495,62.0,TARGET_1,34078.9164495,34080.9164495,249,0.3022425080871976,0.37878215495653283,0.3241086999762801,0.44725721862032775,0.33104855134604094,-0.2728146348771695,-0.15120836900110338,-0.21835031575163774,0.07869183995572493,50.662109375,71.50390625,12.382339096069336,1.119913661493165,3.5897750854492188,-1.964990620535814,-1.6099647484606285,-1.1535753902842605,-0.7637506377713453,-0.24229742783399133,-0.981865670802829,-1.6778954996502717,-1.3487300308075787,-1.4355932500022126,-0.9037141570023108,-0.4031201519439257,-0.2748736202515124,-0.2776503649802861,0.0,-0.24229742783399133,-0.981865670802829,-0.4216574328797604,-1.6099901155327332,0.05102160476126609,0.0,0.0,0.0,0
34080.9164495,63.0,TARGET_1,34079.9164495,34081.9164495,250,1.1756873146321358,1.077506401965073,1.099545941711018,1.6744993637969359,0.2634580253026824,-0.3129182877602258,0.004274746896713836,-0.045382684006412224,0.15045567986738984,56.0478515625,61.400390625,10.90503807067871,1.5314246822814304,5.005241394042969,1.6381547812930914,1.460633347748311,1.8053159307170703,2.206329995172853,-0.5695424943546326,-1.1948773562778914,-0.8291909253172743,-0.666635119460129,-1.015968326778185,-0.78533537271967,-0.5727841781424391,0.33343420141002994,0.47268344778645804,0.0,-0.5695424943546326,-1.1948773562778914,0.13808061078421963,1.661156896882528,-0.7982415941621909,0.0,1.1904259499746135,0.0,0
34081.9164495,64.0,TARGET_1,34080.9164495,34082.9164495,249,1.4162418550930211,1.2846684116964369,1.3249133163089697,1.51174284388716,0.1820292667100146,-0.22188670999495283,-0.169635140644871,0.0028137697064614027,0.22403872357428134,63.7685546875,108.78515625,9.171215438842774,0.5722674847304252,1.9111404418945312,2.6304933696685784,2.3710229261998066,2.6652663339798104,1.8124387084619837,-0.9637864969128753,-0.7113605587487675,-1.7784780310328625,-0.47657322469494584,-0.5857059675719063,-0.6156340728940021,0.22292796947057708,-1.0844204756180504,-1.1674888052834456,0.05573199236764427,-0.9749328953864042,-0.7225069572222963,0.11617049294051918,2.582410019628609,-0.8183152563929154,0.0,1.819774713854601,0.0,0
34082.9164495,65.0,TARGET_1,34081.9164495,34083.9164495,249,0.4953565799941868,0.5108597778361386,0.46915482927820973,0.9132392610224263,0.29087115064954905,-0.1758229702904521,-0.0656498024846354,0.0518466349893897,0.24163559469125767,46.759765625,118.62109375,9.78160514831543,1.2793811125095533,3.7941741943359375,-1.1683540442963223,-1.0295393530314034,-0.6001125050400552,0.363984622036806,-0.43681960325123476,-0.4666917037107305,-1.2108740719113142,-0.28321295514154354,-0.48281172862742566,-0.9894877965296784,0.3880986704053757,-0.03914409454432613,-0.16929910167860743,0.09702466760134393,-0.45622453677150354,-0.4860966372309993,-0.4252077883846767,-0.9562602674438466,-0.37176962825893084,0.0,0.0,0.0,0
34083.9164495,66.0,TARGET_1,34082.9164495,34084.9164495,249,0.5811137063394626,0.5219693217342867,0.6025904809097384,0.273697921648736,0.3021320973340811,-0.18305181950432228,-0.16940580849145367,0.033579058445575155,0.027084234922647783,51.5546875,128.701171875,11.252007675170898,0.9425883410852646,3.3419418334960938,-0.8145876778932458,-0.9807175975399465,-0.09095254950138609,-1.1837860062018792,-0.38229880777020625,-0.5050879405717906,-1.7772262214937813,-0.355250832271869,-1.7373585586372777,-0.8840952614747798,0.5573691206683812,-0.5370011792562237,-0.4090259178559432,0.1393422801670953,-0.41016726380362534,-0.5329563966052097,-0.2831657025091143,-0.6154427089104995,0.13342574105877852,0.0,0.0,0.0,0
34084.9164495,67.0,TARGET_1,34083.9164495,34085.9164495,249,0.8391093266717419,0.6903047569155503,0.7778094607501217,0.8703919325665105,0.3836984309605516,-0.3680403916904704,-0.0679750312304445,0.13852348143833126,0.10795789635597881,89.375,206.3515625,10.654903793334961,1.1609296143430798,3.67919921875,0.24969907053843207,-0.24095442343361895,0.5776430386658511,0.26028868809216404,0.01261127557958814,-1.487659968858148,-1.2235663328140072,0.05859571332396123,-1.2644657478347818,-0.052803591901232357,1.8613189930005474,-0.21424261969237582,-0.23024694005553614,0.47997867658112714,-0.0833844597366373,-1.5836557041743735,-0.021445362333969528,0.19435195910144942,-0.20445902024835821,0.0,0.03576156358799523,0.0,0
34085.9164495,68.0,TARGET_1,34084.9164495,34086.9164495,249,0.6163139988326863,0.5543627406787456,0.6389959011786417,1.3522401326296691,0.33064629302536647,-0.339586599449665,-0.019935364049263594,-0.04185610593709398,0.04720223003453852,109.6669921875,189.341796875,9.265238571166993,0.5857049833046803,2.0184478759765625,-0.6693789925938315,-0.8383621962977476,0.04796221532224176,1.426422048693678,-0.24424499443264683,-1.3365268473680614,-0.9613418137678503,-0.6527281188769526,-1.6197225435544742,0.3932150406661283,1.5756812578057178,-1.064556765842727,-1.110605504236896,0.4922240746179615,-0.34268980935623916,-1.4349716622916537,-0.2995448599698615,-0.5259398217566834,-0.7040645873310329,0.0,0.0,0.0,0
34086.9164495,69.0,TARGET_1,34085.9164495,34087.9164495,249,1.0310983804254314,0.9085953183537583,0.6927832633660603,0.5980020284632328,0.1988700797336424,-0.31546694294560945,0.03627709168551379,0.025152016407876978,0.06208456028758173,78.90234375,82.814453125,10.392504501342774,1.7294723054895622,5.2019805908203125,1.0416947078706673,0.718340441804326,0.25320249859761046,-0.39892920298690193,-0.8822503216411595,-1.2084146103109947,-0.6545061291270174,-0.3884827290934177,-1.532701047805153,-0.28299290879099487,-0.21318696506675755,0.6261940843123448,0.5769742180735092,0.0,-0.8822503216411595,-1.2084146103109947,-0.42193705225323513,0.7010515814118291,-0.25048059865958605,0.0,0.40634869653763334,0.0,0
34087.9164495,70.0,TARGET_1,34086.9164495,34088.9164495,250,0.60833962094995,0.48624404525626025,0.544096712676344,1.7924659322555927,0.19878212102503037,-0.33969195733334784,-0.19203799499520932,-0.16265584242448003,0.23608311930043407,59.322265625,41.953125,12.6203369140625,1.4361849848224526,4.696083068847656,-0.7022749956215275,-1.137715106084437,-0.31415140279770537,2.491823955505777,-0.8826761809314444,-1.3370864587442821,-1.900764009516491,-1.1290998233327678,-0.5152787351650584,-0.7133636476607952,-0.8993538106300859,0.1926480499577596,0.3087996848992712,0.0,-0.8826761809314444,-1.3370864587442821,-0.5640097502117208,-0.6535197602257716,-1.1533524784840965,0.0,0.0,0.0,0
34088.9164495,71.0,TARGET_1,34087.9164495,34089.9164495,249,0.5928316264426878,0.5721645934722294,0.36478772387350533,0.8367562851652919,0.3326171562558574,-0.36989151134620696,-0.1850031000620482,-0.11975109210873057,0.11700823271411456,67.45703125,70.69921875,11.482468032836914,2.118650658988089,6.1473236083984375,-0.7662487678412776,-0.7601305683977714,-0.9983535305667207,0.17888618304005557,-0.2347028987171709,-1.4974922432156554,-1.862364036148002,-0.9599056708331143,-1.211545688037131,-0.5345612409383295,-0.41663292572969557,1.2014890934254168,1.0780972942253662,0.0,-0.2347028987171709,-1.4974922432156554,-0.3786749769361242,-0.8462617949064815,-0.218745468761199,0.0,0.0,0.0,0
34089.9164495,72.0,TARGET_1,34088.9164495,34090.9164495,249,0.9809798425022781,0.7873714467200029,1.0405466167761073,1.9050210385497273,0.3415238346082616,-0.4389769830943196,-0.11444887603291636,0.13846113948638988,-0.04346200977246521,56.650390625,111.71484375,9.19369888305664,0.5867542397816955,1.96734619140625,0.8349450905954438,0.18561270114365802,1.5801879885714145,2.764221495516169,-0.19158048614649892,-1.8644416785156692,-1.4772438105449084,0.058349868897731715,-2.1498638335831135,-0.7720915449948487,0.2721249614090596,-1.0630057237329076,-1.1376943311412535,0.08261870757669783,-0.20810422766183848,-1.8809654200310089,0.259934995034668,0.9535208208601718,-0.8432377097100747,0.0,0.7029278320937142,0.0,0
34090.9164495,73.0,TARGET_1,34089.9164495,34091.9164495,249,0.9709825540458776,0.888132799673139,1.06546468736006,1.659384881710708,0.13563075593606005,-0.30100865912685665,-0.12554477609072132,-0.07490261269762293,0.1908971496176398,52.560546875,145.375,10.169709014892579,1.6157980026626428,4.729301452636719,0.7937041516574397,0.6284163105417371,1.6752696519462795,2.1697510439872847,-1.1884286861886517,-1.1316190272679707,-1.5378107800259533,-0.7830464557341494,-0.7794947955415008,-0.8619864404754833,0.837365600787598,0.45815735130072266,0.3264086356818291,0.2093414001968995,-1.2302969662280316,-1.1734873073073506,-0.3101812684880725,1.0377932985058582,-1.1394280002259929,0.0,0.6225507752171063,0.0,0
34091.9164495,74.0,TARGET_1,34090.9164495,34092.9164495,249,0.5879417357204458,0.5898293391841797,0.242994284007822,0.196281820804809,0.3398263393594697,-0.4761115949737675,-0.15694903730657353,0.09638755536039526,0.08505693542088533,41.0263671875,115.24609375,13.017895889282226,1.7541051381506485,5.838172912597656,-0.78642060599209,-0.682501468240801,-1.463089466343126,-1.3711427252473403,-0.1997990483937142,-2.061683218805518,-1.7092309370863399,-0.10756659388162261,-1.3983746075888572,-1.1155080762256684,0.33142373569224387,0.6626070696771489,0.914217575653931,0.08285593392306097,-0.2163702351783264,-2.07825440559013,-0.5054899794146263,-1.014899269653154,0.20348806538243536,0.0,0.0,0.0,0
34092.9164495,75.0,TARGET_1,34091.9164495,34093.9164495,249,1.049280749971399,0.8587302408437555,0.09307632000217195,0.34104922672025273,0.1543302353886778,-0.5538756514367761,-0.1910905975531352,-0.07536443290217837,0.262319108031872,74.587890625,110.39453125,12.497953414916992,2.1487427329473605,6.144775390625,1.11670084533121,0.499204476901058,-2.0351421595644967,-1.0207873611646023,-1.0978936252032145,-2.4747292020446636,-1.8955926406629873,-0.7848676358492169,-0.361868957055532,-0.3778247254656471,0.2499535170421168,1.2459720915341381,1.0767464927643249,0.0624883792605292,-1.1103913010553204,-2.4872268778967697,-1.1351228502866828,-0.119316736957397,-0.3231595703909919,0.0,0.0,0.0,0
34093.9164495,76.0,TARGET_1,34092.9164495,34094.9164495,249,0.561518791629738,0.5918501614832049,0.35599698310176003,0.27232914850175216,0.23960076823659657,-0.31039864888144564,-0.3309411088921517,0.1423414905316988,-0.12628733208429968,149.3310546875,210.373046875,9.73497657775879,1.0265709082340255,3.5642242431640625,-0.8954208642680753,-0.6736208073352584,-1.0318969885988636,-1.1870986096931533,-0.6850493580026991,-1.18149422317721,-2.658966644398774,0.07365196718942574,-2.6341685970808584,1.2650323937801338,1.928850063934771,-0.4128556524075202,-0.2911947784324649,0.8168836062260827,-0.8484260792479156,-1.3448709444224267,-0.9288294922925902,-1.0213600373312002,-0.2939823351847928,0.0,0.0,0.0,0
34094.9164495,77.0,TARGET_1,34093.9164495,34095.9164495,249,0.45188320227113105,0.5478992361657625,0.2431663124066528,0.4704194323949278,0.2856069211035727,-0.2646894937878847,-0.03493682754663399,-0.17021288487792774,0.3819273279781106,137.7763671875,137.708984375,9.132124710083009,0.5784146938749474,2.1129837036132812,-1.3476909638945047,-0.8667665700365639,-1.4624330452830188,-0.7076951618260069,-0.4623068016619685,-0.938708754319481,-1.043227300937242,-1.1589008916038872,0.33751655762265825,1.0110599956600599,0.7086334718819021,-1.0753334883562289,-1.06049238775856,0.514302506291155,-0.5651673029201996,-1.041569255577712,-0.8050259044996532,-1.3688111895525696,-0.26135861971140206,0.0,0.0,0.0,0
34095.9164495,78.0,TARGET_1,34094.9164495,34096.9164495,249,0.8420129858002062,0.754096874142355,0.6188333621618444,0.4357663467177663,0.23344052040454918,-0.3766048170779133,-0.1238292732497748,-0.13487038612107372,0.21171978559954283,92.5244140625,91.841796875,11.081844711303711,1.9771886412559414,5.950592041015625,0.2616772813638995,0.03938500166632337,-0.028973426268416334,-0.7915599957106695,-0.7148747023163208,-1.533150156303776,-1.5284467079208548,-1.0195283493940115,-0.6577385317186161,0.016420629188797865,-0.061594633906980105,0.9923757343478093,0.9738105682540668,0.004105157297199466,-0.7156957337757607,-1.5339711877632158,-0.4019022994680723,0.11487530415849381,-0.07853732774598533,0.0,0.0,0.0,0
34096.9164495,79.0,TARGET_1,34095.9164495,34097.9164495,250,0.7207848612935055,0.6451400939183449,0.6203739780218426,0.7557086477940134,0.23140148359254847,-0.43657936324887253,-0.27420168461844063,-0.08519682057184283,0.13542118562965655,82.779296875,83.73046875,12.73671760559082,1.3847580652597944,4.486579895019531,-0.23841448873489904,-0.43943405085299203,-0.023094788189404553,-0.01725931200214563,-0.7247468660091017,-1.851706652958361,-2.3492545020349263,-0.8236414892471297,-1.1038795714661302,-0.19777735600729873,-0.19780470558732535,0.11662724897410813,0.19774277435975804,0.0,-0.7247468660091017,-1.851706652958361,-0.4043844733523571,-0.20325650596759456,-0.3133423845401761,0.0,0.0,0.0,0
34097.9164495,80.0,TARGET_1,34096.9164495,34098.9164495,249,0.7986151155839095,0.8130344995886055,0.7017106523791039,0.9452742214847983,0.31253617582712667,-0.14603208036788873,-0.0792513756626059,-0.004370733913604289,0.06792373864132926,86.892578125,63.076171875,10.984626770019531,2.044998153868234,6.2418670654296875,0.08265184627366061,0.2983909847349491,0.28726737509335837,0.441513262998474,-0.33192660980331057,-0.3084565501023578,-1.2851182578964668,-0.5049051924183774,-1.4985576021450717,-0.10736730353250579,-0.544643498753627,1.0926137712929689,1.128214455019454,0.0,-0.33192660980331057,-0.3084565501023578,-0.11074279161848123,0.19741510905281254,-0.2597176597451557,0.0,0.11604201801327252,0.0,0
34098.9164495,81.0,TARGET_1,34097.9164495,34099.9164495,249,0.7631003141367119,0.6023074589403229,0.6371810069571229,1.214350797415538,0.3121175177510589,-0.3848800692782632,-0.01036182891198093,-0.04084788071797742,0.0881780753359811,88.087890625,58.3828125,9.154352569580078,0.5132347706107556,1.6249847412109375,-0.06385425528245765,-0.6276653996035376,0.041036993690412416,1.0927124823960626,-0.33395357716060436,-1.5771043921951524,-0.9090846730704046,-0.6487521998884535,-1.380124356503413,-0.08109429683042921,-0.6234570798390761,-1.1716843881716381,-1.319178956179495,0.0,-0.33395357716060436,-1.5771043921951524,-0.17341521901572932,-0.13990454700616914,-0.4713536226209324,0.0,0.0,0.0,0
34099.9164495,82.0,TARGET_1,34098.9164495,34100.9164495,249,0.7336565019764449,0.6564229503608343,0.5938995665818263,0.5151286755641298,0.20032114416956256,-0.449526471296992,0.05777061992629978,-0.15159130613559565,0.0634635277825157,70.732421875,96.423828125,10.593072891235352,1.8595877197125628,5.7257537841796875,-0.18531623616850634,-0.3898506598937783,-0.12411509263498258,-0.5994931596601424,-0.8752248743535644,-1.9204755831952094,-0.5371837071317002,-1.0854670128299118,-1.5246378069041318,-0.46256805100469806,0.015349461484806544,0.8185345568444472,0.8546245830537953,0.003837365371201636,-0.8759923474278047,-1.9212430562694498,-0.5137839055868387,-0.20537832548250767,-0.21216320580124873,0.0,0.0,0.0,0
34100.9164495,83.0,TARGET_1,34099.9164495,34101.9164495,249,0.6297071797567528,0.5702062628867933,0.5246114835367574,0.8862488079351147,0.10264375958650637,-0.42084739182865116,-0.01957100143684971,-0.09342492901549523,0.2043023979055158,57.3876953125,88.06640625,12.390259933471679,1.4000463796881857,4.266853332519531,-0.6141292757247097,-0.7687366046032305,-0.38850258466751764,0.2986643245681457,-1.3481379301705834,-1.7681458422302516,-0.959352940480317,-0.8560888948270191,-0.7011102457386599,-0.7558855645536168,-0.12499315751837123,0.13922688975407296,0.08126648071307273,0.0,-1.3481379301705834,-1.7681458422302516,-0.8386015077607003,-0.5660813996303966,-0.7036910533617937,0.0,0.0,0.0,0
34101.9164495,84.0,TARGET_1,34100.9164495,34102.9164495,249,0.6705646189300277,0.5362150703565777,0.47128173729981976,0.56875805682272,0.32062815110061127,-0.18469347285302043,-0.10113686718139438,-0.06862081398927411,0.2126276083824609,55.3984375,59.92578125,10.904271697998047,2.0182661307557095,5.968482971191406,-0.4455836584349061,-0.9181135462479592,-0.5919967100446649,-0.469703299314369,-0.2927486489015689,-0.5138076287206903,-1.4045802114099837,-0.7582742894632658,-0.6524302167503545,-0.799609514432808,-0.5975466640848086,1.0530977002117219,0.983294488691618,0.0,-0.2927486489015689,-0.5138076287206903,-0.3090109344070291,-0.5913342040609324,-0.024166338477917243,0.0,0.0,0.0,0
34102.9164495,85.0,TARGET_1,34101.9164495,34103.9164495,249,0.6884021296324581,0.565193037066968,0.8329139402541844,0.55397247231357,0.2747661733799356,-0.26853694250275695,-0.006117708595715481,-0.0628299330162616,0.16865417048630443,55.376953125,68.59765625,8.878284454345703,0.4806775492658067,1.7246246337890625,-0.3720001369737489,-0.7907676157268977,0.7879091406499528,-0.5054862769198736,-0.5147931694656367,-0.9591445868837524,-0.8859181427006292,-0.7354380489247545,-0.9095562362580127,-0.8000817416774532,-0.45192356794690036,-1.2198114404137912,-1.2663601924633245,0.0,-0.5147931694656367,-0.9591445868837524,-0.08615895804361201,-0.04978538555608311,-0.024331807274631925,0.0,0.0,0.0,0
34103.9164495,86.0,TARGET_1,34102.9164495,34104.9164495,250,0.4778786097219514,0.36417158954712936,0.3001142308130269,0.5491113336462848,0.18214911863526403,-0.24238345622195717,0.0071009109989146,-0.008925991769230411,0.19476814127326994,142.7158203125,147.65625,9.390178298950195,1.078708167270143,3.1298751831054688,-1.2404543850938348,-1.6741720155230269,-1.2451328016878653,-0.517250845034247,-0.9632062240026494,-0.8202296054987073,-0.8137643088161628,-0.5228687742275725,-0.7568599340528444,1.1196293321789352,0.875673658510363,-0.3357848065018335,-0.521441718488001,0.49882574767232457,-1.0629713735371142,-0.9199947550331722,-1.0206238927854603,-1.4036592191384325,-0.5186372812816902,0.0,0.0,0.0,0
34104.9164495,87.0,TARGET_1,34103.9164495,34105.9164495,249,0.7036383637568063,0.593285706759127,0.7797681109702076,0.5240922915390386,0.3222049685520239,-0.18457775193966236,-0.017544395868036338,-0.12068418295785567,0.34558991121096116,98.50390625,95.10546875,11.914135360717774,1.8866441672229453,5.766632080078125,-0.3091474340725844,-0.6673121918690857,0.5851168003388454,-0.5778000795187375,-0.2851143580921228,-0.5131929738195272,-0.9482907141627599,-0.9635852987125698,0.12504066809607142,0.14785005732345058,-0.006789184887510586,0.858530201712994,0.8762940268509807,0.0682226813548805,-0.29875889436309894,-0.5268375100905033,-0.035093862153713205,-0.07802130579111635,0.061294353737287144,0.0,0.0,0.0,0
34105.9164495,88.0,TARGET_1,34104.9164495,34106.9164495,249,0.4292322413848835,0.462203957950712,0.25879422101180927,0.9571684372267643,0.32992972248682106,-0.3829527404192603,-0.18297231051032956,0.024289039837608335,0.07736237404534389,61.51171875,67.79296875,12.251651000976562,1.6485968558792063,5.030792236328125,-1.441130990044675,-1.243361141167875,-1.402800517144761,0.47029876385347374,-0.24771432937172685,-1.5668673305010945,-1.8512789715601274,-0.39188586250776286,-1.4433670401346708,-0.6652393984565013,-0.4654363417326702,0.5066415909571624,0.4862278612386368,0.0,-0.24771432937172685,-1.5668673305010945,-0.48694301044064003,-1.3881613547543452,-0.33713968057772015,0.0,0.0,0.0,0
34106.9164495,89.0,TARGET_1,34105.9164495,34107.9164495,249,0.5091657025238481,0.3038317493535149,0.47533505685366106,0.9235538199569334,0.3881532095466011,-0.332311143360748,0.04143302106835342,-0.1003936204298254,0.187942334939292,92.4921875,80.376953125,10.082839202880859,1.1449324541921837,4.13909912109375,-1.11138847993186,-1.9393401404554362,-0.5765301688423419,0.3889471543692763,0.03417945088556705,-1.2978830567732453,-0.6263624890482471,-0.8835698107909186,-0.7967724925553333,0.015712288321830116,-0.254118862359575,-0.2378900972873184,0.013544413452178787,0.003928072080457529,0.033393836469475545,-1.298668671189337,-0.1267479501724883,-1.0903676139673126,-0.13913859732915382,0.0,0.0,0.0,0
34107.9164495,90.0,TARGET_1,34106.9164495,34108.9164495,249,0.7322189316430628,0.6977449691965627,0.5642278394261961,1.172805944833539,0.3019493581301094,-0.4026707162584367,0.08157531761767661,0.026719129355050327,0.13927140380059685,130.544921875,161.021484375,8.940499114990235,0.32909142018803916,0.8763656616210938,-0.19124651922442243,-0.20825783137562512,-0.23733562323976193,0.9921687041879239,-0.38318355458991993,-1.6715999163308028,-0.40724576689539127,-0.38230284586331065,-1.0813661788387945,0.852112598087448,1.1001103357337203,-1.4438905617864541,-1.7160193506758041,0.4880557334552921,-0.48079470128097834,-1.7692110630218614,-0.44578492487830157,-0.28398832807832564,-0.6509463995513045,0.0,0.0,0.0,0
34108.9164495,91.0,TARGET_1,34107.9164495,34109.9164495,249,0.8660223287882725,0.7547238511992872,0.7426570755223006,1.12522702893002,0.2543976783639501,-0.12717408773020236,-0.0702988932021717,-0.1215976691912721,-0.1799707071800449,121.8056640625,136.0546875,9.667396926879883,1.2847709774666396,3.937255859375,0.36072092229020575,0.042140301150526076,0.4435095692307119,0.8770217324049535,-0.613408905969236,-0.20829178934743284,-1.2362511331804955,-0.9671876161237087,-2.9480715624278555,0.6600234338906479,0.6808535704339723,-0.03117663596979134,-0.09345200407270685,0.335219251081155,-0.6804527561854671,-0.27533563956366386,-0.3471764363646177,0.2756979368292737,-0.6210803058845117,0.0,0.056509418291337016,0.0,0
34109.9164495,92.0,TARGET_1,34108.9164495,34110.9164495,249,1.059231431796943,0.6845870892913177,1.2829418490702154,1.9239899578519872,0.3675872621668148,-0.21720276605635283,-0.033518366966685365,-0.18308900784422424,0.28605713329460414,117.6279296875,43.138671875,11.816151428222657,1.6045058447295912,5.1738739013671875,1.1577495220147394,-0.26608115890457124,2.505112805804381,2.8101286704522255,-0.06539226740585277,-0.6864816581672838,-1.0354846339874453,-1.209677663330354,-0.22306552846774697,0.5681966996819193,-0.8794454278923134,0.4414649478240073,0.5620749588445374,0.14204917492047983,-0.09380210238994874,-0.7148914931513798,0.5391747514065035,1.3232531589191798,-0.7647953789851223,0.09552831917484146,1.0057023265406304,0.09607305284465398,0
34110.9164495,93.0,TARGET_1,34109.9164495,34111.9164495,250,0.899054217822883,0.7613233635604841,0.787469626193906,1.430913877858419,0.28641986745218695,-0.4505498556665286,-0.12423266162471197,-0.32315471061165235,-0.18643379267388707,95.4541015625,57.48828125,11.02844467163086,2.135275597363333,5.912269592285156,0.4969844826170209,0.07114237196595462,0.6145040225761754,1.6168224256229347,-0.45837085534666216,-1.9259113181912082,-1.5306486033296587,-1.762024377845651,-2.9858631822392,0.08081525345859342,-0.638478561377626,1.2260645714501122,0.9534959702336744,0.020203813364648354,-0.46241161801959185,-1.929952080864138,-0.10575133760789379,0.4499173274678145,-0.654248810167661,0.0,0.28975109903296165,0.0,0
34111.9164495,94.0,TARGET_1,34110.9164495,34112.9164495,249,0.6027024609070596,0.5557116318107646,0.3107663499696417,1.1056799383488911,0.2841799203884025,-0.42060312827559343,-0.1307558348698306,0.16143178422663876,0.15224813755511946,74.4990234375,52.75,8.792692565917969,0.5439980125644693,1.885589599609375,-0.7255294784872048,-0.8324343892126157,-1.204486749078541,0.8297153101201632,-0.46921574247508363,-1.7668484294661655,-1.5662553439093705,0.14893421540004376,-1.0054872833930804,-0.37977802906849756,-0.718046496339465,-1.1262092495854004,-1.1810332187356245,0.03723355385001094,-0.4766624532450858,-1.7742951402361677,-0.5725944250169351,-0.9201305384167563,-0.5425086460338107,0.0,0.0,0.0,0
34112.9164495,95.0,TARGET_1,34111.9164495,34113.9164495,249,0.5651224973455139,0.48628877390355596,0.36949016916261695,0.9150834943704743,0.2016876610838693,-0.39296744984567955,-0.11906502982329106,-0.1700296502582955,-0.1425543552125009,59.72265625,91.642578125,8.964899826049805,0.7825396460776148,2.5984344482421875,-0.8805548125358477,-1.1375185425619598,-0.9804100738889001,0.36844789912616893,-0.8686087708150741,-1.620060742599618,-1.5024410856001007,-1.1581783090005833,-2.729286811764705,-0.7045630490105897,-0.06494002935879692,-0.7735899171067466,-0.8031566207986662,0.0,-0.8686087708150741,-1.620060742599618,-0.7228373424205159,-0.9668969000146385,-0.5518263365875019,0.0,0.0,0.0,0
34113.9164495,96.0,TARGET_1,34112.9164495,34114.9164495,249,0.40403389640165566,0.28703551782402026,0.4941915865884862,1.5363483359236318,0.5379461314011638,-0.1830530818698157,-0.17813492454160207,-0.010951013775222831,0.24720266044986197,66.7548828125,101.07421875,10.943236160278321,1.6526978387695104,4.6041107177734375,-1.5450795168201266,-2.0131524874274462,-0.5045779602383813,1.8719870996648222,0.7594141479076388,-0.5050946456617789,-1.8248741006790254,-0.5308544140361152,-0.4502594077871117,-0.5499944858883238,0.09344148668849112,0.5127037857530478,0.2600454585134798,0.02336037167212278,0.7547420735732143,-0.5097667199962034,0.2831235574876419,-1.278022621888798,-0.26906469278999645,0.4354609903639611,0.0,0.0,0
34114.9164495,97.0,TARGET_1,34113.9164495,34115.9164495,249,0.9968776965042269,0.937864464163882,0.7356074820536722,1.6520952577159191,0.38710771776841824,-0.3167224592727684,-0.10396779631911669,0.23509396325191603,0.10036054635450903,53.2978515625,54.068359375,11.610729217529297,1.0209572736712964,3.1503143310546875,0.9005271160615506,0.8469659815462284,0.4166099314415228,2.152109235373181,0.029117616830913295,-1.2150833207591287,-1.4200328378570668,0.4394197644299037,-1.3088897560121175,-0.8457804600342514,-0.6959078499671479,-0.4211538938638887,-0.5106069965894083,0.10985494110747593,0.007146628609418108,-1.2370543089806239,0.08061939331869167,0.703965633375355,-0.6453049219209512,0.0,0.4869288338049917,0.0,0
34115.9164495,98.0,TARGET_1,34114.9164495,34116.9164495,249,0.5584235869200349,0.6262913258374967,0.3258970004734287,0.9647569436497653,0.4088595777226659,-0.32551353906831254,-0.14563601425102346,0.22237480269917884,0.20526465653524031,71.5244140625,71.501953125,9.979872512817384,0.9654011697015912,3.1043243408203125,-0.908189241312529,-0.5222664294812221,-1.1467516442277546,0.4886639056052545,0.13443102796059167,-1.2617773894978346,-1.6474788017413675,0.3892619713093262,-0.6954836278748885,-0.44516003757709666,-0.40315294993855133,-0.5032785779636669,-0.5349861319401799,0.09731549282733155,0.11496792939512536,-1.2812404880633008,-0.24778442309645257,-0.9290988438906963,-0.1935179972026182,0.0,0.0,0.0,0
34116.9164495,99.0,TARGET_1,34115.9164495,34117.9164495,249,0.6882364002777959,0.6207434100699578,0.48354172727427364,1.8977449781043019,0.20166654301434359,-0.2889351745462639,-0.1643727288775514,0.054544029302131265,0.19332419805687978,67.0,58.80859375,9.321321105957031,0.5422371938360175,1.959686279296875,-0.37268380577311044,-0.5466471772034696,-0.5452153898054904,2.746612512400633,-0.8687110156779458,-1.0674903727643852,-1.7497531568678555,-0.27257582658717544,-0.765303107691036,-0.5446068023244176,-0.6163071170106832,-1.1288121441640038,-1.141754824155881,0.0,-0.8687110156779458,-1.0674903727643852,-0.6140949060742429,-0.46786253447051523,-1.2381207849421343,0.0,0.0,0.0,0
34117.9164495,100.0,TARGET_1,34116.9164495,34118.9164495,249,0.615074846442735,0.6129042954404391,0.6092816575193304,1.4014669606636914,0.17525108472060263,-0.46807587789646793,-0.3837149057620575,0.07271128330795443,0.1348028920280589,60.3046875,67.32421875,9.961476516723632,0.8242647034526024,2.40936279296875,-0.6744907594765952,-0.5810967766848362,-0.0654205485452321,1.5455571754816222,-0.9966036200492041,-2.0190012804886344,-2.9470324099308,-0.20093356967762155,-1.1074949215563663,-0.691769983655657,-0.4733078604428274,-0.7119106971629844,-0.9033828537553383,0.0,-0.9966036200492041,-2.0190012804886344,-0.5644871281633703,-0.44263738909226635,-0.9037700207000905,0.0,0.0,0.0,0
34118.9164495,101.0,TARGET_1,34117.9164495,34119.9164495,249,0.5265929850399421,0.34786037014411075,0.5795266607440802,1.2232119449268504,0.211404259993716,-0.48952694763881427,-0.1910256349865859,-0.017126202143223163,0.10319586044176149,53.6220703125,70.564453125,9.72271270751953,0.8752077266049293,2.3914794921875,-1.039497236897711,-1.7458529389490935,-0.1789588169907238,1.1141575759437772,-0.8215650615448218,-2.1329392435561045,-1.8952380424992417,-0.5552061642446697,-1.2923108151744505,-0.8386541216150607,-0.41889598735886574,-0.6366052062352207,-0.912862729877138,0.0,-0.8215650615448218,-2.1329392435561045,-0.4966004880973329,-0.879579930340542,-0.7048669132709129,0.0,0.0,0.0,0
34119.9164495,102.0,TARGET_1,34118.9164495,34120.9164495,250,0.44667256962663954,0.44785772523202305,0.37889898332184463,0.26315227704516253,0.3465610406139561,-0.6132221639206363,-0.06426665809884188,-1.6090407199632564e-05,0.08759772960629687,47.3203125,77.3359375,9.175304412841797,0.442316853744041,1.6556396484375,-1.369185930620434,-1.3064067776437456,-0.9445081890447149,-1.209307794971999,-0.1671924407959679,-2.7899498800242224,-1.2033241784041797,-0.48773272988026545,-1.3835178138847615,-0.9771669584193909,-0.3051853399917198,-1.2765173606721787,-1.3029288954894818,0.0,-0.1671924407959679,-2.7899498800242224,-0.32808288969896104,-1.2079928904735946,0.23061388382806905,0.0,0.0,0.0,0
34120.9164495,103.0,TARGET_1,34119.9164495,34121.9164495,249,0.6112350424899499,0.5052846461115766,0.6926321429867512,1.2701292132920454,0.34246934653737054,-0.3239975803479306,0.003575225533686914,-0.13900511641429583,0.15731666511720035,50.2255859375,71.501953125,10.969935989379882,1.8355611750868226,5.618446350097656,-0.69033076659866,-1.0540397033954356,0.25262585776235247,1.2277032773115037,-0.18700271271803295,-1.2537253319189199,-0.8330092626152917,-1.035833587919536,-0.9758500664922696,-0.9133089560185104,-0.40315294993855133,0.7830178044732926,0.7977412820072457,0.0,-0.18700271271803295,-1.2537253319189199,-0.03969502755433002,-0.4330377354316608,-0.4343355538974435,0.0,0.0,0.0,0
34121.9164495,104.0,TARGET_1,34120.9164495,34122.9164495,249,0.7065070866202428,0.6454790399251203,0.6895494319580017,0.5481143956204481,0.4127367713842489,-0.4375249165773837,-0.1723854370493303,-0.06815730051805845,0.08043133966838739,51.431640625,71.546875,12.969989395141601,1.4354793614583015,4.499351501464844,-0.29731334276302596,-0.4379445262407032,0.24086293690016042,-0.5196635606783608,0.15320277855895548,-1.8567289861807248,-1.793490523712583,-0.7564464319799483,-1.4254218679486228,-0.8867998356941111,-0.4023985960621613,0.19160497652867367,0.2045129589279716,0.0,0.15320277855895548,-1.8567289861807248,0.14447726243246561,-0.13707788157644618,0.2379792173793113,0.15775394018407063,0.0,0.0,0
34122.9164495,105.0,TARGET_1,34121.9164495,34123.9164495,249,0.7503484930644984,0.566568160818229,0.8459970462733536,1.3418618731177092,0.3339075003751275,-0.3539360325261804,-0.029718722678024785,-0.09458954639028652,0.11177958403392867,55.578125,46.802734375,11.491410827636718,2.2200787991054938,6.400276184082031,-0.11645822649735448,-0.7847245273544082,0.837831283627324,1.4013053529370265,-0.22845559200329527,-1.412744266617956,-1.0147442759749148,-0.8606815436191472,-1.2421191816474106,-0.7956599774775939,-0.8179163899745846,1.3514231847452853,1.212186582970361,0.0,-0.22845559200329527,-1.412744266617956,0.08380724530501857,0.08388984187487217,-0.4679764721558419,0.0,0.07548433837341423,0.0,0
34123.9164495,106.0,TARGET_1,34122.9164495,34124.9164495,249,1.1716065374703697,0.9839807880274769,1.0712190472836731,1.1205459392331254,0.43803619135170313,-0.2957164331342738,0.07810913651628504,-0.001899901465685899,0.19071534002297735,63.625,43.361328125,9.153458404541016,0.6229606582587053,2.069549560546875,1.6213207084860544,1.049627756725727,1.6972269744986588,0.8656929054864319,0.27569199198617816,-1.1035092193688683,-0.4261659161298003,-0.49516150672116127,-0.7805578913470699,-0.618789409483222,-0.8757064565049887,-1.009484319830463,-1.0835166773325384,0.0,0.27569199198617816,-1.1035092193688683,0.5759373392170627,1.5335493112384004,-0.03301593924581045,0.3799316051168773,1.1886719857102928,0.45161405548837735,0
34124.9164495,107.0,TARGET_1,34123.9164495,34125.9164495,249,0.712485101512852,0.669079618547514,0.5587169354005604,0.47874900504746765,0.28946204821079546,-0.39023179052883716,-0.03596280662593679,0.021931218303957337,0.03401624444088072,50.9501953125,51.095703125,9.22946891784668,0.8432635425240977,2.751739501953125,-0.27265276122316456,-0.3342299462792817,-0.25836397371703085,-0.6875365464188982,-0.44364188809347005,-1.6055302108381997,-1.0488276076505862,-0.401183891588358,-1.6968249979267966,-0.8973820189491143,-0.7458263977873949,-0.6838260485731571,-0.7218901400855935,0.0,-0.44364188809347005,-1.6055302108381997,-0.30859403188066625,-0.2799671226072412,-0.003980110472538129,0.0,0.0,0.0,0
34125.9164495,108.0,TARGET_1,34124.9164495,34126.9164495,249,0.8187315056805993,0.6569247910615277,0.665797603424883,0.5238034079244321,0.43386563964485386,-0.5091679846512892,-0.18942632873755025,0.04902723519616958,0.1658370948231443,53.095703125,39.02734375,11.519387435913085,2.0072877419944395,6.423271179199219,0.16563622941402226,-0.38764528186840347,0.1502313866958724,-0.578499214267564,0.2554999243898975,-2.2372631666337703,-1.886508229480779,-0.29433121023127123,-0.9260285315020371,-0.8502236891088673,-0.9484852065793171,1.0368691196504303,1.224376150645747,0.0,0.2554999243898975,-2.2372631666337703,0.17808280508841173,0.04958823220618465,0.2947204428693414,0.2245842725521733,0.0703283235620116,0.015794635386988245,0
34126.9164495,109.0,TARGET_1,34125.9164495,34127.9164495,250,0.5455690217210489,0.5604502119814408,0.3717444771061778,0.5919675294037752,0.39692778910994075,-0.3784340854439897,-0.2799895131590832,-0.13018683769498834,0.013768425824924234,81.986328125,37.708984375,13.143090438842773,1.4322782840267188,4.698646545410156,-0.9612170538797026,-0.811610329774137,-0.9718081499032215,-0.41353345110244877,0.07666229635201233,-1.5428663669188136,-2.380847363610499,-1.0010588559041098,-1.8152201303867266,-0.21520683430965673,-0.9706238529516342,0.1868730487284267,0.3101585749918158,0.0,0.07666229635201233,-1.5428663669188136,-0.2007877744821986,-0.9350025926668211,0.09686178061578866,0.0,0.0,0.0,0
34127.9164495,110.0,TARGET_1,34126.9164495,34128.9164495,249,0.2611757417802512,0.317924768039576,0.3166466852914129,0.5565214941533326,0.44897886509081464,-0.24211181175119662,-0.13183509933204662,-0.0746837334305145,0.08743040484834176,83.03515625,66.8984375,11.231567001342773,2.1857550607509744,6.533134460449219,-2.1343997567263133,-1.8774072727575914,-1.182048733193152,-0.4993173228719818,0.3286718429400247,-0.8187867582165551,-1.5721465088806186,-0.7821833090703042,-1.3844962124598212,-0.19215355882106994,-0.4804578232712202,1.3006848145560177,1.2826142974690895,0.0,0.3286718429400247,-0.8187867582165551,-0.11474266968127439,-1.7496784016959626,0.21971108232328335,0.11823923619876597,0.0,0.0,0
34128.9164495,111.0,TARGET_1,34127.9164495,34129.9164495,249,0.5989543489355872,0.6236543591777061,0.5707021429313991,0.4223176125808844,0.3381970132493655,-0.35234396302354604,-0.055845070514579376,0.06511033280506023,0.29372052590212316,65.9140625,95.486328125,8.982144927978515,0.5712291178120735,1.9162445068359375,-0.7409912367051877,-0.5338547847443831,-0.21263116049276032,-0.8241076269622187,-0.2076875641739114,-1.4042879444684875,-1.1573549433226882,-0.23090778859428357,-0.17825534915565797,-0.5684757430537551,-0.0003935759355078601,-1.0859554204585993,-1.1647831580456112,0.0,-0.2076875641739114,-1.4042879444684875,-0.16738595041884136,-0.5146379196386772,0.14307953123178185,0.0,0.0,0.0,0
34129.9164495,112.0,TARGET_1,34128.9164495,34130.9164495,249,1.0056822115257442,0.9816968109089402,0.8399212314631843,0.4200959141182196,0.34075408864773715,-0.29797774124047266,-0.04243806652213911,0.03029899507612033,0.3566254174839172,55.0849609375,73.982421875,8.698795700073243,0.38861922238488483,1.4895706176757812,0.9368476111602659,1.0395906414803509,0.8146473626827957,-0.8294844171923595,-0.1953072742453846,-1.115520221271474,-1.0841728132194892,-0.3681857063325706,0.1895686180807368,-0.8064997392296761,-0.3614994967639695,-1.3558947953224156,-1.3909615164550166,0.0473921545201842,-0.20478570514942146,-1.1249986521755109,0.07918166420847106,0.9075173070791407,0.19772659876096232,0.0,0.6416200168930557,0.0,0
34130.9164495,113.0,TARGET_1,34129.9164495,34131.9164495,249,0.7812343572074352,0.7843780803357968,0.7237603400424201,0.10936425694219097,0.38406087048252685,-0.3896201995943168,-0.07927154649287119,-0.088744080795966,0.23179572925614647,47.564453125,58.47265625,9.967353057861327,1.205323893676782,3.311279296875,0.010952525200107758,0.17245811954734083,0.3714039446909462,-1.5814941820528776,0.014366056203760377,-1.6022817283081086,-1.28522836037168,-0.8376300495557055,-0.5403484042404616,-0.9718007397302413,-0.6219483720862959,-0.14861767651591226,-0.4252800228617081,0.0,0.014366056203760377,-1.6022817283081086,0.10075231708480475,0.16941164089134783,0.5039461507481926,0.10219788305467357,0.13873861204090443,0.014178792448524078,0
34131.9164495,114.0,TARGET_1,34130.9164495,34132.9164495,249,0.2270031238685401,0.3090249869047835,0.2577681052129551,0.4384925183824317,0.42319366565148875,-0.5568755103449491,-0.09666243276824564,0.04664353327463685,0.02344362872961702,60.5166015625,107.982421875,10.366699600219727,0.8495787240961294,2.583099365234375,-2.2753690660340142,-1.9165180537647888,-1.4067159405577245,-0.7849623167643205,0.20383068842145693,-2.4906630374007763,-1.3801565115628054,-0.3037312981809144,-1.7586462864974355,-0.6871121058334752,0.20944799367943287,-0.6744907594765952,-0.8112856954594245,0.05236199841985822,0.19335828873748528,-2.501135437084748,-0.2584224259387788,-1.9074245694264464,0.21841817548187534,0.0,0.0,0.0,0
34132.9164495,115.0,TARGET_1,34131.9164495,34133.9164495,249,1.0662867910713096,0.8032846858353447,1.2462837881153364,1.5069705636663198,0.3192335133931989,-0.35707122462852553,-0.027151042164917094,0.12602237909206512,0.28339633687548127,108.05859375,109.076171875,9.816353225708008,0.7925777251254208,2.8897018432617188,1.1868543780253265,0.2555446692144454,2.365234021853437,1.8008891889848306,-0.2995009015625645,-1.4293969280589491,-1.000728592121934,0.009297829028582527,-0.2386240116044292,0.35786239194201047,0.2278148706697997,-0.7587513303113299,-0.6487567783490307,0.14874377291009816,-0.3292496561445841,-1.4591456826409688,0.3730352513563134,1.3907137456664742,-0.5755315952817658,0.0,1.0183579176557749,0.0,0
34133.9164495,116.0,TARGET_1,34132.9164495,34134.9164495,250,0.77212510512593,0.9631601295966129,0.7047046178720656,1.4046701635369496,0.4262892772032993,-0.39545728803852087,-0.20852970245233993,0.08848591426119057,0.28582875978955147,128.5126953125,81.71875,11.748827362060547,2.0269621617166957,5.986366271972656,-0.026625075016451536,0.9581297524510218,0.2986916632700311,1.553309330062238,0.21881834523514207,-1.6332855885148736,-1.9907839932080116,-0.13872658104615843,-0.22440089757065573,0.8074441937189665,-0.23158664005175,1.0659524316374949,0.9927743648134176,0.20186104842974162,0.17844613554919375,-1.6736577982008218,0.12235302826212896,0.2539075916128508,-0.42224291097432937,0.052763122931713945,0.16183371009547304,0.0085388519402628,0
34134.9164495,117.0,TARGET_1,34133.9164495,34135.9164495,249,0.5598455785964148,0.5861033899221073,0.5128419541889375,0.9475284716728871,0.3933401298413634,-0.2755545972414723,0.07823714755378434,0.14522434638602896,0.3539690616123824,86.7685546875,107.4453125,11.83339729309082,1.9821709291976943,6.111564636230469,-0.9023232235266374,-0.6988754423223827,-0.4334124192295355,0.44696883250589975,0.059292350226044115,-0.9964190583224224,-0.4254671678929681,0.08502046017592395,0.1740361001717098,-0.1100933426265938,0.20042854515737774,0.9997407004644707,1.0591415862975186,0.11487127637625287,0.036318094950793536,-1.019393313597673,-0.11709597167851064,-0.7147455772382387,-0.1754434694614101,0.0,0.0,0.0,0
34135.9164495,118.0,TARGET_1,34134.9164495,34136.9164495,249,1.0752644187927165,0.9908900444687012,0.9033500835157852,0.8785427866915303,0.3547331142767265,-0.12811769233972972,-0.030094568153408687,-0.014168877622601222,0.200421071774699,76.890625,74.07421875,9.158567428588867,1.2617943916432943,4.228523254394531,1.2238889997911546,1.0799910220131037,1.0566773681280583,0.28001478214281356,-0.12762667698360514,-0.21330377189385027,-1.016795828468951,-0.5435440053403351,-0.7238055360360603,-0.32721055078958783,-0.35995799101656367,-0.06514130803287599,0.060947838376928735,0.0,-0.12762667698360514,-0.21330377189385027,0.19397466969103178,1.1365853331534608,-0.07379877031516766,0.02247671968682523,0.8344046671456288,0.018754679808811008,0
34136.9164495,119.0,TARGET_1,34135.9164495,34137.9164495,249,0.7308358650276106,0.739345365743379,0.5502420016311381,1.3040499767228741,0.44511052455509603,-0.23805686338943677,-0.03211257280013311,0.10292612352354669,0.16464179951204277,85.31640625,87.88671875,9.055601501464844,1.1515469879206683,3.58721923828125,-0.1969519628638467,-0.025441650335567962,-0.29070238439267254,1.309795799082004,0.30994295547547573,-0.7972487854146376,-1.0278111066540487,-0.0817818616367288,-0.9330177854740711,-0.1420116113896558,-0.12801057302393148,-0.22811229693588728,-0.2790052107570791,0.0,0.30994295547547573,-0.7972487854146376,0.09779302941334354,-0.19546254789328,-0.2755075957286226,0.15593043362710643,0.0,0.0,0
34137.9164495,120.0,TARGET_1,34136.9164495,34138.9164495,249,0.6680435313510452,0.532663606183486,0.3620249148800939,1.3062215904491512,0.4371506876322293,-0.32880797624213326,-0.17239333480327057,0.13598215749950818,0.17821463087938047,88.634765625,121.5703125,11.499970245361329,1.817538552542596,5.884162902832031,-0.45598368033640607,-0.9337207320230886,-1.0088957783621728,1.315051377939038,0.2714047532184609,-1.27927588563567,-1.7935336336017653,0.04857404563234393,-0.8536533266120255,-0.06907396696673403,0.43762364229011474,0.7563762281687114,0.9385967110047025,0.12154942198061466,0.24709486882233797,-1.303585770031793,-0.14670912223341098,-0.7632827382798532,-0.3813741176894857,0.0,0.0,0.0,0
34138.9164495,121.0,TARGET_1,34137.9164495,34139.9164495,249,1.0962817937854064,0.970986903126276,0.939173744101839,1.997911882925363,0.20753621470747957,-0.2523425169028824,-0.23593116626607247,0.03298963177262661,0.018541350373825965,75.5830078125,70.05078125,11.563972854614258,1.7371998124137,5.176429748535156,1.3105901370536017,0.9925251180083707,1.1933722709385581,2.9890290438408775,-0.8402925195348262,-0.8731274377131035,-2.1403548810040762,-0.35757522632279093,-1.7873113938997673,-0.3559520180886732,-0.42752185994541303,0.6376171147208437,0.5634298046213304,0.0,-0.8402925195348262,-0.8731274377131035,-0.1638178180095149,1.2059508801042902,-1.1897509235150898,0.0,0.8114020524711001,0.0,0
34139.9164495,122.0,TARGET_1,34138.9164495,34140.9164495,249,1.0329600161113326,0.9716495291872878,0.45430184347507174,1.3406702711292677,0.3417585370206386,-0.15881919541632947,-0.12330411883971454,0.10658113949603719,0.26110354152499876,70.4189453125,68.77734375,9.195487976074219,1.0980901363471633,3.7379608154296875,1.049374350603983,0.9954370798161255,-0.656788104841715,1.3984215259743056,-0.19044415519825927,-0.3763756730005788,-1.5255801526201351,-0.06736836836879985,-0.36897674285334103,-0.4694582758015662,-0.4489061524413401,-0.3071338037506338,-0.19909762013655108,0.0,-0.19044415519825927,-0.3763756730005788,-0.2689413115694714,0.44143003704041717,-0.5438950322441373,0.0,0.2552127636143977,0.0,0
34140.9164495,123.0,TARGET_1,34139.9164495,34141.9164495,250,0.7029369990875647,0.8762243579346114,0.4211944272829721,0.7485380605516102,0.3068955188487427,-0.32872315258766266,-0.03465771250641508,0.0369398786939685,0.1370233005409532,77.2373046875,46.671875,8.958894729614258,0.9957164909317461,3.2525100708007812,-0.3120407123473499,0.5760837362999119,-0.7831184397279175,-0.034613036675961786,-0.35923631245198157,-1.2788253423981344,-1.0417037515149714,-0.3419974948338032,-1.0945115199867717,-0.3195905202509953,-0.8201138556145035,-0.4584655691038777,-0.4564333870964448,0.0,-0.35923631245198157,-1.2788253423981344,-0.3933595817805693,-0.29929302720109624,-0.19572687817794826,0.0,0.0,0.0,0
34141.9164495,124.0,TARGET_1,34140.9164495,34142.9164495,249,1.2413056309555095,1.1434015852566397,1.3058897735953114,0.8637762114112554,0.463274708134517,-0.36563395576161706,-0.0029856610194330777,0.2205018913594513,0.20885483615433187,175.572265625,88.2890625,11.47582550048828,2.1357485161022223,6.372169494628906,1.9088442776008976,1.7502148603846552,2.5926768420123913,0.24427780926649043,0.39788633765787884,-1.474878116424716,-0.8688218612833826,0.3818761773238088,-0.6744907594765952,1.8418150433646925,-0.12125418613104656,1.2267636539858011,1.1972873237413892,0.5559228051721253,0.28670177662345375,-1.586062677459141,0.6668744863529661,2.033071370925853,0.06826125076090546,0.3247508823810544,1.4453402958842654,0.4693755364293094,0
34142.9164495,125.0,TARGET_1,34141.9164495,34143.9164495,249,0.9550889985078571,0.9709336056320077,0.7481043633117467,1.2726616372515787,0.43428198658661166,-0.27677466411163376,-0.03366020893325724,0.1409331706462437,0.14590845191551294,264.7333984375,323.541015625,11.966003036499023,1.754682194485078,5.5060272216796875,0.728139858268302,0.9922908980208239,0.46429517468748727,1.2338320623977843,0.2575157022011812,-1.0028994779780387,-1.036258878349393,0.0680982816950594,-1.0425573468548313,3.801579573516894,3.8292314685344735,0.6634600915016928,0.73814828940711,1.9247273309366066,-0.12742976398614014,-1.38784494416536,-0.4351944092546569,0.3999153273250302,-0.9021226164161629,0.0,0.0,0.0,0
34143.9164495,126.0,TARGET_1,34142.9164495,34144.9164495,249,1.3686299413185719,1.0896336585528141,1.3753606891473846,1.9948024706547591,0.528742677301168,-0.10349247465893817,0.008946605658385624,0.15844223145025807,0.35613971538255984,162.3515625,369.720703125,9.467340469360352,1.3956474070037184,4.6679840087890625,2.4340841095720105,1.5139275208788163,2.8577619811130006,2.9815038743369975,0.7148548712533815,-0.08250623236118818,-0.8036895846811994,0.13714496491774827,0.18672857068022564,1.5512235689098617,4.60470725346346,0.1327241975877463,0.29390446998605096,1.619951089492824,0.39086465335481674,-0.406496450259753,0.5244282822501933,2.155347383448795,-0.9700749136306708,0.0,1.2896386069656303,0.0,0
34144.9164495,127.0,TARGET_1,34143.9164495,34145.9164495,249,1.4810732150343922,1.2616222652561964,1.5399940332197306,1.9221742075073138,0.49474830709020895,-0.15497433529078397,0.09153767230170065,0.1919717729070514,0.06414844188835231,177.013671875,118.978515625,8.922230911254882,0.9105972533036487,2.9280319213867188,2.8979365037013953,2.2697448416230595,3.4859652020897522,2.805734325820099,0.5502683442321781,-0.3559535898016607,-0.35286625473655586,0.26936814087693106,-1.520632906533269,1.8734971985054318,0.39410070342187054,-0.5842913560387087,-0.6284381360128867,0.6342415107010583,0.4234200420919664,-0.4828018919418724,0.9458119459977551,2.8829719891164944,-0.6050896007592127,0.4287971324242418,2.080394479440885,0.8920671870954746,0
34145.9164495,128.0,TARGET_1,34144.9164495,34146.9164495,249,0.3928783299959741,0.478098943714714,0.21781144599857444,0.8421420050089854,0.4430642275074503,-0.23868615661151465,-0.04897820435292145,0.38444901717561547,0.38362079232960405,214.30859375,283.5546875,11.22160301208496,1.9724504307175208,5.9838104248046875,-1.5910985983902917,-1.1735093888704968,-1.559181421711494,0.19192030370245788,0.30003564075731154,-0.8005912941452944,-1.119872154988541,1.0283988770966954,0.3474187569664056,2.693240765459929,3.1577581245634385,0.9853715707031049,0.9914195190366246,1.806704131021617,-0.061305185447011856,-1.1619321203496178,-0.8751892401791344,-1.7674153643019963,-0.6561057829939478,0.0,0.0,0.0,0
34146.9164495,129.0,TARGET_1,34145.9164495,34147.9164495,249,1.1494713590158938,0.8367565826430609,1.3686038442510784,1.793146092640385,0.4822368769788378,-0.35925554239463403,0.17281450487669256,0.3361085116974628,0.20337280749247433,204.8203125,284.046875,11.351396560668945,1.8696723557096762,5.766639709472656,1.5300083944517002,0.4026395253816724,2.8319794049804607,2.49347002934223,0.48969323084369,-1.4409989935946919,0.09078332866275135,0.8377689166473377,-0.7065458426379126,2.484688042324818,3.1660232192091033,0.8334419655060734,0.8762980711667323,1.6221200445453148,0.13803422333580162,-1.7654230025037547,0.37838366294347736,1.5169064676409636,-0.9364588349751221,0.0,0.813087251028307,0.0,0
34147.9164495,130.0,TARGET_1,34146.9164495,34148.9164495,249,0.6099251025859307,0.6218691335807836,0.6162133058544901,0.5905424872616853,0.5369763086458328,-0.09524007738820231,-0.13895013239551282,0.241347074436753,0.32558855301890105,143.2294921875,159.189453125,8.933472442626954,1.0886816534496038,3.6229934692382812,-0.6957345470166916,-0.5417000976023276,-0.038970962433976686,-0.4169822326521903,0.7547186716233156,-0.03867339107425543,-1.6109839162262676,0.4640788019401681,0.008086664435583778,1.1309198563009062,1.0693458167748557,-0.32104170280420286,-0.2600414141977282,0.6681077848628785,0.6210971146507399,-0.17229494804683113,0.1648337262336932,-0.5352765702593004,0.21901067877672667,0.2419483893030919,0.0,0.0,0
34148.9164495,131.0,TARGET_1,34147.9164495,34149.9164495,249,0.600179434185564,0.5142835683337832,0.4142251272378715,1.0805729695510227,0.44300885078639407,-0.34141813042148095,0.047690220317083844,0.17670860321964332,0.12003657443758863,194.5166015625,151.56640625,9.091371536254883,1.2494561575676901,3.891265869140625,-0.7359374997635678,-1.0144932391618824,-0.8097116961605979,0.7689532819649516,0.2997675298277693,-1.3462550758774179,-0.5922075675042221,0.20917809104062077,-1.193838056104766,2.258212148767947,0.9413352437509244,-0.08338005235448379,-0.11783113942347835,0.8521813708898731,0.12933125564979464,-1.5166913500553925,-0.3443410761552307,-0.9452968220156722,-0.4484081511113294,0.0,0.0,0.0,0
34149.9164495,132.0,TARGET_1,34148.9164495,34150.9164495,250,0.6858405770806438,0.5855941081150677,0.48627517078477406,1.6926455741725084,0.5892380117097987,-0.1333228201070167,0.08805647165717939,0.31270553634493736,0.25650391245258164,140.9716796875,81.42578125,11.16322135925293,1.508086722697275,5.0103607177734375,-0.3825670854854952,-0.7011135208688547,-0.5347851939825848,2.2502461108388965,1.007747986481415,-0.24095095510820766,-0.3718683881458057,0.7454796817351066,-0.3958721681643034,1.0812930658636504,-0.23650633924559825,0.2989353359131389,0.47539718365579575,0.45669318689968924,0.9164093491014771,-0.3322895924881455,0.2561555467852438,-0.5680566885711018,-0.4274507792048527,0.3935704878486013,0.0,0.0,0
34150.9164495,133.0,TARGET_1,34149.9164495,34151.9164495,249,0.5821872707893024,0.7827574458566735,0.5429053853192406,0.7049840767436156,0.5920564042007966,-0.1854482682965627,0.08991895297099807,0.19323499080139692,0.12095415033524358,186.1689453125,55.85546875,10.770006561279297,1.6721099636011871,4.903045654296875,-0.8101589964447765,0.16533611516928787,-0.31869723576481795,-0.14001916561645245,1.021393464511964,-0.5178167460469019,-0.3617020340595751,0.27434961913943784,-1.1884727117185176,2.074730399348543,-0.6658976848846736,0.5413993656370555,0.41850983829349453,0.5872700046219952,0.9039394635875649,-0.6352707469713009,0.27067489487645746,-0.5311388585772774,0.26340231155592053,0.43746269154000306,0.0,0.0,0
34151.9164495,134.0,TARGET_1,34150.9164495,34152.9164495,249,0.6801241586529816,0.5088578030200054,0.7053753328960611,1.2369245773411996,0.48817414254403063,-0.06859599179631695,0.045383314286112454,0.331251324015771,0.2519784356247231,173.0478515625,54.42578125,8.671329498291016,0.6999017208238008,2.2790603637695312,-0.4061485260278421,-1.03833718720618,0.30125095853798317,1.1473438742799384,0.5184389882533285,0.10284742241421387,-0.6047998138695991,0.8186146797088247,-0.42233400282615763,1.7863283421188854,-0.6899058169506531,-0.8957477543415411,-0.9724557224772736,0.6512357554569275,0.38819183716194294,-0.027399728677171623,0.12600931120933256,-0.38268180198401,-0.326490434424451,0.0684943222332434,0.0,0.0,0
34152.9164495,135.0,TARGET_1,34151.9164495,34153.9164495,249,0.7351313079699341,0.6635114794603297,0.5062292001938288,0.5672555966308177,0.35458651689315124,-0.4184804741114425,0.06801758793109335,0.2656481038142377,0.11792012485096627,162.30615234375,71.30078125,8.645140457153321,0.8668059172610847,2.8386001586914062,-0.1792323481034432,-0.3586995669540105,-0.4586451774090007,-0.4733394422999054,-0.1283364402203798,-1.7555738918946149,-0.48125063318669664,0.5599094976121909,-1.2062135783230188,1.5502254522336798,-0.4065311433849938,-0.6490250105218217,-0.6758456052533882,0.5275337374614677,-0.23384318771267334,-1.8610806393869084,-0.37515848195958745,-0.39205034274972195,-0.1274474916060208,0.0,0.0,0.0,0
34153.9164495,136.0,TARGET_1,34152.9164495,34154.9164495,249,0.48271497439712013,0.4952878434859684,0.3702155976011099,0.4365946307960236,0.5623137843773887,-0.31610005050669804,0.011528807257484607,0.09681352559596533,0.17746934948342197,152.59521484375,134.466796875,11.053738784790038,2.0584006070404475,6.032356262207031,-1.220503353259512,-1.0979714307425104,-0.9776420047336679,-0.7895554438713468,0.8773921351486504,-1.2117773790110864,-0.7895946374816234,-0.10588678750897253,-0.858011212825254,1.3367787376540643,0.6541888008033148,1.1124256759133921,1.0171535001641892,0.49774188461434477,0.7778437582257814,-1.3113257559339553,0.058968094687176675,-1.1856567794642179,0.3854134073780637,0.3155582976257686,0.0,0.0,0
34154.9164495,137.0,TARGET_1,34153.9164495,34155.9164495,249,0.5932924960949305,0.5018082883840047,0.40439890206955226,0.7262512414349909,0.5364182576146728,-0.18892173295183778,0.012547067431836456,0.29498468731337296,0.1715482663327507,162.26171875,89.205078125,11.883092880249023,1.394669836002604,4.30517578125,-0.7643475826079605,-1.069316828049009,-0.8472063260338051,-0.08854994724276434,0.7520168218596857,-0.5362661517111625,-0.7840364644102691,0.6755978152423596,-0.8926335806578825,1.5492488004322547,-0.10587192665161436,0.1312791230790046,0.1015810787334651,0.5562116539186536,0.640774491075955,-0.6475084824948932,0.0015714751036606245,-0.9377737399830139,0.10794786948780022,0.18860814094587627,0.0,0.0,0
34155.9164495,138.0,TARGET_1,34154.9164495,34156.9164495,249,0.8128112358285927,0.6929136493647187,0.8009203677704945,1.2173382465559308,0.47654121754750167,-0.47877947919089525,0.15107466994674404,0.2843000741852229,0.10492353427628855,137.8876953125,119.537109375,9.881378936767579,1.234702779432733,4.192756652832031,0.14121385843534015,-0.22948944247449612,0.6658289788330659,1.0999424857565723,0.4621172293151494,-2.075853761209719,-0.027883558373506024,0.6334632252564013,-1.2822085826146827,1.0135069913823123,0.4034809298848079,-0.10518893440637542,0.041988086133329404,0.5126127866308804,0.3595946719889733,-2.178376318535895,0.23608111764448172,0.17379657239794483,-0.26560662204533536,0.1389708858043452,0.06635126688128164,0.00922089433273222,0
34156.9164495,139.0,TARGET_1,34155.9164495,34157.9164495,250,0.5897650486620483,0.5411494189958369,0.4009560914827792,0.7959359066449245,0.41520111856249825,-0.10171526691596668,0.0557103592951562,0.07592014282616,0.37454572878305203,157.859375,172.890625,8.61116065979004,0.3752300007909978,1.2826080322265625,-0.7788990527211771,-0.8964291670345449,-0.8603433045238568,0.08009572335017325,0.16513411721666668,-0.07306654321682017,-0.5484296396040008,-0.18827948679221332,0.29435410980339793,1.4524851450295084,1.2994237490738256,-1.3756871406304938,-1.50067166984924,0.761565750976683,0.012820967021330065,-0.2253796934121568,-0.39842573201340337,-0.9451454263612908,-0.2721020100973404,0.0,0.0,0.0,0
34157.9164495,140.0,TARGET_1,34156.9164495,34158.9164495,249,0.9209315366221479,0.8986428062605349,0.8400673779081959,1.7217315492829632,0.4366396571851809,-0.2518612416978174,0.10216085493398358,0.23101229399635667,0.398674346051792,146.83984375,86.189453125,9.228958892822266,1.3076903164345528,4.146759033203125,0.5872330707879562,0.6746033526496475,0.815205024121357,2.320637835654888,0.26893055746310973,-0.8705711308622738,-0.29487961328078127,0.4233237712031408,0.4354414482367916,1.2102754982760509,-0.15651203035362568,0.002703412090130164,0.017604906466806288,0.5172601794289958,0.16547852157731058,-0.974023166748073,0.16549939804061112,0.6069082839126354,-0.7086249805989197,0.0,0.3544836424611678,0.0,0
34158.9164495,141.0,TARGET_1,34157.9164495,34159.9164495,249,0.7788797109267537,0.6070267313067055,0.7341647242731645,0.5517295406580044,0.3741279270881598,-0.4077622629600526,-0.03985925328063408,0.5436335376295314,0.10925551869424045,160.8212890625,99.734375,10.831710052490234,1.4943457013557173,4.903045654296875,0.001239109016741218,-0.6069261898140587,0.41110469743251216,-0.5109144541523742,-0.033725102603766176,-1.6986438105054509,-1.0700963613695391,1.656140323697714,-1.256878156720133,1.5175881101662718,0.07094206237529178,0.2786229497620314,0.41850983829349453,0.8111676240598193,-0.19595862741573006,-1.8608773353174148,-0.20779297673547834,-0.09861613841287184,-0.11969502097484022,0.0,0.0,0.0,0
34159.9164495,142.0,TARGET_1,34158.9164495,34160.9164495,249,0.6369327764414985,0.5332390428284834,0.5638931165368614,0.22691561097403914,0.6745835179218538,-0.2149452427764689,0.0436712322022225,0.3889460179278968,0.36104164560986046,105.8134765625,58.583984375,9.90002899169922,1.92008111900409,5.4600372314453125,-0.584322154227134,-0.931191930891336,-0.23861284929867227,-1.2970050929529298,1.420955243363625,-0.6744907594765952,-0.614145213772608,1.0461327230105648,0.2153916424697581,0.3085146448765905,-0.6200788863926335,0.9079576976328559,0.7137691540563386,0.3925097525892284,1.3424532928457793,-0.7529927099944409,0.5805686605932036,-0.591574315723397,0.8584777303700679,0.8727057015667035,0.0,0.0,0
34160.9164495,143.0,TARGET_1,34159.9164495,34161.9164495,249,0.25721983140881116,0.34206194429135983,0.23421838421971683,0.5297406787413322,0.4382428915354957,-0.4488868180241917,0.14099286341707362,0.407407755232637,0.1583121460163241,92.55908203125,60.595703125,7.905979156494141,0.5434880571766212,1.7961578369140625,-2.150718727493665,-1.7713345727419567,-1.4965762945729784,-0.5641302707504865,0.27669274785175085,-1.9170780467624022,-0.08291509842120381,1.1189362697963887,-0.9700291879498174,0.017182632242657113,-0.5862969519282089,-1.126963080796366,-1.228440687976126,0.28402972550976147,0.21988680274979855,-1.9738839918643545,-0.3242137635082957,-1.8884965038475474,0.09734573607105929,0.0,0.0,0.0,0
34161.9164495,144.0,TARGET_1,34160.9164495,34162.9164495,249,0.9219289444497228,0.7566872291342706,0.8975814129401933,0.031066761603183397,0.35460406806644534,-0.277644199461445,-0.03075034465705462,0.368273190034417,0.2557530453198105,96.6142578125,123.515625,7.559648895263672,0.06529933864049332,0.26827239990234375,0.5913475899891073,0.05076851832648569,1.0346654393978243,-1.77098398683868,-0.12825146477769037,-1.00751803955854,-1.0203753844559185,0.9646097781275932,-0.40026271587368406,0.10631552466943246,0.4702904449372671,-1.8338358570312114,-2.0383674933430056,0.3853039369335732,-0.20531225216440502,-1.0845788269452545,0.04941863692564001,0.5805974324095978,0.4049953922469779,0.0,0.33924114268513184,0.0,0
34162.9164495,145.0,TARGET_1,34161.9164495,34163.9164495,249,0.8149374383376048,0.7202614432797788,0.5997323332118447,0.29925907542618724,0.6493185154931759,0.12811730643583855,-0.09390484395234507,0.3645497224266367,0.19323329649896767,78.890625,78.0078125,8.39334602355957,1.0061112961149916,2.9919052124023438,0.14998489552468802,-0.10930743320457631,-0.10185858800750497,-1.1219247931653995,1.2986326652686841,1.1476956643930296,-1.3651042132558793,0.9499263470011557,-0.7658346366519552,-0.28325048728807406,-0.29390282984049454,-0.4430996591326118,-0.5945791245403155,0.23748158675028894,1.2511363479186264,1.1001993470429718,0.3832500782572017,-0.02564102746997573,0.5952046424830048,0.7474980386773653,0.011204979072399548,0.008375699880039587,0
34163.9164495,146.0,TARGET_1,34162.9164495,34164.9164495,250,1.302452701150353,1.111896553081008,1.3203928441152142,0.3550461002574963,0.47351587194312816,-0.3191746798662354,-0.240597324732674,0.3143852609575053,0.28696189446554876,69.40234375,99.017578125,10.37129898071289,1.3232591652636598,4.144203186035156,2.1610889336535,1.6117635439552236,2.648017245051597,-0.986913163494546,0.4474697708397405,-1.2281083597323679,-2.165825106580016,0.752103647150701,-0.2177751156726534,-0.49180321042318526,0.058905198347676394,0.025717747159141317,0.016250060690013248,0.20275221137459434,0.4069193285648216,-1.2686588020072866,0.8351218891299026,2.1912359329969897,0.5863797776253671,0.5770060834502436,1.6603390886489544,0.9580257547406801,0
34164.9164495,147.0,TARGET_1,34163.9164495,34165.9164495,249,0.8157085217444859,0.6422305334355518,0.8146439093471636,0.7964558601570664,0.5720545867552241,-0.3171965336941683,0.02956922231247973,0.5220855443950759,0.1901683121444835,68.07421875,75.4140625,10.381773757934571,1.294523201839105,3.7813949584960938,0.15316577840487883,-0.45222034089161456,0.7181948775533363,0.08135407636755726,0.9245530274910826,-1.2176013804440526,-0.6911210335045681,1.5711661791906042,-0.7837565291540343,-0.5209954400921593,-0.3374585667033644,-0.016760608051497868,-0.17607333056257263,0.39279154479765105,0.8459947185315524,-1.296159689403583,0.5466479283812752,0.17093000752789264,0.2874958657849871,0.5768804687297409,0.15042228198624968,0.08677567653962497,0
34165.9164495,148.0,TARGET_1,34164.9164495,34166.9164495,249,0.746253872776358,0.6954410745900793,0.5304520013831896,0.466009553238763,0.40359553234656004,-0.11795162910615976,0.05063194257239236,0.14883700600907962,0.38356614751752205,70.318359375,86.61328125,8.594807052612305,0.8364260710248198,2.9127044677734375,-0.1333494051418395,-0.21838247557227553,-0.36621650316941823,-0.718367625061422,0.10894472122336656,-0.15930643977192493,-0.5761501768346247,0.0992669219008719,0.3470992321875932,-0.47166915790149583,-0.14939486551985856,-0.6939334021634239,-0.6365631663578933,0.11159153852211627,0.0866264135189433,-0.1816247474763482,-0.07180748298746481,-0.24859823431589667,0.20122803312282014,0.004473014347024077,0.0,0.0,0
34166.9164495,149.0,TARGET_1,34165.9164495,34167.9164495,249,0.6965661181763916,0.6450463309018097,0.37174483512836465,0.5182862783326784,0.6460044413805607,-0.04807971392203728,0.12185869528872673,0.3820104542644264,0.4094931420407246,89.4853515625,77.560546875,8.957233428955078,1.2699452243115936,3.8197250366210938,-0.3383219496833371,-0.43984609972821054,-0.9718067837723673,-0.5918513630788755,1.2825873040779547,0.21182021206055163,-0.18735895345210649,1.018782445768245,0.4987022275069704,-0.050378061053736725,-0.30141357060976953,-0.05309250492747378,-0.15575468822642863,0.37937116831880385,1.206713070414194,0.13594597839679085,0.29870850502565577,-0.6372521468712928,0.5179803258810555,0.6533635078722771,0.0,0.0,0
34167.9164495,150.0,TARGET_1,34166.9164495,34168.9164495,249,0.35128905936981475,0.3005464313660057,0.16408161790506487,0.446196004212685,0.6580921057949661,-0.1674461532065653,0.08085060749113536,0.25565450293372627,0.39309681864449697,91.876953125,53.443359375,10.892902374267578,1.3811306710540199,4.680763244628906,-1.762663175910456,-1.9537777260996676,-1.764202168031495,-0.7663189103587307,1.3411107211443318,-0.4221980030705848,-0.4112015970568168,0.5204999026616466,0.4028279549657098,0.002189417225173049,-0.7064032082473576,0.11126512704746903,0.3006786988700162,0.23137931871313236,1.2948348574017055,-0.4684738668132113,0.21326379988478128,-1.8361316309976319,0.6253862165566996,0.6949071536919624,0.0,0.0,0
34168.9164495,151.0,TARGET_1,34167.9164495,34169.9164495,249,0.7066049508227475,0.71065322744728,0.4159288844601846,0.4105501129697048,0.463605542731815,-0.08585315957931085,-0.0637551609181778,0.43658482829439227,0.247238461385944,68.1171875,42.423828125,10.243038940429688,1.766374362213821,4.997581481933594,-0.29690963213515736,-0.15153148563949184,-0.8032105479220664,-0.8525864588135429,0.3994881004512422,0.011185488108609318,-1.2005321710889076,1.233995560732107,-0.45005006886275567,-0.5200509856028689,-0.891449493925303,0.680743801347298,0.4686229547718305,0.30849889018302673,0.33778832241463685,-0.05051428992799603,-0.09214378219822299,-0.49131415688889635,0.2723767107822928,0.07607793613901018,0.0,0.0,0
34169.9164495,152.0,TARGET_1,34168.9164495,34170.9164495,249,1.0496628618753783,0.8643774269140285,1.0197220861078702,1.73948550950755,0.5477560830238274,-0.28539784712209537,0.09381103161716214,0.19907011339344458,0.29405541911079375,68.283203125,45.26171875,8.350933074951172,0.5707512268336041,2.0363311767578125,1.1182771381198215,0.5240214756964442,1.5007263381091185,2.3636046565291164,0.8069098319812246,-1.0487017581986122,-0.34045712311481313,0.29736032574948607,-0.17629712706010647,-0.5164019568942472,-0.8437940077342263,-1.0866618531066183,-1.1011256281150963,0.07434008143737152,0.7920418156937503,-1.0635697744860866,0.7922195627994996,1.1221322134157943,-0.28828197783820925,0.6692214062506673,0.9290684456634816,0.6217524917100368,0
34170.9164495,153.0,TARGET_1,34169.9164495,34171.9164495,249,1.0793488293195,1.0497184505175556,1.1749821705293062,1.72029506472133,0.622644552400533,-0.16757488793933728,-0.037875641146645385,0.1927494772536171,0.30442906608583814,73.927734375,54.650390625,9.447282791137695,1.6397664156565637,4.734413146972656,1.2407380610008445,1.3385170319376039,2.093163342120943,2.317161362008022,1.1694884887457562,-0.4228817812412892,-1.0592688147121578,0.2724350047286985,-0.11563926899656933,-0.39233498080110774,-0.6861340475687028,0.4935881717659615,0.3291183272354152,0.06810875118217463,1.1558667385093213,-0.43650353147772414,1.1419903539148186,1.5484263909029046,-0.07651254880734044,1.012762686473694,1.2986747941785621,1.3152493734079522,0
34171.9164495,154.0,TARGET_1,34170.9164495,34172.9164495,249,1.4020944478166053,1.4066637713504253,1.40465887038893,1.3528303390717602,0.5607010826847454,-0.15098414427986256,-0.02731307225886016,0.24363574822327386,0.22164225293304854,67.6240234375,47.56640625,11.707307434082031,1.3228775368790675,4.550453186035156,2.5721323088507124,2.907141031022471,2.9695571458677876,1.4278504226539295,0.8695841078468884,-0.33475957749853413,-1.001613033375346,0.47310414805706247,-0.5997188577694457,-0.5308907473549511,-0.8050923740759535,0.025153612738461933,0.23160178583232918,0.11827603701426562,0.8459289004440353,-0.35841478490138723,1.1780811724576001,2.7604913406889007,0.09628862904857868,0.8967781883077408,2.144304965570897,1.9229659222039615,0
34172.9164495,155.0,TARGET_1,34171.9164495,34173.9164495,250,1.6744904177101747,1.8327817839672746,0.8622639495547105,0.5993502917225503,0.6076599717941181,-0.056670032404462105,-0.08733153324774376,0.3022026855274311,0.5131907045861235,89.4521484375,383.1328125,11.096534729003906,1.6333508897355808,4.849388122558594,3.695823558766276,4.779749808953777,0.8999020694346944,-0.39566623600817846,1.0969394147204332,0.16619249270928044,-1.3292237973580299,0.7040618683270199,1.1050533059218643,-0.051107866795461074,4.829931082557834,0.4841045506703937,0.3900661656123439,1.6597615642016794,0.7649871018800973,-0.16575982013105545,0.23077803234230726,2.6850720529074708,0.07393819661172363,0.12353581722091855,1.593753730663355,0.19688566956638526,0
34173.9164495,156.0,TARGET_1,34172.9164495,34174.9164495,249,1.0424949203178902,1.0558114666518614,0.9650641610559424,1.660614614838276,0.5141318483969258,-0.06015319703434724,0.11088807182322878,0.40199235725554483,0.36843087953944953,103.30859375,353.29296875,9.100442123413085,0.6706849853015984,2.2918319702148438,1.088707856271773,1.3652932656553685,1.292164185873188,2.1727271531114987,0.6441153466989601,0.1476915653557917,-0.24724210066515856,1.097580740060417,0.25859873289586816,0.2534572411259153,4.328843320667076,-0.9389368011561996,-0.9656855379090601,1.4846200086873191,0.34719134496149623,-0.14923243638167216,0.14284128402529012,0.9925416522058894,-0.808874423176142,0.0,0.42642341161171676,0.0,0
34174.9164495,157.0,TARGET_1,34173.9164495,34175.9164495,249,1.2444155398148848,1.1077623489479305,1.4583015060941866,1.4804194502515875,0.584083236008779,0.05926357979572127,0.010151380763143323,0.20177221807712706,0.36821755420201735,88.3330078125,60.3046875,8.440357971191407,0.14900034846151566,0.452239990234375,1.9216733123868395,1.593595462062093,3.1742451859583563,1.7366321488838707,0.9827907178237176,0.7819771497824265,-0.7971133198787733,0.3080160295714748,0.2573513549900607,-0.07570661326652298,-0.5911838531274315,-1.7101065365926824,-1.9408469076241681,0.14134184614038386,0.9545223485956409,0.7537087805543498,1.1324713705712257,2.2732566211508636,-0.09283978375489171,0.901594826021524,1.7895055396917727,1.613408935722957,0
34175.9164495,158.0,TARGET_1,34174.9164495,34176.9164495,249,0.9140473373848683,0.8547137677895429,0.9594108204071713,0.9709926318488336,0.3363689530587644,-0.16434808671565146,0.014417366337165043,0.31842321411328267,0.3607971596076607,82.712890625,50.8515625,9.076935577392579,1.0219549847721383,3.1682052612304688,0.5588342862955537,0.48155377339886657,1.270592329789914,0.5037550567899836,-0.21653826727826722,-0.4057425353637469,-0.7738274380014752,0.7680272466821558,0.21396205871241292,-0.19923696749074746,-0.7499261471156017,-0.41967904766113545,-0.501123076151857,0.2454973263486422,-0.26563773254799566,-0.45484200063347535,0.11017299795892033,0.7556688999869461,-0.2523740525813921,0.0,0.5019033643129179,0.0,0
34176.9164495,159.0,TARGET_1,34175.9164495,34177.9164495,249,0.5471972212349782,0.43945523941730025,0.365332362584309,0.46637442776834076,0.6033893967783651,-0.1259943353503054,0.13858024959906962,0.30553469695415897,0.1371937285357976,59.275390625,50.380859375,11.102539443969727,1.5596199907553516,5.122779846191406,-0.9545003849523542,-1.3433321556545577,-0.9962753137004877,-0.7174845827229456,1.0762630760836398,-0.20202550124600058,-0.09608435073271955,0.7172015986672623,-1.0935149758450446,-0.7143939616491118,-0.7578304638203845,0.3751133444035567,0.5349901762559315,0.17930039966681557,1.0404029961502768,-0.2378855811793637,0.27832771954082647,-1.073783024104664,0.5610881236138101,0.6136775544890143,0.0,0.0,0
34177.9164495,160.0,TARGET_1,34176.9164495,34178.9164495,249,0.5841514376684914,0.5314520111748444,0.6635439535830399,0.49549326910724995,0.6733829894485753,-0.1515483772808337,0.016589524045917358,0.45654267187878705,0.15107830700235644,96.056640625,100.828125,10.615684127807617,1.9127165385272644,5.697654724121094,-0.8020563907550484,-0.9390451806061152,0.14163197387596702,-0.6470133174927059,1.415142786454414,-0.33775651702641174,-0.7619707153409754,1.312698977163429,-1.0123276372048682,0.0940590811834147,0.08930893936565858,0.897071155885499,0.8397293681405751,0.37401674942812557,1.3403394365687888,-0.41255986691203683,0.6790904962247942,-0.5552657335186252,0.6911751003890219,0.9030576299103895,0.0,0.0,0
34178.9164495,161.0,TARGET_1,34177.9164495,34179.9164495,249,0.6220390822402817,0.5355336843794591,0.6853309407491397,0.6799968140818092,0.5671232773996103,-0.33788181749115004,0.1083605574228243,0.2947803475112132,0.20670660620316966,174.51123046875,116.720703125,8.32065658569336,0.7250630117092857,2.3838119506835938,-0.6457618071682715,-0.9211079499674255,0.2247661384052901,-0.2004914898385325,0.900677689443314,-1.3274718498243294,-0.2610385377955127,0.6747920047110331,-0.6870521111187817,1.8184934569416482,0.3561862216346134,-0.8585535863228502,-0.916927267207517,0.7123679208218237,0.7582041052789492,-1.4699454339886942,0.29511181229928873,-0.5030014429006293,0.21891304744570195,0.3534098834904125,0.0,0.0,0
34179.9164495,162.0,TARGET_1,34178.9164495,34180.9164495,250,0.7010461078581826,0.7017942577549798,0.5417943975901297,0.7721100872582481,0.5710277631137508,-0.19411859883011465,-0.09921657002581304,0.38591886316520885,0.36915547642808094,113.8369140625,161.46875,8.895403289794922,1.3117827276436969,3.927032470703125,-0.3198410404132497,-0.19046291758565856,-0.32293651106974286,0.02243423820437876,0.9195815767489571,-0.563869451668591,-1.3940982695566213,1.034195189735368,0.2628356705253846,0.48487005587680393,1.1076210765029952,0.008752935972161483,-0.09887138717987902,0.722380498160138,0.7751054771169295,-0.7083455513006187,0.16497876010684098,-0.40340590530152476,0.12256996206844778,0.29081880332551385,0.0,0.0,0
34180.9164495,163.0,TARGET_1,34179.9164495,34181.9164495,249,0.6716695203524685,0.6563225410115883,0.4936962516863459,1.210870076770674,0.5583211302385614,-0.11668437231531245,0.062592768511611,0.41250339366853267,0.2805915671530423,83.2041015625,66.943359375,11.34730796813965,1.5408866533131422,4.844276428222656,-0.4410257053165061,-0.39029191659548357,-0.5064680450370598,1.084288699838862,0.8580613731951738,-0.15257536951916614,-0.510862009506624,1.139030833224941,-0.25502435028318804,-0.1884401354881784,-0.4797034693948301,0.3474211682132515,0.38735647405875784,0.28475770830623526,0.8011098315339268,-0.2095269111804132,0.242803969007836,-0.4964974227204306,-0.08120420990076857,0.4046892475924693,0.0,0.0,0
34181.9164495,164.0,TARGET_1,34180.9164495,34182.9164495,249,1.0735020070479189,1.138577707568715,0.6630275833137597,1.868257976550918,0.46166411156692017,-0.050365188353213956,0.09060823781646735,0.2560033116941651,0.37456051734929574,67.32421875,49.46484375,10.962525177001954,1.8687561141468398,5.023124694824219,1.2166186768963214,1.7290159543665768,0.1396616229230282,2.6752502530604456,0.39008850249140836,0.1996808500399715,-0.3579395727917378,0.5218754240706418,0.29444058303256526,-0.5374804639052269,-0.7732127232998168,0.8320875499957984,0.4821633239082577,0.20407900177580177,0.349272702136248,0.15886504968481113,0.14422263152478082,0.9115513132333496,-0.7263831652039461,0.10861878327190799,0.6261146452131405,0.06800781095177368,0
34182.9164495,165.0,TARGET_1,34181.9164495,34183.9164495,249,0.5849120333776895,0.5531655829944445,0.629853980265061,0.46119569516000786,0.5070175367998923,-0.20610691072757498,-0.011547140047214449,0.25020735683080103,0.36249410376101815,76.5546875,74.431640625,8.595829010009766,0.914445313238477,3.2141876220703125,-0.7989187718560495,-0.8436231989350752,0.013078734116256941,-0.7300177681938477,0.6096708245432018,-0.6275457090590414,-0.91555469379691,0.49901917473190227,0.22388460551236958,-0.3345944677058577,-0.35395595800006885,-0.5786030394728618,-0.4767479851168372,0.18072594506106796,0.5735256355309881,-0.663690898071255,0.27352729680584076,-0.5507694219407075,0.42329965630669736,0.38735859617002916,0.0,0.0,0
34183.9164495,166.0,TARGET_1,34182.9164495,34184.9164495,249,0.991622585295386,0.8879763165221431,0.9213979196774906,0.5335547815415516,0.583575936740162,-0.22771824939805835,-0.02135676878328119,0.17148035622568114,0.1101436534516582,65.1005859375,135.451171875,8.04893226623535,0.32887943890149346,1.2545089721679688,0.8788486658076248,0.627728633153134,1.1255437868497837,-0.5548996613687012,0.9803345868742713,-0.7423349450669414,-0.9691005513823712,0.18856058802073772,-1.2516849636043137,-0.5863559837260017,0.6707189900946449,-1.4442039188246316,-1.5155668847624602,0.21481989452884565,0.9373706079685022,-0.7852989239727105,0.7432348074629108,0.8827449674621554,0.5905258037611196,0.7723610384144788,0.7236044598103218,0.5588838919804482,0
34184.9164495,167.0,TARGET_1,34183.9164495,34185.9164495,249,0.9722446088696576,0.9684279587375536,0.7389013935752548,0.6728698173451534,0.43411202166830415,-0.19963018323846418,0.02469472527133635,0.21403754009919557,0.1991492183517176,81.607421875,106.728515625,9.02621955871582,0.9560985901447766,2.603546142578125,0.7989103959456696,0.9812796376891233,0.42917874512340537,-0.21773971999571298,0.25669280313153886,-0.5931443879913277,-0.7177284751711597,0.3563841181720847,-0.7312424484926365,-0.22353520571521696,0.18839168112976235,-0.5170299275513386,-0.8004469292450802,0.13619394982546176,0.2294540131664465,-0.6203831779564201,0.1994459060660315,0.6855490740327486,0.15678080650006337,0.1814442543395291,0.49253474307103795,0.08936759919283603,0
34185.9164495,168.0,TARGET_1,34184.9164495,34186.9164495,249,0.8470880605948554,0.7633716010012521,0.6985986510530424,1.6087456197989056,0.5780286273861999,-0.08319113355567483,-0.0850554441814159,0.22562567766755207,0.22872011114792773,64.4501953125,59.298828125,9.143621063232422,0.8380146219341833,2.4093704223632812,0.28261304315818203,0.08014351084603871,0.2753926891496855,2.047197649237963,0.9534768343930525,0.02532491455254708,-1.3167997653914252,0.40208174140723874,-0.5583324755236642,-0.6006515903138964,-0.6080748203596438,-0.6915851589950579,-0.9033788094395867,0.10052043535180968,0.9333727473226906,0.005220827482185143,0.5560289089805117,0.22451394749000814,-0.2160274545221435,0.6285239128138649,0.2482614579687461,0.15603826296339116,0
34186.9164495,169.0,TARGET_1,34185.9164495,34187.9164495,250,0.7924780373689344,0.7506013953139257,0.6916743675466314,1.61243488086509,0.5469413663194111,0.0413631175936824,0.13652886000783357,0.49715922290486403,0.637450304619728,120.6650390625,147.947265625,8.67017936706543,0.6324086460289341,2.161529541015625,0.05733509473394643,0.024023847846535124,0.24897120554201405,2.056126125892399,0.8029653143433364,0.6868983389928505,-0.107281860634472,1.4728696547164322,1.8316368497808957,0.6349524601749408,0.8805605597095856,-0.9955180234999695,-1.0347584066309954,1.2050048810954634,0.5619643381242437,0.4458973627737578,-0.019107505474779796,-0.06300524802503168,-0.7609109933342979,0.0,0.0,0.0,0
34187.9164495,170.0,TARGET_1,34186.9164495,34188.9164495,249,0.9884624336121669,0.9226955485827529,1.0328868987336672,0.503482070734794,0.529765911498522,-0.10016891422900417,-0.08458878148904096,0.36054381207400543,0.6053605544099077,199.779296875,116.51953125,10.245720672607423,1.451775394451647,4.28729248046875,0.8658123686985789,0.7803050011889805,1.5509602548267847,-0.6276794109057648,0.7198089434078804,-0.06485304722558739,-1.3142524871265011,0.9341291077184408,1.6439983540614758,2.3738863588312564,0.3528080281881709,0.21569425684227952,0.09210120261166543,1.326205462199836,0.45456785096791313,-0.3300941396655546,0.30620101618908946,0.889581836011556,0.13598334016940855,0.0907032317976248,0.4187063960059398,0.037978023292074836,0
34188.9164495,171.0,TARGET_1,34187.9164495,34189.9164495,249,0.6615844976695626,0.9284338170256309,0.59398137588473,0.6088808601356058,0.565629722618943,-0.07360355836012643,-0.054830893550763427,0.4384566453303456,0.32092556266906197,353.447265625,352.576171875,10.602653884887696,1.1585203660387118,3.5284576416015625,-0.4826285665791348,0.8055222685611567,-0.12380292702916594,-0.3726010595262442,0.8934465216722837,0.07624959111450479,-1.1518190584556816,1.241377039349319,-0.019179253468950653,5.751513191030573,4.316806456639461,-0.21780404214241023,-0.3101545306760642,2.8274241717548385,0.3279616873213159,-0.48923524323646295,-0.5574278466692774,-0.5235230514718131,-0.49467297196401905,0.0,0.0,0.0,0
34189.9164495,172.0,TARGET_1,34188.9164495,34190.9164495,249,0.6767188431985346,0.6672655669480437,0.530532875616609,0.6678662528944871,0.6188871144389684,-0.23854925589488113,0.020605081376093317,0.46937826900457,0.45069378010502875,366.2099609375,427.365234375,8.946501541137696,0.9114372241512996,3.2320785522460938,-0.42019617578146895,-0.34220193724940473,-0.36590790557508296,-0.22984897645257418,1.1512965451752828,-0.7998641421205677,-0.7400517960104901,1.3633159359277047,0.7396148459760437,6.032037639224559,5.572707266845042,-0.5830496861665023,-0.4672640646792859,3.4269189219933374,0.46591276077661525,-1.4852479265192353,-0.6919546884649667,-0.8996342718018216,-0.6496439353461524,0.0,0.0,0.0,0
34190.9164495,173.0,TARGET_1,34189.9164495,34191.9164495,249,0.869104590260157,0.8952108234596989,0.6367752241566486,0.732810407883812,0.5240238386229321,-0.35443703861130066,0.09212095765739682,0.2790106030650778,0.4308722469984165,171.404296875,179.328125,8.416595077514648,0.49183983905973233,1.7910614013671875,0.373435905728697,0.6595212370660158,0.039488619248337575,-0.07267593793297357,0.6920082273883986,-1.4154053745957238,-0.3496823916742403,0.6126042859371384,0.6237123340942525,1.7502029579035299,1.4075259393599846,-1.2033110118802102,-1.2311422908982088,1.0985113793237264,0.4723059515236533,-1.6351076504604691,-0.004987416680837908,0.148994714829476,-0.05745456319796674,0.0,0.0,0.0,0
34191.9164495,174.0,TARGET_1,34190.9164495,34192.9164495,249,0.6624209817640883,0.6084825044793606,0.3346876041523299,0.6497064523345089,0.47650833460485514,-0.06543078647910786,-0.05402024402402826,0.26195341891643525,0.32420557965422137,248.6640625,292.8984375,10.250192260742187,1.8977200952056217,5.927604675292969,-0.47917789196717464,-0.6005286812810362,-1.113208709310578,-0.2737979820773434,0.4619580238556912,0.11965949989402364,-1.1473941280859226,0.5453395706125811,0.0,3.448375059397065,3.314663730852572,0.8749029676503823,0.9616250448944326,1.8270945902155544,0.0965391058125803,-0.24575941814908725,-0.681979316684614,-0.9994230244324713,-0.42481262084728727,0.0,0.0,0.0,0
34192.9164495,175.0,TARGET_1,34191.9164495,34193.9164495,249,0.7662531277726696,0.7305964393088149,0.5719866693848741,0.6551340593245895,0.4353286669527041,-0.3624965935423115,-0.02620101996720617,0.21506974312080032,0.3309399324198064,194.0458984375,225.505859375,11.989508819580077,1.3740891115559493,4.220855712890625,-0.050848229177429545,-0.06388948861921072,-0.20772970107061417,-0.26066248924259305,0.2625832909015273,-1.458213928346168,-0.9955428960400196,0.3604545932165203,0.03937780176897701,2.2478660791352665,2.182968926294346,0.10085608451158168,0.05688330104654961,1.2076668501037773,0.021049920880771844,-1.6997472983669235,-0.34227168130917335,-0.289515023743967,-0.24258756731103936,0.0,0.0,0.0,0
34193.9164495,176.0,TARGET_1,34192.9164495,34194.9164495,250,0.8188051862357397,0.7375644262203163,0.8691114939955402,1.3653933846363346,0.5030674359023815,-0.07545427049072895,0.0957666879259952,0.29938681078152907,0.4601062253350147,109.61328125,69.89453125,10.43428077697754,1.9962420644218766,5.90460205078125,0.16594017735837913,-0.03326812770828278,0.9260307343035825,1.4582545759571626,0.5905460875920505,0.06641948133826181,-0.32978217332656345,0.6929575142013839,0.7946522661007884,0.39203447255451535,-0.43014569951546544,1.0205410707683598,0.9494314329032952,0.4699110632141719,0.4965638749492161,-0.027562731304572582,0.38714004899442156,0.32164355179374216,-0.2857044106966129,0.27511411206214126,0.20859628341166941,0.05738778129026419,0
34194.9164495,177.0,TARGET_1,34193.9164495,34195.9164495,249,0.5413615122928509,0.49770183218026104,0.3262111353977738,1.1079122239074657,0.6822925579274033,-0.5186391001905225,0.00929015259068498,0.4228323766650159,0.37356082021125026,166.453125,140.2578125,8.410720443725586,0.4963958430541883,1.729736328125,-0.9785739242117074,-1.0873629695066227,-1.145552977138734,0.8351177224564583,1.4582791918088263,-2.2875692644404744,-0.8018143337817247,1.1797630018405874,0.2885950508632167,1.6413760428875754,0.7514348548683819,-1.1965761913642492,-1.2636505009097385,0.9652922376149404,1.265220744285838,-2.4806277119634625,0.16816010566879241,-1.2035682374373908,-0.021987514556976034,0.4497641835008981,0.0,0.0,0
34195.9164495,178.0,TARGET_1,34194.9164495,34196.9164495,249,0.47591946425416576,0.5470670783923929,0.5168923770690517,0.369874795222946,0.4866631694064808,-0.19805675376646942,-0.03356674621656196,0.237542352829677,0.17049604991292347,353.7275390625,157.958984375,8.982017517089844,1.1326023515878185,3.2627334594726562,-1.248536276394659,-0.8704235521516029,-0.4179569310722428,-0.9510258531525587,0.5111234880811415,-0.5847870728913024,-1.035748712118604,0.4490749470507006,-0.8987862089861401,5.757673610085717,1.0486830801606932,-0.256116821426461,-0.4510140039892726,1.8138579093242777,0.1483519062162859,-0.947558654756158,-0.47636016168017287,-1.1542896470818438,-0.1520482944742454,0.0,0.0,0.0,0
34196.9164495,179.0,TARGET_1,34195.9164495,34197.9164495,249,0.600414269307236,0.6481311707146287,0.41635715756817876,0.5988392270492024,0.47493043224918924,-0.37411775423984117,0.03684941118292353,0.5744132375761958,0.3341552098919928,399.1904296875,311.068359375,11.611112976074219,1.9515322800100918,6.206092834472656,-0.7349687549928622,-0.42628953102903444,-0.8015763556057065,-0.3969030769156213,0.454318480393465,-1.5199400517637984,-0.6513821232011854,1.7775195464724438,0.058178503683352464,6.756949389504404,3.6197834748550406,0.9544497386081846,1.109250658460103,3.0531077286288104,-0.1563030653322971,-2.1305615974895606,-1.0496377069913927,-1.1545117297089136,-0.800850968998613,0.0,0.0,0.0,0
34197.9164495,180.0,TARGET_1,34196.9164495,34198.9164495,249,1.4295229643806164,1.1739999423069254,0.3065675742249234,1.6300966211465717,0.6550110077057295,-0.27650615035287135,-0.024528993202762993,0.3836125537842888,0.3241670062121922,187.1630859375,260.5546875,12.48006820678711,1.556893886248312,5.015464782714844,2.6852807672261645,1.8846817223949273,-1.2205083178673763,2.098869762883916,1.32619333244814,-1.0014732595611278,-0.9864161380946571,1.0251002979521726,-0.0002255506069617236,2.09658164185076,2.771528939851725,0.3710835356972857,0.4781028308936302,1.4733027199136646,1.031532788465407,-1.2961338035438608,-0.10610972578928629,0.9371393704901282,-0.6413890677556071,0.05764092744596072,0.3401150702024995,0.01960454808482011,0
34198.9164495,181.0,TARGET_1,34197.9164495,34199.9164495,249,0.6115580416739957,0.5709413108116463,0.6345171902755049,0.9734040351162774,0.6152892966295392,-0.19553790491922055,0.2034712378392653,0.31830887966950094,0.18785254019981387,131.4501953125,114.216796875,10.250447463989257,1.8018654714141955,6.1320037841796875,-0.6889983263390481,-0.7655063792770892,0.03087247793624873,0.5095909565519027,1.1338774156419438,-0.5714081360654232,0.25812310281893636,0.7675763707494256,-0.7972975496133978,0.8720105369868147,0.31413919252452366,0.7332078138169424,1.0699763081961113,0.488431525065191,0.9587541797832247,-0.6690944410784614,0.4129250370985382,-0.5256098841900811,0.140293921230993,0.5335987347068544,0.0,0.0,0
34199.9164495,182.0,TARGET_1,34198.9164495,34200.9164495,249,0.77299990905852,0.7442170841761003,0.8492578155262374,0.8883096226031594,0.44117568753461994,-0.4793814766382886,0.07611783424051385,0.18145609532345205,0.2694300409994387,193.734375,151.791015625,8.437036895751953,0.4904003060371508,1.5559921264648438,-0.02301632293092262,-0.004032504440281116,0.8502736339851189,0.3036517557427537,0.2908921198348778,-2.079051287661857,-0.43703543942541906,0.22789974533510712,-0.32028917670599466,2.241018784087912,0.9451070131328747,-1.2054389723792973,-1.355751703521404,0.8535063856389735,0.12019084270708308,-2.249752564789652,0.06529677557543206,0.15840596784197414,-0.20941535714463788,0.0,0.0,0.0,0
34200.9164495,183.0,TARGET_1,34199.9164495,34201.9164495,249,0.7755464726518665,0.7005370744843201,0.6189220154628702,0.8108560697232232,0.5759241990555847,-0.06563835920399334,0.08725236823439167,0.46697263743755485,0.40638054782128585,184.2021484375,105.791015625,8.40637664794922,0.621889396726898,2.1104278564453125,-0.012511207057457065,-0.19598770733497758,-0.02863514552967266,0.11620439805091615,0.9432880723082846,0.11855697150052684,-0.3762575866077484,1.3538293687944112,0.4805019456941902,2.0315001415887535,0.17264864370944796,-1.0110678904662997,-1.061847233535353,1.0096200249467007,0.7413640673189444,-0.08336703348881332,0.1481864444063261,-0.2062928893202417,0.02267050689264985,0.20064077597629654,0.0,0.0,0
34201.9164495,184.0,TARGET_1,34200.9164495,34202.9164495,249,1.034404755959301,0.9796599024025737,0.643852725180367,0.9160069798518796,0.7467858899596936,-0.02156281309830556,0.15770616269948234,0.36522227676002733,0.4559410485143295,98.939453125,65.154296875,10.393655395507812,1.8623658206343832,5.919929504394531,1.0553342094308256,1.0306392884844038,0.06649474589065599,0.370682850357193,1.770528939909706,0.35266548005918336,0.008314444228936891,0.9525785535659432,0.7702972147860044,0.15742339146489354,-0.5097464324719301,0.8226412281964595,0.9575564632483018,0.47007478995421026,1.6740196486501828,0.25865052206834127,0.7680856913280438,0.6337901945093504,0.4502099260188146,1.0499534376012414,0.5032553164313119,0.5283946494781565,0
34202.9164495,185.0,TARGET_1,34201.9164495,34203.9164495,250,0.6339974128545256,0.7647315656063323,0.46318469517997857,0.8788117849976056,0.6094767717664731,-0.2232583690161369,0.13451477542550624,0.4282216997986346,0.5653471712696759,121.537109375,150.40625,12.408784103393554,1.3746890028664336,4.271965026855469,-0.596431152679978,0.08611998117056087,-0.6228931725366946,0.2806657919392984,1.105735600556102,-0.718646164397996,-0.11827574114840607,1.2010157058751958,1.4100279749844762,0.6541205933325832,0.9218532349432853,0.10174286167642016,0.08397617226665881,1.046754377283885,0.8963847250993251,-0.927997039854773,0.07559971134948396,-0.6261957894523038,-0.005735267671397981,0.22746859417804727,0.0,0.0,0
34203.9164495,186.0,TARGET_1,34202.9164495,34204.9164495,249,1.292508127575867,1.177450236515303,0.35694073684774363,0.7531646662437266,0.39798934417145443,-0.15773314473746133,-0.017445326574980224,0.22195945352223087,0.4213448678833392,115.267578125,178.322265625,11.017202758789063,2.1075497912694,6.09112548828125,2.1200654548033624,1.8998443088844663,-1.0282958399592828,-0.023416067914392123,0.08180190210826166,-0.3706070841318381,-0.947749944435403,0.3876240489005494,0.5680028607074937,0.5163160973952208,1.3906349721277722,1.1850794608290074,1.048306864398926,0.7156444947827589,-0.06132699684829013,-0.5137359830883899,-0.46971493195207,0.8667480982352436,-0.2719309106247387,0.0,0.36965178341770466,0.0,0
34204.9164495,187.0,TARGET_1,34203.9164495,34205.9164495,249,0.7828705215939622,0.807710184583509,0.49494298586034546,1.2930199836051361,0.5287879182118823,-0.1588452542049093,0.012893509875249665,0.2127113703827716,0.5129485626077945,78.98046875,67.099609375,8.735205078125,0.6092443215914841,1.949462890625,0.017702050919163895,0.2749928679696291,-0.5017107923175612,1.2831018258760993,0.7150739088271781,-0.3765140849924493,-0.7821454083636361,0.3511543904708448,1.1036374283825539,-0.281275718810467,-0.47707962982477775,-1.0297602163623003,-1.1471742072630533,0.36369795471334965,0.6423343178845082,-0.4492536759351192,0.13693168807875183,-0.1671889740105993,-0.23073692132045934,0.2548564196087513,0.0,0.0,0
34205.9164495,188.0,TARGET_1,34204.9164495,34206.9164495,249,0.8637704643290595,0.7997244822201738,0.8324589799660188,1.1059803852745707,0.5229164338396165,-0.2503007044837209,0.21549313312694302,0.3388039431761904,0.20064824087907124,89.375,78.41015625,8.613460159301757,0.6201172178489713,2.0848770141601562,0.3514315029577459,0.2398990772807702,0.7861731161522875,0.8304424295388497,0.6866466364496193,-0.8622822933543645,0.32374461718008263,0.8483983047991851,-0.722477209428978,-0.052803591901232357,-0.2871464429476096,-1.013687577955498,-1.0753916469875318,0.21209957619979627,0.5471033360556353,-0.9047022085943237,0.44442521981872224,0.4494696460104709,-0.016315338330243005,0.4021364010704774,0.36109388093111483,0.14520899372621,0
34206.9164495,189.0,TARGET_1,34205.9164495,34207.9164495,249,0.8793042994844825,0.805632338302175,0.8190174581224013,1.2623491645375917,0.5603873025601703,-0.0025121616140874998,0.3342888115963759,0.24989986407843517,0.3292750783367511,158.4287109375,114.44140625,10.429169845581054,1.6585843876257185,5.2096405029296875,0.4155118733413451,0.2658616107347545,0.7348833402896333,1.2088745789818522,0.8680649156797267,0.4538535537213157,0.9721908175653368,0.4978065822974177,0.029642895336416907,1.4649991670126055,0.317910961906474,0.5214054572294641,0.5810347110881368,0.5775899016382285,0.46088969008247993,0.33833557339367,0.22514557452948117,0.41072334900619356,-0.33437738937413763,0.15976014981032305,0.217017478882586,0.034670744937740555,0
34207.9164495,190.0,TARGET_1,34206.9164495,34208.9164495,249,0.851556235980462,0.9965712045511653,0.5846396670507485,0.62515384509555,0.5720041496106721,-0.21421798048296806,-0.019308293507817452,0.1985874202013761,0.31633491546806625,141.1630859375,145.33203125,13.082281112670898,1.4851560183348878,4.716529846191406,0.3010452159464065,1.1049573222497968,-0.15944875328630184,-0.3332183854063237,0.924308831925665,-0.6706278852548176,-0.9579189492730034,0.29545683336348333,-0.04602215905535182,1.0855001813159437,0.8366440449058336,0.26503848718930917,0.3196384511136155,0.5544002648963151,0.813428778946402,-0.7815079382340807,0.2689235738748669,0.21749470824118938,0.3003449897952714,0.4062130047698351,0.0951509575645429,0.03865155637902004,0
34208.9164495,191.0,TARGET_1,34207.9164495,34209.9164495,249,0.8979927207850152,1.0019859408245364,0.7420380921537014,1.1028034759452126,0.4903642010421365,-0.1607178530775461,0.12777201775357203,0.15543687963695427,0.6175446766477929,294.9658203125,289.052734375,12.385532760620118,2.087696967112176,5.815177917480469,0.49260558180681685,1.1287528023174629,0.4411476701386653,0.822753908647654,0.5290423358058687,-0.3864604468174489,-0.15508108330240788,0.1252934112022946,1.7152426097328297,4.46608916623167,3.250084479434657,1.1557324261037227,0.9020280079785452,2.3891774166503628,0.051206852475796094,-0.8642959301475215,-0.45884366776623653,0.24344814432753864,-0.8240105171231891,0.0,0.0,0.0,1
34209.9164495,192.0,TARGET_1,34208.9164495,34210.9164495,250,0.7906018963583771,0.8900498027074341,0.9568810553035388,1.0563530848928722,0.6564245963055236,-0.17419442818290895,0.24753127363779223,0.3124315832640888,0.3735871476281309,492.8662109375,533.736328125,9.646828842163085,1.0686762849831262,3.6715316772460938,0.0495956144545769,0.636840729606532,1.2609393242255118,0.7103381092070414,1.3330373374064044,-0.45804165628970267,0.4986248043159694,0.7443993524243024,0.288748995249426,8.81594603565636,7.358951650147465,-0.3506142330612747,-0.23431147738591526,4.302011508369389,0.3230475944377358,-1.3184439579635805,-0.5825918690952145,-0.05428679035061312,-1.122237423378473,0.0,0.0,0.0,0
34210.9164495,193.0,TARGET_1,34209.9164495,34211.9164495,249,0.6418079800138397,0.6057896709062581,0.7305885147760205,0.8926794523397358,0.5067805879318159,-0.08196111396925222,0.3344580783101549,0.4099518969429949,0.414233345304888,381.7783203125,394.798828125,8.58164939880371,0.31076077593071066,1.0373306274414062,-0.5642109036901406,-0.6123625480437491,0.39745869918317656,0.3142272943362409,0.6085236171957417,0.03185819834181297,0.9731147599074812,1.1289690493220865,0.5264196327244066,6.374230672594252,5.0258335044568705,-1.4709874649422157,-1.630692376948104,3.263863214774404,-0.3361834537313836,-0.6209144446130679,-0.9015020284500679,-0.726836353771362,-1.0732713744876852,0.0,0.0,0.0,0
34211.9164495,194.0,TARGET_1,34210.9164495,34212.9164495,249,0.7745505873904746,0.7812464483865983,1.508311859783665,1.0570514372882982,0.692550017206346,-0.0594281924799456,0.3999447563016701,0.43374197919095,0.28826404646720544,180.6796875,118.0625,9.110533905029296,0.9576319828635352,3.0838851928710938,-0.01661944534961402,0.15869591916227457,3.3650732678814887,0.7120282100015562,1.5079415208446603,0.15154244753254814,1.330573785913862,1.222784833686697,-0.21016103824321558,1.9540763383417026,0.37871844394243837,-0.5147632208597098,-0.5458208538387725,0.8888949039927095,0.9309904042719597,-0.02623653326599379,1.1310893133217725,1.0687018415847431,0.17068200581302223,0.7672250926999399,0.7965301709751327,0.6111179342646952,0
34212.9164495,195.0,TARGET_1,34211.9164495,34213.9164495,249,0.6834703837020749,0.8516764118270943,0.9663631367475434,0.6504515475944079,0.7958165670964495,0.07599453311078579,0.24878022735772673,0.544593101592573,0.3345168984426502,256.7646484375,284.001953125,11.50252456665039,1.8492493408480393,5.5596771240234375,-0.39234463675083264,0.46820587617656007,1.2971207802862594,-0.271994757660856,2.0079149781671544,0.8708440810726734,0.5054422180854184,1.6599243478512455,0.06029340626503473,3.6264261955030497,3.1652688653327132,0.8032520579345921,0.766587917772509,2.127978203738011,1.4306866719939266,0.44524844032507116,0.49011362566870753,0.05188163123692646,0.14094992851724863,0.4528594860523081,0.0,0.0,0
34213.9164495,196.0,TARGET_1,34212.9164495,34214.9164495,249,0.664852889209271,0.626406827820311,0.4319304853911565,0.5953881774825447,0.6434303390232071,-0.27229178430268197,0.05911588844635877,0.29289595590187556,0.32725557121794074,278.435546875,265.873046875,11.908258819580078,1.6050261206891903,5.122772216796875,-0.46914575706509043,-0.5217588470264035,-0.7421520952601085,-0.4052550517247863,1.2701245767332565,-0.9790885352025394,-0.5298405590343171,0.6673609384777376,0.01783422511023748,4.102753231226727,2.8608378792173834,0.442234035210878,0.5349861319401799,1.9121965685080216,0.8876852630316522,-1.3615278489041436,-0.17536027127462378,-0.8620500787018126,-0.038397287093328736,0.0,0.0,0.0,0
34214.9164495,197.0,TARGET_1,34213.9164495,34215.9164495,249,0.7208513424389692,0.5818209170800583,0.616424071984332,0.8610842628599559,0.7030804097549586,-0.07142793957553936,0.21365658036516455,0.3014763930349095,0.4889352522105646,109.935546875,91.08203125,9.609525680541992,1.3595596230728015,4.6219940185546875,-0.23814023988506797,-0.7176951025991805,-0.03816672704420455,0.23776295456685306,1.5589252786548686,0.08780545176409406,0.313719794092863,0.7011977462464876,0.9632243241758146,0.39911788122419284,-0.0743530538163599,0.07937816279733509,0.26952533463527945,0.5158849879116237,1.361632342844685,-0.015371545818230692,0.6103848598256196,-0.34144323112033187,0.3865800338574298,0.8228887470050553,0.0,0.0,0
34215.9164495,198.0,TARGET_1,34214.9164495,34216.9164495,249,0.7387601101626877,0.6260730991822283,0.6885682361310306,0.6542532260224779,0.6335301790123791,-0.2698542335639533,0.1724632152914628,0.26588736045164246,0.3175829624022139,109.6689453125,122.80078125,8.252437210083007,0.36298365142828787,1.188079833984375,-0.16426276807160614,-0.523225443505822,0.23711891783533887,-0.26279421682523507,1.2221921413616166,-0.966141415577261,0.08886581449294288,0.5608530020889144,-0.038724450354614304,0.3932579704156414,0.4582863789042774,-1.393790058238548,-1.5507807420118243,0.3530993378522083,1.124912529443292,-1.0367612831477027,0.5897067861895934,-0.1485366137688498,0.4931188528575148,0.7502707097501082,0.0,0.0,0
34216.9164495,199.0,TARGET_1,34215.9164495,34217.9164495,250,0.970743156772839,0.6227985449926293,1.1178598712033638,1.7588506824313246,0.5779967221366591,-0.28621538823719833,0.10066268131101544,0.48181914839999823,0.3679680671689793,130.65625,127.248046875,8.188945388793945,0.41049583297566594,1.34136962890625,0.7927165870430575,-0.5376157268022206,1.8751977007841174,2.4104708151601346,0.9533223625148246,-1.053044150932288,-0.30305739386882746,1.4123763320416332,0.25589252868961665,0.8545595938097001,0.5329674126668938,-1.3235561393410413,-1.4695223499302548,0.763948966801961,0.8005325691544324,-1.2058339442926802,0.7181050965304769,0.7909261690630787,-0.4562449930294837,0.48497265689486857,0.5444795442898582,0.2640576912191598,0
34217.9164495,200.0,TARGET_1,34216.9164495,34218.9164495,249,0.8251910828413476,0.6823732646885288,0.8053652099192139,1.6393526148702542,0.6054620191880731,0.11071223147228308,0.14050731600124142,0.3846062630340944,0.4105924367104823,80.3095703125,60.57421875,9.591511917114257,1.368916490392875,4.305168151855469,0.19228335762419127,-0.27580998345841734,0.6827894807914769,2.1212704340191193,1.0862978471978928,1.055248116918541,-0.08556545894744372,1.0290189734628004,0.5051301366317532,-0.2520620242667364,-0.5866577298690911,0.09320976217017082,0.10157703441771347,0.3835372775236384,1.0095903916931652,0.9785406614138134,0.434379633965438,0.21281124088767375,-0.44839765892322636,0.5282392901493211,0.15913633990973153,0.08406206723087767,0
34220.3062942,1.0,WASHOUT_2,34219.3062942,34221.3062942,249,1.0582342415733643,1.2250762581853796,0.9115013407991478,1.0872779004144293,0.41166953695651837,-0.2848636686374047,-0.06914477222633429,0.3370838013664151,0.6060422017903572,146.103515625,156.3515625,10.797983932495118,1.841998993634553,5.626106262207031,1.1536359004763062,2.1091405685981433,1.087780703295498,0.785180059525437,0.14803567568610962,-1.045864454083192,-1.2299513639362865,0.841614954854428,1.647984152898872,1.1940909827095756,1.021690330583779,0.7925343791922895,0.8018017750218732,1.1763451052616636,-0.0872333453662231,-1.2811334751355248,-0.07011944044296409,1.1452357492981413,-0.5145229026305718,0.0,0.5523721153677734,0.0,0
34221.3062942,2.0,WASHOUT_2,34220.3062942,34222.3062942,249,0.7802239676893206,0.7821240003085376,0.5638287320860574,0.7115615641584861,0.4639110275833583,-0.2992348130957906,0.1487343820084258,0.5569604570423891,0.34060484467397983,220.7001953125,139.541015625,8.76675910949707,0.5643035507259642,1.7987213134765625,0.006784453767349785,0.16255238939694544,-0.23885852565059082,-0.12410081726024454,0.40096713037475856,-1.1221971939513784,-0.040658019877174184,1.7086948035372558,0.0958914731056367,2.8337283707418663,0.7393979908407665,-1.096192999563655,-1.2270817978835813,1.3444281595563812,0.13208149846348233,-1.3910828258626546,-0.3231768471468277,-0.24970122583646745,-0.2728251489808651,0.0,0.0,0.0,0
34222.3062942,3.0,WASHOUT_2,34221.3062942,34223.3062942,249,0.767802871831816,0.6958907804147191,0.3175240200554677,1.401236418924479,0.6501951601208755,-0.08845096051994474,0.16824856388711448,0.20305371718904305,0.3799764480516339,241.76708984375,135.787109375,8.830250549316407,0.760355484232072,2.5396652221679688,-0.04445520566995343,-0.21640620831819804,-1.1787010242113558,1.5449992354227586,1.3028770120181459,-0.002612804992190008,0.0658601401762525,0.3130695995042683,0.32610917139061224,3.296779381428588,0.6763602451702575,-0.8063832044938,-0.8343099850334029,1.1530795993734315,1.0525030500905839,-0.23322872486687635,-0.004068478346375637,-0.6487933825951079,-0.3793818950609326,0.20324144790411414,0.0,0.0,0
34223.3062942,4.0,WASHOUT_2,34222.3062942,34224.3062942,249,0.9999964520258071,0.9934209437586361,1.0308452208892906,1.9086930200916785,0.6010560219076798,-0.2344111416692354,0.13782260263455418,0.30068737172090615,0.36620067253912997,303.31396484375,218.576171875,11.239104461669921,2.139459309782766,6.7835235595703125,0.9133926452086774,1.091113255962537,1.5431696787119569,2.7731081535446127,1.0649658505777284,-0.7778844314826487,-0.10021996662130486,0.6980862541262793,0.24555803660042555,4.649581648088453,2.066601641362522,1.2322490594948032,1.4153446961215397,1.91495689504442,0.6819744715688444,-1.1608758104915329,0.28213915527974864,0.8821151948289341,-0.9397966947816774,0.0,0.29091708842731956,0.0,0
34224.3062942,5.0,WASHOUT_2,34223.3062942,34225.3062942,249,0.7676500775309357,0.8286476484098698,0.8253383608555767,0.6733950626772236,0.6835218215338141,-0.055829423431604124,0.4021667255960468,0.46284154994520504,0.29943456561940035,364.87109375,532.3515625,12.990046310424805,1.4721794342138497,4.724189758300781,-0.04508551462424212,0.36700418264765167,0.7590024607438504,-0.21646856010729373,1.4642307722180874,0.1706574110212378,1.3427024051100733,1.337538495592115,-0.14484362703191273,6.002609295933262,7.335697871957875,0.24585611485780845,0.323698944128243,3.6689614158708133,0.32762776751090283,-0.5631348721529249,-0.5472944666507442,-0.23158099617165295,-0.7073870015513898,0.0,0.0,0.0,0
34225.3062942,6.0,WASHOUT_2,34224.3062942,34226.3062942,250,1.2796701045409042,1.4294589564168423,0.5491442619083897,0.8558283357431178,0.6488300538920087,-0.11409650727182373,0.34521263687788745,0.34476368396651474,0.41729384218377263,333.64453125,470.638671875,11.127067565917969,2.1184793075114614,6.326179504394531,2.067105882177385,3.007316246305668,-0.294891108332591,0.22504294865828756,1.2962677384287271,-0.13882985121680652,1.0318185168952512,0.8719004411527533,0.5443152855965239,5.3162484607162686,6.2993796357710545,1.2012357965798395,1.1729081883906178,3.25796095580915,0.33512999219832185,-0.7904220423786366,-0.7038915203263582,0.9397548649531775,-0.7945389581814093,0.0,0.0,0.0,0
34226.3062942,7.0,WASHOUT_2,34225.3062942,34227.3062942,249,0.7340210036730516,0.6181117015871478,0.7819009592136578,0.435435111424301,0.5790650178659791,0.043097424147108085,0.28474876489114015,0.5063037695425292,0.4876316946119746,176.9365234375,264.064453125,8.919548034667969,0.5662184387555093,1.8191604614257812,-0.18381258922682703,-0.5582124249985623,0.5932552618633906,-0.7923616268589604,0.958494603766221,0.6961101572567108,0.7017764770202475,1.5089310187138207,0.9556020277950782,1.8718014733996606,2.830466936194027,-1.0933623551650018,-1.2162470759849886,1.7917003640256466,0.3896215878550173,0.3377700844515814,-0.1528734191106207,-0.2554738631034449,-0.09262897583632845,0.0,0.0,0.0,0
34227.3062942,8.0,WASHOUT_2,34226.3062942,34228.3062942,249,0.8259391774982188,0.7214883720187725,0.8546411527088953,0.7015549820770183,0.5242852807514172,-0.17617924417885777,0.14821410863061135,0.27908711395481944,0.2667426359642178,163.8369140625,102.03515625,8.649995803833008,0.469801610028435,1.6990737915039062,0.19536940702632893,-0.10391559934985119,0.8708152185396034,-0.14831800680099097,0.6932740208617698,-0.4685840625360312,-0.04349793206381302,0.6129060053283845,-0.33600324848594015,1.583871643414648,0.10957810004431338,-1.235888577043901,-1.2799046059155035,0.5765889371968365,0.5779562334224025,-0.5839018499753985,0.39143249871801317,0.2854300992012135,0.20042260930715403,0.34094940295453524,0.1627697817450848,0.05549625990502667,0
34228.3062942,9.0,WASHOUT_2,34227.3062942,34229.3062942,249,0.6279900239495296,0.6200962783131113,0.4484301872393962,1.5770202623451224,0.7657662061260746,-0.21368875135469204,0.19875028439782372,0.3843304660978065,0.4258645033576991,291.298828125,476.986328125,10.369765472412109,1.8227279350756664,5.61077880859375,-0.6212129082618295,-0.549491048085404,-0.679193003317802,1.9704182865693567,1.8624236948412731,-0.6678168697858452,0.232353778877694,1.0279313729394592,0.5944305392049565,4.385488561520643,6.405973118304433,0.7640473276654239,0.7936767446768666,3.103455897992373,1.1720263815794902,-1.28850804938432,-0.3010477154588241,-1.0926799541949908,-0.9354706799601405,0.0,0.0,0.0,0
34229.3062942,10.0,WASHOUT_2,34228.3062942,34230.3062942,249,1.5560221101791083,1.7397757323726144,0.8031903623603791,0.6770826794857632,0.6861492970066291,-0.19948021845859767,0.17591419989694984,0.5345040755101431,0.44258917313105617,179.775390625,397.591796875,12.79305534362793,1.4991015953889808,4.8238372802734375,3.207116620051365,4.371027475092958,0.6744907594765951,-0.20754406276354684,1.4769519098717745,-0.5923478458255951,0.10770301365580533,1.6201384452413654,0.6922247525334356,1.9341998643170926,5.072734636771557,0.2856532536743929,0.3765217521601651,2.329824424715863,0.9786761208318604,-1.0583127307687676,0.12443845014770627,2.204006076151135,-0.07898921732762382,0.022537750264870038,1.101727058392163,0.02483044930209246,0
34230.3062942,11.0,WASHOUT_2,34229.3062942,34231.3062942,249,0.8539163018364316,0.7049099151298349,0.6052782952594379,0.4673370352321031,0.6520703373946077,-0.01900295338003919,0.1388433899803893,0.38957338050063145,0.12833103469383642,174.92578125,415.80859375,11.954632186889649,1.9605385053987339,5.600555419921875,0.31078098902929646,-0.17677091871109762,-0.08069646412947784,-0.7151549513649574,1.3119558363386852,0.36626224728529344,-0.09464799898463314,1.048606716636508,-1.1453378329771158,1.8276052962758242,5.378641532645042,0.9677630086563679,0.7882573615696944,2.0637133863893435,0.8992131590608164,-0.04648042999257529,-0.04153522514625624,-0.23330350908275488,0.06118394956329937,0.0,0.0,0.0,0
34231.3062942,12.0,WASHOUT_2,34230.3062942,34232.3062942,249,0.853777813887266,0.9197150750440551,0.7584360272254095,0.5423547422677337,0.599578478312232,-0.27769901153571214,0.11279458786081908,0.2866242932604406,0.25246174701394597,128.029296875,70.384765625,9.503876113891602,0.8588013771999221,2.6188735961914062,0.31020969681540306,0.7672070782059032,0.5037184433162295,-0.5336026475509904,1.057812202271022,-1.0078091754398044,-0.2368353830431275,0.6426287436141817,-0.4195079346441096,0.7968190807144502,-0.421913402864426,-0.6608575595473161,-0.7923218989000735,0.359861956082158,0.9858398110545903,-1.079781566656236,0.5781760178885427,0.41535794095646866,0.5284043508373782,0.684675166891716,0.33441337103080493,0.22896453062133773,0
34232.3062942,13.0,WASHOUT_2,34231.3062942,34233.3062942,250,0.8500015404845188,0.7871817366632107,0.7512399995063708,0.31347057555500923,0.5603360736439882,-0.1137677730033562,0.17206804488786293,0.5220347632493958,0.5475522550438379,134.3671875,70.384765625,8.56044273376465,0.26741893388913096,0.9197998046875,0.2946317667101453,0.18477900553095825,0.4762600458888432,-1.0875311720991805,0.8678168866871271,-0.13708376986097912,0.08670877687995446,1.5709659246070655,1.3059757062620003,0.9361261178847746,-0.421913402864426,-1.5350566640334293,-1.6929950611018258,0.9532669371884601,0.6511508661854487,-0.32773715729867114,0.2388812535770926,0.1932410716085832,0.3906715374419699,0.24892822019964858,0.0,0.0,0
34233.3062942,14.0,WASHOUT_2,34232.3062942,34234.3062942,249,0.5074192995320325,0.3628179889187153,0.41998292274134896,0.7432558090873734,0.680578102862087,0.13881379468878038,0.14738775486324146,0.33078264851239986,0.5137230085834985,116.3505859375,111.802734375,8.34888916015625,0.1764463416863223,0.725616455078125,-1.1185927633193724,-1.6801205188566812,-0.7877412642205134,-0.047396750822295206,1.4499785172211452,1.2045103639932748,-0.048008584029683346,0.8167664658395758,1.1081658487331922,0.5401206435002885,0.27360087116721404,-1.669535053671184,-1.795930985612084,0.6846634573100676,1.3130458257591318,1.0675776725312613,0.14055848927862502,-1.2177998083387436,0.14620305295238162,0.5318095556002151,0.0,0.0,0
34234.3062942,15.0,WASHOUT_2,34233.3062942,34235.3062942,249,0.8264992343232086,0.8019515665936553,0.7867259519212917,0.9291119678846422,0.8221768101727712,0.13787201785504802,0.22202352607397657,0.3630959818031314,0.6934887862264573,120.7001953125,117.748046875,9.346488952636719,1.2357345214507875,3.8733749389648438,0.19767976042084667,0.2496861729291418,0.6116663314872512,0.4023985727222137,2.1355402535419534,1.1995080897296388,0.35939076650205626,0.944193545599489,2.159310836718607,0.6357251956661784,0.3734379668077079,-0.10366378269034791,-0.12731505986102964,1.0281668861979956,1.8220896463517373,0.9938747124900398,0.6992492243177616,0.19875130986604797,0.2460050440551924,0.9535696189671947,0.07334238453018677,0.06993706967059567,0
34235.3062942,16.0,WASHOUT_2,34234.3062942,34236.3062942,249,1.4356325853501353,1.1657840552783667,0.5250084919709022,1.7457474397570385,0.7497722951981542,0.06219711714869702,0.08453937181303435,0.5121826653784901,0.5021645757030894,148.181640625,81.40625,12.171296310424804,2.0919540873263776,6.3057403564453125,2.7104842517947185,1.8485763672758404,-0.38698769120234505,2.3787593167825554,1.7849878654148976,0.7975587163240977,-0.39106647733301675,1.532114344366086,1.0405801883783123,1.2397682361916171,-0.2368343191918548,1.162025427732432,1.1620734664920251,0.9531156922340038,1.594364726968097,0.6069355778772969,0.4204876383979068,1.3110201410068703,-0.4118599424732562,0.6748744317205754,0.8111884879375898,0.5474503698151537,0
34236.3062942,17.0,WASHOUT_2,34235.3062942,34237.3062942,249,0.931557237663181,0.875684946079781,0.7949877280012636,1.8322249103995116,0.7161754424494224,-0.06152827094511822,0.10706317564326737,0.35002404284519834,0.4119621417988733,250.529296875,96.650390625,13.191123962402344,1.6001316352567294,5.0716705322265625,0.6310663451520843,0.5737132489129262,0.643191381128145,2.5880456925403306,1.6223259517379698,0.14038782142402967,-0.2681202961241141,0.8926445768433925,0.5131392174343291,3.4893729701821683,0.019154028861382524,0.43499886137307614,0.5078973050358222,1.2285776983303183,1.376610412071906,-0.10532771824203399,0.610789147339005,0.43955283374632625,-0.4564488369718398,0.6029693783716623,0.1841292734241657,0.11102431353659505,0
34237.3062942,18.0,WASHOUT_2,34236.3062942,34238.3062942,249,0.8426193883220683,0.7680658508143424,0.9959106480517096,1.465798137827359,0.7414287365672312,-0.10385630906349788,0.10797007370250467,0.30479444717390797,0.4268230504857841,350.4541015625,244.126953125,10.799005508422852,1.9928171150901575,6.4334869384765625,0.2641788206047677,0.10077275707717469,1.4098673315861434,1.7012467304233778,1.744591843087097,-0.08443874908167436,-0.2631699931482318,0.7142824362601652,0.6000354547937042,5.685723349901599,2.4956650070553406,1.0154782088715184,1.2297914894371673,2.373926562002702,1.2698065306865565,-0.5592240614822148,0.45737878427346645,0.27639960244232537,-0.48987267625322023,0.25346081170614787,0.0,0.0,0
34238.3062942,19.0,WASHOUT_2,34237.3062942,34239.3062942,249,0.6208233679042721,0.5238199029318608,0.6961766988637128,1.4948312117351448,0.584460817309825,-0.1738739387457563,-0.02357556837777692,0.49413497441305143,0.3255775628918069,187.4755859375,150.65234375,8.73265037536621,0.5661628480478897,1.8804779052734375,-0.6507768870988032,-0.9725850744072813,0.26615107303017105,1.771510427662966,0.9846188086111528,-0.4563393675883738,-0.9812118687720631,1.4609435822709584,0.008022401831411752,2.103450401772872,0.9259857822661178,-1.0934445310012453,-1.1837429102892105,1.12460054203534,0.7596987002040848,-0.6812594759954418,0.20322191786095445,-0.5629038198206588,-0.47765814717949373,0.16062835500425032,0.0,0.0,0
34239.3062942,20.0,WASHOUT_2,34238.3062942,34240.3062942,250,1.35636970870133,1.4466194609763747,0.8554752593317723,1.4872628359926279,0.4806145995133779,-0.18847864941574852,0.09627140007364964,0.4240193608498755,0.456655840046004,113.15625,70.810546875,8.360514068603516,0.32371176661957823,1.1727447509765625,2.383508045178301,3.0827294194652954,0.8739979788126322,1.753194004694572,0.4818388416537197,-0.5339127009892584,-0.3270272021133723,1.1844438537674682,0.7744768175214394,0.46990903817145474,-0.4147634400360332,-1.4518429255828251,-1.5589098166725825,0.6072074273650906,0.36039735618070157,-0.6553541864622765,0.26491618376127124,1.9039426827029522,-0.47305143408686146,0.1126444640921835,1.2643016291713025,0.14241657946887587,0
34240.3062942,21.0,WASHOUT_2,34239.3062942,34241.3062942,249,0.8356999267796148,0.745726777098144,0.7751149434842234,0.3633277844384829,0.6984699902056992,0.008394272516243464,0.29403937285131415,0.34209312517744883,0.5966172191209191,86.208984375,93.162109375,9.661902618408202,1.3665255891114945,4.2310791015625,0.2356345716115825,0.0026019586288537604,0.5673613764973966,-0.966870444222899,1.5366035548807764,0.5117833867816375,0.7524892597465482,0.8613691380291771,1.5928734225656156,-0.12239271586212475,-0.03942318954003732,0.08967546083481796,0.062302684153721775,0.6135606401486982,1.1881446489270724,0.38907125875189785,0.564115489246685,0.2130983347027669,0.6064605834141384,0.726450992489865,0.13927980411153418,0.10117995193061799,0
34241.3062942,22.0,WASHOUT_2,34240.3062942,34242.3062942,249,0.8677693544321741,0.7540422203223436,0.7186117507998682,0.619937836340889,0.636783815443806,-0.07266717862146574,-0.022058876638591338,0.1931165288251439,0.6379846400671337,99.5,86.63671875,12.217285537719727,1.573620920045038,4.854499816894531,0.3679277742498635,0.03914482119971406,0.3517581046341709,-0.3458417838484111,1.2379448885699056,0.08122319855516472,-0.972933007048287,0.27388246635267044,1.8347612710962757,0.1697442295751811,-0.1490012895843507,0.3958099342084469,0.39277585716593,0.5695969917560318,1.1240254902186992,-0.03269619979604166,0.5637542978398195,0.21107225051093648,0.4679793583288816,0.6923794421080153,0.14658203657441302,0.10149038870644878,0
34242.3062942,23.0,WASHOUT_2,34241.3062942,34243.3062942,249,0.8483154505295748,0.8387755767974691,0.6965889308836749,0.26920051033212755,0.7148852121649909,-0.14479095832959063,0.08362565104556036,0.25566811818633556,0.4614307163493521,91.5654296875,84.736328125,12.038435363769532,1.8044152255820536,5.148323059082031,0.2876762874140258,0.4115121523633822,0.2677240562201143,-1.1946703082952697,1.6160791961647865,-0.3018642953262394,-0.39605402206120366,0.520553594178538,0.8023969665082133,-0.0046578778221818785,-0.180913738355113,0.7369769362104354,0.5485305453923586,0.33073764017168783,1.549931668130449,-0.3680118233605769,0.8367090214838536,0.2558495334602749,0.9664103202643415,1.1044818143185327,0.2802889496846256,0.3095740476811112,0
34243.3062942,24.0,WASHOUT_2,34242.3062942,34244.3062942,249,1.0542151120407466,1.0867027271846479,0.9098723105873686,0.45133814712093984,0.5620694591709499,-0.24399484448270603,-0.15857321242395245,0.3489356915858846,0.3267627936362461,210.33056640625,200.048828125,9.542073822021484,1.257586977867742,4.353721618652344,1.1370561372373553,1.5010473148207886,1.0815646962534593,-0.7538742765725912,0.8762092146549936,-0.8287885397777804,-1.718096496820448,0.8883526821793668,0.01495280523165149,2.6058035981389254,1.7554798643435585,-0.0713608321266229,0.12731505986102964,1.3161472374733756,0.6129797671603184,-1.0920179872724556,0.27849323663319614,0.993010282788672,0.21645007478349676,0.1595784116907561,0.4875763977840344,0.0778066671362765,0
34244.3062942,25.0,WASHOUT_2,34243.3062942,34245.3062942,249,1.095282962511801,1.2954525619823858,0.6706392803762946,0.34889607235479525,0.5060965883062506,-0.31742437927808953,0.15877031182207918,0.2686538412622555,0.47530710990588765,279.66455078125,446.587890625,8.32167854309082,0.3596617987333189,1.1139755249023438,1.3064697458351455,2.4184147141319365,0.16870611958150877,-1.0017970059682335,0.6052119769989391,-1.218811588701157,0.0141231021202151,0.5717625720715745,0.8835364454986782,4.129766776107907,5.895505129950739,-1.3987005196227569,-1.5900631809073194,2.870142730907225,0.026946500181429522,-1.792840134882602,-0.6605385777316428,0.7001200606696474,-0.43054013876945685,0.0,0.0,0.0,0
34245.3062942,26.0,WASHOUT_2,34244.3062942,34246.3062942,249,0.7733361767945693,0.749390306452674,0.6003052463431461,0.7392645190928203,0.5568172236042597,0.1579133546124834,0.19064466076777345,0.36264005912980335,0.36385808090236627,297.37841796875,414.51171875,8.463608169555664,0.6197597703957645,2.087432861328125,-0.02162914707521818,0.018701623567614796,-0.09967248241357837,-0.05705617554126966,0.8507800860771062,1.3059582162137102,0.188109233012236,0.9423956222984227,0.2318601932724735,4.519118139317848,5.3568636642136065,-1.0142159674047093,-1.0740368012107389,2.7625594047755877,0.24183543521831774,0.7534463352585926,-0.7332377494789353,-0.45526207103141575,-0.7591707853857641,0.0,0.0,0.0,0
34246.3062942,27.0,WASHOUT_2,34245.3062942,34247.3062942,249,0.8715281951654903,0.8292205657579772,0.7366976671162491,0.9502828122811899,0.5978058034824252,0.036254099037323996,-0.02893682117296619,0.32909419591253214,0.4226745024761824,122.95703125,178.45703125,10.435811996459961,1.8377577174785928,5.774299621582031,0.38343379088991864,0.369521912533104,0.42076982852452544,0.4536346838453473,1.0492296519262077,0.659761642568045,-1.0104762666789266,0.8101080817546418,0.5757776371774349,0.6853305212286774,1.3928980337569425,0.7862647987213823,0.8803585641813598,0.8660285684794242,0.8760239382303228,0.48655592887216015,0.2731872952635208,0.2638147431187544,-0.05117550289533604,0.3388217910868111,0.06610206553994738,0.022396820240782746,0
34247.3062942,28.0,WASHOUT_2,34246.3062942,34248.3062942,249,0.5928919374600805,0.7061477967851992,0.5613799541801133,0.892973659313792,0.5370073700354165,-0.12023354368233109,0.1173979758687261,0.28464596499744943,0.3225858349254394,221.8974609375,198.484375,12.379911804199219,1.3574876016173252,3.9960250854492188,-0.7659999720806643,-0.1713309514127434,-0.24820250257482065,0.31493931228571886,0.7548690578844618,-0.17142689352205534,-0.2117077900104026,0.6348272397862936,-0.009471138365704604,2.8600443071934563,1.7292086706484089,0.07631523909822636,-0.062298639837970154,1.3060200544070397,0.49366504700305386,-0.4326309044034633,-0.11703986339378547,-0.6617400617810908,-0.2368462563146538,0.0,0.0,0.0,0
34248.3062942,29.0,WASHOUT_2,34247.3062942,34249.3062942,250,1.5490555994781328,1.5004694496618232,0.9757265014591789,0.6857935648492554,0.48940820605072627,-0.10639422258874459,0.25676654694341366,0.45875659842246735,0.3983251156424801,195.45556640625,156.328125,11.101007461547852,1.9473052804704294,5.196876525878906,3.178378283283064,3.3193773867375547,1.3328492404239864,-0.18646262254770252,0.5244138077728606,-0.09791894848343916,0.5490355428353045,1.3214295588006086,0.4333993921835566,2.2788506258464167,1.0212967546482712,0.9482012622558116,0.5742685708356747,1.2637440828697133,0.10695432834832663,-0.35066776505738184,0.07610116998014793,2.371081326542828,-0.14569843881009692,0.0,1.4222283460020666,0.0,0
34249.3062942,30.0,WASHOUT_2,34248.3062942,34250.3062942,249,0.9149223353923832,0.958043667672086,0.8233165250837251,0.9933681269475324,0.4068933194314525,-0.20872778480331372,0.19520244750743787,0.37971724126246165,0.46095282730818055,391.904296875,342.451171875,8.996326065063476,0.5305972865631937,1.8370437622070312,0.5624438389813816,0.9356450622287493,0.7512875974437098,0.5579065744072503,0.12491122743570564,-0.641466555768915,0.21298791152630467,1.009739199332519,0.7996026044387078,6.5967999589454225,4.146781652500065,-1.146018601050409,-1.206767199863189,3.1382308538041785,-0.5666313167830215,-1.2691127265297508,-0.908383038320779,0.23244477102204325,-1.192103297698112,0.0,0.0,0.0,0
34250.3062942,31.0,WASHOUT_2,34249.3062942,34251.3062942,249,0.8549467796704638,0.834934974980762,0.9753405263511452,0.8883391096044383,0.52154181120043,-0.06720116717282741,0.3601203491781724,0.42444317998354386,0.4213171845604624,439.748046875,502.556640625,8.744402313232422,0.4337275891132572,1.52532958984375,0.3150319290332413,0.3946343287052413,1.3313764476100527,0.3037231180014297,0.6799912883803825,0.11025607281466544,1.1131922631636701,1.1861151773063874,0.5678409879279567,7.6484071030206975,6.835364463943509,-1.289214266935389,-1.372005808527169,4.059431933049638,-0.4658527771786461,-0.7016303137952621,-0.9382328988081516,0.0777582005120796,-1.277317379865988,0.0,0.0,0.0,0
34251.3062942,32.0,WASHOUT_2,34250.3062942,34252.3062942,249,0.6455453238563695,0.6908175044906203,1.197140344555414,1.2447013054061826,0.6458548500874469,-0.016887256615350735,0.3710673393547982,0.6544447810018897,0.2667945487303234,189.1298828125,185.318359375,10.300014114379882,1.5860646705250283,4.8698272705078125,-0.5487935662918761,-0.2387011142997418,2.177713870888964,1.1661645361226392,1.2818630455829916,0.37749983043300794,1.1729464080715104,2.0931225755892204,-0.33569969880802153,2.1398118996105495,1.5081173888768684,0.41420465601512607,0.4009008875109366,1.4352629660191596,0.6429265299577065,0.09044723722917603,0.5211328702483545,0.2522130822169707,-0.3273078630755995,0.20404335058133566,0.0,0.0,0
34252.3062942,33.0,WASHOUT_2,34251.3062942,34253.3062942,249,0.9324706433083066,0.8776905136512773,0.8156776775014067,1.6138221575249887,0.5114855345312385,-0.08739099543640455,-0.014267338926112037,0.48105672568028857,0.3893642470758194,186.322265625,144.234375,12.68868408203125,1.2550488241517836,3.817169189453125,0.6348343375032641,0.5825268717308268,0.7221395006058413,2.0594835102165074,0.6313030014235906,0.0030172294998800056,-0.9304028991360229,1.4093697310252324,0.38100247767990025,2.078100384685329,0.8182115719262154,-0.0751128063873346,-0.15710953400322167,1.171671041329169,0.3969687931577568,-0.23131697876595383,0.1059499510559343,0.4791789952353033,-0.7066011356194755,0.0,0.12228107861006526,0.0,0
34253.3062942,34.0,WASHOUT_2,34252.3062942,34254.3062942,249,1.565745434904501,1.4449717728133686,1.614248121066687,1.5566960237727536,0.7212858509062747,-0.31498472673080335,0.20058225463139573,0.4089805594237318,0.45353691437894333,193.6103515625,167.189453125,12.09528465270996,1.7434548629618065,4.6322174072265625,3.247227400391766,3.0754885255674047,3.769301833675456,1.921231068219352,1.647068412749998,-1.2058533052603355,0.2423535882351053,1.1251385963500178,0.7562395138153838,2.2382927449938235,1.2036864027615388,0.646863516350654,0.27494471774245166,1.330839314480191,1.308194473383428,-1.4720211681563737,1.3291225901597017,3.1959797799041563,-0.11779819380688994,0.908844996317681,2.2368425010688116,2.032943114647116,0
34254.3062942,35.0,WASHOUT_2,34253.3062942,34255.3062942,249,0.7772149086928591,0.6226856666941752,0.8874392205108177,1.9600965665504755,0.6881091327270901,-0.18484161035334123,0.16020987071913337,0.33566097826730296,0.41809309474197004,176.869140625,108.203125,9.725904846191407,1.005113109453793,3.4722442626953125,-0.005628553907193021,-0.5381117792718756,0.9959651506574096,2.897511213203185,1.4864406149944476,-0.5145944652394836,0.02198093423206054,0.8360040761838945,0.5489887575537522,1.8703203970414553,0.2131541670721319,-0.4445752083228186,-0.33995304913400787,0.8671168494628085,1.3064229648322676,-0.6880178351320453,0.7507447059563974,0.1083650701980601,-0.46306366791473763,0.7059957151708637,0.05258112043735985,0.03712204572765918,0
34255.3062942,36.0,WASHOUT_2,34254.3062942,34256.3062942,250,0.9776183296513858,0.6123204621453918,1.1366380993153944,1.925272763795761,0.5607460617057203,0.0683398856137141,0.04489255054650532,0.30540583971299073,0.3897320535453616,109.0087890625,51.408203125,8.756410598754883,0.2861113244005127,0.9427947998046875,0.8210781358879191,-0.5836624775488763,1.9468511282880254,2.8132332224792256,0.8698018774600664,0.8301862045988422,-0.6074786476987017,0.7166934523302609,0.38315315358761265,0.37874771508018085,-0.7405787186472901,-1.5074250168132788,-1.68080549342644,0.36964858024951364,0.7958721614101637,0.7562564885489395,0.6807790280754301,0.87870327350317,-0.6223817506341047,0.528325144155204,0.6773183810174023,0.3578443312899885,0
34256.3062942,37.0,WASHOUT_2,34255.3062942,34257.3062942,249,1.0196494896464814,0.7002748187818286,1.1720472753683036,2.005296986328199,0.40328494505158363,-0.17243134589130787,-0.05871933671721366,0.3283798643632451,0.30355136564380636,83.39453125,31.314453125,9.128674697875976,0.8063587006352264,2.66741943359375,0.9944656009401507,-0.19714021043507465,2.0819644528329944,3.0069019246535693,0.10744098740215291,-0.4486769948794237,-1.173044125134748,0.8072911274501433,-0.12077144950773809,-0.18425448491064167,-1.0780044873560288,-0.7383798827212197,-0.766587917772509,0.20182278186253583,0.06707643102964575,-0.4890415512519309,0.5069274548089198,1.1064956195482205,-0.7955803407574543,0.1383791581791019,0.8355678682730311,0.11562517821312875,0
34257.3062942,38.0,WASHOUT_2,34256.3062942,34258.3062942,249,0.7224750352195377,0.42862398635382937,0.7235303394309317,2.0725887421323095,0.5474626042644104,-0.05587816634099454,0.039737512322941974,0.20289073725097564,0.33372405889213935,91.3173828125,44.501953125,11.448614883422852,1.9758976528023613,6.080894470214844,-0.23144216219034736,-1.39093094040926,0.3705263149144404,3.1697564529600735,0.8054889305358623,0.1703985116807092,-0.6356174233846414,0.31242689089291814,0.05565743310750015,-0.010109956010357902,-0.8565524276436062,0.9904673568455903,1.042883436976002,0.09202108100010457,0.7870847143358415,0.1519942954806883,0.4721240422671591,-0.2664541129974699,-0.637973871542604,0.4844423371170689,0.0,0.0,0
34258.3062942,39.0,WASHOUT_2,34257.3062942,34259.3062942,249,0.7717264866695904,0.7680729215555414,0.7931021091279369,2.018628850297796,0.7032233347568186,0.008484322457460855,0.060737259666712326,0.09823926576812159,0.40984395386840455,82.0869140625,80.556640625,12.8744327545166,1.387276724510281,4.425262451171875,-0.02826946084058346,0.10080382999980096,0.6359962903861512,3.03916671537378,1.5596172617548545,0.512261689588905,-0.5209903043718733,-0.10026440541054697,0.5007535305927233,-0.21299595220972709,-0.25110144685401475,0.12035040593655448,0.1652386086639799,0.12518838264818083,1.5345795852252184,0.48722401305926877,0.8742759461965092,0.21125995285962343,-0.33092843098396774,1.0258544695117446,0.2976994797114021,0.30539634183326275,0
34259.3062942,40.0,WASHOUT_2,34258.3062942,34260.3062942,249,0.928002472649242,0.8417032585069997,0.9066370431570911,1.540533898745714,0.4616573475428277,-0.20068595849503665,-0.02968152644896598,0.44651104783096984,0.2765042267669082,68.9765625,65.37890625,10.973001098632812,1.9611691143177097,5.876502990722656,0.6164021842130294,0.42437807754356355,1.0692196550233646,1.8821166891062349,0.39005575391488956,-0.5987521680990691,-1.0145412403618976,1.2731394384998853,-0.2789242683733178,-0.5011618958170622,-0.5059746630899797,0.9686951935030524,0.934536217990075,0.31828485962497133,0.3263987819898953,-0.6624091400240634,0.36725302894404077,0.6887407487190079,-0.43855908682388584,0.2046304343128884,0.49191215796711946,0.10066019852860182,0
34260.3062942,41.0,WASHOUT_2,34259.3062942,34261.3062942,249,1.299365223093979,1.3031826267133724,1.0255680289850064,1.2954989058702917,0.7271278478944099,-0.04794532154526723,0.2302826167731378,0.25024488495222397,0.5971015057753186,110.306640625,146.626953125,8.867808532714843,0.6111454399002292,2.0363311767578125,2.1483524306956574,2.45238508534513,1.5230331202847225,1.2891011301203754,1.6753529195427,0.2125340409672167,0.4044730123506401,0.4991671662398898,1.5957051934187494,0.4072745336317003,0.8583891153426428,-1.0269499267741908,-1.1011256281150963,0.8401340021582455,1.3859842154058588,0.044507240535567594,0.9241146498977281,1.8642771026579879,0.08539070154809283,0.8800567591097744,1.3217901014084878,1.163250312868934,0
34261.3062942,42.0,WASHOUT_2,34260.3062942,34262.3062942,249,0.977891791189878,1.0284604927138243,0.5766422388941492,0.5273390506940682,0.6358626758894765,-0.09424577334471139,0.16935835951770414,0.4098537229024576,0.576968796001206,85.2919921875,146.626953125,8.151515197753906,0.2805464786888353,0.9427947998046875,0.822206222834698,1.2450972815269252,-0.1899651116571682,-0.5699425132478203,1.2334851159896778,-0.033392117051754724,0.07191795952735955,1.1285819016644512,1.477983137245994,-0.14254823325857074,0.8583891153426428,-1.5156511371399435,-1.68080549342644,0.866238538563272,1.0386620204188155,-0.20663982476440912,0.3072131986752385,0.42258868671649946,0.38613695205614595,0.4710098360852846,0.18400701272394293,0.08666911290164724,0
34262.3062942,43.0,WASHOUT_2,34261.3062942,34263.3062942,250,0.9800755951226793,1.063836302419175,0.12363791370537815,0.3166423661292332,0.7293664200015942,-0.040981669410025026,0.07501199767419402,0.28283667165216686,0.5581142206520392,88.927734375,125.259765625,8.416596984863281,0.6433026844725883,2.235626220703125,0.831214878035356,1.4005590311343807,-1.9185261015556143,-1.0798550392404105,1.686191149706153,0.24952167605161737,-0.4430716482245605,0.6276923222788964,1.3677347204520407,-0.06263450453975447,0.49957905413797704,-0.979414132085197,-0.9954800120512521,0.6237515242172286,1.5614408448627073,0.12477137120817165,0.19826878398964407,-0.11088836283426289,0.6984899507036749,0.7369680232104798,0.0,0.0,0
34263.3062942,44.0,WASHOUT_2,34262.3062942,34264.3062942,249,0.43739838218103266,0.3656156847764135,0.21595690491144212,0.11279821150226758,0.4563101561164365,-0.2879999571286819,0.060533731149578586,0.3454160671892664,0.19082773612847145,136.693359375,147.25390625,10.59039077758789,1.9644044008219954,5.976142883300781,-1.407443924256599,-1.667825826621227,-1.5662579267228864,-1.5731835793137368,0.3641668887667548,-1.062522939024978,-0.5221012647645898,0.87447310328611,-0.7799006772515491,0.9872554495549922,0.8689172716174781,0.9734776901713146,0.9873549817062455,0.6826614561146451,0.22763459754382576,-1.199055230247907,-0.4370308170602787,-1.617504424009922,0.29445545756927,0.0,0.0,0.0,0
34264.3062942,45.0,WASHOUT_2,34263.3062942,34265.3062942,249,0.9106506368552617,0.8553242619284086,0.5407528105121129,0.3827474178933263,0.45814830352059943,-0.16751426532563035,0.24266611674697786,0.5714916546095902,0.23595955943183575,206.2060546875,156.70703125,12.45745620727539,1.2148389121273875,3.6459808349609375,0.5448221749372475,0.4842366374165008,-0.326910969348683,-0.919872484244263,0.37306642994156636,-0.4225597825156052,0.4720683458591201,1.7659983337779415,-0.5160012271671303,2.5151466996044314,1.0276595656056484,-0.13455229344143246,-0.24785589083809406,1.3272011497470053,-0.03399430376557075,-0.6880000124650063,-0.432224896844986,0.028518294470971706,-0.10773300001703995,0.0,0.0,0.0,0
34265.3062942,46.0,WASHOUT_2,34264.3062942,34266.3062942,249,0.5359123847660856,0.5389170308134908,0.22677820048787584,0.47801787686559166,0.5915428866158182,0.11084000433917739,0.09691264054678113,0.36787321417454955,0.4556441226477091,161.89306640625,128.677734375,11.045562744140625,1.830972702449555,5.472808837890625,-1.001052732998389,-0.9062395706838509,-1.5249663355536647,-0.6893059687466142,1.0189072270746642,1.0559267861114574,-0.32352699104767807,0.9630324801330223,0.7685609992471317,1.5411458102116387,0.5569755447328734,0.7762349878445103,0.7205393386245521,0.9574287085811665,0.8274214853584309,0.8644410443952241,-0.3384051529656156,-1.3090741677170028,0.04926504961459269,0.03349811282199286,0.0,0.0,0
34266.3062942,47.0,WASHOUT_2,34265.3062942,34267.3062942,249,0.9021205452092943,1.1367673672838963,0.5968203010318129,1.1087782033079525,0.47697688961932755,-0.0732605390327685,0.174499284062448,0.332435921218421,0.3691295730133123,280.0673828125,286.90625,8.77506217956543,0.8426365689329632,2.7670669555664062,0.5096337345675293,1.7210602730576006,-0.11297023738443818,0.8372135017254667,0.464226571326105,0.0780715479642736,0.09997969569871538,0.8232861186119957,0.26268420540803694,4.138621036945004,3.2140394833410624,-0.6847528595701792,-0.7137651097405869,2.109657711076525,0.012301120401185361,-0.3438599942510314,-0.5488913708945888,0.21755899542087626,-0.8066280993362367,0.0,0.0,0.0,0
34267.3062942,48.0,WASHOUT_2,34266.3062942,34268.3062942,249,0.5225621839622473,1.2804067215022827,0.6769983953322071,1.329081403511379,0.6774565340809281,0.18221054462123307,0.15951321800883872,0.37042885478346615,0.5726772446841739,358.33251953125,326.693359375,7.898315048217773,0.26478588267661085,0.9070205688476562,-1.056125147739878,2.352294596887024,0.19297104914589988,1.3703750060557018,1.4348651863560504,1.4350134274974256,0.018178255474727706,0.9731106053694398,1.4528891359475928,5.858891227000457,3.8821674318602803,-1.5389489185940566,-1.699769289985791,3.0417646000444427,0.8210587897047434,0.8266605074885369,-0.4259481548847342,-0.3935222199111417,-1.0036338997586403,0.0,0.0,0.0,0
34268.3062942,49.0,WASHOUT_2,34267.3062942,34269.3062942,249,0.48722687958393596,0.5149521848636441,0.5303649824964078,1.0223801711882243,0.6717611152161899,-0.11722167097640925,0.16317379300885435,0.4275045444109269,0.27477679641947983,118.1181640625,108.71875,7.7636665344238285,0.08200066303822372,0.3806915283203125,-1.2018907857503283,-1.011554951772437,-0.36654854735688297,0.6281193772025774,1.4072903495503926,-0.15542924653973247,0.03815950378752852,1.198187615811956,-0.2890250771902199,0.5789720668097318,0.2218128376533048,-1.809147462917768,-1.97877450074287,0.49974313006874815,1.2958938724003843,-0.2553778725534821,0.49616871046380373,-0.9464153050273564,0.2244259001615434,0.7289221262912894,0.0,0.0,0
34269.3062942,50.0,WASHOUT_2,34268.3062942,34270.3062942,250,0.38962186487862144,0.44589334356835925,0.03883806151689315,0.47132854783233685,0.7860892286729532,0.13123116541226582,0.07616512710650923,0.2629145112550341,0.38978671665859,163.658203125,171.2578125,8.465780639648438,0.7770496267490469,2.4068145751953125,-1.6045322088781935,-1.3150394057835273,-2.2421029600791784,-0.7054949879121859,1.9608192726621572,1.1642350143329119,-0.43677729132057935,0.549129621889105,0.38347278537877494,1.5799435713341905,1.272004625566778,-0.7817054268499457,-0.9047336552163797,0.9461376510422121,1.7715917424537146,0.9750074841244695,-0.017686191255698452,-1.9117040588359366,0.40322581846873284,0.6403525496775382,0.0,0.0,0
34270.3062942,51.0,WASHOUT_2,34269.3062942,34271.3062942,249,0.7271175699074344,0.6196258032650834,0.2767680127200718,0.46013838566863907,0.6544047578666684,-0.14091006227606903,-0.004421560760825096,0.36934926194189815,0.311477967382592,196.21484375,186.033203125,10.567779159545898,1.6633044108851982,5.120216369628906,-0.21229072023525067,-0.5515585873084569,-1.3342166351376388,-0.7325765903918016,1.3232581242092751,-0.281250806277629,-0.8766597198943707,0.9688532493766994,-0.07442220662776362,2.295539565969672,1.5201214549098583,0.5283827358978846,0.5336312861633867,1.1961285675640574,1.0840324106964636,-0.5204765197904405,-0.03636847479236899,-0.8522376490003363,0.2966648681155758,0.26188954445558865,0.0,0.0,0
34271.3062942,52.0,WASHOUT_2,34270.3062942,34272.3062942,249,0.7543742922977847,0.6774153138145783,0.5528284087202204,0.4205909304959755,0.5276771039724253,-0.24953081404761931,-0.11616002930242643,0.3309874665098754,0.36331715909358675,152.951171875,119.203125,11.317926788330078,1.357435930315884,4.13909912109375,-0.0998509493260798,-0.29759808452951647,-0.2808332459549292,-0.8282864151824535,0.7096958107273054,-0.8581929985486435,-1.4865841405147073,0.81757416212599,0.22869725950584807,1.3446026845028443,0.3978724728038209,0.07623885704468657,0.013544413452178787,0.6971866447346259,0.5702584817803802,-0.9976303274955687,0.06913719230682033,-0.3073221768970583,0.29741043821863,0.17803176821417804,0.0,0.0,0
34272.3062942,53.0,WASHOUT_2,34271.3062942,34273.3062942,249,0.3511203793760059,0.4305859429367505,0.3093569177765847,0.5648560155207323,0.5140959738515126,-0.21490638279813387,0.16951723313583725,0.43655710553328414,0.31060535631714753,142.75,115.55859375,9.554593658447265,1.4238521568648466,4.969474792480469,-1.7633590167231996,-1.3823089694755841,-1.2098648202609963,-0.4791467309513376,0.6439416571497382,-0.6742843536036238,0.07278517115784304,1.2338862364956031,-0.0795246280114617,1.1203806027954162,0.33667141483234864,0.1744172971204547,0.45372369554285874,0.6727345635308419,0.48755919309621687,-0.8088312663097922,-0.20249228974504024,-1.5943362230415317,0.10484179207183783,0.004217373009044845,0.0,0.0,0
34273.3062942,54.0,WASHOUT_2,34272.3062942,34274.3062942,249,0.49064977288467915,0.391892826401192,0.4655604967671232,1.073652448510507,0.6069299743547144,-0.2863112099102023,-0.0692975349508617,0.35677650605110156,0.3912653346594955,102.2021484375,79.3046875,8.211429977416993,0.33792027000310976,1.1829605102539062,-1.1877706236460852,-1.552348882186706,-0.6138276565693456,0.7522047490099002,1.0934050723413795,-1.0535531104560287,-1.2307852192545654,0.919272800548228,0.39211871299178125,0.22913753802668918,-0.2721249614090596,-1.4308394935829956,-1.553494477881162,0.38513226289167457,1.0163786197630447,-1.1305795630343636,0.3092682610044195,-1.1175760763111016,0.0795427738987133,0.5274689211568953,0.0,0.0,0
34274.3062942,55.0,WASHOUT_2,34273.3062942,34275.3062942,249,0.6800855870063053,0.5699063891535919,0.5548618910616727,1.2895397772292683,0.644358042485722,-0.4492942794615371,0.015659207248138417,0.4672538420931925,0.1944596106984442,64.0380859375,35.6953125,7.898953247070312,0.07241070730584416,0.2912750244140625,-0.4063076422654353,-0.7700544230676869,-0.2730739420065242,1.2746792879146716,1.2746161290124527,-1.9192422897002743,-0.7670488494991095,1.354938294566952,-0.7586640058379227,-0.6097097674611809,-1.0044385854106845,-1.823323620509416,-2.0261738813518684,0.338734573641738,1.206869214284105,-1.986989204428622,0.5108259389441923,-0.48323538938152744,0.03961654791853053,0.7091775590162392,0.0,0.0,0
34275.3062942,56.0,WASHOUT_2,34274.3062942,34276.3062942,249,0.9144415581137789,0.7544485900543437,0.9472620708062464,0.8681302100922808,0.625955251153787,-0.1080389991535562,0.05044654764945932,0.3009716961982024,0.11325889521491575,80.84521484375,84.490234375,8.39040756225586,0.6718763315322241,1.9673538208007812,0.560460530559686,0.04093064462115507,1.224235477396833,0.25481503471071365,1.1855175078577458,-0.10665522568297651,-0.5771621550050056,0.6992074828624221,-1.2334692008003678,-0.24028854046274212,-0.18504628567794554,-0.9371757177494698,-1.1376902868255019,0.17480187071560552,1.1505571337146248,-0.14161559982609762,0.8951648252133505,0.6626555041576404,0.45755346186138984,0.9313698535606068,0.6079314438098972,0.5662090197961122,0
34276.3062942,57.0,WASHOUT_2,34275.3062942,34277.3062942,249,1.024382016922251,0.7888567734886571,0.9749010358845268,1.957563047146256,0.7276149138940244,0.006287881538101565,0.28128573860914585,0.48146584491095284,0.23935055479222916,161.298828125,190.37109375,10.150036239624024,1.4512693343414342,5.0180206298828125,1.0139882814403318,0.19214008525492104,1.3296994524164367,2.8913797770027294,1.6777110894634601,0.5005952315821135,0.6828735483672386,1.4109830857468921,-0.4961730495011965,1.5280844339222486,1.592965800973438,0.21494618374648827,0.47945767667042327,1.1330083301606446,1.2462473589211598,0.27399356554998455,0.6798101148605888,0.7901663025207897,-0.5912878975739503,0.580995407412263,0.4624767687045416,0.26869687865220204,0
34277.3062942,58.0,WASHOUT_2,34276.3062942,34278.3062942,249,1.5854996461229642,1.6156213688108347,1.406578464259139,1.6860241249468557,0.5895881977620057,0.1015560102078308,-0.01909331093829508,0.39019224783420303,0.3626693594900096,208.498046875,113.302734375,11.543405914306641,1.179793883561039,3.77117919921875,3.3287177187097794,3.825421459528174,2.9768818774343324,2.2342213693610815,1.009443440928323,1.0066145889501295,-0.9567454669363398,1.0510472094314267,0.22490937887891654,2.565524760658168,0.2987897310397171,-0.18635689625966598,-0.18148866935399316,1.0350677700020572,0.8024298869279116,0.799601034949718,0.7668697576784764,3.1496557569267427,-0.564773714553201,0.44269391461714314,2.1511194273840033,0.9522874801176118,0
34278.3062942,59.0,WASHOUT_2,34277.3062942,34279.3062942,250,0.7736811568316254,0.7868250735515898,0.5428136683418119,0.6489320669847579,0.41165546467959147,-0.29078998105251636,0.16786135604231586,0.41453411505383625,0.3991604232655819,187.341796875,173.2265625,10.3044864654541,1.7365734428272708,5.362945556640625,-0.020206031126818055,0.18321162172222435,-0.31904720679264115,-0.2756720922020409,0.14796754360505307,-1.0773422299325854,0.06374656618977423,1.1470389484387764,0.43828368903339066,2.100509713931218,1.3050650041494383,0.6366911965815288,0.6623011918012095,1.2477243388882058,-0.12070129402952037,-1.3268870977102267,-0.4580785981364479,-0.2712755628732785,-0.317573277859997,0.0,0.0,0.0,0
34279.3062942,60.0,WASHOUT_2,34278.3062942,34280.3062942,249,0.5935379881014019,0.5510334984033362,0.3490154253380575,0.6529023896121346,0.4719440126448039,-0.05933569586563979,0.29834076063310117,0.3591001177564025,0.4460279579404828,90.9716796875,104.427734375,8.367667770385742,0.6407642048232207,1.9750137329101562,-0.7633348759232621,-0.8529928106444764,-1.0585370176847446,-0.26606341115367715,0.4398594853344725,0.15203374591305907,0.7759683845717921,0.9284359237530809,0.7123323695926091,-0.01770852167419378,0.14975564346074077,-0.9831665881503615,-1.1336297938108744,0.4476309842016077,0.11754277312261335,0.06250754907273753,-0.32439498506869824,-0.9517318601142649,-0.06491922018551957,0.0,0.0,0.0,0
34280.3062942,61.0,WASHOUT_2,34279.3062942,34281.3062942,249,0.6972715045395828,0.6425201793980045,0.30601870284042276,0.26053476371356304,0.5787503943781644,-0.09196449720073976,0.032615897094615716,0.26831376255317047,0.2606592605872569,74.029296875,43.8984375,8.193161010742188,0.6105704471685367,2.1002044677734375,-0.335412081066568,-0.4509474691619018,-1.222602685649238,-1.215642507060572,0.9569713283868755,-0.021275054352292884,-0.6744907594765952,0.5704214774714809,-0.37157458815564515,-0.39010263382642146,-0.8666870079829335,-1.0277998981198357,-1.067266616642525,0.14260536936787022,0.9284502545133014,-0.04979612822586693,0.16934562622803884,-0.6904266756947499,0.6570431611555977,0.5311913885755889,0.0,0.0,0
34281.3062942,62.0,WASHOUT_2,34280.3062942,34282.3062942,249,0.6134428497072506,0.5132882004877949,0.6569174289961017,0.33851574074322743,0.34699393982307253,-0.1038206329610145,0.08389173598430533,0.01669380779391777,0.16660821049139646,75.6943359375,58.60546875,10.037871170043946,1.7052860364811206,5.4319305419921875,-0.6812230927496283,-1.0188674606462584,0.11634667026476853,-1.026918716467036,-0.16509652382687723,-0.08424925445525401,-0.39460159744667267,-0.42183753077790104,-0.921519584468469,-0.353505022366421,-0.6197181084517513,0.59044122261143,0.6988698948273667,0.0,-0.16509652382687723,-0.08424925445525401,-0.06171642053859035,-0.46960254927391554,0.2431175526574,0.0,0.0,0.0,0
34282.3062942,63.0,WASHOUT_2,34281.3062942,34283.3062942,249,1.6110462156872027,1.4895371397992643,0.7562623111268304,0.2968002979779302,0.5558013290432942,-0.34334099570680143,-0.07862041388641934,0.41493841183202124,0.2853119758610469,74.7890625,114.685546875,12.473041534423828,1.389398071296774,4.627105712890625,3.4341027458667903,3.2713345000124154,0.495424039395136,-1.127875344414385,0.8458615493731922,-1.3564684291737372,-1.2816741530971345,1.1486332859011772,-0.22742268983524294,-0.3734029612657878,0.32201071123468084,0.12348624380599559,0.2722350261888655,0.3676609992839645,0.7723293495163993,-1.43000062903053,0.4567219022618125,2.3178623995382415,0.6107096838878954,0.5406118318321919,1.6403158602723387,0.8867741620052266,0
34283.3062942,64.0,WASHOUT_2,34282.3062942,34284.3062942,249,0.469612019767305,0.4900471029632886,0.3039907050822006,0.5725736106451164,0.4171414189548075,-0.2634172363023971,0.08567620757004141,0.34174294115169246,0.36951514471849745,57.5439453125,112.83203125,11.505207824707032,2.1041868214657633,5.902046203613281,-1.2745558250024556,-1.1210022729389295,-1.2303410616813069,-0.46046917827607553,0.17452824044843365,-0.9319511227358385,-0.38486105945425947,0.8599881932848136,0.2649387600331077,-0.752451184592561,0.29088541433493426,1.1801082189127032,0.9480765871265021,0.3539530919132139,0.10373762206579087,-1.0027417411184811,-0.3390178462624452,-1.2814629112143305,0.013716960154305832,0.0,0.0,0.0,0
34284.3062942,65.0,WASHOUT_2,34283.3062942,34285.3062942,249,0.16394729854368098,0.34516149736399004,0.12795274948451268,0.9830859872260475,0.5052252598098462,-0.4134206620637376,-0.07662937799661579,0.3026261170938616,0.32096755303501584,64.0830078125,54.001953125,8.903707504272461,0.8394728755199949,2.9791336059570312,-2.53548774253805,-1.757713345477175,-1.9020616741960699,0.5330225006553552,0.6009933687344574,-1.7286985572309237,-1.2708060838692965,0.7057316635011339,-0.01893372307214872,-0.6087223832223774,-0.6970229817844202,-0.6894295252030005,-0.6013493091085291,0.17643291587528348,0.5657067855594007,-1.7639851404059803,-0.20848491546016795,-2.184698676587474,-0.07760252656888503,0.11770300571270956,0.0,0.0,0
34285.3062942,66.0,WASHOUT_2,34284.3062942,34286.3062942,250,0.3486855787033169,0.4064224845973798,0.25915138736617555,0.6651244752743652,0.49058631789064455,-0.22653295232648393,-0.1573737206533345,0.2931076648942099,0.367928192803205,61.19921875,65.6484375,7.943539047241211,0.3440070234600749,1.1650772094726562,-1.7734030868034514,-1.4884971681710686,-1.4014376519517975,-0.23648442377759402,0.530117732716062,-0.7360392061789912,-1.7115490710969548,0.6681958092850715,0.25565937118721377,-0.6721081583786128,-0.5014485398316394,-1.4218418737153555,-1.5629743540029617,0.2309637951180713,0.48392497369244775,-0.7822319652026055,-0.1419416262366209,-1.6208785701466066,0.13444465365824304,0.12114421269733212,0.0,0.0,0
34286.3062942,67.0,WASHOUT_2,34285.3062942,34287.3062942,249,0.20037483731473288,0.22498925168108552,0.18051625467329036,0.8115862602159659,0.5917150002097216,0.12889326792989608,0.17859851330161736,0.3581163697078503,0.5506478016072063,48.79296875,47.85546875,8.083808135986327,0.5685291457386171,1.9009170532226562,-2.38521640559799,-2.2858196340321926,-1.7014913495666444,0.1179715510527738,1.019740529133149,1.1518172057946305,0.12235533813701728,0.9245565300700259,1.3240763052626778,-0.9447979272864404,-0.8002382708713565,-1.089946599424852,-1.1729081883906178,0.5621582088331759,0.8706022859254086,1.0393855640279954,-0.2949582451465794,-2.2103570129988364,-0.11628981719568894,0.13497919486426907,0.0,0.0,0
34287.3062942,68.0,WASHOUT_2,34286.3062942,34288.3062942,249,0.8322368566024827,0.8235260574436684,0.7672993047871703,1.0224886678464271,0.5270045107141946,-0.1797287235825839,0.13222648408508345,0.29108476597941746,0.2613846808572896,49.6103515625,40.41015625,9.789014434814453,1.514932204198371,5.043571472167969,0.2213486713561296,0.3444969524524658,0.5375386851638493,0.6283819527868122,0.7064393953919692,-0.4874372226845962,-0.1307663792270753,0.6602185418505342,-0.36733283596551264,-0.9268318271151674,-0.9252642263843533,0.3090545301261628,0.49300209012260204,0.16505463546263355,0.6734284682994425,-0.520448149777123,0.46350666998999734,0.33188663708870364,0.0963796950587617,0.4882478546435973,0.2920110528675653,0.14257377009480682,0
34288.3062942,69.0,WASHOUT_2,34287.3062942,34289.3062942,249,0.6789129215432445,0.4666103419250476,0.7563420866957632,0.6733792220338904,0.4039141235236395,-0.24945937259198547,-0.07153889962201998,0.31651932278396366,0.3860589123457421,57.064453125,64.955078125,11.303618621826171,1.0778730381369206,3.3291702270507812,-0.41114513644875417,-1.223996943774286,0.4957284447368438,-0.21650689646019858,0.11048720649518366,-0.8578135352383626,-1.243019708113218,0.7605192836350589,0.3616751836827327,-0.7629904380980509,-0.513091827923747,-0.33701931920786876,-0.4157961024241568,0.2805486168294479,0.05437748312929407,-0.9139232586042522,0.0837025726979607,-0.29839203702331846,0.046081233685448385,0.010634425124919904,0.0,0.0,0
34289.3062942,70.0,WASHOUT_2,34288.3062942,34290.3062942,249,0.9586208909815708,0.9214667874232896,0.9936305757406574,0.696086799149121,0.32313129245905764,-0.22720823204035362,0.042805151565015714,0.3400656071702294,0.25025202981074174,71.34765625,117.279296875,10.192960357666015,1.589136741976236,4.900489807128906,0.7427096651193554,0.7749051146198551,1.4011670966614767,-0.16155169851812695,-0.28062948504375423,-0.7396259734602147,-0.6188727148539582,0.8533736552822853,-0.43242882088546397,-0.449045179908041,0.3655664480975507,0.41874588334092894,0.41715499251670146,0.304735025844959,-0.34157649021274605,-0.8005729786292065,0.08624094808711906,0.9338986021824539,-0.09339420565559778,0.0,0.6100302059761498,0.0,0
34290.3062942,71.0,WASHOUT_2,34289.3062942,34291.3062942,249,0.7504179419367559,0.7859851411570462,0.5975647848813097,0.9155898629016247,0.283142194325341,-0.3152093538625213,0.04568264208941288,0.1449008731109489,0.15344411224133808,64.6865234375,117.279296875,8.43780288696289,0.5412170474927979,1.7552871704101562,-0.11617173514396613,0.179520473429215,-0.11012945713512536,0.3696733747777452,-0.4742399781840782,-1.20704641861762,-0.6031659330818415,0.08374484882215345,-0.9984940569088213,-0.5954570906227995,0.3655664480975507,-1.1303201548088493,-1.2501060874575598,0.11232782422992603,-0.4967055430300634,-1.2295119834636052,-0.32880236900779775,-0.07176766976072453,-0.3645798324402772,0.0,0.0,0.0,0
34291.3062942,72.0,WASHOUT_2,34290.3062942,34292.3062942,249,0.4254604486110709,0.49213106209051655,0.23859816721048643,0.787559674640672,0.319740219847486,-0.12847087563263518,-0.04141076934498764,0.38705632272186935,0.2556526476791891,96.212890625,124.453125,7.952736663818359,0.09344920045670163,0.29126739501953125,-1.4566904366036086,-1.111844152326915,-1.479864043494779,0.059824186432495374,-0.2970476407722392,-0.21517971493382232,-1.078565311669155,1.0386807421340067,-0.40084977130841964,0.09749346114447047,0.48603348235758154,-1.7922238946378597,-2.02617792566762,0.4055519214090147,-0.37815802505404217,-0.29629009921562527,-0.6793409050056717,-1.4566647303715317,-0.38234027397918213,0.0,0.0,0.0,0
34292.3062942,73.0,WASHOUT_2,34291.3062942,34293.3062942,250,0.6411416139911236,0.44677894606785246,0.6657657671159586,1.7893862660122666,0.5364716071216282,-0.3388944247624392,0.05460220542870446,0.24464934919855272,0.18328586108299474,120.833984375,92.4453125,8.339563751220703,0.640871217860988,2.0439987182617188,-0.5669598051120657,-1.3111475566590924,0.15010990661586165,2.484370775136129,0.7522751178661597,-1.3328503419584645,-0.5544784973857066,0.4771012662484758,-0.8240003065470121,0.6386658835078323,-0.05146005356765271,-0.983008398297344,-1.0970610907847171,0.27894178743907705,0.6964867603783443,-1.3886386994462798,0.3508597480022856,-0.5066642244325581,-0.5044386249145794,0.3650737087920101,0.0,0.0,0
34293.3062942,74.0,WASHOUT_2,34292.3062942,34294.3062942,249,0.25031821311113767,0.2759292127482522,0.14227921604045282,1.4902620097432262,0.48879135566684184,-0.052287819517408206,-0.07152013480000882,0.19477758407137163,0.4233918986555125,110.3408203125,123.427734375,10.134578323364257,1.5590538020806202,4.854499816894531,-2.179189369311101,-2.061960009661825,-1.847395151527962,1.7604523830891672,0.521427276128203,0.18946874028462976,-1.2429172803339348,0.2804328094399122,0.5799724700771678,0.40802580424818125,0.46881453517911265,0.3742763874765816,0.39277585716593,0.4343114047360935,0.43456499518098435,0.10260645933741105,-0.3519371835839547,-2.104762231867561,-0.5880037621162739,0.0,0.0,0.0,0
34294.3062942,75.0,WASHOUT_2,34293.3062942,34295.3062942,249,0.37084462175118077,0.20836435060896913,0.44121859532252794,0.9700778704012873,0.4969699046228346,-0.35248729982450944,0.07763873245660549,0.34320608842538675,0.45991029190843224,89.8876953125,132.701171875,10.952050399780273,1.1058688087656277,3.6204376220703125,-1.6819923262510252,-2.3588790559719017,-0.7067107901675652,0.5015412188201915,0.5610243906029342,-1.405049281936993,-0.4287336166478245,0.8657580896513707,0.7935065839691202,-0.04153453265401813,0.6245394136617226,-0.2956351389877054,-0.2613962599745212,0.5709510218205534,0.44683418623882354,-1.5192394863011038,-0.07365665056567666,-1.5616637878390724,-0.14901647677994023,0.0388380390108114,0.0,0.0,0
34295.3062942,76.0,WASHOUT_2,34294.3062942,34296.3062942,249,0.9095614606389696,0.8092397098974263,0.7479553824315873,0.5949874715369857,0.4191427557014832,-0.2737798520992121,-0.048521243356349344,0.32665431474623374,0.1596877883443949,70.2841796875,66.853515625,9.305607986450195,1.3675755982439721,4.83917236328125,0.5403290916352376,0.281714486028721,0.46372669769209235,-0.4062248106049615,0.1842178761878561,-0.9869924493513166,-1.117377833429296,0.8004864519096083,-0.9619853903072862,-0.4724204285179768,-0.4812121771476103,0.09122761554231207,0.38465082682092333,0.20012161297740208,0.14419355359237568,-1.027016771946797,0.1452077256544792,0.4317770906872231,0.16140311807734056,0.10634656487333835,0.29126118601647155,0.030974626613786162,0
34296.3062942,77.0,WASHOUT_2,34295.3062942,34297.3062942,249,0.6350464276273748,0.5339644685171759,0.47697911426542844,0.71774301336709,0.4153026411846535,-0.18194604667467648,0.10780607201063948,0.39901241235873286,0.3588891060795929,147.9794921875,170.744140625,7.901763153076172,0.4155320206914337,1.443572998046875,-0.5921037438649965,-0.9280039912310526,-0.5702568214389804,-0.10914093126695465,0.1656256473050585,-0.49921459694191656,-0.2640651963687269,1.085829378087645,0.20280509141233077,1.2353250071170012,1.263378752980231,-1.316111496976448,-1.4153446961215397,0.9468345573993019,-0.023741264174801907,-0.688581508421777,-0.39233054000571166,-0.7936625540989973,-0.2618296463536425,0.0,0.0,0.0,0
34297.3062942,78.0,WASHOUT_2,34296.3062942,34298.3062942,249,0.49796214558648344,0.5470333695281607,0.15530948663185423,0.36133854955100236,0.3857123923279096,-0.2733301881002008,0.1837448525493517,0.45362156881800564,0.39035038252057586,165.5361328125,190.638671875,7.830096054077148,0.3751261773528173,1.4231338500976562,-1.1576055326414372,-0.8705716883795637,-1.797674616469645,-0.9716846433089584,0.022362034453816862,-0.9846040463146617,0.15044663046416623,1.301179656969375,0.3867687105181065,1.6212205254911294,1.5974591262371527,-1.3758406155226024,-1.4261794180201324,1.226657004803941,-0.26810335564622123,-1.2299354472754498,-0.9035397509238181,-1.5082214938495264,-0.2601419523929216,0.0,0.0,0.0,0
34298.3062942,79.0,WASHOUT_2,34297.3062942,34299.3062942,249,0.5657326959317504,0.558328154477206,0.36127565737718353,0.7074846110102777,0.42823996479548776,-0.3309427221124443,0.05495995751134651,0.38259308599152425,0.37718802211664804,191.21875,171.080078125,9.341123580932617,1.4826331222133757,4.657768249511719,-0.8780376137229112,-0.8209358766697065,-1.0117547737820949,-0.1339675576052579,0.228262758945685,-1.290614648646159,-0.5525257076743466,1.0210800440658754,0.309804399790812,2.185725266714914,1.2690200080558436,0.2613090671581869,0.28848913119463043,1.1964074296568612,-0.011018726985687233,-1.5298961345775313,-0.558100850701867,-1.0928793867815136,-0.3419220494209678,0.0,0.0,0.0,0
34299.3062942,80.0,WASHOUT_2,34298.3062942,34300.3062942,249,0.6728587479726242,0.6369999266323946,0.6666749011059149,0.9660388520829593,0.4713179876098453,-0.11471731102245177,-0.05950953478144051,0.20815223554769285,0.21765688427913743,97.3427734375,131.205078125,11.539189529418945,1.2835483743750793,4.241302490234375,-0.43611988871632285,-0.4752066496687247,0.15357895417732656,0.4917662855435587,0.43682853386536863,-0.1421272678799751,-1.1773574211982203,0.33317551985917643,-0.6230225162341464,0.12232832123785495,0.5994161497784709,-0.03298392419735592,0.06772206726089394,0.26372999771887556,0.3840825343215935,-0.19487326742375022,0.18370763299148918,-0.2771021455518573,-0.03912421666249238,0.19884715408086284,0.0,0.0,0
34300.3062942,81.0,WASHOUT_2,34299.3062942,34301.3062942,249,0.7681823925681063,0.6429790431499622,0.7257202802553925,0.70730369165914,0.377888959476964,-0.06316398213573692,0.09829599206846568,0.2380235029822576,0.28945240879949485,82.96875,101.54296875,10.864542007446289,1.7479665353927674,4.913261413574219,-0.0428896019985864,-0.4489309566833197,0.378882628682022,-0.1344054052321919,-0.015515756319480878,0.1316996952156733,-0.31597596688930085,0.45097235448675016,-0.2032123234996471,-0.19361317030451863,0.10131300539864832,0.6535328046318549,0.42392517708491506,0.13807133997134963,-0.043130024313750806,0.10408542722140336,0.01566422336082448,0.0028117068069774195,-0.011928411961741978,0.0,0.0,0.0,0
34301.3062942,82.0,WASHOUT_2,34300.3062942,34302.3062942,250,0.6957290903412363,0.6462266500415553,0.5090416711250438,0.9291733578561603,0.5877663503928386,-0.11343996264588721,0.25000398140499713,0.2648686284541621,0.5027939292306187,79.0244140625,74.587890625,8.72996711730957,0.6995253880437623,2.3480453491210938,-0.34177486734091933,-0.4346590953857414,-0.44791343100703007,0.4025471441888793,1.0006228177076801,-0.13534259588452682,0.5121220794438665,0.5568356497987952,1.0442602092076791,-0.28030979944642004,-0.35133211843001644,-0.8963040606421755,-0.9358870194511164,0.4002739647516186,0.7669314009241965,-0.21539738883485054,0.20976542156864594,-0.4575413049457653,0.08170183946243292,0.3676289611176987,0.0,0.0,0
34302.3062942,83.0,WASHOUT_2,34301.3062942,34303.3062942,249,0.7050835728128999,0.5854070431331454,0.532373294926627,2.0725839755176163,0.31139733923758556,-0.33382539471472983,0.015023023216678673,0.0810349553874452,0.29453378395856644,73.5595703125,75.99609375,8.11497802734375,0.1983330792118015,0.6745223999023438,-0.30318563966253637,-0.7019355924941307,-0.3588852860382226,3.169744917151887,-0.33744038040573865,-1.3059260456272817,-0.770521459978387,-0.1681093105265898,-0.17349998280518955,-0.40042723858434537,-0.32768476430491916,-1.637181427753951,-1.8230157682006898,0.0,-0.33744038040573865,-1.3059260456272817,-0.2753135307327119,-0.4024305064603454,-1.1209839719504655,0.0,0.0,0.0,0
34303.3062942,84.0,WASHOUT_2,34302.3062942,34304.3062942,249,0.6837558272832034,0.47511794218826026,0.7232908094143418,1.3580334387143231,0.5144399886515593,0.008756955090226698,-0.07069428653940553,0.3556036223978352,0.47217701743846546,52.60546875,61.466796875,8.959405899047852,1.085986877500813,3.2550735473632812,-0.3911671213324366,-1.1866096321368693,0.36961232310561043,1.4404425794180955,0.6456072329739762,0.5137097855214701,-1.2384093876767053,0.914647553827651,0.8652338461263076,-0.8609990562366797,-0.5716690463251668,-0.325025200704538,-0.4550744970039001,0.4449703499884896,0.5566131629762783,0.42471571552377213,0.2023545898114788,-0.3507283704382801,-0.3672616048059392,0.21581525827619885,0.0,0.0,0
34304.3062942,85.0,WASHOUT_2,34303.3062942,34305.3062942,249,0.8117313065485009,0.5654054196529917,0.8608432643687974,1.731189563333735,0.40627431286904,-0.13635218837201793,0.08753401212895255,0.2012113276573019,0.44945676717501476,50.1796875,32.8125,11.011071014404298,1.3852486995169142,4.627105712890625,0.1367589207097896,-0.7898342839195296,0.8944810594028969,2.3435274214377078,0.12191425647614453,-0.25704153024694293,-0.3747202334342767,0.30580416774897035,0.7323816564418271,-0.9143178051320705,-1.0528484254781514,0.11735251911537768,0.2722350261888655,0.2595464560476993,0.07000496526660466,-0.3089508214564828,0.19723638173543198,0.17771105991935837,-0.6846569326270129,0.0,0.11193572708109738,0.0,0
34305.3062942,86.0,WASHOUT_2,34304.3062942,34306.3062942,249,0.9115184735793146,0.8887460764073523,0.6760759022970722,1.4421706249518056,0.4261607332067983,-0.1297236714821546,0.10283788771052822,0.43212477560482543,0.3419152687320061,55.7783203125,45.216796875,10.571355438232422,1.777645506655143,5.053794860839844,0.5484021858072858,0.6311114028912396,0.18945102652067933,1.6440651720225927,0.21819598895019757,-0.22183397548810324,-0.2911840299300821,1.2164074188745826,0.10355391975588647,-0.7912596781524912,-0.8445483616106164,0.6974051420559857,0.4984214732297742,0.3299903346576173,0.1521979220186741,-0.2878320424196267,0.04857403007603628,0.38981257327512175,-0.50141473441369,0.0,0.216585540376269,0.0,0
34306.3062942,87.0,WASHOUT_2,34305.3062942,34307.3062942,249,0.844173321018265,0.7289790435404988,0.6947282797575359,1.1842434680826062,0.5204057096051437,-0.12675723419851403,0.005915020336154836,0.3806456068115961,0.3914216700719865,50.50390625,34.712890625,8.359492111206055,0.8853820249029122,3.0404510498046875,0.2705891231300079,-0.07099726023050147,0.26062423669606405,1.0198489516634657,0.6744907594765952,-0.20607766003507091,-0.8202374928936188,1.0134001930719005,0.3930328535330971,-0.9071914667128798,-1.0209359767073891,-0.6215652560955495,-0.5688451434127509,0.3516082616512494,0.6041691071463453,-0.2763993123653208,0.3095470026916936,0.14604289695833825,-0.1176388550124626,0.32908671159562136,0.09381777607892562,0.030874183419027982,0
34307.3062942,88.0,WASHOUT_2,34306.3062942,34308.3062942,249,0.8433189183516206,0.7214428269894549,0.9305767443088276,1.2733978905280148,0.3850067660373714,-0.21889586402116143,0.037645687888330816,0.3944055441462154,0.35441487517567344,186.3916015625,211.134765625,7.696980667114258,0.14144921713821623,0.48033905029296875,0.2670645306010217,-0.10411575052667513,1.1605680842099393,1.235613888100136,0.018945686987638464,-0.6954745958482962,-0.6470356468753694,1.0676622717146158,0.17664290720013118,2.0796243907930476,1.9416412818387765,-1.7212688433458714,-1.925951692710948,1.3163927128866426,-0.24433285558969006,-0.9587531384256247,-0.17333922774350538,0.30809581120560714,-0.7505973726201527,0.0,0.0,0.0,0
34308.3062942,89.0,WASHOUT_2,34307.3062942,34309.3062942,250,0.8598868837096606,0.7065496965559738,0.6927001843127821,0.7580322003027322,0.43072958270455686,-0.00811597981909521,0.09087710574132558,0.38710909622633205,0.4348420810619065,219.1806640625,222.220703125,8.498100662231446,1.0307904097409764,3.1273193359375,0.3354109077849713,-0.1695647715838759,0.25288548791451254,-0.011636022146188437,0.24031644791596565,0.42408871498142975,-0.35647195724775443,1.0388888535504885,0.6469251571003047,2.800329025620599,2.1278026993339942,-0.4066182598699543,-0.522796564264794,1.6534864339013466,-0.09038083886430368,0.09339142820116042,-0.41853798351230764,-0.0424910901286607,-0.47296394190395485,0.0,0.0,0.0,0
34309.3062942,90.0,WASHOUT_2,34308.3062942,34310.3062942,249,1.0919269972095138,1.0486103529873163,0.9949562719763102,1.804863151514311,0.4164163921360973,-0.05166981121343793,0.06362970692364629,0.035953272235842576,0.4397916822858616,288.49365234375,228.568359375,10.476309967041015,1.362987750894327,4.4201507568359375,1.2926256759442665,1.3336474110802572,1.406225650564797,2.521826788253493,0.17101796373648948,0.19275130885388625,-0.5052018812765317,-0.34588816060635347,0.675866975656116,4.323830708782314,2.234396181867373,0.08444572323227792,0.16252891711039383,1.8085234665764507,-0.19068672957880067,-0.1689533844614039,-0.20545215527125382,1.0693114941021828,-1.2268217874827916,0.0,0.34572292150198697,0.0,0
34310.3062942,91.0,WASHOUT_2,34309.3062942,34311.3062942,249,0.6133287803041877,0.6175981813212891,0.48831555610690575,0.5087238968317545,0.33682732384833475,-0.3763186884918465,0.1343201528376303,0.23599286313503146,0.29352586830005567,149.3310546875,259.861328125,10.3468994140625,1.399297851435256,4.113548278808594,-0.6816936532728071,-0.560469129782261,-0.5269995498372921,-0.6149935312421364,-0.21431902756665672,-1.531630376233905,-0.11933808852705903,0.4429645608169351,-0.17939357115469104,1.2650323937801338,2.7598856517596175,0.1381203930431963,0.0,1.1169706515891715,-0.43771315788449106,-1.7550245065517394,-0.6517347871930861,-0.7708514101106434,-0.33314371510881224,0.0,0.0,0.0,0
34311.3062942,92.0,WASHOUT_2,34310.3062942,34312.3062942,249,0.9693022902736184,0.9632823314100675,0.8322523595667676,0.5496738596163475,0.212644766992146,-0.3518810361772447,-0.03451734247163428,0.25601222839175924,0.389154685332518,76.2861328125,116.318359375,8.535659408569336,0.6716086587911139,2.1666412353515625,0.7867727066027438,0.9586667778331428,0.7853846999231178,-0.515889461304249,-0.8155590453324294,-1.4018290954436905,-1.0409375416925748,0.5219105869158146,0.379777106649702,-0.34049730826392227,0.34942983474172845,-0.9375713995510193,-1.0320487150774094,0.3127793820768113,-0.8781149217477917,-1.4643849718590527,-0.36481187749970884,0.7737488111994328,-0.26242648392335227,0.0,0.40610591592429895,0.0,0
34312.3062942,93.0,WASHOUT_2,34311.3062942,34313.3062942,249,0.7151623323980654,0.662629577428538,0.4249960489762671,0.9826126473862767,0.28563016147440434,-0.22055622893754773,-0.003211792769544305,0.10767786156389547,0.02042458206623492,53.3759765625,51.498046875,8.048037719726562,0.27801435566152827,1.057769775390625,-0.2616086150087644,-0.3625751540850656,-0.7686123200465147,0.5318769585987779,-0.46219428150353864,-0.7042936710176937,-0.8700562014213012,-0.06304346356377563,-1.7762995673961566,-0.8440632700537235,-0.73907001089451,-1.51939419665745,-1.6198576550495112,0.0,-0.46219428150353864,-0.7042936710176937,-0.44635993483857495,-0.45925321958723725,-0.4098113557403387,0.0,0.0,0.0,0
34313.3062942,94.0,WASHOUT_2,34312.3062942,34314.3062942,249,0.25556106233019943,0.5143651366038452,0.07062251320174293,0.608722603201038,0.2226840106411494,-0.21755409421849253,-0.05771758210095207,0.22412221333407087,0.3908099690806647,103.7685546875,114.41796875,9.255018997192384,1.328150971239095,4.110992431640625,-2.157561502370234,-1.0141347810493497,-2.1208207554449316,-0.37298406124944644,-0.7669532251376351,-0.688347747627774,-1.1675760476507648,0.396152855401732,0.3894560524333308,0.2635671971362732,0.3175173859709661,0.03294896014393046,-0.0013548457767930408,0.3416733727355755,-0.8352878996847501,-0.756682422174889,-1.0750318768717395,-1.9672679025925377,-0.47578379529564113,0.0,0.0,0.0,0
34314.3062942,95.0,WASHOUT_2,34313.3062942,34315.3062942,249,0.7582529707223085,0.6881565434516392,0.6340273359545434,1.2526544773597517,0.1939500180970461,-0.2650865966400534,0.04975228775770516,0.29616463956421457,0.48744130613070674,77.3271484375,113.166015625,11.358933639526366,1.2113291609423027,3.8682708740234375,-0.08385057674870093,-0.25039491473011605,0.02900330578299306,1.1854122144089574,-0.9060712029362802,-0.9408179773394905,-0.5809517725625475,0.6802509368571455,0.9544887686393098,-0.31761575177338824,0.29649387141592126,-0.13974051195835882,-0.1300207070988641,0.48280839422809413,-1.002632881781899,-1.0373796561851094,-0.6648993570913198,-0.1500818445931052,-0.9192000469757057,0.0,0.0,0.0,0
34315.3062942,96.0,WASHOUT_2,34314.3062942,34316.3062942,250,1.0612786747940637,1.0440842976628464,0.4974391144581851,1.5319983722808956,0.4030069542021473,-0.024238365197895597,0.10439044971338157,0.2919758005251282,0.5323477615183022,79.416015625,88.2890625,10.939913940429687,1.492904490749057,4.325614929199219,1.1661948343415494,1.3137573086225935,-0.49218613597306043,1.8614596395217036,0.1060950719411968,0.33845420948061694,-0.2827093703752581,0.6637323214134025,1.2170704242123414,-0.271702384669024,-0.12125418613104656,0.2764925094082986,0.1124158006320578,0.470200686406436,0.012054934659909602,0.24441407219932976,-0.2828493059717898,0.5447438866266794,-0.7562359860626723,0.0,0.2307107221630304,0.0,0
34316.3062942,97.0,WASHOUT_2,34315.3062942,34317.3062942,249,0.9127845191513365,0.7559525669578013,0.8555401373230582,1.3075206380014708,0.4174500192225607,-0.08023534866598261,-0.012039110624351887,0.16553941223179672,0.43911926615393215,79.125,112.025390625,8.951996231079102,0.7453099277563155,2.401702880859375,0.5536248927799009,0.04753998820164583,0.8742455384022524,1.3181952367052823,0.1760223539146375,0.04102464951412388,-0.9182401151485647,0.1651325765139512,0.6719351547267621,-0.2780989173464904,0.27733984255453875,-0.828623993253045,-0.9074433467699659,0.27860189344881303,0.12030197522487489,-0.01469572917563873,0.21507699761204102,0.5228348538147509,-0.36131910773087456,0.05906824831376209,0.35327941850297123,0.020867596416274982,0
34317.3062942,98.0,WASHOUT_2,34316.3062942,34318.3062942,249,0.7286635260897363,0.6148483695941009,0.7434018020536924,2.0863787259183857,0.37261354740395736,-0.23767055075630023,0.1574433733438105,0.27041148202822707,0.4247169705087328,59.154296875,55.90234375,8.15994644165039,0.20854252331364082,0.6515274047851562,-0.20591332252454195,-0.5725533914786118,0.4463512754986814,3.2031299513626608,-0.04105709585051834,-0.7951968749479108,0.006880008554318143,0.5786937985117442,0.5877205668255903,-0.71705560611893,-0.6651105330136579,-1.6220895240424325,-1.8352053358760756,0.2916035913343336,-0.1014418166836805,-0.8535175932147775,-0.01710607813493733,-0.09468926570737779,-1.0539687682145034,0.0,0.0,0.0,0
34318.3062942,99.0,WASHOUT_2,34317.3062942,34319.3062942,249,0.587610454275271,0.4996595258893329,0.40375989695792613,1.5791830683520387,0.5164836604522428,0.14478356132882947,0.16650742451720676,0.1966574319975574,0.390142745818457,51.6552734375,37.841796875,8.505765914916992,0.6783360346066627,2.1564254760742188,-0.7877872123385339,-1.0787597321039242,-0.8496446235221179,1.9756525496356998,0.6555018373440032,1.2362189481862853,0.05635613108009378,0.2878459577360457,0.38555459578717277,-0.8818843793748501,-0.9683935893170897,-0.9276267926726517,-1.03746405386883,0.16835013838080462,0.6049249703438142,1.2025489205101243,-0.16229974088865767,-0.8928843309629871,-0.6658455747624097,0.09892676810241854,0.0,0.0,0
34319.3062942,100.0,WASHOUT_2,34318.3062942,34320.3062942,249,0.5814603971702342,0.452804404491066,0.5325071498912449,1.2493145092894282,0.41169774794055086,-0.3148073072017895,-0.01208946360221022,0.1807629162321162,0.3805955189753847,45.509765625,35.986328125,10.317388916015625,1.5608077763324015,5.273521423339844,-0.8131575045572883,-1.284668210561805,-0.3583745260801441,1.1773290708180142,0.14817226147537252,-1.2049109364187331,-0.9185149668737369,0.22516620538845938,0.3297290667190802,-1.0169628362181247,-0.999551684211462,0.3768691643463426,0.6148977668764595,0.13872381802688488,0.12042749786999554,-1.23265570002411,-0.058039462198259686,-0.7690941759952239,-0.35932510103934745,0.0,0.0,0.0,0
34320.3062942,101.0,WASHOUT_2,34319.3062942,34321.3062942,249,0.6323721828394648,0.4772140033129686,0.4296288092573101,1.980911319262764,0.4894021195792566,-0.20220595890184354,0.18450522489173418,0.40286637503776146,0.33259156427365266,67.7822265625,66.474609375,11.628742218017578,1.2300513985829338,3.8657150268554688,-0.6031355717935848,-1.1773983283548377,-0.750934765435916,2.9478855375802175,0.5243843396228467,-0.6068256932096335,0.15459712282759705,1.1010274143061236,0.04903539381976052,-0.5274134376443822,-0.48757498810498734,-0.11206474382464959,-0.13137555287565714,0.28751570203147103,0.42050206236827337,-0.6643288336159278,-0.028336482564296384,-0.8128451961853719,-0.8228023036109515,0.036691140144400274,0.0,0.0,0
34321.3062942,102.0,WASHOUT_2,34320.3062942,34322.3062942,249,1.2384411676144234,0.954166485087484,1.2165569576629873,2.1998456610231787,0.30542752957889746,-0.23275410737094165,-0.1967160879847521,0.15398694198220142,0.4922552722158928,107.5908203125,118.53125,10.378580474853516,1.6089087706244531,5.041015625,1.8970277577260255,0.918606481538436,2.2518032296599113,3.477734231992043,-0.3663437027089228,-0.7690830469853609,-1.9262993796848467,0.11957560674316477,0.9826374874284075,0.3475807169335998,0.38658996265259554,0.44797348374343465,0.491647244345809,0.4590959434394419,-0.4581628913968112,-0.8609022356732493,0.19618723128687116,1.7566505261494516,-1.2235415178828264,0.0,1.177073625874102,0.0,0
34322.3062942,103.0,WASHOUT_2,34321.3062942,34323.3062942,250,1.1825564037680292,0.9757664306592566,1.2375049522654116,1.955000140208395,0.45174227372353265,-0.13520390782151467,-0.034331030565279926,0.38926402463411425,0.5170382445226334,122.6787109375,76.21875,8.618440628051758,0.5362870398085655,1.4793472290039062,1.6664912334069362,1.0135291238180748,2.331735990282594,2.8851772192678142,0.34205111211833256,-0.25094240565661735,-1.03992055816827,1.0473867770430838,1.127551038100726,0.6792130319230469,-0.3239457929175945,-1.1376078386949953,-1.3963808995621887,0.7135377117667142,0.1993435697649897,-0.3936499480099602,0.5141885329997142,1.6617038196306368,-0.8199105039542616,0.09639085349534779,1.1233228379880458,0.10827804710448402,0
34323.3062942,104.0,WASHOUT_2,34322.3062942,34324.3062942,249,0.8569464862238685,0.5787019112890707,0.8975055382628465,1.392821037726192,0.4414878838720122,-0.24725835269016289,0.009817942523112562,0.37914970479549304,0.380090311440696,117.1123046875,102.662109375,8.079590988159179,0.09968516766360662,0.38835906982421875,0.32328114342997993,-0.7314018163490961,1.0343759189670243,1.5246329525224283,0.292403643966705,-0.8461227558368315,-0.7989333924823969,1.0075011289362406,0.32677496513788146,0.5568632458104353,0.12010625631914863,-1.7830057025701995,-1.974709963412491,0.5028113990509265,0.19184136415651967,-0.9466850356470168,0.23840388026511025,0.28580601305449127,-0.4407987862536803,0.048968201554180135,0.14718270538098063,0.007207272382385373,0
34324.3062942,105.0,WASHOUT_2,34323.3062942,34325.3062942,249,0.8325273060793312,0.6292803838889464,0.7276299288016086,1.4883509760371088,0.47781050786560286,-0.280351212121695,0.04891989353659562,0.10611531435235581,0.27281875242592746,179.8984375,184.0234375,8.745296859741211,0.944646198931261,3.0430068969726562,0.22254683715793924,-0.5091307811885887,0.3861694111647939,1.7558274407159356,0.4682626023266655,-1.0218964137940154,-0.5854953963446198,-0.06920534189313401,-0.30047435389385024,1.9369044385364238,1.4863723184400592,-0.5339591926256122,-0.5674902976359579,0.8558191892441207,0.29709876447784134,-1.1930602516428395,0.04599187594298104,0.00510633600441468,-0.5972844717345072,0.0,0.0,0.0,0
34325.3062942,106.0,WASHOUT_2,34324.3062942,34326.3062942,249,0.8724519927633893,0.84875235529282,0.6753278359559199,2.0706355398794156,0.47641077614524024,-0.009969437981823545,0.10003657780891642,0.2283682681476671,0.42950478790259355,308.72265625,303.044921875,11.160154724121094,1.9510378429515987,5.902046203613281,0.3872446522541953,0.45535588211124717,0.18659657630183665,3.165029457390093,0.4614856865848457,0.4142440195779574,-0.3064749797794839,0.41289710027826665,0.6157163862909714,4.768464856927874,3.48504931293285,0.9537188470529,0.9480765871265021,2.3205319141074905,-0.0026206962366524533,-0.04986236324354071,-0.5349252173815723,-0.01743971547384343,-1.5481327332549149,0.0,0.0,0.0,0
34326.3062942,107.0,WASHOUT_2,34325.3062942,34327.3062942,249,1.4471235280576176,1.0632858756955597,1.4915230567866553,2.096738628865339,0.36499319976549605,-0.18404698883588594,-0.27524743945078833,0.33460473649994066,0.463800113400648,231.02734375,313.4609375,11.899571228027344,1.5022905139861993,4.864723205566406,2.7578868318649157,1.3981401380490586,3.301011032017343,3.228202221918933,-0.07795163293784609,-0.5103738105963397,-2.3549627546945118,0.8318388047547772,0.8162515492195218,3.060719421292896,3.659961018271468,0.2903672079243037,0.39819524027310216,2.0921926983846655,-0.4963901726147792,-0.9288123502732728,0.02918998847004084,2.362202058397394,-1.5285187609195368,0.0,1.2409408988952508,0.0,0
34327.3062942,108.0,WASHOUT_2,34326.3062942,34328.3062942,249,1.197072458589785,1.3227078073545218,0.7452118419506868,2.011659290492037,0.41036790483386865,-0.04733628970694309,0.03897568637856265,0.23999394586496797,0.3848686580497889,149.1083984375,98.34765625,9.911270904541016,1.3854732397099967,5.056343078613281,1.7263730436733467,2.538190011625463,0.45325797413737645,3.022299502427592,0.1417337171795481,0.21576893078555073,-0.639775850234443,0.4587427624517343,0.3547154060541777,1.2601384023356292,0.04765548619107673,0.11768444110246767,0.49977227469081564,0.5303130142581544,0.035671114327917225,0.10970632793391985,-0.02158591273662397,1.3635992107874573,-1.023903546655777,0.0,0.8441396621522643,0.0,0
34328.3062942,109.0,WASHOUT_2,34327.3062942,34329.3062942,249,1.7943251776406706,1.8707987122850924,1.2775134379069844,1.2832432452190996,0.3883606943828281,-0.15942638896407543,0.09164565373936136,0.19394829955202025,0.23641135950576092,146.0009765625,133.595703125,8.445084381103516,0.5188991749257281,1.5406646728515625,4.190167403949609,4.946818159903642,2.4843992292397856,1.2594408870403078,0.03518400571015263,-0.37960079868656327,-0.35227683806866555,0.2771625400548172,-0.5133594151965498,1.1918371708601327,0.6395608952002726,-1.1633110973585494,-1.3638767338664106,0.5271401515288057,-0.07024402459560852,-0.4850288289923244,0.4506805559001603,3.6654076712626558,-0.39166336482149594,0.026602072299137552,2.55049345075813,0.06784841117554459,0
34329.3062942,110.0,WASHOUT_2,34328.3062942,34330.3062942,249,1.3142156090941648,1.1436910360292132,0.7099650148482599,0.6878499220539784,0.2705920917309037,-0.12629097569946815,0.10695798861546724,0.17702769607916477,0.1909027366303129,79.091796875,68.12890625,8.020443344116211,0.10097364459935543,0.4087982177734375,2.2096134281061457,1.751486874337249,0.3187641360894465,-0.18148597899600605,-0.5350023275660454,-0.20360111484258053,-0.2686944595060284,0.21043642830020398,-0.7794621265850056,-0.27882872308821477,-0.45979508665705754,-1.7811010376682848,-1.9638752415138983,0.052609107075050995,-0.5455241489810556,-0.21412293625759074,-0.23349952468598173,1.448299499085264,-0.1781081535820205,0.0,0.9565879230074781,0.0,0
34330.3062942,111.0,WASHOUT_2,34329.3062942,34331.3062942,249,0.831688852802739,0.744262863427253,0.8687683908286242,0.9473434192533304,0.31143912529542855,-0.031028215995347216,-0.06505968452791659,0.17076930955755046,0.5810640842010533,56.7744140625,56.037109375,8.679121780395509,0.8278246080818031,2.6904144287109375,0.21908803925157563,-0.003831323957369429,0.924721531020381,0.4465209823325946,-0.33723806978502097,0.30238972511289913,-1.2076529130969227,0.18575658758916053,1.5019295286118473,-0.7693655059007607,-0.6628474713844877,-0.7066483403343293,-0.7543983500971233,0.42192152905025193,-0.4216223755950714,0.21800541930284872,-0.14979338994532673,0.3581876593713306,-0.4149764735701092,0.0,0.1363883777608157,0.0,0
34331.3062942,112.0,WASHOUT_2,34330.3062942,34332.3062942,250,0.6779169717536889,0.6707925760270885,0.5016367599318321,0.2894201118220325,0.47020721072011096,0.006532895735360732,0.0011000156511490312,-0.016737278287775402,0.34593370084224934,49.419921875,63.837890625,11.039813613891601,1.9174158437442324,5.7998504638671875,-0.41525364093329575,-0.32670222128879023,-0.47616888004035746,-1.1457363248698764,0.43145061659723666,0.501896631414086,-0.8465201955395117,-0.553672449641389,0.12705091027112908,-0.9310174776927042,-0.5318522808496216,0.9040178085277069,0.8939029776335387,0.03176272756778227,0.4250980710836802,0.49554408590052956,0.007712220013883272,-0.42362809982703353,0.39249421539090185,0.2276615070194373,0.0,0.0,0
34332.3062942,113.0,WASHOUT_2,34331.3062942,34333.3062942,249,0.3797294626997934,0.3631817087660779,0.2838353163224808,0.6145995912100043,0.5106102195110358,-0.018054477608239732,0.0972293261943082,0.3968806174068268,0.36560273707699,46.099609375,25.7265625,12.727008438110351,1.3305871992203036,4.330726623535156,-1.6453404696367426,-1.6785221236733932,-1.3072494195248465,-0.3587610097236498,0.6270650920777011,0.37130010314776085,-0.3217983624687495,1.077422680984495,0.24206172672204862,-1.003998051865139,-1.1718395499800278,0.03655026475414729,0.11512549218564389,0.3298711019266359,0.5610908716923739,0.30532588276243366,-0.16174532748455164,-1.5831255981939045,0.12374612975397699,0.12610588748359058,0.0,0.0,0
34333.3062942,114.0,WASHOUT_2,34332.3062942,34334.3062942,249,0.48776255537027524,0.4770839242807923,0.4132053836141269,0.34839576137736167,0.3472658089384079,-0.43803922199998213,0.022065633169414147,0.19184642019303805,0.2641503175697861,54.7734375,29.2578125,10.91883544921875,2.1436781002147134,6.211204528808594,-1.1996810093203163,-1.1779699707878393,-0.8136028048094349,-1.0030078215765184,-0.16378024724285176,-1.8594607339652998,-0.7320793741762358,0.2688738145831073,-0.351161319856907,-0.813347034277031,-1.1125407756968435,1.2384854009001647,1.111960350013689,0.06721845364577682,-0.1772239379720071,-1.872904424694455,-0.3176784804984068,-1.0702941980818788,0.1548718542275963,0.0,0.0,0.0,0
34334.3062942,115.0,WASHOUT_2,34333.3062942,34335.3062942,249,0.5894963539218651,0.5860137643445406,0.4796912136133913,0.913932120932892,0.27622922824642177,-0.2057594967371971,-0.058312456155642255,0.20267035810366907,0.26480722270504076,59.5556640625,49.755859375,8.557887649536132,0.6913217818826054,2.1743011474609375,-0.7800074756121624,-0.6992693088999723,-0.5599080700630106,0.36566143032562304,-0.5077096695266143,-0.6257004098324646,-1.1708231676255112,0.31155782947704397,-0.3473201964264158,-0.7082335425939681,-0.7683258221005942,-0.9084308750932282,-1.0279882220627818,0.07788945736926099,-0.5232875610004666,-0.6412783013063168,-0.44725754040832455,-0.6985084689329104,-0.39407697397376024,0.0,0.0,0.0,0
34335.3062942,116.0,WASHOUT_2,34334.3062942,34336.3062942,249,0.8162076917925645,0.7626553963940196,0.5332726809647688,0.7211509908018131,0.37479102233988104,-0.12832524096877168,-0.0191921922043003,0.32408890830929804,0.4417047957903097,57.7666015625,35.740234375,7.856923294067383,0.18051410762248296,0.579986572265625,0.15522496090844135,0.07699609394605322,-0.35545343443339883,-0.10089319644447974,-0.030514672644694034,-0.2144061723015933,-0.957285210318056,0.790369815296642,0.6870535301717474,-0.7475571931480566,-1.0036842315342944,-1.6635219611641714,-1.873128884679026,0.36935583636709735,-0.10438583991811351,-0.2882773395750128,-0.23861452965508648,-0.09456162630874493,-0.1345725927292812,0.0,0.0,0.0,0
34336.3062942,117.0,WASHOUT_2,34335.3062942,34337.3062942,249,0.5747213587975708,0.5448718012949969,0.5656266654300132,1.597577797374921,0.42902846977615505,-0.26795777383188474,-0.15885263100555896,0.2637952590123131,0.43235830938537,46.2900390625,45.642578125,8.030535888671874,0.4163467077271041,1.4563522338867188,-0.8409574696418154,-0.8800708682491546,-0.2319980228518494,2.0201701117434263,0.2320803703766835,-0.9560683161231663,-1.7196217031233556,0.5526028356769052,0.6324017912888379,-0.9998124012876024,-0.8373983987822237,-1.3149072023865844,-1.4085704672375745,0.29625115674143576,0.17283013902839633,-1.0153185474714534,-0.0370057184327033,-0.6800820164980106,-0.622703652770972,0.0,0.0,0.0,0
34337.3062942,118.0,WASHOUT_2,34336.3062942,34338.3062942,249,0.6118375554193943,0.6054679040701629,0.4066589027037709,1.143431652366081,0.47742562387396054,-0.23265823350827344,0.019649929233822402,0.3053942425342497,0.5444303642769798,52.671875,40.345703125,9.702400207519531,1.614117333918007,5.388496398925781,-0.6878452727529094,-0.6137765774531578,-0.8385826800414005,0.9210792150378583,0.46639915496472417,-0.7685738102547441,-0.7452654938943302,0.7166477190533153,1.2877210647187223,-0.8595394447532311,-0.926346560207,0.45567293681037524,0.6758456052533882,0.5010921959430094,0.3661807157761223,-0.868792249443346,-0.13351932531923516,-0.8009534556353823,-0.30006782029693146,0.0,0.0,0.0,0
34338.3062942,119.0,WASHOUT_2,34337.3062942,34339.3062942,250,1.1424693646666222,0.9718336746737094,1.0047794378296668,1.689019915926743,0.5142196753483372,-0.21801871791190214,-0.006995324191023222,0.26654951574621555,0.31218619392344443,72.966796875,103.35546875,12.858591079711914,1.9979982502673732,5.971031188964844,1.5011236800952104,0.9962463214911534,1.4437086067911842,2.241471561024302,0.6445405680759693,-0.6908156095039335,-0.8907086073497501,0.5634642002211484,-0.0702809913834812,-0.4134564175616007,0.13174954441125616,1.0231371168816825,0.9846452901526594,0.17380343615810115,0.6097798808443491,-0.7255762967355537,0.6528552271226629,1.3539824172942747,-0.3610543845049404,0.4973196729030411,1.0435980502989046,0.5190018410169026,0
34438.5372513,1.0,CONTEXTUAL_OVERRIDE_1,34437.5372513,34439.5372513,249,1.5156479519098285,1.6844059220581875,0.6503928226638863,0.8348856170243588,0.7883372037263883,0.1756168912366342,0.23957931946712172,0.2446425688553653,0.6854430589243431,93.93359375,373.162109375,15.037750244140625,2.079147596530502,6.471809387207031,3.040564639169922,4.1277005333604615,0.09145026342447574,0.17435893042093087,1.971703027959848,1.399991051231917,0.45521906318090144,0.4770745280805385,2.112265030563489,0.047394443462569526,4.662497319993864,1.1430944924096187,1.2501060874575598,1.8248078305251152,1.4701757429005546,1.035029485126894,0.16825136979476651,1.9520806119183567,-0.08940810268147836,0.36338982433972356,1.0351451361967796,0.37616120920866697,1
34439.5372513,2.0,CONTEXTUAL_OVERRIDE_1,34438.5372513,34440.5372513,249,1.8481741077799383,2.058736775574526,0.5061339969182856,0.8649132021715258,0.6512944559690099,0.3157838060970099,0.3740916581229752,0.43913994347128815,0.7685137071829395,101.833984375,560.0234375,12.131694030761718,2.0756390769925,7.616455078125,4.412305681687168,5.772726609213083,-0.4590084513537822,0.2470294701756174,1.3081993428832412,2.1444915801316866,1.1894546517992717,1.244071613936295,2.598004289229017,0.22104528024345155,7.800379859814156,1.1379080945500164,1.8568788239890126,2.96587526080573,0.35818789518231375,1.5513165279705405,-0.9694808912837136,2.5345486315071595,-1.0348952266756466,0.0,0.9871128116371227,0.0,1
34440.5372513,3.0,CONTEXTUAL_OVERRIDE_1,34439.5372513,34441.5372513,249,0.6527460513779112,0.6591916140340256,0.3403830174293916,0.7783487562562852,0.4950774636066917,0.1971165822599908,0.3551052392408209,0.11795482009955179,0.5940974676420433,109.03125,340.216796875,9.551398849487304,1.2083006714269435,3.541229248046875,-0.5190890353762976,-0.37768355185317226,-1.0914763136916708,0.037532603298215006,0.551861982459864,1.5141872676073374,1.0858172860156023,-0.022516452523784293,1.578139671944573,0.3792414071995826,4.1092607466483155,-0.14421731517126923,-0.30338434610785064,1.5166604564481179,-0.07721529463444032,1.2108551763177138,-0.9366736398474321,-0.9186425545492708,-0.7535531470789353,0.0,0.0,0.0,1
34441.5372513,4.0,CONTEXTUAL_OVERRIDE_1,34440.5372513,34442.5372513,250,1.1137273162688375,1.195044725153328,1.0849975597544832,0.8166579093264665,0.6903698171550061,0.04492344611444209,0.5141570235780957,-0.05712979350895782,1.080047377318584,81.896484375,312.5,9.739574813842774,1.4702496486725285,4.609222412109375,1.3825566238283373,1.9771646588608558,1.7498026295896931,0.13024558096560643,1.4973859037694008,0.7058091245330967,1.954001436708749,-0.7129596458115676,4.419636082807558,-0.2171816027872638,3.6438244049156454,0.24300344851447125,0.2627551500670659,2.015865121930801,0.508012448370616,0.30263610014693654,0.15236400348917467,1.3276345645616956,-0.29714737831440413,0.0,0.5566439715048617,0.0,1
34442.5372513,5.0,CONTEXTUAL_OVERRIDE_1,34441.5372513,34443.5372513,249,1.0985417049522515,1.1128406114708924,0.5153972695388171,0.6528353678762482,0.7514572415675731,0.195116286091349,0.44225057664369155,0.24407490099637513,0.7777066745321,74.0166015625,220.1875,12.126584243774413,1.5111624976940685,5.2760772705078125,1.3199127507646728,1.6159122820405265,-0.4236619197638847,-0.26622561219975843,1.7931456712350575,1.5035626379863356,1.5615001024972026,0.4748359395420596,2.651758355661928,-0.3903816771982572,2.0936599869286874,0.303482037930102,0.6162526126532526,1.3050635705331688,1.0636829263792629,1.2425499238797018,-0.09566574784160911,0.5731019867548732,-0.07233907807528497,0.16736110842778196,0.12102552705345565,0.02025496635572285,0
34443.5372513,6.0,CONTEXTUAL_OVERRIDE_1,34442.5372513,34444.5372513,249,0.6352176565656592,0.6039140316433309,0.6506025932251658,0.9150977749311586,0.5806684199955989,0.1870408069347337,0.39423931972487064,0.6114765258394349,0.7732927813597538,71.5361328125,286.9296875,11.349225997924805,2.094014340517188,5.746192932128906,-0.5913973881147347,-0.6206051907952731,0.09225069995210863,0.36848245988248157,0.966257606472106,1.4606695022616312,1.2994306608656172,1.9236779928076315,2.625948984454302,-0.44490245908001746,3.2144330592765704,1.1650709552329406,0.865459304952388,1.941015009134626,0.18822540638549567,1.072466500434706,-0.573160403870548,-0.6491143691976411,-0.7464401939088638,0.0,0.0,0.0,1
34444.5372513,7.0,CONTEXTUAL_OVERRIDE_1,34443.5372513,34445.5372513,249,0.77978766592573,0.8499930431378239,0.27151921501730286,0.7223435889055273,0.9490607257671948,0.08462786565434445,0.41809608478730614,0.29324040607620455,0.5424317159933048,66.150390625,156.955078125,8.915333557128907,0.7548703084885658,2.6163177490234375,0.004984616294493671,0.4608081814284224,-1.3542448477801874,-0.09800695875728087,2.749859120840909,0.9167002708250815,1.42965281084223,0.6687192718766051,1.2760343624237878,-0.5632812433626583,1.0318249109231066,-0.8144915543056019,-0.7936767446768666,0.7441446363058748,2.1721343503270654,0.7678713435639066,0.5165022529455892,-0.4912026785507402,0.54615832716594,1.1156733769281137,0.0,0.0,0
34445.5372513,8.0,CONTEXTUAL_OVERRIDE_1,34444.5372513,34446.5372513,249,0.960591421373116,0.8983220771203445,0.9769086042797723,1.0981784320042187,0.873266090968361,0.2715725707452451,0.5846071540050909,0.3209634159044219,0.6036461654095501,59.53515625,75.458984375,10.024331283569335,1.8346818523643156,5.010353088378906,0.750838521649565,0.6731938834756725,1.3373598746676556,0.811560719520593,2.382893189983366,1.9096623543083961,2.3385534673938153,0.7780444892034842,1.6339738019536638,-0.7086843049638567,-0.3367042128269743,0.7817179634900764,0.4753931393400441,0.603004572789287,1.560726235207364,1.7890614397505387,0.6841759668835347,0.8501413816527251,0.006833515906476767,0.8902884279736948,0.6113332459757571,0.5442629145278128,0
34446.5372513,9.0,CONTEXTUAL_OVERRIDE_1,34445.5372513,34447.5372513,249,1.1222401795835644,0.9434145742571438,1.0892336494386416,0.892928464175392,0.5244786318864615,-0.15813680607389988,0.217932764884001,0.401604445268774,0.4124607850477766,62.115234375,59.1640625,13.179372024536132,1.782430545230289,5.700202941894531,1.417673993671303,0.871356372403684,1.7659665798449058,0.3148299343558679,0.6942101462147344,-0.3727511427263663,0.33706134690952744,1.0960510157440382,0.5160549356469385,-0.6519741058569234,-0.610337881988814,0.704478528296378,0.8410801696016166,0.4030264878477442,0.5124864445723274,-0.45335644029591515,0.6226025675140705,1.3698589014013787,0.1343422973739066,0.4436189876067209,1.0028164469142302,0.4448684169354598,0
34447.5372513,10.0,CONTEXTUAL_OVERRIDE_1,34446.5372513,34448.5372513,249,1.0242159058527578,0.9976496977593563,0.9013157308998001,0.7691674839296938,1.0176864178471725,0.5178967216446916,0.8276178326132559,0.2728181511448923,0.7071041529587526,57.1416015625,36.76953125,13.120734024047852,1.9388977258089433,5.682319641113281,1.0133030379861918,1.1096968446093307,1.0489147434109007,0.01531276735942284,3.0821160284928957,3.2180200420559157,3.6650272350153648,0.5881844572044201,2.238924012751816,-0.7612947129922797,-0.9863996883665743,0.9357729650699131,0.8316002934798169,0.706777117489059,1.8412524344904744,3.076664618558104,0.4828903217386006,0.9390293285861087,0.06564936429243814,0.9110737532345157,0.6125431708601843,0.5580720056937593,0
34448.5372513,11.0,CONTEXTUAL_OVERRIDE_1,34447.5372513,34449.5372513,250,0.8575909738654446,0.8094295514018082,0.5028095045031616,0.7150016907413895,0.8877890087672151,-0.005181042715259061,0.779376186896177,0.44042961687565335,0.5805895371972954,97.2314453125,159.748046875,10.235884094238282,1.6798435058347607,5.48046875,0.3259397918813529,0.28254875929808587,-0.4716939547374463,-0.1157752774481421,2.4532070857224095,0.43967771633934777,3.401700216148929,1.2491574190522103,1.4991547084480548,0.11988132551560272,1.0787260432377932,0.5528313176193409,0.7245998316391796,0.9867298740634154,1.2353510460650479,0.24233174152666467,0.2663707698302281,-0.10991970706139251,0.23823485346983123,0.5022523276871742,0.0,0.0,0
34449.5372513,12.0,CONTEXTUAL_OVERRIDE_1,34448.5372513,34450.5372513,249,0.7630733436849494,0.7053056428596179,0.7021329270999956,0.503904653228506,0.9120241705111923,0.1639156707931709,0.6609290341861257,0.584156609413019,0.7972926639683711,91.7421875,168.8671875,10.385096740722656,1.5959449543753115,4.2821807861328125,-0.06396551412620488,-0.17503186239683466,0.28887867893521363,-0.626656708022452,2.5705436058133873,1.3378396882115557,2.755156443590336,1.8159423674488695,2.7662835723111274,-0.0007727354912375466,1.2318598801449765,0.42880998525965175,0.08939151105807935,1.4535214549762434,1.4532923817410377,1.047135397216307,0.2987230365040519,-0.18071153445527088,0.2508908854773651,0.522791735762778,0.0,0.0,0
34450.5372513,13.0,CONTEXTUAL_OVERRIDE_1,34449.5372513,34451.5372513,249,0.92979107549782,0.9163225835794508,0.9587606947703947,0.8867723779853026,0.7755607424082793,0.23777801917772598,0.582507479171368,0.2848618530601423,0.7262124757794429,72.95703125,84.736328125,12.404696655273437,1.0148151563417058,4.0803375244140625,0.6237805509756011,0.7522985103735753,1.2681115989187537,0.2999314300633117,1.9098447442817348,1.730161638743591,2.3270923925002327,0.6356785906864456,2.3506561679213553,-0.4136710663091666,-0.180913738355113,-0.430233354253542,-0.017604906466806288,0.7465836896519502,1.062400288601275,1.5808449008132008,0.39853315588476196,0.7630124561875068,-0.05806952651979072,0.5022963594363475,0.4644986125778171,0.23331596206107197,0
34451.5372513,14.0,CONTEXTUAL_OVERRIDE_1,34450.5372513,34452.5372513,249,0.6779998075398154,0.7108380012775254,0.5939240303503494,1.07476869498893,0.8120051658421902,0.19111289478367977,0.5523991166077643,0.4548253379587392,0.6886109517959029,71.4931640625,75.83984375,11.528714370727538,1.585156864227866,4.4482574462890625,-0.4149119257159725,-0.1507194826586166,-0.12402174448446053,0.7549062061430227,2.0862934046056094,1.4822985119340393,2.162745898118166,1.305926700084013,2.1307886603559654,-0.44584691356930783,-0.3303086038749716,0.4128627097652792,0.17742817633936567,0.8591788401099946,1.2656338671481608,1.3104627439120404,0.18820593200046656,-0.38913869968997133,-0.1681353983071469,0.46557860176416865,0.0,0.0,0
34452.5372513,15.0,CONTEXTUAL_OVERRIDE_1,34451.5372513,34453.5372513,249,0.8175909208765623,0.8018652494334526,0.6840912882229454,1.503035075831168,0.8851999339762102,0.4623901464860682,0.7266521171522345,0.3196364045763608,0.813833974204821,71.59375,43.361328125,10.024712753295898,0.40909910568127134,1.867706298828125,0.1609310747651344,0.24930684544920495,0.22003590763560468,1.7913648125230932,2.4406718681141637,2.9231952996823343,3.113905886129561,0.77281144262108,2.863005626851953,-0.4436360314693782,-0.8757064565049887,-1.3256208231404711,-1.190513094857424,0.9089542673682582,1.3247092488016436,2.7414044462086826,0.00807960766600413,0.06294978030137435,-0.7309782876048878,0.34486630317630107,0.0,0.0,0
34453.5372513,16.0,CONTEXTUAL_OVERRIDE_1,34452.5372513,34454.5372513,249,0.7020302363250698,0.6583626976924015,0.7281616161434422,1.0426574777259487,0.7085400535967022,0.31524274101395333,0.5684738456518036,0.48573425094968053,0.8989877601170893,67.5576171875,70.09375,9.627793884277343,0.4783288769463427,1.757843017578125,-0.31578130139631017,-0.3813262892440736,0.38819820856652604,0.6771930141149581,1.5853585913801507,2.141617697654455,2.2504898051788245,1.4278154722992464,3.360925622767092,-0.5323503588383999,-0.4268003040636486,-1.2232833176425302,-1.2487512416807667,1.1971852737665847,0.6707745950731865,1.9021806429011383,-0.21375686758998974,-0.26207526154385785,-0.5801288937985166,0.0,0.0,0.0,0
34454.5372513,17.0,CONTEXTUAL_OVERRIDE_1,34453.5372513,34455.5372513,249,1.0215429488173746,1.1717268762736748,0.9550285875784439,1.1966889734692614,0.7901774015242022,0.17213041783674654,0.5438600058720268,0.6403130862419111,0.8178297639584254,66.216796875,142.693359375,8.39142951965332,0.9659855982773943,2.9561386108398438,1.0022765223103767,1.8746925567632224,1.2538707306898746,1.0499686429251995,1.9806124962834184,1.3814725492530655,2.1161351629247753,2.0373944778680526,2.886370220645144,-0.5618216318792096,0.7923339541665737,-0.5024146582728102,-0.6135388767839148,1.4290246631699424,1.0599670147719973,1.095667616619077,0.32005985168076617,1.0504640026582788,-0.36714060065261916,0.2984930972044932,0.5135318395629598,0.15328570930426874,0
34455.5372513,18.0,CONTEXTUAL_OVERRIDE_1,34454.5372513,34456.5372513,250,0.5530532156934226,0.5501145615169597,0.6072496759415817,0.517540430354935,0.8246824471522828,0.5170858814504771,0.7897225132155382,0.40628589182099156,0.8215871288905175,91.0166015625,121.705078125,8.790775680541993,1.597027733232081,4.941375732421875,-0.9303431636282683,-0.857031150327011,-0.0731741259222802,-0.593656409167394,2.1476715001535105,3.213713241452883,3.458175637445184,1.1145122205301228,2.9083406722415823,-0.016721137435390245,0.43988670391928497,0.4304105811475601,0.43882848062963853,1.1156848991727475,0.8870818290854059,2.990576261618333,-0.40743500260045035,-0.7830243326468331,-0.32936069825157205,0.0,0.0,0.0,0
34456.5372513,19.0,CONTEXTUAL_OVERRIDE_1,34455.5372513,34457.5372513,249,0.9905111600204937,1.200841834484878,0.4425148018913453,0.5839438563458523,1.245409229500022,1.08783685565931,1.2110847380564609,0.795360975512811,1.4098612598238272,101.6884765625,176.734375,11.41552734375,1.7304857457184886,5.7436370849609375,0.8742638004117838,2.0026405070988154,-0.7017647620942701,-0.43295175094496546,4.184654668298713,6.2452731683572775,5.758181304354002,2.6488231898170036,6.348157818751974,0.21784701390471836,1.3639702024971148,0.6276921817797261,0.864104459175595,2.6446995562427027,1.9282603657439723,5.716333257108737,-0.9193395298468057,0.1516242114356659,-0.9078611472698712,0.0,0.0,0.0,0
34457.5372513,20.0,CONTEXTUAL_OVERRIDE_1,34456.5372513,34458.5372513,249,1.0527300797413826,1.018282363237441,1.1432438252210437,0.9417401238106434,0.9668509805624204,0.7640697491272755,0.8828239000771533,0.4222370094951223,0.9333771432161667,92.3466796875,186.32421875,11.067153549194336,1.8824289258243012,5.5596771240234375,1.1309300634878452,1.20036869921859,1.9720570688840868,0.43296030130448804,2.8359920961952976,4.525575033504559,3.96636954936889,1.177415181541088,3.562010768997212,0.012514021983096936,1.5250083561090808,0.852299106594144,0.766587917772509,1.5692370821576194,1.3322338149531066,4.211727617073035,-0.008911928508781475,1.2038266801990358,-0.678052487025089,0.21384218376591346,0.5270488740060448,0.11270528216881841,0
34458.5372513,21.0,CONTEXTUAL_OVERRIDE_1,34457.5372513,34459.5372513,249,0.6693423350377947,0.6728335091769017,0.36549478098754773,0.7190117363700558,0.7597320513661642,0.23359339321917563,0.6122155449804143,0.2782875609134312,0.6474657760198238,125.68359375,134.376953125,9.044743728637695,0.8324474360527319,2.6520919799804688,-0.4506258391806477,-0.31773318168391546,-0.9956555621876009,-0.1060704617312648,1.8332088404615925,1.7079348797220928,2.489253867083064,0.6097529815205162,1.8902003466964856,0.7452604515491006,0.6526800930505346,-0.6998147386302364,-0.7747129481175157,0.9744734682041591,0.8915379866958415,1.513040186081261,-0.30479440213147935,-0.7609787309643588,-0.1987667875577589,0.049263240657355184,0.0,0.0,0
34459.5372513,22.0,CONTEXTUAL_OVERRIDE_1,34458.5372513,34460.5372513,249,0.7082395954905006,0.6733925223935319,0.5559729138981209,0.322370779591752,0.5775683490768565,0.05787200879394706,0.5134333834302642,0.663066764248262,0.6435374936071887,77.8955078125,72.486328125,10.448588562011718,1.9374384839857957,5.178985595703125,-0.29016637557892794,-0.3152765545866174,-0.26883453274002256,-1.065991556838512,0.9512483592682628,0.7745857810856518,1.9500514470260162,2.127123219748678,1.8672304887870796,-0.30512319466504795,-0.38662276064722123,0.9336158704360539,0.5647846503981234,0.9985884271339394,0.16651523973367002,0.5748680956588639,-0.34024597724674477,-0.4375105304569399,-0.0012573551156490614,0.0,0.0,0.0,0
34460.5372513,23.0,CONTEXTUAL_OVERRIDE_1,34459.5372513,34461.5372513,249,0.8047532019711787,0.7565546147318672,0.7421032691266889,1.0576412553662358,0.7767066149552021,0.24183557449437015,0.5132909575839678,0.40913135602092693,0.8230928417331487,103.052734375,73.447265625,11.52922477722168,1.2655119989866142,3.99346923828125,0.10797275673828738,0.050185734011653535,0.4413963705741387,0.7134556440716197,1.915392580047969,1.75171345846004,1.949274015556644,1.1257332601640357,2.9171450316064695,0.24783344393968648,-0.37048614729139895,-0.05964583036504598,-0.0636534856147632,1.0726779339275478,1.116074788595466,1.5371778716745303,0.14858516855424797,0.052211926946376414,-0.2871802320409732,0.3258433707277645,0.0,0.0,0
34461.5372513,24.0,CONTEXTUAL_OVERRIDE_1,34460.5372513,34462.5372513,249,0.9968873217104351,0.9218725317957278,0.9296848695463329,1.3437604127036895,0.9607146200848887,0.2868087189492544,0.48771776683136564,0.48541652310920225,0.723565341652077,101.7216796875,88.310546875,9.747495651245117,1.4158875814022842,4.69097900390625,0.9005668220821613,0.7766881898500196,1.1571648939165995,1.4059000579651744,2.8062824044645907,1.990589586013393,1.8096827561025457,1.4265625179690233,2.335177572345548,0.2185768196464427,-0.12089340819016435,0.1626438249524198,0.3060940376614367,0.9950792274902536,2.0643617321357763,1.7915737405153425,0.8176056211781948,0.8163385366542484,-0.06581199902962281,1.091288263590274,0.535942254395562,0.5848674921839898,0
34462.5372513,25.0,CONTEXTUAL_OVERRIDE_1,34461.5372513,34463.5372513,250,0.8075755476645765,0.6955666099195663,0.7158875963612219,0.6880477050428516,0.7686118185519976,0.37297923640576064,0.5395737066869348,0.3127166632326194,0.5693160452127662,76.5546875,88.78125,9.963521575927734,1.6464672481987306,4.920928955078125,0.119615532367997,-0.21783080079445,0.3413633537868354,-0.18100731924080873,1.8762009604156786,2.4482867243562136,2.092738399203253,0.7455235604272669,1.4332351838755435,-0.3345944677058577,-0.1129890914853815,0.5034935415887095,0.42798971441529415,0.5446896860757026,1.1394415034395624,2.339348787141073,0.10799148639132797,0.04803455032074565,-0.03670773688435815,0.4487361345203244,0.0,0.0,0
34463.5372513,26.0,CONTEXTUAL_OVERRIDE_1,34462.5372513,34464.5372513,249,0.9715120012813725,0.9724993491692296,0.8361512809860356,0.7397513331186268,0.7472907770182453,0.19581726057118543,0.45063679022644354,0.4195115450850881,0.7494443950664212,54.439453125,57.01953125,11.002767944335938,1.6227721711560932,5.0359039306640625,0.795888233991881,0.9991716798816636,0.8002620931250873,-0.055878024256638306,1.772973391946596,1.5072858837430343,1.607276248594588,1.1666673590358856,2.4865002414707207,-0.8206880214437877,-0.6463500800877832,0.46846677445061735,0.4889375527922229,0.9132919001266515,1.1081321373428894,1.324627503717704,0.3162897230446573,0.7010819888474621,0.046922973658036715,0.46302375451486943,0.37135695677682456,0.17194709239202138,0
34464.5372513,27.0,CONTEXTUAL_OVERRIDE_1,34463.5372513,34465.5372513,249,0.7746346029205401,0.7076607460171653,0.9102763799985927,1.01476771830504,0.7703665348731223,0.4466896868370431,0.550162195382294,0.47011802965605526,0.7705231096168533,55.0634765625,54.626953125,9.253997802734375,1.9462605498829573,5.927604675292969,-0.016272863437889876,-0.16468217823616418,1.083106532793678,0.6096962819997215,1.884696563170168,2.8398018646173444,2.1505356638074073,1.36623316946384,2.6097538742999267,-0.8069719664743212,-0.6865276235042106,0.946656910450431,0.9616250448944326,0.9939967609409417,1.0407365118397574,2.6410025124291563,0.06648202198921943,0.18972854814236279,-0.44901715460324615,0.2545472725745266,0.0,0.0,0
34465.5372513,28.0,CONTEXTUAL_OVERRIDE_1,34464.5372513,34466.5372513,249,0.49572347495367114,0.6813149234087629,0.34650675222656785,0.625676213537544,0.5919670167272129,0.11869241632225469,0.541426449139552,0.3557711891101837,0.6094577913984036,67.0654296875,53.0859375,9.100186157226563,1.601054532709739,4.8570556640625,-1.1668405246367923,-0.28046094659974474,-1.0681095410268147,-0.3319541879543985,1.0209606877390731,1.097635094240829,2.102851593716479,0.9153083503052976,1.6679561405852261,-0.5431686557157255,-0.7124052412638524,0.4363631158180284,0.394130702942723,0.6458161227226309,0.2609419850796032,0.9684718696963028,-0.4786576980828402,-1.0518811831742851,-0.21622957760948114,0.0,0.0,0.0,0
34466.5372513,29.0,CONTEXTUAL_OVERRIDE_1,34465.5372513,34467.5372513,249,0.7233928521864103,0.6378902409065667,0.9283977448874522,0.8233710519394435,0.5025724782921517,0.09100967697660567,0.30302572568931346,0.42128525958935403,0.6873099076928547,71.6591796875,68.59765625,11.913113784790038,1.8356508088251793,5.97869873046875,-0.22765597219971834,-0.47129409428367164,1.1522535203363353,0.14649223199479347,0.5881497097922885,0.9505974419905802,0.8015412659154534,1.173661971989395,2.1231810611454898,-0.44219788486068606,-0.45192356794690036,0.7831503037293823,0.9887098274830385,0.8242107582837213,0.18284517836090824,0.7857552903338358,0.025424480544885858,0.08295311202855157,-0.26544344116076374,0.0,0.0,0.0,0
34467.5372513,30.0,CONTEXTUAL_OVERRIDE_1,34466.5372513,34468.5372513,249,1.0679836566146086,1.0675996423076786,1.0476633952563048,0.6531701874287245,0.803136913714934,0.2740169755953988,0.6033847419922584,0.4040620604584241,0.5562097732293418,60.9091796875,96.404296875,11.694023132324219,1.9545344067147234,5.797294616699219,1.1938543089128255,1.4170973212345164,1.6073439890124523,-0.26541530669301777,2.043357035750541,1.9226458797401815,2.441050929755728,1.1057425794082718,1.356598839143052,-0.6784832261813225,0.015021481538549993,0.9588875715307349,0.8925481318567456,0.6193407250224684,1.187173611819329,1.798777734735688,0.5401907555509894,1.2903231906586627,0.17713955922660451,0.67115977623481,0.8873962395667679,0.5955846615792438,0
34468.5372513,31.0,CONTEXTUAL_OVERRIDE_1,34467.5372513,34469.5372513,249,0.48536129948814266,0.48058873862414964,0.6341024185685746,0.9705890849251043,0.7782162683771912,0.1172771668436795,0.5665975076921498,0.3360140071205887,0.5470525575487799,110.1279296875,165.1796875,9.756439208984375,1.1686683974298424,3.5667800903320312,-1.2095867000124911,-1.1625677913209698,0.029289803881173214,0.502778422384652,1.922701690709203,1.0901179566454562,2.240247814592532,0.8373962394571925,1.3030538235525877,0.40334646155124276,1.1699372662917398,-0.20280292052514037,-0.2898399326556718,0.9284334477131907,1.0649406567888051,0.9044312671028181,0.18004519685527484,-0.9058411590683829,-0.10769141007299618,0.36378780358989826,0.0,0.0,0
34469.5372513,32.0,CONTEXTUAL_OVERRIDE_1,34468.5372513,34470.5372513,249,1.187093797982954,1.131610120380335,1.0949053855327586,0.9162355967407498,0.9108295950974764,0.2742733735074258,0.5794373504317182,0.5112350475797918,0.6648576258327622,134.681640625,161.984375,11.43315773010254,2.126269654832075,6.045127868652344,1.685208948572548,1.698396350070023,1.787608628744117,0.3712361320356833,2.5647599711295173,1.9240077444948067,2.310334095047251,1.528377429708282,1.9918957639353259,0.9430378075563993,1.116279747084168,1.212751719530121,1.0239236847324027,1.394897687071044,1.592680205201133,1.645028207080598,0.645146206862772,1.5144516638714356,0.0019860051890293606,0.7282409485334516,0.9101658686683505,0.6628200555218124,0
34470.5372513,33.0,CONTEXTUAL_OVERRIDE_1,34469.5372513,34471.5372513,249,0.8072308988739344,0.9877318336449106,0.5069505157113477,0.63993495032319,0.5371137006248171,0.10725995888706309,0.475778983568956,0.3594309939641599,0.429497479258528,107.8828125,160.576171875,11.823049545288086,1.759384926979804,5.536689758300781,0.11819378288143215,1.0661120186945892,-0.45589280222037054,-0.2974462482264959,0.7553838661399744,1.0369112735331907,1.7445149087239513,0.9297407284458439,0.6156736504339066,0.35399871448582276,1.0926323929590709,0.6704118104477469,0.7544023944128749,0.748011371581161,0.08242711920655685,0.8873089992169585,-0.43310292773016834,-0.0053545804787415024,-0.2770123459014022,0.0,0.0,0.0,0
34471.5372513,34.0,CONTEXTUAL_OVERRIDE_1,34470.5372513,34472.5372513,250,0.6176600112777708,0.570548539966437,0.5689555326306159,0.4674396490114947,0.7918643429353474,0.2983603440284205,0.5078885200949121,0.3975746895251522,0.6188062237045717,85.8525390625,78.69921875,9.542583465576172,1.1950482754351839,3.8887100219726562,-0.6638264052798201,-0.7672324413319124,-0.21929582628647093,-0.7149066130887322,1.988779961261461,2.051946369029256,1.9197848110019646,1.080159742567874,1.7226192577424113,-0.13022739514828321,-0.28229233974301265,-0.16380740080761813,-0.11918598520027139,0.7006947500775713,1.2727055679453574,1.9118074190137417,0.08762893447618764,-0.6340261223542021,0.19128082506169816,0.4911396585803508,0.0,0.0,0
34472.5372513,35.0,CONTEXTUAL_OVERRIDE_1,34471.5372513,34473.5372513,249,0.7173922422213602,0.6498833898804837,0.7511623574080658,1.0259718407059413,0.7554367890919438,0.06657586871355028,0.699195909038685,0.23313559610705378,0.5230711473208578,75.001953125,67.970703125,10.64161720275879,2.104535377777925,5.97869873046875,-0.2524097632140179,-0.4185892675018273,0.47596378138353657,0.636811670012463,1.8124129764414016,0.8208165789887735,2.9640361765778027,0.43169697693155756,1.162827249304573,-0.36872361856884933,-0.4624517242217356,1.180623465212964,0.9887098274830385,0.39863105655903264,0.8434759121562543,0.7410903676769669,0.33502685935667254,-0.09050958194629063,-0.045133778981046035,0.446086657970906,0.0,0.0,0
34473.5372513,36.0,CONTEXTUAL_OVERRIDE_1,34472.5372513,34474.5372513,249,0.8907332340309092,0.8091063486975391,0.7194617204991716,0.5001114558950739,0.496682229247503,0.1362297022364005,0.39154562675289806,0.3232694310976682,0.49691718281424296,75.181640625,66.5859375,12.795738220214844,1.4204502904674825,4.560676574707031,0.4626586565727388,0.28112841985421055,0.3550013947820063,-0.6358367235403684,0.5596315867168342,1.1907848839151896,1.2847271380171026,0.7871382208625964,1.0098970916987189,-0.3647740816136352,-0.485705502411325,0.16938855710323683,0.23702116893950134,0.4492588281403288,0.0843616796836377,1.1009331182871238,-0.19735205817100465,0.32128374338122745,-0.08827022694668368,0.0,0.09557644310459251,0.0,0
34474.5372513,37.0,CONTEXTUAL_OVERRIDE_1,34473.5372513,34475.5372513,249,0.7254354413683202,0.6403111237561764,0.5948813749714524,0.6963267257028352,0.5305183421410233,0.13645099711653302,0.44555285608280903,0.21174357122071505,0.5354360929761144,70.0498046875,46.291015625,10.787508392333985,2.5849908993102697,7.128456115722656,-0.21922985784941734,-0.4606553361455622,-0.12036873617104472,-0.16097104602561252,0.7234518979766842,1.1919602979240207,1.579525594522631,0.3473378909501862,1.2351288343039695,-0.47757199845956044,-0.8265094645665062,1.8908470970096436,1.5981922555680774,0.3956166813135389,0.17047088335718713,1.112836961661313,-0.2578047608569556,-0.2922560631182467,-0.21106749191130375,0.0,0.0,0.0,0
34475.5372513,38.0,CONTEXTUAL_OVERRIDE_1,34474.5372513,34476.5372513,249,1.1388996941950513,1.0729254963755404,0.8771166059190363,0.9396049336869822,0.49992801363957157,0.052195486057764744,0.5203506047254283,0.3186538018647985,0.49722088399291176,64.853515625,61.423828125,9.422371673583985,1.4715322057441622,4.757415771484375,1.4863980309765636,1.4405022015309679,0.9565764121731262,0.42779287215542844,0.5753463176336016,0.7444347701740602,1.9878090988519386,0.7689365655549475,1.0116729245407017,-0.5917865970394212,-0.5723906022069312,0.24489936249730368,0.3413119392265525,0.44515237252391227,-0.11002688652676246,0.6554042956692778,-0.06373963681127143,1.2250084426276544,-0.36462195566264927,0.0,0.7557275079723214,0.0,0
34476.5372513,39.0,CONTEXTUAL_OVERRIDE_1,34475.5372513,34477.5372513,249,1.0837087930120934,0.9579549479588327,0.9290002886102123,0.477648612230361,0.7007483068484549,0.20530617168182813,0.654467392335619,0.30324066858654947,0.6992008851768301,73.8505859375,72.0625,12.530146408081055,2.524421045377704,8.132568359375,1.2587238375643932,0.9352551765424029,1.1545526894964475,-0.6901996356939565,1.547634211467698,1.557686503230119,2.7198855721226542,0.7081551368509963,2.192711210590026,-0.394030705906879,-0.39373992548098835,1.801310938698504,2.1304686959546713,0.7252165868602556,0.5866252224588506,1.412643185858068,0.14744926083980225,1.048787715507176,0.06296997740503135,0.19158719785284578,0.6185979356509325,0.11851544508891716,0
34477.5372513,40.0,CONTEXTUAL_OVERRIDE_1,34476.5372513,34478.5372513,249,0.3936876018795458,0.4747995643495664,0.22122255243796765,0.8373456377623929,0.5616191076777111,0.09097812533133035,0.5529094912720582,0.30710911523179335,0.5748178466121598,55.2978515625,56.908203125,13.037953186035157,2.0561309086252586,6.60467529296875,-1.5877601799301082,-1.1880087683333789,-1.546165419003199,0.18031249058784046,0.8740288010232361,0.9504298545351627,2.1655317781779315,0.7234102903436832,1.465405884226252,-0.8018203965327376,-0.6482195657814456,1.109070540257177,1.3205378462720399,0.5472040436424839,0.11492845884135987,0.8409890458066659,-0.6283295224600061,-1.5753323378327169,-0.41228675573844237,0.0,0.0,0.0,0
34478.5372513,41.0,CONTEXTUAL_OVERRIDE_1,34477.5372513,34479.5372513,250,0.9223741848687119,0.8394390383050596,0.8983303131429341,1.3085268620563073,0.6475197751785565,0.19456834273273985,0.4133473811337643,0.15655421120458213,0.49399749619360445,47.75390625,44.76953125,9.906801223754883,1.75087556977215,5.646553039550781,0.5931843013146172,0.4144277856061635,1.037523071441945,1.3206304257096841,1.2899239167447658,1.5006522213541509,1.4037320123707004,0.1296995892188232,0.9928247990854508,-0.9676365540274612,-0.8520591023798915,0.6578330257123769,0.8126405412362175,0.28063109707606854,0.812678093618342,1.4445260019389372,0.34729074469376986,0.6708569031560809,-0.33836813316001446,0.4320229445092352,0.4829317617327969,0.20863760170083528,0
34479.5372513,42.0,CONTEXTUAL_OVERRIDE_1,34478.5372513,34480.5372513,249,0.7503617869373022,0.6396100728645849,0.6777298060550973,0.7626092889177913,0.5604257126416529,0.1155493162329778,0.5317001346273176,0.15958943079337248,0.6251149619997783,48.9501953125,53.599609375,9.959178161621093,1.7793394847812614,5.429374694824219,-0.11640338644758076,-0.4637361588625102,0.19576194533139335,-0.0005588909506164583,0.8682508812344517,1.0809404293037963,2.0497605068144145,0.14166892599846695,1.759508362701471,-0.941342082450628,-0.7037793686773052,0.6999092308696157,0.6975150490505736,0.47529432217498446,0.15826386475513055,0.9858815648687994,-0.18001428156933585,-0.1479062231341734,-0.24029784284592667,0.0,0.0,0.0,0
34480.5372513,43.0,CONTEXTUAL_OVERRIDE_1,34479.5372513,34481.5372513,249,0.31616171847371743,0.3143127922073466,0.1762624857556075,0.5923946063531416,0.5337015760996727,0.2487341631843053,0.4660977252290493,0.15947190701996275,0.5770147943216889,51.6669921875,50.248046875,11.290970993041991,1.382996924204696,4.478912353515625,-1.907570920372198,-1.8932803817293782,-1.7177227597371434,-0.41249987107011743,0.7388637858480812,1.7883555072162305,1.69166976093454,0.14120547299864092,1.478252103367718,-0.8816268008777709,-0.7600607274549291,0.11402387792267561,0.19367823702937892,0.40486439409158975,0.1503899787494013,1.7073826283979125,-0.7894088258245952,-1.8989956155351035,-0.365565524588298,0.0,0.0,0.0,0
34481.5372513,44.0,CONTEXTUAL_OVERRIDE_1,34480.5372513,34482.5372513,249,0.5839900425415623,0.5828539512883016,0.326147626624377,0.6983043918063248,0.5855414550299054,-0.014004453464075174,0.4399337571042216,0.40756955734605516,0.47616795281894175,54.2919921875,37.953125,9.857616424560547,1.6485643820417009,5.140663146972656,-0.8027221799441475,-0.7131553533537077,-1.1457953121057662,-0.15618484485456377,0.9898508046214453,0.39281192082878014,1.5488537432465657,1.1195743336762851,0.8885700549284818,-0.8239292175320341,-0.9665241036234274,0.50659358716539,0.544470052377731,0.5020360971511917,0.4247874622172372,0.2924047013985418,-0.23680568837446736,-0.9801898254553048,-0.029177654612096177,0.0,0.0,0.0,0
34482.5372513,45.0,CONTEXTUAL_OVERRIDE_1,34481.5372513,34483.5372513,249,0.8085983717029834,0.8750031562691719,0.7783944073604134,1.2292127716163075,0.5074391186731025,0.19049122021587683,0.3450924412627505,0.2734505535227539,0.6038153065408982,62.29296875,44.927734375,10.318538284301757,1.9838973905177433,6.116668701171875,0.12383489883883808,0.570717070515749,0.5798750612658611,1.1286803326809542,0.6117119477037775,1.4789964699008402,1.0311624291406907,0.5906783252160884,1.6349628214144862,-0.6480674986512225,-0.8494024648152133,1.0022928069008188,1.061847233535353,0.5564102866576437,0.19108116163004152,1.3677144125693115,-0.16258204996528514,0.28936384702503176,-0.6383644830235204,0.0,0.05875622559293647,0.0,0
34483.5372513,46.0,CONTEXTUAL_OVERRIDE_1,34482.5372513,34484.5372513,249,1.088085986654382,0.9598787308727199,1.0087112291134297,0.9674082031315456,0.4033387920837784,-0.16902799528519669,0.3505300131807801,0.2512573873043457,0.3590034621917535,62.1474609375,48.458984375,12.330472946166992,1.4242217574698144,4.65521240234375,1.276780691331163,0.9437093903158502,1.4587114238850456,0.4950802876295309,0.10770169221781307,-0.4306000019684709,1.0608434149728065,0.503159952029585,0.20347376626089872,-0.6512657649899556,-0.7901036905320291,0.1749636517198093,0.28713428541783736,0.17665842957262093,-0.24588301818855307,-0.4659316878829951,0.18527758857440196,1.2473434230860663,-0.2113012805163489,0.0,0.8748642279606025,0.0,0
34484.5372513,47.0,CONTEXTUAL_OVERRIDE_1,34483.5372513,34485.5372513,249,0.9919805948718097,0.9172781458457057,1.103964809434713,0.9563131821683107,0.5025172322966903,0.23942056145801532,0.27974489441004297,0.07003404809657701,0.35468755251005696,54.81640625,68.6875,10.771411895751953,2.1527782083717812,6.469261169433594,0.880325531374213,0.7564978031391164,1.8221773202049465,0.4682289388435326,0.5878822317814183,1.7388860484777555,0.6744628504431469,-0.21149120115892991,0.17823733422140625,-0.8124025797877407,-0.4504148601941202,1.2519374512469734,1.2487552859965183,0.04455933355535156,0.37663150993740396,1.7299741817666852,0.3055569907746339,1.1785242117846477,-0.21949797495425322,0.27612316111392143,0.8771664796931098,0.24220598119603184,0
34485.5372513,48.0,CONTEXTUAL_OVERRIDE_1,34484.5372513,34486.5372513,250,0.6156730843475772,0.7468966739854287,0.5092929020473042,0.5969999248841916,0.46935832693723006,0.10590820516568734,0.41117094952695254,0.2517169886893336,0.44677520122843367,53.833984375,60.39453125,9.388390731811523,1.0231811221319693,3.5105743408203125,-0.6720229010156143,0.007743161571555431,-0.44695479121591014,-0.4013544199206685,0.4273406762511747,1.0297313954463472,1.3918519606380226,0.504972382267459,0.7167017275829568,-0.8339962437928788,-0.5896751453746514,-0.4178665349731693,-0.31963440679786387,0.30541852746260395,-0.051298617432752824,0.9686476899538263,-0.41003710724840786,-0.5031086291876745,-0.20387339505132202,0.0,0.0,0.0,0
34486.5372513,49.0,CONTEXTUAL_OVERRIDE_1,34485.5372513,34487.5372513,249,0.7489937692777191,0.7236772163251672,0.666633572917953,0.4992710179354041,0.6027075459817791,0.10115788937024522,0.5782737490130241,0.17539679496969,0.526987719797585,45.8125,65.087890625,11.722894668579102,2.1329428173769243,6.579124450683594,-0.12204674994669594,-0.09429655265311991,0.15342125525587738,-0.6378706893041883,1.0729618396182985,1.0044999588718138,2.30398257680655,0.20400499753793153,1.1857286356695023,-1.010308725043579,-0.5108615642892024,1.2226161867404397,1.306993432819861,0.3474334083018584,0.31228038491596183,0.9350132772114421,-0.06375148200000469,-0.07219791991235884,0.05936877852395585,0.04828820250420461,0.0,0.0,0
34487.5372513,50.0,CONTEXTUAL_OVERRIDE_1,34486.5372513,34488.5372513,249,0.918564114962245,0.8118187552647906,0.8525575052487857,0.8754143646151763,0.4518900109377481,-0.023153227130392917,0.4198035141259675,0.3023458621596218,0.3448612266602039,70.453125,111.9609375,11.980438232421875,1.8988660859457633,6.0476837158203125,0.5774669534510042,0.29304830166338663,0.862864495961523,0.2724436065136414,0.34276639393848735,0.3442179509883029,1.4389728137358215,0.7046264829387581,0.12077982866715528,-0.46870700518508523,0.27625750873189214,0.8765970052230444,1.0252785305091958,0.2754159550844514,-0.14400864119914938,0.2891347599714126,0.009830430565453227,0.5791599697094946,-0.22093147168507607,0.0,0.3522948738928465,0.0,0
34488.5372513,51.0,CONTEXTUAL_OVERRIDE_1,34487.5372513,34489.5372513,249,1.066071020927467,0.9846196393847293,0.8137605857852988,0.5548516811597982,0.46622987575012165,0.03198457539827672,0.49474621602250185,0.20122596415929286,0.4253200515839139,137.9453125,137.375,9.443833541870116,1.2236350750870721,3.9398117065429688,1.1859642803387724,1.0524352387470512,0.7148243166875843,-0.5033584807251628,0.41219402365410607,0.6370839471176806,1.8480475453887637,0.3058618865454135,0.5912469646630281,1.0147734189929516,0.7030250148009151,-0.12154954391910835,-0.0920971582959138,0.653726821250577,-0.2729656042126384,0.5063385828675652,-0.23612442503121234,0.8963004615549258,-0.19660939498429592,0.0,0.44944007383209017,0.0,0
34489.5372513,52.0,CONTEXTUAL_OVERRIDE_1,34488.5372513,34490.5372513,249,1.4853782712767862,1.3064414840954208,1.5474935682679294,2.0625977726490956,0.29437525035633305,0.07392896387288465,0.2994482195901858,0.1742519655471947,0.3113584991268889,177.1591796875,109.5234375,9.977062225341797,1.7091231864898113,4.969474792480469,2.915695775367062,2.466706387798818,3.5145817141314213,3.1455770478744047,-0.41985421758600266,0.8598727516999156,0.7820134491907793,0.199490382198831,-0.07512077372908961,1.876695464844165,0.23532561143907468,0.5961134118002006,0.45372369554285874,0.5778778646205176,-0.77003382526734,0.7442971787758121,0.16179792272552646,2.948826296727861,-1.3614539310016172,0.0,1.9809624193305044,0.0,0
34490.5372513,53.0,CONTEXTUAL_OVERRIDE_1,34489.5372513,34491.5372513,249,1.0484850841942301,0.9482041513507405,1.0006360276129005,1.2572072117412987,0.4429820001338268,0.123954619825064,0.4242316845057565,0.09053299887356239,0.4710755016267675,92.0556640625,93.162109375,11.965491485595702,1.4077473815141923,4.7523040771484375,1.1134185549507347,0.8924045417898314,1.4278983002055585,1.196430405290616,0.2996375301946868,1.1255854368371707,1.46314398136101,-0.13065393772493175,0.8587929493113827,0.0061174893056305775,-0.03942318954003732,0.15061073953874254,0.3386022476729664,0.21622760965425333,-0.18255118614446691,1.08233991490632,-0.013953462722894515,1.1468495217096046,-0.6227793522780471,0.0,0.7567584507212937,0.0,0
34491.5372513,54.0,CONTEXTUAL_OVERRIDE_1,34490.5372513,34492.5372513,249,0.8570909062700955,0.8457077428476412,0.3605623265117212,0.21218841678156203,0.43666579075031764,-0.13082584580905046,0.3884040343379183,0.2231293702042844,0.36351193159583595,70.451171875,48.771484375,10.610447311401368,2.1479001732614265,5.9020538330078125,0.32387690680460385,0.441976095710696,-1.0144766813630322,-1.332646758634473,0.26905708525867844,-0.2276882055689401,1.2675787560986735,0.3922375954206556,0.22983615336106925,-0.46874993493459843,-0.7848560113919243,1.2447265947642372,0.9480806314422537,0.1555184371954312,-0.14232022901000985,-0.25879189300802635,-0.3707749055951213,-0.14425477685216495,0.23330054504947234,0.0,0.0,0.0,0
34492.5372513,55.0,CONTEXTUAL_OVERRIDE_1,34491.5372513,34493.5372513,249,0.9256369787087513,0.8455664404588007,0.8278979746094863,0.8833780674996929,0.3020254188890597,-0.24331881029823899,0.21255390563856388,0.17130982284229523,0.3417542713939629,66.16015625,38.35546875,8.851202011108398,0.7090284181019688,2.419586181640625,0.606644019128222,0.44135513136314275,0.768769361937061,0.2917167709798283,-0.38281530019719145,-0.8251977651046601,0.30770084419554805,0.18788809252635688,0.1026125195228609,-0.5630665946150923,-0.9597677167305425,-0.882256399165653,-0.8979634706481662,0.07262515301230445,-0.4896505840583168,-0.839722795707121,-0.0952717690008851,0.6194363386064541,-0.2727531793641257,0.0,0.4000260526218799,0.0,0
34493.5372513,56.0,CONTEXTUAL_OVERRIDE_1,34492.5372513,34494.5372513,249,0.781121104887776,0.7012043873338107,0.5036006634306269,0.9180695143386879,0.1959214697538561,0.08422211762072558,0.22545301612102464,0.2254340202500256,0.3135192545139851,89.283203125,90.30078125,10.532391357421876,1.7084662505584727,4.7318572998046875,0.010485335319569501,-0.1930551490704057,-0.468675073056225,0.375674443709919,-0.8965262583065969,0.9145451286795174,0.3781106376195867,0.40132594364382046,-0.062486182066600164,-0.054821290128352615,-0.0874722516666219,0.5951423095813626,0.3277634814586221,0.10033148591095511,-1.0300257467746639,0.8944788314973264,-0.8876615667673254,-0.21297862737659692,-0.7978635707439962,0.0,0.0,0.0,0
34494.5372513,57.0,CONTEXTUAL_OVERRIDE_1,34493.5372513,34495.5372513,250,0.7151278827115545,0.7177511456253829,0.5125988321020383,0.46716321028256924,0.36581442881962156,-0.01667105749598804,0.3848876573339114,0.025977753831489488,0.41209021113195776,88.9599609375,67.279296875,10.671639251708985,1.5747574153552297,4.637321472167969,-0.26175072728491067,-0.12033913166288338,-0.43434011755784974,-0.7155756296460629,-0.07397558522557363,0.37864817816452173,1.2483846125342921,-0.38522644761998653,0.5138880776420475,-0.06192616367278672,-0.47406221431921747,0.3974899353543385,0.2776503649802861,0.12847201941051187,-0.47418537286796364,0.35295377428241936,-0.4720957441759543,-0.3131454976676107,-0.12424432903502405,0.0,0.0,0.0,0
34495.5372513,58.0,CONTEXTUAL_OVERRIDE_1,34494.5372513,34496.5372513,249,1.0944747173514353,1.036386967053377,1.0371642029990615,0.7631156802937986,0.33193759265685874,-0.018717501789823517,0.36041645690105284,0.1831823651427774,0.3689890608713452,52.828125,56.68359375,9.214778518676757,0.8476652012707369,2.5268936157226562,1.303135562826328,1.2799307900546202,1.5672814705061402,0.000666639988392106,-0.23799306152810495,0.3677784314725715,1.1148085671427408,0.23470726098120714,0.26186258832542875,-0.8561050647921753,-0.6519913351633959,-0.6773193857898943,-0.8410801696016166,0.12414246232665897,-0.597264124136259,0.3429499390072397,-0.0363005040315201,1.3723243066109219,-0.26472533856169306,0.0,0.9285384213560094,0.0,0
34496.5372513,59.0,CONTEXTUAL_OVERRIDE_1,34495.5372513,34497.5372513,249,0.2243087535509177,0.17736531219025603,0.3214117766407498,0.6405971498475546,0.47824504353683767,0.04915928026330375,0.44744361428079993,0.06622902164547483,0.35479705544305506,47.810546875,31.986328125,10.331313323974609,1.4262820799047249,4.261741638183594,-2.2864839160485992,-2.4951067434470793,-1.1638662334646248,-0.29584364193547996,0.4703664423611047,0.7283078773043952,1.5898462979786068,-0.2264962581956254,0.17887763106043686,-0.9663915912915785,-1.0667219772048033,0.1780092815790049,0.07855678915948665,0.044719407765109215,-0.015531328585499165,0.7193639957513733,-0.4545614401797327,-1.9420002037886706,-0.14639514695566677,0.0,0.0,0.0,0
34497.5372513,60.0,CONTEXTUAL_OVERRIDE_1,34496.5372513,34498.5372513,249,0.7052466439221502,0.6211693386946953,0.6949697159967098,0.6156838373716694,0.3089266103391529,-0.06274545659073359,0.2579791345698625,-0.005230204798835718,0.30072598904973435,58.953125,34.869140625,10.038382720947265,1.5861853396533825,4.381828308105469,-0.3025129366902781,-0.5447754007053173,0.2615455022146874,-0.3561369973893584,-0.34940261668428746,0.13392270547400295,0.5556544522866885,-0.5082945012234558,-0.13729228281077482,-0.7214773703187893,-1.0183121371373367,0.41438303270712895,0.14221431909000146,0.0,-0.516098952370294,0.13392270547400295,-0.24525258934479044,-0.15354497587654803,-0.12939013965157875,0.0,0.0,0.0,0
34498.5372513,61.0,CONTEXTUAL_OVERRIDE_1,34497.5372513,34499.5372513,249,0.9505594155075091,0.8597466891757927,0.9759939441652608,1.0107818831048325,0.27454470907558787,-0.030760875485301653,0.4417557329037117,0.07641038530542453,0.3222327111644244,41.6953125,39.875,9.582826232910156,1.358230378121128,4.340950012207031,0.7094543660224143,0.5036713382224026,1.3338697406776503,0.6000500585704078,-0.5158654070298438,0.3038097117860989,1.5587989979864274,-0.18634622392066497,-0.01153596002640293,-1.1008046370173985,-0.9342508769117829,0.07741323340259315,0.12054487529281604,0.0,-0.983505106425772,0.3038097117860989,-0.26822231572198185,0.8868431415917446,-0.5876935851972642,0.0,0.5671457359698248,0.0,0
34499.5372513,62.0,CONTEXTUAL_OVERRIDE_1,34498.5372513,34500.5372513,249,0.7256502885190678,0.6778432094805608,0.33184048966487184,0.46365997353553057,0.348952268301498,-0.011924534468789418,0.4315256924140255,0.033178979099875966,0.24051625767611998,47.5986328125,44.771484375,11.514789199829101,1.4593557009403404,5.005241394042969,-0.21834356770548205,-0.29571766371548724,-1.124072647606849,-0.7240539040077216,-0.1556151161399403,0.40385946934335953,1.502958322881136,-0.3568285383610556,-0.48935683142038,-0.9710494691137603,-0.8520263043852657,0.22689969119208409,0.47268344778645804,0.0,-0.6065026130042811,0.40385946934335953,-0.6953664929227388,-0.5508235648729615,-0.19915515633115646,0.0,0.0,0.0,0
34500.5372513,63.0,CONTEXTUAL_OVERRIDE_1,34499.5372513,34501.5372513,249,0.734715408096657,0.6799440762885938,0.3387608689981007,0.5837618836458925,0.4242288925253666,-0.10218876538582311,0.3698260995479418,-0.008770297369969959,0.3605864015640154,61.2548828125,63.79296875,10.838481140136718,1.8086910717997178,5.286293029785156,-0.18094802344410638,-0.2864852409839832,-1.097666061431907,-0.4333921478087786,0.20884282410137153,-0.07558154371884665,1.166171100695914,-0.5222547960144852,0.21272969255151125,-0.6708846605174866,-0.5326066347260117,0.7432976191740281,0.6216679514446731,0.05318242313787781,-0.15164499073497822,-0.08621802834642221,-0.37111686604668426,-0.5308841437184936,-0.018891554017106515,0.0,0.0,0.0,0
34501.5372513,64.0,CONTEXTUAL_OVERRIDE_1,34500.5372513,34502.5372513,250,1.0370338938455876,0.8664546793574653,0.971088282975086,1.93996829199295,0.35859184579974407,0.0019086717537558917,0.3984169856545716,0.14327440084829085,0.35034863314812936,57.9375,57.19921875,9.626900100708008,0.9404474331872547,3.247406005859375,1.066179961806663,0.5331501232644518,1.3151508585577911,2.8487982524620215,-0.10894431234088667,0.4773349350716559,1.3222344499722265,0.0773308831419102,0.15286635760748393,-0.7438008400656518,-0.6433326645822229,-0.5401659329420953,-0.4591390343342793,0.05754931018734853,-0.5171245093700243,0.4658250730341862,-0.06318310766773999,1.0380814114330132,-1.1069562284591463,0.0,0.7025105044320915,0.0,0
34502.5372513,65.0,CONTEXTUAL_OVERRIDE_1,34501.5372513,34503.5372513,249,1.0711566913736794,1.0177884786789528,1.0012678775771133,1.086502126205418,0.34570134540060465,-0.18153930116812245,0.3009242143940698,0.04086594141029189,0.2688906149638429,57.017578125,33.796875,11.067536163330079,1.4512162656241077,4.72930908203125,1.2069437514469383,1.1981982850794883,1.4303092952863492,0.7833025881863228,-0.17135472556795206,-0.49705415669067227,0.7900701666968224,-0.32651513334561655,-0.3234433642334533,-0.7640207520863677,-1.0363182361868213,0.21486773599125328,0.3264126799975807,0.0,-0.4083757755769988,-0.49705415669067227,0.13297064725423796,1.283372598517242,-0.324260847315437,0.0,0.9249549484129169,0.0,0
34503.5372513,66.0,CONTEXTUAL_OVERRIDE_1,34502.5372513,34504.5372513,249,1.372449998811986,1.2918427839541198,1.0797184136727793,1.142289698401113,0.3819474837836427,-0.0621244861651271,0.31134901595131176,-0.06859450062053915,0.5075381917421748,46.5458984375,95.0390625,10.654137420654298,1.6367796025720789,4.5760040283203125,2.4498426583537753,2.4025512635807567,1.72965861446797,0.9183155425479625,0.004133921445458045,0.13722100743602925,0.8469739450720872,-0.7581705231415937,1.0720013500749583,-0.9941886041013736,-0.007904316704782857,0.4891729758918564,0.24514619928450798,0.2680003375187396,-0.303558329579916,0.08362093993228133,0.18173329998189752,2.148119913411329,-0.38727204513647934,0.0,1.4864305318805617,0.0,0
34504.5372513,67.0,CONTEXTUAL_OVERRIDE_1,34503.5372513,34505.5372513,249,1.041288432507385,1.022185310320201,0.8589960787367144,1.2180537441742596,0.474904582118317,0.1351318861400444,0.385847822456682,0.14507607589770083,0.49803764957878327,58.650390625,79.6171875,9.243777847290039,0.7076639830065327,2.4706802368164062,1.083730837719244,1.217520504001716,0.8874326211271936,1.1016740801509373,0.454193324868097,1.184953802699013,1.2536256737717448,0.08443575802922064,1.0164488004788517,-0.728131481493335,-0.2668772822689548,-0.8842733476768093,-0.8708786880595601,0.27522113962701805,0.02306139481116995,1.1299095747736094,-0.06024527743353454,1.0005012242244682,-0.5631757891017588,0.0,0.6332575735450172,0.0,0
34505.5372513,68.0,CONTEXTUAL_OVERRIDE_1,34504.5372513,34506.5372513,249,0.8839575525106016,1.0243560505466496,0.5595525587380314,1.4440596464601858,0.433533565618503,0.21539575163086846,0.3865732083052906,0.05843986687688688,0.41935217021540705,57.5224609375,43.318359375,11.159516143798829,2.084822542499057,5.677207946777344,0.4347075307188611,1.227059990909798,-0.2551754260076923,1.6486368421036,0.25389216079928334,1.6112775922251192,1.2575851923620152,-0.25721265743023664,0.5563509534664097,-0.7529234118372062,-0.876428012386753,1.151483366208347,0.8288906019262308,0.13908773836660243,-0.1512009445826417,1.5834600445517988,-0.49841831952438637,0.33085582714776446,-0.9298924702430593,0.0,0.10409786742523733,0.0,0
34506.5372513,69.0,CONTEXTUAL_OVERRIDE_1,34505.5372513,34507.5372513,249,0.9648446611522543,0.903608321369036,0.709806122712428,1.0429896773290122,0.3763653447326616,-0.08285370849333387,0.3941602305915733,0.30276524494061147,0.5313402037727721,54.0791015625,62.62890625,11.940962219238282,1.5300519578293255,4.844276428222656,0.7683840393952125,0.6964246953383231,0.3181578400072045,0.6779969790139866,-0.02289246186592428,0.02711715730560417,1.2989989528385306,0.706280311796409,1.2111789286885197,-0.8286085602289726,-0.552154239522902,0.33140499932547357,0.38735647405875784,0.4793648101212322,-0.5084651097417299,-0.06875580471864227,-0.3199575528864584,0.524508279279847,-0.531800976872576,0.0,0.20729132289435476,0.0,0
34507.5372513,70.0,CONTEXTUAL_OVERRIDE_1,34506.5372513,34508.5372513,249,0.8199294990688443,0.8139409684558399,0.7500331237200288,0.7953498618534542,0.2576411351182323,0.2143393168213607,0.33002801671103255,0.14383143396099538,0.3779632761845262,51.912109375,55.07421875,9.628177261352539,1.492702642849458,4.7241973876953125,0.17057820666997645,0.3023745327367811,0.4716548836686936,0.0786774211088228,-0.5977054445014112,1.6056663088833256,0.948933269061729,0.07952753373944765,0.31433754530132146,-0.8762391173138647,-0.6790168827349357,0.2761941318438855,0.32370298844399464,0.09846626976019228,-0.9020786791719684,1.5859730549312872,-0.7200407310537147,0.28754436836885955,-0.7318262250393975,0.0,0.03757965769542025,0.0,0
34508.5372513,71.0,CONTEXTUAL_OVERRIDE_1,34507.5372513,34509.5372513,250,1.485777888573726,1.5739319668100684,1.13280834139033,2.0103984306128897,0.4551145807264918,0.19586379802448095,0.39523182908738524,-0.005227149486667953,0.42664305876771924,62.3173828125,76.509765625,9.553828048706055,1.4610626867546863,4.499359130859375,2.9173442816208865,3.642214137092035,1.9322376471755394,3.019248062642355,0.35837841261608966,1.5075330687411965,1.3048482731328428,-0.508282452651933,0.5989829886635905,-0.6475308767823075,-0.31905889171837193,0.2294230083570603,0.20451700324372324,0.1497457471658976,-0.0630252187569427,1.477583919308017,0.11544232082448852,2.69506906858436,-1.1474081415430493,0.0,1.87968766274077,0.0,0
34509.5372513,72.0,CONTEXTUAL_OVERRIDE_1,34508.5372513,34510.5372513,249,0.9490606482203164,1.0417453054279104,0.7175327376920513,1.1843385806332527,0.3912345986571456,0.1625469581883189,0.48657690006045157,0.23159589516100734,0.28325615738445503,62.1044921875,81.76171875,11.719190216064453,1.51601261371019,5.002685546875,0.7032716325299323,1.3034784251655065,0.34764083717765354,1.0200791360209174,0.04909824858525147,1.3305697325359305,1.8034553349347346,0.42562519246125813,-0.23944368357616141,-0.652210219479246,-0.23086508416998558,0.31065162357794446,0.471328602009665,0.10640629811531453,-0.5132196115182318,1.3092884729128675,-0.48381984615201623,0.6828812679664524,-0.7986191163597419,0.0,0.3599716587230505,0.0,0
34510.5372513,73.0,CONTEXTUAL_OVERRIDE_1,34509.5372513,34511.5372513,249,0.6201058650386793,0.7664153253803344,0.152378650343114,0.4728991705842392,0.35579170219353384,-0.0828703783387515,0.38139622441566906,0.022788337769196823,0.2335205315083678,49.109375,52.7734375,10.866713333129884,2.0366979510377345,5.5980072021484375,-0.6537367388622892,0.09351939457099635,-1.808858018028524,-0.7016938829424609,-0.12250143690141749,0.02702861495063788,1.2293266262598437,-0.3978038555679895,-0.5302629626927977,-0.9378433078653025,-0.7176529204039572,1.0803441647742948,0.786906560108653,0.0,-0.4912994247793706,0.02702861495063788,-0.7278349111259125,-0.9085779598838143,-0.12289468257514671,0.0,0.0,0.0,0
34511.5372513,74.0,CONTEXTUAL_OVERRIDE_1,34510.5372513,34512.5372513,249,0.7593912228306533,0.7688446616871937,0.5117175700991207,0.9025347404232836,0.455662457271577,-0.058032055645017074,0.38843209434433884,0.04057271926567327,0.2779012475159115,49.2412109375,68.552734375,9.439106750488282,1.0229181316370393,3.5642318725585938,-0.07915504496515513,0.10419530208505481,-0.43770281198574146,0.33807833333785453,0.36103100177224584,0.15895806778113633,1.2677319216412304,-0.3276714498813794,-0.27075546462390215,-0.9349455497731617,-0.4526779218232904,-0.4182552953392517,-0.29119073411671326,0.0,-0.01928857472012324,0.15895806778113633,-0.1518260326487304,-0.16797669401231832,-0.1690102907467464,0.0,0.0,0.0,0
34512.5372513,75.0,CONTEXTUAL_OVERRIDE_1,34511.5372513,34513.5372513,249,1.0419919596530862,0.9470115618072947,1.0011783760380542,0.955820779097482,0.44043361452389246,0.181301540827142,0.4819617668131491,-0.022849974656954496,0.5208086160510679,52.0576171875,76.197265625,10.888814544677734,1.5482317430735881,5.05889892578125,1.086633036668852,0.8871636142031026,1.4299677778650992,0.4670372613656863,0.2872993125884464,1.4301852281598941,1.7782636305138118,-0.5777777637163976,1.1495975432082128,-0.8730408509751315,-0.3243065708584767,0.3582788982043622,0.5011271204676087,0.2873993858020532,-0.3036596537261078,1.3727053509994835,-0.15591178173349451,1.1237964037240809,-0.5335726997712451,0.0,0.697995249099747,0.0,0
34513.5372513,76.0,CONTEXTUAL_OVERRIDE_1,34512.5372513,34514.5372513,249,0.6495017018736242,0.6010475943418736,0.5520369130704559,0.5230115628021109,0.32493378955839236,0.15929788902191416,0.2949285260108895,0.06928202836939867,0.3865546141278257,44.3681640625,85.96484375,10.374620819091797,1.7523446005413663,4.798286437988281,-0.5324726663861822,-0.633201972656558,-0.2838534124915008,-0.5804155792419425,-0.2719025477390103,1.3133122098514238,0.7573427021892001,-0.21445677815137434,0.3645737022473037,-1.0420552748085883,-0.16028379973557602,0.6600045906572573,0.3629773387079863,0.09114342556182592,-0.5173340435081355,1.2950835247390586,-0.6372996383906181,-0.4792733026113927,-0.35289166270073635,0.0,0.0,0.0,0
34514.5372513,77.0,CONTEXTUAL_OVERRIDE_1,34513.5372513,34515.5372513,249,0.4811754737884756,0.47063988890525593,0.6065611854428512,0.9809179360173429,0.5222732208264919,0.27172221170813765,0.38359920639336115,0.2778517520621049,0.4918416185869453,57.064453125,101.8359375,9.470149612426757,1.0412198431429283,3.3368301391601562,-1.2268541203573124,-1.206288785886556,-0.07580124833998653,0.5277755435397502,0.6835324679767791,1.9104571765111218,1.2413516031896166,0.6080343767341148,0.9802187292836078,-0.7629904380980509,0.10623270459249656,-0.39120116143659345,-0.4117356094095293,0.4236214526525548,0.22640269648938322,1.8257328859806108,-0.36548076937509677,-0.8834157661549803,-0.5403662698864868,0.0,0.0,0.0,0
34515.5372513,78.0,CONTEXTUAL_OVERRIDE_1,34514.5372513,34516.5372513,250,1.0346996573707616,1.0300748212933346,0.7098764454660488,0.5133878165561702,0.4253433858789502,0.08693335955657217,0.37698686611806215,0.19010234533637876,0.4607606266490376,49.3515625,83.23828125,10.802071380615235,1.3791771045347736,4.54534912109375,1.056550740408782,1.252191574138241,0.3184261755657235,-0.6037062578205573,0.21423873493355414,0.9289459668318284,1.2052581443835766,0.2619960850753772,0.7984787489296417,-0.932520018925666,-0.2060698002329904,0.10837730695575616,0.22889613859449473,0.26511870850125474,-0.20036245008176978,0.8759222251315775,-0.2720569258051717,0.7975675031844152,-0.13142316459964423,0.0,0.45086212536780523,0.0,0
34516.5372513,79.0,CONTEXTUAL_OVERRIDE_1,34515.5372513,34517.5372513,249,0.6039209691461528,0.5986105170361755,0.6459077062652687,0.49329109112586905,0.40875707202105305,-0.06814664795867836,0.3403528724841287,0.19799742343947327,0.2466825099737744,44.6025390625,56.52734375,10.058311080932617,1.7116794845017043,4.767631530761719,-0.7205028731128521,-0.6439118985926177,0.07433608413143362,-0.6523428656984142,0.13393473821250587,0.10523412490469118,1.0052914933831016,0.2931301911764748,-0.4533008852758005,-1.0369037048670047,-0.6546151747334483,0.5998922074984389,0.3467272780179731,0.0732825477941187,-0.18230921936124836,0.09057761534586745,-0.11812220963353137,-0.43798342534242307,0.08323638963206303,0.0,0.0,0.0,0
34517.5372513,80.0,CONTEXTUAL_OVERRIDE_1,34516.5372513,34518.5372513,249,0.7232415356310454,0.7020035762177195,0.5885808354971915,0.8222155025023526,0.43879813035784254,0.05968518666579205,0.4280166279587945,0.18442555390835225,0.5298181699924328,49.185546875,141.173828125,9.108107376098634,1.017394879842111,3.4441375732421875,-0.22828018513978954,-0.18954305130659144,-0.14441015508240795,0.14369565674923002,0.27938098207613266,0.7842165265859193,1.483804094863599,0.23960975471536405,1.2022791358540583,-0.9361690476342878,0.7668171143478141,-0.42641993030194375,-0.3548523083629797,0.5521765012293091,-0.27619554662880885,0.6737812263400575,-0.4608104599917856,-0.2740047230374627,-0.4526724602082285,0.0,0.0,0.0,0
34518.5372513,81.0,CONTEXTUAL_OVERRIDE_1,34517.5372513,34519.5372513,249,0.7527358366776841,0.8783781625497786,0.2217750088832574,0.4151473407940863,0.3325052955282443,0.08451136645900449,0.227495587365689,0.2267259988045638,0.5068483779649506,70.630859375,124.90234375,10.833243942260742,1.6695462385224407,4.936256408691406,-0.10660992687042992,0.5855487983458519,-1.5440573714485804,-0.8414605881937209,-0.23524448158967753,0.9160814820571801,0.38926001257736,0.4064208390802023,1.0679677998404267,-0.4648003979793843,0.4935770211214822,0.5376095910278507,0.4361147447603008,0.49199141501052784,-0.45042076836499106,0.8176831990550746,-0.9202802590265371,-0.5450834996811054,-0.3338088816683821,0.0,0.0,0.0,0
34519.5372513,82.0,CONTEXTUAL_OVERRIDE_1,34518.5372513,34520.5372513,249,0.67882292512492,0.6703919856557771,0.6684931704695224,1.073083653510304,0.5150265750054813,0.05746423810176164,0.5654596447226827,0.31869668388863037,0.4484405147165226,147.876953125,143.96875,10.387651062011718,1.8585329246256543,5.056343078613281,-0.4115163907952645,-0.328462646859786,0.1605170545801201,0.7508281934370185,0.6484472388393867,0.7724198955319583,2.234036789674653,0.7691056700859448,0.7264393202959919,1.2330711952675584,0.8137510446571263,0.8169753273968676,0.49977227469081564,0.8855918075766553,-0.19888215957834018,0.5953015340166272,-0.4097141828205464,-0.32753270726328243,-0.6537552432275693,0.0,0.0,0.0,0
34520.5372513,83.0,CONTEXTUAL_OVERRIDE_1,34519.5372513,34521.5372513,249,0.7990565546438089,0.8329104937511339,0.49356299927483777,0.7201363352693089,0.3872220633697134,-0.06087945634832519,0.35942255779837035,0.22173460768730568,0.3384014129403201,111.982421875,142.671875,9.247099304199219,1.0389557386879924,3.5540008544921875,0.08447287618527666,0.38573758834433225,-0.5069765057901594,-0.10334879068726614,0.029671230422826562,0.1438340184880906,1.109383368978932,0.386737373178088,0.08300733990980341,0.4441082587140233,0.7919731762256914,-0.39454802793450156,-0.29661416153963704,0.42645653700690156,-0.3884350876722334,0.05854271108671029,-0.4587061011363357,-0.12624994562535002,-0.2942751284439609,0.0,0.0,0.0,0
34521.5372513,84.0,CONTEXTUAL_OVERRIDE_1,34520.5372513,34522.5372513,249,0.9085259534011092,0.8455964244627591,0.8541931474986679,0.846987213294443,0.42776484445809304,0.059691856057566474,0.41531259819826205,0.036571012462948194,0.29498662853149654,69.1337890625,107.19921875,11.05501708984375,1.6701736823253683,5.3297271728515625,0.5360574042719385,0.4414868984026658,0.8691057330300609,0.2036463182854623,0.22596242492673826,0.7842519512487826,1.4144591495428978,-0.34345211253659663,-0.17085206333234482,-0.4977060509812498,0.1962959978345452,0.5385370971059208,0.6446922410186515,0.0490739994586363,-0.2081901198278583,0.7744371513570553,-0.06438406278387698,0.6263491182446314,-0.265627319725251,0.0,0.4157527703227393,0.0,0
34522.5372513,85.0,CONTEXTUAL_OVERRIDE_1,34521.5372513,34523.5372513,249,0.8517450920031102,0.8332057295732246,0.5891965385857569,1.8020068599329402,0.2872184318977488,0.05895955909535908,0.3686683144188903,0.11723617756346398,0.4455975393935473,150.6064453125,138.939453125,10.66180191040039,1.840902045523196,5.0921173095703125,0.30182428716477483,0.38703502514737087,-0.14206077278940082,2.514914202712642,-0.4545045401926527,0.7803623352419083,1.1598513306717106,-0.025350407131345416,0.7098155818909712,1.2930655202122514,0.7292962084960647,0.790912837891118,0.5187360712501665,0.6830443276498218,-0.9390688049241303,0.643753469711944,-0.8515148117604661,0.06105001462985932,-1.4822454912179042,0.0,0.0,0.0,0
34523.5372513,86.0,CONTEXTUAL_OVERRIDE_1,34522.5372513,34524.5372513,249,0.8036335034644074,0.8885790476172267,0.8699170526414242,1.383554808826298,0.49264555344833894,0.1138814710463774,0.4816678233601402,0.23050163221196435,0.36931692800422755,157.669921875,62.451171875,9.776877975463867,1.3060386302916558,4.2694091796875,0.103353762503189,0.6303773818705474,0.9291045620198414,1.5022075109710853,0.5400876902901026,1.0720816224677905,1.7766591402016427,0.42130998514942025,0.2637797268262781,1.4483209593267283,-0.5551388570338367,0.0002618405430799029,0.08262132648986577,0.5333526678256066,-0.09958058533551149,0.9654110889026691,-0.14891356616650647,0.417768366033648,-0.7692470173341274,0.0,0.15598460942513093,0.0,0
34524.5372513,87.0,CONTEXTUAL_OVERRIDE_1,34523.5372513,34525.5372513,250,0.7619329764534082,0.62330999584142,0.64299558521258,1.6522196230061428,0.3717066958247051,0.0654106143785667,0.28069607619586073,0.17110773134768142,0.22498413882673207,100.046875,140.837890625,12.026044464111328,1.9193214144578026,6.2316436767578125,-0.06866977124232142,-0.5353681162329227,0.06322409563674977,2.152410215046472,-0.04544769202943222,0.8146272976625618,0.6796548761366396,0.18709114815756467,-0.580177838040198,0.18176455943887626,0.7611758592722014,0.9068346797929612,1.1227950719122817,0.2825078917171606,-0.3058457332138562,0.7581257193191296,-0.37466124615154955,-0.15822277059034084,-1.0013625322572872,0.0,0.0,0.0,0
34525.5372513,88.0,CONTEXTUAL_OVERRIDE_1,34524.5372513,34526.5372513,249,0.8714320423115334,1.0304219754205346,0.6077920432378096,0.9692702480571156,0.4386557886457965,-0.0410692250565471,0.33837057013120375,0.3572067969964534,0.4860616907707933,114.697265625,127.5390625,11.503547668457031,2.2043636996300053,6.226531982421875,0.38303713993840854,1.2537171699747032,-0.07110457625503275,0.49958667098088777,0.27869182302154444,0.24905662176110396,0.9944710961655406,0.9209696455663507,0.9464217394753887,0.5037806105373672,0.5378543138661165,1.328192657624002,1.1200853803586956,0.7272565773613058,-0.16510082130037892,0.10360530628884279,-0.3111168013770616,0.28913505867376715,-0.438177559444233,0.0,0.0,0.0,0
34526.5372513,89.0,CONTEXTUAL_OVERRIDE_1,34525.5372513,34527.5372513,249,0.4401132955099344,0.35306486526443304,0.5618633168192609,0.754560344310613,0.17265055805075194,-0.07342780776581638,0.27552952925966495,0.1991918185418132,0.42541458655223785,117.7373046875,167.01171875,9.47462272644043,0.8954546806495361,2.7619552612304688,-1.3962443299558538,-1.7229813799948857,-0.24635810119596682,-0.02003835112673412,-1.0091942828666243,0.07718309536226982,0.6514532801438168,0.2978402679302827,0.5917997392758938,0.5706007656546584,1.2007017852506041,-0.606675556996268,-0.716474801294173,0.6652356395278598,-1.3376773948153413,-0.05586403254330215,-0.9636210023293945,-1.1589169058268785,-0.7692440915945027,0.0,0.0,0.0,0
34527.5372513,90.0,CONTEXTUAL_OVERRIDE_1,34526.5372513,34528.5372513,249,0.8311480147340593,0.7115393107024345,0.5116656639419984,0.47093605288210116,0.27227716394187457,0.0977419827382354,0.3219826566733172,0.042845352377041006,0.4356220094934767,80.9228515625,167.458984375,10.255813217163086,1.2932106985730978,3.77117919921875,0.21685696731011475,-0.1476375237968785,-0.4379008740203582,-0.7064448751490324,-0.5268439124737068,0.9863562742745117,0.9050176720096844,-0.31870935989388993,0.6514856350320976,-0.23858208291959251,1.208212526019879,-0.018700789388899665,-0.18148866935399316,0.4649245402629941,-0.8913341221292109,0.8933713662219128,-0.8946143939862867,-0.15494585641639855,-0.506110985576511,0.0,0.0,0.0,0
34528.5372513,91.0,CONTEXTUAL_OVERRIDE_1,34527.5372513,34529.5372513,249,0.8228279067080925,0.7408937380864915,0.5967079907840401,1.052699635396552,0.36280358556005665,-0.08048503549279973,0.44655327909811104,0.04346252999961997,0.309549713828749,60.9990234375,108.0703125,9.88150520324707,1.406392298232267,3.8222808837890625,0.18253475398667932,-0.018637207539516136,-0.11339878762617152,0.7014963010642006,-0.08855282941106044,0.039698430878222404,1.5849864034628944,-0.31627553044550677,-0.08569728960107996,-0.6765084577037155,0.21092390343758735,0.14860761515626797,-0.1543998424496356,0.05273097585939684,-0.5745949456218081,0.029152235706343038,-0.3633901081046552,0.030813975738032916,-0.48859393155979725,0.0,0.0,0.0,0
34529.5372513,92.0,CONTEXTUAL_OVERRIDE_1,34528.5372513,34530.5372513,249,0.9020736225175364,0.8234089270057722,0.9392426450039498,0.6740058135406406,0.3629469127059554,0.13826684055523092,0.4116126078241897,-0.15737245242339115,0.21318378708959693,67.4228515625,56.236328125,9.77611083984375,1.2899560117329696,3.5616683959960938,0.5094401684946853,0.3439822136250214,1.1936351810366197,-0.21499046605868385,-0.08785889929778144,1.2016052016579468,1.3942627524143052,-1.1082648648029838,-0.649178071274749,-0.5353125115548104,-0.6595020759326709,-0.023511964210211594,-0.2925496242092579,0.0,-0.506137725022073,1.2016052016579468,-0.22028799383457462,0.7158168319104296,-0.3226569563963524,0.0,0.4570141835703857,0.0,0
34530.5372513,93.0,CONTEXTUAL_OVERRIDE_1,34529.5372513,34531.5372513,249,0.8412891129041432,0.8549248263967448,0.5497277325446203,0.6501149325315875,0.3499170440351179,0.06965363056891671,0.25934393705043635,-0.08246513777602432,0.489084007563226,71.525390625,40.6796875,10.240227127075196,1.1002795846137745,3.3802642822265625,0.2586911518713271,0.48248128687823616,-0.29266471771232694,-0.27280940852887725,-0.15094407542450897,0.8371641980501646,0.5631042265058088,-0.8128691446434427,0.9640941418098283,-0.4451385727023401,-0.920738103126013,-0.30389729624920253,-0.38871131983555085,0.24102353545245708,-0.368080050466743,0.7889594909596732,-0.49365798923983933,0.07432109420056143,-0.31854432062576193,0.0,0.0,0.0,0
34531.5372513,94.0,CONTEXTUAL_OVERRIDE_1,34530.5372513,34532.5372513,250,0.9332918224935218,0.8649634888438613,0.7674324076150751,0.18845106901877404,0.30597821687916055,-0.034034277126562734,0.3159986302938997,-0.042393525295542224,0.13477484442514123,92.6474609375,63.994140625,9.5374755859375,0.8886502131832372,2.6623153686523438,0.6382218761125895,0.526596970469539,0.5380465751400996,-1.3900941313023762,-0.3636775050514129,0.2864229464738434,0.8723538645485664,-0.6548474229684667,-1.1076589243917139,0.01912520340812928,-0.5292284412795691,-0.6167341230440552,-0.7692935650103435,0.00478130085203232,-0.6263399245863893,0.28546668630343697,-0.2682639772111847,0.580118344515803,0.11828400459607787,0.0,0.3514737855484187,0.0,0
34532.5372513,95.0,CONTEXTUAL_OVERRIDE_1,34531.5372513,34533.5372513,249,1.00135704561099,0.8986171853301512,1.079171270765689,0.8967236490768498,0.3091293693028807,-0.09979193865037439,0.3184858593506532,0.2443233200100933,0.4511627225477931,96.63671875,60.640625,10.550276947021484,1.3167626422811918,3.7303009033203125,0.9190053828235494,0.6744907594765952,1.727570842160936,0.3240147600388548,-0.3484209425583871,-0.06285073078770514,0.8859304041341762,0.4758155756938033,0.742356894572993,0.10680921678883423,-0.5855425980518189,0.01611439379993043,-0.20315811315117857,0.33124542176390764,-0.6804491481514215,-0.12909981514048668,-0.025165676384024796,1.1034135556576574,-0.3738796759058707,0.0,0.7011072693307737,0.0,0
34533.5372513,96.0,CONTEXTUAL_OVERRIDE_1,34532.5372513,34534.5372513,249,0.7808680342717295,0.7422369109238437,0.6204258713159452,0.7571667411831402,0.3509061709975518,0.19747410628826167,0.3456802927817211,0.08396192276042787,0.6081291109466174,87.9091796875,87.6640625,10.449226379394531,1.2930916618737676,3.5514450073242188,0.009441365260198509,-0.012734529945442621,-0.022896775237131517,-0.013730542269872158,-0.14615513624076318,1.5160862665858565,1.0343712166048344,-0.15656686451719884,1.6601869432672403,-0.08502236891088673,-0.13174954441125616,-0.018876752975801034,-0.2979690073164301,0.41504673581681006,-0.5394758483855756,1.4330769194224946,-0.692812978260051,-0.06856917332751673,-0.6288977214764601,0.0,0.0,0.0,0
34534.5372513,97.0,CONTEXTUAL_OVERRIDE_1,34533.5372513,34535.5372513,249,0.45703416042809886,0.3786345838492643,0.47061270455443205,0.21203945416078393,0.3262563763640468,0.08543612348021748,0.39569527615411426,-0.011731233093892188,0.2618352397863285,148.640625,158.18359375,9.72169075012207,0.7889441991801673,2.3863677978515625,-1.32644216710824,-1.6106132611793074,-0.5945495861218634,-1.3330072669471513,-0.2654991354187974,0.9209933551056998,1.3073779989054637,-0.5339311956375609,-0.364698281345267,1.2498567273272185,1.0524548495426436,-0.7641225163575114,-0.915572421430724,0.5755778942174655,-0.7728281139339296,0.8058777762622067,-0.8787628880009348,-1.2134506667098417,-0.2876342213790913,0.0,0.0,0.0,0
34535.5372513,98.0,CONTEXTUAL_OVERRIDE_1,34534.5372513,34536.5372513,249,0.8103437058193739,0.7628954340249556,0.7143149324643527,0.6285027392531665,0.5618997065228898,0.34022136370344136,0.5439747204077346,0.3384024083029561,0.5428023540480201,131.439453125,108.138671875,9.681832122802735,0.7799231212171475,2.4706878662109375,0.13103477288812498,0.07805095800111692,0.3353624277223505,-0.3251136395593783,0.875387343309136,2.2742923578767784,2.1167613322077585,0.8468148588619413,1.278201595468247,0.8717744233644922,0.21207183324948528,-0.777457741922581,-0.8708746437438085,0.8022156777360414,0.07991580809960025,2.11384922232957,-0.49552946251455665,0.0716203374422961,-0.4798940502275894,0.0,0.0,0.0,0
34536.5372513,99.0,CONTEXTUAL_OVERRIDE_1,34535.5372513,34537.5372513,249,0.742699646836387,0.6892665298468431,0.7066240337788893,0.6944421601591482,0.43358895641242173,0.06888211667404144,0.4807202093734155,0.19137189035706226,0.3861614010548825,100.4150390625,92.15625,9.850078582763672,1.0652439927351238,3.58721923828125,-0.148011342286243,-0.24551699310864242,0.3060157157689633,-0.1655319321105776,0.2541603398637419,0.8330662801972937,1.771486589339183,0.2670025142528906,0.3622744662288913,0.1898568172221139,-0.05631415677224964,-0.3556879494752086,-0.2790052107570791,0.20478344942597396,-0.31824232682320774,0.7921095903120989,-0.3081471312294367,-0.039320519545296764,-0.2826230296531579,0.0,0.0,0.0,0
34537.5372513,100.0,CONTEXTUAL_OVERRIDE_1,34536.5372513,34538.5372513,249,0.36911757073132,0.3314688759107182,0.050218215235084615,0.26410287124184817,0.25907385261293875,0.005457913915551281,0.295193369012012,0.09849883233428346,0.25646306483733616,101.0634765625,100.44921875,10.658609008789062,1.1475980739306517,3.7277450561523438,-1.689116778642643,-1.8178866363662949,-2.1986788939444537,-1.2070072372340972,-0.5907688254320501,0.4961868351030022,0.7587883476873291,-0.09924080907550707,-0.3961110165513513,0.2041094940604953,0.08294612840828151,-0.2339496989636492,-0.2045129589279716,0.0717639056171942,-0.8327581108616876,0.48183405397956336,-1.1219944716602528,-1.9039820763855861,-0.25485176922371366,0.0,0.0,0.0,0
34538.5372513,101.0,CONTEXTUAL_OVERRIDE_1,34537.5372513,34539.5372513,250,0.7901357600964981,0.729977165671101,0.7571463829101133,0.6274732421291558,0.5660775672321006,0.09268599096011451,0.49198567545929706,0.04900752576948364,0.33033758187889184,142.01171875,150.560546875,10.180568313598632,1.1834296764114454,3.7379684448242188,0.047672703337549714,-0.06661093482797999,0.4987974553028449,-0.327605152323761,0.895614798038851,0.9595012310806631,1.8329791349694395,-0.2944089340198923,0.03585567558681685,1.1041531574794277,0.924444276518712,-0.18098235920691175,-0.19909357582079945,0.5161132773962391,0.24249840206877135,0.8562785756014153,-0.042210549505807354,0.10529264728286121,-0.07118601287815227,0.0,0.0,0.0,0
34539.5372513,102.0,CONTEXTUAL_OVERRIDE_1,34538.5372513,34540.5372513,249,0.5868572061042963,0.5836618566157372,0.5656091236116091,1.309936569918876,0.4514802333605049,0.2299276135470911,0.5133057802502504,0.1395684468844847,0.4105435101249292,151.814453125,147.41015625,10.655542373657227,1.3759914121046388,3.9168167114257812,-0.7908945210812806,-0.7096049505002764,-0.232064958422437,1.3240420963707518,0.3407824222434365,1.6884639874119098,1.9493549250792324,0.06271651677234888,0.5048440480566211,1.3196175702861637,0.8715411111875305,0.10366812172191513,-0.10428672597129955,0.689679811575666,-0.3819600175954664,1.5505280250967766,-0.7506198071963877,-0.6824982317708345,-1.0699707520686121,0.0,0.0,0.0,0
34540.5372513,103.0,CONTEXTUAL_OVERRIDE_1,34539.5372513,34541.5372513,249,0.8104071755129301,0.604248118237518,0.7192432664516412,1.655335771466653,0.46644087255269284,0.030932408833027825,0.6077943730357003,0.10461995630169246,0.36561282542769974,142.5263671875,143.140625,10.394166564941406,1.4947195997321168,3.9347000122070312,0.13129659885901504,-0.6191370212498883,0.3541678240550842,2.159951686978735,0.413215581951326,0.6314953346758732,2.465120900415111,-0.07510226091034239,0.24212071636637714,1.1154651464761551,0.7998446949358486,0.27917565745485245,-0.09480684984949989,0.5393576394445952,-0.4341922160621263,0.5236238067869541,-0.3898279340389381,-0.021688842260830746,-1.062115253328955,0.0,0.0,0.0,0
34541.5372513,104.0,CONTEXTUAL_OVERRIDE_1,34540.5372513,34542.5372513,249,0.9549793831857141,0.8373099498950587,0.8202258055950844,0.9953273456127771,0.2990366296464516,-0.2600036981541039,0.3319298758409748,0.0576766594994022,0.17202514290619045,181.2060546875,161.357421875,10.128573989868164,1.434907312478136,4.269401550292969,0.7276876717752457,0.405071340847879,0.7394941181285688,0.5626481304532324,-0.3972857680536784,-0.9138200184067222,0.9593145669537763,-0.26022235273121597,-0.8898451387940787,1.9656459058355094,1.105751590809333,0.1907593567240288,0.08261728217411414,0.7678493741612106,-0.8386500129720534,-1.0673898932389643,-0.46834632114278985,0.5521192556892539,-0.6910458981455253,0.0,0.1392443399216776,0.0,0
34542.5372513,105.0,CONTEXTUAL_OVERRIDE_1,34541.5372513,34543.5372513,249,0.7656168876305416,0.8133142408354992,0.5938521554898094,0.9000566679144437,0.4208533726559649,0.050481646260413404,0.37992656909111483,0.23340492292956727,0.46968610560600726,155.94921875,153.736328125,10.863264083862305,1.3418688365513873,4.0777740478515625,-0.05347285494128962,0.2996203294210973,-0.12429600252831469,0.33208108561093774,0.19249996824764573,0.7353316616634067,1.2213045128011597,0.43275906267137054,0.8506687296590212,1.4104998500056019,0.9777738157800271,0.05322711636434556,-0.018963796559350952,0.9179253645290052,-0.3574764584985032,0.5517465887576056,-0.5675167116900278,-0.14533112440362178,-0.6150935023747812,0.0,0.0,0.0,0
34543.5372513,106.0,CONTEXTUAL_OVERRIDE_1,34542.5372513,34544.5372513,249,0.7092295747651127,0.6822114801072515,0.5617231590235502,0.5651939039361067,0.3881878898640296,-0.015017196396021991,0.31602308890366826,0.09273084628276212,0.32928113099436623,139.0498046875,147.185546875,9.810348510742188,1.2670181719772091,4.478919982910156,-0.2860825007370424,-0.27652095839508617,-0.24689291131724944,-0.47832899840968396,0.034347358482210995,0.3874327081292285,0.8724873718678181,-0.12198676388085966,0.029678287060022655,1.0390501923426645,0.8677693418055802,-0.05741936068460043,0.19368228134513052,0.4841244553020668,-0.3242237441385478,0.2906078170688151,-0.4191989643447934,-0.3430725042670336,-0.19898422842559316,0.0,0.0,0.0,0
34544.5372513,107.0,CONTEXTUAL_OVERRIDE_1,34543.5372513,34545.5372513,249,1.0296557704784366,0.9032280430731745,1.0244612111017006,0.9557880781162462,0.42008784247201825,-0.2074412870284737,0.4457277346494614,0.16754627423021623,0.3246435004296184,140.234375,122.53125,11.002255249023438,2.0707667387033624,5.7027587890625,1.0357436353378664,0.6947535327641013,1.5188097561585474,0.46695812087052946,0.1887935911762722,-0.634633286485997,1.5804801691631867,0.17304660264176921,0.0025606555053407673,1.0650870854224184,0.453760255645937,1.1307056592777214,0.8424350153784096,0.42361364980386634,-0.3700731895334571,-0.7193560164467703,0.07025877234526885,1.0730767096397718,-0.318267429995652,0.0,0.6804827212561207,0.0,0
34545.5372513,108.0,CONTEXTUAL_OVERRIDE_1,34544.5372513,34546.5372513,249,0.8253590519793398,0.8234408421473628,0.5113975617447699,1.0314716599623057,0.520473485740288,-0.023799883231347324,0.6310644195572013,0.24400772045377933,0.37635888260187944,126.95703125,107.935546875,11.487194442749024,1.7504054368513018,5.3859405517578125,0.1929762660056606,0.3441224671992003,-0.4389238907415388,0.6501219256309015,0.6748189031847768,0.3407832188358802,2.59214044728809,0.47457101421595205,0.30495616973992495,0.773250648231705,0.20866084180841715,0.6571380612557148,0.6744907594765952,0.44035966849899977,-0.1908951647014501,0.2527112851360802,-0.3753554874231483,-0.06401349889200121,-0.4721226254257045,0.0,0.0,0.0,0
34546.5372513,109.0,CONTEXTUAL_OVERRIDE_1,34545.5372513,34547.5372513,249,1.0226311088855924,1.1648563169563013,0.6977633036517589,1.0644642796984405,0.44891252431763407,0.09860550774790496,0.40945629450668003,-0.18079097606957556,0.23614000046930414,87.5068359375,76.220703125,9.623961257934571,1.082200402701002,3.6255416870117188,1.0067654137856858,1.844499348999016,0.2722051943497847,0.7299682227072498,0.32835064865432584,0.9909429117635196,1.3824925163619977,-1.2006154141465795,-0.5149461337302776,-0.09386589731060532,-0.3239129949229688,-0.33062248029339875,-0.25869061273668675,0.0,-0.08639710625427344,0.9909429117635196,-0.17765569220510816,0.9172161240257866,-0.437964958504262,0.0,0.606520148377029,0.0,0
34547.5372513,110.0,CONTEXTUAL_OVERRIDE_1,34546.5372513,34548.5372513,250,0.7265488883887309,0.7357130098349529,0.49033581162777223,0.7492624800883988,0.5566412928038962,0.16756958599957797,0.6963223854968382,0.030006833224940625,0.36396846958773366,93.251953125,56.818359375,11.016181564331054,2.064117913841995,5.751304626464844,-0.2146366523237668,-0.04140432113870376,-0.5192907164138109,-0.032859850114696346,0.8499283027009709,1.3572475620770452,2.9483510485795854,-0.3693378416192065,0.2325056693740744,0.032411960882463765,-0.6497282735342257,1.1208771687544783,0.8681689965059741,0.06622940756413455,-0.047822893385731646,1.3440016805642183,-0.44148295846948243,-0.29655351965288984,-0.3297057861961409,0.0,0.0,0.0,0
34548.5372513,111.0,CONTEXTUAL_OVERRIDE_1,34547.5372513,34549.5372513,249,0.8414578012571693,0.9903885076858251,0.4855746055643166,0.9984955212280424,0.27851656192984103,0.07466782294844898,0.2013120510489581,0.09419095997082785,0.48571826179437555,79.9296875,64.8203125,11.83531494140625,1.4960944093011481,5.061454772949219,0.25938702716761775,1.0777869795782353,-0.537458390779233,0.5703155146558108,-0.49663535619895544,0.8637972225573073,0.24633718191561838,-0.11622883040758783,0.944413606158671,-0.26041186054705323,-0.5153548895529171,0.2812079418212224,0.5024819662444017,0.23610340153966775,-0.6177571910815746,0.8165765422493737,-0.6964722116244659,0.10875561113739338,-0.7002470262726717,0.0,0.0,0.0,0
34549.5372513,112.0,CONTEXTUAL_OVERRIDE_1,34548.5372513,34550.5372513,249,0.689919564366181,0.8081933147607204,0.4437427254579099,1.7194386988276738,0.4970513906801496,0.2896063233403221,0.8147338783992667,0.10698425675538659,0.5001986416829368,132.9375,51.455078125,9.722074127197265,1.3611103417301385,4.555564880371094,-0.3657403962981853,0.27711602114302747,-0.6970792863543728,2.3150888486369166,0.5614189120219486,2.005449140786907,3.594700172081433,-0.06577868231884823,1.029084776297723,0.9047015412411143,-0.7397915667762743,0.08167048120632345,0.23431147738591526,0.48344657938470936,-0.6136804554794232,1.908759824909965,-1.0144076819304464,-0.42565471123731474,-1.5152360013309503,0.0,0.0,0.0,0
34550.5372513,113.0,CONTEXTUAL_OVERRIDE_1,34549.5372513,34551.5372513,249,0.7048600494513874,0.799389474258501,0.592283468342325,1.019203796503554,0.4596625786657006,0.2805681657799021,0.4170869392531916,0.16116210044296697,0.6426959567993634,146.6376953125,108.943359375,9.930050659179688,1.5353864703125135,4.698646545410156,-0.3041077210192521,0.2384268587142452,-0.13028175422586552,0.6204321502188954,0.3803979170536995,1.9574427115185238,1.4241443900338024,0.1478707219899796,1.8623097680061327,1.205832269201435,0.22558460703525512,0.3392906342279325,0.3101585749918158,0.8603993415582005,-0.21892526826808134,1.7853628432068835,-0.725151740134838,-0.2638216179285974,-0.8729794553724751,0.0,0.0,0.0,0
34551.5372513,114.0,CONTEXTUAL_OVERRIDE_1,34550.5372513,34552.5372513,249,0.6724696086202755,0.6060289963377967,0.40590443814707666,0.7589318470073566,0.6072686271990765,0.1954330194679024,0.7508389263048428,0.03673946458264153,0.5998144734319566,193.9130859375,86.8828125,11.681886291503906,1.2527291073912716,4.1442108154296875,-0.4377251712225323,-0.6113108138043792,-0.8414615443887093,-0.009458763758836974,1.0950446878181046,1.5052449762656583,3.2459295817430993,-0.34278782447015793,1.6115687375940233,2.244946856168369,-0.14486874226151816,-0.07854188064822758,0.01625410500576487,0.9641288984405981,-0.07155996639294482,1.3124191965775387,-0.7532394315389542,-0.7583693651131533,-0.5966288778497214,0.0,0.0,0.0,0
34552.5372513,115.0,CONTEXTUAL_OVERRIDE_1,34551.5372513,34553.5372513,249,0.7054207961414397,0.6140213382427372,-0.0017911882396719567,0.5583917072273983,0.27082416891129857,0.14763236257781703,0.7595955486390172,0.2433295824258089,0.38240493476046067,117.826171875,115.69140625,10.637913131713868,1.7488973150395979,4.900489807128906,-0.30179452178478056,-0.5761878451330756,-2.3971348930497385,-0.494791171572018,-0.5338787068934155,1.2513504365172818,3.293727603977259,0.4718967884466408,0.34030926923928334,0.5725540692575088,0.3389016784668932,0.654908710769984,0.41715499251670146,0.4309154513525815,-1.6081800783571094,1.1651673462467655,-1.8245450984463436,-1.154679634100062,-1.0511111388546446,0.0,0.0,0.0,0
34553.5372513,116.0,CONTEXTUAL_OVERRIDE_1,34552.5372513,34554.5372513,249,0.9180815009189697,0.9020052903912634,0.7598987769407515,0.7924212472972036,0.23518657921934513,-0.04551117444962266,0.2992252359577801,0.05611458567692135,0.42121785100743825,140.033203125,55.41015625,9.323365402221679,0.7741748058851455,2.6801986694335938,0.5754760679847958,0.689380050917314,0.5092999619802546,0.07158980485553104,-0.7064210155876465,0.22546308204607923,0.780796293053077,-0.2663823642588795,0.5672601545359218,1.0606653212225592,-0.6733756276593229,-0.7859550724950055,-0.7598136888885438,0.4069813689396202,-1.0220561772914936,0.14406680825815518,-0.565364610901794,0.5140480221287671,-0.5724412423962032,0.0,0.16536441952185407,0.0,0
34554.5372513,117.0,CONTEXTUAL_OVERRIDE_1,34553.5372513,34555.5372513,250,1.298579763156705,1.3492695617162311,0.8887515525181555,1.5499010805681257,0.20960078012783623,-0.005545810515362088,0.22079972354849706,-0.04475791857645941,0.3060762672037256,135.2060546875,123.6953125,10.700510025024414,1.4546427137795221,4.297515869140625,2.1451122415731136,2.654917708888325,1.0009727097193104,1.9047864494508882,-0.830296756994268,0.43774024186205884,0.3527106405253082,-0.6641713676225347,-0.10600758480187077,0.9545644453006927,0.4733078604428274,0.21993281349382848,0.0975205857188376,0.35696807643588,-1.0075035644390364,0.3663466265748828,-0.4663951274355891,1.7930792874219426,-1.116631395299283,0.0,1.090482860421066,0.0,0
34555.5372513,118.0,CONTEXTUAL_OVERRIDE_1,34554.5372513,34556.5372513,249,0.9672192799642727,0.9438652853854497,1.0197935530296955,1.1111787418912082,0.5856767330878708,-0.1610457275892211,0.7485362679172095,0.0908186404753054,0.23674986102012777,219.013671875,165.91796875,10.511312484741211,1.5086755101053413,4.2694091796875,0.7781798465137705,0.8733370575429807,1.500999039552055,0.8430231075826198,0.9905057644163917,-0.3882019615507791,3.233360521138506,-0.12952751493095477,-0.5113800942439328,2.796658532037221,1.1823349082602372,0.2998056989593983,0.08262132648986577,0.9947483600743645,-0.17845206394003288,-0.5871516335656519,0.0284140347024045,0.9009857522718574,-0.4982887147960676,0.0,0.4374231615159081,0.0,0
34556.5372513,119.0,CONTEXTUAL_OVERRIDE_1,34555.5372513,34557.5372513,249,0.49605799867743455,0.5933998747440996,0.4326753782372919,1.022368412695629,0.35123002952374816,0.17962952265029067,0.47845529143962356,0.12263479162647022,0.4977613545035156,200.115234375,198.39453125,9.818780899047852,1.0760199271706679,3.5029067993164062,-1.1654605432023055,-0.6668104717716282,-0.7393097543730818,0.6280909201688393,-0.1445871486668771,1.4213042563682565,1.7591235349985346,-0.004061064474857442,1.0148332194301077,2.3812702757475264,1.7276999628956289,-0.33975864291545504,-0.323698944128243,1.2809508645183159,-0.9285143820701006,1.1651140834645934,-1.2487708815543235,-1.108720382503689,-1.210131596483615,0.0,0.0,0.0,0
34557.5372513,120.0,CONTEXTUAL_OVERRIDE_1,34556.5372513,34558.5372513,249,0.6257997427697088,0.7018290963510811,0.2885311760171614,1.1483969928024895,0.22114877320410314,-0.016224067158747767,0.2617543382253243,0.15427041305536215,0.42138261119113757,165.11328125,107.087890625,10.851511383056641,1.0804861184990049,3.6613082885742188,-0.6302482834826193,-0.19030981666305383,-1.2893310919705152,0.9330959645637062,-0.7743862029027274,0.3810223799711318,0.576261401105072,0.12069347009462662,0.5682235572679984,1.6119262347215224,0.19442651214088288,-0.33315658615192,-0.23973086049308742,0.6238174435562577,-1.0720281119455004,0.2562588912598803,-1.1191543737036946,-0.8665121896229084,-1.0445281387789191,0.0,0.0,0.0,0
34558.5372513,121.0,CONTEXTUAL_OVERRIDE_1,34557.5372513,34559.5372513,249,0.8556804198188529,0.8915943590505253,0.5887944398607794,1.0534271371840187,0.2784410841407752,0.05608329803158806,0.33602622239629626,-0.07298197394815906,0.21177610071282277,200.1494140625,125.9296875,10.014748001098633,1.3875181759181536,3.8631591796875,0.3180583505168398,0.6436284026934308,-0.14359508964121995,0.7032569470604934,-0.49700078809525167,0.7650849933287726,0.9816744742625503,-0.7754724495208037,-0.6574092401824394,2.3820215463640073,0.5108287662945767,0.12070732658397415,-0.13273039865245018,0.723212578164646,-0.9361456460069459,0.6204424776958434,-0.8556705177944556,0.11311177017214018,-0.9434472946561514,0.0,0.0,0.0,0
34559.5372513,122.0,CONTEXTUAL_OVERRIDE_1,34558.5372513,34560.5372513,249,0.9164297239048524,0.8297674131012694,0.8092681467102667,1.3163845562886363,0.540660378627626,0.25216074265504973,0.5051309611037644,0.2345829409488525,0.514949851783049,132.5244140625,48.146484375,9.961093139648437,1.410457167967926,4.47125244140625,0.568662136859822,0.3719250757529566,0.6976821957346333,1.3396470358797,0.7725553981119544,1.806555880898048,1.9047326754934493,0.43740455667694034,1.1153395727709943,0.8956218992190732,-0.7953513696721339,0.15461642641361945,0.1896177440147514,0.612091507166752,0.07871729403056928,1.6841375794646976,-0.2721353320341561,0.48265801916962003,-0.8213516939163332,0.0,0.1610152455785524,0.0,0
34560.5372513,123.0,CONTEXTUAL_OVERRIDE_1,34559.5372513,34561.5372513,249,1.0392163955828115,0.9626597475910786,1.0503637546518336,0.9445909135484472,0.5776834875758604,0.2974958398867825,0.6518631278273305,-0.002187299808774538,0.6049908627794571,146.5146484375,73.8046875,11.445548248291015,1.3385187354323065,4.532569885253906,1.0751832451738959,0.955930784775077,1.6176479434126045,0.4398595716906338,0.9518058117393599,2.047354530853131,2.705670194535225,-0.49629485719472977,1.6418366550465495,1.2031276949821035,-0.36448411427490407,0.04827489732002858,0.22212190971052953,0.7112410875071633,-0.0021434641226401874,1.9051063133516986,-0.15559845396143157,1.1345092343516054,-0.5995146887385275,0.0,0.6207885557524048,0.0,0
34561.5372513,124.0,CONTEXTUAL_OVERRIDE_1,34560.5372513,34562.5372513,250,1.449758044821757,1.3238387845222686,1.483636995765614,0.6277538338094366,0.3090261483743706,0.16225556487590365,0.3604877828120581,-0.09459813162996555,0.42324440690721293,147.2763671875,85.787109375,10.275486373901368,1.8320079708632728,5.3016204833984375,2.76875477325471,2.5431601788309193,3.270919625187507,-0.3269260851008476,-0.34892069513606266,1.3290219887232975,1.1151978996216347,-0.8607153993656743,0.5791100411208497,1.2198702972922504,-0.16326841724651062,0.777765352383417,0.6297929817896797,0.449745084603275,-0.7734290819432081,1.2390729718026425,0.03209304571676491,2.831931789855939,-0.40173760031456823,0.0,1.898821845121855,0.0,0
34562.5372513,125.0,CONTEXTUAL_OVERRIDE_1,34561.5372513,34563.5372513,249,1.2723886134903215,1.180356683693706,1.1549617868618227,1.677610398165356,0.4035614091549144,-0.05291076261106624,0.4915680750302445,0.1832146724041151,0.48271451591883086,106.451171875,87.015625,9.825934219360352,1.349086690104211,4.223411560058594,2.0370681845452387,1.912616917264589,2.0167701328596603,2.2138590903578454,0.10877951099682073,0.18615996044050712,1.8306996630645076,0.23483466411632367,0.9268497936040274,0.32253120809264935,-0.14263847862697362,0.0638967620116957,0.058238146823342656,0.37105391645325014,-0.5146411712131815,0.11194917714985708,0.10598657450438129,1.9494155255311687,-0.8830565947083414,0.0,1.311577399482044,0.0,0
34563.5372513,126.0,CONTEXTUAL_OVERRIDE_1,34562.5372513,34564.5372513,249,0.7607601634447554,0.6599040835207471,0.5363933689379768,0.9373522262614082,0.4731902624939055,0.10654889789682163,0.5556962007550922,-0.09496144506716601,0.5461794784171797,166.5205078125,109.927734375,11.282156372070313,1.2538423123604858,4.264289855957031,-0.07350787408255512,-0.3745525492310357,-0.3435456022291812,0.42234103632768816,0.4458933060286475,1.0331344529914666,2.1807430316438214,-0.8621481197205647,1.2979486652442087,1.6428571192457808,0.24211479632658525,-0.07689630797659332,0.07990759062052806,0.7957301452041436,-0.36747563250532767,0.8739884239506378,-0.661728219526389,-0.3475895357441919,-0.6926213481649265,0.0,0.0,0.0,0
34564.5372513,127.0,CONTEXTUAL_OVERRIDE_1,34563.5372513,34565.5372513,249,0.681912747964004,0.6754047079924341,0.3732680465625451,1.1917160610109738,0.32763033748378123,0.020109720968218385,0.5078174985871572,-0.13669962142784198,0.277815481065011,158.5751953125,53.66796875,10.183378601074219,1.7503537260757303,5.000129699707031,-0.39877021511056354,-0.3064338483320958,-0.9659945570052291,1.0379335681522732,-0.25884699015015666,0.5740103222712407,1.9193971401081857,-1.026741907687054,-0.27125696705769897,1.4682188982260953,-0.7026314388654072,0.6570616208503421,0.46997375623287196,0.3670547245565238,-0.908077077093917,0.500599377359936,-0.9328245882640798,-0.6338896701014816,-0.9655101921551721,0.0,0.0,0.0,0
34565.5372513,128.0,CONTEXTUAL_OVERRIDE_1,34564.5372513,34566.5372513,249,1.131935939649662,1.1094273232461012,0.9947535104814981,1.368375318922361,0.34283574887963986,0.05125707188129376,0.38696020837433387,-0.08053600577314847,0.2462198542111951,102.6396484375,98.974609375,9.419816207885741,1.1562594296511337,3.743072509765625,1.4576710639356374,1.600912321226617,1.405451959033177,1.4654712326751933,-0.18522874577490955,0.739450356759485,1.2596976322045512,-0.8052616454298481,-0.4560061737482465,0.2387538019176453,0.05818364246591198,-0.2211462255089903,-0.196387928582965,0.07423436109588932,-0.5779849076554529,0.7246034845403071,-0.13000799663423857,1.4569074745135888,-0.7690762361579775,0.0,0.9789867606134864,0.0,0
34566.5372513,129.0,CONTEXTUAL_OVERRIDE_1,34565.5372513,34567.5372513,249,0.688121295452776,0.7775319332005871,0.7815590931713592,1.0570364273743356,0.39353579559701324,-0.04970162513108151,0.42110677053993656,-0.03712716732409454,0.35836276820022606,113.94921875,167.638671875,11.316521072387696,1.5797438809218145,5.42681884765625,-0.3731586376318506,0.14237219301803827,0.5919507791650366,0.7119918841184061,0.060239682004204355,0.20320538484426645,1.44608663875584,-0.6340796299576353,0.1997274343012972,0.48733851647381277,1.2112299415254395,0.4048610769601917,0.6961602032737806,0.4745739730751374,-0.46850110423757513,0.10829059022923897,-0.24998952385403936,-0.0034502715842329307,-0.5278036606197175,0.0,0.0,0.0,0
34567.5372513,130.0,CONTEXTUAL_OVERRIDE_1,34566.5372513,34568.5372513,249,1.2457397461888322,1.2263957014561706,0.9731023730651723,1.2097397812481856,0.3965618486283814,-0.021304130979391385,0.6615047479353847,0.006970834568004259,0.2209988451700181,98.548828125,108.47265625,10.952178955078125,1.725870321455607,5.24285888671875,1.9271359450244239,2.1149389647647174,1.3228361661062644,1.0815532422488172,0.07489056554533585,0.35403947744323333,2.758298977039586,-0.4601799101794515,-0.6034810579735557,0.14883744156225412,0.2176802903304723,0.620869524456918,0.5986436618706946,0.0916294329731816,-0.7709250141611763,0.33571359084859703,-0.18334979267509569,1.7394472114051496,-0.6702638503136978,0.0,1.1626172028539492,0.0,0
34568.5372513,131.0,CONTEXTUAL_OVERRIDE_1,34567.5372513,34569.5372513,249,0.7062205967756928,0.6878457040749317,0.7023205743075618,0.8923102147186167,0.5276038997571767,0.1745639034925065,0.5513675703771013,0.2523096413561878,0.49251175348971915,153.1650390625,155.591796875,9.74008674621582,1.0866870814287024,3.8120574951171875,-0.29849517424032795,-0.2517609225685891,0.2895946978004354,0.3133336927664527,0.709341386524818,1.394398077075291,2.157115203109616,0.5073094979704313,0.9841372111746598,1.3493034920745395,1.0089319106743992,-0.32399013844720803,-0.15981922555680775,0.9624205279735074,-0.13027728000276825,1.2019139714805895,-0.48024175584090845,-0.22767994788773915,-0.6259149321077834,0.0,0.0,0.0,0
34569.5372513,132.0,CONTEXTUAL_OVERRIDE_1,34568.5372513,34570.5372513,249,0.7503641950073247,0.8319347790576354,0.4278634639782133,0.5840583268270331,0.376569517756673,0.175403444200517,0.48415703779556407,0.05405946323090738,0.5646044655971784,181.0830078125,171.99609375,12.140253448486328,2.363217285555249,7.176994323730469,-0.11639345264711183,0.38144973416848726,-0.7576709196257828,-0.432674717956378,-0.021903941451369712,1.3988573212683257,1.7902465169765487,-0.2744867046402454,1.4056851498070126,1.962941331616178,1.2844022675352758,1.5630147497084557,1.6239221923798903,1.1632571872396165,-0.7916293339922577,1.1662058838204024,-1.1488693371761722,-0.41576050681246934,-0.8024860391257905,0.0,0.0,0.0,0
34570.5372513,133.0,CONTEXTUAL_OVERRIDE_1,34569.5372513,34571.5372513,250,1.5870841153085318,1.7582560289855218,0.647540489307245,0.7296235253248539,0.3165746114359674,-0.010945887506289258,0.8404515107100806,0.2466715211656029,0.43255636754818866,186.044921875,462.45703125,12.347846984863281,2.1173423161012943,6.3593902587890625,3.3352539907415526,4.452240577171375,0.08056641111595352,-0.08038859529650239,-0.3123741931139266,0.40905758033776435,3.7350798657682143,0.48507566697696625,0.6335598973972759,2.072004360254455,6.161988836284186,1.1995550620842197,1.190513094857424,2.3381571902282205,-1.9005295908900348,-0.05857385770787976,-1.6096889697675858,2.068787076624324,-1.4160959791656003,0.0,0.6585817216378653,0.0,0
34571.5372513,134.0,CONTEXTUAL_OVERRIDE_1,34570.5372513,34572.5372513,249,0.6237144125968281,0.7548092075167929,0.3560543346602189,0.7011111370949776,0.3278053151249054,0.002306745294107532,0.2942417004174778,0.11242716343726188,0.39564046856861523,201.5234375,325.619140625,9.543478393554688,1.200346420010185,3.929595947265625,-0.6388507135015601,0.04251540613243359,-1.031678148157063,-0.14939216758529053,-0.25799982157252827,0.47944931392937723,0.7535936647485011,-0.04431467247384643,0.41770144703958406,2.4122226251465415,3.8641285348161705,-0.15597552602795065,-0.09751249708733435,1.6735131517505741,-0.8187805513471934,0.1447466835792624,-1.1555764649337181,-0.8910940644667735,-0.8461252642490046,0.0,0.0,0.0,0
34572.5372513,135.0,CONTEXTUAL_OVERRIDE_1,34571.5372513,34573.5372513,249,0.5863838187745667,0.6088545361561448,0.24979147390509812,0.5274375228677968,0.35323264297669066,0.06522326164167877,0.47570759491686593,0.09273018409171357,0.3068364678731937,117.380859375,117.94921875,10.068658447265625,1.6822840012245786,4.772743225097656,-0.7928473443937761,-0.598893759116314,-1.4371529429060321,-0.5697041981791725,-0.13489133164952022,0.813632168306659,1.7441252337728514,-0.1219893752199871,-0.10156246107447466,0.5627660863684999,0.3768161602541504,0.556438930439798,0.3494369695715592,0.23489556165566255,-0.7051080141125081,0.7666530559755265,-0.9591521450974085,-1.0147979210659226,-0.44238625178181434,0.0,0.0,0.0,0
34573.5372513,136.0,CONTEXTUAL_OVERRIDE_1,34572.5372513,34574.5372513,249,0.2923599992462513,0.4006544161878057,0.1544255005491006,0.9765193289161703,0.26401488572193643,-0.1797175622577636,0.20672251292979085,0.1845028019759428,0.47698569761488174,118.51953125,98.99609375,10.96533660888672,1.3058614991331705,4.338386535644531,-2.0057580691736314,-1.5138453938166927,-1.8010477053637177,0.5171303600977789,-0.5668464090360393,-0.48737793899243387,0.27587018761210075,0.23991438115490824,0.8933516566046958,0.5877941303346939,0.05854442040679419,0.0,0.11918598520027139,0.44490114712527307,-0.7385876947447241,-0.5763581684174885,-0.967710445231846,-1.902462078837565,-0.707623257185767,0.0,0.0,0.0,0
34574.5372513,137.0,CONTEXTUAL_OVERRIDE_1,34573.5372513,34575.5372513,249,0.939167846703086,0.7508238123716899,0.9010687464090059,1.2577029387677818,0.487876945846492,0.22693953546198353,0.41839133971208153,0.11410423321475867,0.5489033271412205,78.568359375,53.732421875,9.456225967407226,1.2732494121720166,4.243858337402344,0.6624617244156282,0.02500127692110824,1.047972307031913,1.197630127159989,0.517000086106105,1.6725927262303935,1.4312644598229203,-0.03770117635516156,1.3138758343185837,-0.29033389595775155,-0.7015491050427606,-0.048208156226716634,0.06907691303768698,0.3284689585796459,0.021926956443299797,1.6068989345144642,-0.12944412374601122,0.6206279950454769,-0.6918006140446082,0.0,0.3428569800667024,0.0,0
34575.5372513,138.0,CONTEXTUAL_OVERRIDE_1,34574.5372513,34576.5372513,249,0.5276274942403336,0.5606393311910389,0.549164755104833,1.2561837838295693,0.3661129603710946,0.09699953613449357,0.2828393194923198,0.03999163308281009,0.22262836408054565,73.8388671875,42.423828125,9.839731597900391,1.5970212144541578,4.7701873779296875,-1.0352296666510172,-0.8107792306854271,-0.29481291097781875,1.19395358078472,-0.07253022027372177,0.9824127481598345,0.691353769480202,-0.32996295335163045,-0.5939527670046791,-0.3942882844039582,-0.891449493925303,0.430400944896286,0.3480821237947661,0.0,-0.27993635111778237,0.9824127481598345,-0.42415077049120187,-0.7311937149722797,-0.6955665844175263,0.0,0.0,0.0,0
34576.5372513,139.0,CONTEXTUAL_OVERRIDE_1,34575.5372513,34577.5372513,249,0.7853839517640444,0.6821018173650188,0.6855148572377121,1.8996776440484309,0.2741494541197407,-0.16149917444008002,0.3989610073483835,0.08711265140637396,0.30558758314058365,99.74609375,75.482421875,10.994591522216798,1.2816647279182005,3.9730300903320312,0.028070484382032985,-0.2770028798526087,0.22546792169933016,2.751289807515675,-0.5177790662642143,-0.39061045731191285,1.3252039923396304,-0.14414201973698004,-0.10886506863675424,0.1751533780138439,-0.33631063689146645,-0.03576838637474673,-0.0744882075133559,0.043788344503460974,-0.9240979328667956,-0.39936812621260503,-0.4628339687777704,0.029576662920639506,-1.2270824832098763,0.0,0.0,0.0,0
34577.5372513,140.0,CONTEXTUAL_OVERRIDE_1,34576.5372513,34578.5372513,250,1.3329585730098823,1.3584805534780178,1.0287932453518787,1.6927488445956285,0.5609142049089043,0.03713526195863151,0.5654241908205229,0.0033029728878226144,0.43721869965370164,108.25,55.72265625,9.802939224243165,1.3932449671991562,4.667991638183594,2.2869321364475503,2.695396129222281,1.5353398089536092,2.2504960382756867,0.8706159565467665,0.6644419643231025,2.233843264552859,-0.47464406027698713,0.660821966347725,0.3620695073943038,-0.6681279485192182,0.129172839664484,0.2939085143018026,0.25572286843550723,0.14931840349380732,0.6132973906360011,0.2793698789239193,2.067209190114291,-0.7036500029860856,0.07140015310226697,1.4517758351776862,0.10365701690185829,0
34578.5372513,141.0,CONTEXTUAL_OVERRIDE_1,34577.5372513,34579.5372513,249,0.7350823804095667,0.6070951705332109,0.47690786641696153,0.939629867394314,0.3019304466561174,-0.07550414595737104,0.32642522005610736,0.10517789539018367,0.35626785476510553,119.7158203125,133.373046875,10.243421173095703,1.6131430168747585,4.223419189453125,-0.17943418468526184,-0.6066254283054758,-0.570528686948041,0.4278532148690036,-0.38327511603982717,0.06615456638788891,0.929267403840478,-0.07290203761271263,0.18747784048837549,0.614088601911527,0.635821923812948,0.45423267239886334,0.058242191139094276,0.35934709155321265,-0.7339247555026132,-0.0057148519227536165,-0.6361275601517506,-0.45565757293425924,-0.5794346994600652,0.0,0.0,0.0,0
34579.5372513,142.0,CONTEXTUAL_OVERRIDE_1,34578.5372513,34580.5372513,249,0.9286265592019302,0.9259260316129772,0.8405731912072834,0.6572690816357203,0.47322153204624895,-0.057776130692697526,0.44980382432927174,0.09133973026635145,0.47618596613123954,356.4658203125,188.580078125,10.72414436340332,1.35384985407409,4.02923583984375,0.6189766738382603,0.7945016103447531,0.8171350920883905,-0.2554954662210027,0.44604470012684017,0.16031742039691124,1.6027295043187804,-0.1274726062105119,0.8886753842252317,5.8178611189032186,1.5628900399017125,0.07093781256043596,-0.04469373337116386,2.067356635757541,-0.44824547832030215,-0.25315390675459704,-0.5590903989934538,0.4133336121634733,-0.6110689305296615,0.0,0.0,0.0,0
34580.5372513,143.0,CONTEXTUAL_OVERRIDE_1,34579.5372513,34581.5372513,249,0.8074342103209022,0.8215282250683532,0.64941107278343,0.9121340000364225,0.45567580945153996,0.1663339161114893,0.6062887108995542,-0.008631727466373751,0.4972399772028591,421.966796875,239.341796875,9.32643165588379,0.9148096662001856,3.2499618530273438,0.11903248579636401,0.3357173225563356,0.0877041302181602,0.36130975117959135,0.361095647444886,1.3506842665508227,2.4569022437785475,-0.5217083479585386,1.0117845683263202,7.2575746634525515,2.415309920222486,-0.578064442095741,-0.4577841885574862,2.671167288000339,-0.9102084832887462,0.8164508089507548,-1.309770617044506,-0.24927056450406387,-1.365599203544309,0.0,0.0,0.0,0
34581.5372513,144.0,CONTEXTUAL_OVERRIDE_1,34580.5372513,34582.5372513,249,0.44678542415895023,0.4757336771288156,0.4473752337872847,0.7574922982792698,0.48125017495671873,0.19828023390411756,0.6029954416506017,-0.0567722974599081,0.505680400700101,269.9638671875,210.6640625,10.310235214233398,1.5504310911485237,4.4201507568359375,-1.3687203816972235,-1.1839037370082357,-0.6832184646259666,-0.012942653074628727,0.48491603220704554,1.5203680361957765,2.4389259338753355,-0.7115498662278197,1.0611382827647906,3.9165454427132356,1.9337369651339935,0.361530039896696,0.16252891711039383,1.727855172653005,-0.5923327824861562,1.1747970016651754,-1.163510840020164,-1.3510096576824369,-0.9864853336088766,0.0,0.0,0.0,0
34582.5372513,145.0,CONTEXTUAL_OVERRIDE_1,34581.5372513,34583.5372513,249,1.1222931001139054,0.9304859378279631,1.1826317513564382,1.6153758487961705,0.3714448547920461,0.013434308292007056,0.360975249766556,-0.12005488935455493,0.49060691613534774,181.5068359375,46.736328125,10.41192398071289,1.4477769617603746,4.425262451171875,1.417892302102622,0.814540473175938,2.1223523945683898,2.063243638869396,-0.04671541683002587,0.5385536792181054,1.1178587379495109,-0.9611036901004614,0.9729990498169864,1.9722570872605416,-0.8190315217918568,0.20978365479855043,0.1652386086639799,0.736314034269382,-0.5293358450687555,0.391290872364229,-0.022883299185909423,1.4333358635398965,-0.9894511076864335,0.0,0.8514956377868692,0.0,0
34583.5372513,146.0,CONTEXTUAL_OVERRIDE_1,34582.5372513,34584.5372513,249,0.9934491972819286,0.8745041637974541,0.7714625269691178,0.8312059221302904,0.22655363944250947,0.020536871477199594,0.23424304467031792,-0.0438018903837506,0.44535113291652884,188.7724609375,61.04296875,9.283635330200195,0.8035652041021558,2.8488235473632812,0.8863838283398411,0.5685242092543299,0.5534245896814174,0.16545360510842427,-0.7482181004294928,0.5762791442694498,0.4260910076760089,-0.6604012867191209,0.7083747685352749,2.1319557554496344,-0.5787862111589339,-0.7425093123233629,-0.670426222146216,0.7100826309962274,-1.018061928931541,0.43426261807020433,-0.6859510948550909,0.5997637763428564,-0.7336983528355383,0.0,0.14062789826973576,0.0,0
34584.5372513,147.0,CONTEXTUAL_OVERRIDE_1,34583.5372513,34585.5372513,250,0.7396265551934443,0.6574151777711905,0.6963304701331539,1.0805164307461468,0.3376290090489738,0.011179613873268445,0.27037636336149445,0.1302121824100512,0.46539295814328907,147.5546875,60.728515625,10.505309677124023,1.3336410670451955,4.156982421875,-0.16068849823209844,-0.3854902392982571,0.26673782905642357,0.768816450932843,-0.21043760302139652,0.5265778061033238,0.6233247245458676,0.025820247089751638,0.8255653952130098,1.225987786597881,-0.5840666882936644,0.041064582938490926,0.02302428957397845,0.5193433572251607,-0.501303691830189,0.4227091346582917,-0.4234102394804466,-0.1339511354781216,-0.6541636443427972,0.0,0.0,0.0,0
34585.5372513,148.0,CONTEXTUAL_OVERRIDE_1,34584.5372513,34586.5372513,249,1.2113908264062496,1.184365323008264,1.132855845580625,1.5484976154754297,0.4125994438662991,0.18803186600812347,0.411196454816857,-0.15593981773324062,0.4570469564921212,127.494140625,52.37109375,10.45535888671875,1.225211479621604,3.5897750854492188,1.7854393530417285,1.930233194788045,1.932418912310627,1.9013898870795483,0.15253789613567365,1.4659335405337481,1.3919911812607029,-1.1026152942902137,0.7767637939273229,0.7850563293478342,-0.7244093072968422,-0.11921925588302712,-0.2776503649802861,0.3904550308187893,-0.34315046440629504,1.3878425343699903,-0.08081029192450095,1.8072727125122878,-0.9798320647461347,0.0,1.1708378342099433,0.0,0
34586.5372513,149.0,CONTEXTUAL_OVERRIDE_1,34585.5372513,34587.5372513,249,1.5543451230756884,1.3261559827851475,1.5886689429190461,1.9301251594395437,0.1010189152093867,-0.10193047059407952,0.33266998462913777,-0.07764662772264534,0.20055511256503794,89.7421875,44.1015625,8.965026092529296,0.4781719579883336,1.6326446533203125,3.200198691951803,2.5533432869812334,3.671697534905792,2.824976631375037,-1.356004747273547,-0.07420960363400768,0.9633544507082978,-0.7938674322737695,-0.7230217589078562,-0.04473279899275131,-0.8632760165418655,-1.2235152799101288,-1.3151184631648676,0.0,-1.6450110824860364,-0.07420960363400768,0.013168288359127867,3.235852205991585,-1.33770424206854,0.0,2.2677302018659353,0.0,0
34587.5372513,150.0,CONTEXTUAL_OVERRIDE_1,34586.5372513,34588.5372513,249,0.7915914326983312,0.6679681431411679,0.8482774704216668,1.1517736149331284,0.3604682612373116,-0.2592986494175972,0.32969656348921866,-0.03835372560566794,0.25702027369671726,87.015625,71.68359375,9.294749069213868,1.0567177511058692,3.2244033813476562,0.053677662096891086,-0.3391144114761328,0.8465328610825811,0.9412678155992962,-0.09985949334875087,-0.9100751321205953,0.9471240316798661,-0.6389165416612343,-0.39285284746333493,-0.10466272931317437,-0.4001027364383654,-0.3682916932644193,-0.4713326463254166,0.0,-0.3839967028527107,-0.9100751321205953,0.00043502870165437746,0.2526185670272778,-0.39747059836018844,0.0,0.17692000265942534,0.0,0
34588.5372513,151.0,CONTEXTUAL_OVERRIDE_1,34587.5372513,34589.5372513,249,0.5130279841264541,0.5236140942659793,0.31294069685093595,0.5581556549804627,0.3584433260046531,-0.054175326341774695,0.40355379904540567,0.028667794344334745,0.45260763557919337,88.4013671875,91.822265625,10.086927032470703,1.060255394241828,3.3547134399414062,-1.095455747728612,-0.9734895166108324,-1.1961899382347452,-0.4953624477539368,-0.10966338309043214,0.17944319445277218,1.3502737454103304,-0.3746183186503252,0.7508057390134949,-0.07420407203356108,-0.06192261385323665,-0.3630622440367198,-0.4022557332877296,0.18770143475337372,-0.552285793664206,0.14190290750209744,-0.6781106112627625,-1.1344746833952086,-0.24543037966476078,0.0,0.0,0.0,0
34589.5372513,152.0,CONTEXTUAL_OVERRIDE_1,34588.5372513,34590.5372513,249,0.7665878624426141,0.6621883791150555,0.4825197900242022,0.42156526181179105,0.3317866101620006,-0.12491265095825838,0.2163684402098157,0.0043181884430014686,0.45664597930849266,77.9716796875,55.3203125,9.381108474731445,1.0734064890010997,3.3547134399414062,-0.04946737754512763,-0.3645140344190889,-0.5491148688311299,-0.8259284106252043,-0.2387240556402325,-0.19628010403308596,0.32852248081428154,-0.4706405750172233,0.7744191588004703,-0.30344893443403326,-0.674884335412103,-0.34362190489306105,-0.4022557332877296,0.19360478970011757,-0.3760017578245405,-0.2350010619731095,-0.39248088143630916,-0.31639404932503834,-0.0018631824589016577,0.0,0.0,0.0,0
34590.5372513,153.0,CONTEXTUAL_OVERRIDE_1,34589.5372513,34591.5372513,249,0.8908800885115591,0.8240961548436831,0.4175932987112921,0.7094640326193333,0.38611520986632325,0.16274609798051687,0.3169627427426056,-0.0797295032651596,0.3172180419457795,78.2421875,55.34375,9.83896484375,1.4610187193375141,4.0087890625,0.4632644625065845,0.3470022898565043,-0.7968595234714797,-0.12917710788953263,0.02431230855094837,1.3316274691691727,0.8776164722642869,-0.8020812165187414,-0.04085825086894915,-0.29750316412645544,-0.6744907594765952,0.22935801441421802,-0.05553249958550819,0.0,-0.2389726331283377,1.3316274691691727,-0.5969753229222903,-0.001031367115753981,-0.38192660867759,0.0,0.0,0.0,0
34591.5372513,154.0,CONTEXTUAL_OVERRIDE_1,34590.5372513,34592.5372513,250,0.7986149354479393,0.7909813951849457,0.4252790057162355,0.6926693991092432,0.23665642703935993,-0.016810740701716675,0.11358919901367157,-0.2701929891393176,0.23862733310437256,102.28125,31.158203125,10.80960922241211,1.0552617430394742,3.2116317749023438,0.08265110317451106,0.20147690069208188,-0.7675326217846175,-0.16982223723239437,-0.6993046270078711,0.3779062468703431,-0.23249799813578412,-1.553170730790513,-0.5004019459149661,0.23087619288197367,-1.0806283269260812,-0.3704440076629347,-0.4781028308936302,0.05771904822049342,-0.7108484366519698,0.3663624372262444,-0.67055204510511,-0.19980589829074377,-0.3964440463301855,0.0,0.0,0.0,0
34592.5372513,155.0,CONTEXTUAL_OVERRIDE_1,34591.5372513,34593.5372513,249,0.9365416193470927,0.8730871322584142,0.45858845071016197,1.1841014559813596,0.37501622322744915,-0.06291343974078549,0.4710226431315204,-0.16834439947152122,0.25961206695779204,79.974609375,43.900390625,9.560980987548827,1.202918347375695,3.7226333618164062,0.651627978595631,0.5622969538461018,-0.640431391155801,1.0195052644838705,-0.029424344106853406,0.13303045822589546,1.7185524248682156,-1.1515325512110783,-0.37769784670627154,-0.25942447630824966,-0.8666542099883079,-0.15217362655466748,-0.2072226504815577,0.0,-0.5449900715673182,0.13303045822589546,-0.48645847879615434,0.18154099423272396,-0.6109177892482794,0.0,0.029787000203675904,0.0,0
34593.5372513,156.0,CONTEXTUAL_OVERRIDE_1,34592.5372513,34594.5372513,249,0.9141083645920465,0.8763875855101421,0.7301595116720265,1.1889766231182413,0.27145921567317366,0.016906055256344785,0.30179536124924794,-0.28898471925073244,0.21134054011164854,80.66796875,46.19921875,9.480243301391601,1.253206618349982,3.8631591796875,0.5590860364911959,0.5768010525871584,0.3958217213688912,1.0313037832623586,-0.5308040759946974,0.5569939613184164,0.7948253217285198,-1.6272755985919678,-0.6599560950337422,-0.24418441523106474,-0.828050970313912,-0.07783600975671133,-0.13273039865245018,0.0,-0.7692516725132533,0.5569939613184164,-0.4355317818037498,0.5054865294175819,-0.7325986763813835,0.0,0.2667342142315573,0.0,0
34594.5372513,157.0,CONTEXTUAL_OVERRIDE_1,34593.5372513,34595.5372513,249,0.57919165727694,0.4442014966777148,0.5192689095093074,1.6346476493198387,0.3278196793967639,-0.09834791475992234,0.40183758294677385,-0.06823701818565552,0.19267243703807105,71.9951171875,38.845703125,10.614151763916016,1.1982485770302038,3.7916183471679688,-0.8225165386407411,-1.3224743586475953,-0.4088886263364274,2.109883824526542,-0.25793027577410044,-0.05518075709058577,1.34090577998822,-0.756760797245078,-0.7691141519135118,-0.4348139679444162,-0.9515354200795031,-0.15907661987203728,-0.17065394745540047,0.0,-0.6602020097705664,-0.05518075709058577,-0.46533326195791846,-0.7777383333356023,-0.9473590657786122,0.0,0.0,0.0,0
34595.5372513,158.0,CONTEXTUAL_OVERRIDE_1,34594.5372513,34596.5372513,249,0.6227235482452298,0.666509073368834,0.3863934824822032,0.8134089990960585,0.24005323832268116,-0.13808351197277444,0.2402751259140398,-0.0813492903463156,0.27726487866556815,73.32421875,67.322265625,9.732804489135741,1.3855515288736853,4.149322509765625,-0.6429382394740603,-0.34552640717307004,-0.9159108928003047,0.12238280882122193,-0.6828586870301967,-0.26623750447341327,0.45901712260966837,-0.8084688192995337,-0.27447650617207164,-0.4056002734006856,-0.47334065843745304,0.11780017047110493,0.018963796559350952,0.0,-0.8205638238130972,-0.26623750447341327,-0.6802878262972797,-0.6789963016780478,-0.45295594636461567,0.0,0.0,0.0,0
34596.5372513,159.0,CONTEXTUAL_OVERRIDE_1,34595.5372513,34597.5372513,249,0.5603428921668665,0.6495517682987761,0.4473057892186049,0.7797018789614388,0.35556918831114914,-0.04995605662451797,0.3416109721747109,-0.15217373590976566,0.11608415396281802,80.8916015625,106.4609375,9.814181518554687,1.4187851886758776,4.417594909667969,-0.9002716993877187,-0.4200466043579797,-0.683483449231423,0.04080733074818826,-0.12357875608363596,0.20185396477754888,1.01215883043252,-1.0877638147296091,-1.2169490565796042,-0.2392689589118037,0.18389835586604764,0.16692715414553302,0.1611740713336008,0.04597458896651191,-0.43642132300669434,0.1926590469842465,-0.46092804660001496,-0.7352469811720441,-0.29649438261740785,0.0,0.0,0.0,0
34597.5372513,160.0,CONTEXTUAL_OVERRIDE_1,34596.5372513,34598.5372513,249,0.9899139264354859,1.103040658590544,0.8335535634644523,0.5955880025525129,0.39773122575241154,-0.023555519418463518,0.293517325061166,-0.09275771590209134,0.37132013137351716,90.681640625,130.466796875,11.077884292602539,1.0368043553662054,3.3879318237304688,0.8718000849835008,1.5728456262229165,0.7903497966614421,-0.40477144987602176,0.0805522006463185,0.34208116413286543,0.7496396619303433,-0.8534577512723254,0.2754930640874247,-0.024083589476903536,0.5870185078099733,-0.39772826670314587,-0.38464678250517176,0.2156278929743495,-0.18746527652765435,0.2989555855379955,-0.019216543276035843,0.951157408372511,-0.027581200240067966,0.0,0.6188412986106805,0.0,0
34598.5372513,161.0,CONTEXTUAL_OVERRIDE_1,34597.5372513,34599.5372513,249,0.7765931594799806,0.7552758500679531,0.8190485224300763,0.2845926715333231,0.49189269181020157,0.11266373377262609,0.4369230094087008,-0.12405854314478824,0.3803141950726769,77.1591796875,163.705078125,10.010022735595703,1.35849453512835,4.223419189453125,-0.008193401509110314,0.04456610314965744,0.7350018745892843,-1.1574193386618505,0.5364426490206344,1.0656135765293326,1.532419577217694,-0.9768920306677736,0.3280840805920815,-0.3213077102315232,1.1451747803493701,0.07780371814181594,0.058242191139094276,0.3683147152353629,0.003053832808253623,0.9919506334822601,-0.1050387288134322,0.20722963877177694,0.09942673116826155,0.0,0.050390058330484835,0.0,0
34599.5372513,162.0,CONTEXTUAL_OVERRIDE_1,34598.5372513,34600.5372513,249,0.7385959988527074,0.7374833306390866,0.40867428819279566,0.71560056222709,0.41040127602121457,0.009466328414922228,0.42271741296515813,-0.0743680018874082,0.4854089167417926,89.3740234375,98.302734375,10.084883880615234,1.5580626948459884,4.923484802246094,-0.16493976209287994,-0.03362450855294502,-0.8308924295465869,-0.11432593299049594,0.1418952865156986,0.5174776419799595,1.4548783302910078,-0.7809382271047841,0.942604771875282,-0.052825056775988956,0.04690113231468666,0.37281130330513707,0.4293445601920872,0.24737647604749216,-0.34404350778110215,0.46800234677046104,-0.5523916250322183,-0.4088666164008142,-0.326688825920304,0.0,0.0,0.0,0
34600.5372513,163.0,CONTEXTUAL_OVERRIDE_1,34599.5372513,34601.5372513,250,1.0926306617310533,1.062430567303404,0.9427186411165694,1.3076859228532085,0.33454118976663194,0.061296959330499314,0.3686621601591703,-0.039060415456869266,0.4419387385606978,229.396484375,138.267578125,11.252900695800781,1.387828477107929,4.399711608886719,1.2955284415983943,1.3943814187375867,1.2068987879101503,1.3185952468736055,-0.22538753292437544,0.7927775026374796,1.159817737645575,-0.6417033610594169,0.6884214644570891,3.0248730804493764,0.7180136983448394,0.1211660230253226,0.15169419521180114,1.1078270608128262,-0.7948982663806132,0.5712120904749143,-0.5266685328299892,1.1181045991134235,-1.0729624129175652,0.0,0.4557741006508333,0.0,0
34601.5372513,164.0,CONTEXTUAL_OVERRIDE_1,34600.5372513,34602.5372513,249,0.704776336944323,0.7216844093497707,0.6693101606374203,0.8299603110431362,0.25481046968740156,0.023806227671194145,0.19944972692233195,-0.24477491684731922,0.48230116055089456,238.2802734375,240.146484375,9.879205322265625,1.6714512570800484,5.347618103027344,-0.30445305289671537,-0.1030540980381015,0.16363450237219243,0.16243906932127114,-0.611410342975136,0.5936444220742392,0.2361716858356642,-1.4529349954006034,0.9244327794817617,3.220139046110153,2.428822694008256,0.5404256460797503,0.6541761614562028,1.6433486299000428,-1.0109315747058438,0.2649746960942306,-0.9789358371890229,-0.3468449120658813,-0.9651610828995334,0.0,0.0,0.0,0
34602.5372513,165.0,CONTEXTUAL_OVERRIDE_1,34601.5372513,34603.5372513,249,0.8372496724925182,0.8348259662728083,0.6017202647150999,0.39472471998579767,0.3069905395355332,-0.08773488899997334,0.3086383205805267,0.017858623445166533,0.3926345832120096,120.15234375,101.7890625,9.655898666381836,1.4132006921087765,4.491691589355469,0.24202760194115813,0.39415528145227147,-0.09427309564893836,-0.8908859039515433,-0.3587762620160723,0.0011906291197744286,0.8321776146311635,-0.4172441000859382,0.40012512429071123,0.6236834009277266,0.10544555272148085,0.15867198534032748,0.20045246591334412,0.2823135194849797,-0.6648922503024173,-0.055272074777221514,-0.45983739144980906,0.1124008657641001,-0.10362395566471043,0.0,0.0,0.0,0
34603.5372513,166.0,CONTEXTUAL_OVERRIDE_1,34602.5372513,34604.5372513,249,0.6234428511278781,0.7538814683797675,0.3392005560541544,1.3881397642634532,0.3030210064445179,-0.04104192835277368,0.20221818327400723,-0.1137637483910738,0.16191465945514288,101.51171875,78.9921875,11.333511352539062,1.3176627951887998,4.560676574707031,-0.6399709622577828,0.038438384274204276,-1.095988316097928,1.5133036808674076,-0.37799508152328964,0.24920160897450436,0.25128330458565246,-0.9362946828054973,-0.9489641999692601,0.21396187157377403,-0.2773726405491644,0.017445026581867723,0.23702116893950134,0.05349046789344351,-0.46407816647767414,0.23850351539581566,-0.5903133906397268,-0.6719187369794528,-0.7872665227515173,0.0,0.0,0.0,0
34604.5372513,167.0,CONTEXTUAL_OVERRIDE_1,34603.5372513,34605.5372513,249,0.6763869138317523,0.6556068238657662,0.6293819363229629,1.7781102947446676,0.3126959082495618,0.0920061002687616,0.1700173897245324,-0.15989510237955892,0.35130433153266133,119.5693359375,89.787109375,10.367465591430664,1.766231878549761,5.087005615234375,-0.4215654549422032,-0.393437191308354,0.011277522298933479,2.4570815038124887,-0.3311532522003271,0.9558899724622475,0.07551527585285912,-1.1182128919618886,0.15845461572923708,0.6108688706980372,-0.09609812425316917,0.6805331777602536,0.5160263796965805,0.19233087160681855,-0.3922740092775486,0.9174237981408838,-0.4444988020577998,-0.2932943909220583,-1.1420110984839573,0.0,0.0,0.0,0
34605.5372513,168.0,CONTEXTUAL_OVERRIDE_1,34604.5372513,34606.5372513,249,0.9711608309777968,0.9695406143620746,0.6753744753304197,1.0314535181561464,0.4801251199774885,-0.07792989913404708,0.44255720405177745,0.0696005712898251,0.4543426738363486,93.6416015625,68.41796875,9.492123031616211,1.1009778152834861,3.7584075927734375,0.7944395818788841,0.9861692894466193,0.18677454149746692,0.6500780201739937,0.47946898639945124,0.05327010984681008,1.5631738281770344,-0.21320060956725073,0.760951033584489,0.04097644591034657,-0.4549409834524606,-0.30286515092075916,-0.18825885392220673,0.2004818698737089,-0.029579536028400827,0.013173735872068305,-0.02233032408409461,0.5900304787778787,-0.25155228223729403,0.0,0.36845889635295437,0.0,0
34606.5372513,169.0,CONTEXTUAL_OVERRIDE_1,34605.5372513,34607.5372513,249,0.6094083825746827,0.6662740470812133,0.40023061118140574,0.3193541409783558,0.3153239502091111,0.19732989684810023,0.297688675103778,-0.05837075977052898,0.3734175905342427,91.306640625,58.560546875,10.934804153442382,1.3287237412460071,4.563224792480469,-0.6978661268470486,-0.34655924848982267,-0.86311157157599,-1.0732922024017806,-0.3184293718547287,1.5153202940695927,0.7724089757678378,-0.7178533751390197,0.2877575435295558,-0.010346069632680486,-0.6204724623281415,0.03379564579174205,0.23837197040054278,0.07193938588238895,-0.5645399417615579,1.5009324168931149,-0.8444461907120746,-0.6962315647130913,-0.29801360919639686,0.0,0.0,0.0,0
34607.5372513,170.0,CONTEXTUAL_OVERRIDE_1,34606.5372513,34608.5372513,250,0.8149662023492589,0.6535642742294583,0.9188426860653923,0.5736374193240008,0.36280804584405113,-0.022429049256268197,0.26523783738787776,-0.03922967023830138,0.2358746503242344,67.6689453125,87.796875,10.259006881713868,1.6423167386706055,4.570892333984375,0.1501035531840535,-0.4024133346889667,1.1157935992768286,-0.4578946272253878,-0.08853123458086874,0.34806444222940947,0.5952760809747966,-0.6423708144087588,-0.5164977164548007,-0.5299033631161476,-0.12951928077671163,0.49735813504479015,0.2424365077309219,0.0,-0.2671140588733077,0.34806444222940947,0.06242277899300602,0.3775916917419208,0.020630198919464132,0.0,0.27679874001794574,0.0,0
34608.5372513,171.0,CONTEXTUAL_OVERRIDE_1,34607.5372513,34609.5372513,249,0.9946439329689915,0.9292092517453926,0.8606605624218091,0.5939896448606713,0.35757561118440767,-0.019865159956492722,0.3755631417062873,-0.17618185142189843,0.36906816396414494,59.400390625,118.107421875,9.752605819702149,1.3249800778738487,4.10333251953125,0.8913123668862775,0.8089299768014656,0.8937839105220095,-0.40863967689520786,-0.11386449544588287,0.3616826126915668,1.1974867448082236,-1.1824394095599093,0.26232512808478015,-0.7116464576802672,0.3794727978188284,0.028261651327658184,-0.005415338791420542,0.16044948147590216,-0.5052004151835304,0.3295927163963864,-0.16044516436869222,0.8516335069204359,-0.15060831633330823,0.0,0.5319645256753862,0.0,0
34609.5372513,172.0,CONTEXTUAL_OVERRIDE_1,34608.5372513,34610.5372513,249,1.0104232458570832,0.9322476981201496,0.8096916539766339,1.0633529688834782,0.2990493456592815,0.04443103784364372,0.31918550424240794,-0.0648325048793283,0.358129197585373,64.67578125,62.138671875,10.837331008911132,1.2253069467544087,4.001129150390625,0.9564053850721064,0.8222826659255456,0.6992982026883766,0.7272787105016321,-0.3972242024363059,0.7031936840890435,0.8897494157137434,-0.74333515697684,0.1983616761221675,-0.5956932042451221,-0.5603865361739414,-0.11907813352988719,-0.059592992600135695,0.04959041903054188,-0.6740671109565373,0.6932756002829351,-0.34696508516822383,0.8321547645539075,-0.6210544415780554,0.0,0.503197234347982,0.0,0
34610.5372513,173.0,CONTEXTUAL_OVERRIDE_1,34609.5372513,34611.5372513,249,0.9213920404604635,0.8067641967621335,0.8081132792439508,0.7963665829813155,0.35568739325299514,-0.06231269798387273,0.23685840842817393,0.05343870336869708,0.5558306562958986,67.580078125,65.646484375,9.767041397094726,1.4871680231498365,4.3818206787109375,0.5891327469611023,0.2708356508474404,0.6932754853793963,0.08113801435265344,-0.1230064571784218,0.13622131504256474,0.44036697051621776,-0.276934660589634,1.3543820275247649,-0.5318566667189981,-0.501481337826265,0.26801269250660437,0.14221027477424983,0.3385955068811912,-0.3228356497095254,0.06850221366632649,-0.102590055448953,0.5111339601525942,-0.2248340465070791,0.0,0.269556659640787,0.0,0
34611.5372513,174.0,CONTEXTUAL_OVERRIDE_1,34610.5372513,34612.5372513,249,0.49262508837321484,0.4579948709357021,0.4496912721176933,0.7186771164740863,0.09067908776074744,-0.2443380059572249,0.148309571931179,-0.17638650533573788,0.2380451279819977,54.337890625,43.02734375,9.820057678222657,1.4488086291019122,4.003684997558594,-1.1796220275741334,-1.2618583017149732,-0.6743809915899519,-0.10688028404410087,-1.4060658685477228,-0.8306112516462113,-0.04297684564613452,-1.1832464587852976,-0.5038062757289492,-0.8229203684184739,-0.8813149135859757,0.21130869612553108,-0.058238146823342656,0.0,-1.4060658685477228,-0.8306112516462113,-0.9419314755987356,-1.0192349198078379,-0.6252385442507704,0.0,0.0,0.0,0
34612.5372513,175.0,CONTEXTUAL_OVERRIDE_1,34611.5372513,34613.5372513,249,0.7231018356046479,0.4119745193129779,0.9028143881040195,0.5477075276028855,0.2663622632796085,-0.1128359379375022,0.25589156524268725,-0.20386243268043222,0.20653668558341934,57.8017578125,56.505859375,10.543378829956055,1.1058298304464236,3.6102142333984375,-0.22885647742978632,-1.4640983194109323,1.0546332768473408,-0.5206482325492514,-0.5554813883744649,-0.13213430157834816,0.544259455299522,-1.291597310544506,-0.6880456884845508,-0.746784457656819,-0.6549759526743305,-0.29569275789764765,-0.26681564308169337,0.0,-0.7187592249643215,-0.13213430157834816,-0.1316592545185417,-0.026683431829021054,-0.09234811135415648,0.0,0.0,0.0,0
34613.5372513,176.0,CONTEXTUAL_OVERRIDE_1,34612.5372513,34614.5372513,249,1.063259070900643,1.151458878810048,0.4721100948397647,0.9917971305540603,0.3021420536667511,0.21797818102548938,0.25350979267194435,-0.1740663442010983,0.2665349790523995,52.974609375,69.759765625,9.4249267578125,0.9731921349397361,3.201416015625,1.1743643890423756,1.7856232641313619,-0.5888358869583944,0.5541045651778449,-0.3822506033703053,1.6249942389249257,0.5312585499334447,-1.1740969428471084,-0.3372174813891122,-0.8528853335786856,-0.4324087611446356,-0.4917617415893253,-0.48351816968505074,0.0,-0.5416281683503387,1.6249942389249257,-0.77010331211727,0.6794960674599034,-0.7649947839265113,0.0,0.32162658479847833,0.0,0
34614.5372513,177.0,CONTEXTUAL_OVERRIDE_1,34613.5372513,34615.5372513,250,1.6806837233949106,1.8170161588918226,0.6883883303800534,0.8602099874928069,0.22288838354327936,0.09756316313306193,-0.004492226058418713,0.04376608666659729,0.4434844876357627,82.724609375,397.75,9.983449935913086,1.2571737134834384,3.3700485229492188,3.7213722605650186,4.710466542272414,0.2364324385994775,0.2356470980131688,-0.7659637369968025,0.9854064688888262,-0.8770454464150157,-0.31507845989674765,0.6974599278077979,-0.19897938899366827,5.075391274336235,-0.07197173182234538,-0.3941266586269714,1.4432128005360083,-1.0546062971040042,0.6967639087816245,-1.02108133564766,2.482980259138157,-1.0355034988715124,0.0,1.2452273541599763,0.0,0
34615.5372513,178.0,CONTEXTUAL_OVERRIDE_1,34614.5372513,34616.5372513,249,0.8937478344729674,0.8841318379095683,0.5651609153253944,1.0580425237806457,0.20260716351786193,-0.1679499003008514,0.16194495538909373,-0.09617723479537262,0.25390211007949076,88.53515625,370.14453125,9.957645034790039,1.27180271664192,3.45947265625,0.47509452388772105,0.61083377261376,-0.2337752188235428,0.7144267641972893,-0.8641569244870135,-0.42487366999598813,0.03145189374909381,-0.8669425658172757,-0.4110856952330366,-0.07126338419190709,4.6118244182972274,-0.050346704557293204,-0.34672323370222147,1.1529561045743069,-1.104183713526603,-0.6554648909108496,-0.9539838732890942,0.08119454799784048,-1.0146703325543025,0.0,0.0,0.0,0
34616.5372513,179.0,CONTEXTUAL_OVERRIDE_1,34615.5372513,34617.5372513,249,0.6946673924220457,0.6067869752137118,0.5744501476770757,0.5445338193389535,0.360927873473136,-0.19316154461736307,0.25296954312389897,-0.09674054026075421,0.3158296160289435,56.998046875,58.115234375,9.27660903930664,0.960101243665908,3.173309326171875,-0.34615459682926025,-0.6079798166287179,-0.1983296308315786,-0.5283290064587581,-0.09763424307344513,-0.5587860311746102,0.5283095978233726,-0.8691639513308205,-0.04897679802963229,-0.7644500495814996,-0.6279504051027908,-0.5111130861514623,-0.4984174289140226,0.0,-0.25612712242045693,-0.5587860311746102,-0.19045232503914597,-0.3467809026899632,0.034047483951703865,0.0,0.0,0.0,0
34617.5372513,180.0,CONTEXTUAL_OVERRIDE_1,34616.5372513,34618.5372513,249,0.4993133374996874,0.4918674836977972,0.34412357652367803,0.9023258059089319,0.29185699216409117,-0.21109092286515055,0.19982204250654825,-0.04215029291473044,0.24680127774620858,51.197265625,68.59765625,10.486912536621094,1.214637297561725,4.141654968261719,-1.1520315789209865,-1.1130024680921842,-1.0772031949348044,0.33757268548582403,-0.43204657083248726,-0.6540184303582447,0.23820397041907518,-0.6538882402152968,-0.45260641411246066,-0.8919514056356949,-0.45192356794690036,-0.13485032608468575,0.014899259228971829,0.0,-0.5035077619582098,-0.6540184303582447,-0.5462300678107166,-1.1180358223600624,-0.3888816511858893,0.0,0.0,0.0,0
34618.5372513,181.0,CONTEXTUAL_OVERRIDE_1,34617.5372513,34619.5372513,249,0.920650740764767,0.8377921969330776,0.7721099361567041,0.9388461202485667,0.30261820502138465,0.06486730012742828,0.1647590059825939,-0.1476029719904488,0.30499464690204425,56.416015625,58.896484375,9.90846061706543,1.4766242516079469,4.075225830078125,0.5860747282174892,0.4071906129973471,0.5558949552031974,0.4259564480183392,-0.37994527759697155,0.8117414686655101,0.046812388664037925,-1.0697390850222104,-0.11233214653949891,-0.7772431149364324,-0.6148312072525287,0.2524265760364844,-0.02031459802039237,0.0,-0.39398899419618294,0.8117414686655101,-0.2400685017402033,0.5397349846184587,-0.42776197839923397,0.0,0.3298007888848804,0.0,0
34619.5372513,182.0,CONTEXTUAL_OVERRIDE_1,34618.5372513,34620.5372513,249,0.611014764027227,0.6055605652333893,0.2617436893303532,0.810822661579154,0.23383003147085277,-0.08184154280951504,0.19787730143555432,0.08199826477492689,0.3496846243576674,64.7080078125,59.521484375,9.34495506286621,1.1096578541630664,3.523345947265625,-0.691239462058447,-0.6133693707580796,-1.3915460200177152,0.11612354613259446,-0.7129888525935167,0.03249330393541304,0.22758860145560192,-0.1643105163555375,0.14898369695191344,-0.5949848633781544,-0.6043358489723192,-0.29003405946502936,-0.31286422222965027,0.03724592423797836,-0.7887146178777931,0.025044119087817368,-0.7959998497142732,-0.9263596277198141,-0.48165721434245284,0.0,0.0,0.0,0
34620.5372513,183.0,CONTEXTUAL_OVERRIDE_1,34619.5372513,34621.5372513,249,0.7333908753130827,0.5710418243700245,0.6978460478866388,0.9169465382573885,0.3584560839808352,-0.03942427855937872,0.1618578318887557,0.07896315656367801,0.19620465153896588,59.5341796875,61.66796875,10.18018455505371,1.067352073154808,3.4467010498046875,-0.18641200259075213,-0.7650646646202407,0.27252092744238354,0.3729567000898553,-0.10960161430405363,0.257793801561156,0.030976330130228633,-0.1762794139197424,-0.7484602231302518,-0.7087057698386132,-0.5682908528787243,-0.3525717223434806,-0.353493418270435,0.0,-0.11889451334312222,0.257793801561156,-0.04882051079035254,-0.14151600948505239,-0.19842956196165482,0.0,0.0,0.0,0
34621.5372513,184.0,CONTEXTUAL_OVERRIDE_1,34620.5372513,34622.5372513,249,0.5501863813377529,0.486322807374027,0.5826783290741255,0.574781005579343,0.3460618558807575,-0.006309337304203408,0.2845180546982183,-0.050582743643956894,0.3877872845756946,73.97265625,42.22265625,9.326303863525391,1.2067592224502128,3.7124176025390625,-0.9421694644420506,-1.137368979826613,-0.16693277082406846,-0.45512700438710585,-0.16960928455772342,0.4336847477485745,0.7005171454526532,-0.6871414661198149,0.37178149997223336,-0.39134759656230417,-0.8948276873717456,-0.14649593086287652,-0.21263798927297825,0.09294537499305834,-0.3983535031921311,0.41509567274996284,-0.36708309775994646,-0.7238183310016281,-0.1555921499926003,0.0,0.0,0.0,0
34622.5372513,185.0,CONTEXTUAL_OVERRIDE_1,34621.5372513,34623.5372513,249,0.6518453984304646,0.566800512545163,0.3276149458219898,1.279012353734384,0.37282012469548254,-0.12488030722641938,0.43164999875278154,-0.20400692897610995,0.22064805827702894,99.1181640625,77.0234375,9.632776260375977,1.4323771272421955,4.001129150390625,-0.5228044201400729,-0.783703439602797,-1.140196357341558,1.2492015965235745,-0.04005693497792141,-0.1961083093875042,1.5036368490202068,-1.2921671292267405,-0.6055322152586141,0.16135146354535107,-0.31043301913182464,0.18701916170731478,-0.059592992600135695,0.04033786588633777,-0.49921556286125096,-0.20417588256477176,-0.5697021153806621,-0.7971220819360882,-0.6750182498378808,0.0,0.0,0.0,0
34623.5372513,186.0,CONTEXTUAL_OVERRIDE_1,34622.5372513,34624.5372513,250,0.5746812378499395,0.6059406015338553,0.4129534449188674,0.7113379993358825,0.3641908425612345,-0.04069126534309569,0.2697525907333821,-0.2379685422512958,0.12941672132110396,208.9892578125,79.1484375,10.391611480712891,1.097524595219036,3.523345947265625,-0.8411229770750172,-0.6116992716514617,-0.8145641453005882,-0.12464187230177196,-0.08183631104367182,0.2510641654588994,0.6199198617106605,-1.4260941730465662,-1.1389894942013021,2.576321592660737,-0.274748800979112,-0.30796980345497266,-0.31286422222965027,0.6440803981651843,-0.39662834918990686,0.12224808582586258,-0.6072563450860644,-0.8825547045940335,-0.38056332184487285,0.0,0.0,0.0,0
34624.5372513,187.0,CONTEXTUAL_OVERRIDE_1,34623.5372513,34625.5372513,249,0.9079876085230231,0.8509721539872062,0.8486883708868291,0.6225709778512681,0.0986894268876807,-0.2801523955146271,0.04311375294511403,-0.23277957246021108,0.3504022228322218,149.107421875,127.0703125,9.11883773803711,1.0704902757735133,3.5412368774414062,0.5338366172713871,0.4651109602756749,0.8481007633636791,-0.3394692495979244,-1.3672831557343232,-1.0208403937677235,-0.6171882142480722,-1.4056315590076118,0.15317971273313719,1.2601169374608725,0.5299827951559593,-0.347932737960364,-0.303380301792099,0.4858198613374922,-1.4644471280018216,-1.118004366035222,-0.7148756948944552,0.557210957803923,-0.6133762595122814,0.0,0.14990855921635662,0.0,0
34625.5372513,188.0,CONTEXTUAL_OVERRIDE_1,34624.5372513,34626.5372513,249,0.486835921557304,0.5466304560000133,0.3472829677953082,1.037192898210219,0.29442341619756546,-0.2865723320781945,0.37637049266474837,0.06029458701242755,0.2722987571316305,83.259765625,81.046875,9.697927856445313,1.5096771759337975,4.047126770019531,-1.2035035706743573,-0.8723423232441233,-1.0651476797878137,0.6639680431093242,-0.41962101872159363,-1.0549400682297037,1.2018936699433511,-0.24989860014875998,-0.30351492398757446,-0.18721663762705226,-0.24286915020297534,0.30128639115805145,-0.035209812933612576,0.0,-0.7801891197045989,-1.0549400682297037,-0.6953909357844829,-1.0888467593780202,-0.6070948827902977,0.0,0.0,0.0,0
34626.5372513,189.0,CONTEXTUAL_OVERRIDE_1,34625.5372513,34627.5372513,249,0.5234286430389589,0.40310590944886826,0.3578032041324306,1.2261851558156187,0.2219858334283744,-0.0249326064816236,0.1607375621731442,-0.27352886118907466,0.3107507433477007,200.943359375,208.720703125,10.43836669921875,1.1311331005892786,3.6383209228515625,-1.052550819957822,-1.5030721158425624,-1.0250048618814194,1.1213531209412306,-0.7703335072838516,0.33476672728530427,0.024861337986959213,-1.5663256854319514,-0.07867450597773638,2.399472489541122,1.9011029604814669,-0.2582887119208731,-0.2519163838527216,1.0751438625056473,-0.9928206811810689,0.11973795478417479,-1.0950361467031895,-1.2942855731838763,-1.141000643031243,0.0,0.0,0.0,0
34627.5372513,190.0,CONTEXTUAL_OVERRIDE_1,34626.5372513,34628.5372513,249,0.9538537091830112,0.7176624649214829,0.9502648083917861,1.087517672060499,0.367368940951734,-0.28041594867767416,0.572471772792583,-0.0033268604185011487,0.35247564611592946,322.166015625,199.19921875,9.106828689575195,1.0510888417429094,3.6255416870117188,0.7230440273498568,-0.12072884591958997,1.2356932378742917,0.7857603371219326,-0.06644928744600094,-1.0222402638403236,2.2723124901220526,-0.5007886950603682,0.16530364711719076,5.06395032282721,1.7412127366813988,-0.37661251438447896,-0.25869061273668675,1.7426166766564497,-1.0966663698139067,-1.3707635991716136,-0.7298973630931882,0.4723241748810523,-1.0957256881853388,0.0,0.0,0.0,0
34628.5372513,191.0,CONTEXTUAL_OVERRIDE_1,34627.5372513,34629.5372513,249,0.6268005582560734,0.5141559348371916,0.5082234599002479,1.00415960600818,0.27929064704083983,-0.036583504390588384,0.31466593689284694,-0.04409917277446857,0.2128346631258963,311.884765625,310.197265625,9.81903533935547,1.5902604157025022,4.21319580078125,-0.6261197069649591,-1.0150541344983826,-0.4510355380732043,0.5840233135404554,-0.4928875597477347,0.2728826538288682,0.8650793577371633,-0.6615736147662588,-0.6512195049082318,4.83796812138974,3.6051555692519983,0.42040693124038503,0.05282280803192211,2.1107809226604344,-1.1745675516009706,-0.1492735307032187,-1.2864662685639434,-0.9592442717585947,-1.2713500112155005,0.0,0.0,0.0,0
34629.5372513,192.0,CONTEXTUAL_OVERRIDE_1,34628.5372513,34630.5372513,249,0.383099276400651,0.5551549909874627,0.11861762536863425,0.8135223802400322,0.20051270380527234,-0.1509784764860739,0.22666207154068893,-0.1507060541326271,0.25509603189059354,204.65234375,293.724609375,10.503902816772461,1.2568956451376472,4.039459228515625,-1.6314392721594864,-0.8348805906427517,-1.9376823746735838,0.12265720547650386,-0.8742974226913256,-0.334729472851674,0.3847102665205508,-1.0819760366259108,-0.4041044725317962,2.480996083866683,3.328537282579224,-0.07238278071570743,-0.0392743502639917,1.4523833416114766,-1.280187170969786,-0.6252061411739693,-1.5516193731046473,-1.797170122977795,-1.0992348245323442,0.0,0.0,0.0,0
34630.5372513,193.0,CONTEXTUAL_OVERRIDE_1,34629.5372513,34631.5372513,250,0.7158323457091196,0.6915738908523411,0.5882669180764565,0.7816000885733496,0.3608739306302309,-0.17634724544794042,0.36729056589739084,-0.08974671056811506,0.2701940173445288,317.193359375,306.888671875,8.812748336791993,1.25589823608364,4.021568298339844,-0.25884466774753023,-0.2353771155516778,-0.14560799222735363,0.045401237197508756,-0.09789541176450504,-0.46947640602388246,1.1523308904893466,-0.84158390299434,-0.3158219754588481,4.95465118056661,3.5495957663561386,-0.07385718042385238,-0.04875827070154299,2.126061736730687,-0.8688070262574464,-0.8946887533700199,-1.0457612966811056,-0.5334275813859011,-0.9609151505529004,0.0,0.0,0.0,0
34631.5372513,194.0,CONTEXTUAL_OVERRIDE_1,34630.5372513,34632.5372513,249,0.7283609620636513,0.6818715924994265,0.5578793830195407,0.9029418869120354,0.24646268080954667,-0.08120885938829839,0.1799632801260319,0.08049938752724649,0.22145393352747247,212.6982421875,201.96875,9.339206314086914,1.6805778028315392,4.903045654296875,-0.20716146341584718,-0.27801462094648705,-0.26155988221575005,0.33906367914411245,-0.6518268463898526,0.035853819804590334,0.1298049177269952,-0.17022131326627507,-0.6008200184125178,2.6578451869862985,1.7877202930605776,0.5539167772644005,0.41850983829349453,1.111391370011719,-0.9130465957102949,-0.1864244541977535,-0.8454134406975296,-0.407080247003699,-0.8092647166330483,0.0,0.0,0.0,0
34632.5372513,195.0,CONTEXTUAL_OVERRIDE_1,34631.5372513,34633.5372513,249,0.6319983813891701,0.6621311232886171,0.48294047121495876,1.2557834804655406,0.20326991603692773,-0.08492526717884487,0.12963174780247547,-0.06097527610182362,0.14462163973499104,173.1708984375,230.7578125,11.287393951416016,1.221802534934622,4.192756652832031,-0.6046775821950826,-0.36476564960549634,-0.5475096455361365,1.1929847962025761,-0.8609481538961575,0.016114014812626032,-0.14492974699547298,-0.7281242409546201,-1.050081727700671,1.7890329163382166,2.2711627338427323,-0.12425845923833582,0.041988086133329404,1.0150489125452373,-1.063957936405205,-0.18689576769642144,-0.9758165045432062,-0.6889437547283198,-1.1240467284271833,0.0,0.0,0.0,0
34633.5372513,196.0,CONTEXTUAL_OVERRIDE_1,34632.5372513,34634.5372513,249,0.925416679317594,0.8527461569946224,0.6711853165949001,0.8490822676099159,0.22126595955904885,-0.2710201271020877,0.3282961836528227,-0.14218254479582199,0.138747202726238,148.5380859375,63.34375,10.256068801879882,1.7430718732621202,4.9260406494140625,0.6057352373341965,0.47290695459040305,0.1707896690181721,0.20871661372129632,-0.7738188355693986,-0.9723340920490698,0.9394800584671474,-1.0483637226525033,-1.0844313414032916,1.2476029154777757,-0.5401501734899123,0.6462973695935422,0.43069940596888023,0.3119007288694439,-1.1180429988834317,-1.0347142378229586,-0.6502014143487055,0.3801535225444127,-0.6229583831424836,0.0,0.07368703713745897,0.0,0
34634.5372513,197.0,CONTEXTUAL_OVERRIDE_1,34633.5372513,34635.5372513,249,1.2071555206953055,1.118289575861409,0.8365015313012597,1.428634027484968,0.2866046699718674,-0.13155143259795957,0.22800032889890534,-0.21410758692925902,0.2424106490658645,173.21484375,176.6015625,9.237389755249023,0.9875049145819336,3.2755126953125,1.7679678171377105,1.639858180233503,0.8015985682930533,1.6113049004411193,-0.45747611881498884,-0.23154218030073484,0.3920151441916382,-1.3319989019207914,-0.4782797507839997,1.7899988357022636,1.3617399388625702,-0.4706041653246872,-0.44423977510530743,0.7879346936412084,-0.732667600800722,-0.3891291190289765,-0.3995512117774359,1.2859264486150577,-0.960666492045153,0.0,0.6626513329468114,0.0,0
34635.5372513,198.0,CONTEXTUAL_OVERRIDE_1,34634.5372513,34636.5372513,249,0.7692787311564849,0.8198147325736651,0.8704364217432858,0.9755270790686109,0.25295568228693477,-0.05301213956280656,0.3016675457474672,0.15474171137159945,0.4683109647669136,182.7041015625,171.326171875,10.464810943603515,1.2865994429669032,4.3000640869140625,-0.038366972389979416,0.32818724640027896,0.9310863558326545,0.5147289904358415,-0.6203904480546265,0.18562149389678603,0.7941276408233899,0.12255202698176487,0.8426278643745381,1.9985730237121315,1.273152555378676,-0.028473743922530874,0.09887138717987902,1.0592263676117777,-1.070474013823999,-0.026223779625569515,-0.6207957105479803,0.21536858110422744,-0.8426051024373027,0.0,0.0,0.0,0
34636.5372513,199.0,CONTEXTUAL_OVERRIDE_1,34635.5372513,34637.5372513,249,0.7135458549810729,0.8023101409578526,0.5367534183172414,0.961739653100204,0.26403748330859467,-0.10161901327913235,0.22642469642589605,-0.26502513733689054,0.32126765669145907,69.3349609375,85.697265625,9.893002700805663,1.5099112166174633,4.223411560058594,-0.268276927795735,0.2512619558861057,-0.3421717360719992,0.4813616822743179,-0.5667370009698196,-0.07255528930498895,0.38341455447751494,-1.5327913951803371,-0.017178926033009648,-0.4932842867813905,-0.16477712499929076,0.30163235705269076,0.058238146823342656,0.0,-0.681761367313074,-0.07255528930498895,-0.46051168604019055,-0.19023233395605932,-0.4640648363862652,0.0,0.0,0.0,0
34637.5372513,200.0,CONTEXTUAL_OVERRIDE_1,34636.5372513,34638.5372513,250,0.8850711503056805,0.9367765162461533,0.7735155333824746,0.8203139589355021,0.2205847665642533,-0.05555023161263216,0.26413472793872156,-0.14695341761438233,0.26778910123226024,85.796875,81.740234375,9.43016471862793,1.2033239849857638,3.58721923828125,0.439301358222052,0.8421849097296217,0.5612583930268074,0.13909368170885217,-0.777116887233507,0.17214034625667599,0.5892547581444508,-1.067177578397601,-0.32988424888531354,-0.13145089300940932,-0.2312258621108678,-0.15157400098329823,-0.2790052107570791,0.0,-0.9538933146768422,0.17214034625667599,-0.41875479406689664,0.5625630307052304,-0.45840584937093387,0.0,0.3100431626802819,0.0,0
34657.2365242,1.0,WASHOUT_3,34656.2365242,34658.2365242,249,0.974412664504815,1.0681343864693214,0.870318136414665,0.8367456420191239,0.18852888402867157,0.013374230253189925,0.19770337608764074,0.19885603712268424,0.5189043998138952,113.201171875,399.0234375,12.311438369750977,1.348026868818241,4.5376739501953125,0.8078540860726139,1.4194472960804287,0.9306350060477578,0.17886042528521376,-0.9323180674404048,0.5382345730173363,0.22663922995944719,0.2965161196199777,1.1384630137110583,0.4708964224102583,5.096775566832163,0.06233010268727737,0.22482755694836398,1.7506627806433643,-1.350442392556912,0.18810201688866346,-0.985370662932936,0.7105466329689727,-1.083481369747844,0.0,0.0,0.0,0
34658.2365242,2.0,WASHOUT_3,34657.2365242,34659.2365242,249,0.8253859968419991,0.7911034119982141,0.8284986475797682,0.5456861485246656,0.17701543518725238,0.05808937885868165,0.10737946723068965,0.1328278976382869,0.383388767555331,73.6376953125,76.15234375,11.305534362792969,2.0514363353477445,5.659324645996094,0.1930874192889205,0.20201311307648315,0.7710613927331975,-0.5255402246273069,-0.9880613727902592,0.7757403483265951,-0.2663938185222325,0.036135275564799556,0.34606203778568395,-0.3987100486038175,-0.32506092473486675,1.1021308825085103,0.8194107258044311,0.09554932833762088,-1.0071712384577833,0.756630482659071,-0.5363922615847009,0.3828310495012869,-0.41119180761170293,0.0,0.14159341666643646,0.0,0
34659.2365242,3.0,WASHOUT_3,34658.2365242,34660.2365242,250,0.5149501954913788,0.5878824089979856,0.3159882868102792,0.74842821659006,0.2847492174298004,0.006342641217783243,0.13066258315142654,-0.08899206270721192,0.1263925336141406,56.6162109375,71.861328125,8.834720993041993,0.7555926453231883,2.6188735961914062,-1.0875262174492248,-0.6910574045043184,-1.1845610313479693,-0.03487887290406756,-0.46645944423200214,0.5008860891680567,-0.13930293233468444,-0.8386079620012907,-1.1566728363400673,-0.7728428156113296,-0.3971181189274308,-0.8134237745277156,-0.7923218989000735,0.0,-0.46645944423200214,0.5008860891680567,-0.6528701699982049,-1.042194639724804,-0.3678246272731401,0.0,0.0,0.0,0
34660.2365242,4.0,WASHOUT_3,34659.2365242,34661.2365242,249,0.8720705242453997,0.8358066133352168,0.595913583423344,0.510197203537645,0.5716886710443068,0.19133625856766845,0.27586180171910135,-0.06078870606818563,0.3832326416138337,60.4375,63.30078125,8.808660888671875,0.8896676934377115,2.8590469360351562,0.385671013569487,0.3984648113072554,-0.11643006458630939,-0.611427943366304,0.9227814166134977,1.483484914984162,0.6532669893341695,-0.7273885052029632,0.34514912208475795,-0.6888507606887596,-0.5408717293716767,-0.6152300534908334,-0.6650068390390439,0.08628728052118949,0.7095438637090089,1.4662274588799242,0.04632429698709531,0.19955130368433355,0.1706810414331412,0.3399513203523231,0.13169331587221464,0.044769316612334915,0
34661.2365242,5.0,WASHOUT_3,34660.2365242,34662.2365242,249,0.8112437292679603,0.8738763006384803,0.6507580317065115,0.5234191656904666,0.5834993419635114,0.008793257392886802,0.21138969298297777,0.14176302396656298,0.3730845596641648,60.1259765625,43.33984375,10.955499649047852,1.8162293462558559,5.950592041015625,0.13474756083535688,0.565765015725726,0.09284381767801834,-0.5794291288911332,0.9799637469911187,0.5139026062278232,0.30134598951832603,0.07137079413708858,0.28581021109222116,-0.6956980557361145,-0.8760672344458709,0.7544409205240535,0.9738105682540668,0.08929525130732743,0.8717008998741553,0.49604355596635774,0.38111392533018656,0.1928904540122631,0.438351906305714,0.5897428117110598,0.193387052613156,0.11404862415659728,0
34662.2365242,6.0,WASHOUT_3,34661.2365242,34663.2365242,249,0.7059761223031575,0.761072178451523,0.5313166578220341,0.9066618579432061,0.5837542694228675,0.1310998972720688,0.3013733160769406,0.18360239598339054,0.39005405034266033,63.7470703125,32.54296875,12.7197265625,1.183045401373765,3.7149658203125,-0.2995036833813514,0.07003851945092555,-0.3629171717795286,0.34806647778349886,0.9811979991604448,1.163537779897084,0.7925215881929263,0.23636364545095132,0.38503596645703514,-0.6161063001386473,-1.0573745487364918,-0.1815504059888484,-0.2112871878119368,0.1553499029769966,0.7123715421071676,1.1324677993016847,0.03574401960947398,-0.2710924492008075,-0.08271262629118291,0.29731075954797104,0.0,0.0,0
34663.2365242,7.0,WASHOUT_3,34662.2365242,34664.2365242,249,0.46715817608247084,0.6735115304822017,0.3106309913668854,0.7673774323656654,0.5095629432501609,0.09472177351173779,0.2768930177570854,0.148842968990274,0.32118572273029294,119.15625,68.44140625,11.168714141845703,2.036760529659152,5.912269592285156,-1.2846784515537444,-0.31475356427668105,-1.2050032465761624,0.01098061701469419,0.6219946183039708,0.9703143476275903,0.6588958819860108,0.09929043681570368,-0.01765801873772133,0.601789228675996,-0.4545474075169527,1.080436670352406,0.9534959702336744,0.17526991637292494,0.38927187043358263,0.9352603643530053,-0.31802083486940247,-1.0890976398121166,-0.14136087061921987,0.0,0.0,0.0,0
34664.2365242,8.0,WASHOUT_3,34663.2365242,34665.2365242,249,0.48486365909814183,0.4230890433393267,0.29831775527423593,0.4054202851496503,0.4400331416852919,-0.06147843140305897,0.02752778381563667,0.2160426540672057,0.35412680023420406,196.5390625,239.388671875,8.841747665405274,0.6813282186344198,2.0951004028320312,-1.211639572351487,-1.4152546783584157,-1.2519877418352179,-0.865001288534445,0.28536039054745677,0.14065254555996573,-0.7022642253584594,0.36429125097174025,0.17495844570328753,2.3026659043888626,2.4160970720935016,-0.9232036573105689,-1.0699722638803597,1.314503168289348,0.02245975688958718,-0.12224808809790386,-0.6292698612418686,-1.4636599281155809,-0.1539797853411271,0.0,0.0,0.0,0
34665.2365242,9.0,WASHOUT_3,34664.2365242,34666.2365242,249,0.9104172398722237,0.863800064741891,0.39001736988186325,0.8430554097002931,0.3854476341495553,-0.26406379812908154,0.18020101690700527,0.13959173821464904,0.38882481050410134,141.7890625,210.21875,8.732904815673828,0.7653227536836538,2.401702880859375,0.5438593627939584,0.5214842126857804,-0.9020829665697403,0.19413085815119147,0.021080186053467675,-0.9353853541478123,0.13110260392484507,0.06280836573636207,0.37784822854454103,1.0992591660349234,1.926259022359344,-0.799040439155682,-0.9074433467699659,0.8665436956687926,-0.1915593342577444,-1.1086940932815708,-0.5475142994013926,-0.09667703685529057,-0.42589437170678746,0.0,0.0,0.0,0
34666.2365242,10.0,WASHOUT_3,34665.2365242,34667.2365242,250,0.52633574447036,0.8189749379280044,0.503834525605559,0.18395067940799484,0.5168830769491681,-0.13859270002551322,0.26730145837063213,0.14938281020503089,0.4121554756786336,83.396484375,58.78515625,10.634846878051757,1.6719330075609375,5.42681884765625,-1.0405584089013777,0.3244967034554585,-0.4677827084360155,-1.4009856412429473,0.6574356450202732,-0.2689420712033801,0.6065403559260666,0.1014192914563435,0.5142696992278183,-0.18421155516112847,-0.6167006929461911,0.5411377839589564,0.6961602032737806,0.15392224767104046,0.4446890887082451,-0.2997265207375882,0.08915275976277082,-0.5901642284177898,0.5452061593918422,0.2639649982169333,0.0,0.0,0
34667.2365242,11.0,WASHOUT_3,34666.2365242,34668.2365242,249,0.5381493812555385,0.5684892224508016,0.385943577998188,0.48733420524628973,0.3939889139460892,-0.07944798882779049,0.0874748692365894,0.16017219957927367,0.2623432368521483,97.978515625,117.525390625,12.943672943115235,1.3441021136129743,4.358833312988281,-0.9918246472000852,-0.7762822724635382,-0.9176276255046225,-0.6667592801388189,0.06243349159506279,0.04520673354267225,-0.3750430649069935,0.1439670647851553,-0.3617278685300519,0.1363019547044006,0.36969899542038326,0.05652841289316839,0.13002475141461572,0.1624920037274848,0.029935090849565832,0.012708332797175294,-0.25610727390020066,-0.9471210152184867,0.11057684215639202,0.0,0.0,0.0,0
34668.2365242,12.0,WASHOUT_3,34667.2365242,34669.2365242,249,1.006504136041886,0.9715367565706786,0.8139230088216259,0.6840246996233477,0.366750158331985,-0.016801391978345754,0.09700780756599635,0.32471344626262594,0.28413839563507515,158.876953125,91.955078125,11.875683212280274,2.137858946815917,5.7538604736328125,0.9402382244180191,0.9949414917735651,0.7154440858792781,-0.1907434992845431,-0.06944517416881894,0.3779559028786894,-0.32300752188173554,0.7928326700840381,-0.2342849691227896,1.474851544525884,-0.05969235021869211,1.2298833553919895,0.8695238422827671,0.5669210536524806,-0.18282938489931505,0.2645716921481933,-0.11633974206756256,0.7874627713526968,-0.17978066575404733,0.0,0.41457178080287915,0.0,0
34669.2365242,13.0,WASHOUT_3,34668.2365242,34670.2365242,249,0.16567190609009969,0.3393088632426304,0.0743382824519882,1.0133153609090735,0.3779310093510625,0.14902388947740772,0.3907421879590417,-0.04858468760131032,0.27089801979108297,177.3837890625,175.685546875,9.26728401184082,0.78323138817454,2.7261810302734375,-2.528373369993529,-1.7834332017263237,-2.106642229068254,0.6061813940936734,-0.015312168410759434,1.2587415709640626,1.2803415674321228,-0.679262166128683,-0.31170545977422964,1.8816323860381827,1.346357679383138,-0.7725673633794465,-0.735438597853524,0.8069975163553302,-0.5608141419114623,1.0973420676929966,-1.2563261279457996,-2.3528290644695415,-0.9901810062130063,0.0,0.0,0.0,0
34670.2365242,14.0,WASHOUT_3,34669.2365242,34671.2365242,249,0.8013333065876452,0.7138735725014621,0.579483826669292,0.4301455433351854,0.4326647395002835,-0.26588599273505625,-0.026307574412134476,-0.050071822814086765,0.23259961331284082,111.1103515625,105.388671875,8.582033157348633,0.40384553748288043,1.48956298828125,0.0938649616794812,-0.13737942860863483,-0.17912226203219547,-0.8051630481594496,0.24968566800369216,-0.9450639922861908,-0.9961245234682066,-0.6851266585246623,-0.5356478505077376,0.4249401255563809,0.16589225681656303,-1.3333868037953558,-1.3909655607707683,0.14770809559323597,0.22014404888504496,-0.9746056114048379,0.03937163748041688,-0.07008565901621425,0.2878934193648054,0.1160297816822912,0.0,0.0,0
34671.2365242,15.0,WASHOUT_3,34670.2365242,34672.2365242,249,0.8536363034550178,0.7482071177136531,0.5801187865077945,0.5156486079308394,0.39424766616377455,-0.011867695191563093,0.20646153880532536,0.09335864335699097,0.05586512312974361,102.9501953125,44.501953125,9.827338790893554,1.4753192158557997,4.678199768066406,0.3096259362166277,0.013502008547744117,-0.176699400381746,-0.5982348578173687,0.0636862616450323,0.40416137277042313,0.2744456603768608,-0.11951105680567083,-1.5690679819472917,0.24557963209024364,-0.8565524276436062,0.2504974334000165,0.2993198087774715,0.06139490802256091,-0.030926418072538125,0.39188239116591095,-0.15490958527415488,0.07097804667003606,0.06040379532551164,0.0,0.006423734009682077,0.0,0
34672.2365242,16.0,WASHOUT_3,34671.2365242,34673.2365242,249,0.41807716188870614,0.34904922837657115,0.22528268824057987,0.46565867748226497,0.4255540466840779,-0.2703398882744802,0.10391303652267676,0.19498427377508928,0.18087425682813602,106.5390625,122.80078125,12.27298469543457,1.538174886065873,4.762519836425781,-1.4871480630096847,-1.740628408898957,-1.5306728685531323,-0.7192167886050961,0.21525866647163816,-0.9687209842951006,-0.28531533023436184,0.28124788676802975,-0.8381016875703448,0.3244630468207432,0.4582863789042774,0.34341255327049836,0.344017586464387,0.2659993281232626,0.16205880084698565,-1.0219208499197532,-0.36003570870325663,-1.592977713346235,0.12117388403515782,0.0,0.0,0.0,0
34673.2365242,17.0,WASHOUT_3,34672.2365242,34674.2365242,249,0.5477829449121324,0.5940897175001093,0.2297870586766674,0.7748532207611389,0.334636468026395,-0.17360269705507975,0.15339438345978185,0.0964517531765846,0.2278328687771479,97.0625,144.638671875,11.574320220947266,2.047734890417752,5.304176330566406,-0.9520841503393981,-0.6637789040790002,-1.5134852202528026,0.02907296693655074,-0.2249262354278278,-0.4548986596840191,-0.015221402368405705,-0.10731343088632377,-0.5635204505843335,0.11616790218271118,0.8250007568137261,1.0966592966004323,0.6311478275664727,0.23529216474910933,-0.2719846683776497,-0.501957092633841,-0.5867859138581853,-1.1262073002693764,-0.2840722020086283,0.0,0.0,0.0,0
34674.2365242,18.0,WASHOUT_3,34673.2365242,34675.2365242,249,0.5479755054772091,0.3897907871626582,0.2194483366219347,0.6864367703452744,0.40653301688003757,-0.0439907999339903,0.03235310036622344,0.16469738388472055,0.30481163366171343,251.982421875,110.26171875,9.134805679321289,0.7034559845684035,2.5192337036132812,-0.9512897970964336,-1.5615864572553146,-1.5529354211350272,-0.18490598419867116,0.12316679312948785,0.23353859424624118,-0.6759252353952078,0.16181205206116256,-0.11340228042610993,3.5213127038199867,0.24772325340757226,-0.8904937360361543,-0.845140662616244,0.9827120023221804,-0.07337560733494823,0.0369961937818051,-0.6816676786548844,-1.4313318978900447,-0.33904963613631106,0.0,0.0,0.0,0
34675.2365242,19.0,WASHOUT_3,34674.2365242,34676.2365242,250,0.4951699813800967,0.5467806778213362,0.13546896309038234,0.47547104886938996,0.31329461616421606,-0.14326645385380174,0.0721164738101119,0.046580348683926326,0.29199984327097905,349.6923828125,269.046875,8.473955154418945,0.2954673601152601,0.9581222534179688,-1.1691238032247724,-0.8716821617561856,-1.8733815205895092,-0.695469613416648,-0.32825455880605187,-0.293766846726008,-0.4588768649797475,-0.3039804655387857,-0.18831670203024684,5.668980747591451,2.914134620484073,-1.4935946467441523,-1.6726804630814334,2.1457788420188812,-0.7574103272098281,-0.7229226151297843,-1.4213657706175031,-1.677992502311545,-0.8030794251961062,0.0,0.0,0.0,0
34676.2365242,20.0,WASHOUT_3,34675.2365242,34677.2365242,249,0.7557434483343958,0.7926470405780263,0.5581445467294401,0.8853655630692051,0.4223362598054141,-0.28537796695767154,-0.16961641993524867,0.08729365223186035,0.21575375982203435,171.6728515625,165.537109375,9.673144912719726,1.5287993533277884,4.683311462402344,-0.09420288977986105,0.20879670903542943,-0.2605480780907497,0.2965267606972373,0.19967948780860936,-1.0485961641435322,-1.7783758440410495,-0.14342824606286392,-0.6341506617623213,1.7561057984615946,1.1759392993082347,0.3295533621219939,0.3020295003310576,0.7330112744424573,0.0530772329201179,-1.1951984190320237,-0.2191973600272369,-0.20177547709198257,-0.27443645322843646,0.0,0.0,0.0,0
34677.2365242,21.0,WASHOUT_3,34676.2365242,34678.2365242,249,0.5897697306048298,0.7042335728876209,0.5862587870548989,0.44335508199267276,0.46836142155170835,-0.06882994054522476,-0.02460824676081034,0.14674507981004842,0.3448268180159716,138.15625,43.720703125,12.394475173950195,1.7445134218805045,5.475364685058594,-0.7788797387124627,-0.17974315734489255,-0.1532705613320149,-0.7731943001084405,0.4225140771951093,0.10160479702382981,-0.9868487436342267,0.09101744654599539,0.12057863089524114,1.0194098319403768,-0.8696716254938681,0.6484283096062515,0.7218941844013451,0.30775147734540337,0.3609637817260286,0.040054501554749135,0.07526366996901136,-0.48625193195760247,0.29150487134030056,0.1639025449277174,0.0,0.0,0
34678.2365242,22.0,WASHOUT_3,34677.2365242,34679.2365242,249,1.1102404509532,1.1066406565963232,0.8672166390181537,0.376814380047568,0.5001273897518419,-0.04015862171208995,0.20640498369752003,0.0066064274305368135,0.5236227510202509,145.798828125,99.845703125,11.999983215332032,1.9923365614962756,5.5341339111328125,1.3681725635709596,1.588666097703945,0.9188004006990185,-0.9342311834377915,0.5763116134071643,0.25389331715560254,0.2741369543259232,-0.46161694352272675,1.1660526433232437,1.1873939417855168,0.07281154806895411,1.0147678402662597,0.7530475486360818,0.6065645332944286,0.37275762045050165,0.13258041049671682,0.25655957599958,1.1640063333982131,0.31503656693298965,0.19338348843694997,0.7448034419197794,0.1440326877982942,0
34679.2365242,23.0,WASHOUT_3,34678.2365242,34680.2365242,249,1.01581624258661,1.0299576173352925,0.8426991168480005,0.48617865069308963,0.5683799613035363,0.06860674675376024,0.4302801662491148,-0.03442708281106419,0.3349442458845172,113.2890625,144.66015625,9.441151428222657,0.921532493610591,3.1963043212890625,0.9786526423944532,1.251676512220792,0.8252471385427752,-0.6695558677660114,0.9067620274683186,0.8316036450847447,1.4961596184204804,-0.6234318926442237,0.06279223628450084,0.47282826113835213,0.8253615347546083,-0.5681265588050419,-0.4862278612386368,0.3402455080443653,0.3898650403333014,0.7635545434758717,0.1829652711127439,0.9285286638049787,0.18098530707772598,0.2078230692496199,0.6185140172771608,0.128541481444452,0
34680.2365242,24.0,WASHOUT_3,34679.2365242,34681.2365242,249,0.6991522563982691,0.556635649850717,0.6953721221424385,0.9908938157823093,0.5039733195942222,-0.055428786696625335,0.19217972791808324,0.1659799970032641,0.34558440728042367,92.234375,91.10546875,8.666476440429687,0.3769145873486461,1.3030471801757812,-0.32765358005903117,-0.8283737200051451,0.26308099211384506,0.5519184296058434,0.5949319976648058,0.17278540435964795,0.1964883969160032,0.16687001506012805,0.1250084849460049,0.010045561386088106,-0.07395947788085204,-1.373196934712508,-1.4898369479506473,0.07548101534805526,0.5208892755203938,0.1576892012900369,0.3018512554696567,-0.23236266008995557,0.027404484378662705,0.3578774843137779,0.0,0.0,0
34681.2365242,25.0,WASHOUT_3,34680.2365242,34682.2365242,249,1.0651659827600748,0.9985903076734207,0.9493499793481208,0.7683827229291801,0.5567572122732914,-0.07811927767464198,-0.0027020358297119504,0.06769168550767811,0.36689223162446744,101.9912109375,96.89453125,10.117971801757813,1.6945752580243982,5.0767822265625,1.1822308056110233,1.1138304280991937,1.2322024592892376,0.013413546852470398,0.8504895363041678,0.052264220377275704,-0.8672736932104546,-0.22072826815405389,0.24960179218048953,0.2245011250792639,0.0232537781895894,0.5746082315561051,0.5106069965894083,0.1243391738623357,0.8256217015317007,0.027396385604808563,0.7255784800781991,1.167389932816682,0.39607977381013043,0.7127802243330009,0.9374208142148499,0.6681750182504851,0
34682.2365242,26.0,WASHOUT_3,34681.2365242,34683.2365242,250,0.6563696046934533,0.5971805889516568,0.5325782414726365,0.7272046066961753,0.39826130321659226,-0.1802734667591929,0.26950198055322405,-0.13496159318013698,0.23998338276008732,67.1220703125,81.763671875,11.90838623046875,1.2624802266437274,4.1723175048828125,-0.504141108078151,-0.6501958288738938,-0.35810325685053457,-0.08624268317960095,0.08311861409478959,-0.49033064145966115,0.6185519060645033,-1.0198880228788036,-0.49247271256614167,-0.5419236929798428,-0.23083228617535995,-0.06412748635117832,0.031153364234736698,0.0,-0.1024469577245614,-0.49033064145966115,-0.1458716409611424,-0.4822388043076339,-0.04132919260377374,0.0,0.0,0.0,0
34683.2365242,27.0,WASHOUT_3,34682.2365242,34684.2365242,249,0.5132939923211771,0.5477278202575739,0.27495533071759565,0.7407192410600543,0.31554299117451406,-0.1435987736175608,0.22332015629355867,0.20661374765498602,0.4158739507192989,65.658203125,52.68359375,10.713412857055664,1.8129020051716038,5.457481384277344,-1.0943584074084418,-0.8675198705891027,-1.3411334154471106,-0.053535565074801145,-0.31736886708445866,-0.29553197254138974,0.3664684224406016,0.32710851904407184,0.5360127498417531,-0.574099540239984,-0.7191616281567373,0.7495223460396833,0.7124143082795454,0.21578031722145624,-0.47046545726093036,-0.338688035985681,-0.6479844346606535,-1.1677290004413265,-0.3302311397652934,0.0,0.0,0.0,0
34684.2365242,28.0,WASHOUT_3,34683.2365242,34685.2365242,249,0.6149281502631138,0.5062736287638109,0.4464268786027291,1.1348438034282442,0.3973215222343048,-0.1383191304468282,0.010860885895382807,0.004162658394109193,0.12328351791433798,67.9501953125,49.375,8.785155487060546,0.5374788582666682,1.8523788452148438,-0.6750959123850647,-1.0496935421420721,-0.6868371713036735,0.9002955384756025,0.07856858751464112,-0.26748899865609055,-0.7932404861773948,-0.4712539051174313,-1.1748521934639038,-0.5237214791862472,-0.7747214310525969,-1.1358460572275737,-1.1986381252024307,0.0,0.07856858751464112,-0.26748899865609055,-0.12849656969286577,-0.7541248789579793,-0.2786422277115049,0.0,0.0,0.0,0
34685.2365242,29.0,WASHOUT_3,34684.2365242,34686.2365242,249,0.8371476574203566,0.751366090869232,0.5171674395081826,0.5103463295851635,0.462193791794942,-0.09563501509361239,0.18617402069602892,0.06792711881889413,0.37757161519517224,60.462890625,69.603515625,9.130080413818359,1.0214236562285035,3.0149002075195312,0.2416067680940481,0.0273843619926463,-0.41690735565843223,-0.6110670395403207,0.3926529926884885,-0.04077111385607706,0.163706244577276,-0.21979984089907093,0.3120473847860843,-0.6882926739450881,-0.435032600714688,-0.42046447330622744,-0.5823895568649298,0.07801184619652107,0.32793875007600154,-0.056373483095381274,0.05663651207806253,-0.04341943336907854,0.2802584956651081,0.1854823482965354,0.0,0.0,0
34686.2365242,30.0,WASHOUT_3,34685.2365242,34687.2365242,249,0.6633120885666689,0.6455060522770272,0.4702560602000606,0.3973980352668262,0.5296838157584062,0.11750361368316832,0.3230940934741929,-0.329420079620102,0.3649848362369466,54.37109375,51.1171875,11.617116928100586,1.9992763389766763,6.229087829589844,-0.47550188707917523,-0.43782581835745116,-0.5959104594821278,-0.884416144113892,0.7194114701596614,1.0913207354319838,0.911084449688652,-1.7867317538746663,0.2384486732276645,-0.8221905626767496,-0.7454656198465126,1.0250264255985115,1.1214402261354888,0.059612168306916125,0.4341637015916826,1.0793983017706006,-0.1409702814259557,-0.5190514989219012,0.18649920442821014,0.13866452585601488,0.0,0.0,0
34687.2365242,31.0,WASHOUT_3,34686.2365242,34688.2365242,249,0.6990354399907038,0.6378541194572553,0.6442468512117677,0.5706700270411521,0.5560218129938955,-0.07991966816803922,0.08340388957307239,-0.0961532015620433,0.2451270966124939,60.9091796875,91.240234375,12.361259841918946,1.5618379548293615,4.846832275390625,-0.3281354725594191,-0.4714528328045724,0.06799864076560881,-0.4650760904633283,0.8469290404744597,0.042701395398959216,-0.3972645070391035,-0.8668477911707608,-0.4623958586372086,-0.6784832261813225,-0.07169641625168184,0.37839200481901786,0.38871131983555085,0.0,0.8469290404744597,0.042701395398959216,0.47427035337256324,-0.21815200494469,0.5057639183146333,0.6451161190626237,0.0,0.0,0
34688.2365242,32.0,WASHOUT_3,34687.2365242,34689.2365242,249,0.9298588617611329,1.0003665409108164,0.42251760374960384,0.807154380173172,0.42211603695055944,-0.044174384289448025,0.23045807472560378,0.07009024841568988,0.3195844131020164,90.2783203125,175.193359375,10.196919631958007,1.548086086966733,5.375724792480469,0.6240601837138493,1.1216362233331807,-0.7780695006873946,0.10724584289944117,0.19861326082377934,0.232563480754786,0.40543074956860814,-0.2112695761572102,-0.02702136148318409,-0.03294858275137873,1.338092584737473,0.3580635850180883,0.6690754206851747,0.33452314618436824,0.01007940671632325,0.16565885151791235,-0.30573625832754536,0.18265153016962501,-0.19733745240138223,0.0,0.0,0.0,0
34689.2365242,33.0,WASHOUT_3,34688.2365242,34690.2365242,250,0.920811649484369,1.0172160526465348,1.0099799986138354,1.014752789587047,0.30317440474179713,0.027747986329813974,0.06396665084369633,0.04230967316680354,0.21450823863878912,136.021484375,113.166015625,8.66455955505371,0.45614069727913786,1.4870147705078125,0.5867385108730199,1.1956827143190796,1.4635527583748658,0.6096601526210489,-0.37725239110592124,0.6145811845695898,-0.5033626729188339,-0.3208218017405575,-0.6414336016319898,0.9724876157224525,0.29649387141592126,-1.25608254429298,-1.3923163622318095,0.31724537178459344,-0.44070146546283995,0.5511321102126711,-0.06603538139952814,0.9678255324201889,-0.4777362216638681,0.0,0.6008217220573079,0.0,0
34690.2365242,34.0,WASHOUT_3,34689.2365242,34691.2365242,249,0.9276056715709919,0.9636421182372052,0.39237538528548216,0.6684678543215663,0.29352189597164147,-0.04427443402770279,0.05160094557891691,-0.04554384214846632,0.41249201164491806,87.015625,112.1171875,9.064417266845703,1.0344140008271525,3.1452102661132812,0.6147652954596428,0.9602478890528838,-0.8930853186144436,-0.2283930251927986,-0.4239858027168084,0.23203206374299576,-0.5708608740094853,-0.6672706438499132,0.5162375270250498,-0.10466272931317437,0.2788813483019445,-0.40126175982774,-0.5133126438272427,0.19877971883174855,-0.46374174648315813,0.19227611997664604,-0.5664794439226142,0.12629714142759849,-0.280821839130608,0.0,0.0,0.0,0
34691.2365242,35.0,WASHOUT_3,34690.2365242,34692.2365242,249,0.6249889769889072,0.8121620838694735,0.35991233116883026,0.5773895979806113,0.23452206460424488,-0.07182102194060676,0.032787593857906076,-0.19015383577996417,0.16834117012603472,80.400390625,41.73046875,11.572660446166992,1.9936330916660823,5.784523010253906,-0.6335928645862741,0.2945570859433466,-1.016956915062498,-0.4488138820740374,-0.7096383175107432,0.08571758367492789,-0.6735535527094084,-1.2375376920298946,-0.9113864442333516,-0.25006579091437275,-0.9030927820174106,1.0166844096981131,0.885777947288532,0.0,-0.7096383175107432,0.08571758367492789,-0.6616838201315189,-0.5821402921470282,-0.2565259232151307,0.0,0.0,0.0,0
34692.2365242,36.0,WASHOUT_3,34691.2365242,34693.2365242,249,0.8076764069868659,0.7095392492473432,0.8096652331664086,1.161968717517315,0.6012330324964434,0.15323286424924878,0.1887286790618597,-0.039070368097534544,0.5049395479991957,68.787109375,45.28515625,12.384639358520507,1.354658246695723,3.9142608642578125,0.12003159850132976,-0.15642694955760922,0.6991973869139181,0.9659412485116043,1.065822861837822,1.2810976593953654,0.17765084704050124,-0.6417426091284559,1.0568062924738535,-0.5053260815198423,-0.8434004317987185,0.07213280256039013,-0.1056415717480926,0.2642015731184634,0.9596872931019791,1.2282573447716727,0.39092549570061774,0.22781767886617837,-0.14122372903717673,0.5408130674337583,0.18481715972275573,0.09995153506405838,0
34693.2365242,37.0,WASHOUT_3,34692.2365242,34694.2365242,249,0.7038599406464338,0.5925256566971012,0.6639842814125781,1.3620589084400785,0.35792098492786534,0.07592680618783416,0.2505116297877132,-0.0350109752210781,0.29164909829671337,70.85546875,75.01171875,10.227069091796874,1.4589557543170981,4.9541473388671875,-0.30823338232594827,-0.6706522910333432,0.14331216425514137,1.450184723393479,-0.11219234018584265,0.8704843476076938,0.5148930780958809,-0.6257344624234731,-0.19036761420382364,-0.45986347678536665,-0.3442149535962493,0.22630847820658648,0.4455986651978521,0.0,-0.26666026361460693,0.8704843476076938,-0.28493197344578725,-0.22267622276404592,-0.7168591416050267,0.0,0.0,0.0,0
34694.2365242,38.0,WASHOUT_3,34693.2365242,34695.2365242,249,0.6886220191870772,0.6661899955199111,0.4581857282500702,0.5928919084912434,0.38131379804644266,-0.024849409687487153,0.1913008307197007,0.12460626978245404,0.4626623901014733,56.091796875,61.064453125,8.695219039916992,0.4564828336150293,1.6556396484375,-0.37109304584251845,-0.34692861961902405,-0.6419680880382876,-0.4112963372321514,0.0010658800591522813,0.3352086294082057,0.19169093663661219,0.0037134260726570225,0.8095989362510126,-0.784369453355623,-0.5784254332180517,-1.255576788192454,-1.3029288954894818,0.20332809058091741,-0.09710701904801486,0.29454301129202226,-0.3236415073896139,-0.4915656389534764,-0.07150065120214934,0.0,0.0,0.0,0
34695.2365242,39.0,WASHOUT_3,34694.2365242,34696.2365242,249,0.4996040223566021,0.32121259025977766,0.4838219220794218,0.40093154652568896,0.41164014557917633,-0.3295895729382572,0.21742045319353825,0.00760745661222995,0.20915237033510534,69.904296875,50.849609375,8.62444610595703,0.5028270971963603,1.7144012451171875,-1.1508324421263945,-1.8629586820678492,-0.5441462304557436,-0.8758646016188059,0.14789337492598154,-1.2834273585722773,0.3342648935925913,-0.4576694019853082,-0.6727509869404925,-0.4807702647982936,-0.7499589451102274,-1.187069320344653,-1.2717795755704968,0.0,0.04761390684820414,-1.2834273585722773,-0.10984890884742363,-1.0809175160299576,0.2495813253282471,0.0,0.0,0.0,0
34696.2365242,40.0,WASHOUT_3,34695.2365242,34697.2365242,249,0.8748500063079371,0.9016258304149192,0.6780396716304941,1.2063118551206615,0.3517009170926479,-0.09617314530172472,0.18388402272477536,0.006131219362485968,0.20272106045290222,60.505859375,91.91015625,10.123080444335937,1.4028025702140716,4.32305908203125,0.39713696761495576,0.6877124845119136,0.1969443215604065,1.0732572290760807,-0.14230730794320104,-0.04362940766211296,0.15120629085436846,-0.46349091844958573,-0.7103568051195549,-0.6873482194557977,-0.060446704095082175,0.14330117250760466,0.11106095485526477,0.0,-0.18766919519951158,-0.04362940766211296,-0.05398197696962976,0.38518464487525506,-0.39177342152508504,0.0,0.25883285601875256,0.0,0
34697.2365242,41.0,WASHOUT_3,34696.2365242,34698.2365242,249,1.267898513494402,1.1656681117666947,1.171454336407947,1.0881451658098382,0.34999265307142685,0.01847482125170476,0.01669720798573288,-0.03379685483000952,0.5560495037935682,69.994140625,91.91015625,11.858308792114258,0.9889292128919466,3.2090835571289062,2.018545568081302,1.8480668444880854,2.0797019332514513,0.7872789510642019,-0.1505780080839381,0.5653265062305228,-0.7613829225650466,-0.6209465993293488,1.35566169517522,-0.4787954963206865,-0.060446704095082175,-0.46849872523051767,-0.47945363235467164,0.338915423793805,-0.2183610928426991,0.49754342147176184,0.21558934200657465,1.95501723760314,-0.3902092756499519,0.0,1.3438468499647518,0.0,0
34698.2365242,42.0,WASHOUT_3,34697.2365242,34699.2365242,250,1.2788643387200476,0.9750327171896209,1.3419300000603795,2.298212169429491,0.4323473512120716,-0.058355797517202344,0.22370292738540673,-0.0038775151498673943,0.39129181876213276,131.673828125,141.8671875,10.907083511352539,1.6306791044670899,4.522346496582031,2.0637819269708104,1.0103047628592676,2.730198110730217,3.715793577245287,0.24814900661682623,0.15723850367922948,0.3685577784114929,-0.5029601926196778,0.3922735735671003,0.8769259933060759,0.7784604024399215,0.4801550382769956,0.21670252660335737,0.5119149923282744,0.035198674627723484,0.05485550521357459,0.5629589496030187,2.009544909615053,-1.0740500576322054,0.059382926674958605,1.416890228185486,0.08413908852680409,0
34699.2365242,43.0,WASHOUT_3,34698.2365242,34700.2365242,249,1.654603475593056,1.2319357495707168,1.8508028859033434,1.6827125492900532,0.38612360229775994,-0.11534445503467018,0.0929468852752076,0.006531752161281441,0.32892559893936113,183.115234375,149.376953125,9.0443603515625,0.50912540486626,1.9443588256835938,3.613785697290885,2.1392851374734247,4.6719407616831585,2.2262069389885135,0.024352941194967254,-0.14545836102173423,-0.3451740658457006,-0.4619114241758331,0.027599383374422255,2.0076097359846594,0.9045686917755651,-1.1777589747517407,-1.1498798545008877,0.7349444527836617,-0.12263594936176508,-0.29244725157846657,0.9167993050759033,3.5789981899471397,-0.62244193079284,0.1481404264353459,2.541669703421446,0.37652403372265214,0
34700.2365242,44.0,WASHOUT_3,34699.2365242,34701.2365242,249,1.3651193389115899,1.0937982055950832,1.375184105921812,1.8938181572478858,0.41385491585829165,0.036358489111145906,0.20907797780898546,0.14549045358887353,0.3672695386681315,157.8037109375,158.49609375,8.505127334594727,0.15517106348518503,0.45734405517578125,2.4196021287695797,1.5322289470484562,2.8570881798748595,2.73710911111954,0.15861636658981468,0.6603161133948426,0.2887274924461959,0.08606984940038033,0.2518080208246689,1.4512616471683824,1.0577025286827484,-1.700984802241675,-1.9381412603863337,0.711710511519045,-0.07034398344785309,0.5179740110910336,0.39406042397442775,2.288491033584346,-0.963759026344075,0.0,1.5384137060001188,0.0,0
34701.2365242,45.0,WASHOUT_3,34700.2365242,34702.2365242,249,0.8760808306493968,0.8107862069711685,0.8402740520350329,1.8714870159305588,0.3121513550634352,-0.058055550928344954,0.02318756779587531,0.01784281062576009,0.25886514207841604,106.025390625,98.75,9.388901519775391,1.1998990971026304,3.5156784057617188,0.40221437952828826,0.2885106878075431,0.8159936453627171,2.6830649352420988,-0.33378975104195024,0.15883327191984709,-0.7259552941172412,-0.4173064576700848,-0.38206534286517374,0.3131725226987724,0.05441187308396166,-0.15663677204501375,-0.3169287595600294,0.09189609894568351,-0.35216897083108695,0.14045405213071038,-0.0407593577789815,0.5105119693843367,-0.9602073388754443,0.0,0.3308272872241027,0.0,0
34702.2365242,46.0,WASHOUT_3,34701.2365242,34703.2365242,249,1.3394174432403636,1.343324683855508,1.131757324319317,0.9246135583422305,0.30957685565655557,-0.13547720685805362,0.0843825606132863,0.08881970816604891,0.24269124613729928,95.6669921875,96.447265625,11.130900192260743,1.2034199392317873,4.1339874267578125,2.3135763484201712,2.628792480345758,1.928227206198153,0.3915118547965953,-0.3462544007344417,-0.25239404121165343,-0.39192243125292836,-0.13741027046454607,-0.47663901465975317,0.0854945961555319,0.015743037420314403,-0.15143215856492043,0.010834721898592706,0.025309408393961577,-0.351316282413234,-0.2574559228904457,0.28250549412376913,2.237950963768488,-0.1572839493107988,0.0,1.6180048917839027,0.0,0
34703.2365242,47.0,WASHOUT_3,34702.2365242,34704.2365242,249,0.5999235462989915,0.5292002290255049,0.38059123127906447,0.45479874712733387,0.3632305389481099,0.11417766704815786,-0.007242703903014282,0.09048864790546797,0.3776404463386357,97.9228515625,124.87890625,10.584896850585938,1.4950474478364464,4.3741607666015625,-0.7369930916624247,-0.9489408125531124,-0.9380509575318223,-0.7454991884958382,-0.08648569962152343,1.0736548759006939,-0.8920589294857045,-0.13082883501262255,0.31244986134429004,0.13507845684327446,0.49318344518597435,0.27966029226681594,0.13814978175962234,0.23517794084338473,-0.1335212877902004,1.0266192877320168,-0.5720677904248154,-0.885029580021359,-0.160452058722992,0.0,0.0,0.0,0
34704.2365242,48.0,WASHOUT_3,34703.2365242,34705.2365242,249,0.47512304090382884,0.5303710942630208,0.29997237416165906,0.7111466186286689,0.3030656111886458,0.08007441327843792,0.024324990883169396,0.15521434472165901,0.2914000834541337,205.4130859375,146.359375,8.834338760375976,0.5778700620222867,1.831939697265625,-1.251821691925409,-0.9437953541199381,-1.2456740942541336,-0.12510503772861806,-0.37777912400211433,0.892514479866072,-0.7197466702961643,0.12441584855205486,-0.1918236794635388,2.4977172213020733,0.8538957900789281,-1.0761385793481173,-1.2094728471010234,0.869007214983264,-0.5515805669987671,0.7187130368694192,-0.9757822465325552,-1.3184158474268581,-0.6534966189412492,0.0,0.0,0.0,0
34705.2365242,49.0,WASHOUT_3,34704.2365242,34706.2365242,250,1.0303832235819044,1.0264917572957377,0.8152134213205808,0.4380418395223885,0.3423574948955627,-0.011059306793016933,0.3543305333757776,0.13432871297613147,0.4385686069703257,440.876953125,401.458984375,8.821308898925782,0.7203541343502429,2.3633804321289062,1.0387445339466455,1.236445520474411,0.7203680051059683,-0.7860530163945055,-0.18754425160086935,0.40845515059148435,1.0815885541199992,0.0420537153011073,0.6687152835781739,7.673220498239325,5.137674666130354,-0.8655143887899717,-0.9277579447903582,3.38041604081224,-1.188104025999317,-0.2676280575709637,-1.3184692232261923,0.45979054003612563,-1.1263158168504397,0.0,0.0,0.0,0
34706.2365242,50.0,WASHOUT_3,34705.2365242,34707.2365242,249,0.9659371787333397,1.0916016767488743,0.6992513680237944,0.5549259955766416,0.2886813202648187,-0.0375139340415161,0.3200385405409479,-0.04525389889268424,0.40763158953318834,234.078125,360.734375,10.67521629333496,1.577726291108704,4.662872314453125,0.7728909065369116,1.5225761300433027,0.2778833079591558,-0.5031786304722339,-0.44742184637418825,0.2679406504473303,0.894405714273638,-0.6661272575564604,0.4878171657681624,3.1277756900325095,4.453803680190822,0.4018786157326192,0.2911947784324649,2.0173491339978735,-1.1192133874558543,-0.13552917635224443,-1.0504338196103995,0.44697292163629426,-0.8508887087972608,0.0,0.0,0.0,0
34707.2365242,51.0,WASHOUT_3,34706.2365242,34708.2365242,249,1.0521825112165661,1.0482997953447342,0.9019889307440455,1.1748601232995535,0.4486060887993929,-0.1760892536166969,0.2307498773727738,0.0579124042369338,0.25020955807471934,149.5107421875,164.443359375,11.032660293579102,1.273782459415053,4.059898376464844,1.1286712269848462,1.3322826413443298,1.0514835201851256,0.9971400749174082,0.326867016000146,-0.4681060751223002,0.40702355429229553,-0.2592926973718589,-0.43267716599895745,1.2689819307353478,1.1575724223178678,-0.047420189949086713,-0.028439628365398994,0.6066385882633039,0.0834322320597966,-0.589433792774961,0.15709896061334355,1.051382024237345,-0.35616533035660836,0.0,0.6460594914361495,0.0,0
34708.2365242,52.0,WASHOUT_3,34707.2365242,34709.2365242,249,0.6972586032036133,0.7778268516384146,0.5531795244302999,0.9073776484349148,0.41321637616980295,-0.09646341891393109,0.17290626729496045,0.17779004222301692,0.2895212150019973,97.5419921875,76.5546875,9.29078941345215,0.9035917857856326,2.9459152221679688,-0.3354653018185003,0.14366823505122522,-0.2794934686379444,0.34979878096834716,0.1555248244008767,-0.04517120415544783,0.091284213814725,0.2134427273410143,-0.20280999277879994,0.12670715568820104,-0.3183045378419818,-0.5946470463369711,-0.618958259891087,0.08503747075730383,0.11113206610499843,-0.0621786983069086,-0.03001009849106291,-0.23280407344495624,-0.0961100332332311,0.009886387951487097,0.0,0.0,0
34709.2365242,53.0,WASHOUT_3,34708.2365242,34710.2365242,249,0.8185676252844182,0.7864387077926752,0.7996950028926334,0.6228306865467574,0.3292708300934924,0.08265272894334237,0.04183042123107424,0.02502910413888292,0.37828978499047816,142.9619140625,140.302734375,9.050747299194336,0.7381401463591006,2.4860153198242188,0.16496018796123077,0.18151370731773256,0.661153266464581,-0.3388407218296175,-0.2509044108477383,0.9062092763742499,-0.6241932802952948,-0.3889674315338518,0.3162467412529068,1.1250384806175981,0.7521892087447719,-0.8392225772111971,-0.862749613398802,0.5483686076538192,-0.3605781323785021,0.796535554843486,-0.3294289190741829,0.25968317816063075,-0.31803250769049785,0.0,0.006218719366841069,0.0,0
34710.2365242,54.0,WASHOUT_3,34709.2365242,34711.2365242,249,0.6898538654363763,0.6120211802125435,0.451349230107414,0.4418137712839766,0.2620877067838457,-0.0943018505915316,0.22583582503863525,-0.10609506124670051,0.41987619678782917,122.4638671875,163.279296875,11.113526535034179,1.8265173553336063,5.5520172119140625,-0.3660114183422309,-0.5849776953006122,-0.6680546027575109,-0.7769244662400716,-0.576177003672751,-0.033689972932783946,0.38020020006239946,-0.906053345596248,0.5594150956651919,0.6744907594765952,1.1380248175209775,0.7696489613180341,0.7625274247578815,0.5929826681656911,-0.8088335973246091,-0.1522865065659222,-0.7601177962593355,-0.6044671885041089,-0.3181987220233334,0.0,0.0,0.0,0
34711.2365242,55.0,WASHOUT_3,34710.2365242,34712.2365242,249,1.0301166848492462,0.9572345076809438,0.8483086622883209,0.5315972653903938,0.272134919244092,-0.08413034533626407,0.10974609384448976,0.07871956037587108,0.48732669275490625,100.2255859375,139.6328125,11.670899581909179,1.4178443225176653,4.698646545410156,1.0376450050447732,0.9320891456579886,0.8466518821181483,-0.5596370971160635,-0.5275326018257944,0.020336264641160208,-0.2534755873607835,-0.17724003133960445,0.9538185894922641,0.18569263151933377,0.7409394965881723,0.16553633782649302,0.3101585749918158,0.4701126793999425,-0.621555137705783,-0.07368627123882829,-0.2477205250586292,0.8791693382331062,-0.1745280793215616,0.0,0.47185189587145987,0.0,0
34712.2365242,56.0,WASHOUT_3,34711.2365242,34713.2365242,250,0.6475492792519547,0.5536565446834911,0.3830291448235621,0.7208389699224211,0.18104724887859916,-0.10474426021436851,0.19753186199490075,-0.06142013378355307,0.24641712285240472,106.6181640625,81.806640625,9.697417831420898,1.1687955562347265,4.0522308349609375,-0.5405268245184205,-0.8414656295732671,-0.928748436528281,-0.1016483262895544,-0.9685410166566609,-0.08915512670986762,0.2257030202994435,-0.7298785296496774,-0.4548526842119565,0.3262017016760277,-0.23011073029359552,-0.20261495060040793,-0.03250416569577812,0.08155042541900692,-1.0525620078302953,-0.10546521179366901,-0.8314838197934844,-0.748824713545692,-0.5094551444943948,0.0,0.0,0.0,0
34713.2365242,57.0,WASHOUT_3,34712.2365242,34714.2365242,249,0.4952757787521665,0.39866209890350834,0.21863288634501601,0.21614694250452568,0.2319093041250634,0.0277108800274569,0.0703214595197604,0.02411914413944154,0.3315959436417004,103.119140625,112.8984375,9.019064712524415,0.589721135155574,2.1359786987304688,-1.1686873665869422,-1.5226007872160185,-1.5560469930549998,-1.3230666275812863,-0.7222882113178098,0.614384093396128,-0.46867495032436846,-0.39255584330133747,0.04321369821710773,0.24929305542313518,0.29200054615220655,-1.0586199708106054,-1.0483028200831743,0.14612682494811235,-0.7515135763074323,0.5851587284065055,-0.9559076671511669,-1.3969649437187943,-0.1845101756562338,0.0,0.0,0.0,0
34714.2365242,58.0,WASHOUT_3,34713.2365242,34715.2365242,249,0.7156947029577619,0.8200955340666632,0.46762424352492216,0.32532789333399487,0.3301493495411243,-0.12425608939158939,0.07932231531646905,-0.003356910090731456,0.2623216232772114,130.03125,145.7109375,10.954604721069336,1.9675732031566835,6.2239837646484375,-0.2594124733408924,0.32942125042046894,-0.6059528705238167,-1.0588349689640102,-0.2466509870040541,-0.19279275871962706,-0.41954377975663515,-0.5009071954312708,-0.36185424965367396,0.8408220739654771,0.8430068558632107,0.9781619079640671,1.1187345788976542,0.420957232457172,-0.3308424334954885,-0.2769842052110615,-0.43869086416776587,-0.3260784524712194,0.02453359810718063,0.0,0.0,0.0,0
34715.2365242,59.0,WASHOUT_3,34714.2365242,34716.2365242,249,0.7292295464243582,0.744236999638803,0.7373781422827972,0.5596441212828958,0.21312253696741526,0.038310445524208564,0.07014508199501122,-0.18071565820109825,0.34718653923392256,60.2705078125,61.310546875,12.657385635375977,1.3491663934908626,4.3000640869140625,-0.20357836838576573,-0.003944984389099774,0.42336636626618956,-0.4917601717442498,-0.8132458828747462,0.6706839850381762,-0.4696377070275628,-1.2003183994143802,0.13437663607628544,-0.692521254272138,-0.5742928858952192,0.06401458192674997,0.09887138717987902,0.03359415901907136,-0.8199647146785605,0.6639651532343619,-0.48633057190830115,0.05073984168889109,-0.32635761064633706,0.0,0.0,0.0,0
34716.2365242,60.0,WASHOUT_3,34715.2365242,34717.2365242,249,0.5989933624116813,0.3353993693237606,0.5064937166489789,0.8431067933471512,0.526842449647395,0.17043879914072071,0.36430078221050705,-0.24092617371980773,0.25113100508360875,80.3662109375,85.18359375,11.06396026611328,1.9371853183280663,6.086006164550781,-0.7408302978273735,-1.8006137770903776,-0.4576358430602211,0.19425521305130883,0.7056547634666129,1.3724874687499917,1.13601115649976,-1.4377575423946798,-0.42728918605200683,-0.2508170615308537,-0.17340299758583802,0.9332416334363306,1.045593128529588,0.0,0.36485141651668496,1.3724874687499917,-0.1882381754308769,-0.853668934511471,-0.20175380313060512,0.059300578175553106,0.0,0.0,0
34717.2365242,61.0,WASHOUT_3,34716.2365242,34718.2365242,249,0.6152552492866314,0.5328633190747879,0.49381014390301536,0.760906451577903,0.25400607557459925,-0.1388115521353911,0.1117769081113307,-0.11237789449739312,0.26021480871417224,120.365234375,115.8046875,9.010122680664063,0.5687159525560382,1.8166046142578125,-0.6737465594165668,-0.9328430781754575,-0.5060334583635091,-0.00467997188328654,-0.615304882940455,-0.27010451036897926,-0.24239038786541622,-0.9308295915672533,-0.37417343296870836,0.628362743624665,0.34080396215518116,-1.0896704560351578,-1.2176019217617817,0.24229167644496155,-0.6637632182294474,-0.31856284565797155,-0.5521510537283137,-0.7032100292665189,-0.38422107262491895,0.0,0.0,0.0,0
34718.2365242,62.0,WASHOUT_3,34717.2365242,34719.2365242,249,0.8532147812460177,0.842808076001638,0.8028310465656234,0.671961528601133,0.388266991472219,-0.1082360876378091,0.07712621110356872,-0.12360031982320016,0.41407771859164205,130.92578125,115.8046875,8.551244354248047,0.2046223942316442,0.891693115234375,0.30788706754656764,0.4292332840291247,0.6731196925102694,-0.21993789320736382,0.03473033539553209,-0.10770206673610594,-0.43153121440790226,-0.9750850347994581,0.5255096361623801,0.8604838992425214,0.34080396215518116,-1.6278843753636278,-1.7078943203307977,0.4316993743900207,-0.051609539482472065,-0.1940419416141101,0.03196983281470253,0.3952328234218715,-0.027848910556860992,0.0,0.19671706808024636,0.0,0
34719.2365242,63.0,WASHOUT_3,34718.2365242,34720.2365242,249,0.7326918022738252,0.6619580390594352,0.5021130953816384,1.4496991800582997,0.2528313760777536,-0.036950213836250294,0.06213122396260036,-0.014131064716912643,0.3518187572526196,144.984375,183.640625,9.7965518951416,1.4657104448238687,4.519798278808594,-0.18929582740494588,-0.3655262817245122,-0.47435129281026245,1.662285224034116,-0.6209922867452491,0.2709348662463293,-0.513381350386448,-0.5433948907904439,0.1614626188336927,1.1694922362385136,1.479943911493431,0.23629346247335214,0.21535172514231593,0.7027246916414094,-0.7615372250735309,0.1303899279180474,-0.7391924554869695,-0.42972003490693134,-1.0720482761200254,0.0,0.0,0.0,0
34720.2365242,64.0,WASHOUT_3,34719.2365242,34721.2365242,249,0.818060253848728,0.6243675645713664,0.81800335007564,1.1170206350089626,0.5123845938906131,-0.14894573053000937,0.15253330311779328,-0.023430479785588786,0.047492818400151335,94.693359375,103.666015625,12.069479751586915,1.415464265510828,4.601554870605469,0.16286717299127781,-0.5307205481219166,0.7310137357147909,0.8571612250494669,0.6356558709318975,-0.3239324852678605,-0.01992160933875093,-0.5800669758091883,-1.6180233853048573,0.06409411602320317,0.1369644255567353,0.1620180668200783,0.25869061273668675,0.050264635394984616,0.6256029438529005,-0.3339854123468574,0.5142688941990469,0.21546123041262083,0.04904681211179489,0.5077940812555589,0.24362371304964703,0.12371067954011343,0
34721.2365242,65.0,WASHOUT_3,34720.2365242,34722.2365242,250,0.5853763539312349,0.5845191448946615,0.41247990808420437,0.4267096306199254,0.2788947775632037,-0.24451486289689553,0.052010341657707695,-0.13001229462892502,0.3802813312183921,75.291015625,53.443359375,11.489493942260742,1.7936984601666133,5.2122039794921875,-0.7970033509216695,-0.7058375304222739,-0.8163710536548018,-0.8134783898808765,-0.49480419423966676,-0.8315506322786205,-0.5686261855497294,-1.0003705482943477,0.3278919156752086,-0.36237001564089616,-0.7064032082473576,0.7211350950547922,0.5823936011806814,0.08197297891880215,-0.5111987900234272,-0.8479452280623809,-0.5057453426562859,-0.7978448296162071,-0.05214705149059712,0.0,0.0,0.0,0
34722.2365242,66.0,WASHOUT_3,34721.2365242,34723.2365242,249,0.3154067262616272,0.26710059134610264,-0.07101791977611525,0.2524397431677078,0.4049224471730786,0.059382710633698786,0.1667225715500549,-0.0747290597889036,0.40925910195129106,177.0029296875,178.322265625,9.271498489379884,0.7979852705350766,2.6878662109375,-1.9106854236550903,-2.100758073684439,-2.6612882817446564,-1.2352334768141984,0.11536908801099519,0.7826099165945583,0.05753051113980644,-0.7823620527930178,0.4973337241676732,1.8732610848831093,1.3906349721277722,-0.7507577359663169,-0.7557491515581647,0.9403074452946387,-0.0899515543898745,0.5945484275356305,-1.0687819721813807,-2.352457070786504,-0.20085466950732037,0.0,0.0,0.0,0
34723.2365242,67.0,WASHOUT_3,34722.2365242,34724.2365242,249,0.6580226326381137,0.661123024284518,0.38760440597134216,0.7354628856363058,0.36447605983366704,-0.04225379321393429,0.1468536685980141,0.00746267652390064,0.2070886293228187,193.0966796875,247.25390625,8.669413375854493,0.32640216983015674,1.3030548095703125,-0.4973220165989102,-0.3691958191552574,-0.9112902854712132,-0.06625660754005962,-0.0804554082640405,0.24276475452145554,-0.05092389386104008,-0.45824033979903345,-0.6848183061488992,2.227002220871853,2.5481745964510143,-1.4478658915940799,-1.4898329036348956,1.1937942043307168,-0.31921424913018387,0.0040059136553121655,-0.7026401422031461,-0.7956548018650932,-0.490907055942264,0.0,0.0,0.0,0
34724.2365242,68.0,WASHOUT_3,34723.2365242,34725.2365242,249,0.2695602077630636,0.4047490227106619,-0.04186750471884572,0.8567897099882501,0.30370492836202495,-0.1979964827460081,0.2274974969769845,0.036333965223169624,0.3768576188686288,108.953125,110.529296875,10.30384635925293,1.8624799669519094,5.6337738037109375,-2.0998120531571964,-1.4958513267041866,-2.55005695898334,0.22736959547179636,-0.3746838175564144,-0.5844669416630772,0.38927043619044693,-0.34438690429139207,0.30787243185607344,0.3775242172190547,0.252216578671287,0.8228099626756286,0.8058663123522524,0.2344033069366038,-0.5383456098008692,-0.6313476030503979,-0.992205151870464,-2.1717661209462356,-0.5246465109367364,0.0,0.0,0.0,0
34725.2365242,69.0,WASHOUT_3,34724.2365242,34726.2365242,249,1.0035664563334377,0.9112009683209737,0.6829472419269095,1.4954586803946828,0.3692245987977729,-0.13253709678749495,0.1388155525549355,-0.17326018327187845,0.2755153729774898,114.16015625,95.306640625,11.954887771606446,1.3542780116035926,4.348609924316406,0.9281196714719981,0.7297911734240932,0.2156704883934342,1.773028980884755,-0.057464968032996104,-0.23677756349481915,-0.0947999495690029,-1.1709178609460626,-0.2847063961966793,0.49197492942123805,-0.0034109914410681208,0.07157072774603862,0.12460536830744355,0.12299373235530951,-0.082063714504058,-0.26137630996588107,-0.021965853967700736,0.6206476979316233,-0.586618018579631,0.0,0.4054614712875343,0.0,0
34726.2365242,70.0,WASHOUT_3,34725.2365242,34727.2365242,249,0.9847087697945124,1.0299642565095342,0.5250689630582502,1.0390021015270159,0.25852964916693877,-0.16450775697901077,0.1249594359689803,-0.08953252581580565,0.45924151277588576,78.8232421875,100.08984375,10.476182174682616,1.8484485875401926,5.682319641113281,0.850327707935532,1.2517056885888287,-0.3867569473511399,0.6683465431090155,-0.5934036309782118,-0.40659062847929406,-0.1704335607240555,-0.8407392690696895,0.7895960296775147,-0.28473156364627933,0.07691129739716099,0.802068360595329,0.8316002934798169,0.21662683176866893,-0.6367289973319455,-0.44991599483302785,-0.5010468933125223,0.46512964995055583,-0.5601097518141526,0.0,0.18205600994915083,0.0,0
34727.2365242,71.0,WASHOUT_3,34726.2365242,34728.2365242,249,1.182698800842673,1.1463515710730972,1.0290681599696643,1.468222268370599,0.1401220730374243,0.05220212876747394,0.10403226659585381,-0.014890826029299711,0.3322474507458786,109.8701171875,179.083984375,8.688703536987305,0.36838572562551225,1.3822555541992188,1.6670786515939728,1.7631788026990072,1.5363888203149445,1.7071134317964547,-1.166683606668803,0.7444700531143801,-0.2846645128905036,-0.5463909965923734,0.04702325772377833,0.39767973461550077,1.4034261900317777,-1.3858045516023638,-1.4478488618173178,0.4620322955927642,-1.259090065787356,0.6520635939958273,-0.5543231238016664,1.5712523965284053,-1.2186578284434868,0.0,0.8966055936909975,0.0,0
34728.2365242,72.0,WASHOUT_3,34727.2365242,34729.2365242,250,1.5862299257884294,1.6255441857336081,1.3031401705119294,1.6036013796699016,0.3064301817436225,-0.17391017433755554,0.13954887394864204,-0.02954990855535511,0.36423210893562785,78.0078125,92.40234375,8.859761047363282,0.7786816638708783,2.5498886108398438,3.331730277487338,3.869028050944667,2.582184984951958,2.0347479399133452,-0.3614892801507667,-0.45653183395810454,-0.09079711480651964,-0.6041988389913066,0.23404724854897796,-0.3026547340680391,-0.05218160944941712,-0.7792929010698332,-0.8288906019262308,0.05851181213724449,-0.3731916425782156,-0.4682341963855534,0.42566288978565975,3.168072207970834,-0.6276685147285022,0.0,2.2910807611092667,0.0,0
34729.2365242,73.0,WASHOUT_3,34728.2365242,34730.2365242,249,1.0994301763352672,0.9729775069691085,1.1314414876586287,1.2608137873652758,0.3223199320836177,-0.1650085013853093,0.21088608817251062,0.15078221543995105,0.34940880220540066,57.935546875,64.373046875,11.253285598754882,2.2657286112112827,6.7554168701171875,1.3235778839870376,1.001272981555795,1.9270220456721068,1.2051587727559312,-0.2845577527400691,-0.409250346542606,0.2985970627050734,0.10693782217807994,0.14737088122729664,-0.7438437698151651,-0.5228656303221921,1.4189040937817876,1.4004454368925678,0.06357717585134415,-0.38685230672186,-0.42196578171287485,0.2530924487581676,1.4607857837128617,-0.4270456468240643,0.0,1.060453103180368,0.0,0
34730.2365242,74.0,WASHOUT_3,34729.2365242,34731.2365242,249,1.0143060529734371,1.007125157452278,0.7723477004691036,0.7966237447649973,0.251090490686785,-0.09569525076697,0.061194974568351636,-0.044698267444632046,0.23861573666934266,60.0703125,60.103515625,13.927731704711913,1.4910789384216137,4.688423156738281,0.9724227893804795,1.1513374898543698,0.556802209488314,0.08176037827345647,-0.6294209259188348,-0.04109105733716207,-0.518491867621886,-0.6639361343996187,-0.5004697537854074,-0.6969215535972407,-0.594562046573874,0.2737939236996851,0.30473919188464366,0.0,-0.6294209259188348,-0.04109105733716207,-0.20698095688328066,0.8627385265129998,-0.2650996304785076,0.0,0.5625207771824436,0.0,0
34731.2365242,75.0,WASHOUT_3,34730.2365242,34732.2365242,249,0.9937020120910615,0.9970980448837545,0.8357408836244291,0.9770872578113466,0.16381820216121326,-0.2629433799343555,-0.04945505980021848,-0.0610008849752054,0.16672744505839443,60.9765625,54.1796875,12.48415641784668,2.4214400410721937,6.64300537109375,0.8874267431413437,1.1072725631036535,0.7986961105721953,0.5185048195873605,-1.0519568571474036,-0.9294342212474886,-1.1224750704053028,-0.7282252291108595,-0.9208223838158317,-0.6770021498231172,-0.6940383642734856,1.649081357382296,1.3408564886081837,0.0,-1.0519568571474036,-0.9294342212474886,-0.37890224378802323,0.9003401857346037,-0.565864063967435,0.0,0.554457681256618,0.0,0
34732.2365242,76.0,WASHOUT_3,34731.2365242,34733.2365242,249,0.9188112417069606,0.8042812494004665,0.8680922472138398,0.8768543663733102,0.23440399482862784,-0.03197875302788306,0.10285682608478398,0.1501942840977196,0.15758934743976005,52.359375,33.52734375,9.549227142333985,1.000334443864857,3.4645843505859375,0.5784864037782815,0.2599241453796353,0.9221415214904539,0.27592859221923216,-0.7102099619975918,0.2973409208057865,-0.2910806548158873,0.10461932493838574,-0.9742556103036165,-0.8664082046753426,-1.0408443594451617,-0.4516391738255807,-0.3440135421486354,0.026154831234596436,-0.7154409282445111,0.29210995455886724,-0.2279178288822902,0.6311300186126232,-0.4034377727904449,0.0,0.3909764810054589,0.0,0
34733.2365242,77.0,WASHOUT_3,34732.2365242,34734.2365242,249,0.6029584087115574,0.5123031815730152,0.23019167506459307,0.5320480014701017,0.41946982238665814,-0.02931159569249342,0.14539114454429602,-0.00882810769814368,0.3646173908640231,50.5595703125,52.34765625,8.598767471313476,0.24800121459313956,0.799713134765625,-0.7244736394141759,-1.0231962029468176,-1.511941296574479,-0.5585462590070797,0.18580139632613857,0.3115076023570963,-0.05890708127849778,-0.5224827700595291,0.2363001087613283,-0.9059679688517537,-0.72480288323235,-1.563760513820863,-1.7566525910323405,0.05907502719033207,0.17398639088807216,0.2996925969190299,-0.3570000853365691,-1.06869308620536,0.07374087865848235,0.0,0.0,0.0,0
34734.2365242,78.0,WASHOUT_3,34733.2365242,34735.2365242,249,1.0638196039063486,0.9734189627400199,0.6245083564033477,1.1242563530486283,0.3499911036213346,-0.06965104101300697,0.06024121826680345,0.03084970585650317,0.41624304543676666,48.1015625,41.505859375,9.238284683227539,1.0575941162454716,3.3163909912109375,1.1766767067835162,1.0032129933065317,-0.007318945023290924,0.874672574459622,-0.15058550987343708,0.09724349868782345,-0.5236979463092647,-0.3660139877449182,0.5381709585255477,-0.9599950586141122,-0.906864551399361,-0.3669962242681564,-0.422570331308122,0.13454273963138694,-0.17749405779971447,0.07033495076154606,-0.14715414310582164,0.7074040750110289,-0.3898973159947657,0.0,0.43884347596027845,0.0,0
34735.2365242,79.0,WASHOUT_3,34734.2365242,34736.2365242,250,0.564831272683611,0.6417902304601932,0.3211144708816931,0.9956222680927471,0.36542058646814485,-0.06679679438012007,0.16768550201367952,0.1088906406633648,0.25874784875069057,43.171875,40.142578125,11.966257858276368,2.188861695462364,7.0952301025390625,-0.8817561761407048,-0.4541552865925538,-1.1650006843045004,0.5633618800171807,-0.07588240522021261,0.11240391032926855,0.06278666699006538,-0.058260889830240026,-0.3827511925034049,-1.0683497463854215,-0.9297575516480682,1.305277134320294,1.580579260469768,0.0,-0.09471840531723222,0.11240391032926855,-0.3658260760664565,-0.8953715760884031,-0.30574119116632825,0.0,0.0,0.0,0
34736.2365242,80.0,WASHOUT_3,34735.2365242,34737.2365242,249,0.9693869099889779,0.9493397948793897,0.6381424249707205,0.4842566713767238,0.4042615835121772,-0.09262268392638702,0.1454812682967725,0.14181478551395035,0.2263851080272958,69.201171875,41.640625,13.342380142211914,1.5652050461345772,5.178985595703125,0.7871217809071729,0.8973952156815297,0.04470554513878539,-0.6742072998952723,0.11216946248161223,-0.024771031743586063,-0.05841514078360121,0.0715749149180703,-0.5719859464977525,-0.49622497462304455,-0.9046014897701907,0.38336933926145356,0.5647846503981234,0.017893728729517576,0.10859071673570872,-0.02834977748948958,0.06642784830695676,0.546646726033681,0.24786762132012993,0.09996637065530896,0.39235953213906455,0.039222758419957336,0
34737.2365242,81.0,WASHOUT_3,34736.2365242,34738.2365242,249,0.43697574241062687,0.48810602797533376,0.31790124653135005,0.6187564827407808,0.3157164406114682,0.16576179504221894,0.17939348418278725,-0.039453715206229596,0.33372717074925506,89.2509765625,53.62109375,11.097173690795898,2.116112502276475,6.6838836669921875,-1.409187403104898,-1.1295324780779823,-1.177261614178581,-0.34870080841999246,-0.3165290974324572,1.347645429325285,0.12669468662134936,-0.6432543319258508,0.05567562907924402,-0.055529630995320364,-0.7034185907364229,1.1977371147364373,1.3625259324053691,0.013918907269811005,-0.3573212848728242,1.344861647871323,-0.763294166616416,-1.2741702280657758,-0.39792271322461414,0.0,0.0,0.0,0
34738.2365242,82.0,WASHOUT_3,34737.2365242,34739.2365242,249,0.8800619994828182,0.7534363661905367,0.758747748562106,0.875307985185965,0.27645585917391935,-0.28262004130815965,0.0261990124300587,0.11166899984968996,0.3210882455314587,65.5576171875,66.25,8.94637565612793,0.5319439756390867,1.8804779052734375,0.4186375468178046,0.03648234805430467,0.5049079007063065,0.2721861548903526,-0.5066124173333556,-1.033947364126972,-0.7095173238487416,-0.04730447767516557,-0.01822799746415598,-0.5763104223399136,-0.4913467574869377,-1.1440278852327799,-1.1837429102892105,0.0,-0.5066124173333556,-1.033947364126972,-0.152409854356769,0.3724011309260803,-0.2717420352563047,0.0,0.2301988207769024,0.0,0
34739.2365242,83.0,WASHOUT_3,34738.2365242,34740.2365242,249,0.9446169749220761,0.8503906846313106,0.8807709489765619,0.49431903477855027,0.2660958638397581,-0.30311761257410896,-0.033241472335581335,-0.12649083629645266,0.020802921877894058,67.837890625,84.625,8.869342422485351,0.6765757352758146,2.3148269653320312,0.6849405360578842,0.4625556479262598,0.9705205502347503,-0.6498551125303977,-0.5567711830767429,-1.142820793094581,-1.0339732046681314,-0.9864837373062694,-1.7740872998444832,-0.5261899397832561,-0.18278322404877534,-0.9302289194622801,-0.9534959702336744,0.0,-0.5567711830767429,-1.142820793094581,-0.06359401313352103,0.7404165633934624,0.012026675552716179,0.0,0.5055727917487194,0.0,0
34740.2365242,84.0,WASHOUT_3,34739.2365242,34741.2365242,249,0.9368352457362088,0.981195645048302,0.5298647441270542,0.7112837484344239,0.40253840366535304,-0.05842512268300419,0.2013493026542996,-0.012325168744608893,0.3389689170318026,68.20703125,61.22265625,10.925095367431641,1.924047717955185,5.853507995605469,0.6528392498355213,1.037388229092132,-0.3684573426659671,-0.12477316631931794,0.10382654614982821,0.15687028110219017,0.24654051980006972,-0.5362733707655549,0.08632570834034989,-0.5180762171252619,-0.5757687956533737,0.9138212420957076,0.9223466503146892,0.021581427085087472,0.025548104792789808,0.15255399568517267,-0.11396903393876379,0.36905802424855944,-0.01059526192085202,0.0,0.23123052476922132,0.0,0
34741.2365242,85.0,WASHOUT_3,34740.2365242,34742.2365242,249,0.8192039136038031,0.8091880647908695,0.7886779802572125,1.0013685420788236,0.3708552788572238,-0.18620915594895715,-0.09598834310906604,0.13019960680475454,0.31705720299503587,105.34375,99.01953125,12.592744827270508,1.2489552464915978,4.141654968261719,0.16758501246651125,0.2814875275876036,0.6191148255634237,0.5772685871366472,-0.049569896996168115,-0.5218582223125761,-1.3764769932179821,0.02577065540433965,-0.04179872496342783,0.2981900401186666,0.05893799634230205,-0.08412051399500112,0.014899259228971829,0.09572467296632708,-0.06871483158943353,-0.5410031569058414,0.0930543807750857,0.3340422491297,-0.18967636501731822,0.0,0.2332955159525417,0.0,0
34742.2365242,86.0,WASHOUT_3,34741.2365242,34743.2365242,250,0.39412799227680795,0.36772808393586326,0.08949473300987622,0.4602485642351655,0.19896465027110483,-0.24352969069954628,0.00805567004320741,0.004826482551007776,0.21274819658174404,164.6650390625,167.302734375,10.978495407104493,1.9045396625101076,5.664436340332031,-1.585943475974673,-1.658542724073677,-2.0488086771065315,-0.7323099443774906,-0.8817924506400826,-0.8263178623149345,-0.8085527566576014,-0.46863612585502584,-0.6517251009994666,1.6020738572082436,1.2055886864498266,0.8849838547277677,0.8221204173580172,0.7019156359145176,-1.0221755778229862,-0.966700989497838,-1.2498776460579046,-1.867753491377802,-0.5398122287310283,0.0,0.0,0.0,0
34743.2365242,87.0,WASHOUT_3,34742.2365242,34744.2365242,249,0.737177438205617,0.6055573186344415,0.4149269755351795,0.32080020582960533,0.2242415627101861,-0.1444541883579698,0.14258319232098896,0.056515458174982505,0.42915600914520996,97.587890625,176.130859375,8.969754028320313,0.4971901086019554,1.6786346435546875,-0.17079162615398524,-0.6133836381898896,-0.8070336034358813,-1.0697925432468551,-0.7594122092545169,-0.30007553210605276,-0.07423428824028389,-0.26480153038685533,0.6136769711834547,0.12771600480176118,1.3538356221577874,-1.195402084424762,-1.2907393278140962,0.5238071495357508,-0.8641736391616671,-0.4048369620132029,-0.8080056897818251,-0.5605657930401924,-0.24507718112705001,0.0,0.0,0.0,0
34744.2365242,88.0,WASHOUT_3,34743.2365242,34745.2365242,249,0.5923929065878343,0.6054540715392568,0.45452256525468077,0.800132017219167,0.1918452372646179,-0.2638648269711203,-0.05017494082029132,-0.028508254985101962,0.2997923726362469,67.8701171875,55.498046875,9.068760299682618,0.7996745976629672,2.7108535766601562,-0.7680585804543488,-0.613837365587029,-0.6559458809673753,0.09025083968090893,-0.9162616716874404,-0.9343285132200834,-1.126404540889499,-0.6000910958691533,-0.14275142095489576,-0.5254815989162883,-0.6718997179011684,-0.7482605223965019,-0.7435636281985305,0.0,-0.9162616716874404,-0.9343285132200834,-0.667930389669936,-0.6979748926604441,-0.4689363508279888,0.0,0.0,0.0,0
34745.2365242,89.0,WASHOUT_3,34744.2365242,34746.2365242,249,0.7555145846823551,0.6828677694888134,0.1746868364795672,0.7133399698330509,0.21628927382062532,-0.3351802741569574,0.08934611895986763,-0.10831445403668319,0.06655680484653645,55.5107421875,29.638671875,11.205889892578124,1.8394395874161176,5.792182922363281,-0.09514700096962021,-0.2736368436184573,-1.723735077326363,-0.11979685143548646,-0.7979138670902068,-1.3131225260687514,-0.3648288484585059,-0.9148054832826691,-1.5065504783540136,-0.7971410538357991,-1.1061451667448408,0.7887509888507594,0.8898384403031595,0.0,-0.7979138670902068,-1.3131225260687514,-0.8697863962312046,-0.7008507962242476,-0.42088170375421724,0.0,0.0,0.0,0
34746.2365242,90.0,WASHOUT_3,34745.2365242,34747.2365242,249,0.7549951620169707,0.637343932790296,0.6705651005558665,1.6246243632469817,0.2980113767411904,-0.13526625213709362,0.03774277208053038,0.05689639595496969,0.2939388691151828,66.3623046875,73.984375,11.843490600585938,1.4626333486362415,4.846832275390625,-0.09728972982250422,-0.4736948878284013,0.16842306633742266,2.085626209221807,-0.4022496139478125,-0.2512735492504437,-0.6465057128208619,-0.2632993087362058,-0.17697863021016375,-0.5586233655404764,-0.36146669876934384,0.23174480743283105,0.38871131983555085,0.0,-0.4022496139478125,-0.2512735492504437,-0.17913152108694122,-0.07957128276770925,-0.791145627222621,0.0,0.0,0.0,0
34747.2365242,91.0,WASHOUT_3,34746.2365242,34748.2365242,249,1.362920375756111,1.3337407088454034,1.142525377928288,1.5147522682703296,0.3240212791174414,-0.2637159228594127,0.11171621978611651,0.05028607050080717,0.045658571894112925,55.162109375,68.0390625,9.87550163269043,1.330025671488548,4.486579895019531,2.4105309385546008,2.5866749560919,1.9693156381857415,1.8197218946790572,-0.2763205417602171,-0.9335376048232474,-0.24272165508321333,-0.2893670146366726,-1.628748780576595,-0.8048040141239048,-0.46130379440983765,0.03572019777160933,0.19774277435975804,0.0,-0.2763205417602171,-0.9335376048232474,0.340352611578316,2.2913343869329603,-0.5437245780372033,0.0,1.6720045931687353,0.0,0
34748.2365242,92.0,WASHOUT_3,34747.2365242,34749.2365242,249,1.1643159720438998,1.0908064821032826,0.8273459320478121,1.1258400787805634,0.3651972353764154,0.052939926094550026,0.22788973284350791,-0.2856046415320246,0.3002725249210481,51.197265625,90.369140625,8.685765075683594,0.24755371469612308,0.9197998046875,1.5912455771254028,1.5190815852707071,0.7666628936677438,0.8785053902920988,-0.07696377782002892,0.7483888844646751,0.39141145563306395,-1.6139463196475379,-0.13994382501390998,-0.8919514056356949,-0.08632432185472398,-1.5644220214690092,-1.6929950611018258,0.0,-0.19438721450994811,0.7483888844646751,-0.06492502145647054,1.288208839544283,-0.45035736947443294,0.0,0.8887611833897039,0.0,0
34749.2365242,93.0,WASHOUT_3,34748.2365242,34750.2365242,249,0.8639217045857901,0.7347545920875072,0.8706109390071779,0.8134907315312399,0.3539803644148036,0.056698756620532975,0.359854074808829,-0.018747774553775146,0.40522027706917313,51.7998046875,43.787109375,8.59416847229004,0.30523164145661136,1.2519454956054688,0.35205540114974043,-0.04561616253862564,0.9317522738331104,0.12258061161325422,-0.13127117707937788,0.7683540190146261,1.1117388045422345,-0.5616008074415433,0.47371749093433213,-0.8787075779108735,-0.8685564936765959,-1.4791607958561006,-1.5169257748550047,0.11842937273358303,-0.48847869298876484,0.7446681444679095,-0.21426618476252077,0.4576505879412093,-0.37227043378813895,0.0,0.2538163000596257,0.0,0
34750.2365242,94.0,WASHOUT_3,34749.2365242,34751.2365242,249,0.3909899627308367,0.5427236075672578,0.3554310371702819,0.8925711402278016,0.31000782607129596,-0.021926240384472735,0.1824005838106506,-0.15113195224314796,0.32962298670440504,74.30859375,64.529296875,10.216976928710938,1.7215740931585444,5.1559906005859375,-1.5988885145674325,-0.8895112728135078,-1.0340565089503242,0.3139651653772304,-0.34416782218126285,0.35073512575954285,0.1431089396732366,-1.0836555585746572,0.03167722101137345,-0.3839636796460343,-0.5202417907521397,0.6145187120977721,0.5525950827227377,0.007919305252843362,-0.3886843651338025,0.3491512647089742,-0.544100607316178,-1.2605097600385864,-0.4007765617392692,0.0,0.0,0.0,0
34751.2365242,95.0,WASHOUT_3,34750.2365242,34752.2365242,250,0.8472365989918815,0.8052562742200816,0.8045499531194006,1.0431015171970637,0.3237546882393898,-0.07136170156231124,0.1796588828810943,0.08045521947722419,0.4918689864014377,79.3486328125,143.005859375,12.906241607666015,1.4830730396348422,4.913261413574219,0.2832257956048498,0.2642089678509957,0.6796786471359274,0.6782676455873246,-0.27761126332622216,0.08815727684300609,0.1281433653925109,-0.17039548921966227,0.9803787571899925,-0.27318346102722935,0.7975816333066784,0.2619593661656123,0.42392517708491506,0.4444900976241677,-0.404952292468809,-0.0007407426818274582,-0.16392662347990503,0.35150741344633096,-0.4548456568116499,0.0,0.1243718451916171,0.0,0
34752.2365242,96.0,WASHOUT_3,34751.2365242,34753.2365242,249,0.763821661739112,0.8716119645086112,0.5163367687392171,0.9821857019188498,0.2409786118247757,-0.22189325306597224,0.19983213983395864,-0.11051910656274602,0.3790855845073792,140.849609375,171.548828125,12.487732696533204,1.7330296368513087,5.122772216796875,-0.060878543162776334,0.5558142143340173,-0.42007700549805427,0.5308436967693078,-0.6783784154451655,-0.7113953124553708,0.2382590866798489,-0.9234994929892468,0.32090002223107594,1.0786099565190754,1.2768915267660008,0.6314526372605677,0.5349861319401799,0.669100376379038,-0.8836762167249278,-0.8452153877311784,-0.7583162646679834,-0.1636245099376205,-0.7477551154910741,0.0,0.0,0.0,0
34753.2365242,97.0,WASHOUT_3,34752.2365242,34754.2365242,249,0.8116196711922867,0.9239164384353616,0.4425068491313861,1.040833088999311,0.37010734363197073,0.000993337273844352,0.3140174514938706,-0.07541744018658061,0.1957430276872263,238.1025390625,310.041015625,9.884188079833985,1.1361341603042352,3.579559326171875,0.13629840114700723,0.7856702966873852,-0.7017951080090066,0.6727777635099775,-0.0531910866342553,0.4724731101175063,0.8615396002443878,-0.7850766691729105,-0.7511594777072512,3.216232438904452,3.602531729681946,-0.25089599681113656,-0.28306570377170664,1.7046910421465995,-0.6525911751368916,0.13153490168818638,-0.9868536642018291,-0.2828636042715119,-1.0049925413270657,0.0,0.0,0.0,0
34754.2365242,98.0,WASHOUT_3,34753.2365242,34755.2365242,249,0.6632658719649539,0.6111787719374104,0.579024517432913,1.0935148320707206,0.2585320526062031,-0.14090882917673755,0.1545365740426345,-0.004545820808975455,0.37799445740397086,269.5400390625,382.99609375,8.663920593261718,0.2839317146179593,0.9709014892578125,-0.4756925403805742,-0.5886797240436086,-0.18087488112247418,0.8002742200333308,-0.5933919945302069,-0.2812442566356868,-0.008986755173245405,-0.5055956446097574,0.314519871342286,3.9072296870688716,4.827635222934037,-1.510646980775161,-1.6659062341974682,2.2623461953362987,-1.0458612335974666,-0.7337134957029465,-1.1860289475933,-0.7344557256732909,-1.302817112054824,0.0,0.0,0.0,0
34755.2365242,99.0,WASHOUT_3,34754.2365242,34756.2365242,249,1.0399065850993965,1.1254256839632848,0.6945701835238286,0.47044584638437237,0.20484173469898043,-0.23082587436557725,0.2518880294207508,0.01048163382380915,0.29184790820615175,232.87109375,298.484375,9.019704055786132,0.7531122683250929,2.2024078369140625,1.0780304235696445,1.6712183628030552,0.26002097759445947,-0.7076312366431923,-0.8533380651347259,-0.7588411828923559,0.5224061553706956,-0.4463351330787612,-0.18920511240504942,3.101245104833354,3.4084659954819454,-0.8170903415268704,-1.01308896283381,1.6274277750788249,-1.3355454667616995,-1.084326737908121,-1.0764017060900262,0.6662505390631882,-0.7829602505738238,0.0,0.0,0.0,0
34756.2365242,100.0,WASHOUT_3,34755.2365242,34757.2365242,249,1.0695947827204244,1.1317041717973322,0.5802852482088178,0.5561258316474053,0.38929412985296585,-0.0135317984855481,0.23186554706884266,-0.0883265248666578,0.20106112334601028,264.0966796875,298.484375,11.001872253417968,1.6514832815320435,5.337394714355469,1.200500546404236,1.6988096663435224,-0.17606422056843823,-0.5002748759927377,0.03970330997362295,0.39532244110277664,0.4131134372292996,-0.8359834248565617,-0.7200629605021771,3.7875844751755916,3.4084659954819454,0.5109083911461391,0.6487567783490307,1.7990126176643844,-0.44403324472804384,0.03551991756989975,-0.7450914776726097,0.5485128093019997,-0.5345308912071061,0.0,0.0,0.0,0
34757.2365242,101.0,WASHOUT_3,34756.2365242,34758.2365242,249,0.6408251537761925,0.6776993479144536,0.7433065648883077,0.875257664758906,0.29477387033700897,-0.08226510026338582,0.11623708210737403,-0.055702199800085714,0.2491166306638361,166.7890625,173.91796875,12.846455001831055,1.2379940140729484,3.827392578125,-0.5682652707347888,-0.29634987456676,0.44598787223800845,0.2720643731161226,-0.4179242663083773,0.030243566550950004,-0.2180445285037426,-0.7073299543226558,-0.4390678438312172,1.6487599598038454,1.3166754942469203,-0.10032373354071845,-0.1516901508960495,0.7413588635126914,-0.5661960390109156,-0.1180282061515883,-0.3852505692746744,-0.27009742098760775,-0.4960625386593184,0.0,0.0,0.0,0
34758.2365242,102.0,WASHOUT_3,34757.2365242,34759.2365242,250,0.9342005971106077,0.8614049522208552,0.8318656519124813,0.8579776426184433,0.23957724997437801,-0.3128709576937021,0.1404819063756551,-0.12888061427015238,0.22552343325261767,142.9853515625,291.0859375,11.508402252197266,2.0220864388841244,5.488136291503906,0.6419707644891822,0.5109587042627005,0.7839091118800767,0.23024454212519022,-0.685163223595034,-1.1946259612921712,-0.08570415738645212,-0.9959077860641999,-0.5770244200746049,1.1255536376117565,3.284227191839964,1.0587449932325026,0.7286643689695588,1.10244520736293,-0.90565226506762,-1.4151150027647572,-0.5777427696579044,0.5000799929262595,-0.7056937760449051,0.0,0.014018399644214752,0.0,0
34759.2365242,103.0,WASHOUT_3,34758.2365242,34760.2365242,249,1.1639493764332411,1.3889694924678702,0.6553653398270604,0.798507369898134,0.28733965366785297,0.07521185282214997,0.06883491366571418,-0.05438684510062625,0.3375193372205165,176.4560546875,405.548828125,9.29922103881836,0.5557678042770755,2.2151870727539062,1.5897332923433793,2.8293821450482453,0.11042425266018864,0.08631898844639106,-0.45391763506639227,0.8666868526038208,-0.47678926073678607,-0.7021428754567106,0.07784957582337812,1.861240755019414,5.206353666876476,-1.1088107936597464,-1.0063147339498448,1.786360999429817,-0.8111898349523556,0.5094146527178574,-0.9670215264597741,1.0519507490807634,-0.9446924264282095,0.0,0.18568901917861608,0.0,0
34760.2365242,104.0,WASHOUT_3,34759.2365242,34761.2365242,249,0.6213613016502474,0.5861512321986816,0.4466438350663306,0.6275419228671285,0.5104462152567795,0.1900937540691696,0.2869779008392022,0.09968608197372177,0.2616550534462844,126.17578125,175.70703125,8.64130859375,0.2599025620203527,0.7307281494140625,-0.6485577961055592,-0.698665195713658,-0.6860093150148145,-0.32743893628358434,0.6262710520511543,1.4768853172316236,0.7139442153949642,-0.09455891033301407,-0.3657518854890821,0.7560787484264262,1.3467184573240203,-1.5461675883278414,-1.7932212940584977,0.5256993014376117,0.30694792714514274,1.3717454569441012,-0.4084548855720983,-0.7505422028610601,-0.22269934119354398,0.0,0.0,0.0,0
34761.2365242,105.0,WASHOUT_3,34760.2365242,34762.2365242,249,0.5878582252150288,0.5427497122018151,0.3850689630357727,0.6323401754286305,0.35966688490207777,-0.03491948989357181,0.13375737248214656,-0.21722640260956838,0.36376308174576766,77.025390625,80.892578125,8.515475463867187,0.25508279749583657,1.0015640258789062,-0.7867651045698397,-0.8893965539648102,-0.9209649563448581,-0.3158265604693222,-0.10373942249686023,0.2817211138489078,-0.12241002504753434,-1.3442978984642784,0.23130470441007278,-0.32424839807317724,-0.24546019177840206,-1.5532923074987008,-1.6496521291917032,0.057826176102518195,-0.11530465771736387,0.2701558786284042,-0.3621465205820751,-0.8629352689854679,-0.08246867633469553,0.0,0.0,0.0,0
34762.2365242,106.0,WASHOUT_3,34761.2365242,34763.2365242,249,1.1532035699684466,1.154856023886211,0.6014620223963133,1.359814397740855,0.3668855154710679,-0.009118894025242172,0.285096146288484,0.015174992985972574,0.1825569499940696,72.8212890625,49.443359375,9.910249328613281,1.5886873661141268,4.777854919433594,1.5454045575882593,1.8005522826219482,-0.0952584893270437,1.4447527246763552,-0.0687898314961666,0.4187617078366889,0.7036726583468276,-0.42782695111814434,-0.8282624706132585,-0.41665468390033383,-0.773573501240699,0.4180816025854263,0.35214666112514525,0.0,-0.27989162900021486,0.4187617078366889,-0.2615073598492169,1.0222020361746411,-0.6455844022407785,0.0,0.6632399533524054,0.0,0
34763.2365242,107.0,WASHOUT_3,34762.2365242,34764.2365242,249,0.726230941254843,0.6179278696091792,0.7753362932518161,0.5994286126655092,0.3581795884040978,0.11253493645996888,0.1656125607531937,-0.03678423665100185,0.22836524388689766,101.755859375,105.365234375,12.418875885009765,1.550152886825666,4.979698181152344,-0.2159482518031025,-0.5590202889362877,0.5682059966303818,-0.39547668945719794,-0.11094029027979702,1.0649294659637996,0.05147151730362521,-0.6327272886860267,-0.5604074919573968,0.21932809026292366,0.16549868088105515,0.36111878999799285,0.4591430786500309,0.0962066927859947,-0.14562308402808352,1.0456881274066006,-0.17123049573566926,-0.024539676195919242,-0.14394609997337202,0.0,0.0,0.0,0
34764.2365242,108.0,WASHOUT_3,34763.2365242,34765.2365242,249,0.8187663879794097,0.7352171786674778,0.6788059412570616,0.5692802439413464,0.37904048884969077,-0.09485526047729301,0.20266415465689297,0.06771384225245189,0.302571280546856,151.7451171875,124.923828125,11.903915405273438,1.8487953884495785,4.959259033203125,0.16578012630781822,-0.04358328980253411,0.19986823135680148,-0.4684395406878414,-0.009940532567904906,-0.03662942517840234,0.2537176393395654,-0.22064089340821427,-0.12650230412849198,1.3180935641784453,0.4939377990623644,0.8025810120070328,0.44830835675143815,0.4530078408102024,-0.176657392531815,-0.12723099334044283,-0.1604464682558485,0.06788710373136154,-0.04317854077919469,0.0,0.0,0.0,0
34765.2365242,109.0,WASHOUT_3,34764.2365242,34766.2365242,250,0.6634733515606255,0.5571304035904082,0.5940290219460809,0.4327897281944917,0.41552599401253015,0.20229470300682223,0.308252287961294,-0.02289008105350322,0.45040704000765014,192.7392578125,133.23828125,9.52789306640625,0.8622311902443449,3.07110595703125,-0.4748366429666614,-0.8261994861815841,-0.12362112054654766,-0.7987637876130155,0.16670702831057374,1.5416910022694226,0.8300704556133325,-0.5779359226084535,0.7379381897171833,2.219146076710938,0.6335588621837778,-0.6557875079657992,-0.5525950827227377,0.8976607821529747,-0.26184626480402096,1.3621588458388276,-0.6717676904848576,-0.5568328960855524,-0.39072264908493515,0.0,0.0,0.0,0
34766.2365242,110.0,WASHOUT_3,34765.2365242,34767.2365242,249,0.5553786107496304,0.6442625674646953,0.49396594060319016,0.7115722118449357,0.3317040370413838,-0.05655773912224175,0.21277088728952984,-0.16491072439612775,0.24595514078887176,133.18359375,135.453125,8.650378799438476,0.2938121851962624,0.947906494140625,-0.920750414960663,-0.44329040916528123,-0.5054389737564033,-0.12407504851734914,-0.23912384016523733,0.16678894165080294,0.308885238518094,-1.1379919120029502,-0.4575540333618838,0.9101106896797772,0.6707517880892705,-1.4960413755037267,-1.678095801872854,0.3952156194422619,-0.4108325356091179,0.08774581776235055,-0.46867070643715125,-0.739181752296435,-0.2953999192896234,0.0,0.0,0.0,0
34767.2365242,111.0,WASHOUT_3,34766.2365242,34768.2365242,249,0.5626783942860638,0.4607590324683081,0.48180082531775015,1.305231819092509,0.3906489781305027,-0.012428795701801497,0.29832262985582375,-0.08299591297372753,0.2677027225945825,224.8916015625,206.6640625,8.567852401733399,0.3157264486338176,1.1599655151367188,-0.8906372569379032,-1.2497109786816416,-0.5518582738619073,1.3126560065374284,0.046262918851700134,0.4011810715555855,0.7758694177256319,-0.8149622476001628,-0.3303893309607478,2.9258556131971876,1.8665666721406522,-1.463647059965151,-1.5656840455565477,1.19810557133446,-0.42611902073288144,0.16155995728869352,-0.7041684141599154,-1.0235951929102214,-0.9615297195812679,0.0,0.0,0.0,0
34768.2365242,112.0,WASHOUT_3,34767.2365242,34769.2365242,249,0.6417377679303378,0.7259305276951854,0.494540838384693,1.3597470007269195,0.2894479269089841,-0.17950607338812977,0.14891588980448334,-0.12455574378692484,0.14348336312076648,326.357421875,324.45703125,9.80421714782715,1.2381157045839217,3.6817550659179688,-0.5645005434520659,-0.08439420042680715,-0.5032452951908161,1.4445896154101072,-0.44371025753251925,-0.48625460988544983,-0.03966725958849832,-0.9788527329361587,-1.056737576069984,5.15607756528253,3.8446137280139054,-0.10014384701057094,-0.2288920942787431,2.250172823324109,-0.8937448221973411,-0.9362891745502717,-1.179914181837269,-0.784565861454193,-1.4465134414063736,0.0,0.0,0.0,0
34769.2365242,113.0,WASHOUT_3,34768.2365242,34770.2365242,249,0.5573076923627115,0.6179261265918105,0.33597251945559,1.7111080069206726,0.22541641036526552,-0.14916076183155047,0.010330174823096934,-0.0208045103978048,0.28935733757071647,116.4951171875,119.021484375,10.86556396484375,0.8377491935536572,2.8922653198242188,-0.9127925434479558,-0.5590279487618014,-1.1083057661265072,2.294927524492977,-0.7537240881295022,-0.3250746301020165,-0.79613737251838,-0.569711510230519,-0.2037682337899277,0.5432974449642651,0.39482225930363496,-0.6919775231160861,-0.647397888256486,0.23452992606697504,-0.8006300733428973,-0.3719806153154115,-0.7760554633869641,-0.9456487413582643,-1.1695871304108982,0.0,0.0,0.0,0
34770.2365242,114.0,WASHOUT_3,34769.2365242,34771.2365242,249,0.8442142646100468,0.9001205995066323,0.7825118363696005,1.379478644449687,0.19856448697258172,0.049029084752070656,0.07740591990734146,-0.03315807130211512,0.2935390243002057,202.4287109375,155.5234375,9.707382202148438,1.3232459727656323,3.9602508544921875,0.2707580241451119,0.6810976301095815,0.5955862295002731,1.4923426795527286,-0.8837298740174403,0.727616340167618,-0.43000442392732596,-0.618427567361153,-0.1793166440342962,2.4321205640459085,1.0077839808625013,0.02569824561645591,-0.0812624363973211,0.8599761362271025,-1.0557251012628608,0.5556211129221975,-0.7578705049607204,0.33751939677824694,-1.209226354668607,0.0,0.0,0.0,0
34771.2365242,115.0,WASHOUT_3,34770.2365242,34772.2365242,249,0.8451462101512665,0.697528690733579,0.8750681842681066,0.258500390453016,0.3032424330346487,-0.12318358075750457,0.16390121314280356,-0.2469853500969881,0.13629798931035011,167.0458984375,109.748046875,8.370734405517577,0.306168981405956,1.0373306274414062,0.27460249750672416,-0.2092082839175712,0.9487601032335042,-1.2205659466972227,-0.3769230265555519,-0.1870960988044031,0.04213012652414999,-1.461651801292316,-1.09875263459031,1.6544052218648309,0.239097380821025,-1.477775192083813,-1.630692376948104,0.473375650671464,-0.48423719464708964,-0.2817712289386959,-0.14748434391538923,0.3427891556255185,0.08935240950189985,0.0,0.11578041002049227,0.0,0
34772.2365242,116.0,WASHOUT_3,34771.2365242,34773.2365242,249,0.4619751034406982,0.48126034588849037,0.4298689169669728,0.9129250833714261,0.294214939213019,-0.1851897666561996,0.05286297217792868,-0.09482147202766594,0.055888410135128644,91.3740234375,65.625,8.552139282226562,0.5552802110066234,1.847259521484375,-1.3060597274129735,-1.159616360916037,-0.7500185692823277,0.36322427253267026,-0.4206303771135103,-0.5164437072797756,-0.5639721019307529,-0.8615961384220668,-1.5689318157686307,-0.008864993274475187,-0.5018421157671472,-1.109531568524141,-1.2013518610717684,0.0,-0.4206303771135103,-0.5164437072797756,-0.41885134973301263,-1.0821566487678602,-0.3398692323271073,0.0,0.0,0.0,0
34773.2365242,117.0,WASHOUT_3,34772.2365242,34774.2365242,249,0.4405476522029599,0.35139692962205743,0.0875326515346391,0.4047111924896848,0.3319498916110819,-0.13321298184552952,0.18940004149513476,0.052502943446328616,0.252042603220835,88.904296875,61.490234375,10.169709014892579,1.391930189495295,4.425262451171875,-1.3944525163123345,-1.7303112530170466,-2.0562955316651146,-0.8667173821224984,-0.23793351513412792,-0.2403675460786795,0.18131547882296653,-0.2806248139139888,-0.42195879544281434,-0.06314966153391284,-0.5712754703896589,0.1272292961854466,0.1652386086639799,0.0,-0.29232815878101787,-0.2403675460786795,-0.6748543702458385,-1.6932693190267498,0.0036031744409845134,0.0,0.0,0.0,0
34774.2365242,118.0,WASHOUT_3,34773.2365242,34775.2365242,250,0.7909043020213965,0.7440155795197031,0.6937538488632383,1.149905417601944,0.4076553275705064,-0.13662337465169722,0.1963083054317919,-0.23325918850224509,0.33270830288504316,67.9384765625,91.060546875,12.050828170776366,1.0827931477763106,3.5642242431640625,0.050843102064590404,-0.004918032339104726,0.25690603106848464,0.9367465426511039,0.12860055223832645,-0.25848194383421996,0.21902423690827388,-1.4075229167048364,0.04971799986344931,-0.5239790576833264,-0.07471383175724211,-0.3297462669057938,-0.2911947784324649,0.012429499965862328,0.060407381172671824,-0.2609678438273924,0.09434319242062508,0.109948475340335,-0.2418018503315458,0.04297167309065656,0.09334667122918706,0.004011262640161622,0
34775.2365242,119.0,WASHOUT_3,34774.2365242,34776.2365242,249,1.2731885833817065,1.3442390594568083,0.9953093148941484,1.8632031599884984,0.43084506042153947,-0.034941910039075263,0.3058064442815472,-0.023218996265836768,0.3787485539014104,68.294921875,101.341796875,11.027550888061523,1.83904162425305,4.808509826660156,2.040368230311321,2.6328107751059493,1.4075727816662071,2.663016960034995,0.24087554273868364,0.28160202861255257,0.8167198181044419,-0.5792329941491446,0.3189293021256871,-0.516144378397168,0.09793481195220585,0.7881627078750436,0.3683967218151585,0.10421602851947323,-0.024983608396543573,0.26075882290865793,0.2599464390868529,1.9217459279665359,-0.8013705898979415,0.004753009116950389,1.376368231690051,0.006541890753503698,0
34931.649122,1.0,BASELINE_2_REFLECTION,34930.649122,34932.649122,249,1.0934982130748099,1.0164567085460314,0.7780071547079296,0.6284509804872318,0.7130759783565257,0.14304616084436783,0.27700408526815473,0.3979576373254872,0.6173041565520755,113.404296875,65.802734375,10.271781539916992,1.670078772183318,5.61077880859375,1.2991072752140778,1.1923457175576881,0.5783973936342345,-0.32523890229492874,1.6073196425311487,1.2269906964203041,0.6595021439853282,1.0816698906995483,1.7138362158327334,0.4753611163596308,-0.4988574982562127,0.5383967981130684,0.7936767446768666,0.8177168057229781,1.2459256381909547,1.0634473352757086,0.4127397809276976,0.9028489842714079,0.2514738459417375,0.6080034620529716,0.5509988840309294,0.3350092290781289,0
34932.649122,2.0,BASELINE_2_REFLECTION,34931.649122,34933.649122,249,1.0645263099192743,1.0199740770039973,0.8779396096827482,0.3715926883450643,0.8468041633371692,0.35717941043084783,0.6688915965128694,0.3836941033196459,0.6527470394535243,101.58984375,443.52734375,12.278478240966797,1.5668720404973213,4.7139739990234375,1.1795920192358176,1.2078030670584898,0.9597168064726711,-0.9468683353297516,2.254775600509676,2.3643655022435324,2.7986200893443884,1.0254218871566296,1.9210814947178334,0.21567906155430192,5.844110672372337,0.3858335398740653,0.3182836053368225,2.2515732789502754,0.9648749179163045,1.9140508464534773,-0.17509308255612904,0.7705419124907094,-0.2076725774232922,0.0,0.0540460664422156,0.0,1
34933.649122,3.0,BASELINE_2_REFLECTION,34932.649122,34934.649122,249,1.690596894161842,1.8313410615889076,0.8448376649130404,1.231678328784464,0.9686007325126047,0.6616766459655652,0.8638820888375885,0.6823981896661255,1.1928861900127994,124.5546875,493.416015625,10.782270812988282,2.533350345948513,6.819297790527344,3.7622661961620536,4.773418442307895,0.833407349284053,1.1346472917063912,2.844463663541369,3.9817111727959276,3.862975674398338,2.203356366803843,5.0794388215097275,0.7204470563304727,6.681869849095444,1.8145104961946437,1.4343084926808907,3.671278023434872,0.9513153565348933,3.247455568108953,-0.835735336065304,2.3887043454686907,-1.4853073544710926,0.0,0.7706903699280483,0.0,1
34934.649122,4.0,BASELINE_2_REFLECTION,34933.649122,34935.649122,250,1.3699885997323962,1.3080683194291562,0.9011670801096172,0.7630897818518935,1.6926591669496192,1.4374725907169015,1.501209835304096,1.4124659914054356,1.649200819667413,124.41015625,526.384765625,7.480700302124023,1.2767821307284009,4.026679992675781,2.4396888641938763,2.473855642315174,1.048347525963428,0.0006039624955857939,6.350051863730475,8.102373254579,7.341829121938871,5.082366314968598,7.747648767779528,0.7172702548664961,7.2354999983765,-0.04298598665891025,-0.0460485791479569,5.19569633399778,3.1083638603492583,7.0632339877794434,-0.7398838763723847,1.180198301337812,-1.351267364703467,0.0,0.0,0.0,1
34935.649122,5.0,BASELINE_2_REFLECTION,34934.649122,34936.649122,249,0.7152197252019792,0.6153316258553556,0.22829138954791098,0.30581268743238577,0.617449885876961,0.1994583535354417,0.4034857303104842,0.4239501893601355,0.5339102317125399,69.94921875,147.990234375,6.052710723876953,0.6489022739583217,2.1819686889648438,-0.2613718574987643,-0.5704296842190705,-1.5191923518760744,-1.1060642263066565,1.1443380854041938,1.5266256519070287,1.3499021922268009,1.1841710771751897,1.2262066610149414,-0.4797828805594901,0.8812821155913501,-0.9711366524790848,-1.0239236847324027,0.8229149634453702,0.5747844350470794,1.3620426592179546,-0.5418039213980583,-0.8868578403916895,-8.577351516109166e-05,0.0,0.0,0.0,0
34936.649122,6.0,BASELINE_2_REFLECTION,34935.649122,34937.649122,249,0.4019463146412932,0.4395978581593407,0.40638191838663706,0.6295589477428978,0.7872773476682082,0.35291632306872683,0.3787175458266488,0.28947244917899856,0.7755372156202737,52.48046875,112.96484375,7.136413955688477,1.4772569386739944,3.891265869140625,-1.553691235115809,-1.3427054064903945,-0.8396395889025061,-0.3225574819241214,1.966571648067362,2.341721993259928,1.2147050594193425,0.6538603979946617,2.6390728718523473,-0.8637465602055243,0.2931156779694788,0.2533618328619361,-0.11783113942347835,0.8965122369541219,1.4228576828507349,2.1624195458691036,-0.08395014007007345,-1.3960528287591885,-0.0010283648562514347,0.42310311037484816,0.0,0.0,0
34937.649122,7.0,BASELINE_2_REFLECTION,34936.649122,34938.649122,249,0.4105718217125592,0.3576276329376323,0.31381700649216465,0.6624798085657156,0.8247872662185879,0.1856640837058155,0.343285723208931,0.39794655809651064,0.5409324123123652,64.57421875,123.806640625,9.659603500366211,1.3527710434635185,4.7497406005859375,-1.5181091858444729,-1.70292994226283,-1.192846140887405,-0.2428848504601556,2.1481789902461847,1.4533569979299263,1.021300458804218,1.0816261999486816,1.2672674793698964,-0.5979255512198083,0.47517734613648976,0.06934308265199994,0.3372433575804218,0.7060177563637668,1.700585301332166,1.312153446657173,0.1981752520884637,-1.5471339348477355,0.294558290288483,0.7426945267953782,0.0,0.0,0
34938.649122,8.0,BASELINE_2_REFLECTION,34937.649122,34939.649122,249,0.5637753054446506,0.5650882125811372,0.13916155737622254,0.1932530100624789,0.9226675032005908,0.2420642236753798,0.34345129016343,0.2815323030475468,0.5605188682119687,121.60546875,156.5078125,10.259644699096679,1.1899312807285378,3.8682708740234375,-0.8861122653555376,-0.7912282750900246,-1.859291424581341,-1.378472828896407,2.6220741725633667,1.752927935045786,1.0222042060106609,0.6225485668909333,1.381795423571583,0.6556231345655451,1.0243141701538314,-0.17137149446783406,-0.1300207070988641,0.9210703237954733,2.1311988460010736,1.5687138702866914,0.16332615414904875,-1.345908721600787,0.6742118957044079,0.9157433748789012,0.0,0.0,0
34939.649122,9.0,BASELINE_2_REFLECTION,34938.649122,34940.649122,249,0.7301958097209704,0.6634107832474919,0.6161336175978157,0.4491034379821547,0.7150656309378802,0.12222571651468811,0.26797848392219775,0.2771129937498293,0.3711234708613922,151.4453125,132.2109375,8.65318946838379,1.4826678195634821,5.475364685058594,-0.199592326991901,-0.3591420843001009,-0.039275034612057835,-0.759282554278385,1.6169527084274053,1.1164023180514457,0.6102358998392184,0.6051210959055893,0.27434313046621356,1.3115038476281695,0.6163071170106832,0.26136035781237216,0.7218941844013451,0.7018187977526639,1.2935181789251071,0.9760385585009129,0.33095382861744604,-0.28066404578349546,0.4118091337897395,0.6318295572225902,0.0,0.0,0
34940.649122,10.0,BASELINE_2_REFLECTION,34939.649122,34941.649122,249,0.9435535226453701,0.8752632090597374,0.679382815124253,1.5791660296733248,0.7469042535443746,0.4005993860036763,0.15051770485785476,0.2971254607705717,0.5443206330029485,105.1767578125,117.16796875,6.91783447265625,0.8558106087955416,2.4809036254882812,0.6805535694720561,0.5718598927479001,0.2020694502138254,1.9756113138862121,1.7711020068971963,2.5949919293928128,-0.03092375226179142,0.6840399189282897,1.287079432700462,0.2945195465352883,0.3636969624038884,-0.6652786022928492,-0.865459304952388,0.6573339651419821,1.6396352138688,2.4635251363644164,0.2952782116229177,0.3927452976155469,-0.5279688405825531,0.6864473643846212,0.20251055762706993,0.1390128385431621,0
34941.649122,11.0,BASELINE_2_REFLECTION,34940.649122,34942.649122,250,0.735057030578076,0.6215122114900936,0.78862889525687,0.6174298984402424,0.680695356827818,0.014987356413288334,0.18272499851420107,0.30790102398652763,0.44655332200479675,87.2734375,105.03125,7.272085189819336,1.1638040652728538,3.2346267700195312,-0.179538758126066,-0.543268619514741,0.6189275284184221,-0.35191130958676076,1.4505462118976278,0.5468027381979116,0.1448797573037831,0.7265331690372608,0.7154043325118701,-0.09899600237743236,0.15989022380006815,-0.209993520894938,-0.46591326321824444,0.40045693133729976,1.3269908984390328,0.46671135193045166,0.6911203730256583,-0.03289006981382514,0.5263526666071249,0.8806939525523636,0.035109639467994114,0.0309208471557562,0
34942.649122,12.0,BASELINE_2_REFLECTION,34941.649122,34943.649122,249,0.29552546051904083,0.1962862544563579,0.40115496752172725,0.33716190980139826,0.6219117628596045,0.11390915134181355,0.34504399086367155,0.33506645597017254,0.4949991000200479,98.314453125,117.279296875,9.66535301208496,1.645103386351888,6.032356262207031,-1.9926998688795157,-2.4119571897432968,-0.8595844390039573,-1.030195157939007,1.1659406281785378,1.0722286471391465,1.0308979626416168,0.8336595876257545,0.9986814802397699,0.14368587162067048,0.3655664480975507,0.501477440470662,1.0171535001641892,0.5853983468959364,0.7395915700068654,0.9551489777599591,-0.1455001285231893,-1.767770684630217,0.2342089702097832,0.17368237630944527,0.0,0.0,0
34943.649122,13.0,BASELINE_2_REFLECTION,34942.649122,34944.649122,249,0.9501449217959266,0.8692241721493201,0.6694163770173562,0.5031916345145231,0.7134615704055811,0.06952980699978469,0.2279195209115381,0.3251763550129528,0.5992059977382905,75.6943359375,101.87890625,11.729409408569335,1.4065032030475522,4.394599914550781,0.7077444913974986,0.5453208749315679,0.16403979980675654,-0.6283823031559393,1.609186518011035,0.8365065056639057,0.39157405379976384,0.7946581428608247,1.608010795787222,-0.353505022366421,0.10695426047426097,0.14877155795048203,0.14898450365821506,0.6274057997805769,1.3662331419149905,0.7110253457077903,0.4933816589182317,0.39085225608046625,0.4895950864385529,0.7603050090626899,0.24679175108385734,0.18763700454440926,0
34944.649122,14.0,BASELINE_2_REFLECTION,34943.649122,34945.649122,249,0.6944126998514718,0.5324092453763936,0.4904517616851034,0.2901406597444884,0.6249269545781676,-0.09116315303703938,0.08929773049836826,0.19181275864211544,0.49160426681787833,154.3955078125,220.568359375,10.521661376953125,2.166182139138504,6.129447937011719,-0.34720525779566214,-0.9348385403907701,-0.5188482774905278,-1.1439925081031481,1.1805389257843402,-0.017018692183660082,-0.36509297687130693,0.2687410708300669,0.9788308615497405,1.3763492342678536,2.10005559588069,1.2717515400915163,1.0686214624193182,1.1809941906320878,0.9443400876579227,-0.25321753031007765,0.0944264311812037,-0.7019560998026998,0.4139075483972045,0.27263685019090983,0.0,0.0,0
34945.649122,15.0,BASELINE_2_REFLECTION,34944.649122,34946.649122,249,0.32973400044926554,0.6893944134765014,0.2528109902090836,0.6035949651894287,0.7577085181703731,0.14344404882540887,0.2159535829139348,0.3098863658622565,0.5979908934418269,291.2880859375,251.099609375,7.803396987915039,0.9104830122835388,2.8769302368164062,-1.8515823736133417,-0.24495499854290878,-1.4256311586730526,-0.3853935913579791,1.8234117387962114,1.2291040896745036,0.32625798230152386,0.7343623309275868,1.6009057126737714,4.385252447898321,2.612753847868929,-0.5844602305100518,-0.6555269629172442,2.333318584842152,1.2588706271373238,0.7624403727060731,-0.39984666549448755,-1.7311717610964767,-0.18771217369937238,0.0,0.0,0.0,1
34946.649122,16.0,BASELINE_2_REFLECTION,34945.649122,34947.649122,249,0.4331627078939017,0.437384166114228,0.33704114310617056,0.585059292291653,0.5990578890722134,0.15184474862550054,0.23333447427412565,0.3604525707819676,0.5313642368083615,358.6435546875,306.33203125,6.857663345336914,0.3416468350354638,1.1701889038085938,-1.4249169806156967,-1.3524336485092134,-1.1042281424647316,-0.43025225540292183,1.0552917268367792,1.2737246440366123,0.42113157624900627,0.9337692992364963,1.2113194571319037,5.865727789610434,3.540248337887827,-1.4253307743929993,-1.5602646624493757,2.8877662209666655,0.3513990097687443,0.6961713998432792,-0.9439634154536958,-1.7313441539865622,-0.6834744284817491,0.0,0.0,0.0,0
34947.649122,17.0,BASELINE_2_REFLECTION,34946.649122,34948.649122,249,0.28585915090464825,0.3351384562549818,-0.07319481552630815,0.31861393363996904,0.665737063508222,0.08574268029964628,0.3228523950778444,0.3523790536464902,0.6221294302866707,174.3447265625,209.97265625,7.877874755859375,1.2321620075190787,3.303619384765625,-2.0325754497734314,-1.8017603798821058,-2.669594818489733,-1.0750835974322936,1.378124409923985,0.9226216403143023,0.9097651390136285,0.9019315218487767,1.742051053875218,1.8148336957956481,1.9221264750365117,-0.10894477896473811,-0.4293405158763356,1.5952356866390387,0.7861477308920887,0.6035745029864945,-0.7545412748888429,-2.4486545678417273,-0.03984923300067794,0.0,0.0,0.0,0
34948.649122,18.0,BASELINE_2_REFLECTION,34947.649122,34949.649122,249,0.7457969474341233,0.6745833246804445,0.563899413135904,1.1268214043242228,0.7710718995409273,-0.02502616081430086,0.42433835095892125,0.26490120081311586,0.5847542080550823,135.4404296875,140.615234375,10.17775764465332,1.3937513924223481,5.066566467285156,-0.13523431925835325,-0.31004348123785413,-0.23858882291554767,0.880880321762055,1.88811164396846,0.33426981080377605,1.4637262201861463,0.5569640983418478,1.5235068012444168,0.9597160152422763,0.7574368878848767,0.12992145248113277,0.5051916577979878,0.9494059506783545,1.2591125877769451,0.14438862066810512,0.36663550574522336,-0.3487811205360246,-0.006410926995113836,0.5410643592497935,0.0,0.0,0
34949.649122,19.0,BASELINE_2_REFLECTION,34948.649122,34950.649122,249,0.602643897593931,0.5131868152405584,0.397379853739478,1.6542921715775596,0.7772780147332836,0.030098211064453064,0.4049186599145327,0.13400333821380286,0.46660627407089855,124.6220703125,75.59375,10.984371185302734,1.2938367102533674,4.348609924316406,-0.7257710645964061,-1.019313006007652,-0.873989410554074,2.1574260437457995,1.9181590588628876,0.627064469656624,1.357723838343363,0.040770605464741316,0.8326600211917244,0.721928132688678,-0.3344411511978041,-0.01777540031710746,0.12460536830744355,0.3988396898362859,1.4310739693926215,0.5472965316893668,0.35942410173047845,-0.8961818274392819,-0.2899120145939959,0.6969649925787381,0.0,0.0,0
34950.649122,20.0,BASELINE_2_REFLECTION,34949.649122,34951.649122,250,0.7374516247181339,0.6584508765490749,0.6616985473520508,0.8670533539264726,0.6050373221278385,0.10582843641903909,0.46534791826488625,0.2466763032131844,0.5356649457474489,83.31640625,42.826171875,9.185651397705078,1.8102057807270138,5.7896270751953125,-0.16966054853532422,-0.3809387803940712,0.1345903253882314,0.25220890709759053,1.0842416416042502,1.0293077014945438,1.6875769396871825,0.4850945249001988,1.2364670058220917,-0.18597167489116956,-0.8846931070324181,0.7455367069298061,0.8884835945263665,0.4303903826805726,0.4918904831619809,0.9432296249584292,0.007943826424318345,-0.16998694643591505,-0.1536720908544822,0.12348015369227193,0.0,0.0,0
34951.649122,21.0,BASELINE_2_REFLECTION,34950.649122,34952.649122,249,0.6740700898517097,0.5346967810851359,0.7452515226710721,1.4657037779463837,0.6471759261457276,0.22191210486633722,0.32655840715640977,0.4103090173105023,0.3968250397435285,118.98046875,66.02734375,6.805924606323242,1.0522288002655182,3.2882843017578125,-0.43112284609958945,-0.9247857866437139,0.4534093866990126,1.7010183676213724,1.2882591434960862,1.645889386564296,0.9299944056156617,1.1303773474120675,0.42462799373689336,0.5979255512198083,-0.49508572887426233,-0.3749273938150605,-0.43746959053709383,0.5382327230921923,0.9016142771929492,1.5382428419458576,0.16703344996865563,-0.3010040611927325,-0.5364458355466801,0.3196003490496157,0.0,0.0,0
34952.649122,22.0,BASELINE_2_REFLECTION,34951.649122,34953.649122,249,1.285661966774148,1.0441455080558095,1.3678682872102559,2.077662445995311,0.6025416641000919,-0.019558806131186327,0.30613615154536494,0.26717052467972535,0.5391022569666475,109.658203125,121.080078125,5.9373523712158205,0.7243038737071992,2.3991470336914062,2.0918235869394133,1.3140263024594405,2.8291726873932035,3.1820354556328723,1.0721587089047948,0.36330981969115217,0.8185195251747379,0.5659131383789667,1.2565660063525639,0.39302185679331886,0.42939134563907533,-0.8596757666802683,-0.9087981925467589,0.6612230867909812,0.6943582339941772,0.23106520233295594,0.8776713883807619,2.0951528521835985,-0.6937897171045577,0.5057897410000706,1.5098966568464751,0.7636902390032511,0
34953.649122,23.0,BASELINE_2_REFLECTION,34952.649122,34954.649122,249,0.5158472754387912,0.4993166306392104,0.2718948098918321,1.1080217391603782,0.6527979779298045,0.018558312689588848,0.17287728371791594,0.02060071610047317,0.7123670197083981,72.9794921875,80.935546875,7.193005752563477,1.3742429340153315,4.3843841552734375,-1.0838255720697214,-1.0802666119735336,-1.3528116635653424,0.835382763168241,1.3154787675730248,0.5657699733620155,0.09112600696199913,-0.4064307043785676,2.269697589785552,-0.41317737418976486,-0.24473863589663766,0.10108346944287752,0.1435691648667945,0.567424397446388,1.1746560859951476,0.4522850938727379,0.07554481326985107,-1.2623725716909093,-0.060659443404653526,0.4430395808395064,0.0,0.0,0
34954.649122,24.0,BASELINE_2_REFLECTION,34953.649122,34955.649122,249,0.8783010038750727,0.7694880034167455,0.8027602650576257,1.5582791510584388,0.7088974026938416,0.06629926596286043,0.09348748175562115,0.24498037069739398,0.5357730938521733,58.953125,71.14453125,9.858125686645508,1.657952687401995,4.823844909667969,0.41137306578918853,0.10702251739700529,0.6728496064498766,1.9250624357364956,1.5870887262956483,0.8193473956626736,-0.3422232200053277,0.47840664389415466,1.237099380569564,-0.7214773703187893,-0.4091549829550462,0.5204716591836662,0.3765257964759167,0.42887650611592965,1.5013134250724625,0.7335720944394877,0.7400012399854436,0.3776882694246032,-0.13793550859195805,0.909022747193676,0.326606735371125,0.29689295183901804,0
34955.649122,25.0,BASELINE_2_REFLECTION,34954.649122,34956.649122,249,0.8292043688624074,0.6284026995937755,0.6370697206774024,1.4680169770046763,0.6583357768097202,-0.019713143968458323,0.12783502074641687,0.3814734129117878,0.41324579687070756,64.751953125,45.84375,10.16178855895996,1.6965481257387507,5.056343078613281,0.20883901513643519,-0.5129878331477306,0.040612350676782136,1.7066166008226862,1.3422904743153783,0.36249004990744316,-0.15473718147155427,1.0166646323362065,0.5206451377087684,-0.5940189440141074,-0.8340202053357811,0.5775245832480848,0.49977227469081564,0.38432744251124373,1.2654249858131295,0.28562456140519443,0.552930056957567,-0.052054803457963095,-0.11383414297650316,0.7300108664469144,0.0,0.0,0
34956.649122,26.0,BASELINE_2_REFLECTION,34955.649122,34957.649122,249,1.1341268381446787,1.0445953626171873,1.2292372361409643,1.4515921597012154,0.7048056610267994,0.002437067985368779,0.2949885331211872,0.24095302355118672,0.6261422440460316,61.9150390625,61.154296875,7.918627166748047,1.4929685914743664,5.2965087890625,1.4667089857127673,1.3160032233486918,2.3001882747893285,1.6668664732994534,1.5672782239604905,0.4801415265864674,0.7576702509954362,0.4625248689808928,1.7655151921899577,-0.656374405182026,-0.5769167254652716,0.276587265005622,0.6270832902360937,0.5570100152927127,1.2285751456033172,0.3687395235279249,1.0377629902503935,1.6447340821228416,-0.0387595823339737,0.9045741998422299,1.2474644524775251,1.1284241589314827,0
34957.649122,27.0,BASELINE_2_REFLECTION,34956.649122,34958.649122,250,0.8927914495335935,0.8460195745702496,0.8706053501043729,1.7052444221322607,0.7114546784277825,-0.1863046089528701,0.26312217985501785,0.2998706629126051,0.41574660661525614,58.7080078125,35.763671875,6.523597335815429,0.3602154805089551,1.2238388061523438,0.4711492328162512,0.4433464644904805,0.9317309478571145,2.280736910449827,1.5994699861652384,-0.5223652236400224,0.5837277645193925,0.6948655768436343,0.5352681302680549,-0.7268650538826956,-1.0032906555987866,-1.3978820507657486,-1.5318250340839765,0.3075334267779223,1.3628449714538364,-0.5838719089956068,0.9056141145694082,0.5806622653987109,-0.11047073841202967,0.9482528295136726,0.5260797233373948,0.4988565862044547,0
34958.649122,28.0,BASELINE_2_REFLECTION,34957.649122,34959.649122,249,0.6904341355784744,0.6258316278767577,0.559403057844156,0.5113513679721186,0.6779199711639963,-0.15732281730279665,0.12932446703071254,0.3532776532793581,0.4069518637052323,58.158203125,61.35546875,6.392014694213867,0.4669011864387509,1.6863021850585938,-0.36361768072005635,-0.5242866079552332,-0.2557458872566005,-0.6086347200015949,1.4371089549424865,-0.36842761836822163,-0.14660703906087744,0.9054751342040682,0.4838426028306086,-0.7389497783706606,-0.5735385320188291,-1.2401760693991648,-1.286674790483717,0.3473294342586692,1.3676430680907525,-0.43789350521995546,0.6014348570710966,-0.4100957535936826,0.6737761638437445,0.8839967958554728,0.0,0.0,0
34959.649122,29.0,BASELINE_2_REFLECTION,34958.649122,34960.649122,249,0.42479430491014,0.44402631993777925,0.35494605077503233,0.3740760609723947,0.7275521104301736,0.06927108631064398,0.18218029299367763,0.2607183080497315,0.34392030425591896,47.341796875,53.599609375,9.525594329833984,3.913893358797664,12.021270751953125,-1.4594384209009348,-1.3232441864680111,-1.035907106211422,-0.9408582606482336,1.6774070213505357,0.8351323034130076,0.14190648226833494,0.5404689319351118,0.11527797018043207,-0.9766947311747458,-0.7037793686773052,3.8552702096226574,4.191856434555904,0.16393672552888597,1.602047731564258,0.8023449583072304,0.420696302763819,-1.3085541227023536,0.7149067845028404,0.9489381487921416,0.0,0.0,0
34960.649122,30.0,BASELINE_2_REFLECTION,34959.649122,34961.649122,249,0.5176860508698823,0.5351580858002801,0.32034281382650276,0.6093655232102414,0.6714192300402277,0.23031158329040793,0.19645599092444033,0.5160681503873339,0.4743059375005521,53.208984375,55.54296875,13.314786529541015,3.220617513541972,10.046257019042969,-1.0762402327444585,-0.9227585471623898,-1.1679451512974504,-0.3714281138144824,1.405635084475545,1.6905034535531576,0.21983037815679196,1.547436688355584,0.8776822869943386,-0.8477337636371018,-0.6711453640247784,2.8304492499549827,3.1449084602495225,0.6062797438374806,1.2184300222610114,1.5692475047856616,-0.08726921249730876,-1.1685825786972142,0.0984970632129756,0.39761612194746765,0.0,0.0,0
34961.649122,31.0,BASELINE_2_REFLECTION,34960.649122,34962.649122,249,1.0570844942012083,1.0375826877267018,0.9486070238101354,0.7453282092245157,0.6006931114505502,0.0933227917874283,0.2475574123788949,0.22487340893127855,0.4934291831693646,83.3935546875,389.90234375,10.682241821289063,4.1219921517777856,11.942070007324219,1.1488929482872194,1.2851854776353477,1.229367510727421,-0.042381281352615784,1.0632087898824432,0.9628836166686687,0.49876748263195914,0.39911518245166633,0.9895017005798888,-0.18427594978539827,4.943608931930354,4.162888030417954,4.149872392738326,1.5830564537404772,0.59696725434476,0.6462723259205733,0.1106552889522393,0.966859082949844,-0.19408375668890893,0.0,0.38232112510724314,0.0,0
34962.649122,32.0,BASELINE_2_REFLECTION,34961.649122,34963.649122,249,0.8001342206780396,0.8513552275922197,0.4444378806554255,0.8321056266059441,0.6894093538847126,0.2761438078752804,0.41647920203747585,0.11983461359858037,0.6715824241237518,98.4921875,406.0859375,8.184601974487304,1.8627149784429224,6.4615936279296875,0.08891847754079399,0.4667944070535683,-0.6944267329690382,0.1676310033089462,1.4927357421982923,1.9339426094914947,1.4208270564957393,-0.0151035188602186,2.0312176977954297,0.14759247882637141,5.215373115398531,0.8231573636465424,1.2446907486661392,1.848545823005083,0.6967784606485539,1.564233444890478,-0.5653616746149213,-0.3869590336858548,-0.5869403627864364,0.0,0.0,0.0,1
34963.649122,33.0,BASELINE_2_REFLECTION,34962.649122,34964.649122,249,1.5503646653165999,1.7443145774089457,0.8690309013529146,0.4936762940899728,0.8939438836995746,0.23727083271487048,0.4076767491134911,0.38940000261714136,0.5535731000335706,63.09765625,379.912109375,9.325793075561524,1.3806942193798768,4.80084228515625,3.1837784579949866,4.390973782935021,0.9257232111953706,-0.6514106259868512,2.4830064167022297,1.7274677035148471,1.372778867991166,1.0479230039043885,1.341181411804935,-0.6303804418517853,4.775847189420128,0.11061995121074432,0.3643321844847794,1.791237901282363,1.7129251760484072,1.3692201232583745,0.451886149653201,2.3662125014107733,0.258641679278649,0.641781684237116,1.3884784006617088,0.8911000065035286,0
34964.649122,34.0,BASELINE_2_REFLECTION,34963.649122,34965.649122,250,1.4047193456018028,1.6291628210472964,0.6147516288531939,0.2867559749398495,0.8434760305636069,0.21986674179053298,0.7134357463962863,0.5679278111359565,0.7386411866143529,91.541015625,432.998046875,7.6760295867919925,2.1004943125988427,6.244422912597656,2.582960569908692,3.884930425526137,-0.0445483878663265,-1.152183871825775,2.2386621731607708,1.6350253827924701,3.04176432753084,1.7519443777072188,2.4233306072530914,-0.005194499691096841,5.667296683345431,1.1746498425586513,1.1295693007962468,2.4606429170764352,0.8340042914862318,1.142896799377183,-0.39617482579369956,1.5546299682494595,-0.16675036077668737,0.0,0.5168774292005947,0.0,1
34965.649122,35.0,BASELINE_2_REFLECTION,34964.649122,34966.649122,249,1.6198034287615577,1.480149273458909,0.8211861094283892,1.0220852517203256,1.0771919644419303,0.5896699370187134,1.017278893806038,0.6952203348621792,0.9239093728570467,98.986328125,402.755859375,5.145429611206055,0.7735820556977987,2.1615371704101562,3.47022811038354,3.230078790574001,0.7431584181195433,0.6274056349282211,3.3702170049708267,3.599245503571029,4.70029212070849,2.2539202781122243,3.5066498460736506,0.15845370545321025,5.159452534561789,-0.7868312934393771,-1.0347543623152438,2.7696190910502185,1.4062055505482363,3.0453216853609852,-0.34226645250333587,2.0522809904717008,-0.862648709454021,0.0,0.8142195846194794,0.0,1
34966.649122,36.0,BASELINE_2_REFLECTION,34965.649122,34967.649122,249,1.4072289176002277,1.2941881969710045,1.1534514162487484,1.3568334837028528,0.8573766817945265,0.365497416372568,0.8603887512190966,0.6683715614526646,0.6579146530451372,105.43359375,136.658203125,4.796160888671875,0.6177979749004088,2.0465621948242188,2.5933130875937556,2.4128583636639482,2.011006903731635,1.4375385370871019,2.305963314356572,2.408546825840266,3.8439072913177466,2.148042597220313,1.951298097665797,0.3001648085962737,0.6909881507732997,-1.0171159518134847,-1.0957022006921726,1.2726234135639207,0.8982664442484639,2.1540221431274817,0.24783798825308734,2.162521466421464,-0.677450134970226,0.19347729841589129,1.3088079414328582,0.25322462465369344,0
34967.649122,37.0,BASELINE_2_REFLECTION,34966.649122,34968.649122,249,0.9875084084103721,0.77502391730287,0.5669231254863382,0.7376402761810678,0.46056802807895303,0.20953215947075277,0.4340339328968688,0.27141053032336226,0.6218437445699723,94.681640625,105.634765625,6.460743713378906,1.4905235032029658,4.6143341064453125,0.8618768120459801,0.1313505219170814,-0.22705102752814893,-0.06098704805437012,0.3847817245311083,1.5801329567823887,1.5166495533341924,0.5826335284567422,1.7403805628997724,0.06383653752612399,0.17002480413939555,0.2729728628511018,0.265464841620652,0.6392188582555085,-0.19805691312025106,1.4522891851312871,-0.6159566106883099,0.23876398143092897,-0.5407972616126365,0.0,0.0,0.0,0
34968.649122,38.0,BASELINE_2_REFLECTION,34967.649122,34969.649122,249,0.5389722354123013,0.47121209516266654,0.3213702794934337,0.322198842046744,0.49418876515530963,-0.11835736881518724,0.20573153831056218,0.2420058873973602,0.3677763163844058,66.841796875,97.341796875,8.941903686523437,1.4511531600930245,5.109992980957031,-0.9884301989772559,-1.2037741809445262,-1.1640245770963613,-1.066407667362838,0.5475592761360109,-0.16146153770118662,0.2704609527409652,0.4666768196353045,0.25477130373351276,-0.5480841120349865,0.030764518958864395,0.214774451519614,0.5282119030562146,0.1880531605819204,0.4288103581973372,-0.1990721698175707,-0.10217373741103496,-1.121165001799685,0.3854113411989097,0.1479169813573429,0.0,0.0,0
34969.649122,39.0,BASELINE_2_REFLECTION,34968.649122,34970.649122,249,0.8349390253947563,0.8828362651756699,0.4614009582031866,0.6592273628830643,0.5644178171015182,-0.17346850383848803,0.15772157839727233,0.2587094658543511,0.31236046035309906,50.705078125,66.20703125,9.73408203125,1.1609164800266594,4.1339874267578125,0.23249569173553947,0.6051402773797813,-0.6296995052423198,-0.25075617884446205,0.8875789818722235,-0.4541858886222688,0.008398590813955758,0.5325470969342876,-0.06926200275000843,-0.9027697025130205,-0.49206831336870205,-0.2142620352292804,0.010834721898592706,0.1331367742335719,0.8584320497813224,-0.48081324346898313,0.28142855751075446,-0.014714226212898671,0.3764862531187096,0.5239585437465911,0.019358398306407443,0.01014299818589172,0
34970.649122,40.0,BASELINE_2_REFLECTION,34969.649122,34971.649122,249,0.6551137781064665,0.5946146175375557,0.5321779735546704,0.42036880065769916,0.5250406014478207,0.2568536304557806,0.20913368329578072,0.25663023977199484,0.3199721970529991,46.4912109375,35.271484375,7.751913833618164,1.8750274631733386,6.0400238037109375,-0.5093216595663382,-0.6614721900031921,-0.3596305877611517,-0.8288239973810901,0.6969309678631945,1.8314822870559613,0.28903156084092535,0.5243477042733237,-0.02475387118641444,-0.9953906370877431,-1.0115557502444517,0.8413580445207836,1.0212180374945683,0.13108692606833092,0.5840041143972508,1.805264901842295,-0.16253009590734174,-0.5070229294321434,0.08620878906665641,0.1720668020134585,0.0,0.0,0
34971.649122,41.0,BASELINE_2_REFLECTION,34970.649122,34972.649122,250,0.9107230214667564,0.9105989007884057,0.6112646648274815,0.34836145177383016,0.5226795611243397,-0.06628550742342017,0.15848086486218102,0.3603792252235976,0.44817823813064506,45.4619140625,33.728515625,5.4355510711669925,0.8430677700922172,2.5601043701171875,0.5451207768387255,0.7271453407838095,-0.05785384578996539,-1.0030908551403293,0.6854997978021738,0.11511962544693244,0.012543155915292174,0.9334800622756309,0.7249057096036462,-1.018014615081198,-1.0374661659987192,-0.6841154452006167,-0.8234752631348102,0.41459644296981923,0.5988175624336223,0.03220033685296858,0.2047970197779524,0.3082951052622276,0.44402244109476446,0.3231095175107212,0.1738466890451859,0.0561715198182264,0
34972.649122,42.0,BASELINE_2_REFLECTION,34971.649122,34973.649122,249,0.7832554220058106,0.6922091329953082,0.74977762968809,0.5647637862514826,0.4126613554172955,-0.27931081013178377,0.052108024378588684,0.1882654893315546,0.14826787993912333,45.7197265625,43.2734375,4.801144790649414,0.2783255948673344,0.93768310546875,0.01928984689519057,-0.23258549450349267,0.4706799768251944,-0.47936993740449413,0.15283764597947885,-1.0163702892265392,-0.5680929844264674,0.2547524746892787,-1.028761056069962,-1.012347888145456,-0.8771823662631432,-1.5189341136129255,-1.683515184980026,0.06368811867231967,0.14010002224501492,-1.029107912961003,0.17880297677297688,0.11734810629010733,0.21780410835363298,0.1525491366589957,0.10516664602320658,0.016043081056162367,0
34973.649122,43.0,BASELINE_2_REFLECTION,34972.649122,34974.649122,249,0.38724006490783525,0.3990329704029378,0.35972807831432246,0.5922958143186404,0.507539995389557,0.024770450270999413,-0.11182024692258505,0.1704553138200108,0.3384458081226083,38.298828125,28.8125,5.903882217407227,1.2111743691807897,3.760955810546875,-1.6143576398024002,-1.520970963540997,-1.0176599818520853,-0.4127389602421396,0.6122003505868285,0.5987659176586089,-1.4628954387793902,0.18451835074334386,0.08326693199660005,-1.175459471420848,-1.120018718471493,-0.1399693297408735,-0.18690805246116532,0.06694632068498597,0.5988110864498314,0.5853766535216117,-0.058880808791182876,-1.3968780723702572,0.1875490496445566,0.24833426577385032,0.0,0.0,0
34974.649122,44.0,BASELINE_2_REFLECTION,34973.649122,34975.649122,249,0.4023777110166497,0.43243656654992546,0.21875224583342698,0.23708194385648823,0.684524916665148,0.0759404794598366,0.08178829314277422,0.25510465709782865,0.4309753375157885,48.537109375,50.11328125,7.991188430786133,1.3218946338229374,4.6782073974609375,-1.5519116334116325,-1.3741762599442588,-1.5555915445217976,-1.2724012863440226,1.4690873394353527,0.8705569735782928,-0.40608324001054225,0.5183315949678476,0.6243151355955462,-0.9504217244726691,-0.7623237890840994,0.02370065622751921,0.2993238530932231,0.28566168264084846,1.411955002907183,0.813424637050123,0.15357701739826457,-1.5605017800028427,0.6645551090392396,0.7138125835132056,0.0,0.0,0
34975.649122,45.0,BASELINE_2_REFLECTION,34974.649122,34976.649122,249,0.6663943027840319,0.43721032899567364,0.7503187860818463,1.5296495596184003,0.7942296157029576,0.2038613266004827,0.44377333069614605,0.21276847971829527,0.4063032442624294,65.658203125,96.24609375,10.503775024414063,1.5635275022950899,4.1902008056640625,-0.4627870985756251,-1.3531975892591854,0.4727449059653112,1.8557752169106405,2.0002316230473087,1.5500121677543655,1.5698120553574193,0.3513796001633062,0.480049928355235,-0.574099540239984,0.012364843973871938,0.38088954409877346,0.040633240356536364,0.2109485931231033,1.4870982878154622,1.5078224491297447,0.5817886466831073,-0.345075284091475,-0.23351900305185908,0.8654575015945497,0.0,0.0,0
34976.649122,46.0,BASELINE_2_REFLECTION,34975.649122,34977.649122,249,1.1068052933244974,1.0300401609585175,1.1064601671133147,1.865156284470049,0.7138272718671685,-0.10937254912116255,0.24737315786542002,0.180383251015424,0.44724847522149586,67.5576171875,96.24609375,10.315600204467774,1.851087643296625,5.306732177734375,1.3540018085081662,1.2520392565987266,1.8316990348977966,2.6677437673885254,1.6109570915829452,-0.11373841401730049,0.49776172938650454,0.2236690020695006,0.7194691040673689,-0.5323503588383999,0.012364843973871938,0.8059694912512313,0.6325026733432658,0.23887573752768534,1.4138534252614567,-0.16151356152283758,1.1758252082363292,1.4649719667334962,-0.1299859480845753,1.1045816427600093,1.2128702708551762,1.339714236235988,0
34977.649122,47.0,BASELINE_2_REFLECTION,34976.649122,34978.649122,249,0.6739799823276464,0.581201546896399,0.6358330090582832,1.7747895014166692,0.6080593694132412,0.08988381817467211,0.15056560160632065,0.04417262425159009,0.37313873895977595,61.365234375,48.2578125,7.565909576416016,1.4023912940715175,5.240303039550781,-0.43149455878087833,-0.7204169730866228,0.035893341736475036,2.449044765514132,1.098873130998278,0.9446174111513415,-0.030662307864539988,-0.31347528585084566,0.2861270138551327,-0.6684591296699911,-0.7934818839784715,0.1426932118899298,0.5972888160939016,0.07153175346378317,1.0845667803055214,0.9303110604585848,0.4015399141444928,-0.33642303948052105,-0.4628114267880043,0.6081605191309494,0.0,0.0,0
34978.649122,48.0,BASELINE_2_REFLECTION,34977.649122,34979.649122,249,1.1395001412299584,0.9936289866221701,1.040711436471266,2.1325479217134005,0.6811393622535536,0.1414434705246354,0.22015326168742153,0.06918859456168676,0.18576818129416853,57.0087890625,51.119140625,5.42341423034668,1.0939818668088648,2.917816162109375,1.488875002568421,1.0920275165215951,1.580816902865554,3.3148652228478563,1.452695900523918,1.2184779615007124,0.3491819285139847,-0.21482523278155619,-0.8094854278934531,-0.7642139359591771,-0.745432821851887,-0.313206769886155,-0.6338534748043072,0.0,1.3479413219697225,1.2184779615007124,0.8928763604995935,1.4416851704630524,-0.5496297743636487,0.9534049796748274,1.1877548914240554,1.1324114281168285,0
34979.649122,49.0,BASELINE_2_REFLECTION,34978.649122,34980.649122,249,0.717599228586065,0.5749166641202225,0.6455135540373765,1.1501531762762953,0.6653653315027125,-0.019378151740590457,0.2703504883282493,0.036789856549462416,0.4917972527368507,61.5,38.53515625,4.333323287963867,0.2627836900287653,1.096099853515625,-0.25155590048263676,-0.7480363796980957,0.07283208929665565,0.9373461498624653,1.376324638979862,0.36426937059145315,0.6231834856791948,-0.3425891046068257,0.9799593087110376,-0.6654969769535805,-0.9567503012249822,-1.5419086192743072,-1.5995390127133673,0.2449898271777594,1.1403716278405516,0.31527140515590124,0.5211106798108472,-0.2740646739796401,0.09489663713720067,0.7081587367212977,0.0,0.0,0
34980.649122,50.0,BASELINE_2_REFLECTION,34979.649122,34981.649122,250,1.1172753784108707,0.8810398521026153,1.0847472945563073,1.8384361403814864,0.5937824096260715,0.18729374043621944,0.1389071465912672,0.3052167381331929,0.4761432020658745,57.2431640625,30.533203125,4.6475883483886715,0.469462722985831,1.4154739379882812,1.3971931339966672,0.5972458002870762,1.7488476747810036,2.6030776517577765,1.029750061113191,1.4620129657017746,-0.0942999835298129,0.7159477334694173,0.8884253297734684,-0.7590623660175934,-1.0911236852062907,-1.2363895299425156,-1.43023991103476,0.40109326581072147,0.9495314079510466,1.3817943125396304,0.5828220141077202,1.3001187666576586,-0.6378461696581778,0.545555769798483,0.9464288863197607,0.516329739635698,0
34981.649122,51.0,BASELINE_2_REFLECTION,34980.649122,34982.649122,249,1.4070174926648693,1.230006327044181,1.3279943715769094,2.1934571422878806,0.5641101713266058,-0.12991625814083455,0.12415228904256281,0.22305762799423767,0.398832681753068,67.30078125,41.865234375,5.660006332397461,0.7266342897763806,2.5320053100585938,2.5924409148153953,2.1308061399831733,2.677022936837106,3.4622732116518558,0.8860894896612677,-0.22285690496749627,-0.1748393721502913,0.391954681236609,0.43636728507291084,-0.5379956208993852,-0.9008297203882404,-0.8562308763833006,-0.8383704780480304,0.20708049157737995,0.8446733913457917,-0.26427300328297226,1.082055976555117,2.4986555938199424,-0.5561820502685159,0.7699939122130814,1.9240540126695072,1.4815098765246715,0
34982.649122,52.0,BASELINE_2_REFLECTION,34981.649122,34983.649122,249,0.7545654710637416,0.41934157850075854,0.7879565341833003,1.7738605754388648,0.620503435456246,0.03829186344432457,0.2773679603406876,0.05882648412460019,0.4617408288823531,63.56640625,60.283203125,7.185596466064453,1.0211811672438769,2.8411636352539062,-0.09906229629806575,-1.4317232043158048,0.6163619522014301,2.446796647596279,1.159122095733632,0.6705852857958089,0.6614883560364642,-0.25568803889529107,0.8042102884822261,-0.620077301968618,-0.5915446310683137,-0.42082292773044333,-0.6744867151608436,0.20105257212055652,0.9204650744985814,0.6303747713716976,0.48400818172009863,-0.14535387674487354,-0.4716641566291505,0.5446360352113797,0.0,0.0,0
34983.649122,53.0,BASELINE_2_REFLECTION,34982.649122,34984.649122,249,1.0049092502705714,1.015308534335294,0.5745231410636217,1.2180963364690112,0.6038686745779598,-0.3658494052287085,0.19342321785701053,0.05290341976668174,0.05538901360865863,77.8056640625,244.103515625,7.551984786987305,0.7788218846946184,2.3480453491210938,0.9336589817568985,1.1872999766080927,-0.19805110474807733,1.101777158871181,1.0785835387962635,-1.4760224823570085,0.20327598663730914,-0.27904554236201207,-1.5718519386234875,-0.307097963142655,2.495271431119833,-0.7790856224806049,-0.9358870194511164,0.6238178577799582,0.892837171249079,-1.600786053913,0.28559320355498463,0.4947159717834021,-0.11604726695387613,0.39392537041044945,0.27865624940338674,0.1097697662634157,0
34984.649122,54.0,BASELINE_2_REFLECTION,34983.649122,34985.649122,249,1.5857490558971796,1.7415153308395848,0.777107275024753,1.0325703092688632,0.4787555867589869,-0.12091094252203928,-0.03288410722879127,0.16951607779234223,0.3227719461351263,84.109375,419.2734375,6.400319290161133,0.7709966487233063,2.9050369262695312,3.329746587018803,4.378672275976449,0.5749636583927595,0.6527807953907355,0.4728382791772098,-0.17502491660004924,-1.032022527264425,0.18081448945691211,-0.008382889713289775,-0.16854219658881156,5.436825175110953,-0.7906531188712924,-0.6406277036882724,1.4044099161419663,0.19195629594881652,-0.45590689982844246,-0.10178560166545259,2.364696212369922,-0.4445757334773321,0.0,1.3540482450974614,0.0,0
34985.649122,55.0,BASELINE_2_REFLECTION,34984.649122,34986.649122,249,1.0296676278176486,0.8934355600598886,0.9039282496325067,0.6354750666467949,0.648447207479984,-0.055250439827116055,0.31039555737545366,0.17096294430876727,0.26966741898256585,89.1494140625,374.94921875,5.43542251586914,0.4186943304925135,1.1753005981445312,1.0357925493813636,0.6517197038587955,1.0588835179140004,-0.30823972870180916,1.2944141561753528,0.17373269879649522,0.8417694915203614,0.18652018293432637,-0.3189011556905721,-0.05776197797000661,4.692507485076339,-1.3114368766398434,-1.5575549708957894,1.2197569170026663,0.797931925318711,-0.07021868460403805,0.39864420915312465,0.7840962817128728,0.18756116509390394,0.3132639936211832,0.38464485562910256,0.12049538360021611,0
34986.649122,56.0,BASELINE_2_REFLECTION,34985.649122,34987.649122,249,0.622091075789034,0.6335916438669689,0.32261343884695615,0.7136530354895395,0.5148781319026738,0.06883996029068022,0.15907316497958282,0.04828971328756518,0.3973730941765179,46.123046875,35.29296875,5.113108062744141,0.0768060701045002,0.2631683349609375,-0.6455473227329553,-0.4901846136017983,-1.1592809650749292,-0.11903919309818832,0.6477285394018116,0.832842365375881,0.01577622605357808,-0.2972396153229667,0.4278326341191366,-1.0034828948709806,-1.0111949723035696,-1.816826264583587,-2.04107314058084,0.10695815852978414,0.6216040398797814,0.8114507336699242,-0.1369677057012834,-0.8103252795058824,0.04484180171162462,0.2011788988455297,0.0,0.0,0
34987.649122,57.0,BASELINE_2_REFLECTION,34986.649122,34988.649122,250,0.761673729127391,0.6302004760651758,0.6221656724640904,1.8428261794591216,0.5267649517110877,-0.07045268936974312,0.07379207791550342,0.16746393436538531,0.20257475901915784,56.0361328125,33.482421875,5.3822776794433596,0.3157498533370994,1.1548614501953125,-0.06973922154264485,-0.5050873644948606,-0.016258091613942854,2.6137020995031532,0.7052795508620265,0.09298552078928571,-0.4497305801191358,0.17272189678648567,-0.7112122739458903,-0.7855929512167492,-1.0415987133215516,-1.4636124624371365,-1.5683896927943821,0.04318047419662142,0.6966434560227023,0.08434942594996142,0.35142437416985295,-0.1445675257875355,-0.5085500082334905,0.41213942792397656,0.0,0.0,0
34988.649122,58.0,BASELINE_2_REFLECTION,34987.649122,34989.649122,249,1.2767565904279348,0.8194507489425518,1.4231583448878966,2.121280155241231,0.4775517503248325,-0.24130219583390564,0.2452528109482675,0.12366460828819129,0.3711900203116847,64.4169921875,37.88671875,6.953986358642578,1.5682745004173728,5.018013000488281,2.055087017447013,0.32658769199876386,3.0401469132816183,3.2875958081630205,0.46700980650454393,-0.8144864603949957,0.48618781592735527,0.0,0.2747322652728789,-0.6013813960556207,-0.9676392354406996,0.3879066978111236,0.47945363235467164,0.06868306631821973,0.3074168484626934,-0.8282230736586397,0.911945228395331,2.043855655951742,-0.6798039940749093,0.46699592191497613,1.5993513915816417,0.7468905775776687,0
34989.649122,59.0,BASELINE_2_REFLECTION,34988.649122,34990.649122,249,1.0169174450853273,0.7998526113211105,0.998214267189127,1.9837988742314552,0.656802447436275,-0.028503790548285942,0.23342308285920796,0.2274180409662205,0.44663383024233727,64.607421875,60.23828125,9.785309982299804,1.7341590089110919,5.2863006591796875,0.983195336666609,0.24046215058914572,1.4186574158195862,2.9548737844578024,1.3348667345964533,0.31579828220625683,0.4216152462028162,0.4091498955640145,0.7158750885784132,-0.597195745478084,-0.5922989849447038,0.6331221086059914,0.6216719957604248,0.28125624603560695,1.152130911528487,0.25954703299913545,0.8661128871868355,0.9448719902493173,-0.4194779442390773,0.8100106657908661,0.7783817214047678,0.6304974963945165,0
34990.649122,60.0,BASELINE_2_REFLECTION,34989.649122,34991.649122,249,0.9014486078563638,0.7799259670052582,0.6432260468995856,1.0132774370836393,0.5931943952474916,0.03756930574185074,0.11917251608579282,-0.033894813818751014,0.20603327023291476,63.423828125,54.404296875,9.803194808959962,1.6798383911746484,4.892829895019531,0.5068618502247675,0.1528929609380801,0.0641034847720699,0.6060896136574393,1.0269031413494647,0.6667474001422062,-0.20202146239299,-0.6213328989338883,-0.690989310621623,-0.6232111736830813,-0.6902665948915353,0.5528237569767473,0.413094499502074,0.0,1.0269031413494647,0.6667474001422062,0.4474731189067819,0.2811026444589858,0.13810022801297217,0.6772793399166082,0.28626647490264645,0.19388236916231866,0
34991.649122,61.0,BASELINE_2_REFLECTION,34990.649122,34992.649122,249,0.7564693198404899,0.7494277603502787,0.6193134258860153,0.9354175802194238,0.5096373668629274,0.05211378205118135,0.1944172917496042,0.051711392946993194,0.22358566471459987,48.255859375,33.662109375,7.155830764770508,1.3961664331039603,4.744636535644531,-0.09120851559627922,0.018866217636266207,-0.027141612795285538,0.4176589491263288,0.6223549463193918,0.7440007970344277,0.20870213889183253,-0.2837462798334996,-0.5883551400443355,-0.9566036084025695,-1.0385812978159914,0.13349143739536762,0.33453771034258734,0.0,0.559744304651842,0.7440007970344277,0.1522738049528062,-0.04677015296942234,-0.030906061659308634,0.31731754315616084,0.0,0.0,0
34992.649122,62.0,BASELINE_2_REFLECTION,34991.649122,34993.649122,249,0.5640486196123691,0.4818295250154741,0.5467515050143541,1.052252043815508,0.5824514917995426,-0.21666951151793087,0.013745527303137862,0.02540977618999052,0.41821688648535693,53.623046875,35.3828125,5.584134783063616,0.4767697593163347,1.573883056640625,-0.8849847863445112,-1.1571150589343173,-0.3040213218766163,0.7004130730382137,0.9748904946185647,-0.6836492616185774,-0.7774946713091037,-0.3874662577805154,0.5497126053979929,-0.8386326567403041,-1.0096862645507894,-1.2255880516625512,-1.3462677830838528,0.13742815134949823,0.947404864348665,-0.7111348918884771,0.4107103070852372,-0.756687851001134,0.14928948389454505,0.5985951452648108,0.0,0.0,0
34993.649122,63.0,BASELINE_2_REFLECTION,34992.649122,34994.649122,249,1.0026596636110396,0.6231781219589536,1.1226663557799892,2.0544333103758015,0.7430274996625407,-0.10795695127627854,0.32779721101507353,0.397257847035625,0.5112755935638833,58.025390625,34.109375,5.092967078799293,0.16227205904360956,0.5927581787109375,0.9243789588320721,-0.5359476462752457,1.8935381476093018,3.125818020390204,1.7523323855284991,-0.10621942606443474,0.936756416368265,1.0789102796040546,1.093855071314265,-0.741869001337558,-1.0310705570467165,-1.6904878995548425,-1.8663587001108124,0.5431913377295798,1.3626671930721037,-0.21485769361035073,1.0870536586595876,0.890040653223202,-0.3658201010764491,0.9571541056257004,0.7318009214422428,0.7004462564591134,0
34994.649122,64.0,BASELINE_2_REFLECTION,34993.649122,34995.649122,250,0.5996343150152609,0.4420145179438441,0.5308506189582387,1.5575706742462851,0.657379548914702,-0.053269948374136296,0.1848452017635504,0.2183535490805015,0.35583293045756853,63.5458984375,34.109375,5.012186431884766,0.140638992344842,0.559539794921875,-0.7381862321588016,-1.3320852069406426,-0.3646954695902561,1.9233478325777482,1.3376608186604808,0.18425213511064734,0.15645288655224146,0.37340422611814805,0.18493470623882688,-0.6205280643385066,-1.0310705570467165,-1.7224665417165483,-1.8839676508933703,0.13958473308924374,1.2628080060769595,0.1563351884927986,0.5372073149738931,-0.7471819701795654,-0.11522734409853189,0.7705672134451819,0.0,0.0,0
34995.649122,65.0,BASELINE_2_REFLECTION,34994.649122,34996.649122,249,0.6506983123128343,0.493190147117973,0.6039595864826629,1.8578469499651658,0.6318395395410515,-0.017166912362154646,0.16348719756208027,0.1812692496878453,0.448882060949352,61.701171875,43.5625,5.583868026733398,0.5837950217588941,1.8447113037109375,-0.5275363940888229,-1.1071899207284637,-0.08572835548640925,2.6500542568563223,1.2140067719223835,0.37601443103178145,0.03987022251350542,0.22716292275177793,0.7290211749497978,-0.6610752127537212,-0.8723282630585462,-1.0673801277666652,-1.2027026625328099,0.23904602442539394,1.1542365002832529,0.32820522614670267,0.4879954349484978,-0.5246911895697154,-0.4237864570418806,0.648816520265021,0.0,0.0,0
34996.649122,66.0,BASELINE_2_REFLECTION,34995.649122,34997.649122,249,1.078338111259145,0.9407032275010317,0.948944483267464,2.2418581196346663,0.5964968718463783,-0.20182832024489145,0.025787020411338984,0.17544367451646914,0.3011735706815885,67.15625,38.4453125,7.085570526123047,1.128675967584888,3.2167434692382812,1.236568634261542,0.8594411480170624,1.2306551789044684,3.5794096757133733,1.04289235222781,-0.6048198548125061,-0.7117661822463691,0.20418986623262136,-0.1346751373495722,-0.5411724223633618,-0.9582590089777623,-0.2619209189576867,-0.4753931393400441,0.05104746655815534,1.032682858916179,-0.6150293481241371,0.8628775004904767,1.1514163076539472,-0.5585081632281703,0.786941852098547,0.9683574221442273,0.7620409832755527,0
34997.649122,67.0,BASELINE_2_REFLECTION,34996.649122,34998.649122,249,0.6267143466795305,0.6271287394516776,0.6247330193312518,2.0829816625453597,0.6312984908298898,-0.07296194264267962,0.25748502688122754,-0.07561212806119666,0.3767138315303449,66.02734375,46.58203125,7.715888977050781,0.738711590170635,2.1640853881835938,-0.6264753480349813,-0.5185863501645932,-0.006461682627640247,3.1949086299447456,1.211387240283268,0.07965755112750349,0.5529573655121144,-0.7858444174922739,0.30703166370790524,-0.5659858175819897,-0.8216225633672836,-0.8383778519848092,-1.0334035608542025,0.07675791592697631,1.0301484474442384,0.06430596794210822,0.5329155528672553,-0.39940645295738075,-0.5411966449100498,0.6339075524637718,0.0,0.0,0
34998.649122,68.0,BASELINE_2_REFLECTION,34997.649122,34999.649122,249,1.0619818470348847,1.0277457289582979,0.8497925301675295,1.8671099920506344,0.7193908767203757,0.08854729708585146,0.24846292644224832,-0.06958780518844775,0.5029682601585251,69.9833984375,39.25,6.772965621948242,0.761098708636661,2.9510269165039062,1.1690955692331224,1.2419561965619261,0.8523139828698234,2.6724719859151937,1.6378937400581237,0.9375184416227343,0.5037102310664321,-0.7620876027960495,1.0452795749819792,-0.47903160994300914,-0.9447462351919925,-0.8052845480891788,-0.616248568337501,0.2613198937454948,1.434516691989095,0.8852544628736354,0.7596818103003574,1.0335961554099042,-0.3665182837828844,0.8984735189028663,0.8231896920979055,0.7396141393837722,0
34999.649122,69.0,BASELINE_2_REFLECTION,34998.649122,35000.649122,249,1.001487610078245,0.8194984340199188,1.0245187585354039,2.0479180097992167,0.647890619775818,0.11587131424908939,0.2958562747130772,0.22201448935235113,0.5959232822477888,79.6279296875,40.189453125,5.640588760375977,0.600986039377231,1.719512939453125,0.9195439889911141,0.32679724778333524,1.5190293440155216,3.1100501720186506,1.2917193912291896,1.0826507308648925,0.7624068183977771,0.38784108175974996,1.5888157633396311,-0.26704450684684217,-0.9289703997770524,-1.041967854580095,-1.2690698840169108,0.4941642112748453,0.9641645034548875,0.9838178886099235,0.5897431823633725,0.9366898833168742,-0.7427354305247433,0.5261520733107736,0.6747987125395174,0.3550467416701078,0
35000.649122,70.0,BASELINE_2_REFLECTION,34999.649122,35001.649122,249,0.9275452629814371,0.7379644290405651,0.8875245762006887,2.0647606294415843,0.5143706681682952,-0.1440960278565649,0.018715840043137134,0.098634811941407,0.4539648322864616,66.4052734375,51.6328125,5.095095443725586,0.1727247487093354,0.6310806274414062,0.6145160971931303,-0.031510284176169884,0.9962908484655164,3.1508114338482325,0.6452716121779133,-0.29817315248249765,-0.7503642196588085,-0.09870457580960557,0.7587416795204182,-0.557678911051186,-0.7368069492653397,-1.6750364230211594,-1.84604410209042,0.18968541988010454,0.6073345282018924,-0.33611023645851856,0.5356853476573938,0.5904791708825897,-0.6670588187555744,0.4097159782851005,0.48253540517327065,0.19770246558776391,0
35001.649122,71.0,BASELINE_2_REFLECTION,35000.649122,35002.649122,249,1.0899424589995268,1.1975068905526642,0.9285416291497854,1.6429758363795064,0.4380824448172958,-0.10055457941335769,-0.06645758864230984,0.059106198664421204,0.7027407748353602,63.53515625,99.533203125,5.661410903930664,0.6405945456615737,1.959686279296875,1.2844390341868395,1.9879848363774102,1.1528025498027228,2.130039086624305,0.27591593192733166,-0.0669015187498086,-1.2152833725813095,-0.2545849893691067,2.213410018346281,-0.6207641779608292,0.06756386892884932,-0.983417383365636,-1.141754824155881,0.5702434718187825,0.16186723756357513,-0.18095021311356513,0.2346667501559514,1.2935389043176955,-0.6458335615429877,0.0,0.8383618886898205,0.0,0
35002.649122,72.0,BASELINE_2_REFLECTION,35001.649122,35003.649122,249,0.7664255459270811,0.6879813739314316,0.7747714060130786,0.7470194174830004,0.6709882917256396,0.11458268243484213,0.290285568752079,0.20955518364301276,0.48645423938357896,63.435546875,99.533203125,7.281153869628906,1.202589913860359,3.5284576416015625,-0.05013696765797872,-0.25116471082287567,0.5660505160085,-0.03828834426229301,1.4035486613378816,1.0758061265713628,0.7319991204039293,0.3387080217905889,0.9487170901938652,-0.6229535951860022,0.06756386892884932,-0.15265912673857981,-0.3101545306760642,0.33874724522832583,1.1161994761710377,1.0080566775256976,0.46912419408397477,0.07451101620806055,0.24466944397647306,0.6701131469667377,0.07823310111677216,0.0524250295863272,0
35003.649122,73.0,BASELINE_2_REFLECTION,35002.649122,35004.649122,250,0.9556197454945877,0.8922844996733411,0.7353757066071271,1.3931617574706312,0.4754644073020184,-0.008761615229037885,0.037598092058443375,0.125748526837029,0.5748036020440986,45.9990234375,48.75,8.321550750732422,0.7327689002671983,2.2228469848632812,0.73032930235274,0.6466612793849259,0.4157255293000043,1.5254575372371872,0.45690376433653335,0.42065940425815707,-0.647295448708587,0.008217897322653283,1.4653225919193409,-1.0062089339650688,-0.7852167893328065,-0.847162512825836,-1.0022542409352173,0.3683851223104985,0.3832267398744336,0.34698237979605734,0.15321333271910348,0.5482266088441449,-0.43009028746055855,0.12471197945893613,0.34072426827262237,0.04249239794597632,0
35004.649122,74.0,BASELINE_2_REFLECTION,35003.649122,35005.649122,249,0.8046554613025498,0.8026737042502436,0.38833428428760897,1.0960778640576072,0.5297627152879061,-0.055102353015933934,0.25809374637612975,0.10001829682690118,0.42547771103784054,45.529296875,40.1875,7.173589706420898,1.3234438549083676,4.1902008056640625,0.10756955571390331,0.2528596630763842,-0.9085052365992277,0.8064770804026451,0.71979346869246,0.17451926607849605,0.5562800608210294,-0.09324882671481725,0.5921688472759282,-1.0165335387229926,-0.9290031977716781,0.02599076088120496,0.040633240356536364,0.14804221181898206,0.5233010080823547,0.14491082371469963,-0.005303472402197244,-0.2412049318960436,-0.1376237557176378,0.18972807312051065,0.0,0.0,0
35005.649122,75.0,BASELINE_2_REFLECTION,35004.649122,35006.649122,249,0.8155572341955611,0.6601144878443415,0.6329361164949181,1.0227903765078823,0.6639624120334697,0.08041217034421216,0.19830290020828498,0.039520102577034665,0.3765170418193647,47.9208984375,49.10546875,5.155267333984375,0.9957818751196026,2.8105010986328125,0.15254168512253555,-0.373627911051913,0.024839461677221293,0.6291121257650638,1.3695322894908089,0.8943084860647463,0.22991173231879097,-0.3318224258742597,0.30588097462182806,-0.9639660604440828,-0.7792475543109373,-0.45836891625407084,-0.6907408201666084,0.07647024365545702,1.2852647210640802,0.8790144373336549,0.5181850136239542,-0.008858548866532706,0.1792458176645538,0.8141829136449795,0.08214196978712655,0.06687858829382058,0
35006.649122,76.0,BASELINE_2_REFLECTION,35005.649122,35007.649122,249,0.9786072461384486,0.8206823531573539,0.9449931954407862,1.2637700436432628,0.5401299550178776,0.11948328278241976,0.12840028142700288,0.2703850337264222,0.4990946535800464,49.2861328125,30.912109375,4.3936210632324215,0.19616154017613674,0.6694107055664062,0.8251576265053606,0.33200007259589553,1.2155779674579559,1.2123132854588872,0.7699873087713736,1.1018358037910714,-0.15165170609672826,0.5785895000838079,1.0226294232468571,-0.9339581655343581,-1.0847608742489137,-1.6403914612979078,-1.825725459754276,0.40030473083266627,0.6899263626048403,1.0217748576245382,0.3789228370640769,0.803127525431976,-0.29531254240040883,0.37138993944443865,0.5579128890486652,0.20720323407905558,0
35007.649122,77.0,BASELINE_2_REFLECTION,35006.649122,35008.649122,249,0.8037630036755866,0.6884403944191049,0.8486235000890804,1.2653392080561663,0.7296313327511862,0.03221955012689346,0.24346564125199935,0.0912257662035132,0.44337931494071486,72.966796875,50.71484375,4.838701629638672,0.3521483157674922,0.9734573364257812,0.10388797838832538,-0.24914750955699003,0.8478532312229532,1.216110861064473,1.6874737464758065,0.6383320220282792,0.47643255029884213,-0.12792202155229646,0.6968449511825359,-0.4134564175616007,-0.7522220067393975,-1.409807173454963,-1.664551388420675,0.17421123779563397,1.509701733827027,0.6034897744691524,0.8780484970678643,0.2675370336220369,0.1822236723662326,1.0578677235801976,0.3280433753898719,0.347026498759248,0
35008.649122,78.0,BASELINE_2_REFLECTION,35007.649122,35009.649122,249,1.2430814539308752,0.94672247990651,1.3153176820518877,1.9997177283955372,0.7661709215792296,0.10999275239305216,0.1672992997981766,0.1448630910147275,0.4363045054772493,91.9326171875,45.46484375,5.646976089477539,0.6537642857634914,2.4246978759765625,1.9161699246712165,0.8858932212862999,2.628651586332063,2.9933994174286283,1.8643831578480365,1.0514265834592842,0.060678582231008464,0.08359585576887155,0.6554763959103312,0.0034129150862991643,-0.8403830162931583,-0.96394948212231,-0.89525377909458,0.18562129169137548,1.8090553248404588,1.014302325121009,1.4028775372982225,1.9316399718218231,-0.19385345055832168,1.3888601845682995,1.5955992293966454,2.2160642402368613,0
35009.649122,79.0,BASELINE_2_REFLECTION,35008.649122,35010.649122,249,0.9980442090068951,1.0511022233299272,0.5553313573987504,1.9983560814204087,0.5580809270323988,0.17192979256040244,0.19141078830397057,0.19651754344145902,0.2611083162732687,78.443359375,53.599609375,7.444674301147461,1.4664336174357366,3.9423675537109375,0.9053392279759725,1.3445981292824365,-0.27128256574095583,2.9901040601711943,0.8568984097033857,1.3804069224288065,0.19229114010059334,0.2872943095964043,-0.36894882345300445,-0.29308139992659615,-0.7037793686773052,0.23736247772200333,-0.09074231251912077,0.07182357739910107,0.7848463521933875,1.3660422069489861,0.07268051653155169,0.5705998438264753,-0.8626782297826222,0.2852545524681402,0.39959127850502285,0.11398523132012225,0
35010.649122,80.0,BASELINE_2_REFLECTION,35009.649122,35011.649122,250,1.1955192311479732,1.0608844361100316,1.0657864084709363,1.9018302619983873,0.7341790957565413,0.21864589011847302,0.37358298938125734,0.2144010980236276,0.6002828639817949,70.587890625,53.599609375,8.396794891357422,0.763134908740586,2.0363388061523438,1.7199656504722853,1.387586824848532,1.6764972661896005,2.7564994142004045,1.709492113461926,1.6285407946393942,1.1866780835177366,0.357817802658211,1.6143075591057578,-0.46574485246867464,-0.7037793686773052,-0.8022745765765983,-1.1011215837993447,0.4930313404409922,1.2548824203184066,1.5299345265511957,0.6800649073020366,1.5643212497824464,-0.608565318409968,0.7112634975000043,1.1324315882199212,0.8054572521167858,0
35011.649122,81.0,BASELINE_2_REFLECTION,35010.649122,35012.649122,249,0.9640148733485739,0.958774089373563,0.8370593515505842,1.8754416771421811,0.4909824232808294,-0.2587534643514732,0.14919570254946277,0.14146789902773915,0.35747667417128876,70.060546875,52.1015625,7.470990753173828,0.754597193754871,2.7057418823242188,0.764960988405704,0.9388549572561327,0.8037270828981974,2.692635713690882,0.5320355093979164,-0.9071793662368849,-0.03813990174485449,0.07020697396476885,0.1945461739434377,-0.4773358848372378,-0.7289354305551825,-0.8148952806223342,-0.7462733197521166,0.06618828697705165,0.518797852002506,-0.9204170236322953,0.4697235175816648,0.8033796722016048,-0.5479581365065069,0.3768011452668159,0.6430728166620461,0.2423105738082161,0
35012.649122,82.0,BASELINE_2_REFLECTION,35011.649122,35013.649122,249,0.6613513859022675,0.7434579519570934,0.46307594107129335,0.9552331811321323,0.5156793709441099,-0.0394387131038209,-0.005664374626998971,0.17162866197882357,0.38609894417817736,52.939453125,52.1015625,6.422035598754883,0.56842108113007,1.6556396484375,-0.4835902021468865,-0.007368570071942277,-0.6233081533642753,0.46561520024783626,0.6516078038307564,0.2577171320704824,-0.8834436192726123,0.18914542923363586,0.36190926194042977,-0.853658069069923,-0.7289354305551825,-1.0901063437410505,-1.3029288954894818,0.13776367279351642,0.6240550692720531,0.23016439751177914,0.1069294520578255,-0.45791170957701116,0.012186929536251286,0.3026089929933673,0.0,0.0,0
35013.649122,83.0,BASELINE_2_REFLECTION,35012.649122,35014.649122,249,0.29323029621654323,0.33448354412141806,0.2152913048151606,0.6274180577683871,0.44938088871710463,-0.0025768271936495667,0.24800378361181236,0.15190668960593776,0.4090611744088789,60.76171875,40.388671875,5.765144348144531,0.2790995734475423,1.0066680908203125,-2.0021679092651454,-1.8046384422351938,-1.568797704595483,-0.3277387054304601,0.3306182732465997,0.45351008066825227,0.5012039999672349,0.11137216690964775,0.49617638183634233,-0.681724422269569,-0.9256250043252356,-1.5177899954718437,-1.6469464819538688,0.15188713718649752,0.14987964581912974,0.4231326532309528,-0.4323639358911644,-1.8337655148027479,-0.05865280401985658,0.0,0.0,0.0,0
35014.649122,84.0,BASELINE_2_REFLECTION,35013.649122,35015.649122,249,0.6421636550373927,0.7303443978561853,0.7927202254544778,0.48120646959794633,0.4990517591216373,-0.05192630829315755,0.16899161274780983,-0.21681703729735877,0.36945781604291333,51.77734375,48.279296875,5.85699691772461,0.3316683866118157,1.131866455078125,-0.5627436686501499,-0.06499710440315341,0.6345391095516298,-0.6815891725479712,0.5711038596325133,0.19138891736725955,0.06991607231643103,-1.3426835733242337,0.2646035418909329,-0.8792012700302753,-0.7931211060375893,-1.440081213427473,-1.580579260469768,0.06615088547273322,0.5368988608430374,0.1781587402727129,0.40175968142885216,-0.0540680162510377,0.42603234223906206,0.4517694011517098,0.0292741478154974,0.013225164227833895,0
35015.649122,85.0,BASELINE_2_REFLECTION,35014.649122,35016.649122,249,0.6597345720834443,0.6150310893751971,0.4756227765948996,1.2074327904078466,0.5378347661635375,-0.006693665876699573,0.2652603893094871,0.27430594679935694,0.5333935054186419,56.42578125,59.322265625,6.8878120422363285,0.9043406154257513,2.9944610595703125,-0.4902599026628818,-0.5717504151766218,-0.5754322960559808,1.0759700337172322,0.758874963990477,0.43164337567600153,0.5953991806369002,0.5940515540409542,1.2231852057573676,-0.7770284661888663,-0.607681244424136,-0.5935401041065939,-0.5932242787635225,0.45430918994958047,0.48939337180949083,0.34078153768608543,-0.05642532454338743,-0.6045147213456515,-0.33205839835099815,0.07076794344473064,0.0,0.0,0
35016.649122,86.0,BASELINE_2_REFLECTION,35015.649122,35017.649122,249,0.7941441857213336,0.7317846026623493,0.7490251217748288,0.660971604447505,0.5803355952544985,0.08342421588173089,0.25008071217509314,0.20612045453971964,0.4525450885660368,51.46484375,47.296875,8.57526092529297,1.025693439713598,2.9305877685546875,0.06420831068271297,-0.058668012268607565,0.46780857858211766,-0.24653489447113552,0.9646462082345593,0.9103070510469796,0.5125409143456275,0.32516322604138137,0.7504400076698821,-0.8860700299523868,-0.8096184973342938,-0.4141527524541129,-0.6270832902360937,0.26890080842781583,0.7571037722453078,0.8565268893614164,0.2948286394012115,0.14055801859306813,0.1925395647754602,0.43884338003291656,0.10357617920982683,0.045453720575335504,0
35017.649122,87.0,BASELINE_2_REFLECTION,35016.649122,35018.649122,250,0.9293642081797034,0.8805312390374462,0.6717580305047448,0.7317303865098584,0.5546603634952118,-0.3291288243954788,0.08200316305240851,0.07478882957890734,0.2036795851566353,42.79296875,30.376953125,8.610648345947265,0.9611119580526349,2.6086578369140625,0.6220196325947972,0.5950106605788131,0.1729750144285437,-0.07528972574864844,0.8403374712436557,-1.2809800796681934,-0.4049103726278678,-0.19274080132433125,-0.7047520206527896,-1.0766781177909817,-1.093747524776343,-0.5096190181050365,-0.7977372376914941,0.0,0.8403374712436557,-1.2809800796681934,0.5054293627911466,0.4594522218334117,0.4010454997954779,0.6456996252952089,0.4227024278416175,0.27293879926870745,0
35018.649122,88.0,BASELINE_2_REFLECTION,35017.649122,35019.649122,249,0.7184722107549446,0.6154188848317272,0.6664266569980047,0.48304883083280087,0.5987200006751932,0.036608218365844776,0.10940993996978955,0.24134686303613767,0.32134250191458047,55.30859375,30.533203125,7.0825042724609375,0.8058060576232604,2.861602783203125,-0.2479546635594706,-0.5700462178546628,0.15263171138725656,-0.6771304262084368,1.053655812494457,0.661642557387637,-0.25531048325600936,0.4640779682854403,-0.016741283328206475,-0.8015842829104151,-1.0911236852062907,-0.7391968160468972,-0.6636519932622509,0.11601949207136007,1.030451914080185,0.6384386589733649,0.44821387577840305,-0.18957066699785854,0.5053584737709105,0.6927315543991837,0.0,0.0,0
35019.649122,89.0,BASELINE_2_REFLECTION,35018.649122,35020.649122,249,0.3965863364156266,0.32424706926748365,0.3229823398114409,0.27964875582159493,0.5538116146890847,0.06957273422969841,0.19771251497013112,0.19603001971867456,0.42731056428574044,48.7607421875,45.240234375,6.013236236572266,0.5459962407280406,1.7655105590820312,-1.5758022840945176,-1.8496234278471178,-1.157873323291203,-1.1693842376542978,0.8362281843986,0.8367345148585634,0.22668911454871007,0.28537176809475345,0.6028860957450404,-0.9455062681534081,-0.8441547856751086,-1.1232554093236344,-1.2446867043503875,0.22206446595994844,0.7238085568419973,0.7923216216665737,-0.10535406538300407,-1.51760104645787,0.3783581855611617,0.27172744652067343,0.0,0.0,0
35020.649122,90.0,BASELINE_2_REFLECTION,35019.649122,35021.649122,249,0.8622820592415178,0.6933095255359484,0.8197137114871016,1.72704345597863,0.6285938267343758,0.054639427230584445,0.3015459220991546,0.11428160773153684,0.6803623969795235,44.3671875,43.162109375,5.583357238769532,0.15398039178311793,0.5646514892578125,0.3452915157404098,-0.22774973382274014,0.7375400840300046,2.3334933191980616,1.1982923875921574,0.7574158327705843,0.7934637581498668,-0.037001702967705406,2.082556860248934,-1.0420767396833448,-0.8790518519568055,-1.7027448885402412,-1.8812579593397842,0.5206392150622335,0.8561254171347507,0.6532879897581376,0.39443659871442815,0.2898743824698029,-0.5467222624165535,0.4039528378780284,0.17767154445930095,0.0717709245945069,0
35021.649122,91.0,BASELINE_2_REFLECTION,35020.649122,35022.649122,249,0.2510556638601893,0.3132584068852942,0.23713979821164483,1.1960229232989787,0.4817973072302089,0.07455255278932199,0.03311078732025208,0.15217020458189195,0.3000928791287203,61.6796875,51.162109375,6.235649108886719,0.7514801525416562,2.327606201171875,-2.176147228290157,-1.897913960106579,-1.4854288463456664,1.0483567175858517,0.48756501791132945,0.8631849618499792,-0.6717894012238682,0.11241133373148965,-0.14099426841139084,-0.6615474399983663,-0.7447112659701226,-0.8195029835869057,-0.9467217413497091,0.028102833432872412,0.481944451224755,0.8575643951634047,-0.2848263508037004,-1.8829645659878003,-0.3753854935703393,0.04554402914586614,0.0,0.0,0
35022.649122,92.0,BASELINE_2_REFLECTION,35021.649122,35023.649122,249,0.6970415623212954,0.5413363319937105,0.6495374834823331,1.524562064870649,0.5691528329953891,-0.2850044026857364,0.015356653666818394,0.3799150591520565,0.3241552948086174,62.2041015625,58.96484375,8.070393753051757,1.309972980924091,3.8273849487304688,-0.3363606415712502,-0.8956077633150026,0.08818648455934357,1.8434628385589935,0.9105039490513825,-1.04661196695755,-0.7687003381959006,1.010519290812669,-0.00029403073333141716,-0.6500208022540729,-0.6136832774406308,0.0060777145828198615,-0.15169419521180114,0.25262982270316725,0.8599779845107491,-1.0971379314981835,0.43187705694495615,-0.33751304517976793,-0.23760215651886774,0.5070485884625472,0.0,0.0,0
35023.649122,93.0,BASELINE_2_REFLECTION,35022.649122,35024.649122,249,1.2331986044208245,0.9958155026458526,1.0424407493571604,2.0942073502119,0.722275367299333,0.21012210757696376,0.23241735280253945,0.2675232613826843,0.5009095664775005,62.373046875,72.708984375,8.923508071899414,0.8561970360826909,2.6137619018554688,1.8754010707009636,1.1016363313987003,1.5874155656766435,3.222076208617717,1.6518592373940002,1.5832664828183654,0.41612546877772455,0.5673041495624241,1.0332417690492823,-0.6463073789211814,-0.3828837892598965,-0.6647073739917794,-0.7950315904536597,0.40013647965292665,1.4469943008300974,1.5032391868877801,0.7920187995849267,1.5598327241340602,-0.6400330464038065,0.8635252946157947,1.1702593708802422,1.0105485680162558,0
35024.649122,94.0,BASELINE_2_REFLECTION,35023.649122,35025.649122,250,1.4487706115854735,1.381914053517303,1.3242408219865804,2.243384298398211,0.5724630885168391,-0.2675296174985379,0.08893400887179134,0.14695524839017762,0.5158821390406801,76.4765625,64.328125,7.726746368408203,1.09669891993741,3.487579345703125,2.7646814013618686,2.7983764693438706,2.6627002493157717,3.583103220631,0.9265308222202988,-0.953794151660418,-0.36707835133770583,0.09184624276402077,1.120790938937963,-0.3363116576863856,-0.5236199841985821,-0.3091903411965952,-0.3318239744732496,0.30315929542549597,0.8658989631351997,-1.0144260107455172,1.0661296681969288,2.690253117428311,-0.6092607192846071,0.7478549530858979,2.0357712567541038,1.5224616177134596,0
35025.649122,95.0,BASELINE_2_REFLECTION,35024.649122,35026.649122,249,1.537955889710654,1.4469825086742205,1.4571575988324692,1.6179547700492856,0.5106065744718186,0.12340925135233154,0.12806130133212468,0.17097872623734212,0.4051621441323856,75.08984375,76.263671875,6.450651550292969,0.45826884027743725,1.4946746826171875,3.1325896222129628,3.0843248608352076,3.1698802972393745,2.069484953265149,0.6270474443218552,1.1226886967840772,-0.15350202891454492,0.18658241870100445,0.4733775700331334,-0.36679177984075545,-0.32319143904120445,-1.2529366600612528,-1.388255869217182,0.16498999718353446,0.5940494448851483,1.0896906973473703,0.8600116302313174,3.111239906619126,-0.42407934899498334,0.5789215494662043,2.3168722612429447,1.341287279394034,0
35026.649122,96.0,BASELINE_2_REFLECTION,35025.649122,35027.649122,249,0.6974702173977608,0.5899866784893865,0.5724182460874302,0.3844548464615249,0.6033646205360583,-0.08103197404229523,0.22268104073907638,-0.0909039325431838,0.11808525709274227,46.4033203125,37.08203125,5.899921798706055,0.2037174063596076,0.7332839965820312,-0.3345923483074245,-0.6818100284158698,-0.20608290299230303,-0.9157402919605532,1.0761431198776974,0.03679335131803736,0.36297981024316556,-0.8461473881535546,-1.2052480000545989,-0.997322475815837,-0.9811520092264695,-1.629222155333686,-1.7918664482817048,0.0,0.9672491768047478,0.03679335131803736,0.473107651230928,-0.3590575784688211,0.6776547507396167,0.7159260476900158,0.0,0.0,0
35027.649122,97.0,BASELINE_2_REFLECTION,35026.649122,35028.649122,249,0.5372266889897729,0.5722636759235632,0.41005262457262476,0.5187058171274317,0.5610741057284289,0.04394402796848008,0.26941196488856095,-0.039507872881675,0.4557689350003987,55.7236328125,35.361328125,5.710724258422852,0.05915525886843058,0.20439910888671875,-0.9956309488344693,-0.7596951428522347,-0.8256330128817735,-0.5908360263305713,0.8713901294580477,0.7006069173759435,0.6180605555669264,-0.64346790179704,0.7692908149033071,-0.7924617111388607,-1.0100470424916717,-1.842918218361654,-2.072226504815577,0.19232270372582677,0.6475074220428044,0.6621423766307781,-0.030788322354513245,-0.9177929156134529,0.2260200566836023,0.2616610597829259,0.0,0.0,0
35028.649122,98.0,BASELINE_2_REFLECTION,35027.649122,35029.649122,249,0.703457545226096,0.7037523018468261,0.5453572514830561,0.46910615826438645,0.44617284343481084,-0.15998054173603984,0.04346476134701308,0.1660454682792409,0.3758882690342877,44.4462890625,47.85546875,5.632540512084961,0.052126192458437914,0.1609649658203125,-0.3098933489290381,-0.18185814039858186,-0.30934147475424173,-0.7108734507042023,0.3150862593200915,-0.3825441967932402,-0.6152722349174495,0.1671281999224206,0.3022043495696002,-1.0403380848280603,-0.8002382708713565,-1.853308793243431,-2.0952507943895555,0.11733313737300519,0.29161963184549045,-0.40601082426784124,0.05372214448320802,-0.3016931218677189,0.2907118334111088,0.16100835521442416,0.0,0.0,0
35029.649122,99.0,BASELINE_2_REFLECTION,35028.649122,35030.649122,249,0.4640006924985079,0.4328019257751265,0.3235868496660097,0.768938688337593,0.4432604008219478,-0.1724371870760701,-0.04255751207272016,0.16926989543385443,0.25809206860705247,41.978515625,55.8125,5.7693603515625,0.2698587198114208,0.9632339477539062,-1.2977037421864857,-1.3725706603874412,-1.1555666518213858,0.01475905319659666,0.3009854299231945,-0.4487080204973393,-1.084824806746738,0.1798436735169946,-0.3865857377669346,-1.0945798233379849,-0.666619240766438,-1.5314500999689586,-1.6699707715278473,0.04496091837924865,0.29199324624734474,-0.4577002041731891,-0.139535607114119,-1.2696732819557792,0.03929417246084494,0.06354317118018636,0.0,0.0,0
35030.649122,100.0,BASELINE_2_REFLECTION,35029.649122,35031.649122,249,0.5720145679810557,0.45648852204509777,0.49098033831859916,0.31372759211092066,0.4709871557954121,-0.06540176132833295,0.07481131955505049,0.09393127150914338,0.38348401553599265,39.00390625,58.5390625,6.796981430053711,0.9776493566810821,3.0481185913085938,-0.8521235568532315,-1.2684780691776294,-0.5168313498409918,-1.0869091596478817,0.43522678454547314,0.11981366780251217,-0.4441670497201003,-0.11725290743554607,0.34661898159779847,-1.1599618318465839,-0.6208332402690236,-0.4851729439358701,-0.5647806060823719,0.08665474539944962,0.41789583546558323,0.10248271872262224,0.05847464195143601,-0.8310403986737447,0.4333568021336152,0.24037144597113025,0.0,0.0,0
35031.649122,101.0,BASELINE_2_REFLECTION,35030.649122,35032.649122,249,0.6084784829315697,0.5151385677669427,0.4676224982441224,0.5902425949728272,0.5808827439475814,0.05375921983823044,0.2274653025995497,-0.18872292070031374,0.49361264443848446,55.7001953125,90.76953125,8.516039396587171,1.035009314199292,3.1426544189453125,-0.7017021604442928,-1.0107358775947701,-0.6059595301165385,-0.41770800977988076,0.9672952734356459,0.7527405863345632,0.3890947031840756,-1.2318949027718584,0.9905744542266245,-0.792976868133019,-0.0796007329564647,-0.40038174990742614,-0.5146674896040359,0.24764361355665612,0.801038139769092,0.703211863623232,0.08652781823005556,-0.7671455252931726,0.23224529716738962,0.37310048810502416,0.0,0.0,0
35032.649122,102.0,BASELINE_2_REFLECTION,35031.649122,35033.649122,249,0.5134342689037003,0.44477334078419567,0.5408300433412275,0.760223076725035,0.6228376641978438,0.32528229955976984,0.13836013080145926,-0.15423845955855664,0.45218596397485394,48.4384765625,104.337890625,8.365698161878084,1.2004868728472537,3.4236984252929688,-1.09377973670193,-1.319961345206018,-0.3266162665210854,-0.006333825137529578,1.1704234553254862,2.194943096552805,-0.09728586916994565,-1.0959060172906843,0.7483400973363705,-0.9525896768230856,0.14824693570796063,-0.15576790446972402,-0.3656870302615724,0.2241467582610828,1.1255941036732697,2.1501137449005885,0.051363251844638684,-0.9041308575786143,-0.014927221782905328,0.48330873615255177,0.0,0.0,0
35033.649122,103.0,BASELINE_2_REFLECTION,35032.649122,35034.649122,250,0.7423121502142537,0.7031259811722265,0.5415909595899628,0.6285922376387744,0.4317294013949388,0.030394156609316155,0.3368105494547295,0.22250877096604124,0.479097921235409,46.056640625,42.9609375,6.664889144897461,0.9032053187037882,3.2704010009765625,-0.14960984818129422,-0.1846105553595279,-0.32371278399120973,-0.3248970421887465,0.24515715197606927,0.6286363927805336,0.9859557234414187,0.38979027288914714,0.9057024683183212,-1.0049425063544295,-0.882430045403248,-0.595218333463742,-0.4469494666588935,0.3238731853018671,-0.11540420211672975,0.5638617557201602,-0.3381411546315026,-0.2661269949456915,-0.17104133705466806,0.0,0.0,0.0,0
35034.649122,104.0,BASELINE_2_REFLECTION,35033.649122,35035.649122,249,0.5818915629972432,0.5537964562092509,0.4599740177163887,1.1579546347920406,0.30788503589760347,-0.10793669795547518,-0.00787122981600822,0.13855997615977145,0.44393402525437914,50.537109375,82.5,5.589361190795898,0.4470146930129928,1.1931915283203125,-0.8113788539140284,-0.8408507774817948,-0.6351443840729087,0.9562266625122312,-0.35444548463285763,-0.10611184997870086,-0.895489738126016,0.058739629636708444,0.7000885105164493,-0.9064616609711554,-0.218467442201488,-1.2695728750378983,-1.5480710504582382,0.18970703503828942,-0.39238689164051554,-0.14405325698635874,-0.4220256451800831,-0.7840472294389332,-0.5480318845485027,0.0,0.0,0.0,0
35035.649122,105.0,BASELINE_2_REFLECTION,35034.649122,35036.649122,249,0.7061864891395531,0.7177145891448753,0.6678712307319796,1.670797130823269,0.5145333674399021,0.16352310004289597,0.2589671054200617,0.22237556467771277,0.2917259821025484,53.419921875,103.689453125,5.200745010375977,0.055593180358965474,0.24017333984375,-0.2986358754860201,-0.12049978196224155,0.1581438746597383,2.197370124867753,0.6460593340241035,1.3357545375788162,0.5610472910848432,0.3892649761587036,-0.18991805128800962,-0.8430973506896766,0.13735800149224317,-1.8481837886847268,-2.053262708256226,0.1316557444127367,0.45141399781610325,1.309423388696269,-0.006984946378646564,-0.12288410589215945,-0.7482777318971443,0.09883415107459376,0.0,0.0,0
35036.649122,106.0,BASELINE_2_REFLECTION,35035.649122,35037.649122,249,1.1714456151940595,1.1179048239282479,1.1239188393877297,1.7380690243661279,0.3795437950272588,-0.07890984239304874,0.15905599021609054,0.01431459041438787,0.46095353679924106,56.6279296875,115.021484375,5.2168418884277346,0.08153713356414807,0.34748077392578125,1.6206568699062218,1.638167357911914,1.8983173388541654,2.360176583999236,-0.007503734495748298,0.0480651135369088,0.015682477608579312,-0.4312199340124967,0.7996067530479818,-0.7725852371142504,0.32765196631029353,-1.8098326659631463,-1.9963794072096763,0.2818146798395688,-0.06857141374623586,-0.008297822431004964,0.3664113871932194,1.679067929663205,-0.6933844884932505,0.008326603233903787,1.1922668922349735,0.009927533360560148,0
35037.649122,107.0,BASELINE_2_REFLECTION,35036.649122,35038.649122,249,1.1702754513691636,1.0990454793546784,1.098687375304344,1.804841879195837,0.46815636229557805,0.028540114448789525,0.3529641426143085,0.21848077448485745,0.4098668258224202,61.154296875,56.349609375,5.811389923095703,0.7206683724230688,2.2381820678710938,1.615829695511839,1.5552885000630854,1.8020398374983233,2.521775306562316,0.42152126601518175,0.618788595456254,1.0741301102697531,0.3739059373344589,0.5008872698402274,-0.6730955426174163,-0.6575997922443829,-0.8650498727310878,-0.9941251662744591,0.21869830179367156,0.0555425725755215,0.5750489350975196,0.3113740118231958,1.636090260848307,-0.7920233178636017,0.042170470834328296,1.1637983245997197,0.04907792330457261,0
35038.649122,108.0,BASELINE_2_REFLECTION,35037.649122,35039.649122,249,0.9318636236445251,0.6509392941016134,0.8752940047760841,1.899682703030605,0.4023880053824537,-0.11089971688246475,0.16893315677771548,0.17969424699608696,0.4345576435206339,50.58203125,45.396484375,7.309897232055664,1.0578966943666732,3.0685577392578125,0.6323302524208582,-0.41394901420439095,0.9496217826901987,2.7513020508900055,0.10309838054773746,-0.12185000873379075,0.06959699040885751,0.2209519264482077,0.6452619645848893,-0.9054742767323519,-0.8415309461050562,-0.36654894429631507,-0.5539458841837791,0.21655347275827425,0.03890858887342535,-0.1651607032854456,0.20466680136336507,0.5016434137763364,-0.8058620328157876,0.0,0.3487730553644536,0.0,0
35039.649122,109.0,BASELINE_2_REFLECTION,35038.649122,35040.649122,249,1.0840239902158941,0.8083414719129723,1.0977323206023073,1.8138598651418951,0.46130455722085084,0.04132909556671547,0.2172900283739544,0.05553010558312028,0.36245807898754817,61.0087890625,56.7734375,7.5600322723388675,0.7651027000766597,2.1973037719726562,1.2600240929978603,0.27776710928200676,1.7983955669928002,2.543599968884922,0.3883476906826386,0.6867176300352741,0.3335529697264647,-0.26868725155913936,0.22367395774296217,-0.6762938089561495,-0.6504826274106158,-0.799365728937868,-1.0157946100716444,0.05591848943574054,0.277098101877551,0.675533932148126,0.4529164389922928,1.2436149387375577,-0.6792352380635052,0.24939932169793108,0.9499300470276008,0.2369119093891674,0
35040.649122,110.0,BASELINE_2_REFLECTION,35039.649122,35041.649122,250,2.611968861800009,2.773220040878442,1.8497034168545117,2.261628038190515,0.6655038774040528,0.37953440830371526,0.34178131895603664,-0.07374013207158814,0.5250062997440531,129.931640625,141.12890625,6.183909606933594,0.7785258524670504,2.40936279296875,7.563121320255931,8.91257893809403,4.667745439030071,3.6272553697749643,1.376995420306097,2.4831047051180617,1.0130886683232723,-0.7784622331743687,1.1741426720580053,0.8386326567403041,0.766062760471424,-0.7795232261179231,-0.9033828537553383,0.6947095223174333,0.9341269153456287,2.344162800654575,1.0381962224873402,6.7154248570468855,-1.0389558052686387,0.6447079270344855,4.7694947399668015,3.0749310668058794,0
35041.649122,111.0,BASELINE_2_REFLECTION,35040.649122,35042.649122,249,1.642550931081988,1.685996761205818,1.5554224104144454,2.2339118427011204,0.6864337513285385,0.4788674928073012,0.0752049416180174,0.043492560620994145,0.3677675126801982,130.310546875,141.12890625,5.325429153442383,0.29915837838034576,1.0986480712890625,3.5640663904612104,4.134691599834829,3.544836363960248,3.5601786842443346,1.4783291187639733,3.0107151902588125,-0.4420184637243196,-0.316157105201331,0.25471982580665237,0.8469610281458643,0.766062760471424,-1.488138473842036,-1.5981882112523258,0.46693590360598514,1.3849419380427763,2.9173280095376155,0.9477275791045694,3.6014205375196995,-0.9466255112361643,0.8616515508714923,2.6171527113635062,2.255073692613896,0
35042.649122,112.0,BASELINE_2_REFLECTION,35041.649122,35043.649122,249,1.3377069319663726,1.3366205432875509,1.1534144563035589,1.4773011676590508,0.32626994968362866,-0.05692927808252628,0.11284473143331876,-0.04030693412147562,0.5067795343656346,73.951171875,68.439453125,5.117707824707031,0.06019295952758915,0.20951080322265625,2.3065201259943526,2.599330612730858,2.0108658730264275,1.7290855120831867,-0.26543341908058427,0.16481550196488104,-0.23656167435708703,-0.6466189861937195,1.0675652504490758,-0.39181982380694935,-0.4545802055115784,-1.8413842584052467,-2.0695168132619908,0.26689131261226895,-0.3188116816030381,0.11143723944242725,0.2383597673333832,2.2215695379110394,-0.6248730647113396,0.0,1.5493923674819505,0.0,0
35043.649122,113.0,BASELINE_2_REFLECTION,35042.649122,35044.649122,249,1.3259636109231425,0.9563949779549371,1.4918056923457093,1.7031224364058801,0.21702554976695446,-0.24272667937045234,0.06567625679640518,0.15061738653513632,0.35782164303280883,57.5556640625,56.75,5.25401725769043,0.2801588139081898,1.0092239379882812,2.258076431668101,0.928399766923211,3.302089504726263,2.275601437606039,-0.7943491268057553,-0.8220526449502057,-0.4940307889776574,0.10628782219783679,0.1965633114350801,-0.7521936060954819,-0.6508762033461236,-1.5162241947406798,-1.6455916361770757,0.07571278340822922,-0.8094916834874012,-0.8371952016318516,0.36137375441143776,2.3461887567782456,-0.8503270544068184,0.0,1.6994643239454135,0.0,0
35044.649122,114.0,BASELINE_2_REFLECTION,35043.649122,35045.649122,249,1.19651029149715,1.1003793342560602,1.2597054144410262,1.7498110844514039,0.42588858453712036,-0.05180972614204396,0.22928398487655954,0.21547403107249483,0.6028954759249034,59.2099609375,110.908203125,6.254427337646485,0.9077428871550052,2.511566162109375,1.7240539849764385,1.5611502292621746,2.4164478809659604,2.3885938489923046,0.21687835888093113,0.19200814675709665,0.39902198023177127,0.36204889587180605,1.6295842930067113,-0.715832108257804,0.25857938962866406,-0.5885107649157293,-0.8492051999466231,0.5625531446267953,-0.015338864113959322,0.07949751783173759,0.4391378052557662,1.849428125735899,-0.7358306192180573,0.004615832666648292,1.2699166201409235,0.005861722619166065,0
35045.649122,115.0,BASELINE_2_REFLECTION,35044.649122,35046.649122,249,0.8809709233901335,0.8573991565827033,0.7365355556064073,0.2925664314855905,0.4655985923462508,-0.008722055712338481,0.233616199396888,-0.09617639353978148,0.43742762380747524,58.0576171875,109.1875,6.84539909362793,0.49649104467201177,1.481903076171875,0.42238705104831276,0.4933549234965793,0.4201512480467136,-1.1381218348244417,0.4091376133613296,0.4208695257489173,0.42266937280660843,-0.8669392483401728,0.6620436091987042,-0.7411606604705903,0.22968435636346202,-1.196435461503246,-1.3950260537853956,0.22293199139054154,0.23775040324123872,0.37628312747080894,0.10481091045256255,0.40235829577882515,0.33793553163411505,0.14335974604751378,0.25802659085758184,0.03699062653884867,0
35046.649122,116.0,BASELINE_2_REFLECTION,35045.649122,35047.649122,249,0.7511696538115044,0.6462321051931178,0.7613306612815868,1.270406104622248,0.42259312475499033,0.033617605720451325,0.16254570623902775,-0.08332525419250336,0.2883957633350469,41.6181640625,28.474609375,6.1629585266113285,0.5914084034781362,2.291839599609375,-0.11307076394955944,-0.4346351222975396,0.514763705428141,1.2283733892209558,0.20092312049548872,0.6457578338175444,0.034731092210157063,-0.8162609990900072,-0.20939084979422343,-1.1025003621231697,-1.125692771541731,-1.0561258006280176,-0.9656814935933085,0.0,0.1905037928324416,0.6457578338175444,0.10431644565136924,0.042358428663039654,-0.38214544257634364,0.09445456306008049,0.05051418919440161,0.0047712956686914425,0
35047.649122,117.0,BASELINE_2_REFLECTION,35046.649122,35048.649122,250,0.9353933998703209,0.691458476989548,1.1325049129289955,1.8599399150743134,0.47725459496353945,-0.09636181609234215,0.29238785379022925,0.03646630351775586,0.48510081612722994,58.68359375,43.384765625,5.429290390014648,0.36764612734082747,0.9197998046875,0.6468913292996257,-0.2358843107562037,1.931079833502857,2.655119496149594,0.46557110449013844,-0.0446315378976435,0.7434744430981473,-0.34386503047949507,0.9408032141981807,-0.7274016757516106,-0.8753128805694809,-1.386897847768769,-1.6929950611018258,0.23520080354954517,0.19548861085078523,-0.09167169860755253,0.5314884934562598,0.8845220572271589,-0.6520573029354867,0.2148938059347125,0.6784229780403541,0.14578889578465357,0
35048.649122,118.0,BASELINE_2_REFLECTION,35047.649122,35049.649122,249,1.2295862797039698,0.9856455264898036,1.3677061253711962,2.075030704193524,0.5450320935394304,0.09441181492527961,0.30032644436667827,0.07569411058025945,0.4235483887969214,78.09765625,157.400390625,5.370781326293946,0.3710576337606009,1.2877197265625,1.860499463758066,1.0569435794912763,2.8285539148705965,3.175666308853552,0.7937214138373683,0.9686679938372896,0.7868072390553429,-0.18917084110615973,0.5808875153653639,-0.30067996559043203,1.0393028536977558,-1.3818548575839096,-1.497961978295654,0.4050475922657799,0.4766697236676095,0.8876584753841337,0.6905132335915627,1.9778502059542267,-0.8512289569186681,0.3590999166216048,1.441588272433115,0.5176742284334149,0
35049.649122,119.0,BASELINE_2_REFLECTION,35048.649122,35050.649122,249,1.558268279440642,1.5852981638083177,1.2928203124674893,1.5902826709368765,0.3907689445570639,-0.006860841830732339,0.18103662844295149,-0.05899349042484588,0.5296830728549214,73.537109375,184.068359375,6.5100563049316404,1.0657698383398655,3.357269287109375,3.216382545483378,3.6921637746112457,2.542806764822436,2.002514986523295,0.04684374612940294,0.4307554158723582,0.1356637894196679,-0.7203091028735318,1.2014891819437636,-0.4009209307037471,1.4871266723164493,-0.3549106288733497,-0.4009008875109366,0.6721539635650533,-0.1282861834095081,0.29632462315934754,0.3378408748072468,2.974964173542864,-0.733659618464942,0.0,2.0156123037284432,0.0,0
