condition,time_sec,luminance_z,visual_change_z,optical_flow_z,histogram_delta_z,cut_event,flash_event,audio_rms_z,audio_derivative_z,cue_on,cue_impulse,cue_value,cue_phase_sin,cue_phase_cos,als_start_pulse_regressor
control,0.0,14.037894704007751,-3.570386553259396,-3.715805263531192,-1.9218025752070396,0.0,0.0,0.0,0.0,0.0,0.0,0.0,0.0,1.0,1.0
control,0.25,14.037894704007751,-3.570386553259396,-3.715805263531192,-1.9218025752070396,0.0,0.0,-1.2343661602939189,0.0,0.0,0.0,0.0,0.4999999999999999,0.8660254037844387,1.0
control,0.5,14.037894704007751,-3.570386553259396,-3.715805263531192,-1.9218025752070396,0.0,0.0,-1.2343661602939189,0.0440064936540114,0.0,0.0,0.0,0.8660254037844386,0.5000000000000001,1.0
control,0.75,-0.6591335505694236,19.66128830894153,8.152468791527673,16.12066312843441,1.0,1.0,-1.2343661602939189,0.0440064936540114,0.0,0.0,0.0,1.0,6.123233995736766e-17,0.0
control,1.0,-5.656615519881265,-3.414730440279813,-3.636285839376687,-1.8009150328040706,0.0,0.0,-1.2343661602939189,0.0440064936540114,0.0,0.0,0.0,0.8660254037844387,-0.4999999999999998,0.0
control,1.25,-4.382761467129686,-1.5567983187668162,-2.2782141115441243,3.9714651169371527,0.0,0.0,-1.0678335949978648,0.7607634963708568,0.0,0.0,0.0,0.5000000000000003,-0.8660254037844385,0.0
control,1.5,-0.3669627780915599,1.922100264403645,0.7196266902387212,11.528895646303676,1.0,1.0,-0.8036300804987032,1.1811397553858718,0.0,0.0,0.0,1.2246467991473532e-16,-1.0,0.0
control,1.75,-0.1676881834131272,-0.1009089613218485,0.0149274325247624,0.2426489448625608,0.0,0.0,-0.7050671059817221,0.4682220341283781,0.0,0.0,0.0,-0.4999999999999997,-0.8660254037844388,0.0
control,2.0,-0.0399940861777032,0.2286828913618054,0.0259333843681514,-0.7631920090984038,0.0,0.0,-0.7290015356677918,-0.0590074126833272,0.0,0.0,0.0,-0.8660254037844385,-0.5000000000000004,0.0
control,2.25,0.1088607390436413,-0.0813767619839269,-0.1394889963718328,0.3837810647264478,0.0,0.0,-0.7506472392642696,-0.0491567240261303,0.0,0.0,0.0,-1.0,-1.8369701987210294e-16,0.0
control,2.5,0.2382566873299779,-0.2013507536363339,-0.3424182553960345,0.1206301116174501,0.0,0.0,-0.7564354398947944,0.0190940488857264,0.0,0.0,0.0,-0.866025403784439,0.4999999999999993,0.0
control,2.75,0.3647527946075152,0.0735772968292943,0.0811353956142605,0.7404608281791235,0.0,0.0,-0.7917675347326245,-0.1080630211021544,0.0,0.0,0.0,-0.5000000000000004,0.8660254037844384,0.0
control,3.0,0.4452524724076221,-0.3074050578304688,-0.2802737453904336,-0.1142589925099612,0.0,0.0,-0.8154854007298472,-0.0580753214719812,0.0,0.0,0.0,-2.4492935982947064e-16,1.0,0.0
control,3.25,0.600610031511359,-0.0135290118952064,0.1248525019216359,1.8661863476144875,0.0,0.0,-0.8171138625343743,0.0369975858168163,0.0,0.0,0.0,0.4999999999999993,0.866025403784439,0.0
control,3.5,0.7225387402538885,0.1556085742446672,0.1164338137028116,0.2214841983102096,0.0,0.0,-0.815341296749624,0.0516356257504121,0.0,0.0,0.0,0.8660254037844384,0.5000000000000004,0.0
control,3.75,0.8035997840820805,0.4814668536742704,0.5208194683133057,0.4475251023362211,0.0,0.0,-0.8270861342728523,-0.0065433464062793,0.0,0.0,0.0,1.0,1.1943401194869637e-15,0.0
control,4.0,0.8705952505944422,0.4237478654270587,0.543018076055123,3.302704618088766,0.0,0.0,-0.8407658136733394,-0.0148709156250059,0.0,0.0,0.0,0.8660254037844392,-0.4999999999999992,0.0
control,4.25,0.9596765917579602,-0.0590070734786785,0.0648932997811401,0.9051916020550456,0.0,0.0,-0.8290408430066646,0.0944708266632853,1.0,1.0,8.0,0.5000000000000013,-0.8660254037844379,0.0
control,4.5,1.0231909547819351,-0.2965869461713886,-0.2969168104155818,1.554148852178372,0.0,0.0,-0.8110111790070694,0.1216062586331188,1.0,0.0,8.0,3.673940397442059e-16,-1.0,0.0
control,4.75,1.0801220052672316,0.0731748197070846,0.1720877299293017,1.866557688601023,0.0,0.0,-0.7898429352502424,0.1351147217711365,1.0,0.0,8.0,-0.4999999999999991,-0.8660254037844392,0.0
control,5.0,1.1604626774265343,1.410792474118705,1.5077920886906404,0.4140449775179609,0.0,0.0,-0.753877974595067,0.1987998660866382,1.0,0.0,8.0,-0.8660254037844378,-0.5000000000000013,0.0
control,5.25,1.190030364341372,0.2669003048251453,0.1980064968419914,3.162094867884238,0.0,0.0,-0.7335301399328085,0.131583676881633,0.0,0.0,0.0,-1.0,-4.286263797015736e-16,0.0
control,5.5,1.2713214777755988,0.3054409778622707,0.4097690987072695,1.249814474302596,0.0,0.0,-0.6323428311186547,0.4795171822072204,0.0,0.0,0.0,-0.8660254037844392,0.4999999999999991,0.0
control,5.75,1.3258014712043502,0.527255789010583,0.5786592997313651,0.9317935623164756,0.0,0.0,-0.62358437792654,0.0817029204595184,0.0,0.0,0.0,-0.5000000000000014,0.8660254037844378,0.0
control,6.0,1.3641230497455346,0.5776459094758868,0.5486740049379557,0.2175250435628449,0.0,0.0,-0.742977156808107,-0.469860630082747,0.0,0.0,0.0,-4.898587196589413e-16,1.0,0.0
control,6.25,1.3714480192041618,0.6978261089294682,0.6893083677836378,0.942573845233584,0.0,0.0,-0.7931237393971328,-0.1718246512581276,0.0,0.0,0.0,0.499999999999999,0.8660254037844392,0.0
control,6.5,1.3968508793426926,0.411270413171281,0.3143996913428818,0.0225928430863957,0.0,0.0,-0.8112137735245052,-0.0338531046601695,0.0,0.0,0.0,0.8660254037844378,0.5000000000000014,0.0
control,6.75,1.4071725559741566,0.4557063252157367,0.2318638157785626,-0.4619159654499974,0.0,0.0,-0.8036080849710525,0.0767414156284571,0.0,0.0,0.0,1.0,2.32744789901656e-15,0.0
control,7.0,1.3979639270152542,0.0999019792555191,0.0865637414510428,1.1312772323917455,0.0,0.0,-0.8154224278792598,-0.0068424979345209,0.0,0.0,0.0,0.8660254037844393,-0.499999999999999,0.0
control,7.25,1.4230325292990305,-0.0756206416986248,-0.111927556820778,1.186062982307711,0.0,0.0,-0.7697061002912619,0.2407697986504983,1.0,1.0,9.0,0.5000000000000016,-0.8660254037844377,0.0
control,7.5,1.4454417932948105,0.1610045027863496,0.1244631701985007,-0.0687392241037742,0.0,0.0,-0.7373470952480882,0.1832798149074976,1.0,0.0,9.0,2.388680238973927e-15,-1.0,0.0
control,7.75,1.4990538398445026,-0.3840464231449191,-0.3872557239667791,1.058188755393192,0.0,0.0,-0.752509821254712,-0.021253955713377,1.0,0.0,9.0,-0.4999999999999989,-0.8660254037844393,0.0
control,8.0,1.568119967047391,-0.5491060124442388,-0.6491891806450577,0.6856913690179148,0.0,0.0,-0.7305821392837006,0.1383833476833096,1.0,0.0,9.0,-0.8660254037844377,-0.5000000000000016,0.0
control,8.25,1.6183284849091362,-0.351606525743157,-0.3759686376682354,-0.6125081541937482,0.0,0.0,-0.7078278176771229,0.1419412088527595,0.0,0.0,0.0,-1.0,-2.4499125789312946e-15,0.0
control,8.5,1.6356775944634678,-0.2096725882599235,-0.1203803193297499,-0.7527738000468465,0.0,0.0,-0.6957557370448159,0.0959647897097166,0.0,0.0,0.0,-0.8660254037844402,0.4999999999999973,0.0
control,8.75,1.6373677999909937,-0.05038600357396,0.0150930784887884,-1.1141961316665474,0.0,0.0,-0.6891655100281505,0.0723708640418165,0.0,0.0,0.0,-0.5000000000000032,0.8660254037844368,0.0
control,9.0,1.6232997092903323,-0.0911142666475996,-0.1281211269388929,-0.2262394545024356,0.0,0.0,-0.7278796907239267,-0.1226195357283655,0.0,0.0,0.0,-7.34788079488412e-16,1.0,0.0
control,9.25,1.6197572783189127,0.3714116254927593,0.2684604117628917,-0.8636404499519781,0.0,0.0,-0.7936541447943822,-0.2390870891000016,0.0,0.0,0.0,0.4999999999999988,0.8660254037844393,0.0
control,9.5,1.6084018837935454,-0.9194179829477984,-0.9646902540221712,0.0140184560571209,0.0,0.0,-0.8021577512062763,0.0074069286786114,0.0,0.0,0.0,0.8660254037844377,0.5000000000000017,0.0
control,9.75,1.599898775428334,-0.0976226893795387,-0.271957057365699,1.503138755021919,0.0,0.0,-0.7907817199231141,0.0929689897930507,0.0,0.0,0.0,1.0,2.57237725884603e-15,0.0
control,10.0,1.6106120592981097,1.107483266128518,1.106982069686698,-0.428526683794121,0.0,0.0,-0.7891155350743264,0.0511777616643624,0.0,0.0,0.0,0.8660254037844403,-0.4999999999999972,0.0
control,10.25,1.5885719703763366,-0.0991753522698374,-0.0481506208951479,0.8484739470955605,0.0,0.0,-0.7675065733323355,0.1370115742067426,1.0,1.0,1.0,0.5000000000000033,-0.8660254037844367,0.0
control,10.5,1.5933353437115825,-0.014179695139777,0.0608947299587071,-0.3032222447729517,0.0,0.0,-0.6721748444981264,0.4543147363784869,1.0,0.0,1.0,8.572527594031472e-16,-1.0,0.0
control,10.75,1.5881975296234154,0.7873576900414943,0.612579557342788,2.122463890306008,0.0,0.0,-0.5934683673802705,0.3827595689645799,1.0,0.0,1.0,-0.4999999999999987,-0.8660254037844394,0.0
control,11.0,1.5814715555158652,0.8951572364652557,0.8898766618585647,3.0088058839985066,0.0,0.0,-0.579987846179271,0.1020267250358568,1.0,0.0,1.0,-0.8660254037844376,-0.5000000000000018,0.0
control,11.25,1.5689932197957046,0.1305653728179377,0.0964565822866622,1.2258802357189171,0.0,0.0,-0.5434414062474224,0.2013025558323304,0.0,0.0,0.0,-1.0,-2.6948419387607653e-15,0.0
control,11.5,1.5519591154343446,0.0335139189886366,-0.0189009781529489,1.557275535476096,0.0,0.0,-0.5154862087002211,0.1643258051872741,0.0,0.0,0.0,-0.8660254037844403,0.4999999999999971,0.0
control,11.75,1.5311644760531136,-0.2346569838017332,-0.3008350631913695,1.1743460177513851,0.0,0.0,-0.3946663264807092,0.5640158773700967,0.0,0.0,0.0,-0.5000000000000034,0.8660254037844367,0.0
control,12.0,1.5113984876057789,1.3194269306286717,1.2390750310115102,4.876804210009771,0.0,0.0,0.3989275813712019,3.459638684001127,0.0,0.0,0.0,-9.797174393178826e-16,1.0,0.0
control,12.25,1.4954559819274966,1.6742171730873183,1.3681477392011032,1.581527485265134,0.0,1.0,0.8954611192614016,2.181089350294568,0.0,0.0,0.0,0.4999999999999986,0.8660254037844395,0.0
control,12.5,1.4793694296021154,-0.023883298206831,0.0431335651941535,0.9077476888806524,0.0,0.0,0.7404893400741128,-0.6229928272206188,0.0,0.0,0.0,0.8660254037844375,0.5000000000000019,0.0
control,12.75,1.467885870312664,0.0705650447048981,0.1433140508298767,-0.4994115765061628,0.0,0.0,0.6843385383198992,-0.1976668408913948,0.0,0.0,0.0,1.0,2.8173066186755008e-15,0.0
control,13.0,1.4598187162497995,-0.4287702925852417,-0.4657344189485738,-0.0209927648550167,0.0,0.0,0.0783973573358124,-2.563967411826632,0.0,0.0,0.0,0.8660254037844404,-0.499999999999997,0.0
control,13.25,1.4407123554925312,0.3479466624177614,0.333029803245317,1.4373842450567067,0.0,0.0,-0.4710139906108866,-2.320662724722758,1.0,1.0,7.0,0.5000000000000034,-0.8660254037844366,0.0
control,13.5,1.420442140517777,0.7205206811180952,0.6478896219154664,1.3805638181848483,0.0,0.0,-0.4251566911417485,0.2413765423394205,1.0,0.0,7.0,4.654895798033119e-15,-1.0,0.0
control,13.75,1.3958183887427151,0.27614382017326,0.2086757638425764,0.3891616318187385,0.0,0.0,-0.3930178463211706,0.1823322441967198,1.0,0.0,7.0,-0.4999999999999985,-0.8660254037844395,0.0
control,14.0,-1.0507636497425576,1.1509385424466236,1.5374830191686406,9.79898370163419,1.0,1.0,-0.3949041149075654,0.0358879841246605,1.0,0.0,7.0,-0.8660254037844375,-0.500000000000002,0.0
control,14.25,-1.231393055172142,-1.05455153473485,-1.2193698373759383,2.206743376134633,0.0,0.0,-0.268311628977768,0.5888611929148418,0.0,0.0,0.0,-1.0,-2.939771298590236e-15,0.0
control,14.5,-1.2198900169641724,-1.1144592294836315,-1.1432718858717978,0.5502907157959472,0.0,0.0,-0.048778012436472,0.9888802888062996,0.0,0.0,0.0,-0.8660254037844404,0.4999999999999969,0.0
control,14.75,-1.2270180399838595,-1.0508401169591912,-1.1643274709511144,-0.1378325663456748,0.0,0.0,-0.0265194014790399,0.1398076677134337,0.0,0.0,0.0,-0.5000000000000036,0.8660254037844366,0.0
control,15.0,-1.2088314400140237,-0.940796514014159,-1.012775875209034,0.5456151326158006,0.0,0.0,-0.0746605688317284,-0.1631933339452377,0.0,0.0,0.0,-4.777360477947854e-15,1.0,0.0
control,15.25,-1.230322563488519,-0.8139744351373636,-0.8589514051026528,0.4892672609126793,0.0,0.0,-0.2601685118946903,-0.7544206308762472,0.0,0.0,0.0,0.4999999999999984,0.8660254037844396,0.0
control,15.5,-1.2278906954590527,-1.274259986032151,-1.096028300438955,0.5089458220965634,0.0,0.0,-0.4775871124378245,-0.8917642619525539,0.0,0.0,0.0,0.8660254037844374,0.5000000000000021,0.0
control,15.75,-1.2319988304104357,-0.9200504106946444,-0.8557610491707291,1.153333062299491,0.0,0.0,-0.4714421971792353,0.0704542399843789,0.0,0.0,0.0,1.0,6.614949657305472e-15,0.0
control,16.0,-1.2365344231284092,-1.5625231574424976,-1.5946394006641451,0.0394803397701566,0.0,0.0,-0.4867588721525337,-0.0219165528440275,0.0,0.0,0.0,0.8660254037844405,-0.4999999999999968,0.0
control,16.25,-1.2346088566387732,-0.3925817172984291,-0.6226810348024613,1.281090109873736,0.0,0.0,-0.4567325096301077,0.1732401097086453,1.0,1.0,7.0,0.5000000000000007,-0.8660254037844383,0.0
control,16.5,-1.2369793904868178,-0.9490685024142934,-1.078419658458493,0.3953197192784753,0.0,0.0,-0.4345809590557686,0.1393468792835011,1.0,0.0,7.0,4.899825157862589e-15,-1.0,0.0
control,16.75,-1.228221836701731,-1.0542103117207131,-0.9989335600289616,0.7791351770118375,0.0,0.0,-0.5383175950359921,-0.4024765119066754,1.0,0.0,7.0,-0.4999999999999983,-0.8660254037844396,0.0
control,17.0,-1.230435930392392,-1.1829705062826583,-1.151901181745972,0.553124322452003,0.0,0.0,-0.6826788374492915,-0.577325023317992,1.0,0.0,7.0,-0.8660254037844356,-0.5000000000000053,0.0
control,17.25,2.451899534656073,2.4019210584448074,1.5253442267719033,13.025341708436448,1.0,1.0,-0.7040074425748636,-0.0477919306046855,0.0,0.0,0.0,-1.0,-3.1847006584197066e-15,0.0
control,17.5,2.381801399881563,0.6667227984304512,0.7756960315897041,0.4184995161296243,0.0,1.0,-0.751612149147548,-0.1608844040367405,0.0,0.0,0.0,-0.8660254037844423,0.4999999999999936,0.0
control,17.75,2.29371978972466,1.263279555471938,1.3867291670208646,0.1059559013707799,0.0,0.0,-0.7883477544697416,-0.1141037373204247,0.0,0.0,0.0,-0.5000000000000038,0.8660254037844365,0.0
control,18.0,2.2956478625286048,0.7250837455537349,0.919504531355002,1.0742147435281046,0.0,0.0,-0.7854405122203088,0.0565192789892449,0.0,0.0,0.0,-1.469576158976824e-15,1.0,0.0
control,18.25,2.272241869893522,1.892134839439596,1.563600086135176,0.9505561151111848,0.0,0.0,-0.8167869588712343,-0.0909087711616042,0.0,0.0,0.0,0.4999999999999951,0.8660254037844415,0.0
control,18.5,2.1874167483413416,1.563435605565728,1.4885219475524536,0.322915458482968,0.0,0.0,-0.8278883074336141,-0.0037737666664894,0.0,0.0,0.0,0.8660254037844373,0.5000000000000023,0.0
control,18.75,2.0919594797748475,1.2712001632612326,1.0997871472972185,0.1419431388606896,0.0,0.0,-0.8503552411578259,-0.052691302646528,0.0,0.0,0.0,1.0,6.859879017134943e-15,0.0
control,19.0,2.06627282298726,1.2268986505504391,1.4075055709463613,-0.5762297459060959,0.0,0.0,-0.8650021181470038,-0.0190337389351049,0.0,0.0,0.0,0.8660254037844406,-0.4999999999999966,0.0
control,19.25,2.057024285019921,1.0685060761379528,1.1180320291088326,1.1388493398457915,0.0,0.0,-0.8068680223456656,0.2942159358021324,1.0,1.0,3.0,0.5000000000000009,-0.8660254037844382,0.0
control,19.5,2.049719850592657,0.6185069063032114,0.6753855699770689,0.3503835586020248,0.0,0.0,-0.6219320973205145,0.8399716496584605,1.0,0.0,3.0,5.14475451769206e-15,-1.0,0.0
control,19.75,2.0795342034914928,1.2234809710243402,1.385242460686588,-0.2163061176763099,0.0,0.0,-0.1106128503809519,2.2447271167724003,1.0,0.0,3.0,-0.4999999999999981,-0.8660254037844397,0.0
control,20.0,2.099851251377287,1.5199867033336651,1.4769798839077948,-0.4193971330349443,0.0,0.0,1.1347669816399717,5.404127585023986,1.0,0.0,3.0,-0.8660254037844355,-0.5000000000000056,0.0
control,20.25,2.0801103335157043,1.0427034302411722,1.127739837314344,1.6915448645306497,0.0,0.0,2.4448160746603227,5.682464411214471,0.0,0.0,0.0,-1.0,-3.4296300182491773e-15,0.0
control,20.5,2.077076637088266,1.3555411856957251,1.5176251026107015,2.529991473507508,0.0,0.0,2.207703438915172,-0.9765274889988846,0.0,0.0,0.0,-0.8660254037844425,0.4999999999999934,0.0
control,20.75,2.0654809720529514,0.3111476695691024,0.2551287286198473,0.6050030185541374,0.0,0.0,1.597409454874887,-2.5827018981802827,0.0,0.0,0.0,-0.500000000000004,0.8660254037844363,0.0
control,21.0,2.0494735373905413,0.7446484956126284,0.8088330808734061,-0.8930160031641913,0.0,0.0,1.2192676454696052,-1.5835177652164358,0.0,0.0,0.0,-1.7145055188062944e-15,1.0,0.0
control,21.25,2.0501670663773552,0.861637055595893,0.8486149524031166,-0.0342857003159048,0.0,0.0,0.590782976520131,-2.6609946979681083,0.0,0.0,0.0,0.4999999999999949,0.8660254037844416,0.0
control,21.5,2.035856417294382,0.3995450354220925,0.3719216926852339,-0.914432693770193,0.0,0.0,0.5437901962030836,-0.1582506703397042,0.0,0.0,0.0,0.8660254037844372,0.5000000000000026,0.0
control,21.75,2.007015748339979,0.2847954931615447,0.2054699440746815,-0.78890324661515,0.0,0.0,0.5390150629162078,0.023454295852999,0.0,0.0,0.0,1.0,7.1048083769644134e-15,0.0
control,22.0,2.0127210038960848,1.343604737816534,1.316708568563245,-0.6022183878533638,0.0,0.0,0.125669294278211,-1.7350357836805688,0.0,0.0,0.0,0.8660254037844407,-0.4999999999999964,0.0
control,22.25,2.0334059787225263,-0.0703406005235581,-0.0188738627242152,-0.4799808100448051,0.0,0.0,-0.3238590000377361,-1.890765557070828,1.0,1.0,8.0,0.5000000000000072,-0.8660254037844345,0.0
control,22.5,2.065250784108692,0.720930094382385,0.7094125956409036,0.2042283391965401,0.0,0.0,-0.4440012695015974,-0.4730864413369884,1.0,0.0,8.0,5.3896838775215305e-15,-1.0,0.0
control,22.75,-0.1088811970434725,2.035951543470603,1.716877038662969,9.895091054841524,1.0,1.0,-0.3692327417335411,0.3658106150600073,1.0,0.0,8.0,-0.4999999999999979,-0.8660254037844398,0.0
control,23.0,-1.367688382512832,-0.4651678297771712,-0.6091643532871797,2.002968884483701,0.0,0.0,-0.3397214238838428,0.1710233548341061,1.0,0.0,8.0,-0.8660254037844354,-0.5000000000000058,0.0
control,23.25,-1.3569839643345358,-0.9350719797487228,-1.15335615444612,0.4193269723546232,0.0,0.0,-0.4016056748792835,-0.2223436354034198,0.0,0.0,0.0,-1.0,-3.674559378078648e-15,0.0
control,23.5,-1.362963543527514,-1.3667773579291764,-1.3572770498696092,0.4221743497687349,0.0,0.0,-0.4348347866318376,-0.0990117712743088,0.0,0.0,0.0,-0.8660254037844426,0.4999999999999932,0.0
control,23.75,-1.3676448351621528,-1.4410007781727214,-1.4434267147253634,-0.4187909585956379,0.0,0.0,-0.4556270122745824,-0.0454833505996472,0.0,0.0,0.0,-0.5000000000000042,0.8660254037844362,0.0
control,24.0,-1.358175580402076,-1.654494546164102,-1.7462883991299702,-0.855843125630913,0.0,0.0,-0.4563087731708704,0.0410721913106575,0.0,0.0,0.0,-1.959434878635765e-15,1.0,0.0
control,24.25,-1.3846726348498628,-1.4081433319587746,-1.4524112352771712,1.0475751237099262,0.0,0.0,-0.1800532175247407,1.233011801395396,0.0,0.0,0.0,0.4999999999999946,0.8660254037844417,0.0
control,24.5,-1.38152218585447,-0.813295644385084,-0.8167979384572458,1.0109362357645244,0.0,0.0,-0.0589349065069329,0.5653003164262698,0.0,0.0,0.0,0.866025403784437,0.5000000000000028,0.0
control,24.75,-1.388071391679102,-1.4910615015946629,-1.5597661522697353,0.7667765709455608,0.0,0.0,-0.2609201259400462,-0.8253389116522095,0.0,0.0,0.0,1.0,7.349737736793884e-15,0.0
control,25.0,-1.389792729091188,-1.3337355099824166,-1.319744687914561,0.147977147865715,0.0,0.0,-0.2658483100376602,0.0227955643900377,0.0,0.0,0.0,0.8660254037844408,-0.4999999999999961,0.0
control,25.25,-1.3971573466931684,-0.5452047279628534,-0.7900314270419811,0.9618848940065317,0.0,0.0,-0.121140237504953,0.6668307692128826,1.0,1.0,4.0,0.5000000000000074,-0.8660254037844344,0.0
control,25.5,-1.3943089772305788,-1.3366542296293584,-1.3824879803432288,1.84954689863244,0.0,0.0,-0.1680561018613701,-0.1579196236564056,1.0,0.0,4.0,5.6346132373510016e-15,-1.0,0.0
control,25.75,-1.3847285437074066,-1.640239227575739,-1.6341563095712863,-0.1433789618984447,0.0,0.0,-0.1103010471357454,0.292584541096526,1.0,0.0,4.0,-0.4999999999999976,-0.86602540378444,0.0
control,26.0,-1.3804985014047255,-1.0662638143136884,-1.226147304109045,1.232031571213194,0.0,0.0,0.051367192903792,0.739827415881721,1.0,0.0,4.0,-0.8660254037844353,-0.5000000000000059,0.0
control,26.25,-1.3760933639281303,-1.1632992035167502,-1.1396705913982994,2.645611101216251,0.0,0.0,0.0189040294593789,-0.0957151258848426,0.0,0.0,0.0,-1.0,-3.919488737908119e-15,0.0
control,26.5,-1.3764151970134473,-1.173092017023854,-1.249544882773466,0.9980964568005122,0.0,0.0,-0.0791281944703419,-0.3779246936102875,0.0,0.0,0.0,-0.8660254037844427,0.499999999999993,0.0
control,26.75,-1.3733675281163162,-1.4333511858044576,-1.4745584062839556,0.1153602935561923,0.0,0.0,-0.1855850079435132,-0.4141841695845416,0.0,0.0,0.0,-0.5000000000000044,0.866025403784436,0.0
control,27.0,-1.3660117278285528,-1.6393050450014346,-1.5810087434145377,0.9293490223013192,0.0,0.0,-0.2499342400766535,-0.2329529266784939,0.0,0.0,0.0,-9.309791596066238e-15,1.0,0.0
control,27.25,-1.3802558328711092,-1.597402259074486,-1.590056412996723,2.640026042746557,0.0,0.0,-0.3136939938937928,-0.2304158090271063,0.0,0.0,0.0,0.4999999999999945,0.8660254037844418,0.0
control,27.5,-1.3883986936278332,-0.972185528979024,-0.9181403784525836,0.6261120822198482,0.0,0.0,-0.4428281354578353,-0.5117875043025503,0.0,0.0,0.0,0.8660254037844369,0.500000000000003,0.0
control,27.75,-1.3959610220294945,-1.3458983887978095,-1.339726072950881,0.8061700189594673,0.0,0.0,-0.5396994302952477,-0.3729280489294675,0.0,0.0,0.0,1.0,7.594667096623355e-15,0.0
control,28.0,-1.391976585876638,-1.3536686964499305,-1.317513968497804,0.6225862831427792,0.0,0.0,-0.6256519655330681,-0.3259336524276393,0.0,0.0,0.0,0.8660254037844409,-0.4999999999999959,0.0
control,28.25,-1.4023792497661849,-1.115028051957589,-1.2215841508644596,2.7640019250473684,0.0,0.0,-0.637667760628517,-0.0077095491665806,1.0,1.0,9.0,0.5000000000000077,-0.8660254037844343,0.0
control,28.5,-1.3985028526921133,-1.1607456411770367,-1.2680887798612337,0.9683474326005213,0.0,0.0,-0.5930492511380937,0.2360447840099868,1.0,0.0,9.0,5.879542597180472e-15,-1.0,0.0
control,28.75,-1.4203460122930536,-1.3181780121148192,-1.317695529059647,-0.120882803912947,0.0,0.0,-0.664945137136032,-0.2654337630545988,1.0,0.0,9.0,-0.4999999999999913,-0.8660254037844437,0.0
control,29.0,-1.401766195238476,-1.2368220604688998,-1.2629750591834152,-0.4652042229475625,0.0,0.0,-0.742258716214285,-0.2887515414541735,1.0,0.0,9.0,-0.8660254037844352,-0.5000000000000061,0.0
control,29.25,-1.3991814033343155,-1.5428634343250662,-1.6458981863270588,-0.9413238315066836,0.0,0.0,-0.6792822397902729,0.3150575664762984,0.0,0.0,0.0,-1.0,-4.164418097737589e-15,0.0
control,29.5,-0.0677142000527338,-0.0642632427132769,-0.2070749002671886,5.274660145484382,0.0,0.0,-0.485129070022649,0.8796427176155152,0.0,0.0,0.0,-0.8660254037844428,0.4999999999999928,0.0
control,29.75,2.390332069145125,1.5211154747961613,1.4935608093085957,6.310440603332179,1.0,1.0,-0.4286655091213771,0.2870259451490919,0.0,0.0,0.0,-0.5000000000000047,0.8660254037844359,0.0
control,30.0,2.4721857922752046,0.6875849949979296,0.8073814522251547,-0.2772914124485927,0.0,0.0,-0.3940549657330977,0.1929704473244732,0.0,0.0,0.0,-9.554720955895708e-15,1.0,0.0
control,30.25,2.516436476151154,1.664717636949691,1.731613908761551,0.3734845534009087,0.0,0.0,0.1695269473910591,2.4696658961748965,0.0,0.0,0.0,0.4999999999999943,0.8660254037844419,0.0
control,30.5,2.5701047422892653,1.4832070280362917,1.6397410802871986,1.1579943484979165,0.0,0.0,0.3212173310539619,0.6968826716069786,0.0,0.0,0.0,0.8660254037844368,0.5000000000000032,0.0
control,30.75,2.622192904338532,0.6584402456709388,0.6670698366659266,0.9626097931319196,0.0,0.0,0.1119509944444057,-0.8566768767795683,0.0,0.0,0.0,1.0,7.839596456452825e-15,0.0
control,31.0,2.6773427457121675,0.8965211108797861,1.0905633734751154,0.1286452976080596,0.0,0.0,0.0398612653330055,-0.2662680647946534,0.0,0.0,0.0,0.866025403784441,-0.4999999999999957,0.0
control,31.25,2.693583688487549,0.6850491134529101,0.7287721168434583,0.7776255991206578,0.0,0.0,-0.2479063123387532,-1.1945466150693091,1.0,1.0,5.0,0.5000000000000017,-0.8660254037844377,0.0
control,31.5,2.7182923371477377,1.0676067508908178,0.9571024256685804,1.2349697151191077,0.0,0.0,-0.2602692634094444,-0.0092037102386057,1.0,0.0,5.0,1.3229899314610944e-14,-1.0,0.0
control,31.75,2.7151979101382557,2.6185001276101785,2.2657261803556983,0.0044648385901924,0.0,1.0,-0.1411766922090829,0.5565815220135626,1.0,0.0,5.0,-0.499999999999991,-0.8660254037844438,0.0
control,32.0,2.7095437945580496,2.330914805192064,2.302861520890991,1.3022179534424985,0.0,1.0,-0.2824428687960716,-0.5640038443585862,1.0,0.0,5.0,-0.8660254037844349,-0.5000000000000063,0.0
control,32.25,2.74323344004085,1.1501625515880218,1.4184372465528958,0.9418485572386094,0.0,0.0,-0.4030529870999948,-0.4751000651091986,0.0,0.0,0.0,-1.0,-4.40934745756706e-15,0.0
control,32.5,2.74132419790011,1.2232962154697475,1.178699283453067,-0.064667674778673,0.0,0.0,-0.2985117962288477,0.4939523075315847,0.0,0.0,0.0,-0.8660254037844394,0.4999999999999987,0.0
control,32.75,2.759668890669029,1.166150932319349,1.1995033347062938,0.08359043555069,0.0,0.0,-0.414566649339114,-0.4554941806926496,0.0,0.0,0.0,-0.500000000000011,0.8660254037844323,0.0
control,33.0,2.788455087570571,1.3394308643924957,1.4354003152273704,0.7718763372466468,0.0,0.0,-0.4377517298681679,-0.0557822101241987,0.0,0.0,0.0,-9.799650315725178e-15,1.0,0.0
control,33.25,2.7853795455556822,1.0483702562632895,0.919761306940363,2.0920362432531485,0.0,0.0,0.1234700701749093,2.459507957545536,0.0,0.0,0.0,0.499999999999994,0.866025403784442,0.0
control,33.5,2.7705508295827355,1.8676432067488455,2.034184940423833,0.1468654540707296,0.0,1.0,0.4119190833461733,1.285492504211288,0.0,0.0,0.0,0.8660254037844367,0.5000000000000034,0.0
control,33.75,2.741213644692228,1.0021851175972143,1.05481549113134,0.4828260016154007,0.0,0.0,0.5087965268350635,0.4609675000645272,0.0,0.0,0.0,1.0,9.790984586812941e-16,0.0
control,34.0,2.693907542998158,0.6786902767440486,0.7809359060845054,-0.2494788179826289,0.0,0.0,0.4073528384298667,-0.3926076539548312,0.0,0.0,0.0,0.8660254037844448,-0.4999999999999894,0.0
control,34.25,2.654240595775025,1.0266162741172222,1.0745933376601355,-0.4542004413276785,0.0,0.0,0.101525630939441,-1.2722753530851536,1.0,1.0,1.0,0.5000000000000081,-0.8660254037844339,0.0
control,34.5,2.604929976271704,0.4282965158165082,0.3917507713031636,0.7364912876632678,0.0,0.0,0.6191611710015832,2.2719124742955548,1.0,0.0,1.0,6.3694013168394125e-15,-1.0,0.0
control,34.75,2.561445190789608,0.583099864788708,0.595643322220626,-0.5157661779311145,0.0,0.0,0.9933774975504328,1.654635454470348,1.0,0.0,1.0,-0.499999999999997,-0.8660254037844404,0.0
control,35.0,2.478843709250432,0.3213991693315041,0.3597669673596863,-0.5978847901693587,0.0,0.0,1.060776147390879,0.3340906232110135,1.0,0.0,1.0,-0.8660254037844313,-0.5000000000000128,0.0
control,35.25,2.282248515282721,0.4088540377984569,0.4967300847051822,-0.3065850412805022,0.0,0.0,0.9065755786148724,-0.6196735337126384,0.0,0.0,0.0,-1.0,-1.1759704174997531e-14,0.0
control,35.5,2.0616620367465397,1.751073196455151,1.835877183962426,0.3513785023444521,0.0,0.0,0.4321627627893179,-1.9978686634185905,0.0,0.0,0.0,-0.866025403784443,0.4999999999999923,0.0
control,35.75,1.7873946462559316,1.014055401686797,0.874851654569283,1.6889466449092512,0.0,0.0,0.1641207529321549,-1.1096476714990662,0.0,0.0,0.0,-0.5000000000000051,0.8660254037844357,0.0
control,36.0,1.5937270015599534,0.9302843470146894,1.052585637177327,0.3144575672886577,0.0,0.0,-0.0389935263108682,-0.8301983907805129,0.0,0.0,0.0,-2.939152317953648e-15,1.0,0.0
control,36.25,1.435372509026647,1.5720782980102994,1.5731516281297089,0.5178566601539352,0.0,0.0,-0.3160133928331315,-1.1482884119612031,0.0,0.0,0.0,0.4999999999999877,0.8660254037844457,0.0
control,36.5,1.2487749793954903,1.7081853785001213,1.6337299775125789,-0.3452778070413043,0.0,1.0,-0.4825341225825804,-0.6726995688104276,0.0,0.0,0.0,0.866025403784433,0.5000000000000098,0.0
control,36.75,1.0692902782302578,1.0649296723987889,1.1957537455948466,-0.4945961136374291,0.0,0.0,-0.5118560133270672,-0.0821950723078574,0.0,0.0,0.0,1.0,8.329455176111767e-15,0.0
control,37.0,1.0665071990927322,0.7324710877516166,0.6774439403006073,0.3437140393697232,0.0,0.0,-0.5484614985288004,-0.1135436996643153,0.0,0.0,0.0,0.8660254037844414,-0.4999999999999953,0.0
control,37.25,1.1193866650411106,0.9493414919431716,1.0538800449010035,-0.5895780075834148,0.0,0.0,-0.5237494002717464,0.1503674894513295,1.0,1.0,4.0,0.5000000000000021,-0.8660254037844374,0.0
control,37.5,1.1421069747370265,1.915521895253789,1.9286839747590956,0.8559089483998062,0.0,1.0,-0.5051696001317697,0.1239740473617987,1.0,0.0,4.0,1.3719758034269886e-14,-1.0,0.0
control,37.75,1.229472119875021,1.6022187838711253,1.7631521171884976,2.203546932960218,0.0,0.0,-0.3582656238278203,0.6762819501427628,1.0,0.0,4.0,-0.4999999999999907,-0.866025403784444,0.0
control,38.0,1.2463797541650017,1.3947231926120094,1.442205523347166,2.186178860305984,0.0,0.0,-0.3616157357904234,0.0295875948349578,1.0,0.0,4.0,-0.8660254037844347,-0.5000000000000068,0.0
control,38.25,1.3233977903727123,-0.4882776625540897,-0.4306387703678517,2.066827927073736,0.0,0.0,-0.4173659748085135,-0.1959428168506102,0.0,0.0,0.0,-1.0,-4.899206177226001e-15,0.0
control,38.5,1.3699625871844503,0.8809173870649033,0.9509419981149424,1.335021958516804,0.0,0.0,-0.3277540551927845,0.4296966485933036,0.0,0.0,0.0,-0.8660254037844396,0.4999999999999983,0.0
control,38.75,1.361698798902052,0.9587953974246676,1.0239682861935038,1.1523324942459556,0.0,0.0,-0.3707655135589094,-0.1411150405406854,0.0,0.0,0.0,-0.5000000000000114,0.866025403784432,0.0
control,39.0,1.3345558912592514,1.1879383472408558,1.1339729535216214,2.066655057303588,0.0,0.0,-0.4755111079171052,-0.406819073864908,0.0,0.0,0.0,-1.028950903538412e-14,1.0,0.0
control,39.25,1.3005431452068668,0.505212918590885,0.7689226857214302,1.9866925147537111,0.0,0.0,-0.5534410747831742,-0.2914044776082576,0.0,0.0,0.0,0.4999999999999936,0.8660254037844423,0.0
control,39.5,1.3022155709741725,0.8956486181466877,0.8092478076175526,0.9620927559625814,0.0,0.0,-0.6478670278155269,-0.3624032854413356,0.0,0.0,0.0,0.8660254037844365,0.5000000000000038,0.0
control,39.75,1.277167235786155,0.5337794949020411,0.4346450196696143,1.7662970173935844,0.0,0.0,-0.7013771335508245,-0.1863012718794738,0.0,0.0,0.0,1.0,1.5679811893542238e-14,0.0
control,40.0,1.2365422483366215,0.8773681481910598,0.8820358842866971,1.7586352177366489,0.0,0.0,-0.6419781140088596,0.2996601739749195,0.0,0.0,0.0,0.866025403784445,-0.4999999999999889,0.0
control,40.25,1.2103927231151157,1.4115665585161727,1.372121668577846,0.0680967961855389,0.0,0.0,-0.1608475823517902,2.11479473361788,1.0,1.0,10.0,0.5000000000000084,-0.8660254037844337,0.0
control,40.5,1.1307501594086844,1.7170430151731348,1.3883771667627458,-0.0985121256187681,0.0,1.0,0.3029501051844763,2.0401940849189364,1.0,0.0,10.0,6.859260036498355e-15,-1.0,0.0
control,40.75,1.1207138617348829,0.3683722143853631,0.4113882848502908,1.191585948522378,0.0,0.0,0.4422612439073422,0.6436023388183452,1.0,0.0,10.0,-0.4999999999999966,-0.8660254037844406,0.0
control,41.0,1.099828424186812,2.1041382612905486,2.0032042829331758,2.319922950127136,0.0,1.0,0.6007450399514833,0.7261215528308377,1.0,0.0,10.0,-0.866025403784431,-0.5000000000000131,0.0
control,41.25,1.084994003418266,1.7104622383881545,1.5124824775806247,3.9955506336826696,0.0,0.0,0.4592519391346761,-0.5649805273906368,0.0,0.0,0.0,-1.0,-1.2249562894656474e-14,0.0
control,41.5,1.0928499624499712,0.2107578661145127,0.2743328211269419,1.7545838817506392,0.0,0.0,-0.0226094037689478,-2.029927161608667,0.0,0.0,0.0,-0.8660254037844433,0.4999999999999919,0.0
control,41.75,1.0942307313795263,1.178322806678383,1.1830256926683091,0.3748949183135376,0.0,0.0,-0.362713326065932,-1.419802506852664,0.0,0.0,0.0,-0.5000000000000056,0.8660254037844355,0.0
control,42.0,1.120223828351898,0.0846518760403582,0.1206244450350991,0.3436845258095746,0.0,0.0,-0.2310700948504102,0.6105996261518862,0.0,0.0,0.0,-3.429011037612589e-15,1.0,0.0
control,42.25,1.1160822717829266,1.666166970352288,1.5500618627111975,3.6677908797992944,0.0,0.0,0.0176965799025878,1.1146995190980893,0.0,0.0,0.0,0.4999999999999872,0.866025403784446,0.0
control,42.5,1.1393867585024045,1.352445372220899,1.2463443176866664,2.80090211603698,0.0,0.0,-0.0787120614220738,-0.3709367858722627,0.0,0.0,0.0,0.8660254037844327,0.5000000000000102,0.0
control,42.75,1.1189224844669934,0.3931206575675906,0.4975415092220994,0.4547112536559567,0.0,0.0,-0.3647207199882632,-1.1869762183490755,0.0,0.0,0.0,1.0,8.819313895770708e-15,0.0
control,43.0,1.092289999362488,0.5540296171511657,0.6611943723385763,1.9820947768759785,0.0,0.0,-0.4263078864167337,-0.2210649819256662,0.0,0.0,0.0,0.8660254037844416,-0.4999999999999949,0.0
control,43.25,1.0772980339464504,1.2791837854440022,1.1958546050609593,1.8212532798813108,0.0,0.0,-0.0593486222086479,1.6234010214773278,1.0,1.0,10.0,0.5000000000000026,-0.8660254037844372,0.0
control,43.5,1.084367795485124,1.924778235244192,2.06665790932206,-0.054814114993483,0.0,1.0,0.331275384798793,1.725254194091206,1.0,0.0,10.0,1.4209616753928828e-14,-1.0,0.0
control,43.75,1.071995688045615,1.0233234069134836,1.0719653446974864,-0.2056744367685314,0.0,0.0,0.3465211306007281,0.1096242606400151,1.0,0.0,10.0,-0.4999999999999902,-0.8660254037844443,0.0
control,44.0,1.0762261702092482,0.9010147791888938,0.9712578238010844,0.99950367168912,0.0,0.0,0.4736784457050337,0.5912922205366637,1.0,0.0,10.0,-0.8660254037844345,-0.5000000000000072,0.0
control,44.25,1.068404591037054,1.5058971846585665,1.661134459083457,2.159504312700688,0.0,0.0,0.3252109018600488,-0.5949985654338812,0.0,0.0,0.0,-1.0,-5.389064896884942e-15,0.0
control,44.5,1.0943795904478058,0.8161011925343046,0.8824081949419493,1.2990068361256542,0.0,0.0,-0.2625460747999296,-2.485702504509747,0.0,0.0,0.0,-0.8660254037844469,0.4999999999999855,0.0
control,44.75,1.0930644047118163,1.5047693952500245,1.6582657076064458,1.027073263625704,0.0,1.0,-0.3308722237272082,-0.2500695966604487,0.0,0.0,0.0,-0.5000000000000119,0.8660254037844318,0.0
control,45.0,1.120658491353479,1.429327399871596,1.324397442998318,1.366139197157763,0.0,0.0,-0.2108926380095623,0.5603992369790705,0.0,0.0,0.0,-1.077936775504306e-14,1.0,0.0
control,45.25,1.1049982357403978,1.5559953198068432,1.6325842514810514,4.325123657541474,0.0,0.0,-0.2655247966261044,-0.1911305931513877,0.0,0.0,0.0,0.4999999999999932,0.8660254037844426,0.0
control,45.5,1.1199726089511386,0.1783967318516637,0.2203398721591956,1.228782742325199,0.0,0.0,-0.2523465660170701,0.1007256648002126,0.0,0.0,0.0,0.8660254037844362,0.5000000000000042,0.0
control,45.75,1.1756017990312222,0.3322313120974783,0.362598426407446,0.3924046868823935,0.0,0.0,-0.3298651526380413,-0.2896338949541745,0.0,0.0,0.0,1.0,1.6169670613201182e-14,0.0
control,46.0,1.224640221264409,1.705237930760266,1.7362261586861076,1.5724643323604717,0.0,1.0,-0.5056696614845182,-0.7126570009657632,0.0,0.0,0.0,0.8660254037844453,-0.4999999999999885,0.0
control,46.25,1.2202990839285102,2.7563281001562525,2.3844657504479008,1.6139192633267327,0.0,1.0,-0.5825800033996776,-0.2870160066661931,1.0,1.0,6.0,0.5000000000000089,-0.8660254037844335,0.0
control,46.5,1.2020490074088068,1.2902353600632683,1.103244078377128,-0.2099654119107572,0.0,0.0,-0.6015458413550655,-0.037622568762403,1.0,0.0,6.0,7.349118756157295e-15,-1.0,0.0
control,46.75,1.187274756046064,0.8581205006776343,0.9286032650423878,0.4245581720827721,0.0,0.0,-0.4715567429155308,0.6034802303237824,1.0,0.0,6.0,-0.4999999999999961,-0.8660254037844408,0.0
control,47.0,1.1564645125509596,0.3659130733422522,0.3926600703412434,2.3748659361062057,0.0,0.0,-0.4007931172605141,0.3485734961240596,1.0,0.0,6.0,-0.8660254037844308,-0.5000000000000135,0.0
control,47.25,1.130585681183138,0.238555779177766,0.1712829006592297,1.7146714877962823,0.0,0.0,-0.4000547763158414,0.0471843168115775,0.0,0.0,0.0,-1.0,-1.2739421614315414e-14,0.0
control,47.5,1.1048240031702805,1.2513422528911056,1.2754996030521906,1.2656356623511558,0.0,0.0,-0.3596622697694757,0.2178560459798574,0.0,0.0,0.0,-0.8660254037844436,0.4999999999999915,0.0
control,47.75,1.059311470606205,0.903146643913452,0.7834816190829031,4.547135583670366,0.0,0.0,-0.46262721170824,-0.3991551368519684,0.0,0.0,0.0,-0.5000000000000059,0.8660254037844353,0.0
control,48.0,1.0685786330751847,2.1241466820909096,2.009188816001376,2.28055024865637,0.0,1.0,-0.5325545233102184,-0.256961008904892,0.0,0.0,0.0,-3.91886975727153e-15,1.0,0.0
control,48.25,1.0223031531302438,0.5414311622600212,0.5244068985543877,-0.8351374974172617,0.0,0.0,-0.3509852506699131,0.8254815607784759,0.0,0.0,0.0,0.4999999999999868,0.8660254037844463,0.0
control,48.5,1.0127162355654202,0.2041313419092832,0.1577997332874353,0.024898221594526,0.0,0.0,-0.2614929946168219,0.4291816160149113,0.0,0.0,0.0,0.8660254037844325,0.5000000000000107,0.0
control,48.75,0.9700854166779032,-0.1997938819433552,-0.2018476906777808,0.9658093700055104,0.0,0.0,-0.4691536487844122,-0.849766011433967,0.0,0.0,0.0,1.0,9.309172615429648e-15,0.0
control,49.0,0.9320446562349612,-0.6117283525576293,-0.6434810847930078,0.5435729488100334,0.0,0.0,-0.5277959371362433,-0.2083902117999187,0.0,0.0,0.0,0.8660254037844418,-0.4999999999999945,0.0
control,49.25,0.8569622984810625,2.127432022273148,1.9749747716507555,3.0470927660274283,0.0,1.0,-0.5965490207615759,-0.2519071257586699,1.0,1.0,6.0,0.5000000000000153,-0.8660254037844298,0.0
control,49.5,0.8473682181043841,2.373833985932831,1.8979047807689848,1.3485829836636574,0.0,1.0,-0.663003921549312,-0.2420157352102655,1.0,0.0,6.0,1.4699475473587772e-14,-1.0,0.0
control,49.75,0.8398353417798899,0.6713555798733788,0.63491825886197,0.2596483307286775,0.0,0.0,-0.6526051525151273,0.0887628481342095,1.0,0.0,6.0,-0.4999999999999898,-0.8660254037844445,0.0
control,50.0,0.8118779783688669,1.0000554928615435,1.0600406804061218,0.3872335365490698,0.0,0.0,-0.6580258960665349,0.020675586011435,1.0,0.0,6.0,-0.8660254037844343,-0.5000000000000077,0.0
control,50.25,0.7492207726059714,0.2871861766029221,0.3256385960079779,-0.3929967565230123,0.0,0.0,-0.694117578118461,-0.1113322883107001,0.0,0.0,0.0,-1.0,-5.8789236165438834e-15,0.0
control,50.5,0.6648684011016902,0.6930087998719761,0.7122375297606549,-0.5082546352873705,0.0,0.0,-0.7629107569579716,-0.2520796957631411,0.0,0.0,0.0,-0.8660254037844473,0.4999999999999851,0.0
control,50.75,0.5752377621763188,0.8617891307242934,0.8418831120848261,-0.152902491395076,0.0,0.0,-0.6491246408676008,0.5337425124004775,0.0,0.0,0.0,-0.5000000000000123,0.8660254037844316,0.0
control,51.0,0.4963650682648279,0.4942270242342391,0.5508122388417108,0.6556732132676313,0.0,0.0,-0.6326635054010944,0.1148553038991067,0.0,0.0,0.0,-1.1269226474702003e-14,1.0,0.0
control,51.25,0.4716332588043418,-0.0895734342868715,-0.0352231482223229,0.7244591278452064,0.0,0.0,-0.6147280878109923,0.1212006216103238,0.0,0.0,0.0,0.4999999999999928,0.8660254037844428,0.0
control,51.5,0.463488256051305,0.5577742432915878,0.5378339914527721,0.3759095911656772,0.0,0.0,-0.2554881378884244,1.5901770537777913,0.0,0.0,0.0,0.8660254037844359,0.5000000000000047,0.0
control,51.75,0.4814635087876703,1.0298254729122294,1.1321240936990904,1.3163755138132909,0.0,0.0,0.691108722483554,4.118164164949266,0.0,0.0,0.0,1.0,1.6659529332860122e-14,0.0
control,52.0,0.4902484883869094,0.7164303013977671,0.8271443614078269,0.5380742864960736,0.0,0.0,1.918941044410859,5.328603012893086,0.0,0.0,0.0,0.8660254037844455,-0.4999999999999881,0.0
control,52.25,0.5085335476212349,1.4531882380426902,1.3129657522988143,-0.1183201576427527,0.0,0.0,1.9869328847079148,0.3366437179343426,1.0,1.0,4.0,0.5000000000000093,-0.8660254037844333,0.0
control,52.5,0.4872309663388547,1.199819349512591,1.0229150691145588,0.8726672969129012,0.0,0.0,1.3489283873061897,-2.7019680877413554,1.0,0.0,4.0,7.838977475816237e-15,-1.0,0.0
control,52.75,0.4567194814635769,0.2078809883189661,0.0345817056979345,1.2642387134403754,0.0,0.0,0.6492066643987036,-2.967599338247031,1.0,0.0,4.0,-0.4999999999999834,-0.8660254037844481,0.0
control,53.0,0.4396795695979679,0.6963939595592951,0.4013042209218241,3.011194039720576,0.0,0.0,0.2477091030843644,-1.6840410394767824,1.0,0.0,4.0,-0.8660254037844306,-0.500000000000014,0.0
control,53.25,0.4198929828566973,-0.680945288505109,-0.7060266592516224,0.2122087234956303,0.0,0.0,0.3204741986285619,0.3571878326428475,0.0,0.0,0.0,-1.0,-1.3229280333974356e-14,0.0
control,53.5,0.3752413586521784,-0.0659955053013762,0.0685643298171398,0.0555932804573187,0.0,0.0,0.0946092591757453,-0.9281173473089952,0.0,0.0,0.0,-0.8660254037844438,0.499999999999991,0.0
control,53.75,0.3711416915823268,0.2472607192549279,0.3652395377419183,0.5662955667168248,0.0,0.0,-0.1908593378944891,-1.1846517909409278,0.0,0.0,0.0,-0.5000000000000063,0.8660254037844349,0.0
control,54.0,0.3622484570672888,0.39499865737431,0.3101739781174545,-0.7632885307254101,0.0,0.0,-0.3953699744390622,-0.8362083196638004,0.0,0.0,0.0,-1.8619583192132475e-14,1.0,0.0
control,54.25,0.3620214821174984,0.6263785208060028,0.5510014181803161,0.3331708401477076,0.0,0.0,-0.4878845058316232,-0.3541765170430373,0.0,0.0,0.0,0.4999999999999864,0.8660254037844465,0.0
control,54.5,0.37575243391138,0.0558487876665268,0.0357041679104886,1.0949606543107868,0.0,0.0,-0.5402110089010582,-0.1812070400234808,0.0,0.0,0.0,0.8660254037844323,0.500000000000011,0.0
control,54.75,0.3470461837846526,-0.5779188698873023,-0.6288647054400627,0.1155339376880117,0.0,0.0,-0.6081101112122718,-0.2482315858665414,0.0,0.0,0.0,1.0,9.79903133508859e-15,0.0
control,55.0,0.3153320037045485,-0.4889245014059502,-0.5506191159379729,-0.5938658125487878,0.0,0.0,-0.6772362645266834,-0.2535128195860214,0.0,0.0,0.0,0.866025403784442,-0.499999999999994,0.0
control,55.25,0.3031598640500629,1.248092060181655,1.0078640693945409,-0.4520970712407541,0.0,0.0,-0.7361172758868967,-0.2094176768345399,1.0,1.0,6.0,0.5000000000000157,-0.8660254037844296,0.0
control,55.5,0.2713095972431384,1.333886300117142,1.1568596074543174,0.8746116314858327,0.0,0.0,-0.7449508247923516,0.0059868545187424,1.0,0.0,6.0,1.5189334193246713e-14,-1.0,0.0
control,55.75,0.2679543088724284,1.5427707674315494,1.3655214543253524,1.6535016283434871,0.0,1.0,-0.6330273821968909,0.5257255562641294,1.0,0.0,6.0,-0.4999999999999894,-0.8660254037844448,0.0
control,56.0,0.2245840479993016,0.1271352748240049,0.1392812711882384,1.8623299152419743,0.0,0.0,-0.4120912002156028,0.9949169375488194,1.0,0.0,6.0,-0.866025403784434,-0.5000000000000081,0.0
control,56.25,0.1780967150924356,1.307600865143388,1.2518408385484354,1.2322004568148557,0.0,0.0,-0.1450026948775852,1.19355677053752,0.0,0.0,0.0,-1.0,-6.368782336202825e-15,0.0
control,56.5,0.0767134834804175,1.5691891476285218,1.4523081709845862,0.6814358852648408,0.0,0.0,-0.166560623233056,-0.048778938945206,0.0,0.0,0.0,-0.8660254037844475,0.4999999999999847,0.0
control,56.75,0.0308690397309308,0.6905424538645817,0.7442938044895601,-0.715304399185635,0.0,0.0,-0.2331363440417144,-0.242535745190959,0.0,0.0,0.0,-0.5000000000000128,0.8660254037844313,0.0
control,57.0,-0.0040232339727948,0.2884120175841456,0.3756963273270017,0.577499124867041,0.0,0.0,0.0561158864124917,1.288949555456662,0.0,0.0,0.0,-1.1759085194360944e-14,1.0,0.0
control,57.25,0.0009451875042607,0.1706971338489721,0.0955838788000382,-0.6446489399977317,0.0,0.0,0.3851706635805224,1.4602599176814977,0.0,0.0,0.0,0.4999999999999923,0.866025403784443,0.0
control,57.5,-0.0377318790670857,0.3502363940066936,0.25464971001378,0.1597927608979068,0.0,0.0,0.5157289515728777,0.6059300250358987,0.0,0.0,0.0,0.8660254037844286,0.5000000000000174,0.0
control,57.75,-0.0391494258798211,0.5352950647409521,0.4721301132347198,-0.6051703833535527,0.0,0.0,0.2302058005709698,-1.1848865913385738,0.0,0.0,0.0,1.0,1.7149388052519063e-14,0.0
control,58.0,-0.061413977855083,0.4584464745715463,0.3716726888351352,-0.5031075043517316,0.0,0.0,-0.1767941000053482,-1.7077231354700555,0.0,0.0,0.0,0.8660254037844457,-0.4999999999999877,0.0
control,58.25,-0.0722729405463535,-0.1056925720169825,-0.1245331161165563,-0.3881697904767191,0.0,0.0,-0.2870525026578127,-0.4305462286260686,1.0,1.0,3.0,0.5000000000000098,-0.866025403784433,0.0
control,58.5,-0.1129982088503627,0.2872399598656708,0.1863480203439075,0.4792065036498771,0.0,0.0,-0.2802313869886624,0.0733646099690607,1.0,0.0,3.0,8.328836195475178e-15,-1.0,0.0
control,58.75,-0.110101100040472,0.0177168367206405,0.0621839989973134,0.732872371538559,0.0,0.0,-0.2776332995308397,0.0551886752036358,1.0,0.0,3.0,-0.499999999999983,-0.8660254037844485,0.0
control,59.0,-0.1313465581960304,-0.4308566575353854,-0.4582298351896046,-0.4803048961674593,0.0,0.0,-0.2868019284355317,0.0045446685084776,1.0,0.0,3.0,-0.8660254037844303,-0.5000000000000144,0.0
control,59.25,-0.1229936307147523,0.2421573339687279,0.5247608061058848,-0.3800298973550974,0.0,0.0,-0.3151219065437524,-0.0778828352575385,0.0,0.0,0.0,-1.0,-1.3719139053633295e-14,0.0
control,59.5,-0.1221791057298313,0.8705276491643437,0.8991613233891109,-0.2252353449657848,0.0,0.0,-0.2828899450891536,0.1827330186601723,0.0,0.0,0.0,-0.866025403784444,0.4999999999999907,0.0
control,59.75,-0.1293298969497272,1.124401825189293,0.9514576828917836,-0.2313649044370558,0.0,0.0,-0.2201074116484251,0.3142228348960267,0.0,0.0,0.0,-0.5000000000000068,0.8660254037844347,0.0
control,60.0,-0.1423059401751727,0.5217405466486793,0.4095131290840733,-0.5243340516757813,0.0,0.0,-0.1130733918531766,0.5046814558200793,0.0,0.0,0.0,-1.9109441911791416e-14,1.0,0.0
control,60.25,-0.1604395182936129,0.5571877126701384,0.6744599864159848,-0.0248703187922151,0.0,0.0,-0.0176688428791382,0.4546281546283565,0.0,0.0,0.0,0.499999999999986,0.8660254037844467,0.0
control,60.5,-0.2032798003063062,-0.467554464415124,-0.4151462124549274,0.1540284285811839,0.0,0.0,-0.0651332124299662,-0.160280392785384,0.0,0.0,0.0,0.866025403784432,0.5000000000000114,0.0
control,60.75,-0.2088971640526281,0.5590095089319854,0.7239133999564474,-0.1135831439839593,0.0,0.0,-0.0507396853268396,0.105956307053092,0.0,0.0,0.0,1.0,1.0288890054747531e-14,0.0
control,61.0,-0.2253382465383816,0.0558976044833113,0.0773463167598244,0.3467235083131253,0.0,0.0,-0.0610797246706531,-0.0004970879419999,0.0,0.0,0.0,0.8660254037844423,-0.4999999999999936,0.0
control,61.25,-0.2121345734094435,0.0963154529194849,0.044559844799108,-0.7884975483112167,0.0,0.0,-0.2148052313684491,-0.6176288641269785,1.0,1.0,4.0,0.5000000000000038,-0.8660254037844365,0.0
control,61.5,-0.2451145214801705,0.4594463866729105,0.2445365884740539,0.7063060359672165,0.0,0.0,-0.2534581811994092,-0.1223559977767263,1.0,0.0,4.0,1.567919291290565e-14,-1.0,0.0
control,61.75,-0.3170419144073253,-0.0889156622539249,-0.0703518719044424,0.6089322624278286,0.0,0.0,0.006437833752151,1.1626002555621937,1.0,0.0,4.0,-0.4999999999999767,-0.8660254037844521,0.0
control,62.0,-0.2927208747908025,0.6983344028799908,0.6551149893611998,-0.8592893093395387,0.0,0.0,0.0547106960604226,0.251773137007698,1.0,0.0,4.0,-0.8660254037844337,-0.5000000000000084,0.0
control,62.25,-0.2748884361977485,0.7565517995384974,0.5573859422873709,0.1244242522337919,0.0,0.0,-0.3101260747048081,-1.5262528116638303,0.0,0.0,0.0,-1.0,-2.1069495771063772e-14,0.0
control,62.5,-0.2469951614950243,-0.4892331528168671,-0.4513773950413182,0.0150475748413542,0.0,0.0,-0.5063709273745919,-0.8006323440900937,0.0,0.0,0.0,-0.8660254037844406,0.4999999999999966,0.0
control,62.75,-0.2326467736820191,-0.0614191582845207,-0.1064483509236264,-0.4720639461452925,0.0,0.0,-0.5078154166241262,0.0377894046233325,0.0,0.0,0.0,-0.5000000000000131,0.866025403784431,0.0
control,63.0,-0.235308222707173,0.3413744432374123,0.2403412397687624,-0.3098742671242006,0.0,0.0,-0.5819915887010919,-0.2752481258636687,0.0,0.0,0.0,-2.6459798629221888e-14,1.0,0.0
control,63.25,-0.2282180102391456,0.8178026352751723,0.87192302569136,-0.3520337735430494,0.0,0.0,-0.6710555326875177,-0.3393251714072021,0.0,0.0,0.0,0.4999999999999919,0.8660254037844433,0.0
control,63.5,-0.2347655578400845,0.1231294511550365,0.0499195384043626,0.3715674410522011,0.0,0.0,-0.6485044748145997,0.1410663607157591,0.0,0.0,0.0,0.8660254037844284,0.5000000000000178,0.0
control,63.75,-0.2699576112959999,-0.2085723590088535,-0.2200121039867746,-0.549025867267342,0.0,0.0,-0.632004190527607,0.1150238006203446,0.0,0.0,0.0,1.0,3.4283920569760004e-15,0.0
control,64.0,-0.2714420899115159,-0.0032861585605407,-0.0234295047738821,-0.7736227531717857,0.0,0.0,-0.588846050077506,0.2297593482794965,0.0,0.0,0.0,0.866025403784446,-0.4999999999999872,0.0
control,64.25,-0.2617123701116267,-0.2744168207943622,-0.2537556887973253,-0.6695275892012899,0.0,0.0,-0.5524835392839496,0.2005109238915135,1.0,1.0,7.0,0.5000000000000225,-0.8660254037844257,0.0
control,64.5,-0.2540014736495236,0.2887731869699804,0.2890458417166167,-0.6983598649889823,0.0,0.0,-0.4931953448231727,0.2991831822653583,1.0,0.0,7.0,8.81869491513412e-15,-1.0,0.0
control,64.75,-0.2763873490997429,0.5607540676355687,0.658974024951933,1.399371641977859,0.0,0.0,-0.4213510932798552,0.3532245154089644,1.0,0.0,7.0,-0.4999999999999825,-0.8660254037844487,0.0
control,65.0,-0.2660940803408518,1.7426058113766851,1.532168820656223,1.3218241875798058,0.0,1.0,-0.447864336138673,-0.0701066376125754,1.0,0.0,7.0,-0.8660254037844372,-0.5000000000000026,0.0
control,65.25,-0.313076622253479,0.7817780338813358,0.7814966856776966,3.3893474031700928,0.0,0.0,-0.3780246754606783,0.3445967461930876,0.0,0.0,0.0,-1.0,-1.4208997773292239e-14,0.0
control,65.5,-0.3123732979874891,-0.1778908770067162,-0.2263085435190333,2.824856220971893,0.0,0.0,-0.2328241274581443,0.6689503861240678,0.0,0.0,0.0,-0.8660254037844514,0.4999999999999779,0.0
control,65.75,-0.3169882357415641,-0.0035597616157945,0.0989393019177758,1.9369504203155283,0.0,0.0,-0.0720561326444311,0.7359527558797876,0.0,0.0,0.0,-0.5000000000000072,0.8660254037844345,0.0
control,66.0,-0.2715166950923319,-0.0364913304034364,0.2166128559990771,1.3667962206339492,0.0,0.0,0.0680903414272423,0.6471976263815337,0.0,0.0,0.0,-1.959930063145036e-14,1.0,0.0
control,66.25,-0.2958553738028798,1.431884282783036,1.4571912659738453,1.3775092336108024,0.0,0.0,-0.0747486524681485,-0.5707732580032229,0.0,0.0,0.0,0.4999999999999979,0.8660254037844398,0.0
control,66.5,-0.2156198068274809,1.065287802387917,0.7718431681306835,5.500391811024175,0.0,0.0,-0.2223307584142626,-0.5911876362419944,0.0,0.0,0.0,0.8660254037844318,0.5000000000000119,0.0
control,66.75,-0.3206518569644034,1.0384914252415045,1.0658408693078512,3.894013349683883,0.0,0.0,-0.2258964249449966,0.0286598468842744,0.0,0.0,0.0,1.0,2.498960348960848e-14,0.0
control,67.0,-0.3172342378406729,1.5386096886499283,1.150252036167438,3.8808123074683087,0.0,1.0,-0.2831046200315539,-0.2022178671380396,0.0,0.0,0.0,0.8660254037844426,-0.4999999999999932,0.0
control,67.25,-0.3225706993867411,-0.0451939437273498,-0.3848629757995394,6.296417629227056,0.0,0.0,-0.2084345350266048,0.3653869169100483,1.0,1.0,5.0,0.5000000000000165,-0.866025403784429,0.0
control,67.5,-0.3228328833078887,0.0084170681219917,-0.0350405415925027,4.5739297355907285,0.0,0.0,-0.05178501456847,0.7182268214379399,1.0,0.0,5.0,1.9581969173625882e-15,-1.0,0.0
control,67.75,-0.2770574783770136,0.2578416267959514,-0.0264363850070908,2.7292653397555715,0.0,0.0,0.0394373223400574,0.4366278927608188,1.0,0.0,5.0,-0.4999999999999885,-0.8660254037844453,0.0
control,68.0,-0.2499607397603623,-0.4462244660493246,-0.4401446303536255,2.502958666426521,0.0,0.0,0.1505454749364882,0.5222165439876968,1.0,0.0,5.0,-0.8660254037844264,-0.5000000000000212,0.0
control,68.25,0.1896537058558858,-0.0517285030944697,-0.1003422738296012,1.6200026801642464,0.0,0.0,0.2359995142987375,0.4118011109677252,0.0,0.0,0.0,-1.0,-7.348499775520708e-15,0.0
control,68.5,0.2057558289612815,1.0058609405493628,1.1440225969748388,-0.8667606894302211,0.0,0.0,0.2101861575432315,-0.0670943242865833,0.0,0.0,0.0,-0.8660254037844479,0.4999999999999838,0.0
control,68.75,0.2302899198073002,0.309420843424635,0.4877778014387462,0.0252397078874954,0.0,0.0,0.2216609897703542,0.093394229555213,0.0,0.0,0.0,-0.5000000000000259,0.8660254037844237,0.0
control,69.0,0.1976034416052539,1.296120034417042,1.3403378508380095,1.015282253408159,0.0,0.0,0.2297810321458606,0.0789551970782039,0.0,0.0,0.0,-1.2738802633678828e-14,1.0,0.0
control,69.25,0.2078256739367421,1.314186364846147,1.3885936159911505,0.6487881368742532,0.0,0.0,0.1721018502230835,-0.2042449968615738,0.0,0.0,0.0,0.4999999999999792,0.8660254037844506,0.0
control,69.5,0.2225221510358719,0.5792109428930678,0.5656821882622676,-0.2869455026109865,0.0,0.0,0.0897756156762007,-0.3103260359259314,0.0,0.0,0.0,0.8660254037844353,0.5000000000000059,0.0
control,69.75,0.2408402139826675,1.290467011855924,1.175430881412706,0.7483082679312739,0.0,0.0,-0.1244105472041801,-0.8778518339147986,0.0,0.0,0.0,1.0,1.8129105491836944e-14,0.0
control,70.0,0.2911725478647673,0.6679856568752329,0.582099791827157,0.732980106661201,0.0,0.0,-0.3278415884034997,-0.8315617358413795,0.0,0.0,0.0,0.8660254037844534,-0.4999999999999745,0.0
control,70.25,0.2669343502161312,1.7522597070431216,1.32263332940834,0.3300679062681243,0.0,0.0,-0.4453908216477527,-0.4619260003421684,1.0,1.0,9.0,0.5000000000000107,-0.8660254037844325,0.0
control,70.5,0.2402820869983473,1.1074579591951612,1.216004733095709,0.0872465984944551,0.0,0.0,-0.5180971550003226,-0.2689219325650654,1.0,0.0,9.0,2.3519408349995063e-14,-1.0,0.0
control,70.75,0.2440476041319522,1.7823911805956845,1.6988043385616782,0.3097241224711527,0.0,1.0,-0.5495920744121101,-0.0915477986747596,1.0,0.0,9.0,-0.4999999999999945,-0.8660254037844418,0.0
control,71.0,0.2278275037696125,2.509974783314253,1.945955922280509,1.5865658696118388,0.0,1.0,-0.5932185841555114,-0.1437622247770527,1.0,0.0,9.0,-0.8660254037844298,-0.5000000000000153,0.0
control,71.25,0.2372021672133704,1.885824610136809,1.7171531020473494,1.2731073248058185,0.0,0.0,-0.6272291485247621,-0.102375147286159,0.0,0.0,0.0,-1.0,-2.890971120815318e-14,0.0
control,71.5,0.2185387360153783,1.322472891997717,1.2758555847091957,0.6922152625458321,0.0,0.0,-0.6355432962244651,0.0082223599334371,0.0,0.0,0.0,-0.8660254037844445,0.4999999999999898,0.0
control,71.75,0.228816118425662,1.1756758739192483,1.156804689635813,-0.2461868760186648,0.0,0.0,-0.6585914102635189,-0.0551927056589875,0.0,0.0,0.0,-0.50000000000002,0.8660254037844272,0.0
control,72.0,0.2393043110818058,0.2936684350528116,0.3943847633049999,1.2367034557411622,0.0,0.0,-0.6185867432131295,0.2161867828289717,0.0,0.0,0.0,-5.878304635907295e-15,1.0,0.0
control,72.25,0.195103798147983,0.8229457441879605,0.8371256958094914,-0.0267933102325627,0.0,0.0,-0.5611079785676875,0.2913953871950046,0.0,0.0,0.0,0.4999999999999851,0.8660254037844473,0.0
control,72.5,0.1978676945846869,0.1691889063265767,0.162370570819473,0.6020814643169727,0.0,0.0,-0.5640438571558108,0.0313704573723211,0.0,0.0,0.0,0.8660254037844244,0.5000000000000246,0.0
control,72.75,0.2788632326229328,1.3682517173841688,1.3830986253156108,-0.485007505673365,0.0,0.0,-0.5512752018479004,0.0989628506341158,0.0,0.0,0.0,1.0,1.1268607494065414e-14,0.0
control,73.0,0.2495462895231546,1.0664421213708104,0.9681906574762074,-0.7360763374373193,0.0,0.0,-0.5785295823784274,-0.0732964978974424,0.0,0.0,0.0,0.8660254037844499,-0.4999999999999804,0.0
control,73.25,0.2355636881430136,0.1498022397965711,0.1619463522328726,-0.292252180197868,0.0,0.0,-0.6079217139229957,-0.0824973890664164,1.0,1.0,3.0,0.5000000000000047,-0.8660254037844359,0.0
control,73.5,0.1860926987600961,1.6840110948242228,1.480321342423486,0.9566789248686804,0.0,0.0,-0.6204142856735317,-0.0097615982997825,1.0,0.0,3.0,1.6658910352223535e-14,-1.0,0.0
control,73.75,0.1444756975936501,1.0112416991662243,0.7174985855546984,2.297288042471704,0.0,0.0,-0.6502585716290769,-0.0844434639365223,1.0,0.0,3.0,-0.4999999999999758,-0.8660254037844526,0.0
control,74.0,0.1507385182135694,0.8742345684329083,0.7320695569621164,1.6024682294080503,0.0,0.0,-0.5709282510272036,0.3854445944727975,1.0,0.0,3.0,-0.8660254037844333,-0.5000000000000093,0.0
control,74.25,0.235792178417506,0.6268510743454844,0.4219932593879353,3.469218186225916,0.0,0.0,-0.5650891837692369,0.0691378686438945,0.0,0.0,0.0,-1.0,-2.204921321038165e-14,0.0
control,74.5,0.2269516639541757,0.0275024317341112,-0.0630972512167967,-0.1838036682675991,0.0,0.0,-0.6923926608117789,-0.5039083149495365,0.0,0.0,0.0,-0.866025403784441,0.4999999999999958,0.0
control,74.75,0.2587367628677225,0.701234244385244,0.5922468449157762,0.0668761899634957,0.0,0.0,-0.747534394248845,-0.193323805754397,0.0,0.0,0.0,-0.500000000000014,0.8660254037844306,0.0
control,75.0,0.2980344978035671,1.0887768765198396,1.113328664287759,1.1331788732689088,0.0,0.0,-0.7383189375156415,0.0836698660101344,0.0,0.0,0.0,-2.7439516068539766e-14,1.0,0.0
control,75.25,0.3243361107173978,3.114537834779004,2.646906201815566,0.9868072716773088,0.0,1.0,-0.6817598892909301,0.287436923071784,0.0,0.0,0.0,0.4999999999999911,0.8660254037844438,0.0
control,75.5,0.3612478783421892,0.127234306097691,0.0398346327532714,0.7360339238538063,0.0,0.0,-0.5977317354549572,0.4056640924559744,0.0,0.0,0.0,0.8660254037844278,0.5000000000000187,0.0
control,75.75,0.3876606889978882,2.8318416928267545,2.235620830252612,3.791678785246821,0.0,1.0,-0.5222815603741316,0.3687444285393227,0.0,0.0,0.0,1.0,4.408109496293883e-15,0.0
control,76.0,0.3417049768013048,1.788879130193868,1.57165734478929,0.6076349106365853,0.0,1.0,-0.4465380631257575,0.3700068886309491,0.0,0.0,0.0,0.8660254037844465,-0.4999999999999864,0.0
control,76.25,0.3668914551219139,0.515091370791055,0.5870254799045098,0.8244695621298437,0.0,0.0,-0.4138932057635132,0.1845101247335219,1.0,1.0,5.0,0.5000000000000233,-0.8660254037844252,0.0
control,76.5,0.3140831707327236,0.1870206843891442,0.3003859628511872,-0.5158101548740714,0.0,0.0,-0.4091087272750177,0.0645989132500273,1.0,0.0,5.0,9.798412354452e-15,-1.0,0.0
control,76.75,0.3177149091070424,0.533913585119591,0.5373988319745558,-0.926602672628144,0.0,0.0,-0.3058267534023636,0.4885326312057834,1.0,0.0,5.0,-0.4999999999999817,-0.8660254037844491,0.0
control,77.0,0.2922160826215506,0.4268350665916351,0.4422668889569494,-0.3392420730043632,0.0,0.0,-0.2127476672737374,0.4446193507884358,1.0,0.0,5.0,-0.8660254037844367,-0.5000000000000034,0.0
control,77.25,0.225594294734165,0.8720555274716374,1.050281488655482,-0.4025298237956656,0.0,0.0,-0.2268983323927409,-0.0168980405379389,0.0,0.0,0.0,-1.0,-1.5188715212610122e-14,0.0
control,77.5,0.2443841439049467,1.2781813139435587,1.1335664588908598,-0.3784031600512219,0.0,0.0,-0.1124444897714484,0.5366164107643621,0.0,0.0,0.0,-0.8660254037844519,0.4999999999999771,0.0
control,77.75,0.2715967267134218,0.6738547871884708,0.6546149424143957,-1.1350434319267344,0.0,0.0,0.1030010845127323,0.9712853342700464,0.0,0.0,0.0,-0.5000000000000081,0.866025403784434,0.0
control,78.0,0.2659338533602439,0.965834984876092,1.0768321290195522,-0.450105934734605,0.0,0.0,0.2547108458399477,0.6969660731721175,0.0,0.0,0.0,-2.057901807076824e-14,1.0,0.0
control,78.25,0.2538359802457386,0.7966725665063923,0.872102783205833,-0.0746035875563971,0.0,0.0,0.3019860735520967,0.2474793126637792,0.0,0.0,0.0,0.4999999999999724,0.8660254037844546,0.0
control,78.5,0.2347437002488037,-0.3389017546144054,-0.3817926778819003,-0.185217161813051,0.0,0.0,0.365406331851746,0.3169676059119871,0.0,0.0,0.0,0.8660254037844313,0.5000000000000128,0.0
control,78.75,0.222122557827985,1.4571909764328457,1.379979621378164,0.4100783970947277,0.0,0.0,0.635850395874669,1.207999112076891,0.0,0.0,0.0,1.0,2.5969320928926363e-14,0.0
control,79.0,0.2090336489615284,1.0741901100159483,0.8861004868133111,1.1223933526586316,0.0,1.0,0.7700578853073755,0.6216362064788274,0.0,0.0,0.0,0.866025403784443,-0.4999999999999923,0.0
control,79.25,0.2129523076675061,0.948634692212119,0.7895919273281576,1.326373574575756,0.0,0.0,0.6859528124788025,-0.3179821648808634,1.0,1.0,3.0,0.5000000000000174,-0.8660254037844286,0.0
control,79.5,0.2072728535659424,0.3434163678196539,0.3772588812539374,0.7191873710651294,0.0,0.0,0.6933592295823345,0.0758837503008482,1.0,0.0,3.0,3.135962378708448e-14,-1.0,0.0
control,79.75,0.1679647167744803,0.6290408152536924,0.579830133498383,1.940524122635168,0.0,0.0,0.8603556295038094,0.7627598429429645,1.0,0.0,3.0,-0.4999999999999877,-0.8660254037844457,0.0
control,80.0,0.164449247567628,1.3111965855514962,1.2998709138552769,1.2881813950206535,0.0,0.0,0.9396513144746804,0.3852955225419103,1.0,0.0,3.0,-0.8660254037844259,-0.5000000000000221,0.0
control,80.25,0.1276734297247905,1.7902578562994556,1.662819579063568,0.4451249474983065,0.0,0.0,1.035066158096495,0.4546724628444164,0.0,0.0,0.0,-1.0,-8.32821721483859e-15,0.0
control,80.5,0.1594387162888441,0.0401340438138266,-0.0268200350273989,-0.5957809292105476,0.0,0.0,1.097931422312673,0.3145789085716957,0.0,0.0,0.0,-0.8660254037844485,0.499999999999983,0.0
control,80.75,0.1510422634127214,0.9424858165211154,0.759421222166214,0.2096049104114667,0.0,0.0,1.06723714909963,-0.0881018133887678,0.0,0.0,0.0,-0.5000000000000268,0.8660254037844233,0.0
control,81.0,-0.0057702009140771,0.5204551553744522,0.3937060794376982,3.0749685415608017,0.0,0.0,0.9526751615771988,-0.4490688796574216,0.0,0.0,0.0,-1.3718520072996711e-14,1.0,0.0
control,81.25,-0.0153008981462158,1.4532514224353268,1.6218709543635976,3.88165191637553,0.0,0.0,0.89418198412355,-0.207748437740511,0.0,0.0,0.0,0.4999999999999783,0.8660254037844511,0.0
control,81.5,-0.0014531003790514,1.8129460614608248,1.5222464092423504,0.2055601505326793,0.0,0.0,0.8634566239925201,-0.0882356116409013,0.0,0.0,0.0,0.8660254037844347,0.5000000000000068,0.0
control,81.75,-0.084693219830666,1.1325292696001783,0.8710948111971581,2.7294699151215656,0.0,0.0,0.6321554057135278,-0.9515151188526918,0.0,0.0,0.0,1.0,1.9108822931154828e-14,0.0
control,82.0,-0.0602186397154234,1.375189585928125,1.486883739559941,0.7127650094351599,0.0,0.0,0.5195197862174451,-0.4407777819358412,0.0,0.0,0.0,0.8660254037844538,-0.4999999999999737,0.0
control,82.25,-0.0663725288821387,1.585700261650539,1.1637271276899914,1.2498465653905524,0.0,0.0,0.3951440350717987,-0.4913073678920956,1.0,1.0,2.0,0.5000000000000114,-0.866025403784432,0.0
control,82.5,-0.0493214708953436,1.2969655561074154,1.0800274787917397,3.455269193946193,0.0,0.0,0.3420797518468156,-0.1843824495418205,1.0,0.0,2.0,2.4499125789312947e-14,-1.0,0.0
control,82.75,-0.0774177254258561,1.1034761754070004,1.0274733652499657,1.8082294280093785,0.0,0.0,0.4596671587422629,0.5501032872378671,1.0,0.0,2.0,-0.4999999999999936,-0.8660254037844423,0.0
control,83.0,-0.016484091360291,0.6119376618140039,0.7247034688795146,1.196156046484491,0.0,0.0,0.4670385407759058,0.0757329591829724,1.0,0.0,2.0,-0.8660254037844294,-0.5000000000000161,0.0
control,83.25,-0.0483857400294253,0.2219447747686591,-0.1069207508432323,5.103882504687014,0.0,0.0,0.394348746413943,-0.268850748665902,0.0,0.0,0.0,-1.0,-2.988942864747106e-14,0.0
control,83.5,0.1483582467669294,1.9162007424763676,2.078054064361491,6.764765777235139,1.0,0.0,0.3972954813799255,0.0566892558408772,0.0,0.0,0.0,-0.866025403784445,0.4999999999999889,0.0
control,83.75,-0.0009451875042596,1.7775673027472756,1.2619636845237885,4.238811022764481,0.0,0.0,0.2993630036062963,-0.3774953856503354,0.0,0.0,0.0,-0.5000000000000208,0.8660254037844266,0.0
control,84.0,0.0390386531135965,2.475723282541284,1.9957326107992897,3.413401346494974,1.0,1.0,0.3124666898980238,0.1004048256817652,0.0,0.0,0.0,-6.858022075225178e-15,1.0,0.0
control,84.25,0.038176784651453,1.589920596608914,1.3073998189205291,5.114950223046844,0.0,0.0,0.3386022988808707,0.1564942868097966,0.0,0.0,0.0,0.4999999999999843,0.8660254037844477,0.0
control,84.5,0.1558819038737991,0.4547057095884464,0.1048249489552798,4.029947409076619,0.0,0.0,0.2654008740068682,-0.2710528089755845,0.0,0.0,0.0,0.8660254037844239,0.5000000000000254,0.0
control,84.75,0.0837475768358767,0.2429627720342707,0.0784733283614678,2.291499841621643,0.0,0.0,0.1666553422718416,-0.3809947740094967,0.0,0.0,0.0,1.0,1.2248324933383295e-14,0.0
control,85.0,0.0504811557371015,0.9904470169699416,0.892614032784738,3.5275393985275723,0.0,0.0,0.095180036514592,-0.2636235835729936,0.0,0.0,0.0,0.8660254037844504,-0.4999999999999796,0.0
control,85.25,0.1178851064538591,2.3976425484807207,1.715867680711879,1.2537101759764386,0.0,1.0,0.1823315594085904,0.4191070886677306,1.0,1.0,9.0,0.5000000000000056,-0.8660254037844355,0.0
control,85.5,0.1677428549291602,0.6713331155730137,0.5009103659444407,1.1499077334410108,0.0,0.0,0.18256221914478,0.0449992543243632,1.0,0.0,9.0,1.7638627791541416e-14,-1.0,0.0
control,85.75,0.1501964911820767,1.9342584976538524,1.2147509257922346,2.0925202931555087,0.0,0.0,0.093265755981913,-0.3403259351177945,1.0,0.0,9.0,-0.4999999999999749,-0.8660254037844531,0.0
control,86.0,0.1650381164413488,2.633890319542546,2.053458591494268,1.2706864360344114,0.0,1.0,-0.0209752743615796,-0.4476874783371012,1.0,0.0,9.0,-0.8660254037844327,-0.5000000000000102,0.0
control,86.25,0.2232961790425556,-0.2747667837652164,-0.3942880869088949,5.109801677589565,0.0,0.0,-0.1230366613877604,-0.3952662319414953,0.0,0.0,0.0,-1.0,-2.302893064969953e-14,0.0
control,86.5,0.332002592387299,1.4975082453676711,1.1598508186046934,1.7529113722186662,0.0,0.0,-0.1306701214402239,0.0111520430074617,0.0,0.0,0.0,-0.8660254037844416,0.4999999999999949,0.0
control,86.75,0.2880868987234274,0.5185120255965189,0.6602903478151767,1.7270227253800186,0.0,0.0,-0.1176226621874586,0.100162824221891,0.0,0.0,0.0,-0.5000000000000149,0.86602540378443,0.0
control,87.0,0.2746413824513897,0.7325442473888989,0.6488137738569187,3.649274682999633,0.0,0.0,-0.188328634490477,-0.2603123684976464,0.0,0.0,0.0,-2.841923350785765e-14,1.0,0.0
control,87.25,0.3232074103956181,2.019527657839685,1.3923451145297894,5.261673583664284,1.0,1.0,-0.1737357202420556,0.1068144703341758,0.0,0.0,0.0,0.4999999999999902,0.8660254037844443,0.0
control,87.5,0.3646709387915109,2.927422466594564,2.2681245350987456,2.2244197363796854,0.0,1.0,-0.0621204255729027,0.524399286031871,0.0,0.0,0.0,0.8660254037844274,0.5000000000000195,0.0
control,87.75,0.4690533879841351,0.8801997894461943,0.8981026202379541,1.8713526121962447,0.0,0.0,0.1107992220045888,0.7882535307915163,0.0,0.0,0.0,1.0,3.3809536366015776e-14,0.0
control,88.0,0.5107501587901894,1.6067708942434562,1.312789791701695,3.8283474508774966,0.0,1.0,0.2729050181130326,0.7417106594137727,0.0,0.0,0.0,0.8660254037844469,-0.4999999999999855,0.0
control,88.25,0.5282969891917865,1.77626204098331,1.1604253175854682,2.546693926572887,0.0,0.0,0.4334075222403113,0.7348100826235404,1.0,1.0,1.0,0.5000000000000242,-0.8660254037844247,0.0
control,88.5,0.636193435433965,0.5657349449997721,0.2095864981063528,4.989955977010059,0.0,0.0,0.6724640980451204,1.0729072041486662,1.0,0.0,1.0,1.0778129793769884e-14,-1.0,0.0
control,88.75,0.6620650258420492,0.4650642364672315,0.0589928124615223,3.1962421943398707,0.0,0.0,0.7771580543356105,0.4946098106685381,1.0,0.0,1.0,-0.4999999999999809,-0.8660254037844497,0.0
control,89.0,0.717131452907574,-0.4640242060353851,-0.6085204562142755,3.121461987472679,0.0,0.0,0.8905370078549445,0.5319900826368691,1.0,0.0,1.0,-0.866025403784422,-0.5000000000000289,0.0
control,89.25,0.7604193392115925,0.0031740838220412,-0.1186289785275307,8.164193060668355,1.0,0.0,1.0277014300991123,0.6343628602441745,0.0,0.0,0.0,-1.0,-1.6168432651928003e-14,0.0
control,89.5,0.8427019022094269,1.038590980630255,1.1427076158793603,4.647987137193942,0.0,0.0,1.0107849861889606,-0.0288019664337353,0.0,0.0,0.0,-0.8660254037844524,0.4999999999999762,0.0
control,89.75,0.8079710344029725,0.3936124368940727,0.2305580031790776,3.4495667121639344,0.0,0.0,0.964563128788089,-0.1549326142121141,0.0,0.0,0.0,-0.5000000000000089,0.8660254037844335,0.0
control,90.0,0.8452025288415174,-0.3920363817668396,-0.4864480221323374,4.79324836696717,0.0,0.0,0.9547363342277568,0.0017119202001268,0.0,0.0,0.0,-2.155873551008612e-14,1.0,0.0
control,90.25,0.1098060493517028,0.7055780507903049,0.3823544825074952,3.000250010270319,0.0,0.0,1.0288052589695509,0.3627995200990666,0.0,0.0,0.0,0.4999999999999716,0.866025403784455,0.0
control,90.5,-0.0844137696925402,-0.4341480147466885,-0.4059194738219978,-0.5757439317921278,0.0,0.0,1.2647747287449005,1.0596202841951383,0.0,0.0,0.0,0.8660254037844308,0.5000000000000135,0.0
control,90.75,-0.1063624136806957,0.6752717175165085,0.952602472240316,0.289993402545658,0.0,0.0,1.285406812819265,0.1328070877879794,0.0,0.0,0.0,1.0,2.694903836824424e-14,0.0
control,91.0,-0.0976568888967315,-0.6436716353627108,-0.5673548684174013,0.526929843507785,0.0,0.0,1.1094310966204897,-0.7133938782753659,0.0,0.0,0.0,0.8660254037844436,-0.4999999999999915,0.0
control,91.25,-0.0825242483566327,-0.327096347850256,-0.3011555533630267,-0.3267824241105863,0.0,0.0,1.1153177520333175,0.0693426883029363,1.0,1.0,5.0,0.5000000000000182,-0.8660254037844282,0.0
control,91.5,-0.0692859452949494,-0.1673135476832932,-0.1857805036642023,-0.91311997847675,0.0,0.0,1.2377964811059865,0.5711555626101651,1.0,0.0,5.0,3.2339341226402363e-14,-1.0,0.0
control,91.75,-0.0914491751882025,0.1221495880719414,0.119752679734173,0.1206243786615995,0.0,0.0,1.231192325962244,0.0155821765368711,1.0,0.0,5.0,-0.4999999999999868,-0.8660254037844463,0.0
control,92.0,-0.1086135855656935,-0.2945759943767716,-0.2796745278319278,-0.0351930943537245,0.0,0.0,1.3130598153628144,0.3963645818056527,1.0,0.0,5.0,-0.8660254037844254,-0.5000000000000229,0.0
control,92.25,-0.1299925917582081,-0.4044300785555201,-0.4491355327916601,0.0457333870736988,0.0,0.0,1.4258719218795306,0.5295503702726647,0.0,0.0,0.0,-1.0,-9.307934654156472e-15,0.0
control,92.5,-0.150089179250754,-0.1298960079013217,-0.0782300476843519,-0.4583864279781233,0.0,0.0,1.3020324066233555,-0.4889994059135873,0.0,0.0,0.0,-0.8660254037844489,0.4999999999999822,0.0
control,92.75,-0.159866657083787,0.4299463752837302,0.4576560889810789,-0.6978496989002796,0.0,0.0,1.2023924570060496,-0.3848443530953605,0.0,0.0,0.0,-0.5000000000000275,0.8660254037844227,0.0
control,93.0,-0.1752642583998815,0.5920958143054053,0.6111930577714659,-0.7521925250844758,0.0,0.0,1.0535373290821026,-0.5966667292686468,0.0,0.0,0.0,-1.469823751231459e-14,1.0,0.0
control,93.25,-0.1581282447309783,0.4914827843104805,0.4612825732287139,-0.3989679806482926,0.0,0.0,0.8370819490516918,-0.8876185559975195,0.0,0.0,0.0,0.4999999999999775,0.8660254037844516,0.0
control,93.5,-0.1990813044441079,0.1904610014500428,0.357127474260234,-0.8133173783394732,0.0,0.0,0.4899347637516142,-1.4501167464157732,0.0,0.0,0.0,0.8660254037844343,0.5000000000000077,0.0
control,93.75,-0.2188778874162598,0.622846061554877,0.7592975063698598,-1.1479964530106233,0.0,0.0,0.228437983487197,-1.0814769702512348,0.0,0.0,0.0,1.0,2.0088540370472713e-14,0.0
control,94.0,-0.2403315866129282,-0.0108725797713714,0.0385427895640419,-0.6166913701200876,0.0,0.0,0.2369493433025577,0.0806394293171187,0.0,0.0,0.0,0.8660254037844544,-0.4999999999999728,0.0
control,94.25,0.9350781978550908,0.3206380501638413,0.3826369899831983,2.8020099188839183,0.0,0.0,0.1878633976676346,-0.1672596644470381,1.0,1.0,5.0,0.5000000000000123,-0.8660254037844315,0.0
control,94.5,1.2155349804687403,1.077765949934407,1.222077296947887,-0.2239369302567668,0.0,0.0,0.110410575139964,-0.2893508459642265,1.0,0.0,5.0,2.5478843228630832e-14,-1.0,0.0
control,94.75,1.2287815813472664,0.1681916333298239,0.21858294491516,1.4093888269292163,0.0,0.0,0.2408445894824457,0.6053951506187436,1.0,0.0,5.0,-0.4999999999999928,-0.8660254037844428,0.0
control,95.0,1.2565069192223417,1.9805601316245276,1.8098142228418903,2.45020243908645,0.0,1.0,0.3302615613178253,0.4288575923613823,1.0,0.0,5.0,-0.8660254037844288,-0.500000000000017,0.0
control,95.25,1.2453435221419988,1.2233184535949475,1.205195819774148,1.9032608904471184,0.0,0.0,0.3157211402563057,-0.0185755520844181,0.0,0.0,0.0,-1.0,-3.086914608678895e-14,0.0
control,95.5,1.1856743565793684,0.431376779368385,0.4543417398839589,2.7590114907787955,0.0,0.0,0.3963707231776811,0.3911227061637003,0.0,0.0,0.0,-0.8660254037844455,0.4999999999999881,0.0
control,95.75,1.1979246664467542,1.2520419423633056,0.9711166109323182,2.900262743450178,0.0,0.0,0.5383739685362416,0.6551891793847197,0.0,0.0,0.0,-0.5000000000000216,0.8660254037844262,0.0
control,96.0,1.1688504730055371,0.371012644529728,0.1413692289184964,4.130919172624329,0.0,0.0,0.3467695973131776,-0.7806596884896648,0.0,0.0,0.0,-7.83773951454306e-15,1.0,0.0
control,96.25,1.1554178630427645,0.6188938282083857,0.5667297924546617,0.718525209421185,0.0,0.0,0.1378720449868412,-0.8550896273606948,0.0,0.0,0.0,0.4999999999999834,0.8660254037844481,0.0
control,96.5,1.118269342307114,1.4498563251502132,0.9610300098156492,1.962137788198987,0.0,0.0,0.264113294611211,0.5873494700810761,0.0,0.0,0.0,0.8660254037844235,0.5000000000000263,0.0
control,96.75,1.0533156225121147,0.7482024444631917,0.6118830713876284,1.5940273503024711,0.0,0.0,0.3992353861984983,0.6255726587746906,0.0,0.0,0.0,1.0,1.3228042372701181e-14,0.0
control,97.0,1.03505863846365,1.0788700668130884,0.8492840452601974,1.936787286471518,0.0,1.0,0.4391226717627272,0.2156815723192715,0.0,0.0,0.0,0.8660254037844509,-0.4999999999999788,0.0
control,97.25,0.9708780848158084,2.5389797306873088,2.695513528154501,0.5587995527380231,0.0,1.0,0.5883559135093889,0.6863071203806825,1.0,1.0,8.0,0.500000000000031,-0.8660254037844207,0.0
control,97.5,0.8997368320732366,1.441673415131956,1.8872393197009132,0.2277187244315982,0.0,0.0,0.862284532925968,1.222996656102696,1.0,0.0,8.0,1.8618345230859297e-14,-1.0,0.0
control,97.75,0.8007042121805951,1.3274995588407812,1.3522852359306323,1.5133825685473654,0.0,0.0,0.9286097967407893,0.3294707643316569,1.0,0.0,8.0,-0.4999999999999741,-0.8660254037844536,0.0
control,98.0,0.7184677192215938,0.7643824589502233,0.891834586214867,1.5566063275686908,0.0,0.0,0.8069483646960885,-0.4796249247630154,1.0,0.0,8.0,-0.8660254037844323,-0.500000000000011,0.0
control,98.25,0.559921171934813,0.3255494872841062,0.5327858349873398,1.011516419325052,0.0,0.0,0.6069664760602793,-0.816716565775454,0.0,0.0,0.0,-1.0,-2.4008648089017422e-14,0.0
control,98.5,0.4185005192822345,0.6391129941403981,0.7565684009134027,0.0048876916284164,0.0,0.0,0.5680584264143403,-0.1234539486697112,0.0,0.0,0.0,-0.8660254037844562,0.4999999999999694,0.0
control,98.75,0.2179674906061117,1.535740348758218,1.3263105874706005,0.7274969797671923,0.0,0.0,0.4287115371476038,-0.5557432220318309,0.0,0.0,0.0,-0.5000000000000157,0.8660254037844296,0.0
control,99.0,0.0525914106117319,0.9226931140629846,0.7233637421606172,0.7635881544273437,0.0,0.0,0.1563651393003696,-1.128173779163408,0.0,0.0,0.0,-2.9398950947175544e-14,1.0,0.0
control,99.25,-0.1365106738851975,1.0109535641241811,0.9855446959423836,0.8205469722723814,0.0,0.0,0.2472258738865775,0.4350715545379583,0.0,0.0,0.0,0.4999999999999894,0.8660254037844448,0.0
control,99.5,-0.3338825268383848,1.1041867242371617,1.1224223776902538,1.8902968092088963,0.0,0.0,0.998558223456646,3.2777447235592967,0.0,0.0,0.0,0.8660254037844269,0.5000000000000203,0.0
control,99.75,-0.4727257617700918,0.0256449097670566,0.1018564643157823,-0.604645727987495,0.0,0.0,1.6687822135776147,2.9286539345555505,0.0,0.0,0.0,1.0,3.4789253805333663e-14,0.0
control,100.0,-0.3588411958875037,0.1510329963416296,0.1846930247781076,-0.6314959890423458,0.0,0.0,1.3143299041695018,-1.4815580374980408,0.0,0.0,0.0,0.8660254037844475,-0.4999999999999847,0.0
control,100.25,-0.3666543380651887,0.1150164002022126,0.1278495417232388,-0.2196022283361391,0.0,0.0,0.7308134834015778,-2.467451130517887,1.0,1.0,7.0,0.500000000000025,-0.8660254037844242,0.0
control,100.5,-0.3826536840493761,-0.1317055106946798,-0.0733757771121872,-0.0551257835207793,0.0,0.0,0.5583410983238469,-0.6983155234239858,1.0,0.0,7.0,1.1757847233087768e-14,-1.0,0.0
control,100.75,-0.3989944961003731,-0.3192390429824006,-0.2966736514441451,-0.4744983596758851,0.0,0.0,0.5332085588588532,-0.0641640832272578,1.0,0.0,7.0,-0.49999999999998,-0.8660254037844501,0.0
control,101.0,-0.421539589307085,0.374075910518811,0.4034072797750179,-0.0012143409628579,0.0,0.0,0.5459708207660827,0.0989353334052714,1.0,0.0,7.0,-0.8660254037844215,-0.5000000000000298,0.0
control,101.25,-0.4438355314270603,0.8849872780632677,0.6707971052526637,0.2570826452183716,0.0,0.0,0.4867159657809566,-0.2110267016856312,0.0,0.0,0.0,-1.0,-1.7148150091245887e-14,0.0
control,101.5,-0.4450079156722519,0.3655470016277799,0.3489908707025831,-0.4457521210094291,0.0,0.0,0.4581297006833358,-0.0790289358057746,0.0,0.0,0.0,-0.8660254037844528,0.4999999999999754,0.0
control,101.75,-0.4528323051912418,-0.3960389130992376,-0.3558093735923636,-0.1745620847798303,0.0,0.0,0.3515412875936751,-0.4147505749990378,0.0,0.0,0.0,-0.5000000000000098,0.866025403784433,0.0
control,102.0,-0.4512911500082465,0.2531726711205831,0.2359103000829412,-0.0601176633846184,0.0,0.0,0.1949665864651839,-0.6298918113569817,0.0,0.0,0.0,-2.2538452949404006e-14,1.0,0.0
control,102.25,-0.4493577311447067,0.4888418788743773,0.4607268424687352,-0.2612538064116785,0.0,0.0,0.2157029147619676,0.133255755448139,0.0,0.0,0.0,0.4999999999999707,0.8660254037844556,0.0
control,102.5,-0.429654187323026,0.5908434922789826,0.713469494347015,0.4563765246288038,0.0,0.0,0.2595080338616429,0.2325439476571998,0.0,0.0,0.0,0.8660254037844304,0.5000000000000144,0.0
control,102.75,-0.4481504847559136,-0.0017500076471706,-0.0730156646735735,-0.538151362840854,0.0,0.0,0.1994726414282351,-0.2143861388079989,0.0,0.0,0.0,1.0,2.7928755807562122e-14,0.0
control,103.0,-0.4586875689616679,-0.0812984400193179,-0.166152045922604,0.4482878866392237,0.0,0.0,0.1625722402196625,-0.114813019648305,0.0,0.0,0.0,0.866025403784444,-0.4999999999999907,0.0
control,103.25,-0.4690574911202253,-0.4264108234008564,-0.4333382791017668,1.026301532169102,0.0,0.0,0.7763990906659913,2.685920360355597,1.0,1.0,1.0,0.5000000000000191,-0.8660254037844276,0.0
control,103.5,-0.4918363045555964,0.428422678132158,0.5518650310024602,0.070383234919522,0.0,0.0,1.1760678902341837,1.7641830269865304,1.0,0.0,1.0,3.3319058665720244e-14,-1.0,0.0
control,103.75,-0.4954971593433101,0.383712650093845,0.3919940414625664,-0.2851825221236839,0.0,0.0,0.8669166141643772,-1.2865821610511912,1.0,0.0,1.0,-0.499999999999986,-0.8660254037844467,0.0
control,104.0,-0.4908228574787787,-0.1873496130524726,-0.1623262269724193,1.7227216824102036,0.0,0.0,0.4640114273666817,-1.6900994666715154,1.0,0.0,1.0,-0.8660254037844249,-0.5000000000000238,0.0
control,104.25,-0.4826287064045104,-0.4387579863026224,-0.4015403059373933,0.0968798206342978,0.0,0.0,0.1091056573263874,-1.4835097343508137,0.0,0.0,0.0,-1.0,-1.0287652093474354e-14,0.0
control,104.5,-0.4926359271109935,-0.2167850147619874,-0.2464836383510409,-0.6506407511326758,0.0,0.0,-0.0019363596374022,-0.4339189085825263,0.0,0.0,0.0,-0.8660254037844494,0.4999999999999813,0.0
control,104.75,-0.4127935236332278,-0.6284174365796709,-0.5592765246266213,-0.7427834438340482,0.0,0.0,-0.0943054524919436,-0.3535505488403304,0.0,0.0,0.0,-0.5000000000000284,0.8660254037844223,0.0
control,105.0,-0.1450893743273744,0.1815589155856511,0.2676281503287823,0.5424878282975725,0.0,0.0,-0.1794958101556708,-0.3226532362965729,0.0,0.0,0.0,-1.5677954951632475e-14,1.0,0.0
control,105.25,-0.2504172722614729,0.0692164960967439,0.1399547809105306,1.655230930853115,0.0,0.0,-0.3333270598341525,-0.6180839824502918,0.0,0.0,0.0,0.4999999999999767,0.8660254037844521,0.0
control,105.5,-0.3255104188890872,-0.3535470796515013,-0.3651114892226526,0.9851293803429724,0.0,0.0,-0.4469296469005527,-0.4449396152456991,0.0,0.0,0.0,0.8660254037844195,0.5000000000000331,0.0
control,105.75,-0.4587407675761336,-0.1008825220411661,-0.0616992503066514,-0.1213047618980936,0.0,0.0,-0.5031777252943334,-0.1980855200397434,0.0,0.0,0.0,1.0,2.1068257809790597e-14,0.0
control,106.0,-0.5298805987714678,-0.3947414883552125,-0.3687869021663566,-0.4453248460710408,0.0,0.0,-0.6558697794554362,-0.6131808791858142,0.0,0.0,0.0,0.8660254037844548,-0.4999999999999719,0.0
control,106.25,-0.6034370796260069,-0.1222853323989368,-0.1553499336956723,-0.8192939194179825,0.0,0.0,-0.7385827334809411,-0.3119904785164632,1.0,1.0,2.0,0.5000000000000131,-0.866025403784431,0.0
control,106.5,-0.6769946069179409,-0.194018875869343,-0.2244954200958275,-1.3038403799679,0.0,0.0,-0.7438041148892434,0.0215336416829689,1.0,0.0,2.0,2.6458560667948716e-14,-1.0,0.0
control,106.75,-0.7178608540063663,-0.102996653324233,0.0166307215129443,-1.2028386582609485,0.0,0.0,-0.7626028099888413,-0.0369031850663166,1.0,0.0,2.0,-0.4999999999999673,-0.8660254037844575,0.0
control,107.0,-0.7315065955793161,-0.3863485970250976,-0.3852353402457195,-1.028477184043318,0.0,0.0,0.621939398888531,6.003083158363395,1.0,0.0,2.0,-0.8660254037844284,-0.5000000000000178,0.0
control,107.25,-0.7490415929026022,-0.6325940894016598,-0.6476568572117337,-0.2340204501275183,0.0,0.0,1.5082478721830777,3.858682642260701,0.0,0.0,0.0,-1.0,-3.184886352610683e-14,0.0
control,107.5,-0.7802927467644897,0.1688456286167518,0.0945732031217762,-0.6888706161391358,0.0,0.0,0.5061157492088132,-4.269175228565718,0.0,0.0,0.0,-0.866025403784446,0.4999999999999873,0.0
control,107.75,-0.8460820196517089,-0.3461186170692637,-0.398148070001023,-0.9181826932942228,0.0,0.0,-0.2187247378866988,-3.075710626266608,0.0,0.0,0.0,-0.5000000000000225,0.8660254037844257,0.0
control,108.0,-0.932729283805547,-0.3908306842151644,-0.4204993039016401,-0.534811188997769,0.0,0.0,-0.5394672727176804,-1.3364709973433926,0.0,0.0,0.0,-3.723916638426495e-14,1.0,0.0
control,108.25,-1.0205488961076945,-0.6952715421829753,-0.6892891151440903,-0.923370299094545,0.0,0.0,-0.6916277932852671,-0.6108931559128634,0.0,0.0,0.0,0.4999999999999826,0.8660254037844487,0.0
control,108.5,-1.0862138122656246,-0.8627672361690657,-0.8252855502662404,-0.9001288240771159,0.0,0.0,-0.5882237896809108,0.4890578477877874,0.0,0.0,0.0,0.8660254037844229,0.5000000000000272,0.0
control,108.75,-1.1287729267473896,-0.7598994344118857,-0.7469190943836626,-1.3226272716773615,0.0,0.0,0.0436444305773697,2.763570507210252,0.0,0.0,0.0,1.0,1.4207759812019062e-14,0.0
control,109.0,-1.1715838895343211,-0.8323715845145054,-0.8436886557972847,-0.4719181822987272,0.0,0.0,0.1255690308719371,0.3966103873820641,0.0,0.0,0.0,0.8660254037844514,-0.4999999999999779,0.0
control,109.25,-1.2173999816032868,-0.8493955989347974,-0.8354714740515841,-0.7959583942459417,0.0,0.0,-0.3869567739860372,-2.161907160843362,1.0,1.0,6.0,0.5000000000000319,-0.8660254037844203,0.0
control,109.5,-1.2849227048247582,-0.9920252912038444,-1.043464892788884,-0.8871500700473554,0.0,0.0,0.9364130755720892,5.739797014678322,1.0,0.0,6.0,1.959806267017718e-14,-1.0,0.0
control,109.75,-1.3435447564574758,-1.0657854849204769,-1.1312541927491504,-0.7598470714336448,0.0,0.0,2.1142400628230464,5.113379799711003,1.0,0.0,6.0,-0.4999999999999732,-0.866025403784454,0.0
control,110.0,-1.392567172515296,-1.402561242281224,-1.4545096248386056,-0.3934774757020095,0.0,0.0,1.1684914787214042,-4.026500192286391,1.0,0.0,6.0,-0.8660254037844318,-0.5000000000000119,0.0
control,110.25,-1.4330354526161062,-1.5340974221977774,-1.5741782616789262,-0.9103300531145744,0.0,0.0,0.2100897064561492,-4.080959578093848,0.0,0.0,0.0,-1.0,-2.49883655283353e-14,0.0
control,110.5,-1.4605385192997922,-1.6130873432212811,-1.637898518208732,-1.0372856084347128,0.0,0.0,-0.3673572608497594,-2.441328172141369,0.0,0.0,0.0,-0.8660254037844568,0.4999999999999686,0.0
control,110.75,-1.4807469006909262,-1.889433886507115,-1.9476475296251412,-1.4079625371640991,0.0,0.0,-0.6469252384897182,-1.1592554950903318,0.0,0.0,0.0,-0.5000000000000165,0.866025403784429,0.0
control,111.0,-1.4802164216840288,-1.7277661864205922,-1.7748945814372388,-1.3078280972674363,0.0,0.0,1.81150831705547,10.625116942042942,0.0,0.0,0.0,-3.0378668386493425e-14,1.0,0.0
control,111.25,-1.4894260483309285,-1.568055868835441,-1.6402864740262115,-1.3029358529710466,0.0,0.0,2.739837764974867,4.039541129426885,0.0,0.0,0.0,0.4999999999999885,0.8660254037844453,0.0
control,111.5,-1.5052330719981677,-1.639757793344992,-1.6763661337685556,-0.9438947554982714,0.0,0.0,0.7429165382742423,-8.550752558829656,0.0,0.0,0.0,0.8660254037844264,0.5000000000000212,0.0
control,111.75,-1.5200062400823726,-1.7129786809119207,-1.7417916483645404,-1.1131986087075447,0.0,0.0,-0.2307642967372196,-4.146720741376386,0.0,0.0,0.0,1.0,3.5768971244651544e-14,0.0
control,112.0,-0.5133452148608677,-0.5846410550888762,-0.6171422970885567,4.512437131468921,1.0,1.0,-0.7494318954784999,-2.1883414727587343,0.0,0.0,0.0,0.8660254037844479,-0.4999999999999838,0.0
control,112.25,0.8029022449923703,0.3193038670727398,0.3823906543427757,3.312389920048094,0.0,0.0,-0.7238042834733693,0.1543078652502064,1.0,1.0,9.0,0.5000000000000259,-0.8660254037844237,0.0
control,112.5,0.8001726532443535,0.1159462585332316,0.139896853204884,-0.7418635473115923,0.0,0.0,-0.6263495906834619,0.4634519839736171,1.0,0.0,9.0,1.2737564672405651e-14,-1.0,0.0
control,112.75,0.7988696042470254,0.067191603194753,0.0160741691643793,0.0986069670228508,0.0,0.0,-0.5923396885733433,0.1903852842275302,1.0,0.0,9.0,-0.4999999999999792,-0.8660254037844506,0.0
control,113.0,0.8316837961882196,0.6748181359417021,0.5323735068972223,-0.3244458529452142,0.0,0.0,-0.6029591245346188,-0.0016996123956724,1.0,0.0,9.0,-0.866025403784421,-0.5000000000000305,0.0
control,113.25,0.8362949240468391,0.1287866060486502,0.0596393407816491,-1.1049784458717242,0.0,0.0,-0.5767759207172327,0.1566991352182051,0.0,0.0,0.0,-1.0,-1.8127867530563772e-14,0.0
control,113.5,0.8799603665994581,0.5855861030504261,0.705690314884254,1.159566222986418,0.0,0.0,-0.586890287169847,0.0004742093223091,0.0,0.0,0.0,-0.8660254037844534,0.4999999999999745,0.0
control,113.75,0.8486248070677216,0.1880678289033903,0.3162479588643305,0.0012143409628576,0.0,0.0,-0.6701443382617994,-0.314319363025246,0.0,0.0,0.0,-0.5000000000000107,0.8660254037844325,0.0
control,114.0,0.8307292249836438,0.413975382113287,0.3727604697316091,0.3165100368871711,0.0,0.0,2.1403192972707084,12.140256185525557,0.0,0.0,0.0,-2.3518170388721888e-14,1.0,0.0
control,114.25,0.8159063395871776,0.3816459647519936,0.3712338421249856,-0.6036047767136821,0.0,0.0,4.278011907201557,9.244646291041994,0.0,0.0,0.0,0.4999999999999698,0.866025403784456,0.0
control,114.5,0.8314103932078586,0.8991091286369023,0.9027679362514008,-0.5416721313816731,0.0,0.0,1.3686320575021462,-12.477979083930492,0.0,0.0,0.0,0.8660254037844298,0.5000000000000153,0.0
control,114.75,0.8416859596101502,0.090943255436617,0.200167959705828,0.4254288414720597,0.0,0.0,-0.8161196188973991,-9.359175763659406,0.0,0.0,0.0,1.0,2.8908473246880007e-14,0.0
control,115.0,0.8401470454107886,0.3050130446897933,0.4033543699502742,-0.0251904103885444,0.0,0.0,-0.857116746190985,-0.1324453494237215,0.0,0.0,0.0,0.8660254037844587,-0.4999999999999652,0.0
control,115.25,0.842201054647699,0.7333524592642207,0.8470360256038194,-0.3109011616732874,0.0,0.0,-0.8836590263039406,-0.0702316141011435,1.0,1.0,7.0,0.50000000000002,-0.8660254037844272,0.0
control,115.5,0.8508228473221544,0.611741139258926,0.71158879571261,-0.5358606902242099,0.0,0.0,-0.915839536847337,-0.0944985863702925,1.0,0.0,7.0,3.4298776105038126e-14,-1.0,0.0
control,115.75,0.8462112036874949,0.1489131347928753,0.1554324282225089,0.4552841849219656,0.0,0.0,-0.0648737286934827,3.70656763286759,1.0,0.0,7.0,-0.4999999999999851,-0.8660254037844473,0.0
control,116.0,0.8278224035080556,0.4094913761092055,0.3868563721082438,-0.5436846451337147,0.0,0.0,0.3859657703809893,1.984421976286584,1.0,0.0,7.0,-0.8660254037844244,-0.5000000000000246,0.0
control,116.25,0.813540332734468,0.7234139747146279,0.7997722496462618,0.0206698414007552,0.0,0.0,-0.227694468874174,-2.597190277638719,0.0,0.0,0.0,-1.0,-3.9689078963196245e-14,0.0
control,116.5,0.8042725294528308,-0.4517528833458953,-0.3960651677151544,0.2008579940699905,0.0,0.0,0.7717369593669082,4.345564412092375,0.0,0.0,0.0,-0.8660254037844499,0.4999999999999804,0.0
control,116.75,0.8219165951741867,0.0293841291695736,-0.0730911570659143,1.567664371699104,0.0,0.0,1.8108239077809816,4.516241971342368,0.0,0.0,0.0,-0.5000000000000293,0.8660254037844217,0.0
control,117.0,0.815359420498088,0.4477542087591176,0.433411439252286,1.3929297467988662,0.0,0.0,0.8215604669674551,-4.213788355505494,0.0,0.0,0.0,-1.6657672390950356e-14,1.0,0.0
control,117.25,0.7996880009014463,0.9016552742486847,0.8397278141405241,0.621067453442213,0.0,0.0,-0.0727268411578731,-3.805010600390689,0.0,0.0,0.0,0.4999999999999758,0.8660254037844526,0.0
control,117.5,0.802060393552753,0.6174413309979865,0.6086260387630316,-0.0745370505464155,0.0,0.0,0.1733577752231714,1.1031559263096429,0.0,0.0,0.0,0.8660254037844191,0.500000000000034,0.0
control,117.75,0.7893854950625543,0.1340130427835811,0.1095970261094499,0.1250503400849474,0.0,0.0,0.3067711876291983,0.6182184949426038,0.0,0.0,0.0,1.0,2.2047975249108475e-14,0.0
control,118.0,0.7803502636077999,0.9245709024001598,0.9054381124093324,0.2468317980390413,0.0,0.0,-0.0197075407920339,-1.361159603547486,0.0,0.0,0.0,0.8660254037844552,-0.4999999999999711,0.0
control,118.25,0.7658500381757015,0.396279572494265,0.3923741052215866,-0.3157192376467928,0.0,0.0,-0.3789447362804476,-1.502152211371247,1.0,1.0,10.0,0.500000000000014,-0.8660254037844306,0.0
control,118.5,0.7396766681738396,0.5474246563684402,0.5405278247945396,-0.2623555728854931,0.0,0.0,-0.6686315061575028,-1.2028068280208135,1.0,0.0,10.0,2.7438278107266594e-14,-1.0,0.0
control,118.75,0.7371900352230116,1.0234868472796368,0.9395637431290176,-0.6566417378567572,0.0,0.0,-0.7803223216540585,-0.436711340746684,1.0,0.0,10.0,-0.4999999999999664,-0.866025403784458,0.0
control,119.0,0.7218866787676154,0.2263260912818621,0.2863751144272007,-0.2121106373832382,0.0,0.0,-0.7412388189182532,0.2122220869632868,1.0,0.0,10.0,-0.8660254037844278,-0.5000000000000187,0.0
control,119.25,0.7459447358660328,-0.2157165830003274,-0.1595210599617524,1.8784824744700788,0.0,0.0,-0.3557377895782649,1.7032048723181286,0.0,0.0,0.0,-1.0,-3.282858096542471e-14,0.0
control,119.5,0.7641851131168174,-0.3544053542198063,-0.3858144934928472,1.8423456818237225,0.0,0.0,-0.2995465891795222,0.2858537041696521,0.0,0.0,0.0,-0.8660254037844465,0.4999999999999864,0.0
control,119.75,0.8274393181105283,0.3952340853247333,0.4655177578620896,-0.4474662051393008,0.0,0.0,-0.6642338706644906,-1.525609409046038,0.0,0.0,0.0,-0.5000000000000233,0.8660254037844252,0.0
control,120.0,0.8637670129089379,0.9771641710601418,0.8996565135272495,-0.4490731852997021,0.0,0.0,-0.7410632640581251,-0.2866676038204224,0.0,0.0,0.0,-3.821888382358283e-14,1.0,0.0
control,120.25,0.8842468830293845,0.6006732306030167,0.5365487359976702,-0.02901408224091,0.0,0.0,-0.7484098328864501,0.0123868242861486,0.0,0.0,0.0,0.4999999999999817,0.8660254037844491,0.0
control,120.5,0.8662351821194851,0.001750007647171,0.0373565442494073,-0.1358025719248694,0.0,0.0,-0.7469068247267319,0.0504754483698857,0.0,0.0,0.0,0.8660254037844225,0.500000000000028,0.0
control,120.75,0.7904367664599449,0.122797534565341,0.2229170396198773,1.2115776339614477,0.0,0.0,-0.7245945685552,0.1400385569860508,0.0,0.0,0.0,1.0,1.5187477251336943e-14,0.0
control,121.0,0.7542856724847002,0.5967775581526383,0.6577691784989096,0.2046113109197956,0.0,0.0,-0.0977792454161661,2.741822812470851,0.0,0.0,0.0,0.8660254037844518,-0.4999999999999771,0.0
control,121.25,0.7429565676520898,0.609400475275449,0.6235639107819559,-0.4444561005393176,0.0,0.0,0.151332362732887,1.1161841141780595,1.0,1.0,2.0,0.5000000000000326,-0.8660254037844198,0.0
control,121.5,0.7500744199106195,-0.1411357745286839,-0.089015519586874,-0.8106666601940106,0.0,0.0,-0.334621095681931,-2.047539647451063,1.0,0.0,2.0,2.0577780109495062e-14,-1.0,0.0
control,121.75,0.7554527270441396,0.5495530975805667,0.5194409312997805,0.6505210833196075,0.0,0.0,-0.5399084786362999,-0.8395514401373638,1.0,0.0,2.0,-0.4999999999999724,-0.8660254037844546,0.0
control,122.0,0.8013528604649596,0.9085649441089272,0.9473668255910618,-0.575119605788225,0.0,0.0,-0.711297367070085,-0.6936521483922752,1.0,0.0,2.0,-0.8660254037844313,-0.5000000000000128,0.0
control,122.25,0.8259400836858068,0.7148308610923174,0.7162460244574764,-0.9978801288804214,0.0,0.0,-0.7750118703018302,-0.2302210502788668,0.0,0.0,0.0,-1.0,-2.596808296765318e-14,0.0
control,122.5,0.8650452518134637,0.5333220951109571,0.47903649695492,-1.403098563092153,0.0,0.0,-0.759839831323471,0.1093070260988184,0.0,0.0,0.0,-0.866025403784443,0.4999999999999923,0.0
control,122.75,-1.329375293809013,0.6040056390812829,0.5779597338706733,8.501332810291204,1.0,1.0,-0.7428927271028298,0.1169469158730681,0.0,0.0,0.0,-0.500000000000042,0.8660254037844144,0.0
control,123.0,-1.3245958078684263,-1.202891394575855,-1.2118999325290098,-1.0818335792845537,0.0,0.0,0.0411376145028719,3.4184770465416245,0.0,0.0,0.0,-3.13583858258113e-14,1.0,0.0
control,123.25,-1.348158476965211,-1.389043482242008,-1.4179622253029152,-0.7088890892231681,0.0,0.0,2.749838278551576,11.70226784193268,0.0,0.0,0.0,0.4999999999999877,0.8660254037844457,0.0
control,123.5,-1.3662621687275252,-1.4353551055751224,-1.474676861990081,-1.3244976740750387,0.0,0.0,3.8440004423218666,4.753285976594609,0.0,0.0,0.0,0.8660254037844117,0.5000000000000466,0.0
control,123.75,-1.3619436325042136,-1.1059555848790852,-1.2088861986121189,-0.4293531415001281,0.0,0.0,2.6774286679542416,-4.976924319267445,0.0,0.0,0.0,1.0,3.6748688683969426e-14,0.0
control,124.0,-1.3592008746982494,-1.358236965565649,-1.387029951086529,-0.487203175663832,0.0,0.0,0.7640214798312823,-8.191307714697869,0.0,0.0,0.0,0.8660254037844485,-0.499999999999983,0.0
control,124.25,-1.3400039301226276,-1.4120889482791752,-1.4563498333392275,-0.8521503332858821,0.0,0.0,-0.8496711247749915,-6.901334632435877,1.0,1.0,2.0,0.5000000000000021,-0.8660254037844374,0.0
control,124.5,-1.3210680299975643,-1.3469947724797051,-1.39999671126052,-1.6191253144265727,0.0,0.0,-0.9027313293509333,-0.1843648950157324,1.0,0.0,2.0,4.2138991542127545e-14,-1.0,0.0
control,124.75,-1.0270098658996991,-0.7077859233733039,-0.7494967760133472,0.1747619322390206,0.0,0.0,-0.9235155907546012,-0.0454490724744077,1.0,0.0,2.0,-0.4999999999999783,-0.8660254037844511,0.0
control,125.0,0.9012249761966844,0.6075024685090851,0.6598700580687942,6.41865040020631,1.0,1.0,-0.910090612259551,0.1017876689487282,1.0,0.0,2.0,-0.8660254037844347,-0.5000000000000068,0.0
control,125.25,0.8062645324365084,-0.3680654614944646,-0.2946445851483479,-0.1739654939387961,0.0,0.0,-0.7124800453689486,0.8945233723070619,0.0,0.0,0.0,-1.0,-4.7529294400285664e-14,0.0
control,125.5,0.777621695224943,-0.1080278980857418,-0.0337758829487702,0.1087891556348659,0.0,0.0,-0.6222681491834229,0.4322789507820874,0.0,0.0,0.0,-0.8660254037844538,0.4999999999999737,0.0
control,125.75,0.7338413797470675,0.5656386925357956,0.644308766787224,-0.1579489181598779,0.0,0.0,-0.6413056623203119,-0.0379310591058417,0.0,0.0,0.0,-0.5000000000000114,0.866025403784432,0.0
control,126.0,0.7085929108028033,0.6428840801496775,0.7360639536313385,0.2957996436133781,0.0,0.0,-0.706109606253571,-0.2349100085643923,0.0,0.0,0.0,-5.2919597258443776e-14,1.0,0.0
control,126.25,0.7543294851660562,0.011519186565565,-0.0281537795355552,0.5357612789829901,0.0,0.0,-0.411680760209672,1.3112297351181557,0.0,0.0,0.0,0.499999999999969,0.8660254037844565,0.0
control,126.5,0.9216414609397888,-0.3818708174607401,-0.4216519151701677,1.3493953248621244,0.0,0.0,0.3772895600931302,3.439738739821399,0.0,0.0,0.0,0.8660254037844294,0.5000000000000161,0.0
control,126.75,1.085251213412605,-0.2599368646432533,-0.2155638775840649,-0.4729584866573885,0.0,0.0,-0.0369928427925145,-1.7390670622163469,0.0,0.0,0.0,1.0,1.4664812557938819e-15,0.0
control,127.0,1.0607999801640495,-0.2562400809127366,-0.1115727916197519,-0.5591143466330936,0.0,0.0,-0.8432498859936349,-3.426127895237643,0.0,0.0,0.0,0.8660254037844592,-0.4999999999999643,0.0
control,127.25,1.0449878355775546,-0.2556171090012933,-0.2270826867254419,-0.4265720258249375,0.0,0.0,-0.8821312499855304,-0.1233390934798345,1.0,1.0,5.0,0.5000000000000208,-0.8660254037844266,0.0
control,127.5,0.9932047092839388,0.6191960781804162,0.4715338815226271,-0.8713454793232243,0.0,0.0,-0.9021481313442068,-0.042146264882301,1.0,0.0,5.0,6.856784113952001e-15,-1.0,0.0
control,127.75,0.8636915853146776,0.163108054415967,0.1121899035220497,0.6443788388629481,0.0,0.0,-0.8703658056420751,0.1807977841090218,1.0,0.0,5.0,-0.4999999999999597,-0.8660254037844619,0.0
control,128.0,0.66378499752682,0.3261451869777569,0.3633992832636089,0.161475894428822,0.0,0.0,-0.4927085285835557,1.6694453228550887,1.0,0.0,5.0,-0.8660254037844239,-0.5000000000000254,0.0
control,128.25,0.4508206855999179,-0.2337927860275063,-0.2094128992007874,0.3506754918274046,0.0,0.0,-0.1583304654910177,1.4831713672053286,0.0,0.0,0.0,-1.0,-1.2247086972110121e-14,0.0
control,128.5,0.2681164091694825,-0.4575872491256233,-0.402830621043993,0.5729194846254753,0.0,0.0,-0.1510968205211204,0.0751401381644659,0.0,0.0,0.0,-0.8660254037844646,0.499999999999955,0.0
control,128.75,0.2074308968713654,-0.9775409083099832,-0.8439710833379328,0.6617990297281033,0.0,0.0,-0.1122693915893516,0.2111199440164755,0.0,0.0,0.0,-0.5000000000000301,0.8660254037844213,0.0
control,129.0,0.191546587550858,-0.6741633830114884,-0.7343836183380719,0.3663594262394711,0.0,0.0,-0.0241647527094679,0.4232093046881839,0.0,0.0,0.0,-1.763738983026824e-14,1.0,0.0
control,129.25,0.159207889764725,0.1484323851175652,-0.0206264833895759,0.0900541855624894,0.0,0.0,0.1231827853306042,0.6781910420968684,0.0,0.0,0.0,0.4999999999999504,0.8660254037844674,0.0
control,129.5,0.2039506738491477,-0.282504523637591,-0.2764664930203077,0.4748287630721969,0.0,0.0,0.1112218416182453,-0.0074734685365332,0.0,0.0,0.0,0.8660254037844186,0.5000000000000347,0.0
control,129.75,0.3302567649166013,-0.4382701363683809,-0.4349006860803516,-0.4145987285275661,0.0,0.0,0.0702345440198979,-0.1324030423657339,0.0,0.0,0.0,1.0,2.3027692688426363e-14,0.0
control,130.0,0.4406333697434125,-0.5738235863677471,-0.5529427151340841,0.6582858685758209,0.0,0.0,0.1775701049673164,0.5059792904630567,0.0,0.0,0.0,0.8660254037844416,-0.4999999999999949,0.0
control,130.25,0.449476089465631,-0.3267206982420709,-0.2120074233967075,-0.1432073739118987,0.0,0.0,0.0030832967719946,-0.7069856107033184,1.0,1.0,4.0,0.5000000000000394,-0.8660254037844158,0.0
control,130.5,0.4322021269174508,-0.3992728970654482,-0.2897894211662087,-0.470367292133417,0.0,0.0,-0.2440502883695397,-1.0196577058484264,1.0,0.0,4.0,2.8417995546584478e-14,-1.0,0.0
control,130.75,0.3375925567408973,-0.5245040073595139,-0.4322554502749858,0.6494156888971879,0.0,0.0,1.8966156252872528,9.257443405306018,1.0,0.0,4.0,-0.4999999999999902,-0.8660254037844443,0.0
control,131.0,0.3112679504865233,-0.2238370274459191,-0.19118532273755,0.6884365183066262,0.0,0.0,3.2973180341333466,6.072636740705045,1.0,0.0,4.0,-0.8660254037844132,-0.5000000000000442,0.0
control,131.25,0.3243977053917697,0.2561534384010574,0.1925604267488057,0.5752281843999303,0.0,0.0,1.4681162439635498,-7.828887256319701,0.0,0.0,0.0,-1.0,-3.3808298404742594e-14,0.0
control,131.5,0.3196041476220366,-0.2580925740811894,-0.298622599028469,-0.3790048690198929,0.0,0.0,0.5946409306454166,-3.71543566955332,0.0,0.0,0.0,-0.8660254037844469,0.4999999999999855,0.0
control,131.75,0.310079415678447,-0.2823828365938274,-0.3793836010169857,0.1236515866569367,0.0,0.0,1.7398515957233904,4.972998984230293,0.0,0.0,0.0,-0.5000000000000488,0.8660254037844105,0.0
control,132.0,0.2967355817129546,-0.5548250476192881,-0.5603507661396758,0.3079177269540798,0.0,0.0,3.571386564372246,7.926942255593857,0.0,0.0,0.0,-3.919860126290071e-14,1.0,0.0
control,132.25,0.3139000657727356,-0.3606933056918783,-0.4072541093359647,0.413176455355447,0.0,0.0,3.975567797999272,1.7836045659823223,0.0,0.0,0.0,0.4999999999999809,0.8660254037844497,0.0
control,132.5,0.318645756846551,0.0375559265958425,-0.0720201871823403,1.401618197370279,0.0,0.0,5.383599260908609,6.104181026435477,0.0,0.0,0.0,0.8660254037844362,0.5000000000000042,0.0
control,132.75,0.2953416139777671,-0.0233876606641416,0.0649349727140181,-0.1511127803434921,0.0,0.0,5.546209384391419,0.7438812869819988,0.0,0.0,0.0,1.0,4.458890412105883e-14,0.0
control,133.0,0.3117297672731886,-0.0044695903402589,0.0370645587545301,-0.3307610396770189,0.0,0.0,3.9631499660355543,-6.769489243989019,0.0,0.0,0.0,0.8660254037844524,-0.4999999999999762,0.0
control,133.25,0.3203117298313576,-0.4625134426432501,-0.4344682026249614,1.001621267378628,0.0,0.0,3.261902200459188,-2.974167433606763,1.0,1.0,5.0,0.5000000000000089,-0.8660254037844335,0.0
control,133.5,0.319489395267803,-0.5572764478184463,-0.4736472685318599,0.7814736294775934,0.0,0.0,2.863964380779493,-1.6687198934897567,1.0,0.0,5.0,4.997920697921696e-14,-1.0,0.0
control,133.75,0.3192697677077272,-0.5129714968894169,-0.5066632035160559,1.0894014719954717,0.0,0.0,3.882536937961393,4.427947927796024,1.0,0.0,5.0,-0.4999999999999716,-0.866025403784455,0.0
control,134.0,0.3214343681100642,-0.6232911905244378,-0.5929166292416619,0.24495960001844,0.0,0.0,3.1236400211436397,-3.2222896719178578,1.0,0.0,5.0,-0.8660254037844308,-0.5000000000000135,0.0
control,134.25,0.3193258830989667,-0.7800344634081062,-0.7509160318471939,-0.4638275182241694,0.0,0.0,1.3169126602424566,-7.732157199158174,0.0,0.0,0.0,-1.0,-5.5369509837375076e-14,0.0
control,134.5,0.3451553771021002,-0.3115231468251969,-0.4299838945393507,0.2146484946226981,0.0,0.0,0.6873025121396831,-2.665838765932263,0.0,0.0,0.0,-0.8660254037844577,0.4999999999999669,0.0
control,134.75,0.3404468300901271,-0.7510517926893054,-0.7431257332916638,0.5208038104333217,0.0,0.0,0.4676362855577764,-0.9014380557832976,0.0,0.0,0.0,-0.5000000000000182,0.8660254037844282,0.0
control,135.0,0.3236368315347846,-0.329024229468477,-0.2632950755478804,2.3924659335721823,0.0,0.0,0.4090698907129473,-0.2080635657622037,0.0,0.0,0.0,-3.916393834725177e-15,1.0,0.0
control,135.25,0.3214398667441018,0.0055788142525959,-0.02637456692621,0.8084377698851141,0.0,0.0,0.2795611727647747,-0.5133996829530159,0.0,0.0,0.0,0.4999999999999622,0.8660254037844605,0.0
control,135.5,0.3358298396516081,0.4077645387883323,0.1281592550805807,0.7790359564900763,0.0,0.0,0.129345263567055,-0.6025235387485743,0.0,0.0,0.0,0.8660254037844254,0.5000000000000229,0.0
control,135.75,0.3286678829596197,-0.0112319426955812,-0.1067368517289128,2.639333785420266,0.0,0.0,0.1694722170431014,0.2167131042230546,0.0,0.0,0.0,1.0,9.306696692883296e-15,0.0
control,136.0,0.3351636921951421,-0.1999811739559727,-0.0688297765579676,-1.0045181010369166,0.0,0.0,0.3861649183652117,0.9766529753444771,0.0,0.0,0.0,0.8660254037844631,-0.4999999999999576,0.0
control,136.25,0.3419843324177012,0.3948816270721821,0.2204049161923829,-0.3919691068643401,0.0,0.0,0.8060050350058438,1.8510004776154236,1.0,1.0,7.0,0.5000000000000275,-0.8660254037844227,0.0
control,136.5,0.3431542866358038,-0.4199798361673436,-0.5607963261962479,1.258062282683264,0.0,0.0,0.9974786359938288,0.8681098400449734,1.0,0.0,7.0,1.4696999551041415e-14,-1.0,0.0
control,136.75,0.3514271452827134,-0.6463894227705904,-0.6126949295373876,0.8745662046694583,0.0,0.0,0.9633521005893128,-0.1028742872080771,1.0,0.0,7.0,-0.4999999999999528,-0.8660254037844658,0.0
control,137.0,0.3492314933764975,-0.5000596273756824,-0.5733800806389372,1.7869033971643378,0.0,0.0,0.7691912725573036,-0.7916626915161132,1.0,0.0,7.0,-0.8660254037844201,-0.5000000000000322,0.0
control,137.25,0.3394510377369144,0.1030996534017965,-0.0381952236307216,0.2081160466387952,0.0,0.0,0.1954487739936678,-2.42538411995164,0.0,0.0,0.0,-1.0,-2.008730240919953e-14,0.0
control,137.5,0.3537438921743559,-1.055195361542848,-1.1343585403153609,1.375006338609601,0.0,0.0,-0.0608896813141269,-1.0592755135669196,0.0,0.0,0.0,-0.8660254037844686,0.4999999999999482,0.0
control,137.75,0.3683994383884207,-1.1883746739011571,-1.1388988035727698,0.5565694897405508,0.0,0.0,0.0614749272983695,0.5706643875728002,0.0,0.0,0.0,-0.5000000000000369,0.8660254037844174,0.0
control,138.0,0.3390783623819258,-0.7101091765607619,-0.7118892233759071,0.7268811683642196,0.0,0.0,0.0324479427177705,-0.0809257946879806,0.0,0.0,0.0,-2.547760526735765e-14,1.0,0.0
control,138.25,0.3147579345517021,-0.7148440248505988,-0.7304342933460067,-0.0863237782444078,0.0,0.0,-0.0314140885226718,-0.2308560115739295,0.0,0.0,0.0,0.4999999999999928,0.8660254037844428,0.0
control,138.5,0.2964154656483084,-0.3529773189469227,-0.4648128597892826,-0.2857879348108,0.0,0.0,-0.1851361648479852,-0.6176140997864755,0.0,0.0,0.0,0.8660254037844146,0.5000000000000416,0.0
control,138.75,0.3221954868304226,-0.2811630829353674,-0.354199520323127,-0.9413674472759654,0.0,0.0,-0.3033154924678437,-0.4646379297193738,0.0,0.0,0.0,1.0,3.0867908125515775e-14,0.0
control,139.0,0.3217259832689434,-0.1829925675954341,-0.1610610778998333,0.2766086519734718,0.0,0.0,-0.4343685362666519,-0.5200464692194252,0.0,0.0,0.0,0.8660254037844455,-0.4999999999999881,0.0
control,139.25,0.3117178895389454,0.225159248243414,0.2788014487104021,0.0911298277439019,0.0,0.0,-0.6044372854720169,-0.6879702624809573,1.0,1.0,10.0,0.5000000000000463,-0.866025403784412,0.0
control,139.5,0.3091993819265171,-0.3914357312154222,-0.49056329149277,2.063751848165143,0.0,0.0,-0.3895348866500146,0.9689475043355332,1.0,0.0,10.0,3.6258210983673894e-14,-1.0,0.0
control,139.75,0.3227259621159917,-0.8007227899552407,-0.8453897793255354,3.713180116586736,0.0,0.0,-0.1613719584258717,1.026020889903215,1.0,0.0,10.0,-0.4999999999999834,-0.8660254037844481,0.0
control,140.0,0.3266425778129775,-0.7599850045758655,-0.7886624212374801,2.359505543016576,0.0,0.0,-0.0799371316373862,0.3945023997364926,1.0,0.0,10.0,-0.8660254037844093,-0.500000000000051,0.0
control,140.25,0.3364965654024223,-0.551096779633054,-0.5631451235807293,1.268565361459144,0.0,0.0,-0.2184434905998162,-0.5521255753539188,0.0,0.0,0.0,-1.0,-4.164851384183201e-14,0.0
control,140.5,0.3302256866191674,-0.74361160575343,-0.7552669694186551,-0.2449997506374062,0.0,0.0,-0.3729312782543425,-0.6209097252174374,0.0,0.0,0.0,-0.8660254037844509,0.4999999999999788,0.0
control,140.75,0.2818473676617478,-0.2341060859447547,-0.2873057858875151,0.8782423787490639,0.0,0.0,-0.4507947471915813,-0.2911182701864814,0.0,0.0,0.0,-0.5000000000000063,0.8660254037844349,0.0
control,141.0,0.2477139761603406,0.340314797902808,0.1317747497543432,0.4623449797186796,0.0,0.0,-0.5749921418376593,-0.4905397206165104,0.0,0.0,0.0,-4.703881669999013e-14,1.0,0.0
control,141.25,0.235182487225912,-0.573839153937624,-0.5435324094479634,-0.2251274152957646,0.0,0.0,-0.589539013580516,-0.0186033158494958,0.0,0.0,0.0,0.4999999999999741,0.8660254037844536,0.0
control,141.5,0.2271006867608807,-0.162142486850238,-0.2927868930981598,-0.9958145059416204,0.0,0.0,-0.6649371956224486,-0.2805076629291229,0.0,0.0,0.0,0.8660254037844323,0.500000000000011,0.0
control,141.75,0.2012668812272952,-0.5558815091461966,-0.4882992490556174,-0.7011572491270006,0.0,0.0,-0.7533355332254602,-0.3364603981689051,0.0,0.0,0.0,1.0,5.242911955814826e-14,0.0
control,142.0,0.1559257872603823,0.2190585037843651,0.1973917505378011,0.4401679179628955,0.0,0.0,-0.8356390209813964,-0.3102281336227305,0.0,0.0,0.0,0.8660254037844562,-0.4999999999999694,0.0
control,142.25,0.0734464955212883,-0.5419823683507455,-0.5604791836826556,0.722192162764937,0.0,0.0,-0.8830477673293886,-0.1600409902392505,1.0,1.0,2.0,0.5000000000000157,-0.8660254037844296,0.0
control,142.5,-0.013639355030085,-0.7433179401505754,-0.8084636139244427,1.1154497940577486,0.0,0.0,-0.8611796860206254,0.1381268261317625,1.0,0.0,2.0,5.781942241630636e-14,-1.0,0.0
control,142.75,-0.0744242617623788,-0.4311445458139618,-0.3231403034565536,-0.608884246149538,0.0,0.0,-0.7785731887234901,0.3995452755275343,1.0,0.0,2.0,-0.4999999999999648,-0.866025403784459,0.0
control,143.0,-0.1080518615458698,-0.7772270802679828,-0.7510801461224548,-0.3881197616236964,0.0,0.0,-0.2355440508503897,2.381206647617286,1.0,0.0,2.0,-0.8660254037844269,-0.5000000000000203,0.0
control,143.25,-0.1696800755012364,-1.1095755831079928,-1.1151832863492752,-0.6841991406335767,0.0,0.0,0.0826747089610302,1.4136216442116534,0.0,0.0,0.0,-1.0,-6.366306413656472e-15,0.0
control,143.5,-0.2496795919524738,-1.1648651831057266,-1.2079251433991505,-0.023465353695584,0.0,0.0,0.0260671100692045,-0.199632898080404,0.0,0.0,0.0,-0.8660254037844617,0.4999999999999601,0.0
control,143.75,-0.3485028819434713,-0.8945809593223931,-0.9476844008360922,2.8441913046793603,0.0,0.0,-0.221652142706716,-1.022178422306884,0.0,0.0,0.0,-0.500000000000025,0.8660254037844242,0.0
control,144.0,-0.3673188094355885,-0.9835781360251228,-0.9662263410164308,-0.3593814039280774,0.0,0.0,-0.6325758346451806,-1.7246111533242132,0.0,0.0,0.0,-1.1756609271814592e-14,1.0,0.0
control,144.25,-0.3684580180429639,-1.0889102864466649,-1.1188277160270823,-0.2669024309905347,0.0,0.0,-0.6758677192376228,-0.1423219964360746,0.0,0.0,0.0,0.4999999999999554,0.8660254037844644,0.0
control,144.5,-0.3920313409292607,-0.835812327455672,-0.9114080489074188,-0.0107582749683547,0.0,0.0,-0.6348003335321498,0.2207607292916037,0.0,0.0,0.0,0.8660254037844215,0.5000000000000298,0.0
control,144.75,-0.3726834652500082,-1.2659409887475346,-1.261158695684158,-0.7585043196213301,0.0,0.0,-0.6268471404561121,0.0782370768500068,0.0,0.0,0.0,1.0,1.7146912129972712e-14,0.0
control,145.0,-0.3989391435813424,-0.4667550230845183,-0.4799157376903671,0.1741480415410957,0.0,0.0,2.3672378551420814,12.930563447300443,0.0,0.0,0.0,0.866025403784467,-0.4999999999999507,0.0
control,145.25,-0.486608446985874,-0.6419891381161761,-0.6730074171780651,1.3392806027642508,0.0,0.0,4.929295941116688,11.07111744474636,1.0,1.0,9.0,0.5000000000000344,-0.8660254037844188,0.0
control,145.5,-0.6051018945335818,-0.6649240782306562,-0.6912848247625575,0.5171319598543633,0.0,0.0,3.533640359512877,-5.962902183438754,1.0,0.0,9.0,2.2537214988130828e-14,-1.0,0.0
control,145.75,-0.6466230983013578,-0.9057747329425236,-0.8262899429253423,-0.1296563983538541,0.0,0.0,1.398581822645662,-9.14529623995506,1.0,0.0,9.0,-0.4999999999999953,-0.8660254037844414,0.0
control,146.0,-0.599630703056838,-0.6280265858703288,-0.6745215325372056,-0.4384578193526043,0.0,0.0,-0.00759743197922,-6.008196125309797,1.0,0.0,9.0,-0.8660254037844162,-0.5000000000000391,0.0
control,146.25,-0.5459884333708488,-1.0809868145539303,-1.0572761606948844,-0.0519415900769967,0.0,0.0,-0.2884631875171678,-1.1648411377224568,0.0,0.0,0.0,-1.0,-2.7927517846288947e-14,0.0
control,146.5,-0.4752377726883479,-0.5898980519664107,-0.562035308844125,-0.1227524840759773,0.0,0.0,-0.4797215558571763,-0.7791704903322387,0.0,0.0,0.0,-0.866025403784444,0.4999999999999907,0.0
control,146.75,-0.4601671264932263,-0.3607936778412928,-0.2817387884107581,-0.8775036007837504,0.0,0.0,-0.6757502820150793,-0.7997021344906203,0.0,0.0,0.0,-0.5000000000000437,0.8660254037844134,0.0
control,147.0,-0.4801167490733719,-0.2925275468857145,-0.3866750387304155,-0.4162576001521499,0.0,0.0,-0.3980022014586135,1.2394356361529455,0.0,0.0,0.0,-3.3317820704447075e-14,1.0,0.0
control,147.25,-0.4692418367709188,-0.5427753076546491,-0.5815664927797664,0.1902453139576959,0.0,0.0,0.1839555654307133,2.5487556636547377,0.0,0.0,0.0,0.499999999999986,0.8660254037844467,0.0
control,147.5,-0.4613672465391814,-1.1431808900258995,-1.164415950393308,-0.1200117202097591,0.0,0.0,0.1521441151613904,-0.0929101490853901,0.0,0.0,0.0,0.8660254037844107,0.5000000000000484,0.0
control,147.75,-0.4221393482746402,-0.4554891059985679,-0.5996162016227867,-0.8690434817515607,0.0,0.0,-0.1985697366785778,-1.4654676972299752,0.0,0.0,0.0,1.0,3.8708123562605194e-14,0.0
control,148.0,-0.3619808414960065,-1.0984190584208613,-1.1056517696001262,-0.5414765952639443,0.0,0.0,-0.3784979925572398,-0.7304056290343752,0.0,0.0,0.0,0.8660254037844494,-0.4999999999999813,0.0
control,148.25,-0.3347084524833261,-0.7917060102477227,-0.8115620715358111,-0.9895954645767848,0.0,0.0,3.6604457108844617,17.427640606744497,1.0,1.0,3.0,0.5000000000000531,-0.8660254037844081,0.0
control,148.5,-0.3126999427497221,-0.3855172499703781,-0.3368158289395396,-0.925069999439433,0.0,0.0,6.199224158124308,10.970921761972878,1.0,0.0,3.0,4.4098426420763313e-14,-1.0,0.0
control,148.75,-0.30313566053371,-0.7595495979110057,-0.739819120469876,-0.880891886152384,0.0,0.0,4.983906649953923,-5.186726203923379,1.0,0.0,3.0,-0.4999999999999767,-0.8660254037844521,0.0
control,149.0,-0.1893866827200073,-1.0327212676728788,-1.0507037308017184,0.523019827289004,0.0,0.0,2.75336536494507,-9.556254470541989,1.0,0.0,3.0,-0.8660254037844337,-0.5000000000000084,0.0
control,149.25,-0.1169463136793859,-0.4420076351912245,-0.4993328869922252,-0.3907680334032186,0.0,0.0,-0.2839792304190399,-13.028739996025962,0.0,0.0,0.0,-1.0,-4.948872927892143e-14,0.0
control,149.5,0.0279751439155004,-0.3194640668667258,-0.2294515670528259,-0.505172659611228,0.0,0.0,-0.5664475450179108,-1.1717385600202637,0.0,0.0,0.0,-0.8660254037844548,0.4999999999999719,0.0
control,149.75,0.1717898041800999,-0.0337932955446974,0.0027296906955312,-0.7837413641909553,0.0,0.0,0.6514194493671068,5.285712192784698,0.0,0.0,0.0,-0.5000000000000131,0.866025403784431,0.0
control,150.0,0.3602585231418921,-0.6890971913241503,-0.7433644375340325,0.4039184749450631,0.0,0.0,3.097206310218521,10.570685504162483,0.0,0.0,0.0,-5.4879032137079545e-14,1.0,0.0
control,150.25,0.4523285654135036,-0.7236800104545091,-0.6922521855328102,-0.1813268912539598,0.0,0.0,4.182277184041356,4.714157018711904,0.0,0.0,0.0,0.4999999999999673,0.8660254037844575,0.0
control,150.5,0.4271189969978327,-0.5165859272047482,-0.4776970361855406,0.1890805515066233,0.0,0.0,3.4036050085657497,-3.307402485128628,0.0,0.0,0.0,0.8660254037844284,0.5000000000000178,0.0
control,150.75,0.3445800330223381,0.0087567796730092,-0.0402184802073262,-0.0686509635354946,0.0,0.0,2.3904085788066887,-4.316796060888285,0.0,0.0,0.0,1.0,6.026933499523767e-14,0.0
control,151.0,0.2929505357950404,-0.1255601064570551,-0.198961777194689,-0.0085890575689713,0.0,0.0,1.1276193179893703,-5.391044867245727,0.0,0.0,0.0,0.8660254037844602,-0.4999999999999626,0.0
control,151.25,0.2677349924153594,-0.0252807648077592,0.1108746011836676,0.3011299489135863,0.0,0.0,0.1952688893887214,-3.968834463293662,1.0,1.0,1.0,0.5000000000000225,-0.8660254037844257,0.0
control,151.5,0.2915432680340996,-0.2830596997085788,-0.2060411080187798,1.838578563367435,0.0,0.0,-0.0953938660173965,-1.2070074746706896,1.0,0.0,1.0,8.816218992587766e-15,-1.0,0.0
control,151.75,0.3565244951403269,-0.0693121253285185,-0.0276484571725897,1.225886300914062,0.0,0.0,-0.2805525678842004,-0.7529174950028618,1.0,0.0,1.0,-0.499999999999958,-0.8660254037844629,0.0
control,152.0,0.427292504653282,-0.4303914198419846,-0.4200891995699969,0.5130067935825366,0.0,0.0,-0.2934141687983113,-0.0113499016849415,1.0,0.0,1.0,-0.8660254037844229,-0.5000000000000272,0.0
control,152.25,0.4414266131986019,0.0584132167170102,-0.031325796371963,1.389709570643841,0.0,0.0,-0.2037674283998497,0.4298465174181746,0.0,0.0,0.0,-1.0,-1.4206521850745884e-14,0.0
control,152.5,0.4412293255138993,0.3479447259567848,0.254173447065152,0.1259504514301964,0.0,0.0,-0.1916431376854842,0.096189502166775,0.0,0.0,0.0,-0.8660254037844656,0.4999999999999533,0.0
control,152.75,0.4308639240244184,0.8453770562111785,0.7327768308503502,0.0660149746993267,0.0,0.0,-0.1705844056705836,0.1346433826803952,0.0,0.0,0.0,-0.5000000000000319,0.8660254037844203,0.0
control,153.0,0.4408913679149894,-0.530676894402082,-0.5459662511688307,-0.2874388919141675,0.0,0.0,2.195581468056056,10.227996373160057,0.0,0.0,0.0,-1.9596824708904003e-14,1.0,0.0
control,153.25,0.4850575783929208,0.1725964011972878,0.253384114686911,0.7131746971990699,0.0,0.0,3.645990419868984,6.28657395285924,0.0,0.0,0.0,0.4999999999999486,0.8660254037844682,0.0
control,153.5,0.5215816491507099,0.6817498721631158,0.6543715700823197,-0.2104706172658865,0.0,0.0,3.080743843293411,-2.3888176287752465,0.0,0.0,0.0,0.8660254037844176,0.5000000000000365,0.0
control,153.75,0.5112460458218876,-0.2661082678696292,-0.2260635712828831,0.137913194306315,0.0,0.0,2.2756096428555312,-3.4212951743096265,0.0,0.0,0.0,1.0,2.4987127567062125e-14,0.0
control,154.0,0.5218796084293151,-0.2019146373112316,-0.1590997962692734,-0.5994985216196627,0.0,0.0,1.4334840400868194,-3.580506356902081,0.0,0.0,0.0,0.8660254037844426,-0.4999999999999932,0.0
control,154.25,0.4745312406377495,-0.0071708581241674,0.0124044772900287,-0.7164032247063228,0.0,0.0,0.7183828347824934,-3.033792708213432,1.0,1.0,5.0,0.5000000000000412,-0.8660254037844148,0.0
control,154.5,0.4506783649046741,-0.1204793310587395,-0.0983741018534194,-0.98072671630761,0.0,0.0,0.7394815077662801,0.1348152888123489,1.0,0.0,5.0,3.0377430425220244e-14,-1.0,0.0
control,154.75,0.5249687318023344,0.010408452954796,0.067982878285591,-0.0315164414488147,0.0,0.0,3.3359536741859674,11.21923582091634,1.0,0.0,5.0,-0.4999999999999885,-0.8660254037844453,0.0
control,155.0,0.6262589934805843,-0.1274049114283673,0.0097283228279693,0.502653702290854,0.0,0.0,4.28556946944774,4.131157675973125,1.0,0.0,5.0,-0.8660254037844122,-0.5000000000000459,0.0
control,155.25,0.6696742891191322,0.2163840508675432,0.4061494083422328,-0.7186133927558194,0.0,0.0,2.712885350465731,-6.724833903045494,0.0,0.0,0.0,-1.0,-3.576773328337836e-14,0.0
control,155.5,0.6328442492966726,-0.0531450843064702,-0.0220108208065384,-0.2900035766537622,0.0,0.0,1.966376093178663,-3.1689731226885502,0.0,0.0,0.0,-0.8660254037844479,0.4999999999999839,0.0
control,155.75,0.5404084414316307,-0.6206386507342635,-0.5828124703500144,-0.686327195834996,0.0,0.0,1.4082330982203903,-2.3582437775917318,0.0,0.0,0.0,-0.5000000000000505,0.8660254037844095,0.0
control,156.0,0.6242092652592345,-0.1784974498817467,-0.1136657666298381,-0.3351453831571548,0.0,0.0,2.5290819137973832,4.868145460849327,0.0,0.0,0.0,-4.115803614153648e-14,1.0,0.0
control,156.25,0.672863348007409,-0.0783368370555492,-0.2340859857456146,-1.0232393932341477,0.0,0.0,3.858832628991613,5.767260292626041,0.0,0.0,0.0,0.4999999999999792,0.8660254037844506,0.0
control,156.5,0.6698301785199947,0.0850166601141521,0.0103942321044876,-0.5385239620806838,0.0,0.0,3.150820360310442,-3.0032818891587354,0.0,0.0,0.0,0.8660254037844068,0.5000000000000552,0.0
control,156.75,0.6436993410627069,0.7547021751792795,0.8473054303340996,0.6469372003617687,0.0,0.0,1.2137092873990167,-8.29332935463071,0.0,0.0,0.0,1.0,4.65483389996946e-14,0.0
control,157.0,0.6165530499886197,0.006642199274568,0.0258198320494176,-0.141758871405341,0.0,0.0,-0.5835186952000544,-7.691271826934484,0.0,0.0,0.0,0.8660254037844534,-0.4999999999999745,0.0
control,157.25,0.5940757474671563,-0.3071541808389854,-0.2865827804107337,-0.7121001321211642,0.0,0.0,-0.6047494208747661,-0.0473706569534831,1.0,1.0,7.0,0.5000000000000107,-0.8660254037844325,0.0
control,157.5,0.5784002239901562,-0.4789206392393177,-0.4553097873147648,-0.1524945847305485,0.0,0.0,-0.5559075617892407,0.2542221020128002,1.0,0.0,7.0,5.1938641857852726e-14,-1.0,0.0
control,157.75,0.6019563707156106,0.3340978151965031,0.596566560918567,-0.2957170494630941,0.0,0.0,-0.6112892456254315,-0.1943565534849775,1.0,0.0,7.0,-0.4999999999999698,-0.866025403784456,0.0
control,158.0,0.6255737183989473,0.6588737679334128,0.7276712440199449,-0.3254823744379138,0.0,0.0,-0.613371524906122,0.0350443531057418,1.0,0.0,7.0,-0.8660254037844298,-0.5000000000000153,0.0
control,158.25,0.6643997921474256,0.0976604162512783,0.0855275250054329,-0.6131496402234184,0.0,0.0,-0.3805591634822693,1.0460320738937563,0.0,0.0,0.0,-1.0,-5.732894471601083e-14,0.0
control,158.5,0.7112368621443865,0.7442443034989104,0.6076283585488714,0.9239658391770124,0.0,0.0,0.4848383374610961,3.7686817115737674,0.0,0.0,0.0,-0.8660254037844587,0.4999999999999652,0.0
control,158.75,0.6872774574473786,-0.4744748230458074,-0.433178022145832,-0.1590874390045241,0.0,0.0,0.4793071504389418,0.0202002367551413,0.0,0.0,0.0,-0.50000000000002,0.8660254037844272,0.0
control,159.0,0.7620382373990476,0.6025322919742359,0.7660364311618675,0.5106057454929909,0.0,0.0,-0.4378515086314956,-3.903449010453961,0.0,0.0,0.0,-6.271924757416895e-14,1.0,0.0
control,159.25,0.8286415764314631,0.3759972686399596,0.3485455636735832,0.1816437506390047,0.0,0.0,-0.7158991010941719,-1.1527117496030344,0.0,0.0,0.0,0.4999999999999605,0.8660254037844615,0.0
control,159.5,0.8355394803514579,0.3015472554022512,0.3274845150602243,0.7919420630553736,0.0,0.0,-0.8349080520866551,-0.4682086329082013,0.0,0.0,0.0,0.8660254037844245,0.5000000000000246,0.0
control,159.75,0.8004184008046359,-0.4388787277628198,-0.3697647629830725,-0.4890071854984737,0.0,0.0,-0.8662617356330884,-0.0909399187964461,0.0,0.0,0.0,1.0,1.1266131571519062e-14,0.0
control,160.0,0.821886177040309,0.1667811770873864,0.0514120499501993,0.6824004773621976,0.0,0.0,-0.905319904127638,-0.1241000609528559,0.0,0.0,0.0,0.8660254037844641,-0.4999999999999558,0.0
control,160.25,0.8239167746594249,0.1970342503312022,0.2555506011413292,-0.0497278629811123,0.0,0.0,-0.9481339641873988,-0.1402654372324117,1.0,1.0,10.0,0.5000000000000293,-0.8660254037844217,0.0
control,160.5,-0.5782660946817447,0.3845721731853412,0.3880655107156036,5.878389226723915,1.0,1.0,-0.9503509170119446,0.0344647174923258,1.0,0.0,10.0,1.665643442967718e-14,-1.0,0.0
control,160.75,-1.2113383769017534,-0.9507848089049272,-1.0249429979878475,-0.3597960032249929,0.0,0.0,-0.94330280612855,0.0743415985184389,1.0,0.0,10.0,-0.4999999999999512,-0.8660254037844668,0.0
control,161.0,-1.2264204687849527,-0.9112066254235344,-0.9436944078095982,-0.0746136031444345,0.0,0.0,-0.9296618386550493,0.1027172866036248,1.0,0.0,10.0,-0.8660254037844191,-0.500000000000034,0.0
control,161.25,-1.20266350283466,-0.8741463459291352,-0.924112651399568,-0.7466144903610918,0.0,0.0,-0.8786441193048343,0.2635870155891743,0.0,0.0,0.0,-1.0,-2.20467372878353e-14,0.0
control,161.5,-1.1940089594980288,-0.8607452908995336,-0.9088804769698536,-1.0186636465299397,0.0,0.0,-0.8109170942217755,0.3355039519148802,0.0,0.0,0.0,-0.8660254037844695,0.4999999999999465,0.0
control,161.75,-1.2093937170231663,-0.8555175697591936,-0.8266252385201228,-0.7404440655793495,0.0,0.0,-0.802753560943873,0.0791423821419272,0.0,0.0,0.0,-0.5000000000000386,0.8660254037844164,0.0
control,162.0,-1.2232916135386958,-1.2097961626957043,-1.2386840753437267,-0.9303438458026216,0.0,0.0,-0.8366058096785757,-0.1016937559949119,0.0,0.0,0.0,-2.7437040145993422e-14,1.0,0.0
control,162.25,-1.2484482047589125,-1.0859614751842053,-1.1216581145824822,-1.0594575976599403,0.0,0.0,-0.8418407001272963,0.0214754987047315,0.0,0.0,0.0,0.4999999999999911,0.8660254037844438,0.0
control,162.5,-1.2250493217206966,-1.1156335766025205,-1.1534010196744084,-1.1012465848523585,0.0,0.0,-0.4898169292527614,1.5591185826833165,0.0,0.0,0.0,0.8660254037844136,0.5000000000000433,0.0
control,162.75,-1.1837080876941997,-0.8225325606482917,-0.8235829007588971,-0.7681427708977641,0.0,0.0,-0.2999127805590423,0.8613549094381862,0.0,0.0,0.0,1.0,3.2827343004151544e-14,0.0
control,163.0,-1.172544477381772,-0.9495962350919672,-0.9880939390071016,-1.1964775522646676,0.0,0.0,2.864645803330655,13.66428263290828,0.0,0.0,0.0,0.8660254037844465,-0.4999999999999864,0.0
control,163.25,-1.1784305693764046,-0.9718829087146804,-0.9929729738341776,-0.6880120285032748,0.0,0.0,4.581069986123906,7.431504851482729,1.0,1.0,6.0,0.500000000000048,-0.866025403784411,0.0
control,163.5,-1.1887882565532446,-0.6876876736065369,-0.7562245498587932,-0.8603679561973695,0.0,0.0,5.097513981035098,2.2667840579435983,1.0,0.0,6.0,3.8217645862309657e-14,-1.0,0.0
control,163.75,-1.2103447886910292,-0.963205561736034,-1.093334509168299,-0.7643280868422246,0.0,0.0,5.515717292855484,1.8439556613964097,1.0,0.0,6.0,-0.4999999999999817,-0.8660254037844491,0.0
control,164.0,-1.2503074683501745,-1.2069493344570086,-1.2233717578614274,-0.0680003544939878,0.0,0.0,3.823682523242671,-7.2385197065780496,1.0,0.0,6.0,-0.8660254037844083,-0.5000000000000526,0.0
control,164.25,-1.3095162762587915,-1.2829738587120674,-1.3090045954093243,-0.6147091222231353,0.0,0.0,2.6192485939096555,-5.139883225599966,0.0,0.0,0.0,-1.0,-4.3607948720467776e-14,0.0
control,164.5,-1.3445026455979678,-1.0621718993068412,-1.0581829294564131,-0.9864885150048008,0.0,0.0,1.484643010081749,-4.839341673622179,0.0,0.0,0.0,-0.8660254037844518,0.4999999999999771,0.0
control,164.75,-1.3590757971477527,-1.2443891535402882,-1.2662765895150598,-1.0621376779383822,0.0,0.0,0.3935285861912649,-4.652155501440127,0.0,0.0,0.0,-0.5000000000000573,0.8660254037844056,0.0
control,165.0,-1.363002443311836,-1.2791730952028952,-1.3063926892355189,-0.9427183959735316,0.0,0.0,-0.8115531166856487,-5.142671246206857,0.0,0.0,0.0,-4.8998251578625895e-14,1.0,0.0
control,165.25,-1.3907497753509186,-1.1676365996594655,-1.2024556436066394,-1.0548477319251308,0.0,0.0,-0.8223398429181124,-0.0024196305683781,0.0,0.0,0.0,0.4999999999999724,0.8660254037844546,0.0
control,165.5,-1.4246393607087853,-1.3995091850600427,-1.431919554171618,-0.7703172213743081,0.0,0.0,-0.796831965810995,0.1537925256439978,0.0,0.0,0.0,0.8660254037844313,0.5000000000000128,0.0
control,165.75,-1.4410762384661977,-1.2992799849268557,-1.38147677787464,-0.966585339623014,0.0,0.0,-0.8098113890763831,-0.0118570096803316,0.0,0.0,0.0,1.0,5.438855443678401e-14,0.0
control,166.0,-1.4543858023513505,-1.365031098939886,-1.3886714574537349,-1.1036920903990373,0.0,0.0,-0.8234551005428586,-0.0147161094552331,0.0,0.0,0.0,0.8660254037844572,-0.4999999999999677,0.0
control,166.25,-1.4651389044291625,-1.3643092172247815,-1.3930661976575622,-0.6925799076343314,0.0,0.0,-0.8305740852045917,0.0133663476894073,1.0,1.0,9.0,0.5000000000000174,-0.8660254037844286,0.0
control,166.5,-1.469040756874286,-1.3548893909860924,-1.4184583941952766,-1.0280869331176623,0.0,0.0,-0.8496271425164865,-0.0379979613136294,1.0,0.0,9.0,5.977885729494214e-14,-1.0,0.0
control,166.75,-1.4679996871250742,-1.592705786182607,-1.628855519420813,-1.0110099681571232,0.0,0.0,-0.8265753439291976,0.1432215512812366,1.0,0.0,9.0,-0.4999999999999631,-0.8660254037844599,0.0
control,167.0,-1.4497941973229191,-1.2430590824875904,-1.2752619833428291,-1.0823560520720463,0.0,0.0,-0.822834988056497,0.0601050042344808,1.0,0.0,9.0,-0.8660254037844259,-0.5000000000000221,0.0
control,167.25,-1.4408896112693972,-1.260038327129845,-1.3070820937221057,-1.1916942768568968,0.0,0.0,-0.8100218391450662,0.0991543513285449,0.0,0.0,0.0,-1.0,-6.516916015310026e-14,0.0
control,167.5,-1.4260555804960091,-1.287157076207408,-1.315887104077459,-1.034071319815186,0.0,0.0,-0.7591685439648606,0.2628793331304292,0.0,0.0,0.0,-0.8660254037844627,0.4999999999999584,0.0
control,167.75,-1.422399917332784,-1.2651311730565324,-1.300197032539869,-1.1748156772262537,0.0,0.0,-0.7545503318846145,0.0638833017885837,0.0,0.0,0.0,-0.5000000000000268,0.8660254037844233,0.0
control,168.0,-1.4180159493739506,-1.3730422474567714,-1.411759544235132,-1.3070052757287642,0.0,0.0,-0.7340449917388175,0.1322615812788415,0.0,0.0,0.0,-1.3716044150450356e-14,1.0,0.0
control,168.25,-1.4198008437165863,-1.2546077317012143,-1.3197083069257776,-1.248798498838512,0.0,0.0,-0.6809161998801487,0.2726730823352637,0.0,0.0,0.0,0.4999999999999537,0.8660254037844654,0.0
control,168.5,-1.4029886261334432,-1.2099464490094167,-1.2489220705367652,-1.082334185755618,0.0,0.0,-0.6798876677293513,0.0484333012294121,0.0,0.0,0.0,0.8660254037844205,0.5000000000000314,0.0
control,168.75,-1.3922586297802768,-1.2870902265388369,-1.2925958577289884,-1.211273534599931,0.0,0.0,-0.71917578954993,-0.125089781230307,0.0,0.0,0.0,1.0,1.9106347008608474e-14,0.0
control,169.0,-1.4205474258139497,-0.9487182923858912,-0.9777721057163604,-0.7689678820836016,0.0,0.0,-0.750149189762458,-0.0893031774053042,0.0,0.0,0.0,0.866025403784468,-0.4999999999999491,0.0
control,169.25,-1.455643039942133,-1.0223631431449764,-1.0248690390874358,-0.8718983539689084,0.0,0.0,-0.7860472312328846,-0.1104988582692357,1.0,1.0,9.0,0.5000000000000361,-0.8660254037844178,0.0
control,169.5,-1.4454706871727994,-0.8320062780903661,-0.8184334659193119,0.0410386990692382,0.0,0.0,-0.8019806442184618,-0.0245709963659702,1.0,0.0,9.0,2.4496649866766597e-14,-1.0,0.0
control,169.75,-1.4807943167340418,-0.5949116135802741,-0.6036676911867334,-0.7513541057535708,0.0,0.0,-0.8115055500961451,0.0030112506160415,1.0,0.0,9.0,-0.4999999999999444,-0.8660254037844708,0.0
control,170.0,-1.508341939248254,-1.0127110221756292,-1.0714186093409976,-0.9799709062134032,0.0,0.0,-0.8122229347403749,0.0409188665194684,1.0,0.0,9.0,-0.8660254037844152,-0.5000000000000407,0.0
control,170.25,-1.5199563809875212,-0.8606519037154821,-0.9288130553162982,-0.5641939977694579,0.0,0.0,-0.7943773452568981,0.1208140009854027,0.0,0.0,0.0,-1.0,-2.988695272492471e-14,0.0
control,170.5,-1.5231678560383897,-0.8410230439744382,-0.8725087143843052,-0.1684915112226495,0.0,0.0,-0.7823435087829506,0.0958001866588455,0.0,0.0,0.0,-0.866025403784445,0.4999999999999889,0.0
control,170.75,-1.5097255200131368,-1.113844768118288,-1.082345785142238,-1.27296590810264,0.0,0.0,-0.8013431011011245,-0.0377678477104344,0.0,0.0,0.0,-0.5000000000000454,0.8660254037844124,0.0
control,171.0,-1.5182393852486415,-0.8228716022026327,-0.845204386386461,-0.7594626630093994,0.0,0.0,-0.8342939411476371,-0.0978140884450754,0.0,0.0,0.0,-3.527725558308283e-14,1.0,0.0
control,171.25,-1.4838401845084923,-0.8641391823082696,-0.9426383908985446,-0.3087646351037847,0.0,0.0,-0.8771858436935152,-0.1406004716860888,0.0,0.0,0.0,0.4999999999999843,0.8660254037844477,0.0
control,171.5,-1.4673829864403334,-1.005390965526509,-1.0286567939040736,-0.7324791216782855,0.0,0.0,-0.8882656296360772,-0.0036809610418131,0.0,0.0,0.0,0.8660254037844097,0.5000000000000501,0.0
control,171.75,-1.4955455055395437,-0.9237328527316084,-0.9573252654979824,-0.7171654839115328,0.0,0.0,-0.8989830848425366,-0.0021214877223491,0.0,0.0,0.0,1.0,4.066755844124095e-14,0.0
control,172.0,-1.52990858521088,-1.0708921125435449,-1.1321137114517177,-0.8303642334318919,0.0,0.0,-0.9136244303499408,-0.0190099314095943,0.0,0.0,0.0,0.8660254037844504,-0.4999999999999796,0.0
control,172.25,-1.534771434105252,-1.1858917815051708,-1.1998135856722958,-0.6047558051094628,0.0,0.0,-0.8224247153642044,0.4365305278907916,1.0,1.0,2.0,0.5000000000000547,-0.8660254037844071,0.0
control,172.5,-1.535306874386444,-1.1927105209338873,-1.2189665602832471,-1.0860835350995497,0.0,0.0,-0.7453558565595985,0.3757112514675635,1.0,0.0,2.0,4.6057861299399076e-14,-1.0,0.0
control,172.75,-1.5504800617705734,-0.8100286605824585,-0.7741871967553329,0.0012784506337907,0.0,0.0,-0.717636109013395,0.1633124271929771,1.0,0.0,2.0,-0.4999999999999749,-0.8660254037844531,0.0
control,173.0,-1.5826228986291042,-1.1169083996938538,-1.127196652158175,0.810522457342611,0.0,0.0,-0.6512301856649545,0.3298179233720201,1.0,0.0,2.0,-0.8660254037844328,-0.5000000000000102,0.0
control,173.25,-1.5967697136483814,-1.2672767227132502,-1.2870476927817558,-0.6613894223500125,0.0,0.0,-0.5697113690101377,0.3948638925456808,0.0,0.0,0.0,-1.0,-5.1448164157557195e-14,0.0
control,173.5,-1.6148647079232352,-1.3044981267029223,-1.319780070916594,-1.270332164892818,0.0,0.0,-0.5902030450376619,-0.0441897835367106,0.0,0.0,0.0,-0.8660254037844558,0.4999999999999703,0.0
control,173.75,-1.6333121536247228,-1.3950031753415464,-1.4355699417190495,-0.7043168255139852,0.0,0.0,-0.5912218719316713,0.039621457552878,0.0,0.0,0.0,-0.5000000000000149,0.86602540378443,0.0
control,174.0,-1.6855479932206747,-1.4364958669781809,-1.521236466202397,-1.0928622895410025,0.0,0.0,-0.5244198099427795,0.331522906082672,0.0,0.0,0.0,-5.6838467015715314e-14,1.0,0.0
control,174.25,-1.7069111398581431,-1.340115906878501,-1.3801297590310737,-0.4309621942432653,0.0,0.0,-0.5333265641809893,0.0056717783965739,0.0,0.0,0.0,0.4999999999999656,0.8660254037844585,0.0
control,174.5,-1.7181103740699817,-1.5698165927530217,-1.5674044797736824,-0.2612537053100884,0.0,0.0,-0.5749442377596765,-0.1351161837711393,0.0,0.0,0.0,0.8660254037844274,0.5000000000000195,0.0
control,174.75,-1.7075677030347216,-1.5051426835463904,-1.5308525732205251,0.5536726146508474,0.0,0.0,-0.6410139537786141,-0.2403578980185705,0.0,0.0,0.0,1.0,6.222876987387343e-14,0.0
control,175.0,-1.7013061257104376,-1.1137302919211634,-1.2825343273853531,-0.1417544945393498,0.0,0.0,-0.6885522910205669,-0.1605987501018297,0.0,0.0,0.0,0.8660254037844611,-0.499999999999961,0.0
control,175.25,0.0956448115819958,0.7812780004779512,0.4420717589608359,5.435813782738455,0.0,0.0,-0.6794506257541448,0.0831801069619864,1.0,1.0,9.0,0.5000000000000242,-0.8660254037844247,0.0
control,175.5,3.0714348575310497,3.615153867484336,3.3567001295091177,5.706690120303247,1.0,1.0,-0.6447978624836966,0.1931521619107134,1.0,0.0,9.0,6.761907273203155e-14,-1.0,0.0
control,175.75,3.057657341505998,2.213167338383119,2.1870182284988338,-0.3092215601682936,0.0,1.0,-0.6802961874789343,-0.1087784765397908,1.0,0.0,9.0,-0.4999999999999563,-0.8660254037844639,0.0
control,176.0,3.047261144539999,1.6465047396002066,1.6054001891483454,-0.999766380023008,0.0,0.0,-0.7625289779205731,-0.3099238520246786,1.0,0.0,9.0,-0.866025403784422,-0.5000000000000289,0.0
control,176.25,2.754544870054684,2.1692084522089323,2.327269754498617,-0.308580934740624,0.0,1.0,-0.7492981734904803,0.1009519427917643,0.0,0.0,0.0,-1.0,-1.6165956729381652e-14,0.0
control,176.5,2.031649066160421,2.657926060375925,2.681026118077053,0.1498971329408905,0.0,1.0,-0.6921370678552226,0.2900281812096718,0.0,0.0,0.0,-0.8660254037844666,0.4999999999999516,0.0
control,176.75,1.0652204822591165,2.3285680768269086,2.296425539614399,0.5841764865659651,0.0,1.0,-0.6816112633080202,0.089309609624296,0.0,0.0,0.0,-0.5000000000000335,0.8660254037844193,0.0
control,177.0,0.4685562610059862,1.923784098996515,1.9521814073901609,0.2308349679198857,0.0,1.0,-0.6245228512354032,0.2897153077486607,0.0,0.0,0.0,-2.1556259587539768e-14,1.0,0.0
control,177.25,-0.0562797541040224,1.028253867762886,1.0452372814648196,-0.1381535653795075,0.0,0.0,-0.5062832943076033,0.5529101442731847,0.0,0.0,0.0,0.4999999999999469,0.8660254037844692,0.0
control,177.5,-0.5618750647999294,1.1198490812907371,1.0288219485376735,0.8668905363052426,0.0,0.0,-0.5181243383903145,-0.006957419924537,0.0,0.0,0.0,0.8660254037844166,0.5000000000000382,0.0
control,177.75,-0.7697564927869829,0.069490866501128,0.0938441820778692,-0.305497343690629,0.0,0.0,-0.6167606734488665,-0.3805247909620525,0.0,0.0,0.0,1.0,2.6946562445697887e-14,0.0
control,178.0,-0.8511009600150484,-0.3092638792028581,-0.2754796515250386,-0.2089142777470939,0.0,0.0,-0.5772232276438268,0.2141758602275742,0.0,0.0,0.0,0.866025403784472,-0.4999999999999422,0.0
control,178.25,-0.7683724085264398,-0.481737599390779,-0.4779595692017518,-1.0855537948185427,0.0,0.0,-0.4685555510758441,0.5117127228266939,1.0,1.0,1.0,0.5000000000000429,-0.866025403784414,0.0
control,178.5,-0.6704990819918671,-0.2639448785954936,-0.2802592170355542,-0.9386752395345356,0.0,0.0,-0.532484394483395,-0.2311435714788441,1.0,0.0,1.0,3.2336865303856006e-14,-1.0,0.0
control,178.75,-0.7223247761826684,-0.2022629123492442,-0.1347016813636325,0.1234349153517189,0.0,0.0,-0.4883050396445041,0.2341546601702318,1.0,0.0,1.0,-0.4999999999999868,-0.8660254037844463,0.0
control,179.0,-0.8075881536784765,-0.6323783584123917,-0.6083474033315648,-0.9102823077165269,0.0,0.0,-0.4590049552422119,0.1701142050088619,1.0,0.0,1.0,-0.8660254037844112,-0.5000000000000475,0.0
control,179.25,-0.7456690211968088,-0.0447278636852331,-0.0223688044472191,0.0098197874610217,0.0,0.0,0.9211143926172256,5.984047142188345,0.0,0.0,0.0,-1.0,-3.7727168162014125e-14,0.0
control,179.5,-0.6392981273541987,-0.093314192211193,-0.1227291179162278,-0.3908049423538347,0.0,0.0,2.19513226790149,5.527385867970726,0.0,0.0,0.0,-0.8660254037844489,0.4999999999999822,0.0
control,179.75,-0.5588074715413383,-0.3225245978694179,-0.3056822417771002,-0.3201912029988535,0.0,0.0,3.2386569388494224,4.535341951557067,0.0,0.0,0.0,-0.5000000000000522,0.8660254037844085,0.0
control,180.0,-0.5477435381118788,-0.3385927643816475,-0.3215620065218056,-1.080081162563047,0.0,0.0,4.110207709115112,3.795165413836672,0.0,0.0,0.0,-4.311747102017224e-14,1.0,0.0
control,180.25,-0.47433987953978,-0.1272100553356145,-0.1526411954626158,-0.6559783703116221,0.0,0.0,2.8871014452239327,-5.220249047911314,0.0,0.0,0.0,0.4999999999999775,0.8660254037844516,0.0
control,180.5,-0.3836125258497979,-0.1150584296997103,-0.0975214503573753,0.0047702372422737,0.0,0.0,1.977368825169112,-3.871487300998337,0.0,0.0,0.0,0.8660254037844058,0.5000000000000568,0.0
control,180.75,-0.372758072663621,0.6873289662672756,0.6112113319572887,0.0415050973984334,0.0,0.0,2.089205937557232,0.525353990615408,0.0,0.0,0.0,1.0,4.850777387833036e-14,0.0
control,181.0,-0.2599375334017872,0.7072294481910993,0.7082503536952435,0.8442889784414335,0.0,0.0,3.9656970538439498,8.120433742242884,0.0,0.0,0.0,0.8660254037844544,-0.4999999999999728,0.0
control,181.25,-0.1829172636530977,0.4634599620681539,0.5201703517186889,-0.395466216167798,0.0,0.0,4.803437572088336,3.6496459182544783,1.0,1.0,10.0,0.5000000000000123,-0.8660254037844315,0.0
control,181.5,-0.0798806416100105,0.9072000955815368,0.8347663079256488,-1.178313644992683,0.0,0.0,3.2982102868914844,-6.434499349496386,1.0,0.0,10.0,5.389807673648848e-14,-1.0,0.0
control,181.75,-0.0210137139519917,0.6619398244969347,0.6668568138286357,0.0422192127661563,0.0,0.0,2.735514835225576,-2.3778375742702487,1.0,0.0,10.0,-0.4999999999999682,-0.866025403784457,0.0
control,182.0,0.0398058301557014,0.3737812143327924,0.4552311843651217,0.8478274658814267,0.0,0.0,1.1769375970036344,-6.664117816955701,1.0,0.0,10.0,-0.8660254037844288,-0.500000000000017,0.0
control,182.25,0.04329326436703,1.087455486600588,1.1983755640217015,0.4571494954244365,0.0,0.0,-0.6320357581440468,-7.741823969746722,0.0,0.0,0.0,-1.0,-5.928837959464662e-14,0.0
control,182.5,0.1127680491881911,1.0564864542593453,1.104722785191106,-0.1527045743234374,0.0,0.0,-0.7955252006317104,-0.6596528931150856,0.0,0.0,0.0,-0.8660254037844597,0.4999999999999635,0.0
control,182.75,0.1593438313597555,0.8893234695061066,0.9410331708601252,-0.0356750382355195,0.0,0.0,-0.8058599243173397,-0.0004742093223091,0.0,0.0,0.0,-0.5000000000000216,0.8660254037844262,0.0
control,183.0,0.1704070904846065,0.6351564666975958,0.6501982618283298,0.3171081944652472,0.0,0.0,-0.7355441295329769,0.3466460297933552,0.0,0.0,0.0,-6.467868245280474e-14,1.0,0.0
control,183.25,0.2461405741829574,0.9271135086177658,0.8325771763981029,0.0557360327597509,0.0,0.0,2.223003210681084,12.777609198914051,0.0,0.0,0.0,0.4999999999999588,0.8660254037844624,0.0
control,183.5,0.2582666348674327,-0.1417814454451086,-0.093047769433036,-0.1094446785741262,0.0,0.0,3.7877883139451263,6.778849486780482,0.0,0.0,0.0,0.8660254037844235,0.5000000000000263,0.0
control,183.75,0.2236484324945476,-0.2506245181658526,-0.1899543483247602,-0.268592113157922,0.0,0.0,2.886112173600248,-3.836812171607992,0.0,0.0,0.0,1.0,7.006898531096286e-14,0.0
control,184.0,0.2306594938076541,0.9518365601611704,0.9812582650960358,0.2821788762043483,0.0,0.0,1.936725549833039,-4.042158333394232,0.0,0.0,0.0,0.8660254037844651,-0.4999999999999541,0.0
control,184.25,0.2217604897459085,0.2665353486932991,0.2989209327525965,1.4950665360218909,0.0,0.0,-0.1118603511853354,-8.773117578214904,1.0,1.0,6.0,0.500000000000031,-0.8660254037844207,0.0
control,184.5,0.2494461128658593,0.4466485589467658,0.443394982387105,0.1946203475344922,0.0,0.0,-0.8013038965518676,-2.923362010163188,1.0,0.0,6.0,1.8615869308312943e-14,-1.0,0.0
control,184.75,0.6521092800309511,0.2813823127307743,0.235098989158008,0.7042720882262454,0.0,0.0,-0.8081760630574958,0.0144286542807426,1.0,0.0,6.0,-0.4999999999999495,-0.8660254037844678,0.0
control,185.0,0.7200925879074542,1.418832840137858,1.5807111597580856,-0.0624220574469413,0.0,0.0,-0.8241097560309598,-0.02457220143525,1.0,0.0,6.0,-0.8660254037844181,-0.5000000000000356,0.0
control,185.25,0.7280442453505156,0.6051705053648482,0.5770000147158503,-0.3419160967566843,0.0,0.0,-0.8691218921101367,-0.1497259675294112,0.0,0.0,0.0,-1.0,-2.4006172166471062e-14,0.0
control,185.5,0.7131231511349263,0.2671290248676612,0.2476151825133223,-0.7858122687311783,0.0,0.0,-0.8980541910544003,-0.080518267230636,0.0,0.0,0.0,-0.8660254037844705,0.4999999999999448,0.0
control,185.75,0.6994977682023984,0.1118020826090285,0.1714413218123738,0.5004924392677369,0.0,0.0,0.0454991306474829,4.105064759130637,0.0,0.0,0.0,-0.5000000000000403,0.8660254037844154,0.0
control,186.0,0.6707740739792235,0.6050980392535256,0.6214802412994305,0.8773230304045067,0.0,0.0,2.418685971478012,10.258214651060303,0.0,0.0,0.0,-2.939647502462918e-14,1.0,0.0
control,186.25,0.7099971650324417,0.6520639622838589,0.7090824997342824,0.4332456208701181,0.0,0.0,3.251146979061931,3.626922877688327,0.0,0.0,0.0,0.4999999999999401,0.8660254037844732,0.0
control,186.5,0.7071745088289307,0.8957828721869353,0.9924969515923214,1.1793825304801522,0.0,0.0,1.8188683141370383,-6.120528119151703,0.0,0.0,0.0,0.8660254037844127,0.500000000000045,0.0
control,186.75,-0.0319433759183269,0.1469714464784227,0.1472723543969452,1.137697051395358,0.0,0.0,0.0283609165305679,-7.662346395159402,0.0,0.0,0.0,1.0,3.47867778827873e-14,0.0
control,187.0,-0.2173237954091149,0.7294727414406859,0.740612461623546,2.106737019126731,0.0,0.0,0.5390601787278319,2.242058699308044,0.0,0.0,0.0,0.8660254037844475,-0.4999999999999847,0.0
control,187.25,-0.2047818398679649,0.064954356345614,0.0251140597990932,-0.3136421983336525,0.0,0.0,2.908766766135702,10.243235622739416,1.0,1.0,3.0,0.5000000000000496,-0.86602540378441,0.0
control,187.5,-0.1821068514797167,0.0622823040051274,0.1156557975505516,-0.6657317762429624,0.0,0.0,2.5131738944340394,-1.6586272255405612,1.0,0.0,3.0,4.0177080740945425e-14,-1.0,0.0
control,187.75,-0.181984745037377,0.2384883330415779,0.2774168561621928,-0.3760722129717275,0.0,0.0,0.3127594957077815,-9.42658819971552,1.0,0.0,3.0,-0.49999999999998,-0.8660254037844501,0.0
control,188.0,-0.1632873939359979,0.2143983810064078,0.2001048776887051,-0.5911246325673247,0.0,0.0,-0.7612085909037619,-4.578357579131193,1.0,0.0,3.0,-0.8660254037844073,-0.5000000000000543,0.0
control,188.25,-0.131671595344631,0.0679381586110773,0.2171551041716639,-0.7221647534239634,0.0,0.0,-0.9750207786339016,-0.8762422429780299,0.0,0.0,0.0,-1.0,-4.5567383599103544e-14,0.0
control,188.5,-0.1222407160337808,-0.309268994471596,-0.2733794468958584,-0.2746363527889122,0.0,0.0,-0.990349956188009,-0.0219703640150193,0.0,0.0,0.0,-0.8660254037844528,0.4999999999999754,0.0
control,188.75,-0.1135070044241214,-0.1536356284381156,-0.1769589849074135,-0.3409671718041658,0.0,0.0,-0.9491338084575608,0.2214010017989645,0.0,0.0,0.0,-0.500000000000059,0.8660254037844046,0.0
control,189.0,-0.1219606905783729,0.1970061366471445,0.2271987479847385,-0.2935251837300153,0.0,0.0,-0.9144927274561452,0.1931018813657541,0.0,0.0,0.0,-5.0957686457261663e-14,1.0,0.0
control,189.25,-0.0925480929789046,-0.7817682580474334,-0.7577706185234077,1.3726121208447482,0.0,0.0,-0.9367490837213526,-0.0517849761986804,0.0,0.0,0.0,0.4999999999999707,0.8660254037844556,0.0
control,189.5,-0.0987810276148274,-0.7786056693154335,-0.7127468506817486,0.9532934444502844,0.0,0.0,-0.9735278848548724,-0.1142896523106912,0.0,0.0,0.0,0.8660254037844304,0.5000000000000144,0.0
control,189.75,-0.1096039440359758,-0.4831416571355288,-0.6118414444324266,1.1638927313994634,0.0,0.0,-0.9672768951377008,0.070910784990235,0.0,0.0,0.0,1.0,5.6347989315419776e-14,0.0
control,190.0,-0.1048523829396045,-0.2200656226147221,-0.2479073281789083,-0.3279337112275005,0.0,0.0,-0.941052891683306,0.1568747370620984,0.0,0.0,0.0,0.8660254037844582,-0.499999999999966,0.0
control,190.25,-0.1161377807765723,-0.2972074478009175,-0.2303186471351524,0.708230056099469,0.0,0.0,-0.886477390026892,0.2788997286166657,1.0,1.0,2.0,0.5000000000000191,-0.8660254037844276,0.0
control,190.5,-0.102419846187524,-0.2555026039807735,-0.1976118488336072,0.2699810189751804,0.0,0.0,-0.6741915913570432,0.9576856440559428,1.0,0.0,2.0,6.17382921735779e-14,-1.0,0.0
control,190.75,-0.1206367947024045,-0.272579266375368,-0.1920641175193006,-0.1039518844310685,0.0,0.0,-0.2210479812492905,1.9943388818191743,1.0,0.0,2.0,-0.4999999999999613,-0.8660254037844609,0.0
control,191.0,-0.1499559304085536,-0.2015321568545457,-0.247216252567848,0.7256474055368657,0.0,0.0,0.2444560892260751,2.047538365713155,1.0,0.0,2.0,-0.8660254037844249,-0.5000000000000238,0.0
control,191.25,-0.1784907702202084,-0.6338586343086821,-0.6167723388091416,0.9426683662199192,0.0,0.0,0.4743882512782025,1.033635681240856,0.0,0.0,0.0,-1.0,-6.712859503173602e-14,0.0
control,191.5,-0.1766180045350931,-0.5492507117267963,-0.5435450031329546,-0.4042138586844789,0.0,0.0,0.6276973167179852,0.7038494861557502,0.0,0.0,0.0,-0.8660254037844636,0.4999999999999567,0.0
control,191.75,-0.1617683211124877,-1.1201673326540396,-1.0679952987843122,-0.464577317389414,0.0,0.0,0.7301504008489289,0.4849650855681185,0.0,0.0,0.0,-0.5000000000000284,0.8660254037844223,0.0
control,192.0,-0.1630558737563651,-0.3462691922050759,-0.477814622522304,1.9472366089202957,0.0,0.0,0.5526022139185173,-0.7201618002518505,0.0,0.0,0.0,-1.567547902908612e-14,1.0,0.0
control,192.25,-0.1549002376811216,-0.9148412497563688,-0.9722662438670344,2.1865721333587533,0.0,0.0,0.7986467190272354,1.1029832871908205,0.0,0.0,0.0,0.499999999999952,0.8660254037844664,0.0
control,192.5,-0.2264155411814437,-0.9805506022117968,-0.9465709349285198,1.3685213759516808,0.0,0.0,1.3988724135780757,2.627380916638965,0.0,0.0,0.0,0.8660254037844195,0.5000000000000331,0.0
control,192.75,-0.4166605853842313,-0.5246963211119376,-0.5352416002619619,-0.2884289073477394,0.0,0.0,2.094664409333497,3.0386987600310884,0.0,0.0,0.0,1.0,2.1065781887244243e-14,0.0
control,193.0,-0.3617234208746483,-0.4851873152287453,-0.4229087990736768,1.4607419158688868,0.0,0.0,2.971327729322057,3.8171698536835623,0.0,0.0,0.0,0.866025403784469,-0.4999999999999474,0.0
control,193.25,1.2862154070421228,0.9340934151885512,1.2400337533816634,4.715919224242215,0.0,0.0,2.235327263183906,-3.1237432324704746,1.0,1.0,1.0,0.5000000000000377,-0.8660254037844168,0.0
control,193.5,1.2898557655002818,1.32955288748409,1.2837268890754625,0.1635054763371928,0.0,0.0,1.578831516418367,-2.781554518460987,1.0,0.0,1.0,2.6456084745402362e-14,-1.0,0.0
control,193.75,1.287336501714036,0.6049715692923832,0.6227037519976321,-0.9139603180623715,0.0,0.0,3.354073563106444,7.684657234961095,1.0,0.0,1.0,-0.4999999999999427,-0.8660254037844717,0.0
control,194.0,1.2631690100388873,1.475043217923346,1.6284951154895395,-0.0321163111113737,0.0,0.0,3.168093394944483,-0.7564530900890402,1.0,0.0,1.0,-0.8660254037844142,-0.5000000000000424,0.0
control,194.25,1.2130816109790687,1.511198779844486,1.3792905152959525,-0.3588698622722662,0.0,0.0,1.0370457019983634,-9.12803354744721,0.0,0.0,0.0,-1.0,-3.1846387603560475e-14,0.0
control,194.5,1.183039189060052,1.1329282140928103,1.3314410248017587,-0.1614753922984099,0.0,0.0,0.4087804437519634,-2.66005035319314,0.0,0.0,0.0,-0.8660254037844745,0.499999999999938,0.0
control,194.75,1.1789543432947758,1.1321462026758642,1.2865937891233212,0.1130716587334199,0.0,0.0,0.3296064854556103,-0.2967586230115355,0.0,0.0,0.0,-0.5000000000000471,0.8660254037844115,0.0
control,195.0,1.1681591276939105,0.901918650001651,1.1300880018290835,-0.4697667952581079,0.0,0.0,0.1602306309886144,-0.6849880400250139,0.0,0.0,0.0,-3.7236690461718594e-14,1.0,0.0
control,195.25,1.1473123979096418,1.4233857758001438,1.658610864969004,0.3616214775597791,0.0,0.0,1.6079525519574398,6.275008958525533,0.0,0.0,0.0,0.4999999999999826,0.8660254037844487,0.0
control,195.5,1.1631102354790752,0.5941481594242102,0.7297225133417498,0.0674249517556931,0.0,0.0,5.572881837635593,17.109082178609295,0.0,0.0,0.0,0.8660254037844087,0.5000000000000517,0.0
control,195.75,1.190185286941254,0.8468506683169589,0.9610218510261844,0.0414718637948355,0.0,0.0,6.484546484781682,3.967815742671962,0.0,0.0,0.0,1.0,4.2626993319876725e-14,0.0
control,196.0,1.2041844750239077,1.5694806508891597,1.6416511541697425,-0.0169172455471542,0.0,0.0,3.314664978369533,-13.5991795310398,0.0,0.0,0.0,0.8660254037844514,-0.4999999999999779,0.0
control,196.25,1.183916621603812,1.1599737470628697,1.2650986941129785,-0.6736676199970604,0.0,0.0,2.997298600789008,-1.3219399994737806,1.0,1.0,3.0,0.5000000000000564,-0.8660254037844061,0.0
control,196.5,1.1622803927644418,0.8925818539395751,0.9561953606062276,0.2468390796056695,0.0,0.0,2.197183100384608,-3.399694664000205,1.0,0.0,3.0,4.8017296178034844e-14,-1.0,0.0
control,196.75,1.1590852904397313,1.0512555801934782,1.106559295341026,-0.0287776684283034,0.0,0.0,2.5961798353192886,1.7612904574071726,1.0,0.0,3.0,-0.4999999999999732,-0.866025403784454,0.0
control,197.0,1.1590641518089884,1.3341215471861727,1.4387068396998706,-0.2437828080535926,0.0,0.0,3.6067535419108983,4.39352083442793,1.0,0.0,3.0,-0.8660254037844034,-0.5000000000000611,0.0
control,197.25,1.1652949198878413,0.939506284822692,0.9852049050499104,0.2666627231573801,0.0,0.0,3.2759309891782102,-1.3798554453383851,0.0,0.0,0.0,-1.0,-5.3407599036192963e-14,0.0
control,197.5,1.069740604300778,1.6704168516347986,1.678107055961936,0.7938593947202569,0.0,1.0,5.064622915591949,7.7425455852782195,0.0,0.0,0.0,-0.8660254037844568,0.4999999999999686,0.0
control,197.75,1.021792922612467,1.348044735803497,1.4862464272160862,-0.0540187036963294,0.0,0.0,4.107814867038931,-4.074100183181442,0.0,0.0,0.0,-0.5000000000000165,0.866025403784429,0.0
control,198.0,0.9973673092176556,0.7511092847571991,0.9534505743471996,-0.8355903528610348,0.0,0.0,0.9996863162271674,-13.33339449802627,0.0,0.0,0.0,-5.879790189435109e-14,1.0,0.0
control,198.25,0.6822020381191376,0.3773787709082689,0.3503217633907348,1.0620231127159598,0.0,0.0,-0.7539116089775454,-7.50348783939577,0.0,0.0,0.0,0.4999999999999639,0.8660254037844595,0.0
control,198.5,-0.2353211163639207,0.5518126810836834,0.5649003496495646,1.5611386585677836,0.0,0.0,-0.9680801791641664,-0.8777761148719397,0.0,0.0,0.0,0.8660254037844264,0.5000000000000212,0.0
control,198.75,-0.286035757141759,-0.0336387027817389,-0.0373285110695587,-0.3668419233654484,0.0,0.0,-0.973777859903036,0.0194836469569115,0.0,0.0,0.0,1.0,6.418820475250921e-14,0.0
control,199.0,-0.403326705226482,-0.0457884419564125,-0.1140267006570542,-0.4018326638861624,0.0,0.0,2.745551035293664,16.05201685667286,0.0,0.0,0.0,0.8660254037844621,-0.4999999999999592,0.0
control,199.25,-0.4698761013788621,0.1138907728417453,0.1215201713333765,-0.4655819826470639,0.0,0.0,4.452107437229878,7.389033872800676,1.0,1.0,2.0,0.5000000000000259,-0.8660254037844237,0.0
control,199.5,-0.5363785715870039,0.898749816300667,0.9815366892703856,-0.7923183485629834,0.0,0.0,1.7641494618974645,-11.524978217552825,1.0,0.0,2.0,6.957850761066731e-14,-1.0,0.0
control,199.75,-0.577419387653584,0.6447084540458496,0.7385755151091133,-0.1886557195566325,0.0,0.0,0.0359781719173719,-7.394051472878661,1.0,0.0,2.0,-0.4999999999999546,-0.8660254037844649,0.0
control,200.0,-0.5889106530687567,-0.181964764455871,-0.2217503994406068,-0.7712722567812597,0.0,0.0,-0.8099286783085974,-3.596780865069156,1.0,0.0,2.0,-0.866025403784421,-0.5000000000000305,0.0
control,200.25,-0.5883086940521774,0.6353409931357802,0.4576282219821365,-1.103679762421593,0.0,0.0,-0.3733842080708823,1.9228960999237843,0.0,0.0,0.0,-1.0,-1.8125391608017412e-14,0.0
control,200.5,-0.529934066810077,0.1340971920722516,0.2353127371208954,-0.7217480311054535,0.0,0.0,0.4748427480129973,3.6947795997158175,0.0,0.0,0.0,-0.8660254037844676,0.4999999999999499,0.0
control,200.75,-0.3744183267117847,0.2738513835977372,0.2564842773801316,-0.2069907891300926,0.0,0.0,1.0017090053029338,2.3116415278975246,0.0,0.0,0.0,-0.5000000000000352,0.8660254037844183,0.0
control,201.0,-0.2175473162224005,0.3746000785082715,0.4522108455851354,-0.9744451306577347,0.0,0.0,0.5092234092596939,-2.0756540008182744,0.0,0.0,0.0,-2.351569446617553e-14,1.0,0.0
control,201.25,-0.1808652304412719,0.6806239971568735,0.8046330791038103,0.2047503814578541,0.0,0.0,0.2145731577475799,-1.2241696780643494,0.0,0.0,0.0,0.4999999999999452,0.8660254037844702,0.0
control,201.5,-0.1573830175690879,0.389001105344829,0.5217952177615148,-0.1176022998270166,0.0,0.0,2.1066078527650074,8.187333383659633,0.0,0.0,0.0,0.8660254037844156,0.5000000000000399,0.0
control,201.75,-0.1442178787900745,-0.007599588351452,-0.0315451536152324,-0.2654144751057069,0.0,0.0,5.255318432351031,13.596072742286871,0.0,0.0,0.0,1.0,2.8905997324333656e-14,0.0
control,202.0,-0.1705557545553103,-0.1407204748229879,-0.124802873042154,0.5779459876206254,0.0,0.0,4.902517638869424,-1.4744499046033284,0.0,0.0,0.0,0.8660254037844729,-0.4999999999999406,0.0
control,202.25,-0.1824594405954805,0.7269406304651713,0.5627449339061827,1.1881793155783038,0.0,0.0,3.0866415495376973,-7.771533372562391,1.0,1.0,9.0,0.5000000000000445,-0.866025403784413,0.0
control,202.5,-0.1836061223734496,-0.0358647211571323,-0.0551148598985586,2.4055043377691896,0.0,0.0,1.6389244257595466,-6.186975324084601,1.0,0.0,9.0,3.429630018249177e-14,-1.0,0.0
control,202.75,-0.1653191607963251,-0.009813966490481,-0.1130318401085159,2.1628778077387176,0.0,0.0,0.0853264524175926,-6.64268703574622,1.0,0.0,9.0,-0.4999999999999359,-0.8660254037844757,0.0
control,203.0,-0.1684644695215518,2.0966101197906077,1.6732984391506718,-0.0961696768251681,0.0,1.0,-0.1902381791315306,-1.1420250732818145,1.0,0.0,9.0,-0.8660254037844103,-0.5000000000000492,0.0
control,203.25,-0.1975367114984425,0.8450094424455896,0.9467903775160564,1.6875305877966098,0.0,0.0,-0.4545255681951986,-1.0934877646274,0.0,0.0,0.0,-1.0,-3.968660304064989e-14,0.0
control,203.5,-0.1628826801809843,0.5500659773906846,0.721245562951983,0.1412461935387711,0.0,0.0,-0.5719968781117599,-0.4615906179459461,0.0,0.0,0.0,-0.8660254037844499,0.4999999999999804,0.0
control,203.75,-0.1093685380458007,0.8753763845365983,0.8413448549576655,-0.5842584936964009,0.0,0.0,-0.2093199969590169,1.6049696231632733,0.0,0.0,0.0,-0.5000000000000538,0.8660254037844075,0.0
control,204.0,-0.137309405554712,1.082225814881665,1.1364677773103942,0.4548379875474961,0.0,0.0,0.4003750522126423,2.6681370667866253,0.0,0.0,0.0,-4.507690589880801e-14,1.0,0.0
control,204.25,-0.0287245590597651,0.820707973812083,0.8776111086189666,1.3738415146870393,0.0,0.0,0.7785484710850703,1.6716667998308157,0.0,0.0,0.0,0.4999999999999758,0.8660254037844526,0.0
control,204.5,-0.0611455599655142,-0.142996845301706,-0.0672321894201992,0.2095874333454336,0.0,0.0,1.1083640518802078,1.4635344203377902,0.0,0.0,0.0,0.8660254037844048,0.5000000000000585,0.0
control,204.75,-0.0648317063858545,0.9735437087158754,0.9503282585122048,0.0870141087298186,0.0,0.0,0.6838191028833474,-1.783237112547594,0.0,0.0,0.0,1.0,5.046720875696613e-14,0.0
control,205.0,-0.1103896592449141,0.9816568076096804,0.8140613100861191,-0.6540470514997158,0.0,0.0,0.1169978952017124,-2.3955948490141807,0.0,0.0,0.0,0.8660254037844552,-0.4999999999999711,0.0
control,205.25,-0.173640567142149,0.7438929658290492,0.6998378219817202,-0.3680861209358526,0.0,0.0,4.468345223190545,18.772227385734,1.0,1.0,6.0,0.5000000000000632,-0.8660254037844022,0.0
control,205.5,-0.2427308174807155,0.5848766030386602,0.6981005623786369,-0.7035774319885949,0.0,0.0,7.769037619226244,14.250203248427058,1.0,0.0,6.0,5.585751161512426e-14,-1.0,0.0
control,205.75,-0.3007727513142951,0.1953923978830994,0.1693812668415824,-0.6620016935083312,0.0,0.0,7.296254125506045,-1.9908560528422807,1.0,0.0,6.0,-0.4999999999999664,-0.866025403784458,0.0
control,206.0,-0.3411003339630761,-0.1043889067157132,-0.0140807641409935,-0.5368595460805425,0.0,0.0,6.881627371816119,-1.7405491498183785,1.0,0.0,6.0,-0.8660254037844278,-0.5000000000000187,0.0
control,206.25,-0.3681046601008635,0.1222601316414837,0.0919991471198743,0.206544593669626,0.0,0.0,5.162790660495957,-7.353875399147841,0.0,0.0,0.0,-1.0,-6.124781447328237e-14,0.0
control,206.5,-0.4007257173592388,0.141462002617151,0.1884682904864975,-0.5779278465264568,0.0,0.0,4.602683774564721,-2.3666963742651923,0.0,0.0,0.0,-0.8660254037844607,0.4999999999999618,0.0
control,206.75,-0.4452854426281415,-0.1473344896784685,-0.1691520430224057,-0.6110615407558937,0.0,0.0,4.207066511215322,-1.6587322073156985,0.0,0.0,0.0,-0.5000000000000233,0.8660254037844252,0.0
control,207.0,-0.4372095858679584,0.9260404939375484,0.7535437047688431,0.4658354112504291,0.0,0.0,1.7307073028687998,-10.614256054991015,0.0,0.0,0.0,-6.66381173314405e-14,1.0,0.0
control,207.25,-0.4009255415010087,0.4569278650418271,0.3400322247823872,-0.0723002993068518,0.0,0.0,-0.4378861845554608,-9.28963083664367,0.0,0.0,0.0,0.4999999999999571,0.8660254037844634,0.0
control,207.5,-0.3897479103416284,0.153180265107495,0.1567867674384988,-1.091676437161731,0.0,0.0,-0.5751545407093932,-0.5467972050090779,0.0,0.0,0.0,0.8660254037844225,0.500000000000028,0.0
control,207.75,-0.3767876254511132,0.5648658448968762,0.3499969146525536,-0.8767155464855605,0.0,0.0,-0.1941460865540137,1.6838688060173677,0.0,0.0,0.0,1.0,7.202842018959862e-14,0.0
control,208.0,-0.3420355244921896,-0.2820663293395326,-0.2122010950278954,-0.3749457214156059,0.0,0.0,-0.088466920083148,0.4988501602642869,0.0,0.0,0.0,0.8660254037844661,-0.4999999999999525,0.0
control,208.25,-0.3622241106519374,1.3044628018781157,1.11946749674285,1.0633842489194016,0.0,0.0,0.125135532119595,0.9633525275161,1.0,1.0,1.0,0.5000000000000326,-0.8660254037844198,0.0
control,208.5,-0.3508342395125349,0.2860908632098187,0.1792490958037338,1.2690786022522969,0.0,0.0,0.4496063675891315,1.4405306094431929,1.0,0.0,1.0,2.0575304186948712e-14,-1.0,0.0
control,208.75,-0.3644442838759135,-0.6095675856234124,-0.6454129142453918,0.3396234424136981,0.0,0.0,1.547291778387594,4.768450049610925,1.0,0.0,1.0,-0.4999999999999478,-0.8660254037844688,0.0
control,209.0,-0.3625935566386143,0.7277227795284119,0.4267529715435103,1.1877566483057682,0.0,0.0,3.4708684354292254,8.323090147630003,1.0,0.0,1.0,-0.8660254037844171,-0.5000000000000373,0.0
control,209.25,-0.377367000473213,0.3222673632623843,0.478579428046803,-0.3302321395074925,0.0,0.0,3.999063720791308,2.317361671437165,0.0,0.0,0.0,-1.0,-2.5965607045106828e-14,0.0
control,209.5,-0.3839291914992581,-0.2958099988469284,-0.2925602055656378,-1.014196480801654,0.0,0.0,3.866235285269519,-0.5276877641682524,0.0,0.0,0.0,-0.8660254037844715,0.4999999999999431,0.0
control,209.75,-0.3677983360215117,0.1470967387983412,0.1028498583857283,-0.6881447565486416,0.0,0.0,3.1654596041663217,-2.9721355796482483,0.0,0.0,0.0,-0.500000000000042,0.8660254037844144,0.0
control,210.0,-0.3579070532843147,0.6714553102612966,0.6148649133026702,-0.4728311148575817,0.0,0.0,0.847110648808684,-9.934179127517378,0.0,0.0,0.0,-3.135590990326495e-14,1.0,0.0
control,210.25,-0.3730255468244455,0.2197603405988316,0.2439394263895606,-1.2650746830840622,0.0,0.0,-0.6402813307449923,-6.357736103865629,0.0,0.0,0.0,0.4999999999999385,0.8660254037844741,0.0
control,210.5,-0.3910105792104134,1.0096415535701666,0.6114293711729879,-0.5685410973578285,0.0,0.0,-0.732451321578123,-0.3526936127338854,0.0,0.0,0.0,0.8660254037844117,0.5000000000000466,0.0
control,210.75,-0.3978445105275352,1.3701069875976888,0.7366940183256796,1.214424155276944,0.0,0.0,-0.7634071600530982,-0.0892275915981163,0.0,0.0,0.0,1.0,3.6746212761423075e-14,0.0
control,211.0,-0.3996580594667774,0.4672148828634704,0.3229039074153375,-0.6099107242455167,0.0,0.0,-0.7792276284347155,-0.0240848822196861,0.0,0.0,0.0,0.8660254037844769,-0.4999999999999338,0.0
control,211.25,-0.3853394913981305,0.7504340731048154,0.4502968440643669,-0.1915132199650843,0.0,0.0,-0.7617833408687599,0.1190867955041467,1.0,1.0,8.0,0.5000000000000513,-0.866025403784409,0.0
control,211.5,-0.3809250558117604,-0.1904551329497795,-0.2337265725888976,0.1481069116527225,0.0,0.0,1.376798892081348,9.248475233013185,1.0,0.0,8.0,4.2136515619581194e-14,-1.0,0.0
control,211.75,-0.376142272774694,0.1382356609659403,0.0269089342791072,0.6415174634936566,0.0,0.0,3.992703202535501,11.302871867053891,1.0,0.0,8.0,-0.4999999999999783,-0.8660254037844511,0.0
control,212.0,-0.3930108093057109,-0.0117677259215937,-0.0284233738863734,-0.9296852677486488,0.0,0.0,4.945205057187667,4.1435792901759925,1.0,0.0,8.0,-0.8660254037844063,-0.500000000000056,0.0
control,212.25,-0.3919413458249745,0.0497597290318783,0.0195928203595805,-0.8905379680098668,0.0,0.0,4.478571612364665,-1.9643862113053987,0.0,0.0,0.0,-1.0,-4.75268184777393e-14,0.0
control,212.5,-0.3868024346893555,0.329513890864289,0.2634671586915793,-0.2490001863602334,0.0,0.0,3.455531426996341,-4.359163634782495,0.0,0.0,0.0,-0.8660254037844538,0.4999999999999737,0.0
control,212.75,-0.4066542793801373,0.6749172701560916,0.5395333939722973,-0.258416186990467,0.0,0.0,2.416792164716558,-4.426732541155099,0.0,0.0,0.0,-0.5000000000000606,0.8660254037844036,0.0
control,213.0,-0.4132849487928191,-0.0343842584970924,-0.0198600274756545,-0.6006065991749063,0.0,0.0,2.3702655810594147,-0.1562441575592424,0.0,0.0,0.0,-5.291712133589743e-14,1.0,0.0
control,213.25,-0.3913822684135196,-0.4194574408161932,-0.5097902526509518,-0.5908495476190953,0.0,0.0,2.701463660418125,1.469484701142785,0.0,0.0,0.0,0.499999999999969,0.8660254037844565,0.0
control,213.5,-0.3949916899846992,-0.1884809233259555,-0.2696787359952524,-0.4143327178416501,0.0,0.0,1.9219397456901657,-3.3110683751755894,0.0,0.0,0.0,0.866025403784401,0.5000000000000654,0.0
control,213.75,-0.3615619777639621,0.1240286934614139,0.0301402272000934,0.2444009118057765,0.0,0.0,2.138491985301007,0.97604842742926,0.0,0.0,0.0,1.0,5.830742419405554e-14,0.0
control,214.0,-0.3360274019703061,0.0454197858429837,-0.0137199310844422,-0.3948249073474743,0.0,0.0,0.8353648860906439,-5.564659127563379,0.0,0.0,0.0,0.8660254037844592,-0.4999999999999643,0.0
control,214.25,-0.3361420761766551,0.0173585552616351,0.012256186558694,-0.4870891625598907,0.0,0.0,0.2365066676468598,-2.5334823052547253,1.0,1.0,6.0,0.5000000000000208,-0.8660254037844266,0.0
control,214.5,-0.3343183523827943,0.5563171587509602,0.3329297620622234,0.1723758404304916,0.0,0.0,3.4567579369482617,13.903984232400129,1.0,0.0,6.0,6.369772705221366e-14,-1.0,0.0
control,214.75,-0.3389876252448645,0.6661230766979377,0.5806971477694693,0.4196862448728122,0.0,0.0,3.1790723637558465,-1.1511536168341263,1.0,0.0,6.0,-0.4999999999999597,-0.8660254037844619,0.0
control,215.0,-0.3261292504061583,0.3679593149619055,0.3163402343223283,1.7969481610100893,0.0,0.0,-0.1039510754768376,-14.086142981737083,1.0,0.0,6.0,-0.8660254037844239,-0.5000000000000254,0.0
control,215.25,-0.2819689025081209,0.3807885604735121,0.4427820772947439,0.9545925783542756,0.0,0.0,-1.015782727446103,-3.880521544966957,0.0,0.0,0.0,-1.0,-6.908802991037178e-14,0.0
control,215.5,0.0598594050523799,0.6235457019096404,0.5380644942335733,1.3612661443200391,0.0,0.0,-1.033337967284081,-0.0315513473356787,0.0,0.0,0.0,-0.8660254037844646,0.499999999999955,0.0
control,215.75,0.0625227229283798,0.4826631692136582,0.4767122727023853,0.3388735993402166,0.0,0.0,-1.0528791558831982,-0.04009888084093,0.0,0.0,0.0,-0.5000000000000301,0.8660254037844213,0.0
control,216.0,0.0857569413025258,0.6707499349349461,0.7976238020800501,-0.4992751674845503,0.0,0.0,-1.0534362502884012,0.041608756518372,0.0,0.0,0.0,-7.44783327685299e-14,1.0,0.0
control,216.25,0.0663169501063762,0.430262879596905,0.6217412522431445,-0.7270962765351303,0.0,0.0,-1.0286010800949392,0.1508971916876558,0.0,0.0,0.0,0.4999999999999504,0.8660254037844674,0.0
control,216.5,0.0995903643244561,0.1936448727236025,0.2574796217463838,-0.3701911139398277,0.0,0.0,-0.9576275422125964,0.3494769594114005,0.0,0.0,0.0,0.8660254037844186,0.5000000000000347,0.0
control,216.75,0.0944015613463019,0.4439834806892889,0.6024019711491037,-0.0199026789932052,0.0,0.0,-0.8683721614758156,0.4281621034563057,0.0,0.0,0.0,1.0,2.302521676588001e-14,0.0
control,217.0,0.0927085544031666,0.4439557299445272,0.5167798995972278,-0.4450583404602081,0.0,0.0,-0.8312751279209171,0.2036723135687268,0.0,0.0,0.0,0.86602540378447,-0.4999999999999456,0.0
control,217.25,0.1324769063217838,0.1864546624894565,0.2078543321120586,1.049949976128269,0.0,0.0,-0.3262938712548508,2.2174483746020406,1.0,1.0,3.0,0.5000000000000394,-0.8660254037844158,0.0
control,217.5,0.1611877046554131,0.8348999175675309,0.7668487845486786,0.2926432067236013,0.0,0.0,1.5493904669455585,8.116961365281828,1.0,0.0,3.0,2.8415519624038125e-14,-1.0,0.0
control,217.75,0.1857605107078916,1.0510554082446977,1.0928667947678024,-0.0633282366892609,0.0,0.0,2.3871263537421887,3.649625984479929,1.0,0.0,3.0,-0.499999999999941,-0.8660254037844727,0.0
control,218.0,0.2014183474578656,1.9900500528099097,1.8115436217594885,-0.7570680444408651,0.0,1.0,1.4132772538562757,-4.147444954246463,1.0,0.0,3.0,-0.8660254037844132,-0.5000000000000441,0.0
control,218.25,0.2517406144038602,1.2245981401914692,1.0253571237163277,0.1336858613808734,0.0,0.0,1.1442417977909245,-1.1139234690001458,0.0,0.0,0.0,-1.0,-3.3805822482196243e-14,0.0
control,218.5,0.2122335711500723,0.8012523290944484,0.661005628135333,1.089518844419617,0.0,0.0,1.3239977061607096,0.8176768317931189,0.0,0.0,0.0,-0.8660254037844753,0.4999999999999363,0.0
control,218.75,0.2304710368339469,1.7672968948432826,1.5636716797379824,0.4144121789682841,0.0,0.0,2.176932615562956,3.715042654592827,0.0,0.0,0.0,-0.5000000000000487,0.8660254037844105,0.0
control,219.0,0.3096634955167304,1.6272976677680164,1.4136451997473265,1.5032875367173273,0.0,0.0,3.4228340393983725,5.406372518829774,0.0,0.0,0.0,-3.919612534035436e-14,1.0,0.0
control,219.25,0.2907115475374353,0.4892509215521756,0.4851214693791056,1.995653316139622,0.0,0.0,4.425628913026311,4.360040698036803,0.0,0.0,0.0,0.4999999999999809,0.8660254037844497,0.0
control,219.5,0.2922771912905025,1.560811737398094,1.5238226669304864,0.1993300886434869,0.0,0.0,2.8441841971993265,-6.762539556143749,0.0,0.0,0.0,0.8660254037844077,0.5000000000000535,0.0
control,219.75,0.3021931851331811,0.8315176840422391,0.7508971329054877,-0.8437732362280022,0.0,0.0,0.2678167579325302,-11.044691986329717,0.0,0.0,0.0,1.0,4.458642819851248e-14,0.0
control,220.0,0.3174626276393126,0.9702591935295052,0.8498935113401467,-0.3329289857632895,0.0,0.0,-0.1604768866565145,-1.7993715173228717,0.0,0.0,0.0,0.8660254037844524,-0.4999999999999762,0.0
control,220.25,0.2763554513659108,0.4990781931238178,0.507841301760981,0.1958221987348051,0.0,0.0,-0.2630257325510678,-0.3973642573746671,1.0,1.0,3.0,0.5000000000000582,-0.8660254037844051,0.0
control,220.5,0.316871079409537,1.0912126562082027,0.945647475657687,-0.508198135481814,0.0,0.0,-0.0967721665226957,0.7595626821126474,1.0,0.0,3.0,4.99767310566706e-14,-1.0,0.0
control,220.75,-0.8657949363817095,0.881175274021665,0.8345482034998264,5.924163408178697,1.0,0.0,-0.126046298511921,-0.0819895183838313,1.0,0.0,3.0,-0.4999999999999716,-0.866025403784455,0.0
control,221.0,-1.517305620732362,-1.391971865370361,-1.4523397234123676,-0.0515319628835632,0.0,0.0,-0.3807618128626446,-1.0522903674850783,1.0,0.0,3.0,-0.8660254037844024,-0.5000000000000628,0.0
control,221.25,-1.5169740336746071,-1.653674532582609,-1.6982793695933605,-1.0968816427460637,0.0,0.0,-0.4390379853928792,-0.2068144474533579,0.0,0.0,0.0,-1.0,-5.5367033914828726e-14,0.0
control,221.5,-1.5168725221770103,-1.472579438667927,-1.502086065441584,-0.981771787753015,0.0,0.0,-0.47762035045952,-0.1220522005943496,0.0,0.0,0.0,-0.8660254037844577,0.4999999999999669,0.0
control,221.75,-1.519671849748345,-1.172864923149792,-1.272499947930393,-0.6704202668770644,0.0,0.0,-0.4477495704928326,0.1725704816024069,0.0,0.0,0.0,-0.5000000000000675,0.8660254037843997,0.0
control,222.0,-1.5207212936016266,-1.0206497263457877,-1.0004624438488865,-0.7437953250211481,0.0,0.0,-0.4212698487914075,0.1579753496897588,0.0,0.0,0.0,-6.075733677298685e-14,1.0,0.0
control,222.25,-1.5018763107258917,-0.9940489304355316,-0.9934796396176618,0.4599340930250672,0.0,0.0,-0.3340480820721353,0.4194094184467329,0.0,0.0,0.0,0.4999999999999622,0.8660254037844605,0.0
control,222.5,-1.5164742872537913,-1.6587030591222918,-1.7050943042522992,-0.0718401001491971,0.0,0.0,0.057778969725668,1.7304321049493092,0.0,0.0,0.0,0.8660254037844254,0.5000000000000229,0.0
control,222.75,-1.5121769640877782,-1.562947982689206,-1.6093382183490017,-0.880695655495862,0.0,0.0,0.6501894072328032,2.59374401082328,0.0,0.0,0.0,1.0,6.614763963114497e-14,0.0
control,223.0,-1.5052237805867823,-1.5708905112521785,-1.6114115903273578,0.8839994961495393,0.0,0.0,0.9997234961040904,1.548402978758081,0.0,0.0,0.0,0.8660254037844631,-0.4999999999999576,0.0
control,223.25,-1.5122328949011588,-1.2102103096129375,-1.2839462811776898,-0.3991568843097346,0.0,0.0,0.599005569427211,-1.6806854880567554,1.0,1.0,6.0,0.5000000000000275,-0.8660254037844227,0.0
control,223.5,-1.4734259257056193,-1.6001318106887308,-1.660917773054878,-1.1051213858538766,0.0,0.0,2.7270850668790847,9.203271406346254,1.0,0.0,6.0,7.153794248930309e-14,-1.0,0.0
control,223.75,-1.451364208426359,-1.541223819512916,-1.6018556825540624,0.2201314588308306,0.0,0.0,4.486381754613375,7.616028329433565,1.0,0.0,6.0,-0.4999999999999528,-0.8660254037844658,0.0
control,224.0,-1.4652631186315952,-1.7076489085128204,-1.7607944202626318,1.644682165864308,0.0,0.0,3.14723595471768,-5.719683797357408,1.0,0.0,6.0,-0.8660254037844201,-0.5000000000000322,0.0
control,224.25,-1.4697909174005133,-1.0396036829623287,-1.0355461926173013,-1.0606067345101755,0.0,0.0,2.531281952441848,-2.607062645272729,0.0,0.0,0.0,-1.0,-7.692824534746121e-14,0.0
control,224.5,-1.4660235719785355,-1.439260727976161,-1.4412685923073132,-0.9284584245262032,0.0,0.0,1.3392366851697652,-5.0865623614754,0.0,0.0,0.0,-0.8660254037844686,0.4999999999999482,0.0
control,224.75,-1.4709258836941332,-1.6378178692864451,-1.6530422044815047,-0.9022725160816656,0.0,0.0,-0.0850282257027863,-6.086036881207611,0.0,0.0,0.0,-0.5000000000000369,0.8660254037844174,0.0
control,225.0,0.8137551277781002,1.1277653743954164,0.9858456407796592,10.564926178550326,1.0,1.0,-0.5310805525590526,-1.8758049755562571,0.0,0.0,0.0,-2.5475129344811302e-14,1.0,0.0
control,225.25,1.155216954506057,1.6554590263823634,1.5232997296960653,-0.6689018236819388,0.0,0.0,-0.6430406199073292,-0.4378702020773332,0.0,0.0,0.0,0.4999999999999435,0.8660254037844712,0.0
control,225.5,1.1665711730918216,1.3234305754848823,1.374904774402104,0.5695953839097531,0.0,0.0,-0.6793241186164702,-0.1121578681728265,0.0,0.0,0.0,0.8660254037844146,0.5000000000000415,0.0
control,225.75,1.1447556261156928,1.922548196888716,1.7266763181673477,1.8471656092623387,0.0,1.0,-0.6733862622316226,0.0695630575452861,0.0,0.0,0.0,1.0,3.0865432202969425e-14,0.0
control,226.0,1.122113060168502,1.3737214379129878,1.2791941192830527,1.411596331435975,0.0,0.0,-0.5787230158455794,0.451437584542962,0.0,0.0,0.0,0.8660254037844739,-0.4999999999999389,0.0
control,226.25,1.1475386285938636,1.477180042035113,1.6756014872127358,1.718951236608184,0.0,0.0,-0.2774201784205599,1.3408154287647671,1.0,1.0,8.0,0.5000000000000463,-0.866025403784412,0.0
control,226.5,1.0754716516359777,0.6597663317434342,0.6318728562206971,0.6590270036267384,0.0,0.0,-0.1399969735172552,0.6354766621170297,1.0,0.0,8.0,3.6255735061127544e-14,-1.0,0.0
control,226.75,1.0307452190661348,0.8942678167572048,0.8522159944499377,2.666958923621054,0.0,0.0,0.1637735369536708,1.3514363060263692,1.0,0.0,8.0,-0.4999999999999342,-0.8660254037844767,0.0
control,227.0,1.0228627366422869,1.2291392935592171,1.1561093558278577,0.0252383784804122,0.0,0.0,0.4366924051397737,1.2186506817032805,1.0,0.0,8.0,-0.8660254037844093,-0.500000000000051,0.0
control,227.25,-0.910637270079822,0.7034410566795462,0.5531225495786755,6.6988747564718505,1.0,0.0,0.3678784338948767,-0.2521691863810114,0.0,0.0,0.0,-1.0,-4.1646037919285656e-14,0.0
control,227.5,-1.0265167412096847,-0.849876079493806,-0.8682015671243792,-0.5547977045199327,0.0,0.0,0.8975964446959421,2.323915489422649,0.0,0.0,0.0,-0.8660254037844509,0.4999999999999788,0.0
control,227.75,-1.032305814837973,-1.004925352834945,-1.0442053685928734,-1.054415926610671,0.0,0.0,1.0785655604317097,0.8228984824280552,0.0,0.0,0.0,-0.5000000000000556,0.8660254037844065,0.0
control,228.0,-1.0328489065413646,-1.0765968607306118,-1.0690853866799432,-1.0022766250427677,0.0,0.0,0.9880489292329292,-0.345577544511294,0.0,0.0,0.0,-4.7036340777443775e-14,1.0,0.0
control,228.25,-1.0534530035167606,-0.9733275715521976,-1.0319869644415371,-1.3261942960001254,0.0,0.0,0.8094767092826959,-0.7245692435447917,0.0,0.0,0.0,0.4999999999999741,0.8660254037844536,0.0
control,228.5,-1.076696475344745,-1.044530405006741,-1.1081417708380903,-0.9906128715628986,0.0,0.0,0.3449306123590733,-1.9554022553966763,0.0,0.0,0.0,0.8660254037844038,0.5000000000000603,0.0
control,228.75,-1.0629811471737307,-1.3089282623858536,-1.3426847802653932,-1.2053340660021488,0.0,0.0,0.3809837008538931,0.19917916875388,0.0,0.0,0.0,1.0,5.242664363560189e-14,0.0
control,229.0,-1.0007074867644832,-1.0495029232947446,-1.1287425537404034,-0.5779468306593148,0.0,0.0,0.2807598652640329,-0.3873574012722881,0.0,0.0,0.0,0.8660254037844562,-0.4999999999999694,0.0
control,229.25,-0.9595412679033448,-0.9070218299948338,-0.8325526904134652,-0.5299383406149328,0.0,0.0,0.3470774428844577,0.3294376829121271,1.0,1.0,1.0,0.500000000000065,-0.8660254037844012,0.0
control,229.5,-1.049887707218472,-0.9069674005588002,-0.9289461743053448,-0.4648556984973643,0.0,0.0,0.6608337252645266,1.3944151187930327,1.0,0.0,1.0,5.781694649376001e-14,-1.0,0.0
control,229.75,-1.141107940362983,-1.0879683158227305,-1.110400238553222,-0.7245483461765231,0.0,0.0,0.6398472750996888,-0.0463192939243777,1.0,0.0,1.0,-0.4999999999999648,-0.866025403784459,0.0
control,230.0,-1.1940296426382375,-1.4193175474405335,-1.4564070076715414,-0.7308713876467743,0.0,0.0,0.9898832425867308,1.550563066856866,1.0,0.0,1.0,-0.8660254037843985,-0.5000000000000696,0.0
control,230.25,-1.1837564657005648,-1.3841244901592638,-1.489172185342072,-1.1660387905097929,0.0,0.0,1.0817271121183505,0.4393029723119338,0.0,0.0,0.0,-1.0,-6.320724935191813e-14,0.0
control,230.5,-1.1270264610689742,-1.0915861087684504,-1.0712872212774227,-0.6692472622815885,0.0,0.0,0.8631861694237537,-0.8965948282449476,0.0,0.0,0.0,-0.8660254037844617,0.4999999999999601,0.0
control,230.75,-1.0542346167060133,-1.0958666728400173,-1.1215023300856832,-0.6262330139154971,0.0,0.0,0.8073921993110162,-0.1961310357029968,0.0,0.0,0.0,-0.500000000000025,0.8660254037844242,0.0
control,231.0,-0.9730279450385152,-1.204735706608418,-1.29252309214533,-1.0907427684176385,0.0,0.0,1.1001622153756636,1.3040901225034611,0.0,0.0,0.0,-6.859755221007625e-14,1.0,0.0
control,231.25,-1.002980207742682,-1.1648491561263832,-1.1754136064156524,-1.1664392785350397,0.0,0.0,1.593818327618788,2.16870489576658,0.0,0.0,0.0,0.4999999999999554,0.8660254037844644,0.0
control,231.5,-1.0412874558224348,-0.9744817834767971,-0.9953264891926376,-1.021873461009748,0.0,0.0,1.0571534355925285,-2.2658019140185286,0.0,0.0,0.0,0.8660254037844215,0.5000000000000296,0.0
control,231.75,-1.1034056417588736,-1.019948698056702,-1.061496071112766,-0.7336209134637348,0.0,0.0,0.6075042216455873,-1.891285995773774,0.0,0.0,0.0,1.0,7.398785506823437e-14,0.0
control,232.0,-1.1870427870742872,-1.2671408336810703,-1.3028241615422873,-0.6742599848363595,0.0,0.0,0.8087369137468717,0.910113017520646,0.0,0.0,0.0,0.866025403784467,-0.4999999999999507,0.0
control,232.25,-1.200413792687243,-1.529957794486318,-1.5667771022209842,0.9590083871733356,0.0,0.0,1.072825067142278,1.1806432406122545,1.0,1.0,8.0,0.5000000000000344,-0.8660254037844188,0.0
control,232.5,-1.152086615938521,-1.314890241650538,-1.339358546982428,0.0997531632577609,0.0,0.0,1.4070658320185274,1.482580434988496,1.0,0.0,8.0,7.93781579263925e-14,-1.0,0.0
control,232.75,-1.114769142824841,-1.1817747095642313,-1.2035081755275747,-0.471270496421929,0.0,0.0,1.6029255540808869,0.8869877273172481,1.0,0.0,8.0,-0.4999999999999461,-0.8660254037844698,0.0
control,233.0,-1.0951201138512898,-1.4383001333269247,-1.4952288586370015,-0.8377056153328695,0.0,0.0,1.625345458686133,0.1405018763888303,1.0,0.0,8.0,-0.8660254037844162,-0.5000000000000391,0.0
control,233.25,-1.063535422211582,-1.5350677841515703,-1.5890804210386815,-0.5067906530906366,0.0,0.0,1.4893810754002117,-0.5411848991946675,0.0,0.0,0.0,-1.0,-2.7925041923742596e-14,0.0
control,233.5,-1.1133716684824155,-1.286634289975778,-1.3098346291783425,0.5541675679889848,0.0,0.0,1.113575334516817,-1.5734633144913643,0.0,0.0,0.0,-0.8660254037844725,0.4999999999999414,0.0
control,233.75,-1.1131308423782205,-1.228960188270778,-1.1626710422632054,0.5979418447953051,0.0,0.0,1.014916295986484,-0.3806225068193434,0.0,0.0,0.0,-0.5000000000000437,0.8660254037844134,0.0
control,234.0,-1.087480506122619,-1.044362639367938,-1.0300272956368637,-0.4322707826100481,0.0,0.0,1.040665323015487,0.1548304361266034,0.0,0.0,0.0,-3.331534478190071e-14,1.0,0.0
control,234.25,-1.0371268475433846,-0.9038282408283008,-0.8785788711681709,-1.027471305679058,0.0,0.0,1.0628482421198282,0.1394818895951722,0.0,0.0,0.0,0.4999999999999368,0.8660254037844751,0.0
control,234.5,-0.9607005255366744,-1.0733592967820986,-1.0748080733924972,-0.9272076675113116,0.0,0.0,1.3111523229700222,1.1127085126023946,0.0,0.0,0.0,0.8660254037844107,0.5000000000000484,0.0
control,234.75,-0.8493630500415011,-1.0798642801193292,-1.1487543516786305,-0.7217087363598446,0.0,0.0,1.6758442963994002,1.613642590506515,0.0,0.0,0.0,1.0,3.870564764005883e-14,0.0
control,235.0,-0.7320157595645337,-0.2650035174645435,-0.3836113342565375,-0.1231597357192565,0.0,0.0,1.5289453912649082,-0.5882471364957657,0.0,0.0,0.0,0.8660254037844779,-0.4999999999999321,0.0
control,235.25,-0.6319171087439733,-0.2116329353054721,-0.3697658330917358,-0.5269343848045966,0.0,0.0,3.366294576931004,7.951966675022057,1.0,1.0,1.0,0.5000000000000531,-0.8660254037844081,0.0
control,235.5,-0.5361272137528516,-0.1725209265714875,-0.3091305122193031,-1.1682994506445303,0.0,0.0,5.303735211428108,8.382760776669155,1.0,0.0,1.0,4.4095950498216956e-14,-1.0,0.0
control,235.75,-0.4545156887805493,-0.8487935686843128,-0.903400520704499,-1.0578648312807322,0.0,0.0,4.431918004139787,-3.708299172820674,1.0,0.0,1.0,-0.4999999999999767,-0.8660254037844521,0.0
control,236.0,-0.392421470056151,-0.910694229140399,-0.897057904226974,-0.6747215341168309,0.0,0.0,2.994007950259384,-6.144765645678171,1.0,0.0,1.0,-0.8660254037844053,-0.5000000000000577,0.0
control,236.25,-0.3507622749859655,0.1013246972018406,-0.0564728671139785,-1.042770702419007,0.0,0.0,2.8678372137927237,-0.4990329937858885,0.0,0.0,0.0,-1.0,-4.9486253356375075e-14,0.0
control,236.5,-0.326044396688437,-0.2655659693818319,-0.2845001143241059,-0.645546167808282,0.0,0.0,1.9907877142301664,-3.7308189852138343,0.0,0.0,0.0,-0.8660254037844548,0.4999999999999719,0.0
control,236.75,-0.2738968065218737,-0.0509553592805812,0.0403973575340672,-0.8975806936544789,0.0,0.0,-0.2151606177031657,-9.450406276208168,0.0,0.0,0.0,-0.5000000000000624,0.8660254037844026,0.0
control,237.0,-0.2318382958548617,-0.7428703929576765,-0.7875661311593378,0.1924534638031135,0.0,0.0,-0.7807227219200336,-2.3901756613381093,0.0,0.0,0.0,-5.4876556214533194e-14,1.0,0.0
control,237.25,-0.1646540054458681,-0.2943688701095497,-0.1975708430282885,-0.3996169793823089,0.0,0.0,-0.8342922936558047,-0.1865572138460629,0.0,0.0,0.0,0.4999999999999673,0.8660254037844575,0.0
control,237.5,-0.1066354943940659,-0.4274533708790918,-0.4216562623174307,-0.0048639230707609,0.0,0.0,-0.9232271249949286,-0.3387694699206584,0.0,0.0,0.0,0.8660254037844,0.5000000000000671,0.0
control,237.75,-0.0468366807460704,0.0739408138504932,-0.0047202622300192,-0.4336505041691719,0.0,0.0,-0.983162107558899,-0.2139539742224521,0.0,0.0,0.0,1.0,6.026685907269132e-14,0.0
control,238.0,0.0276112233564272,0.7859661637052308,0.7263371981022898,-0.7089060177735889,0.0,0.0,0.1838340187406385,5.066763719435163,0.0,0.0,0.0,0.8660254037844602,-0.4999999999999626,0.0
control,238.25,0.0476322917100394,0.8519461792304693,0.6145731883481517,0.665536876907729,0.0,0.0,2.898078677242528,11.726129222079438,1.0,1.0,3.0,0.5000000000000717,-0.8660254037843973,0.0
control,238.5,0.1268467434404426,-0.7840613640314373,-0.7643288043422254,0.5085669838300263,0.0,0.0,3.357322181026964,2.020592855033477,1.0,0.0,3.0,6.565716193084944e-14,-1.0,0.0
control,238.75,0.1479962337605081,-0.0530456359760368,-0.0017883088331994,-0.7399561778693345,0.0,0.0,1.990661985104538,-5.838105896918687,1.0,0.0,3.0,-0.499999999999958,-0.8660254037844629,0.0
control,239.0,0.1467170727109412,0.2595232772820067,0.3505116510264756,-0.6107331193111933,0.0,0.0,1.1230816327471351,-3.6900637277842447,1.0,0.0,3.0,-0.8660254037844229,-0.5000000000000272,0.0
control,239.25,0.1421292946960751,0.3207641048330069,0.3631781599353059,-0.6440411228264263,0.0,0.0,0.2225806045149889,-3.831754483135585,0.0,0.0,0.0,-1.0,-7.104746478900754e-14,0.0
control,239.5,0.1341245279504146,0.286424220968862,0.330025144065984,0.2385597788656543,0.0,0.0,-0.2200552303554169,-1.8611003767816088,0.0,0.0,0.0,-0.8660254037844656,0.4999999999999533,0.0
control,239.75,0.1358932981515907,0.1279273329558488,-0.0228083591540019,-0.4006570505767391,0.0,0.0,0.2287484493299403,1.975659799346472,0.0,0.0,0.0,-0.5000000000000319,0.8660254037844203,0.0
control,240.0,0.1316357098358708,0.3734393524983413,0.3582945627973385,-0.9054238171115232,0.0,0.0,1.0046456305879383,3.383471883298794,0.0,0.0,0.0,-7.643776764716566e-14,1.0,0.0
control,240.25,0.1317870733577951,-0.1661864232714301,-0.1494712812800025,-1.0675465102450383,0.0,0.0,0.6113556168840557,-1.6487157130790984,0.0,0.0,0.0,0.4999999999999486,0.8660254037844682,0.0
control,240.5,0.1377992990157709,0.034136114727393,0.0381008271879887,-0.659042015525228,0.0,0.0,0.096195417387492,-2.173245608682509,0.0,0.0,0.0,0.8660254037844176,0.5000000000000365,0.0
control,240.75,0.1236344314629398,0.076945646599955,0.1139171261613378,-0.538415129589163,0.0,0.0,0.4534407621440462,1.58159226306221,0.0,0.0,0.0,1.0,8.182807050532378e-14,0.0
control,241.0,0.1520562612460608,-0.2698827379797457,-0.2920139519232947,-0.4675464564779514,0.0,0.0,1.418797400840878,4.1989063456744,0.0,0.0,0.0,0.866025403784471,-0.499999999999944,0.0
control,241.25,0.1346140224851288,1.1912436273242528,1.0190072433618491,0.4197429790809862,0.0,0.0,3.047050371456347,7.052015508637931,1.0,1.0,7.0,0.5000000000000412,-0.8660254037844148,0.0
control,241.5,0.0870270513384876,0.5710344299019622,0.7840789218050942,-0.0157922266067416,0.0,0.0,3.8924997956175633,3.682825088282576,1.0,0.0,7.0,3.0374954502673893e-14,-1.0,0.0
control,241.75,0.0732225393126531,0.3448360698985633,0.4263514947937246,-0.6784653176939445,0.0,0.0,3.4603783945607853,-1.815846200506099,1.0,0.0,7.0,-0.4999999999999393,-0.8660254037844737,0.0
control,242.0,0.0533499511961487,-0.0354956082812626,-0.1136469572394061,-0.6859037733403366,0.0,0.0,2.3734602565541465,-4.634094665787346,1.0,0.0,7.0,-0.8660254037844122,-0.5000000000000459,0.0
control,242.25,0.0730712904076261,0.946209056296986,0.6409511661892477,-0.3954231145756066,0.0,0.0,1.914042018615768,-1.9333319244071547,0.0,0.0,0.0,-1.0,-3.5765257360832006e-14,0.0
control,242.5,0.0499241845972128,0.4817615478014992,0.4489644611575605,0.1407886273010245,0.0,0.0,1.7595414568258945,-0.6209647051605323,0.0,0.0,0.0,-0.8660254037844763,0.4999999999999346,0.0
control,242.75,0.0222310749098898,-0.2445648485031416,-0.1572353902716323,-0.8301697358009354,0.0,0.0,1.010440719253033,-3.180126866936367,0.0,0.0,0.0,-0.5000000000000505,0.8660254037844095,0.0
control,243.0,-0.0261224793549282,0.0796463620336345,0.0336337394069925,-0.197110797807254,0.0,0.0,0.4128176808948159,-2.528166083923644,0.0,0.0,0.0,-4.1155560218990125e-14,1.0,0.0
control,243.25,-0.0538770601685376,-0.4126020759808816,-0.3975230646577387,-1.0981144760692356,0.0,0.0,0.037743414754693,-1.5703150434993305,0.0,0.0,0.0,0.49999999999993,0.8660254037844791,0.0
control,243.5,-0.0939075394441219,0.1409140100399357,0.1629728667809478,-0.270427437692279,0.0,0.0,0.0,-0.1184413542115352,0.0,0.0,0.0,0.8660254037844068,0.5000000000000552,0.0
control,243.75,-0.1326099906812903,-0.9257408857171692,-0.9046691893256074,-0.6073210435435411,0.0,0.0,0.0556817061911545,0.2836608385251264,0.0,0.0,0.0,1.0,4.654586307714824e-14,0.0
control,244.0,-0.1401427948120264,-0.7303271892632165,-0.7366922005534321,-0.4546894046776315,0.0,0.0,0.1530480532240364,0.463071743388865,0.0,0.0,0.0,0.8660254037844534,-0.4999999999999745,0.0
control,244.25,-0.1473762076971984,-0.381658052339149,-0.3373090210006407,-0.7706210742865675,0.0,0.0,0.0201684869497359,-0.5279078311854851,1.0,1.0,5.0,0.5000000000000598,-0.8660254037844041,0.0
control,244.5,-0.154048237436178,-0.5078417370281456,-0.4823355090304643,-1.3345597830369027,0.0,0.0,-0.3352355203720555,-1.4856541501285498,1.0,0.0,5.0,5.193616593530636e-14,-1.0,0.0
control,244.75,-0.1712908329118788,-0.0697667318981254,0.0017883088331994,-0.4483732775772028,0.0,0.0,2.2073493214434974,10.98730450346486,1.0,0.0,5.0,-0.4999999999999698,-0.866025403784456,0.0
control,245.0,-0.1809411083162123,0.3453270212880077,0.1907403435626931,1.0011365692100975,0.0,0.0,4.6216593810278255,10.43520919242008,1.0,0.0,5.0,-0.8660254037844298,-0.5000000000000153,0.0
control,245.25,-0.1998912008414444,0.7506802824724227,0.6690654495209144,0.9157447952488034,0.0,0.0,4.888457615059935,1.1923074413698145,0.0,0.0,0.0,-1.0,-4.830499326564693e-16,0.0
control,245.5,-0.2131369428375056,0.0398473599410565,0.0067508058225569,-0.6707982220246487,0.0,0.0,4.038228679295979,-3.615383143069176,0.0,0.0,0.0,-0.8660254037844871,0.4999999999999159,0.0
control,245.75,-0.2444911558972432,0.1574279599302226,0.1645553753338662,-0.7260536274750451,0.0,0.0,1.7561659513184598,-9.77800302147686,0.0,0.0,0.0,-0.5000000000000692,0.8660254037843987,0.0
control,246.0,-0.2697051288765669,-0.2795658640894668,-0.2840036758761126,-0.7050273326919313,0.0,0.0,0.5919667782858402,-4.966712631130069,0.0,0.0,0.0,-6.27167716516226e-14,1.0,0.0
control,246.25,-0.2724391564473873,-0.0098321752237284,0.1561049120108325,-0.3064479927743789,0.0,0.0,0.001477908855325,-2.497460584801567,0.0,0.0,0.0,0.4999999999999605,0.8660254037844615,0.0
control,246.5,-0.2957326645054292,-0.1507046953223153,-0.1273904359725975,-0.5828742554404998,0.0,0.0,-0.4259475734895471,-1.7956349426361198,0.0,0.0,0.0,0.8660254037844245,0.5000000000000246,0.0
control,246.75,-0.3265315252028957,-0.0544312667532582,-0.1658807029162904,-0.0418182185011963,0.0,0.0,-0.539993013851,-0.4468456580658581,0.0,0.0,0.0,1.0,1.1263655648972708e-14,0.0
control,247.0,-0.347221037072256,0.1221012962525074,-0.0224526569692968,-0.65079411775178,0.0,0.0,-0.547761118839428,0.010572530522553,0.0,0.0,0.0,0.8660254037844926,-0.4999999999999066,0.0
control,247.25,-0.3543629737646555,-0.8562550708086716,-0.8038771009988842,-0.3012543392296078,0.0,0.0,-0.5802028859016987,-0.0956230357479608,1.0,1.0,7.0,0.5000000000000785,-0.8660254037843933,0.0
control,247.5,-0.3722658414644056,-0.2095209101883942,-0.2236132929820053,-0.5315905670049188,0.0,0.0,-0.6782570048616883,-0.3780189299312252,1.0,0.0,7.0,7.349737736793885e-14,-1.0,0.0
control,247.75,-0.4023602339596973,-0.7454789232601721,-0.6657486921534885,-0.8480420746239262,0.0,0.0,-0.6970866874673374,-0.0370365554489758,1.0,0.0,7.0,-0.4999999999999512,-0.8660254037844668,0.0
control,248.0,-0.412102947892188,-0.8993571324073407,-0.8618599669645759,-0.6505693254439384,0.0,0.0,-0.6726137165172896,0.1493382843133864,1.0,0.0,7.0,-0.8660254037844191,-0.500000000000034,0.0
control,248.25,-0.4288731594986483,-0.0499965334460877,-0.1133729532357111,0.7967760217745404,0.0,0.0,-0.2204212748028228,1.9902450482471128,0.0,0.0,0.0,-1.0,-2.2044261365288943e-14,0.0
control,248.5,-0.4216360357053404,-0.1780452780058973,-0.1403488318097052,-0.0835814291772144,0.0,0.0,1.499295997404947,7.445678324966628,0.0,0.0,0.0,-0.866025403784441,0.4999999999999958,0.0
control,248.75,-0.4180163931350775,-0.3844877633097457,-0.3930572471235786,0.1301771669377461,0.0,0.0,3.084671933160301,6.8674725338925,0.0,0.0,0.0,-0.5000000000000878,0.866025403784388,0.0
control,249.0,-0.438028542954352,-0.1849247003690617,-0.2914218888568484,-0.0212236998166905,0.0,0.0,2.7570705985045967,-1.3659913064544882,0.0,0.0,0.0,-8.427798308425509e-14,1.0,0.0
control,249.25,-0.4419471197911163,-0.4038850712576485,-0.4063181669671229,-1.025677971407513,0.0,0.0,1.311000004410555,-6.17988865200237,0.0,0.0,0.0,0.4999999999999419,0.8660254037844722,0.0
control,249.5,-0.4262657248030284,0.0109807436468792,-0.0292896672390061,-0.1296523802971985,0.0,0.0,-0.0694989047993424,-5.8976677888510665,0.0,0.0,0.0,0.8660254037844136,0.5000000000000433,0.0
control,249.75,-0.4123591836428927,-0.3660477114982504,-0.3717905281995818,-0.2751769995453816,0.0,0.0,-0.7581821643123398,-2.920089736006964,0.0,0.0,0.0,1.0,3.282486708160518e-14,0.0
control,250.0,-0.4176779197601288,-0.3131884668040061,-0.321311851726443,-0.9500848193215102,0.0,0.0,-0.8408419131141806,-0.3117614829649059,0.0,0.0,0.0,0.8660254037844465,-0.4999999999999864,0.0
control,250.25,-0.4118657824582013,-0.2809658880306835,-0.2627201850052951,-1.0370677155790362,0.0,0.0,-0.6769355199942291,0.749460438051812,1.0,1.0,1.0,0.5000000000000971,-0.8660254037843825,0.0
control,250.5,-0.4019203499351381,-0.649081607364195,-0.6540057549053406,-0.6205898031132103,0.0,0.0,-0.6380586860926473,0.2113325832562519,1.0,0.0,1.0,9.505858880057133e-14,-1.0,0.0
control,250.75,-0.3873870992068673,-0.5378582487976864,-0.6020122283311808,-0.5664365031309746,0.0,0.0,0.4614016795769226,4.77608946434708,1.0,0.0,1.0,-0.4999999999999325,-0.8660254037844776,0.0
control,251.0,-0.3797191639863063,-0.4516619908553637,-0.4900235564677415,-0.1773763731498961,0.0,0.0,2.0555448502568767,6.9052067573190055,1.0,0.0,1.0,-0.8660254037844083,-0.5000000000000526,0.0
control,251.25,-0.34875780034412,-0.4341904551244249,-0.4943712103893958,-0.3026494740535715,0.0,0.0,1.9242029369761096,-0.5212897649297691,0.0,0.0,0.0,-1.0,-4.360547279792143e-14,0.0
control,251.5,-0.3659362051471361,-0.4618762508023935,-0.4201878605203098,-0.6031965590885582,0.0,0.0,0.5629136414716209,-5.8149895143744805,0.0,0.0,0.0,-0.8660254037844518,0.4999999999999771,0.0
control,251.75,-0.3517386479619077,-0.2306548668791036,-0.1794327632264935,-1.047256577571951,0.0,0.0,-0.5774436574479341,-4.864097084446736,0.0,0.0,0.0,-0.5000000000000081,0.866025403784434,0.0
control,252.0,-0.3351935089624388,-0.3203184267485328,-0.299963840307148,-0.5689113084383279,0.0,0.0,-0.9307570634516854,-1.4766561914894665,0.0,0.0,0.0,-1.0583919451688757e-13,1.0,0.0
control,252.25,-0.3122608707188982,-0.606302515928937,-0.622030077897483,-0.5288024170003804,0.0,0.0,0.4929878503574343,6.171811798526472,0.0,0.0,0.0,0.4999999999999232,0.866025403784483,0.0
control,252.5,-0.3352635398870539,-0.4536511262875704,-0.4190396979707162,-0.8910948318903072,0.0,0.0,1.7294038003588983,5.365546991507317,0.0,0.0,0.0,0.8660254037844028,0.500000000000062,0.0
control,252.75,-0.3480656192222523,-0.3637883659351315,-0.3336352527366535,-1.0321123716706877,0.0,0.0,0.7194360352482004,-4.302899871923536,0.0,0.0,0.0,1.0,5.438607851423766e-14,0.0
control,253.0,-0.3807813649236011,-0.4635843482161886,-0.4557531825124697,-1.190317456283175,0.0,0.0,-0.395929241186943,-4.756531293360088,0.0,0.0,0.0,0.8660254037844572,-0.4999999999999677,0.0
control,253.25,-0.3998169832383694,-0.1220136878633646,-0.1011529494808271,-0.9615168109007384,0.0,0.0,-0.757453098288273,-1.5119940145103985,1.0,1.0,10.0,0.5000000000000174,-0.8660254037844286,0.0
control,253.5,-0.4302908410234488,-0.3989225682141339,-0.3609651293150655,-0.9008821663017108,0.0,0.0,-0.6351893475257948,0.5702302948765701,1.0,0.0,10.0,2.9329625115877638e-15,-1.0,0.0
control,253.75,-0.4566030351609026,-0.397056103938413,-0.3924772323202854,-0.2213074389431928,0.0,0.0,-0.3901532387152701,1.0986431444267974,1.0,0.0,10.0,-0.4999999999999138,-0.8660254037844883,0.0
control,254.0,-0.4842239190844393,-0.2160920658446352,-0.322263548221933,-0.6072178145348065,0.0,0.0,-0.3103317234006454,0.3875586989990575,1.0,0.0,10.0,-0.8660254037843975,-0.5000000000000713,0.0
control,254.25,-0.528842753180705,-0.841777053177231,-0.8831326353438865,-0.6159159373092103,0.0,0.0,-0.385240258132345,-0.2784002184311233,0.0,0.0,0.0,-1.0,-6.516668423055391e-14,0.0
control,254.5,-0.5756417108263201,-0.1276545107790667,-0.1063908808914817,-0.8533633428149817,0.0,0.0,-0.3632636744322088,0.1385938209726207,0.0,0.0,0.0,-0.8660254037844627,0.4999999999999584,0.0
control,254.75,-0.6304584420027097,-0.6175495707554798,-0.6510711257862318,-0.774651078117141,0.0,0.0,-0.1900119866445874,0.7896826335340997,0.0,0.0,0.0,-0.5000000000000268,0.8660254037844233,0.0
control,255.0,-0.681425356805621,-0.4243738861468831,-0.4222949167295901,-0.1103364279842388,0.0,0.0,-0.1709221941887475,0.1261690568668577,0.0,0.0,0.0,-1.3713568227904002e-14,1.0,0.0
control,255.25,-0.7263452861434763,-0.5254895286498718,-0.5173456676215097,-0.6203377910580102,0.0,0.0,1.5065361489846032,7.263795680818998,0.0,0.0,0.0,0.4999999999999045,0.8660254037844938,0.0
control,255.5,-0.783096209847463,-0.3864353465949863,-0.386537129645397,-0.6936860412918092,0.0,0.0,4.25556808197128,11.875853827282496,0.0,0.0,0.0,0.8660254037843921,0.5000000000000806,0.0
control,255.75,-0.8436402216309961,-0.5262991490476412,-0.590823339299273,-0.8882043641424644,0.0,0.0,3.225364449746557,-4.389995146257656,0.0,0.0,0.0,1.0,7.594728994687013e-14,0.0
control,256.0,-0.8937745369595976,-0.5998465514662954,-0.5730910894047282,-0.570246326879321,0.0,0.0,0.2757363743528755,-12.651207650739702,0.0,0.0,0.0,0.866025403784468,-0.4999999999999491,0.0
control,256.25,-0.9245768629575652,-0.8610841695135052,-0.9504091059552788,-1.0251939077695618,0.0,0.0,-0.6144329161176448,-3.787286631591265,1.0,1.0,5.0,0.5000000000000361,-0.8660254037844178,0.0
control,256.5,-0.9698779563713754,-0.9830373657650328,-0.990474085976594,-0.2909456438106456,0.0,0.0,-0.4990232171040669,0.5407304215078121,1.0,0.0,5.0,2.4494173944220243e-14,-1.0,0.0
control,256.75,-1.0129343686402257,-0.5958230511202784,-0.587180933842642,0.4764102003306691,0.0,0.0,-0.4254729654321392,0.3605671485849047,1.0,0.0,5.0,-0.4999999999999936,-0.8660254037844423,0.0
control,257.0,-1.0529194238994928,-0.9600236316292976,-1.059643161645739,-0.3675203977181439,0.0,0.0,-0.4844948838042265,-0.210024141325813,1.0,0.0,5.0,-0.8660254037843867,-0.5000000000000899,0.0
control,257.25,-1.088865585466225,-0.9270312025552204,-0.9420753815367928,-0.9702692486503364,0.0,0.0,-0.5836807546152882,-0.3828899956182971,0.0,0.0,0.0,-1.0,-8.672789566318638e-14,0.0
control,257.5,-1.1163513669541627,-1.179617991727593,-1.2335613033679822,-0.2415237998265805,0.0,0.0,-0.591395573340064,0.0108018748706301,0.0,0.0,0.0,-0.8660254037844735,0.4999999999999397,0.0
control,257.75,-1.167725792089966,-1.4298972029289,-1.454758698707009,0.0183609619402338,0.0,0.0,-0.54085102562619,0.2615504824748775,0.0,0.0,0.0,-0.5000000000000454,0.8660254037844124,0.0
control,258.0,-1.2122025894283108,-1.3469513603420151,-1.349319767789431,-0.3897921986507198,0.0,0.0,-0.5485481879913348,0.0108778679317196,0.0,0.0,0.0,-3.527477966053648e-14,1.0,0.0
control,258.25,-1.2497084175513151,-0.8431341467430992,-0.865237507764174,-0.4832168486801506,0.0,0.0,-0.6357869912640394,-0.3314697565507885,0.0,0.0,0.0,0.4999999999999843,0.8660254037844477,0.0
control,258.5,-1.2767840707522071,-1.0503532367259896,-1.1057571000226885,0.027250964061946,0.0,0.0,-0.6359280005823144,0.0433995888354719,0.0,0.0,0.0,0.8660254037843813,0.5000000000000993,0.0
control,258.75,-1.3044060260460384,-1.3033293357329547,-1.3451037982320906,-0.7665891401811306,0.0,0.0,-0.6002325318904057,0.1976399713146819,0.0,0.0,0.0,1.0,9.750850137950261e-14,0.0
control,259.0,-1.3272215901988975,-1.3294205743165766,-1.3586158606404308,-0.8153458875350591,0.0,0.0,0.5395544284393591,4.9496553315817176,0.0,0.0,0.0,0.8660254037844788,-0.4999999999999304,0.0
control,259.25,-1.339842274524256,-1.4332559606883193,-1.4745653861809014,-1.302442321641455,0.0,0.0,3.0469080755314515,10.835669263310905,1.0,1.0,2.0,0.5000000000000547,-0.8660254037844071,0.0
control,259.5,-1.3818725853409228,-1.0500071325595983,-0.9630534764472192,-0.613758433509319,0.0,0.0,2.1954029621958515,-3.6208758177875375,1.0,0.0,2.0,4.6055385376852725e-14,-1.0,0.0
control,259.75,-1.4099971141483392,-1.3600902516713709,-1.3834494472520136,-0.1546481162959196,0.0,0.0,-0.3676485323059756,-10.987380092760343,1.0,0.0,2.0,-0.4999999999999749,-0.8660254037844531,0.0
control,260.0,-1.4384875990811663,-1.0365063630244715,-1.118804413743142,-0.1731724845363811,0.0,0.0,-0.7270822315832358,-1.5029979646716043,1.0,0.0,2.0,-0.8660254037844328,-0.5000000000000102,0.0
control,260.25,-1.4614924217817515,-1.177491118448839,-1.2661010394116805,-0.216895211012096,0.0,0.0,-0.7670508734464521,-0.1280187429332777,0.0,0.0,0.0,-1.0,-1.0828910709581885e-13,0.0
control,260.5,-1.4950092052594837,-1.5072659561076551,-1.5243516428712074,-0.0415869455584239,0.0,0.0,-0.8008406915238943,-0.1014250541305279,0.0,0.0,0.0,-0.8660254037844842,0.499999999999921,0.0
control,260.75,-1.526006425384075,-1.705412692835056,-1.7541479262911872,-0.7633059151338445,0.0,0.0,-0.8233587699886001,-0.0529114298681082,0.0,0.0,0.0,-0.5000000000000641,0.8660254037844016,0.0
control,261.0,-1.5401436524021364,-1.689074679425378,-1.7427432749919085,-0.4828169047232409,0.0,0.0,-0.2583235447400024,2.4759209589037656,0.0,0.0,0.0,-5.6835991093168957e-14,1.0,0.0
control,261.25,-1.5442639579562671,-1.5717551328478363,-1.659712755312322,-0.8881249060556929,0.0,0.0,2.289128954295375,11.008254924740912,0.0,0.0,0.0,0.4999999999999656,0.8660254037844585,0.0
control,261.5,-1.5483853962825946,-1.6131557234704963,-1.6436138478869236,-0.918344848434211,0.0,0.0,3.991849058417868,7.372522427621146,0.0,0.0,0.0,0.8660254037844274,0.5000000000000195,0.0
control,261.75,-1.5589763147056126,-1.40211096921953,-1.4265815671534596,-0.3724834841175202,0.0,0.0,2.3138088538779127,-7.178287027773661,0.0,0.0,0.0,1.0,5.382875090519059e-15,0.0
control,262.0,-1.5616675492389096,-1.1745101517576133,-1.20638438531014,0.0964360239159999,0.0,0.0,0.394343583402773,-8.217381731760188,0.0,0.0,0.0,0.8660254037844897,-0.4999999999999117,0.0
control,262.25,-1.5667653385853444,-1.4115008461949343,-1.410281146343256,-0.96883304248483,0.0,0.0,-0.5894862373799744,-4.190402027430622,1.0,1.0,4.0,0.5000000000000734,-0.8660254037843963,0.0
control,262.5,-1.5604404324479089,-1.6054755891948,-1.6249127656349716,-0.6948254889386852,0.0,0.0,-1.08926566195714,-2.1070466756924846,1.0,0.0,4.0,6.76165968094852e-14,-1.0,0.0
control,262.75,-1.5667792604449775,-1.786890334907046,-1.853061385731693,-0.925548640969356,0.0,0.0,-1.0939667635589645,0.0237729285996272,1.0,0.0,4.0,-0.4999999999999563,-0.8660254037844639,0.0
control,263.0,-1.583148433479815,-1.7888090308355336,-1.8323681469164412,-0.5749306804540074,0.0,0.0,1.9130875832859424,12.986383600615508,1.0,0.0,4.0,-0.866025403784422,-0.5000000000000289,0.0
control,263.25,-1.5962275626966695,-1.7318764658952113,-1.7741148351107576,-1.1198075665069858,0.0,0.0,4.307559491678668,10.349825689426188,0.0,0.0,0.0,-1.0,-1.6163480806835296e-14,0.0
control,263.5,-1.6148894711273063,-1.6749760549131,-1.7067028025313673,-1.3953971809216794,0.0,0.0,3.3119955646029946,-4.240905680221454,0.0,0.0,0.0,-0.866025403784495,0.4999999999999024,0.0
control,263.75,-1.6190597358800067,-1.697453335384919,-1.7472033755134997,-0.3828553642067463,0.0,0.0,2.7223627790361173,-2.493775995525685,0.0,0.0,0.0,-0.5000000000000827,0.8660254037843909,0.0
control,264.0,-1.6292624182156157,-1.716300484442777,-1.711437993242484,-0.3878404091297501,0.0,0.0,2.0630659412598567,-2.7936104283283014,0.0,0.0,0.0,-7.839720252580144e-14,1.0,0.0
control,264.25,-1.632413132169552,-1.4806916433014576,-1.5636262216076868,-0.438434429081507,0.0,0.0,1.6971741158044655,-1.5307937723826976,0.0,0.0,0.0,0.4999999999999469,0.8660254037844692,0.0
control,264.5,-1.635362241698474,-1.3557650613504888,-1.4326073452313064,-0.4975773372940351,0.0,0.0,1.323039881741962,-1.566269140686182,0.0,0.0,0.0,0.8660254037844166,0.5000000000000382,0.0
control,264.75,-1.6381420058771483,-1.561532793529108,-1.6360493278275383,-0.7064931191807677,0.0,0.0,1.3949166794736996,0.3533645943684182,0.0,0.0,0.0,1.0,2.694408652315153e-14,0.0
control,265.0,-1.6275163027141493,-1.3357525911584165,-1.371658268869851,-1.072399796482034,0.0,0.0,1.2905308596444671,-0.4052706024738909,0.0,0.0,0.0,0.8660254037844435,-0.4999999999999915,0.0
control,265.25,-1.6246538949143623,-1.4302672469766469,-1.5117406416778882,-1.254044855418558,0.0,0.0,0.0550188058465658,-5.273643630370722,1.0,1.0,2.0,0.500000000000092,-0.8660254037843855,0.0
control,265.5,-1.6280210777652928,-1.2779155290848314,-1.3441924797809717,-0.7489467459069643,0.0,0.0,-0.4839579573829838,-2.2757522193620616,1.0,0.0,2.0,8.917780824211766e-14,-1.0,0.0
control,265.75,-1.6293605049751898,-1.3438130911952937,-1.359683124059543,-0.8569812510761123,0.0,0.0,-0.4626417785192851,0.1357514352188006,1.0,0.0,2.0,-0.4999999999999376,-0.8660254037844747,0.0
control,266.0,-1.6231153859676044,-1.3733164931559134,-1.40139438732163,-0.8046675985659364,0.0,0.0,-0.5371256237701998,-0.2765723527593754,1.0,0.0,2.0,-0.8660254037844112,-0.5000000000000475,0.0
control,266.25,-1.6328858476091035,-1.5394326533933425,-1.576326973091101,-0.0938297734727677,0.0,0.0,-0.5404277966541166,0.0297939248719155,0.0,0.0,0.0,-1.0,-3.7724692239467775e-14,0.0
control,266.5,-1.6303404801964911,-1.3634015731953075,-1.4167759168815706,-0.7127416786093748,0.0,0.0,0.3350644394160856,3.812129502580102,0.0,0.0,0.0,-0.8660254037844489,0.4999999999999822,0.0
control,266.75,-1.6460495983328238,-1.7124253208613025,-1.7864413412690805,-0.1043654950044333,0.0,0.0,3.0705273370765505,11.817452630658376,0.0,0.0,0.0,-0.5000000000001014,0.8660254037843801,0.0
control,267.0,-1.6659395650504087,-1.7955722143632211,-1.8340549368189372,-0.0741057808564746,0.0,0.0,3.517534512998876,1.967927638070562,0.0,0.0,0.0,-9.99584139584339e-14,1.0,0.0
control,267.25,-1.6562336263961717,-1.6356663023066684,-1.702379368043858,-0.1255449417064759,0.0,0.0,0.6308027788969016,-12.380501479931873,0.0,0.0,0.0,0.4999999999999283,0.86602540378448,0.0
control,267.5,-1.6581010925382882,-1.9124650936444445,-1.9739645241963588,-0.519224021198483,0.0,0.0,-0.8026232343955543,-6.125466312324577,0.0,0.0,0.0,0.8660254037844058,0.5000000000000568,0.0
control,267.75,-1.6513810974882015,-1.3428842363887137,-1.3181546837930884,0.6278772968498358,0.0,0.0,-0.8641373064472379,-0.2207503833585442,0.0,0.0,0.0,1.0,4.850529795578401e-14,0.0
control,268.0,-1.6476990136414793,-1.2604107964596605,-1.2762674082465544,-0.5300931661143015,0.0,0.0,-0.9532654031368084,-0.3396012849657757,0.0,0.0,0.0,0.8660254037844544,-0.4999999999999728,0.0
control,268.25,-1.630337942250898,-1.2645499188795015,-1.336316495004173,-0.4943815302265721,0.0,0.0,-1.017506189567454,-0.2324861758268548,1.0,1.0,7.0,0.5000000000000123,-0.8660254037844315,0.0
control,268.5,0.626622056645727,0.8727589275136864,0.5328053223235621,9.87841114630664,1.0,1.0,-1.0644302644502204,-0.1579549618033101,1.0,0.0,7.0,1.1073901967475015e-13,-1.0,0.0
control,268.75,0.639587643684167,0.4284161652232158,0.4611932875237362,0.4732162565499071,0.0,0.0,-1.0632812565174286,0.0489518296040208,1.0,0.0,7.0,-0.4999999999999189,-0.8660254037844854,0.0
control,269.0,0.6447990894537845,1.5737202792813607,1.4239022122823084,0.208196066413607,0.0,0.0,-0.9967912357242116,0.3301798791993802,1.0,0.0,7.0,-0.8660254037844004,-0.5000000000000662,0.0
control,269.25,0.6751492339271589,0.9050422915738744,0.8300212232925188,0.1567260574172939,0.0,0.0,-0.8253943968418425,0.7816993544711868,0.0,0.0,0.0,-1.0,-5.928590367210024e-14,0.0
control,269.5,0.6771837471274437,0.2726299105360346,0.1872809891871264,0.5080613911811983,0.0,0.0,-0.4377198856789367,1.712559549069095,0.0,0.0,0.0,-0.8660254037844597,0.4999999999999635,0.0
control,269.75,0.6545483551560927,1.3609425336221228,1.3274861803809588,0.0012465185163267,0.0,1.0,0.1105154124755974,2.4036139877813567,0.0,0.0,0.0,-0.5000000000000216,0.8660254037844262,0.0
control,270.0,0.6738322850260315,1.8998410318213743,1.9448047390255243,-0.1149954912985007,0.0,0.0,0.4087151389394626,1.3274596235043323,0.0,0.0,0.0,-7.832787669450353e-15,1.0,0.0
control,270.25,0.6501999247618628,1.078522379713452,1.099378058682238,-0.4666833139787116,0.0,0.0,0.6334606667448538,1.011312381228811,0.0,0.0,0.0,0.4999999999999096,0.8660254037844909,0.0
control,270.5,0.665320088433931,0.5416635396374441,0.489428168281477,0.0157781354307404,0.0,0.0,1.5791882148513858,4.11442264056514,0.0,0.0,0.0,0.8660254037843951,0.5000000000000755,0.0
control,270.75,0.6782917643090145,-0.0815542393393175,-0.0469293165260188,1.0532178010830893,0.0,0.0,2.768625829417139,5.16335199835588,0.0,0.0,0.0,1.0,7.006650938841648e-14,0.0
control,271.0,0.6625362240962338,0.4381301964739639,0.630044587800427,0.9431125938020012,0.0,0.0,2.761231841928353,0.012182734131863,0.0,0.0,0.0,0.8660254037844651,-0.4999999999999541,0.0
control,271.25,0.6850907382165383,1.7831604956048872,1.743182501243397,0.7499826391738086,0.0,0.0,2.3148323228873764,-1.877299292474016,1.0,1.0,6.0,0.500000000000031,-0.8660254037844208,0.0
control,271.5,0.7329388319616195,1.1810415837872243,1.0210861576073869,0.9266385817087908,0.0,0.0,1.6706164896955995,-2.728701708374837,1.0,0.0,6.0,1.8613393385766592e-14,-1.0,0.0
control,271.75,0.7565810306723703,0.9438075576151216,0.8010359917408892,1.2529664645234495,0.0,0.0,0.7852150694435986,-3.766765694073168,1.0,0.0,6.0,-0.4999999999999002,-0.8660254037844962,0.0
control,272.0,0.7943522568273806,0.9935716379489536,0.9263601358514276,2.4641318271135413,0.0,0.0,1.842879701110968,4.596200413959181,1.0,0.0,6.0,-0.8660254037843896,-0.5000000000000848,0.0
control,272.25,0.7825677589642565,0.9929713462192852,1.1421222763766372,-0.0976216761183464,0.0,0.0,2.9173019194062912,4.668325151501459,0.0,0.0,0.0,-1.0,-8.084711510473273e-14,0.0
control,272.5,0.8724525102506568,1.201857874699917,0.9532644661993152,0.3171144406974866,0.0,0.0,3.647052870181091,3.18485827406857,0.0,0.0,0.0,-0.8660254037844705,0.4999999999999448,0.0
control,272.75,0.8928066448898413,2.086834978843069,2.302690374430373,1.235726094669772,0.0,1.0,2.7439999784625555,-3.842737716478539,0.0,0.0,0.0,-0.5000000000000403,0.8660254037844154,0.0
control,273.0,0.9698725016490012,1.9339155099426049,2.370059186010483,0.6443924429948267,0.0,0.0,0.2155835694300899,-10.838310509848863,0.0,0.0,0.0,-2.939399910208283e-14,1.0,0.0
control,273.25,0.9473361215593346,1.843921723180936,1.9526038151162428,2.4479776396767763,0.0,0.0,-0.4586433242255404,-2.857869464292037,0.0,0.0,0.0,0.4999999999999894,0.8660254037844447,0.0
control,273.5,1.0060683423588994,2.5277071601048955,2.3036108481551523,2.1171622059895423,0.0,1.0,-0.5177336846974868,-0.2103187164695239,0.0,0.0,0.0,0.8660254037843842,0.5000000000000941,0.0
control,273.75,1.0165471215441026,2.233144458750446,2.2082755412250754,0.0490369950134487,0.0,1.0,-0.6744907594765952,-0.6306767484709841,0.0,0.0,0.0,1.0,9.162772082104897e-14,0.0
control,274.0,1.290955093381296,1.580114118169616,1.3488293434060818,1.779287129703572,0.0,0.0,-0.862049291699217,-0.7632463769834341,0.0,0.0,0.0,0.8660254037844759,-0.4999999999999355,0.0
control,274.25,1.443394943148425,1.166737650586935,0.7031837370295353,2.8290453379439837,0.0,0.0,-0.9511273147392608,-0.3393857677251322,1.0,1.0,2.0,0.5000000000000496,-0.86602540378441,0.0
control,274.5,1.432785847527366,0.3272791825320875,0.3463240446068272,1.2046684190552666,0.0,0.0,-0.907458945349952,0.2319553762126274,1.0,0.0,2.0,4.0174604818399075e-14,-1.0,0.0
control,274.75,1.471198251028954,-0.3980045618831399,-0.4069812478632699,0.2527053101729553,0.0,0.0,-0.1934170941700958,3.117246230015588,1.0,0.0,2.0,-0.49999999999998,-0.8660254037844501,0.0
control,275.0,1.4649524100837654,-0.4767321853835615,-0.4279713005840591,0.289589524183045,0.0,0.0,1.854416519177292,8.857892715584816,1.0,0.0,2.0,-0.8660254037843789,-0.5000000000001036,0.0
control,275.25,1.460916529550392,-0.1446061729111074,0.029826627373981,2.941035589903205,0.0,0.0,2.0137361931228432,0.7297191755431713,0.0,0.0,0.0,-1.0,-1.0240832653736521e-13,0.0
control,275.5,1.4870917326783533,-0.4363888071664429,-0.4551816585599442,2.4711257311573136,0.0,0.0,0.7953640763832108,-5.199873254643909,0.0,0.0,0.0,-0.8660254037844812,0.4999999999999261,0.0
control,275.75,1.4972856509147352,-0.0572797320426567,0.250868469306871,1.9885724187875768,0.0,0.0,0.6462039100464047,-0.5979796161393063,0.0,0.0,0.0,-0.500000000000059,0.8660254037844046,0.0
control,276.0,1.4812516117352317,-0.1658839124183105,-0.0881188785425188,1.6152915344411682,0.0,0.0,0.4669805127535348,-0.7273719141186561,0.0,0.0,0.0,-5.09552105347153e-14,1.0,0.0
control,276.25,1.4711857198295408,-0.6459462684970567,-0.6985030031578074,0.3228153199407603,0.0,0.0,0.736673468721944,1.2047663392140415,0.0,0.0,0.0,0.4999999999999707,0.8660254037844556,0.0
control,276.5,1.4637563023735063,-0.4347541864471511,-0.6263548547538069,1.219168333526304,0.0,0.0,1.0581496760853144,1.4276417149389171,0.0,0.0,0.0,0.8660254037844304,0.5000000000000144,0.0
control,276.75,1.4543455747972511,-0.5905248203295378,-0.6830773178687034,0.9298014791931036,0.0,0.0,1.0909783645700086,0.1853013348136591,0.0,0.0,0.0,1.0,1.1318893225368145e-13,0.0
control,277.0,1.4446091700040078,-0.1710830266416289,-0.2592313565144588,2.7051576108316358,0.0,0.0,1.080165455678196,-0.0025323208665484,0.0,0.0,0.0,0.8660254037844867,-0.4999999999999168,0.0
control,277.25,1.4387854869102792,-0.2155936968448795,-0.201807757685654,-0.1354204461674986,0.0,0.0,1.609954617497105,2.3242217237630567,1.0,1.0,6.0,0.5000000000000683,-0.8660254037843992,0.0
control,277.5,1.429211422811862,-0.2959674110077001,-0.3614175066938608,1.625443901909873,0.0,0.0,4.714298420257169,13.405117910591052,1.0,0.0,6.0,6.173581625103155e-14,-1.0,0.0
control,277.75,1.4443428665729232,-0.3272406103703831,-0.3322297238032454,1.3900842768049015,0.0,0.0,5.659839431611618,4.113619785441386,1.0,0.0,6.0,-0.4999999999999613,-0.8660254037844609,0.0
control,278.0,1.4170386349020647,0.070563520006578,-0.0275790548733242,1.7872829915538022,0.0,0.0,3.0736760874477054,-11.086853610517002,1.0,0.0,6.0,-0.8660254037844249,-0.5000000000000238,0.0
control,278.25,1.3876213037735667,-0.4661319176444601,-0.5813228728292794,0.872131578465123,0.0,0.0,0.8244731858591738,-9.63657416261976,0.0,0.0,0.0,-1.0,-1.0282700248381648e-14,0.0
control,278.5,1.3686270636474709,0.2014930320486305,0.2288077568266988,0.0876359594332656,0.0,0.0,-0.4676118826604203,-5.517134171662092,0.0,0.0,0.0,-0.8660254037844921,0.4999999999999075,0.0
control,278.75,1.3751227113773683,-0.2800956999920354,-0.193971438749464,0.3304307797144666,0.0,0.0,-0.5823887604250327,-0.4499937683458602,0.0,0.0,0.0,-0.5000000000000776,0.8660254037843939,0.0
control,279.0,1.349898678904587,0.1140082963767682,0.1660197259840612,0.2244907157174575,0.0,0.0,-0.6457373111786547,-0.2286459889634405,0.0,0.0,0.0,-7.251642196734779e-14,1.0,0.0
control,279.25,1.3424945002383255,0.9233772442004796,0.8301155851767844,1.8874249312072784,0.0,0.0,0.6143681391730768,5.46750672074545,0.0,0.0,0.0,0.499999999999952,0.8660254037844664,0.0
control,279.5,1.343289356517008,-1.1227258296752154,-1.1646791466304816,-0.786654909785719,0.0,0.0,3.271169593468389,11.47889338084705,0.0,0.0,0.0,0.8660254037844195,0.5000000000000331,0.0
control,279.75,1.3173996960851293,-0.4637469447629708,-0.5305318962267479,0.5948121030053655,0.0,0.0,2.0322980462657507,-5.288102906964136,0.0,0.0,0.0,1.0,2.1063305964697886e-14,0.0
control,280.0,1.277421957700691,0.0787422723983606,0.0923729594130892,-0.4232168999788923,0.0,0.0,-0.7297402783956691,-11.843820415478984,0.0,0.0,0.0,0.8660254037844974,-0.4999999999998981,0.0
control,280.25,1.2464876220627064,0.027011869166289,0.0438325363497211,-0.4251958349408501,0.0,0.0,-0.8160673658683799,-0.3275457271396557,1.0,1.0,4.0,0.500000000000087,-0.8660254037843884,0.0
control,280.5,1.2229920109217132,-0.5515708943412586,-0.5660607383630373,0.3099374639536522,0.0,0.0,-0.5546740409181445,1.1690446853641392,1.0,0.0,4.0,8.329702768366404e-14,-1.0,0.0
control,280.75,1.2024375899518387,-0.148742160052331,-0.1207685716285104,1.9703515149836857,0.0,0.0,0.0212290726336293,2.5226964050887086,1.0,0.0,4.0,-0.4999999999999427,-0.8660254037844717,0.0
control,281.0,1.1844141378328434,-0.1429767812836681,-0.283427054107679,-0.0240928343395805,0.0,0.0,2.766896767609396,11.861374129880137,1.0,0.0,4.0,-0.8660254037844142,-0.5000000000000424,0.0
control,281.25,1.1581911863471872,-0.1428334437588731,-0.2074712332233451,0.4855332738325539,0.0,0.0,3.0304260656720614,1.1782379244355918,0.0,0.0,0.0,-1.0,-3.1843911681014124e-14,0.0
control,281.5,1.149475361671988,0.0617627501104513,0.2600977180823831,0.4507233880816259,0.0,0.0,0.9695692747333486,-8.825931550451111,0.0,0.0,0.0,-0.866025403784446,0.4999999999999873,0.0
control,281.75,1.1179152579618148,-0.1143567352372935,-0.2722481473468929,0.9483171087880804,0.0,0.0,1.7238164627266206,3.290290202864832,0.0,0.0,0.0,-0.5000000000000964,0.866025403784383,0.0
control,282.0,1.1174945767332465,-0.6223700445031648,-0.7021006449578581,1.87305448802676,0.0,0.0,2.5590857125982747,3.6390095666880455,0.0,0.0,0.0,-9.407763339998026e-14,1.0,0.0
control,282.25,1.1049572200090576,-0.0765690643493711,0.0081100616483074,1.979130631620817,0.0,0.0,3.161026139651978,2.634761133997824,0.0,0.0,0.0,0.4999999999999334,0.8660254037844771,0.0
control,282.5,1.0841397465601157,-0.0842362313362547,-0.1488160625718506,0.6936760119683402,0.0,0.0,3.6024067109450675,1.9437107033085568,0.0,0.0,0.0,0.8660254037844087,0.5000000000000517,0.0
control,282.75,1.0766643878231954,-0.6814091900287369,-0.7521301555801398,1.2732673837201376,0.0,0.0,5.674716880987768,8.963239939309936,0.0,0.0,0.0,1.0,4.262451739733036e-14,0.0
control,283.0,1.068782311768346,-0.2050267865874505,-0.2344546509395426,0.6531566292452003,0.0,0.0,6.238967705721325,2.472544895122541,0.0,0.0,0.0,0.8660254037844514,-0.4999999999999779,0.0
control,283.25,1.0621610416855594,-0.3561444264800321,-0.3574432182101582,2.7685584868788515,0.0,0.0,6.619912556643649,1.6835950573808354,1.0,1.0,6.0,0.5000000000000072,-0.8660254037844345,0.0
control,283.5,1.0646410409973552,-0.2315748820237373,-0.2672859394463309,0.0956728352066568,0.0,0.0,6.831730913390103,0.955673771655125,1.0,0.0,6.0,1.048582391162965e-13,-1.0,0.0
control,283.75,0.5960829952424802,0.9753593564787808,0.8882900065971148,0.9625562291007188,0.0,0.0,4.1734834762131925,-11.397103911169657,1.0,0.0,6.0,-0.499999999999924,-0.8660254037844825,0.0
control,284.0,-0.2804037261538367,-0.3795716435656302,-0.3328877501563713,1.8135215985305868,0.0,0.0,1.6471769307733382,-10.829229646282672,1.0,0.0,6.0,-0.8660254037844034,-0.5000000000000611,0.0
control,284.25,-0.2751672618970582,-0.102309318496751,-0.0987072398016006,0.5522300786020954,0.0,0.0,0.9484724763519666,-2.9632210095413543,0.0,0.0,0.0,-1.0,-5.34051231136466e-14,0.0
control,284.5,-0.2930788397367843,-0.8867620072055626,-0.9970423340018348,0.1888518353759996,0.0,0.0,2.968756555492426,8.739319381118376,0.0,0.0,0.0,-0.8660254037844568,0.4999999999999686,0.0
control,284.75,-0.330607025969664,-0.8431149977204073,-0.8569995401876318,0.6380907284447596,0.0,0.0,4.348079120911276,5.98061778653699,0.0,0.0,0.0,-0.5000000000000165,0.8660254037844292,0.0
control,285.0,-0.3333825649526932,-0.6422714823046107,-0.5819769769535568,-0.0489169173898407,0.0,0.0,4.516381469863578,0.7683806541721222,0.0,0.0,0.0,-1.1563884483261273e-13,1.0,0.0
control,285.25,-0.3314293501135017,-0.2007971704985872,-0.0768393337902314,-0.6042794255307612,0.0,0.0,1.9815801502466288,-10.865791197274856,0.0,0.0,0.0,0.4999999999999147,0.8660254037844879,0.0
control,285.5,-0.3194946512712631,0.2276274401240769,0.25056618630787,0.1997097136561769,0.0,0.0,-0.7484776564244231,-11.70617610441371,0.0,0.0,0.0,0.866025403784398,0.5000000000000704,0.0
control,285.75,-0.3097103954116753,0.6367622702069229,0.6003227260444609,0.502178111822519,0.0,0.0,-0.95224250069009,-0.8329984259260329,0.0,0.0,0.0,1.0,6.418572882996284e-14,0.0
control,286.0,-0.3086182921165417,-0.0443370632698331,-0.0171131316511696,0.1171842836783678,0.0,0.0,-0.7798172211971823,0.7861257680568505,0.0,0.0,0.0,0.8660254037844621,-0.4999999999999592,0.0
control,286.25,-1.4383572744584945,-0.1914620879573967,-0.1461862969132651,7.77405724133318,1.0,0.0,-0.2076135743248533,2.506773881802673,1.0,1.0,4.0,0.5000000000000259,-0.8660254037844237,0.0
control,286.5,-1.6733175217520813,-1.9133250790865852,-1.9833107603963769,-0.9492782753652372,0.0,0.0,0.8316509542213966,4.5170062771287744,1.0,0.0,4.0,1.2732612827312944e-14,-1.0,0.0
control,286.75,-1.6671449675212486,-1.7474950553716695,-1.77999457175889,-0.2949450527555015,0.0,0.0,1.9059662354056708,4.667864893635027,1.0,0.0,4.0,-0.4999999999999053,-0.8660254037844933,0.0
control,287.0,-1.6654402596069433,-1.7459993007286336,-1.781494929716242,-0.8910790285173694,0.0,0.0,2.222486138221471,1.4063097551162065,1.0,0.0,4.0,-0.8660254037843926,-0.5000000000000798,0.0
control,287.25,-1.6511868065888196,-1.9354762074989047,-1.981720904575493,-1.3358346809290895,0.0,0.0,3.993793708888408,7.667723230280629,0.0,0.0,0.0,-1.0,-7.496633454627908e-14,0.0
control,287.5,-1.6580629563704412,-1.94931873739856,-1.992538675517795,-1.0819908991111906,0.0,0.0,5.172864501332382,5.118733143548144,0.0,0.0,0.0,-0.8660254037844676,0.4999999999999499,0.0
control,287.75,-1.675645136409589,-2.0310064463702515,-2.0932340447762923,-1.372497275397604,0.0,0.0,4.371288095744792,-3.405982407292309,0.0,0.0,0.0,-0.5000000000000352,0.8660254037844183,0.0
control,288.0,-1.7112173823027557,-1.871440632921624,-1.94545438451404,-1.30309353470315,0.0,0.0,3.230701821250449,-4.865082596477902,0.0,0.0,0.0,-2.3513218543629183e-14,1.0,0.0
control,288.25,-1.7352960101572843,-1.9274449645228464,-2.0059915326111564,-1.2721848318412132,0.0,0.0,1.365630727794516,-7.983268918952517,0.0,0.0,0.0,0.499999999999896,0.8660254037844987,0.0
control,288.5,-1.7468695027769807,-1.9559575933073627,-2.052703943136759,-1.044446806799502,0.0,0.0,0.4213506075477862,-4.020179916432992,0.0,0.0,0.0,0.8660254037843872,0.5000000000000892,0.0
control,288.75,-1.7628717830281817,-2.0463991384372906,-2.119712081229957,-0.6494219585471834,0.0,0.0,0.0664306290484476,-1.483570887630352,0.0,0.0,0.0,1.0,8.574694026259533e-14,0.0
control,289.0,-1.7865115059395058,-1.951370158992548,-2.021952513071384,-1.139861618346347,0.0,0.0,-0.1831249874273473,-1.0300821409524237,0.0,0.0,0.0,0.8660254037844729,-0.4999999999999406,0.0
control,289.25,-1.811479224513696,-1.970894877779318,-2.0570633913924263,-1.130839380120931,0.0,0.0,-0.3002901270037353,-0.4602728592544053,1.0,1.0,6.0,0.5000000000000445,-0.866025403784413,0.0
control,289.5,-1.855638846752794,-2.110866268816138,-2.1863551043295257,-0.6836645589031416,0.0,0.0,0.700289621831053,4.350506789731485,1.0,0.0,6.0,3.4293824259945424e-14,-1.0,0.0
control,289.75,-1.864636195834262,-2.2495578066396,-2.3357169437881327,-0.8867974476333025,0.0,0.0,2.780634612961,8.997821849878735,1.0,0.0,6.0,-0.4999999999999852,-0.8660254037844473,0.0
control,290.0,-1.8716381339400032,-2.202417259033832,-2.286972254988072,0.2841011755829685,0.0,0.0,3.2193945514570967,1.932431486505194,1.0,0.0,6.0,-0.8660254037843818,-0.5000000000000985,0.0
control,290.25,-1.8746449073046847,-2.281513131296742,-2.381556869446569,-1.1853956161829176,0.0,0.0,2.9679813901449585,-1.0380770233163763,0.0,0.0,0.0,-1.0,-9.652754597891157e-14,0.0
control,290.5,-1.875690860180307,-2.0826195253310824,-2.15996562815472,-1.3110780039345062,0.0,0.0,3.0873054267557145,0.5575777503097643,0.0,0.0,0.0,-0.8660254037844783,0.4999999999999313,0.0
control,290.75,-1.8693137739558368,-2.147396471673934,-2.205880712791993,-1.04700832862408,0.0,0.0,0.9774231499937516,-9.036937489217149,0.0,0.0,0.0,-0.5000000000000538,0.8660254037844075,0.0
control,291.0,-1.870520693612043,-2.1961486465835294,-2.273898179236278,-0.4860404212841275,0.0,0.0,-0.9837360368578052,-8.396832558572111,0.0,0.0,0.0,-4.5074429976261656e-14,1.0,0.0
control,291.25,-0.7053040775329735,-0.7681850786269155,-0.9180267338781548,8.966348716539086,1.0,0.0,-0.6325787741226234,1.555389127272068,0.0,0.0,0.0,0.4999999999999758,0.8660254037844526,0.0
control,291.5,-0.409924143181431,-0.3476265107697648,-0.4491135909069409,0.9673140950200876,0.0,0.0,0.060929182858742,3.028868245603648,0.0,0.0,0.0,0.8660254037844333,0.5000000000000093,0.0
control,291.75,-0.4336437142523848,-0.254725249305431,-0.145982822714418,-0.30502402586905,0.0,0.0,0.2316314361154504,0.7787098544277945,0.0,0.0,0.0,1.0,1.0730815169522781e-13,0.0
control,292.0,-0.4498884892511914,-0.2902261900602469,-0.2852435546384464,-0.4938352260588385,0.0,0.0,0.3235779937463929,0.4397449424104219,0.0,0.0,0.0,0.8660254037844838,-0.4999999999999219,0.0
control,292.25,-0.4495251187043705,-0.1783332980485434,-0.3064531809683508,-0.1328304362660696,0.0,0.0,0.5693373045761654,1.1017558095728204,1.0,1.0,6.0,0.5000000000000632,-0.8660254037844022,0.0
control,292.5,-0.4514294330627654,0.0293354114699326,0.0143979270891441,0.1390098336456823,0.0,0.0,0.5023144162724461,-0.2444603563497579,1.0,0.0,6.0,5.585503569257789e-14,-1.0,0.0
control,292.75,-0.4513437561873293,-0.2057572570833754,-0.1034832545105676,-0.7832485452449206,0.0,0.0,0.7934389806990009,1.2970080903367305,1.0,0.0,6.0,-0.4999999999999664,-0.866025403784458,0.0
control,293.0,-0.4104910800373128,-0.4781392148782697,-0.4845770815904506,-0.9154115094435796,0.0,0.0,2.8112067397668583,8.728489126808011,1.0,0.0,6.0,-0.8660254037844278,-0.5000000000000187,0.0
control,293.25,-0.411301044907082,-0.541030761892232,-0.5973797590331149,-1.3209892232664164,0.0,0.0,4.7249898008342,8.280938461058236,0.0,0.0,0.0,-1.0,-1.1808875741154406e-13,0.0
control,293.5,-0.4361025637694572,-0.0832666426140244,0.1439430364004703,-0.689169519295397,0.0,0.0,4.957934137931513,1.046600097859356,0.0,0.0,0.0,-0.8660254037844891,0.4999999999999125,0.0
control,293.75,-0.4203078937942998,-0.324519888565265,-0.3094841838722207,1.239152385006568,0.0,0.0,3.713283930523704,-5.312974289693479,0.0,0.0,0.0,-0.5000000000000726,0.8660254037843967,0.0
control,294.0,-0.416113223457129,0.0237653332034321,0.2336562744755751,2.035757813035482,0.0,0.0,3.016224081630639,-2.956142619035418,0.0,0.0,0.0,-6.663564140889415e-14,1.0,0.0
control,294.25,-0.4771109320899429,0.3506086503963139,0.2790536598812941,0.7204765409452873,0.0,0.0,4.640013675254418,7.032805111507066,0.0,0.0,0.0,0.4999999999999571,0.8660254037844634,0.0
control,294.5,-0.4419616679502325,-0.0323422509741265,0.0293043816082704,0.0025633801012351,0.0,0.0,6.370334401262752,7.49131564371583,0.0,0.0,0.0,0.8660254037844225,0.500000000000028,0.0
control,294.75,-0.4090027089128619,0.04461835099287,-0.035795269885131,-0.6514828444595809,0.0,0.0,6.319884547899443,-0.1731299302034203,0.0,0.0,0.0,1.0,1.5182525406244242e-14,0.0
control,295.0,-0.4170673540564913,-0.0756309387063467,-0.1436766683022974,-0.1302640120837558,0.0,0.0,6.859677250204057,2.367277012573048,0.0,0.0,0.0,0.8660254037844946,-0.4999999999999032,0.0
control,295.25,-0.3665584491218532,0.0533599955938476,-0.0998080537255956,-0.230791076541593,0.0,0.0,5.75557603744157,-4.708050706382564,1.0,1.0,2.0,0.5000000000000819,-0.8660254037843914,0.0
control,295.5,-0.3200222804852933,-0.9825996438175598,-1.022417892919746,0.1793958872305457,0.0,0.0,3.265023881901409,-10.6753425714459,1.0,0.0,2.0,7.741624712521039e-14,-1.0,0.0
control,295.75,-0.2328333997624226,-0.7629424593248919,-0.7965026215336782,0.8977793065032448,0.0,0.0,3.9303507127813697,2.907576536431213,1.0,0.0,2.0,-0.4999999999999478,-0.8660254037844688,0.0
control,296.0,-1.070493775753124,-0.4809173716927856,-0.5354935316601066,6.022305287364246,1.0,0.0,4.36145444357009,1.8994791298369316,1.0,0.0,2.0,-0.8660254037844171,-0.5000000000000373,0.0
control,296.25,-1.8662732258195545,-1.733196360380595,-1.7976811387430087,2.144958731382015,0.0,0.0,3.3878223643848253,-4.146510896054013,0.0,0.0,0.0,-1.0,-2.596313112256048e-14,0.0
control,296.5,-1.861968234485365,-2.133822348825926,-2.2083605071289694,0.2709473775357772,0.0,0.0,2.0415122163403296,-5.750519187999627,0.0,0.0,0.0,-0.8660254037844999,0.4999999999998939,0.0
control,296.75,-1.860163975096844,-2.260018014484881,-2.3360910227820826,-0.5685033597794326,0.0,0.0,2.060220445957257,0.124526808479698,0.0,0.0,0.0,-0.5000000000000913,0.866025403784386,0.0
control,297.0,-1.857895055827178,-2.1873372667400024,-2.2586558662710905,-0.8531712297406577,0.0,0.0,2.1590538083098503,0.4693857847394353,0.0,0.0,0.0,-8.819685284152661e-14,1.0,0.0
control,297.25,-1.8572464268937168,-2.2125668073899334,-2.277471429260874,-1.0718266383567612,0.0,0.0,1.4542710908881735,-2.989381884215196,0.0,0.0,0.0,0.4999999999999385,0.8660254037844741,0.0
control,297.5,-1.866436927031845,-2.1802349690112823,-2.271019648931764,-0.8595767670742237,0.0,0.0,1.0636305062467433,-1.6373125570036586,0.0,0.0,0.0,0.8660254037844117,0.5000000000000466,0.0
control,297.75,-1.8729910531961655,-2.0180829030908467,-2.105747312987688,-0.6501556377495251,0.0,0.0,0.4721054182224494,-2.501920474866408,0.0,0.0,0.0,1.0,3.674373683887671e-14,0.0
control,298.0,-1.8809740315672423,-2.1141387990619096,-2.187020970633449,-0.8652159984365118,0.0,0.0,0.3633684201639335,-0.423998095564288,0.0,0.0,0.0,0.8660254037844485,-0.499999999999983,0.0
control,298.25,-1.8819107980787015,-2.227220023858487,-2.3164315431593128,0.5869636147460997,0.0,0.0,0.4402329720090567,0.3748319132813498,1.0,1.0,6.0,0.5000000000001006,-0.8660254037843805,0.0
control,298.5,-1.8859114432192912,-2.2674516754237253,-2.341985785275962,1.3128428317217558,0.0,0.0,0.6127630738133076,0.7865769238146606,1.0,0.0,6.0,9.897745855784285e-14,-1.0,0.0
control,298.75,-1.297809901719871,-1.421649241027377,-1.508727207367423,2.524007352961352,0.0,0.0,0.8589591798779708,1.1036357784714237,1.0,0.0,6.0,-0.4999999999999291,-0.8660254037844796,0.0
control,299.0,0.4132819910814412,0.0652620451142963,-0.0740869278528359,7.786287397483017,1.0,1.0,1.122630558705726,1.1788494407666388,1.0,0.0,6.0,-0.8660254037844063,-0.500000000000056,0.0
control,299.25,0.4046183870557531,0.7780555199840055,0.7206419074926588,1.2856120472233945,0.0,0.0,1.95998384793162,3.647979282601769,0.0,0.0,0.0,-1.0,-4.7524342555192956e-14,0.0
control,299.5,0.3922843391247348,0.4150054570062922,0.1766273494988024,-0.1194805299426736,0.0,0.0,1.8312780147988788,-0.5099440626494899,0.0,0.0,0.0,-0.8660254037844538,0.4999999999999737,0.0
control,299.75,0.3919521726562324,0.1026901048440455,0.1614153397501183,-0.4740460422772678,0.0,0.0,1.3384945969268902,-2.0769358274744487,0.0,0.0,0.0,-0.5000000000000114,0.866025403784432,0.0
control,300.0,0.0,0.0,0.0,0.0,0.0,0.0,0.0,0.0,0.0,0.0,0.0,-1.0975806427415909e-13,1.0,0.0
override,0.0,10.282216548035986,-1.5538702959852086,-1.331025749219839,-1.9309693574032092,0.0,0.0,0.0,0.0,0.0,0.0,0.0,0.0,1.0,1.0
override,0.25,10.282216548035986,-1.5538702959852086,-1.331025749219839,-1.9309693574032092,0.0,0.0,-1.2265599185674656,0.0,0.0,0.0,0.0,0.4999999999999999,0.8660254037844387,1.0
override,0.5,10.282216548035986,-1.5538702959852086,-1.331025749219839,-1.9309693574032092,0.0,0.0,-1.2265599185674656,0.0227870311989127,0.0,0.0,0.0,0.8660254037844386,0.5000000000000001,1.0
override,0.75,0.8705068392416718,76.21798705620752,24.45381432613168,131.44430326180606,1.0,1.0,-1.2265599185674656,0.0227870311989127,0.0,0.0,0.0,1.0,6.123233995736766e-17,0.0
override,1.0,-2.329789761906146,-1.0327858246136936,-1.1582630016462805,-1.0373326899377404,0.0,0.0,-1.2265599185674656,0.0227870311989127,0.0,0.0,0.0,0.8660254037844387,-0.4999999999999998,0.0
override,1.25,-1.8562240567614103,2.3593490453415726,2.62155502733644,17.53855659199118,0.0,0.0,-1.050639095130384,0.7502642500665216,0.0,0.0,0.0,0.5000000000000003,-0.8660254037844385,0.0
override,1.5,-0.3226182785804609,7.900070738063786,8.165268414078037,42.41686478358224,1.0,1.0,-0.7795190782047589,1.1439370578922223,0.0,0.0,0.0,1.2246467991473532e-16,-1.0,0.0
override,1.75,-0.138440415203964,1.3055410726113683,1.3693000299217453,8.696514183475491,0.0,0.0,-0.6800311057692067,0.4341950276154258,0.0,0.0,0.0,-0.4999999999999997,-0.8660254037844388,0.0
override,2.0,-0.0027919265206545,1.094686155876696,0.9621772688000392,2.034448829258179,0.0,0.0,-0.7021718648778144,-0.068770622666369,0.0,0.0,0.0,-0.8660254037844385,-0.5000000000000004,0.0
override,2.25,0.1427935075486956,1.821497171612179,1.727664459541189,7.975785931086309,0.0,0.0,-0.721233703404816,-0.0560385052395644,0.0,0.0,0.0,-1.0,-1.8369701987210294e-16,0.0
override,2.5,0.2684661300585875,2.0307578566087083,2.030587748208552,8.200443533071939,0.0,0.0,-0.7216561379278876,0.021040157315573,0.0,0.0,0.0,-0.866025403784439,0.4999999999999993,0.0
override,2.75,0.3842107441741988,2.079186966459261,2.2081508768696203,6.977796682327494,0.0,0.0,-0.7514959194217988,-0.100608032720689,0.0,0.0,0.0,-0.5000000000000004,0.8660254037844384,0.0
override,3.0,0.4825126328796261,1.965423192379251,2.063764856817451,5.11987043636945,0.0,0.0,-0.7686557048404798,-0.0481730332712928,0.0,0.0,0.0,-2.4492935982947064e-16,1.0,0.0
override,3.25,0.6199626827424237,1.929931157151722,2.2485620680883813,6.041619362233769,0.0,0.0,-0.7715071266211722,0.0109956790081444,0.0,0.0,0.0,0.4999999999999993,0.866025403784439,0.0
override,3.5,0.7451366412728916,1.6391068117470844,1.9065814786134976,3.763388981702639,0.0,0.0,-0.7821403827338488,-0.0211841794470153,0.0,0.0,0.0,0.8660254037844384,0.5000000000000004,0.0
override,3.75,0.8379998857758446,0.7895121319882744,0.6141576535559199,2.441294267855187,0.0,0.0,-0.8055512434288294,-0.0740228148269196,0.0,0.0,0.0,1.0,1.1943401194869637e-15,0.0
override,4.0,0.904386520790136,0.2560563274426776,0.0486529870107647,3.2734109532156594,0.0,0.0,-0.8115858191555277,-0.0021674698142921,0.0,0.0,0.0,0.8660254037844392,-0.4999999999999992,0.0
override,4.25,0.9782514544955008,0.4217236759941598,0.1328482875049383,4.94977371037128,0.0,0.0,-0.7947353059831861,0.0924681764982999,1.0,1.0,8.0,0.5000000000000013,-0.8660254037844379,0.0
override,4.5,1.0493913249248386,0.8043757955585746,0.6594785578128205,2.797873905286595,0.0,0.0,-0.7741381287151083,0.1079615826974361,1.0,0.0,8.0,3.673940397442059e-16,-1.0,0.0
override,4.75,1.1112326526858975,0.449757712028397,0.2991432338965838,2.4822464680675838,0.0,0.0,-0.7440642111784012,0.1471503070329549,1.0,0.0,8.0,-0.4999999999999991,-0.8660254037844392,0.0
override,5.0,1.175964045632178,0.2564593675333826,0.1529904431783609,4.7501298562280905,0.0,0.0,-0.7177349122176203,0.1316653595769806,1.0,0.0,8.0,-0.8660254037844378,-0.5000000000000013,0.0
override,5.25,1.2087467968752033,0.2612060600234542,0.1208628886514305,2.876768083800883,0.0,0.0,-0.7049941813838597,0.0754731842773164,0.0,0.0,0.0,-1.0,-4.286263797015736e-16,0.0
override,5.5,1.2685504423769782,0.1530788920919928,0.0004906874483021,2.6806217979030094,0.0,0.0,-0.5619330001326286,0.6143812963416222,0.0,0.0,0.0,-0.8660254037844392,0.4999999999999991,0.0
override,5.75,1.3347606832125674,0.2542928255715795,0.1052816270749795,3.026631058312097,0.0,0.0,-0.5368880217266028,0.1263543683762041,0.0,0.0,0.0,-0.5000000000000014,0.8660254037844378,0.0
override,6.0,1.3776748903621454,-0.2206261636439008,-0.3270702401747043,0.3603085157704546,0.0,0.0,-0.6938498135181855,-0.6262897837573125,0.0,0.0,0.0,-4.898587196589413e-16,1.0,0.0
override,6.25,1.3960694485283374,0.2369903028986756,0.221074256778989,1.2662838299698242,0.0,0.0,-0.7372984356361038,-0.1568840399365487,0.0,0.0,0.0,0.499999999999999,0.8660254037844392,0.0
override,6.5,1.4191494954606374,0.4139974492060394,0.4659438436406051,-0.0533474290387487,0.0,0.0,-0.7528087609250237,-0.0413520973275685,0.0,0.0,0.0,0.8660254037844378,0.5000000000000014,0.0
override,6.75,1.4243923458590235,-0.1129882425411664,-0.133512311008969,0.4019756600977923,0.0,0.0,-0.7615046416053056,-0.0131726407108686,0.0,0.0,0.0,1.0,2.32744789901656e-15,0.0
override,7.0,1.4269042143869786,-0.5673215296895481,-0.5520343859023416,-0.4592004618913915,0.0,0.0,-0.7623919540847959,0.0191177690715843,0.0,0.0,0.0,0.8660254037844393,-0.499999999999999,0.0
override,7.25,1.4374873556086027,0.2073001385901826,0.2289964081854018,0.8265199078183669,0.0,0.0,-0.7033362928046755,0.2669971672537548,1.0,1.0,9.0,0.5000000000000016,-0.8660254037844377,0.0
override,7.5,1.463900203180853,0.824361984192176,0.688094436908109,0.7975307931284323,0.0,0.0,-0.684513685661416,0.1006232851959464,1.0,0.0,9.0,2.388680238973927e-15,-1.0,0.0
override,7.75,1.5203104618062888,0.5314599052524618,0.2863786021259151,1.994826152062895,0.0,0.0,-0.7135435828253329,-0.0972589556274964,1.0,0.0,9.0,-0.4999999999999989,-0.8660254037844393,0.0
override,8.0,1.5842740651173064,0.1493429202797683,-0.0682934677702461,1.978443567418035,0.0,0.0,-0.6805135533648312,0.1593745795151292,1.0,0.0,9.0,-0.8660254037844377,-0.5000000000000016,0.0
override,8.25,1.6358561972327834,0.2757652147551719,0.1231751770217995,1.580966132167183,0.0,0.0,-0.6673907893259853,0.0770529884649087,0.0,0.0,0.0,-1.0,-2.4499125789312946e-15,0.0
override,8.5,1.658223635485236,-0.1999426289000647,-0.2656666716779994,-0.5126470670457312,0.0,0.0,-0.657375705949678,0.064201940809821,0.0,0.0,0.0,-0.8660254037844402,0.4999999999999973,0.0
override,8.75,1.6539879541744815,-0.3686395919495117,-0.3867509924380601,-0.0094565073404524,0.0,0.0,-0.6251309512804869,0.1561272691054333,0.0,0.0,0.0,-0.5000000000000032,0.8660254037844368,0.0
override,9.0,1.644455097508924,-0.1945848422064136,-0.2427384592214119,0.2815116834312744,0.0,0.0,-0.6654694490003767,-0.1440228868154731,0.0,0.0,0.0,-7.34788079488412e-16,1.0,0.0
override,9.25,1.6368899142046898,-0.1243201082172256,-0.1337267591882289,-0.4513936973847804,0.0,0.0,-0.7364210697697477,-0.2706159141886856,0.0,0.0,0.0,0.4999999999999988,0.8660254037844393,0.0
override,9.5,1.6330297910153178,-0.36754556246459,-0.3617217825486312,0.4915703505144006,0.0,0.0,-0.7395335321782791,0.0099162098114823,0.0,0.0,0.0,0.8660254037844377,0.5000000000000017,0.0
override,9.75,1.6277803704909966,-0.2786438814627342,-0.2810838786096535,0.2733381750300692,0.0,0.0,-0.7487385037611249,-0.0152778606996806,0.0,0.0,0.0,1.0,2.57237725884603e-15,0.0
override,10.0,1.6250856151082018,-0.5753439448107925,-0.5304047999260368,-1.1432975197395336,0.0,0.0,-0.7444575924361249,0.0404896851774725,0.0,0.0,0.0,0.8660254037844403,-0.4999999999999972,0.0
override,10.25,1.6102785582725112,-0.6235556607949371,-0.6138563473201721,-0.6491179093275276,0.0,0.0,-0.7289793725137887,0.0867933958925696,1.0,1.0,1.0,0.5000000000000033,-0.8660254037844367,0.0
override,10.5,1.6090313148290898,-0.7438503843465302,-0.6970063282246274,-0.8451086023258781,0.0,0.0,-0.7039753042316973,0.1261851946388272,1.0,0.0,1.0,8.572527594031472e-16,-1.0,0.0
override,10.75,1.6018761192985638,-0.4956496764440664,-0.4760035759891009,0.4530120999651962,0.0,0.0,-0.6854901754796998,0.0992277264627246,1.0,0.0,1.0,-0.4999999999999987,-0.8660254037844394,0.0
override,11.0,1.5996681280316245,-0.6746868632550549,-0.6991088220563708,-0.5526421391041424,0.0,0.0,-0.6559373654760414,0.1449953952296403,1.0,0.0,1.0,-0.8660254037844376,-0.5000000000000018,0.0
override,11.25,1.5810808204341715,-0.4340029794918053,-0.4345476859870379,-0.5786087715944901,0.0,0.0,-0.659878820205856,0.0064881163284765,0.0,0.0,0.0,-1.0,-2.6948419387607653e-15,0.0
override,11.5,1.5676626029072416,-0.0742464330165797,-0.1449548140390308,-0.1012788765735711,0.0,0.0,-0.659209204161653,0.0255560633579746,0.0,0.0,0.0,-0.8660254037844403,0.4999999999999971,0.0
override,11.75,1.5477306557666322,0.2815767344082696,0.1736951829790574,-0.4598179304141794,0.0,0.0,-0.4473287652469176,0.898966379513911,0.0,0.0,0.0,-0.5000000000000034,0.8660254037844367,0.0
override,12.0,1.536572318011569,0.2671983596882191,0.0022702227169114,1.975027869398707,0.0,0.0,0.5438585253202713,4.121597845238959,0.0,0.0,0.0,-9.797174393178826e-16,1.0,0.0
override,12.25,1.5156161919012447,0.4600615606397343,0.2544449120507286,0.7864414211640822,0.0,0.0,0.9335739860773622,1.6343592942327707,0.0,0.0,0.0,0.4999999999999986,0.8660254037844395,0.0
override,12.5,1.499600179942545,0.1160939554799253,0.0227859084790939,-0.5336931167292647,0.0,0.0,0.3067952408740582,-2.5691020328544227,0.0,0.0,0.0,0.8660254037844375,0.5000000000000019,0.0
override,12.75,1.4847204017978186,-0.3469261131510229,-0.2755245929751458,-0.5302022475849605,0.0,0.0,0.1147501740203649,-0.7713680233443364,0.0,0.0,0.0,1.0,2.8173066186755008e-15,0.0
override,13.0,1.4853562889461438,-0.7781184447289589,-0.6859553438164127,0.5754811711224077,0.0,0.0,-0.2211707282131857,-1.3663310899072147,0.0,0.0,0.0,0.8660254037844404,-0.499999999999997,0.0
override,13.25,1.4639349197548908,-0.7147530374984625,-0.6135052683563803,-0.8832930784303388,0.0,0.0,-0.5248952152936629,-1.2331907481588602,1.0,1.0,7.0,0.5000000000000034,-0.8660254037844366,0.0
override,13.5,1.4396401420894198,-0.5442403215143772,-0.4954236807535137,0.2421903528019368,0.0,0.0,-0.5501433580582359,-0.0816204421239546,1.0,0.0,7.0,4.654895798033119e-15,-1.0,0.0
override,13.75,1.4177168481630966,-0.0107536370075144,-0.007465421424385,0.3175698442326629,0.0,0.0,-0.5133355162721843,0.1749967915438134,1.0,0.0,7.0,-0.4999999999999985,-0.8660254037844395,0.0
override,14.0,-0.9835237062670188,20.80508625183057,15.19333916368028,75.19260771779469,1.0,1.0,-0.4132134112622975,0.4368173266278862,1.0,0.0,7.0,-0.8660254037844375,-0.500000000000002,0.0
override,14.25,-1.1651521321250462,-1.136172911506238,-0.9481506983965716,-1.1008152972457794,0.0,0.0,-0.4655049143978874,-0.1934515955210856,0.0,0.0,0.0,-1.0,-2.939771298590236e-15,0.0
override,14.5,-1.1615133400829032,-1.2647951999015012,-1.0386811168808017,-1.0549806545970404,0.0,0.0,-0.2754813529873867,0.8085826480757882,0.0,0.0,0.0,-0.8660254037844404,0.4999999999999969,0.0
override,14.75,-1.1600632470396488,-1.2216045277675085,-1.001484094451093,-1.3721727326387343,0.0,0.0,-0.1340437453670511,0.6076674076355867,0.0,0.0,0.0,-0.5000000000000036,0.8660254037844366,0.0
override,15.0,-1.1623768874567904,-1.193733926466396,-0.9903332725866112,-1.1813076346629978,0.0,0.0,-0.2842293829701519,-0.5982686677385031,0.0,0.0,0.0,-4.777360477947854e-15,1.0,0.0
override,15.25,-1.1656576914004029,-1.246907290839229,-1.0308102295415236,-1.3526315783020668,0.0,0.0,-0.4493248656235221,-0.6599246581948929,0.0,0.0,0.0,0.4999999999999984,0.8660254037844396,0.0
override,15.5,-1.169649505460033,-1.2167028869552734,-0.9986521223128396,-1.2443122870071777,0.0,0.0,-0.6006969960407982,-0.6031751164226258,0.0,0.0,0.0,0.8660254037844374,0.5000000000000021,0.0
override,15.75,-1.1739047465385235,-1.1819285567997828,-0.9683508279796916,-1.2694591254632044,0.0,0.0,-0.5985427632301272,0.0316953301897983,0.0,0.0,0.0,1.0,6.614949657305472e-15,0.0
override,16.0,-1.174930679448278,-1.310132657981374,-1.073518698705594,-1.47236348218426,0.0,0.0,-0.5092446465074957,0.3920573900699251,0.0,0.0,0.0,0.8660254037844405,-0.4999999999999968,0.0
override,16.25,-1.1765590404787305,-1.1663115127518389,-0.9659032041369282,-1.2268467252278543,0.0,0.0,-0.4988438266146827,0.065797059129305,1.0,1.0,7.0,0.5000000000000007,-0.8660254037844383,0.0
override,16.5,-1.1759368883967236,-1.2302372499335028,-1.0229283073212638,-1.1849702370106727,0.0,0.0,-0.4936732769795583,0.0441685652043088,1.0,0.0,7.0,4.899825157862589e-15,-1.0,0.0
override,16.75,-1.1795882211101474,-1.182362382637614,-0.9752738668252108,-1.2057916830878346,0.0,0.0,-0.5583359384470925,-0.2446094725799799,1.0,0.0,7.0,-0.4999999999999983,-0.8660254037844396,0.0
override,17.0,-1.1818949161868713,-1.232541047743516,-1.022508042677361,-1.2536042069629736,0.0,0.0,-0.7059501901748592,-0.5876353350341883,1.0,0.0,7.0,-0.8660254037844356,-0.5000000000000053,0.0
override,17.25,2.4669078659862387,26.169365817488668,17.189726788978447,81.23483966607506,1.0,1.0,-0.6701791512599529,0.1707093487358591,0.0,0.0,0.0,-1.0,-3.1847006584197066e-15,0.0
override,17.5,2.40103174834506,-0.0131757311623706,-0.2955136971385072,1.0241221538643972,0.0,0.0,-0.7088883451336567,-0.1372853022160152,0.0,0.0,0.0,-0.8660254037844423,0.4999999999999936,0.0
override,17.75,2.307204509084753,0.1933456024552882,-0.159231609458064,1.5154684177124058,0.0,0.0,-0.7823496990020546,-0.2809942970276728,0.0,0.0,0.0,-0.5000000000000038,0.8660254037844365,0.0
override,18.0,2.30298557170539,0.4753277473844902,-0.0236605526586456,0.2852199380602833,0.0,0.0,-0.7786486574035396,0.0380917768020611,0.0,0.0,0.0,-1.469576158976824e-15,1.0,0.0
override,18.25,2.2990422154821,0.9338409095267166,0.539727724992046,1.1782145562936497,0.0,0.0,-0.8089438512154202,-0.1024912781491808,0.0,0.0,0.0,0.4999999999999951,0.8660254037844415,0.0
override,18.5,2.203441858182712,1.2737746373946293,0.8178799880754921,2.644419755300972,0.0,0.0,-0.8116858311646379,0.0114482487360109,0.0,0.0,0.0,0.8660254037844373,0.5000000000000023,0.0
override,18.75,2.1075256992131104,0.9152339639638464,0.4804344138757143,2.004969940103207,0.0,0.0,-0.8191080519137754,-0.0079057338922833,0.0,0.0,0.0,1.0,6.859879017134943e-15,0.0
override,19.0,2.079793109943821,-0.0996856553316492,-0.3658317962155027,0.0592797198728136,0.0,0.0,-0.8287528979717805,-0.0170968532077172,0.0,0.0,0.0,0.8660254037844406,-0.4999999999999966,0.0
override,19.25,2.069399523408871,-0.5754072553589938,-0.6273215481555181,-0.3349311850761258,0.0,0.0,-0.7960245039483496,0.15812724048735,1.0,1.0,3.0,0.5000000000000009,-0.8660254037844382,0.0
override,19.5,2.083954025747488,-0.6367926266560118,-0.6784739328115383,-0.1214795085307092,0.0,0.0,-0.6243281376066097,0.7327950486445325,1.0,0.0,3.0,5.14475451769206e-15,-1.0,0.0
override,19.75,2.10062656653635,-0.5705057804214901,-0.6486036798711987,-0.2921821499789211,0.0,0.0,-0.1681570336215941,1.9091702322954804,1.0,0.0,3.0,-0.4999999999999981,-0.8660254037844397,0.0
override,20.0,2.10451465839675,-0.7564803480730398,-0.7714672236604347,-0.6500899240836866,0.0,0.0,0.7548736182978008,3.83975285973845,1.0,0.0,3.0,-0.8660254037844355,-0.5000000000000056,0.0
override,20.25,2.100458963267173,-0.7204661984510085,-0.7737924454026054,0.2000449604498538,0.0,0.0,1.8129287590143268,4.398113363458402,0.0,0.0,0.0,-1.0,-3.4296300182491773e-15,0.0
override,20.5,2.0930498758602933,-0.6472109935082595,-0.7505161328247397,0.0754460415490402,0.0,0.0,1.8017057788984616,-0.0236228377556638,0.0,0.0,0.0,-0.8660254037844425,0.4999999999999934,0.0
override,20.75,2.0869410423514507,-0.3613860742393716,-0.5573312745289271,0.229382103601666,0.0,0.0,0.7492396437019511,-4.329427345849709,0.0,0.0,0.0,-0.500000000000004,0.8660254037844363,0.0
override,21.0,2.082686344613081,-0.2660837400753197,-0.5440824780618511,-0.4852493214409354,0.0,0.0,0.1301938329903363,-2.537124387640004,0.0,0.0,0.0,-1.7145055188062944e-15,1.0,0.0
override,21.25,2.0657189345704694,-0.13627456209886,-0.4743336496550693,-0.0860978537313465,0.0,0.0,0.0882180522885163,-0.1507934671647618,0.0,0.0,0.0,0.4999999999999949,0.8660254037844416,0.0
override,21.5,2.051193582905952,0.2433764816674826,-0.1463095433999163,0.3062889293090863,0.0,0.0,0.3271934521603505,1.0110109144205273,0.0,0.0,0.0,0.8660254037844372,0.5000000000000026,0.0
override,21.75,2.030265189542656,0.3343077711786684,0.0323316143387386,1.5019117114145564,0.0,0.0,0.4428221312665495,0.5009409430216231,0.0,0.0,0.0,1.0,7.1048083769644134e-15,0.0
override,22.0,2.0231027747377337,-0.3898639012105606,-0.5279226848067274,-0.2576365463988215,0.0,0.0,0.0582778230304326,-1.5674012047436685,0.0,0.0,0.0,0.8660254037844407,-0.4999999999999964,0.0
override,22.25,2.0541826389418243,-0.1280878122871522,-0.5736131992662565,0.1714965711621313,0.0,0.0,-0.3793719645604748,-1.7870058295564404,1.0,1.0,8.0,0.5000000000000072,-0.8660254037844345,0.0
override,22.5,2.084101779944144,-0.4107041236074256,-0.65017187148229,0.1917283416526925,0.0,0.0,-0.5235579534636403,-0.5734585988385436,1.0,0.0,8.0,5.3896838775215305e-15,-1.0,0.0
override,22.75,-0.0617701260170138,18.458228340664668,13.071881210669272,57.11207853463462,1.0,1.0,-0.4926840089202249,0.1504586215945176,1.0,0.0,8.0,-0.4999999999999979,-0.8660254037844398,0.0
override,23.0,-1.3000554935797357,2.623606866155399,1.7575908289096434,9.489474540371988,0.0,0.0,-0.4406885994341614,0.2378012355880389,1.0,0.0,8.0,-0.8660254037844354,-0.5000000000000058,0.0
override,23.25,-1.305039061000065,-0.9191946061001932,-0.7855561814363307,-1.0293310601781305,0.0,0.0,-0.4348080553109728,0.0471045724688099,0.0,0.0,0.0,-1.0,-3.674559378078648e-15,0.0
override,23.5,-1.306076820970577,-1.1128016156865728,-0.9301472074037362,-0.8087530815031143,0.0,0.0,-0.4766506425056391,-0.1502426782344795,0.0,0.0,0.0,-0.8660254037844426,0.4999999999999932,0.0
override,23.75,-1.3107166051810846,-1.1084971382465836,-0.9277678469677472,-1.0451111813959593,0.0,0.0,-0.5273538188838066,-0.1868834615755557,0.0,0.0,0.0,-0.5000000000000042,0.8660254037844362,0.0
override,24.0,-1.3114938044901812,-1.126724892234446,-0.9459248329795744,-1.311505207028981,0.0,0.0,-0.4986872889157014,0.1413304025198226,0.0,0.0,0.0,-1.959434878635765e-15,1.0,0.0
override,24.25,-1.3183248552199551,-0.9663307625092524,-0.8416174929008327,-0.6022200326670294,0.0,0.0,-0.2820752479712766,0.9185327538526368,0.0,0.0,0.0,0.4999999999999946,0.8660254037844417,0.0
override,24.5,-1.3203955913848453,-0.8546959308877852,-0.7793354054687134,-0.6313266099772045,0.0,0.0,-0.2157992889558743,0.2968549294744823,0.0,0.0,0.0,0.866025403784437,0.5000000000000028,0.0
override,24.75,-1.3269553684780004,-0.6806569509055753,-0.6889369544576102,-0.7011511574078026,0.0,0.0,-0.3344983334486276,-0.4680636201494439,0.0,0.0,0.0,1.0,7.349737736793884e-15,0.0
override,25.0,-1.3323537784636788,-0.752977399889963,-0.7717417789094423,-0.6649831323484497,0.0,0.0,-0.3432352431356748,-0.0133423060589005,0.0,0.0,0.0,0.8660254037844408,-0.4999999999999961,0.0
override,25.25,-1.3340336469460534,-0.6420498378168583,-0.7021365248196708,-0.8758351024506963,0.0,0.0,-0.230886360510672,0.4873781528073893,1.0,1.0,4.0,0.5000000000000074,-0.8660254037844344,0.0
override,25.5,-1.3335396711816287,-0.7863936549104523,-0.7758346847771396,-1.2726055205891251,0.0,0.0,-0.2324578788457989,0.0162884043422321,1.0,0.0,4.0,5.6346132373510016e-15,-1.0,0.0
override,25.75,-1.3258922497754966,-0.715662628066217,-0.6498154519266373,-0.8508479226078818,0.0,0.0,-0.0938868531542625,0.5958133643877455,1.0,0.0,4.0,-0.4999999999999976,-0.86602540378444,0.0
override,26.0,-1.3173059252017765,-0.7825754238772854,-0.6497437164679922,-0.938628548766352,0.0,0.0,0.0442334290511751,0.5939494257630661,1.0,0.0,4.0,-0.8660254037844353,-0.5000000000000059,0.0
override,26.25,-1.3229863743459858,-0.5547315642038402,-0.5385652304966608,-0.859707244895649,0.0,0.0,-0.0917381983594684,-0.5394901308846047,0.0,0.0,0.0,-1.0,-3.919488737908119e-15,0.0
override,26.5,-1.3185227273000053,-0.7609188206350931,-0.6686546045039021,-1.0357739755630644,0.0,0.0,-0.2329339637520521,-0.5610932662942206,0.0,0.0,0.0,-0.8660254037844427,0.499999999999993,0.0
override,26.75,-1.3155193002753958,-0.8337175622544665,-0.7137687078360846,-0.8977352315441929,0.0,0.0,-0.3458534861706795,-0.4441638306718626,0.0,0.0,0.0,-0.5000000000000044,0.866025403784436,0.0
override,27.0,-1.3144224010690269,-0.7292689182788067,-0.6852780751091979,-0.7790120431279667,0.0,0.0,-0.3004465908438204,0.2105560586762669,0.0,0.0,0.0,-9.309791596066238e-15,1.0,0.0
override,27.25,-1.316430153628398,-0.7431549294728486,-0.7260394381978486,-0.6986863195542182,0.0,0.0,-0.4240185329288198,-0.4882142874722454,0.0,0.0,0.0,0.4999999999999945,0.8660254037844418,0.0
override,27.5,-1.3246035022960534,-0.5746137353808776,-0.5560078603509756,-0.2045520717956646,0.0,0.0,-0.7041891159203757,-1.1357893814229254,0.0,0.0,0.0,0.8660254037844369,0.500000000000003,0.0
override,27.75,-1.3350015276576532,-0.654257143988757,-0.586462011636213,-0.5940060326455037,0.0,0.0,-0.7602848940691376,-0.2091832374740899,0.0,0.0,0.0,1.0,7.594667096623355e-15,0.0
override,28.0,-1.3349530708936943,-0.9260799368591732,-0.7794490917965028,-0.8800740414817512,0.0,0.0,-0.7961634307448283,-0.1255798168405748,0.0,0.0,0.0,0.8660254037844409,-0.4999999999999959,0.0
override,28.25,-1.3402787766092925,-0.5935099057996407,-0.6130542212788903,-0.3165872321549277,0.0,0.0,-0.8050396497616108,-0.0139183854665462,1.0,1.0,9.0,0.5000000000000077,-0.8660254037844343,0.0
override,28.5,-1.3436437651469555,-0.3881139445143578,-0.4847498388141359,-0.2359701119394418,0.0,0.0,-0.7129728591433019,0.4035065587710887,1.0,0.0,9.0,5.879542597180472e-15,-1.0,0.0
override,28.75,-1.350063961618514,-0.4581296785931548,-0.4992896432336381,-0.5443389748948995,0.0,0.0,-0.6656334423337577,0.21854752509939,1.0,0.0,9.0,-0.4999999999999913,-0.8660254037844437,0.0
override,29.0,-1.3418405260473838,-0.8098289673305293,-0.7050494323400235,-0.9194208535380308,0.0,0.0,-0.7193364588543667,-0.19928856133142,1.0,0.0,9.0,-0.8660254037844352,-0.5000000000000061,0.0
override,29.25,-1.3425734620820422,-0.9307734221137214,-0.8175152128506671,-1.0290875444126515,0.0,0.0,-0.6756242754798185,0.2035479949703248,0.0,0.0,0.0,-1.0,-4.164418097737589e-15,0.0
override,29.5,-0.0461251942707333,10.699970957125508,6.888018163668898,32.992962406385885,0.0,0.0,-0.5097739776298612,0.7086200728536042,0.0,0.0,0.0,-0.8660254037844428,0.4999999999999928,0.0
override,29.75,2.38171068946446,12.785973989597329,7.81978521896801,39.16415152180365,1.0,1.0,-0.4450067888926717,0.2906157817462039,0.0,0.0,0.0,-0.5000000000000047,0.8660254037844359,0.0
override,30.0,2.46937734874201,-0.2183971774609146,-0.6882706861920039,2.3794311399732275,0.0,0.0,-0.3859311802419901,0.2670796546897275,0.0,0.0,0.0,-9.554720955895708e-15,1.0,0.0
override,30.25,2.5271577433840813,-0.2671454259875415,-0.7294125645229339,1.108859076599722,0.0,0.0,0.2191649457139892,2.5250129658987728,0.0,0.0,0.0,0.4999999999999943,0.8660254037844419,0.0
override,30.5,2.5840813907445237,-0.1999627241422742,-0.7734087042846792,2.101439205247117,0.0,0.0,0.3575941455303656,0.5952268784265666,0.0,0.0,0.0,0.8660254037844368,0.5000000000000032,0.0
override,30.75,2.6392586180836117,-0.4727207836719971,-0.7848515686425168,1.1537676176883955,0.0,0.0,-0.1104400748473226,-1.9126531646969716,0.0,0.0,0.0,1.0,7.839596456452825e-15,0.0
override,31.0,2.693193311403605,-0.49147086605154,-0.7847958672417568,-0.191185890286055,0.0,0.0,-0.2653365009111031,-0.6177489726910008,0.0,0.0,0.0,0.866025403784441,-0.4999999999999957,0.0
override,31.25,2.714292533760585,-0.4070844095823616,-0.6921127568878096,2.0969896152035985,0.0,0.0,-0.3426040316249344,-0.2967338035393884,1.0,1.0,5.0,0.5000000000000017,-0.8660254037844377,0.0
override,31.5,2.733112377584571,-0.5893236542746507,-0.7579638381298456,1.413395746251684,0.0,0.0,-0.2998975165335217,0.1993893015795993,1.0,0.0,5.0,1.3229899314610944e-14,-1.0,0.0
override,31.75,2.7318408577998725,-0.6733369913655266,-0.7659151279386563,0.2189028617762682,0.0,0.0,-0.3074409527241191,-0.0084069904832546,1.0,0.0,5.0,-0.499999999999991,-0.8660254037844438,0.0
override,32.0,2.730383041939383,-0.7962066978213492,-0.7706509765786526,0.2863647355047261,0.0,0.0,-0.4347548202590606,-0.5036880981692907,1.0,0.0,5.0,-0.8660254037844349,-0.5000000000000063,0.0
override,32.25,2.7448350064649105,-0.5188646279600087,-0.6509885551769727,1.4614657751058089,0.0,0.0,-0.5579261900681494,-0.4865578195252362,0.0,0.0,0.0,-1.0,-4.40934745756706e-15,0.0
override,32.5,2.748703147733978,-0.458223116743333,-0.5945989091795855,1.1688726155027584,0.0,0.0,-0.540215403493904,0.0960256251826309,0.0,0.0,0.0,-0.8660254037844394,0.4999999999999987,0.0
override,32.75,2.768942719752595,-0.3102717277411826,-0.5361160756524049,2.202519718145893,0.0,0.0,-0.5367769807155373,0.0370057813799675,0.0,0.0,0.0,-0.500000000000011,0.8660254037844323,0.0
override,33.0,2.792318828427225,-0.5195038500381332,-0.5983352494507318,1.0425747234798393,0.0,0.0,-0.5134451224377995,0.1192701821942374,0.0,0.0,0.0,-9.799650315725178e-15,1.0,0.0
override,33.25,2.779656366981722,-0.5747537147008033,-0.6350558527784886,2.353868176954604,0.0,0.0,0.0625467432350915,2.404659468715919,0.0,0.0,0.0,0.499999999999994,0.866025403784442,0.0
override,33.5,2.7768413875882905,-0.4204052392585631,-0.50622565935708,2.126039987020872,0.0,0.0,0.1487945426083794,0.3794435542623764,0.0,0.0,0.0,0.8660254037844367,0.5000000000000034,0.0
override,33.75,2.748660564643541,-0.2846069759748776,-0.4203120909118241,1.0683382918763604,0.0,0.0,0.064322230113084,-0.3265274033561949,0.0,0.0,0.0,1.0,9.790984586812941e-16,0.0
override,34.0,2.705845775390885,-0.1811102943148725,-0.3644080069353432,-0.0434413976010474,0.0,0.0,0.2584585816655423,0.8255900783265199,0.0,0.0,0.0,0.8660254037844448,-0.4999999999999894,0.0
override,34.25,2.666406741627645,-0.0418215271144726,-0.3309415050940727,2.3657696487246085,0.0,0.0,0.0454564766301013,-0.8580306909825021,1.0,1.0,1.0,0.5000000000000081,-0.8660254037844339,0.0
override,34.5,2.620866457763164,0.1189582243469303,-0.1923108356571691,2.2642531426767336,0.0,0.0,0.5427636196816188,2.079278186036563,1.0,0.0,1.0,6.3694013168394125e-15,-1.0,0.0
override,34.75,2.566024693857451,0.3281321515973348,0.0487880195472535,1.3482072118397217,0.0,0.0,0.6579671786269033,0.4991829633447189,1.0,0.0,1.0,-0.499999999999997,-0.8660254037844404,0.0
override,35.0,2.49086292357744,0.5454749314189704,0.1276285285465533,1.2142908413082014,0.0,0.0,0.2654995429040421,-1.6001661732767742,1.0,0.0,1.0,-0.8660254037844313,-0.5000000000000128,0.0
override,35.25,2.282723605018126,1.8196935947012924,1.4462712091089625,4.096323092920296,0.0,0.0,0.266632730822794,0.0274730506222067,0.0,0.0,0.0,-1.0,-1.1759704174997531e-14,0.0
override,35.5,2.058980714453575,2.0022689391994257,1.6567535575012151,3.080577815847444,0.0,0.0,0.029794633375934,-0.95659856447026,0.0,0.0,0.0,-0.866025403784443,0.4999999999999923,0.0
override,35.75,1.804853925475586,2.364215440619442,1.8603496322207944,3.669705159775325,0.0,0.0,-0.084131058472778,-0.448324596432315,0.0,0.0,0.0,-0.5000000000000051,0.8660254037844357,0.0
override,36.0,1.613273435196891,2.154493631868807,1.801744682880514,2.198749428222728,0.0,0.0,0.0166722133018075,0.4396341239454895,0.0,0.0,0.0,-2.939152317953648e-15,1.0,0.0
override,36.25,1.444533123392017,2.9593315335685157,2.814357718116187,4.217960595328129,0.0,0.0,-0.2664036990928538,-1.147803655303478,0.0,0.0,0.0,0.4999999999999877,0.8660254037844457,0.0
override,36.5,1.2474298729492344,2.565567451761297,2.158478361197158,4.83123827603239,0.0,0.0,-0.551989952780873,-1.1581845531802646,0.0,0.0,0.0,0.866025403784433,0.5000000000000098,0.0
override,36.75,1.0499572341551249,1.9706908141102548,1.7415713733231075,3.1223437755039662,0.0,0.0,-0.5372571194553498,0.0837110332828666,0.0,0.0,0.0,1.0,8.329455176111767e-15,0.0
override,37.0,1.0599512049933055,0.9679558572242758,0.7786752919760208,1.168923892536336,0.0,0.0,-0.5871357631330827,-0.1834738097557293,0.0,0.0,0.0,0.8660254037844414,-0.4999999999999953,0.0
override,37.25,1.117738901840633,1.40604823955133,1.322932234513516,1.1635814744314248,0.0,0.0,-0.5647775288521719,0.1152440000539079,1.0,1.0,4.0,0.5000000000000021,-0.8660254037844374,0.0
override,37.5,1.1444321834541402,1.330531080430373,1.227425382133672,-0.0178344523428636,0.0,0.0,-0.5127310629290658,0.2380123669032486,1.0,0.0,4.0,1.3719758034269886e-14,-1.0,0.0
override,37.75,1.2125414437670976,1.0023023674010492,0.8542093871426913,0.6311954759642809,0.0,0.0,-0.4160997863042864,0.4223818659727675,1.0,0.0,4.0,-0.4999999999999907,-0.866025403784444,0.0
override,38.0,1.2646559700830708,0.3814024267821613,0.3211164126800614,-0.1398793063664351,0.0,0.0,-0.3902086170074675,0.1298535823057329,1.0,0.0,4.0,-0.8660254037844347,-0.5000000000000068,0.0
override,38.25,1.318576176716247,0.6238720864607004,0.480535447732937,0.2682762996999382,0.0,0.0,-0.4797025789264952,-0.347293197226023,0.0,0.0,0.0,-1.0,-4.899206177226001e-15,0.0
override,38.5,1.364837703125742,0.2757233961076491,0.2366317515974685,0.4577806607011939,0.0,0.0,-0.3952473020107145,0.3720310193124621,0.0,0.0,0.0,-0.8660254037844396,0.4999999999999983,0.0
override,38.75,1.3707344924330482,0.1446625078986655,0.19884016677721,0.6400990947233065,0.0,0.0,-0.4369172948245229,-0.1495289566992707,0.0,0.0,0.0,-0.5000000000000114,0.866025403784432,0.0
override,39.0,1.3426639270206315,-0.1189244121167128,-0.1451314217535514,0.1647170724018066,0.0,0.0,-0.5462113396678394,-0.4291715614678851,0.0,0.0,0.0,-1.028950903538412e-14,1.0,0.0
override,39.25,1.3093372789714284,0.1869276965979484,0.0700101430227596,1.099886174359327,0.0,0.0,-0.5821128635625538,-0.125674874820853,0.0,0.0,0.0,0.4999999999999936,0.8660254037844423,0.0
override,39.5,1.2932197539200423,-0.0951242512244492,-0.137659274287043,-0.0943665170605831,0.0,0.0,-0.6993878754845179,-0.4621748843310543,0.0,0.0,0.0,0.8660254037844365,0.5000000000000038,0.0
override,39.75,1.2813026707596589,-0.4366292788257741,-0.400392724356244,0.3964699097663648,0.0,0.0,-0.7467025973543445,-0.1728713428631346,0.0,0.0,0.0,1.0,1.5679811893542238e-14,0.0
override,40.0,1.2488032308774617,-0.5856850217302942,-0.5410050560249824,-0.40309797080923,0.0,0.0,-0.7323890372499784,0.0819772321846576,0.0,0.0,0.0,0.866025403784445,-0.4999999999999889,0.0
override,40.25,1.2068923479692402,-0.0913533400584327,-0.1635352442159919,0.4766650964766036,0.0,0.0,-0.2551666148925358,1.996222772431794,1.0,1.0,10.0,0.5000000000000084,-0.8660254037844337,0.0
override,40.5,1.1468684280929398,0.2176300781798997,0.2334473696829824,0.2408622546207943,0.0,0.0,0.149744475838666,1.6971970778250085,1.0,0.0,10.0,6.859260036498355e-15,-1.0,0.0
override,40.75,1.111304692913326,-0.0398989976827954,-0.0936949335732591,0.7231713847976025,0.0,0.0,0.2637218019254043,0.4941121794989489,1.0,0.0,10.0,-0.4999999999999966,-0.8660254037844406,0.0
override,41.0,1.1006069479150162,-0.5786696111513762,-0.5993260205833827,-0.5175185479409757,0.0,0.0,0.5540477974727985,1.2233586501768468,1.0,0.0,10.0,-0.866025403784431,-0.5000000000000131,0.0
override,41.25,1.0850321133594172,-0.4854092745022104,-0.4279216000610195,-0.5033624245104033,0.0,0.0,0.0904758168079123,-1.894200671849524,0.0,0.0,0.0,-1.0,-1.2249562894656474e-14,0.0
override,41.5,1.087024817542204,-0.2933973041509977,-0.386945524295465,-0.5101339360331034,0.0,0.0,-0.5835307381738338,-2.764401003377474,0.0,0.0,0.0,-0.8660254037844433,0.4999999999999919,0.0
override,41.75,1.0934425565912511,-0.1473522369177217,-0.2468414246503212,-0.1361204321924375,0.0,0.0,-0.5725173493534272,0.0683301869938974,0.0,0.0,0.0,-0.5000000000000056,0.8660254037844355,0.0
override,42.0,1.1129236734625605,-0.2435720217303013,-0.1894221172259546,-0.5823847847891473,0.0,0.0,-0.4125472664513502,0.6843038928070866,0.0,0.0,0.0,-3.429011037612589e-15,1.0,0.0
override,42.25,1.1300646149010354,0.0067425628605131,0.0797361148417588,-0.0729936974345805,0.0,0.0,-0.1552783608296372,1.086659199974512,0.0,0.0,0.0,0.4999999999999872,0.866025403784446,0.0
override,42.5,1.1252252960612004,0.4133984707808568,0.2121233030528849,-0.4778388589970316,0.0,0.0,-0.1498231258307914,0.045345811380208,0.0,0.0,0.0,0.8660254037844327,0.5000000000000102,0.0
override,42.75,1.1014984108174553,0.6401372490538516,0.3040132869775383,-0.0704908405129872,0.0,0.0,-0.4957579390143594,-1.407741151238083,0.0,0.0,0.0,1.0,8.819313895770708e-15,0.0
override,43.0,1.0860813789144497,0.212103549346315,-0.0440378606950395,-0.1789597839549337,0.0,0.0,-0.6210360915346043,-0.4952699003211654,0.0,0.0,0.0,0.8660254037844416,-0.4999999999999949,0.0
override,43.25,1.0730219798670373,0.1447984501026928,-0.0127075869487396,-0.4880156683600151,0.0,0.0,-0.2864560103133923,1.4063605173834992,1.0,1.0,10.0,0.5000000000000026,-0.8660254037844372,0.0
override,43.5,1.0638495893360835,-0.0719227997147741,-0.1383325741421961,-0.6200058279434117,0.0,0.0,0.1688474213027651,1.9055821870063967,1.0,0.0,10.0,1.4209616753928828e-14,-1.0,0.0
override,43.75,1.062155535387027,-0.5084352644530409,-0.4068794273674831,-0.6793335900476595,0.0,0.0,0.2020898818108765,0.1602530357700338,1.0,0.0,10.0,-0.4999999999999902,-0.8660254037844443,0.0
override,44.0,1.0742309936135872,-0.7350866683726738,-0.6330384825482884,-0.1387298665533883,0.0,0.0,0.2115322573361695,0.0618336486057512,1.0,0.0,10.0,-0.8660254037844345,-0.5000000000000072,0.0
override,44.25,1.0734013280240695,-0.542867006303799,-0.5603878636832945,-0.3675401246803348,0.0,0.0,0.1534373284245462,-0.2174502328680926,0.0,0.0,0.0,-1.0,-5.389064896884942e-15,0.0
override,44.5,1.0760257451685336,-0.9596286920368586,-0.8767879862674595,-0.8764232779854753,0.0,0.0,-0.298019424007971,-1.8441011306568784,0.0,0.0,0.0,-0.8660254037844469,0.4999999999999855,0.0
override,44.75,1.0772630078352263,-0.7064625531187568,-0.7325675362740954,-1.0437053038784816,0.0,0.0,-0.4186139735188581,-0.4759020141041812,0.0,0.0,0.0,-0.5000000000000119,0.8660254037844318,0.0
override,45.0,1.0914871059995757,-0.606267039046076,-0.6599554843650577,-0.7758341350018243,0.0,0.0,-0.2928761925285506,0.542744643005615,0.0,0.0,0.0,-1.077936775504306e-14,1.0,0.0
override,45.25,1.1034600192638335,-0.4651794884714763,-0.6410412878643019,-0.8640319624644968,0.0,0.0,-0.302860785764965,-0.0185017939511633,0.0,0.0,0.0,0.4999999999999932,0.8660254037844426,0.0
override,45.5,1.1220553192038183,0.1710081887613206,-0.3257119325466865,0.4902743866705774,0.0,0.0,-0.2648281058783458,0.1800618077116275,0.0,0.0,0.0,0.8660254037844362,0.5000000000000042,0.0
override,45.75,1.1695858965367605,0.5720452373755757,0.1646193720004868,0.2725787365210717,0.0,0.0,-0.4023584094788828,-0.5459356522139449,0.0,0.0,0.0,1.0,1.6169670613201182e-14,0.0
override,46.0,1.2302633868992494,0.6183017285446218,0.3842619641451502,0.2360667989614775,0.0,0.0,-0.5911339516520748,-0.7578477096309307,0.0,0.0,0.0,0.8660254037844453,-0.4999999999999885,0.0
override,46.25,1.22425323920801,0.5216391712431809,0.388790639311291,-0.6156279399404448,0.0,0.0,-0.6476862744413847,-0.2110711653436043,1.0,1.0,6.0,0.5000000000000089,-0.8660254037844335,0.0
override,46.5,1.2057893641875923,0.2860212888592063,0.344733065911067,-0.5295870305443813,0.0,0.0,-0.6912274246724971,-0.1572666671499644,1.0,0.0,6.0,7.349118756157295e-15,-1.0,0.0
override,46.75,1.1812738193285748,0.2868975583902515,0.3954788097146386,-0.5134023235321324,0.0,0.0,-0.6126973127736706,0.3475289593308755,1.0,0.0,6.0,-0.4999999999999961,-0.8660254037844408,0.0
override,47.0,1.162982790332886,0.0921177917436598,0.2000442986373685,-0.9242325366808596,0.0,0.0,-0.5816953665359128,0.1509879410621693,1.0,0.0,6.0,-0.8660254037844308,-0.5000000000000135,0.0
override,47.25,1.1344445043992355,0.3406536410646215,0.4313910887301297,-0.2779868109968066,0.0,0.0,-0.6480321053555235,-0.2515322069809668,0.0,0.0,0.0,-1.0,-1.2739421614315414e-14,0.0
override,47.5,1.106746131735751,0.3852603785213352,0.4653287313090332,-0.3662929377490049,0.0,0.0,-0.6215569151191707,0.1322686569998583,0.0,0.0,0.0,-0.8660254037844436,0.4999999999999915,0.0
override,47.75,1.0749260338195794,0.3692032616719384,0.4007825315371335,0.1281016072342738,0.0,0.0,-0.5804693797938207,0.192694409669663,0.0,0.0,0.0,-0.5000000000000059,0.8660254037844353,0.0
override,48.0,1.0574044630852604,0.1045435042609011,0.1995166156314974,-0.2637155225148049,0.0,0.0,-0.6169267293699313,-0.1279733549721919,0.0,0.0,0.0,-3.91886975727153e-15,1.0,0.0
override,48.25,1.0351245469173824,0.0530902288250041,0.1462117667565337,-0.7403306065830187,0.0,0.0,-0.4313312623928117,0.7902713546180733,0.0,0.0,0.0,0.4999999999999868,0.8660254037844463,0.0
override,48.5,1.0079075802735786,0.2492507469531648,0.3586685320547728,-0.1980817709718358,0.0,0.0,-0.2425312877312528,0.8035228065642923,0.0,0.0,0.0,0.8660254037844325,0.5000000000000107,0.0
override,48.75,0.974225392850148,0.5764981806387666,0.6663133911409896,0.2408113025863488,0.0,0.0,-0.4385731544399343,-0.7878958043430266,0.0,0.0,0.0,1.0,9.309172615429648e-15,0.0
override,49.0,0.9234256943394198,1.2550300904496343,1.2037887684298505,0.6895415701942885,0.0,0.0,-0.5517421521523043,-0.4451954742790385,0.0,0.0,0.0,0.8660254037844418,-0.4999999999999945,0.0
override,49.25,0.8683774816821875,1.6707403716731175,1.4774507156059562,2.3685604433987644,0.0,0.0,-0.6415527395093684,-0.348602523709297,1.0,1.0,6.0,0.5000000000000153,-0.8660254037844298,0.0
override,49.5,0.8480827334742966,1.8361499759374411,1.6480754819409285,1.4868713929970594,0.0,0.0,-0.7137126383977562,-0.2756124506331347,1.0,0.0,6.0,1.4699475473587772e-14,-1.0,0.0
override,49.75,0.8307508044087325,1.292667875544446,1.182571712601958,1.332723563865983,0.0,0.0,-0.6796110124673185,0.1638059026778262,1.0,0.0,6.0,-0.4999999999999898,-0.8660254037844445,0.0
override,50.0,0.8157072399591788,0.9557926958230114,0.7890694093328743,-0.190239885756564,0.0,0.0,-0.7446484526696022,-0.2461592776929818,1.0,0.0,6.0,-0.8660254037844343,-0.5000000000000077,0.0
override,50.25,0.7565325821394223,1.425099123126123,1.2383868608974078,1.0986732610998842,0.0,0.0,-0.798481443035124,-0.1998260361418225,0.0,0.0,0.0,-1.0,-5.8789236165438834e-15,0.0
override,50.5,0.6769449653192694,1.2758462019035182,1.1242570972928274,0.6480174660406293,0.0,0.0,-0.8371034516775586,-0.1369247691743266,0.0,0.0,0.0,-0.8660254037844473,0.4999999999999851,0.0
override,50.75,0.5826519272459459,0.9958066410333556,0.802579648298623,0.9550772651088196,0.0,0.0,-0.7299959480470579,0.465703721438466,0.0,0.0,0.0,-0.5000000000000123,0.8660254037844316,0.0
override,51.0,0.5076669069370932,0.980592629106987,0.8060566478521428,0.8921646423332659,0.0,0.0,-0.6584998407099479,0.3184415666272494,0.0,0.0,0.0,-1.1269226474702003e-14,1.0,0.0
override,51.25,0.4841642081167422,1.677306913843701,1.8120427264658905,1.7410461686978815,0.0,0.0,-0.6998804964663266,-0.1483324745902061,0.0,0.0,0.0,0.4999999999999928,0.8660254037844428,0.0
override,51.5,0.4726282051291794,1.3169248395094368,1.3238194724045178,1.4742825993301565,0.0,0.0,-0.3927378707487445,1.2928996806695146,0.0,0.0,0.0,0.8660254037844359,0.5000000000000047,0.0
override,51.75,0.489689809139419,1.048934960185914,0.9202412131493006,0.989461073029826,0.0,0.0,0.6882442608499846,4.49292228509782,0.0,0.0,0.0,1.0,1.6659529332860122e-14,0.0
override,52.0,0.4984700232054266,0.5248312056261352,0.3402016005028698,0.0385700236517612,0.0,0.0,1.7415050300086408,4.378287421202143,0.0,0.0,0.0,0.8660254037844455,-0.4999999999999881,0.0
override,52.25,0.511513434231475,0.5229437568386852,0.3113433570155999,-0.1483356485571612,0.0,0.0,1.8339548596206128,0.4050905221495193,1.0,1.0,4.0,0.5000000000000093,-0.8660254037844333,0.0
override,52.5,0.4998265495052626,0.3687113836164356,0.3007820131640494,0.4803376709075259,0.0,0.0,0.937140270915021,-3.685768727493173,1.0,0.0,4.0,7.838977475816237e-15,-1.0,0.0
override,52.75,0.4751185097269347,0.2396978107597777,0.1578752718927281,-0.2058980490882331,0.0,0.0,0.1485364957020536,-3.238289571171633,1.0,0.0,4.0,-0.4999999999999834,-0.8660254037844481,0.0
override,53.0,0.4481064271104248,-0.0188490898099863,-0.1246506434783424,0.0379777954074083,0.0,0.0,0.1599416274835204,0.0699501434848637,1.0,0.0,4.0,-0.8660254037844306,-0.500000000000014,0.0
override,53.25,0.3984253834543039,0.105195624876307,0.0343366504585398,0.550856710813608,0.0,0.0,0.1671006582172755,0.0523914388308641,0.0,0.0,0.0,-1.0,-1.3229280333974356e-14,0.0
override,53.5,0.3773065346036071,0.1390170697437209,0.0880488275044227,0.1179333814260696,0.0,0.0,-0.088264778896158,-1.0332138125706365,0.0,0.0,0.0,-0.8660254037844438,0.499999999999991,0.0
override,53.75,0.3744604120506597,0.2098623671398381,0.1339862987075361,0.544527401129464,0.0,0.0,-0.3505457536306229,-1.0618113144310202,0.0,0.0,0.0,-0.5000000000000063,0.8660254037844349,0.0
override,54.0,0.3740476730218231,-0.0488170079874519,-0.1331205733461812,0.0993841568307932,0.0,0.0,-0.4791702692960569,-0.5091079605724798,0.0,0.0,0.0,-1.8619583192132475e-14,1.0,0.0
override,54.25,0.371283726849243,0.1949658518189342,0.0420073017356932,1.1235766580179951,0.0,0.0,-0.5068670172582928,-0.0917460455886156,0.0,0.0,0.0,0.4999999999999864,0.8660254037844465,0.0
override,54.5,0.3637569217071864,-0.0925214673951962,-0.2010027254863894,-0.0022653063043204,0.0,0.0,-0.5644593724050604,-0.2153719628964664,0.0,0.0,0.0,0.8660254037844323,0.500000000000011,0.0
override,54.75,0.3425593333406942,-0.1446562389353305,-0.2954376525553737,0.3354785303631661,0.0,0.0,-0.6391439144358113,-0.2860524902825417,0.0,0.0,0.0,1.0,9.79903133508859e-15,0.0
override,55.0,0.3234038764264928,-0.2183655766476337,-0.3677375493366182,0.393957897316553,0.0,0.0,-0.6759182458408332,-0.129284155222115,0.0,0.0,0.0,0.866025403784442,-0.499999999999994,0.0
override,55.25,0.2809026020493999,0.4664697684098083,0.0469041817821929,2.285434847439305,0.0,0.0,-0.7058040593164284,-0.1007983866387767,1.0,1.0,6.0,0.5000000000000157,-0.8660254037844296,0.0
override,55.5,0.2775529912286919,0.2695405798213975,-0.2010159129913794,0.9837992580092262,0.0,0.0,-0.6860274609553,0.1045682808163632,1.0,0.0,6.0,1.5189334193246713e-14,-1.0,0.0
override,55.75,0.2768414363427111,-0.1621723948474041,-0.5751909855886385,0.5187859014613455,0.0,0.0,-0.5833220449077205,0.4474999729028043,1.0,0.0,6.0,-0.4999999999999894,-0.8660254037844448,0.0
override,56.0,0.2354429598677503,-0.4874619905216444,-0.8134938408243791,0.0185232839666884,0.0,0.0,-0.3700336555749933,0.9047886115520108,1.0,0.0,6.0,-0.866025403784434,-0.5000000000000081,0.0
override,56.25,0.1574207759980781,-0.1246657130051904,-0.6440532050310215,1.0188298848672326,0.0,0.0,-0.1495394232321137,0.9345865998185736,0.0,0.0,0.0,-1.0,-6.368782336202825e-15,0.0
override,56.5,0.0867279877444359,-0.2490448225352375,-0.6842835148294587,0.8279421492066178,0.0,0.0,-0.2162602347195512,-0.2531204448642081,0.0,0.0,0.0,-0.8660254037844475,0.4999999999999847,0.0
override,56.75,0.0264144780692275,-0.2935631225141674,-0.5978035479739864,1.0335028115766365,0.0,0.0,-0.2321386129529758,-0.042874089592231,0.0,0.0,0.0,-0.5000000000000128,0.8660254037844313,0.0
override,57.0,-0.0040692142896887,-0.5973914044277295,-0.7429429389330847,0.3626809275856373,0.0,0.0,-0.1110366147684952,0.5235745054575526,0.0,0.0,0.0,-1.1759085194360944e-14,1.0,0.0
override,57.25,-0.0273068753736884,-0.733998704407617,-0.7173573342102735,0.2469535176583208,0.0,0.0,0.0780529450969992,0.8047203148220892,0.0,0.0,0.0,0.4999999999999923,0.866025403784443,0.0
override,57.5,-0.0273085547236149,-0.7479427728654165,-0.7184813755954945,0.2352870857731651,0.0,0.0,0.0979389198412109,0.1050205798985333,0.0,0.0,0.0,0.8660254037844286,0.5000000000000174,0.0
override,57.75,-0.0396400748507125,-0.6508160056352484,-0.6372661420098793,0.2851343078735812,0.0,0.0,-0.1415606138792482,-0.9676042784084044,0.0,0.0,0.0,1.0,1.7149388052519063e-14,0.0
override,58.0,-0.0538977357062644,-0.7422956601479791,-0.7069850066934661,-0.3815963154673285,0.0,0.0,-0.2908516450047185,-0.5945692430790889,0.0,0.0,0.0,0.8660254037844457,-0.4999999999999877,0.0
override,58.25,-0.0671469005804145,-0.6832024391225485,-0.6676010737353214,-0.125856902793056,0.0,0.0,-0.3085645064981008,-0.0504601431016412,1.0,1.0,3.0,0.5000000000000098,-0.866025403784433,0.0
override,58.5,-0.0882690018460095,-0.6929307744756179,-0.6759177643903579,-0.6459623357341112,0.0,0.0,-0.2619164745073379,0.2156884735368321,1.0,0.0,3.0,8.328836195475178e-15,-1.0,0.0
override,58.75,-0.0987604293999954,-0.5417966347832447,-0.4238059799580735,-0.2107383421383995,0.0,0.0,-0.3372338425004255,-0.2886693861230311,1.0,0.0,3.0,-0.499999999999983,-0.8660254037844485,0.0
override,59.0,-0.0972988752164902,-0.678780951689944,-0.543364992654795,-0.0681828677784777,0.0,0.0,-0.365536238447859,-0.0942505536012323,1.0,0.0,3.0,-0.8660254037844303,-0.5000000000000144,0.0
override,59.25,-0.1052029245024528,-0.6242374221879899,-0.4944501679902822,-0.3343871407561855,0.0,0.0,-0.3408523871906252,0.1248610160332122,0.0,0.0,0.0,-1.0,-1.3719139053633295e-14,0.0
override,59.5,-0.1132235150015846,-0.6212599226938281,-0.5310390452061506,-0.4435666300058997,0.0,0.0,-0.2797379091946007,0.2755108964950222,0.0,0.0,0.0,-0.866025403784444,0.4999999999999907,0.0
override,59.75,-0.1299603889289063,-0.7255761372190518,-0.6386478857126135,-0.5449849976673589,0.0,0.0,-0.1436316048493425,0.5856211165614644,0.0,0.0,0.0,-0.5000000000000068,0.8660254037844347,0.0
override,60.0,-0.1417962901643277,-0.7963384701112391,-0.7122353383480275,-0.1874490798468798,0.0,0.0,-0.0213001985726862,0.5286584196996276,0.0,0.0,0.0,-1.9109441911791416e-14,1.0,0.0
override,60.25,-0.1578639914032449,-0.6018367060072572,-0.5126129825803011,-0.1918369171498542,0.0,0.0,0.0707407642077614,0.4033997541115288,0.0,0.0,0.0,0.499999999999986,0.8660254037844467,0.0
override,60.5,-0.1732543505490719,-0.6937645795830536,-0.6213758602678641,-0.4213209204510567,0.0,0.0,0.0376569836102327,-0.1140227917003314,0.0,0.0,0.0,0.866025403784432,0.5000000000000114,0.0
override,60.75,-0.1912555554900024,-0.565397822181128,-0.532235855516827,-0.1734406160713326,0.0,0.0,0.0854521970190666,0.2204323596285962,0.0,0.0,0.0,1.0,1.0288890054747531e-14,0.0
override,61.0,-0.2025514033356794,-0.7314145221787663,-0.6636160978419773,-0.8107880470932096,0.0,0.0,0.0504348071914954,-0.1220187562346332,0.0,0.0,0.0,0.8660254037844423,-0.4999999999999936,0.0
override,61.25,-0.2161209339370569,-0.624271221187615,-0.622265754315884,-0.5769203726985904,0.0,0.0,-0.2392836759850203,-1.1752723700588013,1.0,1.0,4.0,0.5000000000000038,-0.8660254037844365,0.0
override,61.5,-0.245639193832063,1.671529490847875,1.907369871914163,5.842316820598185,0.0,0.0,-0.2559169091897342,-0.0459956063315969,1.0,0.0,4.0,1.567919291290565e-14,-1.0,0.0
override,61.75,-0.2987536837830838,6.793742575746815,7.429371911650041,18.18725073391963,1.0,0.0,0.0605039735558574,1.33126762646923,1.0,0.0,4.0,-0.4999999999999767,-0.8660254037844521,0.0
override,62.0,-0.2996368030783684,0.3874914481229526,0.4448182793521743,-0.5816103082059378,0.0,0.0,0.0275952897611575,-0.1132987220156528,1.0,0.0,4.0,-0.8660254037844337,-0.5000000000000084,0.0
override,62.25,-0.2832920114847006,0.5001826330501724,0.4494160201502779,0.5794385401568368,0.0,0.0,-0.3145449395381423,-1.3920495845607903,0.0,0.0,0.0,-1.0,-2.1069495771063772e-14,0.0
override,62.5,-0.2481004202010686,0.1794066944216229,0.0632328298125014,-0.0100750157771034,0.0,0.0,-0.4701251251725808,-0.6205764919187874,0.0,0.0,0.0,-0.8660254037844406,0.4999999999999966,0.0
override,62.75,-0.2320564264644513,0.2786468565618916,0.2880336770925638,-0.3451175379063843,0.0,0.0,-0.4956759249362558,-0.0828720055698035,0.0,0.0,0.0,-0.5000000000000131,0.866025403784431,0.0
override,63.0,-0.2378498202915212,0.0288145059693726,-0.0048999570657154,-0.6361743755097099,0.0,0.0,-0.5340839280277251,-0.1360398019487486,0.0,0.0,0.0,-2.6459798629221888e-14,1.0,0.0
override,63.25,-0.2434600951526645,-0.8903734458187094,-0.8623103293281067,-0.9002849243305522,0.0,0.0,-0.6362204509140341,-0.3995733930104153,0.0,0.0,0.0,0.4999999999999919,0.8660254037844433,0.0
override,63.5,-0.2564214220231824,-0.4362854599834445,-0.5501510759900351,-0.5353521218291555,0.0,0.0,-0.6260414695609191,0.0648797005088528,0.0,0.0,0.0,0.8660254037844284,0.5000000000000178,0.0
override,63.75,-0.2575307945790845,-0.6104692333758212,-0.6794081253595448,-0.9299124820525928,0.0,0.0,-0.5955368038848827,0.1489315598278728,0.0,0.0,0.0,1.0,3.4283920569760004e-15,0.0
override,64.0,-0.264520469882538,-0.8913270086670805,-0.8479178603805249,-0.9396544847628298,0.0,0.0,-0.5622353113886327,0.1604971480116447,0.0,0.0,0.0,0.866025403784446,-0.4999999999999872,0.0
override,64.25,-0.2657532354565024,-0.2756421237044613,-0.3215737895836869,-0.2366355715094546,0.0,0.0,-0.547547305375606,0.0835256609773764,1.0,1.0,7.0,0.5000000000000225,-0.8660254037844257,0.0
override,64.5,-0.2671786003282735,-0.4112683463071589,-0.3397859998640443,-0.694173283737098,0.0,0.0,-0.5270054611554201,0.1077327665118053,1.0,0.0,7.0,8.81869491513412e-15,-1.0,0.0
override,64.75,-0.2942850308587775,3.6247252382440656,4.199662420319155,14.298612002137592,1.0,0.0,-0.4550945192722216,0.3201570126783913,1.0,0.0,7.0,-0.4999999999999825,-0.8660254037844487,0.0
override,65.0,-0.3294303695997018,2.269251744566437,2.859928267346678,10.47265955529739,0.0,0.0,-0.4479296027884597,0.0524157778997829,1.0,0.0,7.0,-0.8660254037844372,-0.5000000000000026,0.0
override,65.25,-0.3333332648570178,-1.354230045059563,-1.1688838129500922,-1.3687667832397687,0.0,0.0,-0.3399080067162117,0.4694837255011918,0.0,0.0,0.0,-1.0,-1.4208997773292239e-14,0.0
override,65.5,-0.322425774605482,-1.0386780006781733,-0.8695830550359611,0.2641288597733029,0.0,0.0,-0.1810861316771603,0.6795557621051259,0.0,0.0,0.0,-0.8660254037844514,0.4999999999999779,0.0
override,65.75,-0.3229380492549332,-1.2572144377762242,-1.04267030425241,-0.976626187012116,0.0,0.0,0.0,0.7716241095741735,0.0,0.0,0.0,-0.5000000000000072,0.8660254037844345,0.0
override,66.0,-0.3244159131743476,-1.3120150632662153,-1.10036821077733,-1.1589346729825718,0.0,0.0,0.1731013956285991,0.738605201064592,0.0,0.0,0.0,-1.959930063145036e-14,1.0,0.0
override,66.25,-0.3276214854822425,-1.20747287995711,-1.0042132523716194,-0.948865246026348,0.0,0.0,-0.0354964674622876,-0.8398180336151364,0.0,0.0,0.0,0.4999999999999979,0.8660254037844398,0.0
override,66.5,-0.3246029136858389,-1.2687110156146824,-1.045781132643978,-1.126371905928747,0.0,0.0,-0.2784854743945805,-0.9820341350783608,0.0,0.0,0.0,0.8660254037844318,0.5000000000000119,0.0
override,66.75,-0.329396745663582,-1.2669508469764656,-1.0541410626454712,-1.2529445701200037,0.0,0.0,-0.2822036047238859,0.0074116193602013,0.0,0.0,0.0,1.0,2.498960348960848e-14,0.0
override,67.0,-0.3305600080271911,-1.1934146470537257,-0.9891063750769872,-0.8491995920740516,0.0,0.0,-0.321680306830202,-0.14045914339985,0.0,0.0,0.0,0.8660254037844426,-0.4999999999999932,0.0
override,67.25,-0.3286193927655786,-1.3475773668577145,-1.1696357547454728,-1.3839679675734031,0.0,0.0,-0.2391340545592015,0.3641367182729316,1.0,1.0,5.0,0.5000000000000165,-0.866025403784429,0.0
override,67.5,-0.325744133360343,-1.196635854897406,-0.9989095185932696,-0.8181871491334662,0.0,0.0,-0.1513235310839023,0.3859058147348845,1.0,0.0,5.0,1.9581969173625882e-15,-1.0,0.0
override,67.75,-0.3225574931193607,-1.288774529042109,-1.0865405855715953,-1.167050461586551,0.0,0.0,-0.0800895704931362,0.3173575233500556,1.0,0.0,5.0,-0.4999999999999885,-0.8660254037844453,0.0
override,68.0,-0.320798842702532,-1.2806053931823054,-1.0468395567414304,-1.29003470915451,0.0,0.0,0.1338476013619557,0.9074714918148388,1.0,0.0,5.0,-0.8660254037844264,-0.5000000000000212,0.0
override,68.25,0.1473824605035826,9.276344560665615,11.449283070671674,34.846531233093096,1.0,0.0,0.2094080275130247,0.3352485556442587,0.0,0.0,0.0,-1.0,-7.348499775520708e-15,0.0
override,68.5,0.201016603805891,-0.600823610530037,-0.7655681756604652,0.5581100778094066,0.0,0.0,0.1120046197894742,-0.3800007614827143,0.0,0.0,0.0,-0.8660254037844479,0.4999999999999838,0.0
override,68.75,0.1984565564991756,0.1776135550343872,-0.273200160318979,-0.940754386766025,0.0,0.0,0.1625331067608486,0.2317351389746266,0.0,0.0,0.0,-0.5000000000000259,0.8660254037844237,0.0
override,69.0,0.19454558406201,0.0311688881572606,-0.4877937129847542,-0.286056844846942,0.0,0.0,0.2545314397864159,0.4032234692640876,0.0,0.0,0.0,-1.2738802633678828e-14,1.0,0.0
override,69.25,0.1906307348454211,-0.09388923677135,-0.547256877862908,-0.9729594080515456,0.0,0.0,0.2281696084127717,-0.0862258269566455,0.0,0.0,0.0,0.4999999999999792,0.8660254037844506,0.0
override,69.5,0.1980076252989193,-0.2762332840175208,-0.7145878127329168,-0.6441083374205315,0.0,0.0,0.0629179536067617,-0.660570469651702,0.0,0.0,0.0,0.8660254037844353,0.5000000000000059,0.0
override,69.75,0.2092785555189922,-0.6752226590072655,-0.8145088595196528,-0.6223503449741058,0.0,0.0,-0.2098295336746332,-1.1050929981460065,0.0,0.0,0.0,1.0,1.8129105491836944e-14,0.0
override,70.0,0.2163816580771242,-0.9726643326192372,-0.9737823907121368,-0.84464237073686,0.0,0.0,-0.3764215974558075,-0.6661134006950329,0.0,0.0,0.0,0.8660254037844534,-0.4999999999999745,0.0
override,70.25,0.2211612197508686,-0.8384398359902218,-0.840087146691879,-0.6820647330317308,0.0,0.0,-0.4891573052672808,-0.4434037106554417,1.0,1.0,9.0,0.5000000000000107,-0.8660254037844325,0.0
override,70.5,0.2252254560441613,-1.1022545031506112,-1.0342355873373572,-1.254661934924171,0.0,0.0,-0.557113173784804,-0.2582277188971253,1.0,0.0,9.0,2.3519408349995063e-14,-1.0,0.0
override,70.75,0.2221375392732972,-0.9575597763545204,-0.9090421377656308,-0.9317244663269162,0.0,0.0,-0.5661379036093389,-0.0145325153193101,1.0,0.0,9.0,-0.4999999999999945,-0.8660254037844418,0.0
override,71.0,0.2162550417176262,-1.0579718928579087,-0.957767138851192,-0.5906544220753424,0.0,0.0,-0.5833794134293446,-0.0485109843962805,1.0,0.0,9.0,-0.8660254037844298,-0.5000000000000153,0.0
override,71.25,0.2099038725572032,-1.020562769665282,-0.9524541441460016,-1.0931076414413554,0.0,0.0,-0.6107426613370653,-0.0903669382867582,0.0,0.0,0.0,-1.0,-2.890971120815318e-14,0.0
override,71.5,0.2077419238844444,-0.9313318823665095,-0.9254582443787842,-0.6335597097453101,0.0,0.0,-0.5909208711290259,0.1047551605641043,0.0,0.0,0.0,-0.8660254037844445,0.4999999999999898,0.0
override,71.75,0.2115741296388082,-0.8282598325735013,-0.9024755596071532,-0.3625390199151962,0.0,0.0,-0.6030739638981956,-0.0274690894559431,0.0,0.0,0.0,-0.50000000000002,0.8660254037844272,0.0
override,72.0,0.2162655548723506,-0.7318435496184508,-0.8816554976900681,-0.8039942872811277,0.0,0.0,-0.5430685084607998,0.2709248069642323,0.0,0.0,0.0,-5.878304635907295e-15,1.0,0.0
override,72.25,0.1892169926860949,0.1854793399172081,-0.3739410333931649,-0.3262137113160415,0.0,0.0,-0.4634585520852848,0.3519943900932084,0.0,0.0,0.0,0.4999999999999851,0.8660254037844473,0.0
override,72.5,0.1605504627556532,0.466656792400514,-0.1565172206829732,0.4782454465944138,0.0,0.0,-0.4637107950123259,0.0217439427261686,0.0,0.0,0.0,0.8660254037844244,0.5000000000000246,0.0
override,72.75,0.2373169008622419,0.90004697838813,0.0990251018144003,0.7540286612699091,0.0,0.0,-0.4473601354829488,0.0904011549205233,0.0,0.0,0.0,1.0,1.1268607494065414e-14,0.0
override,73.0,0.214941665679056,0.4020292725518564,-0.585891592143604,0.7188042854328881,0.0,0.0,-0.4531291368564265,-0.0010692525134131,0.0,0.0,0.0,0.8660254037844499,-0.4999999999999804,0.0
override,73.25,0.2062430870363651,-0.0036355065548817,-0.9281028118959632,0.2873724440873015,0.0,0.0,-0.4692633177007376,-0.0439318982604204,1.0,1.0,3.0,0.5000000000000047,-0.8660254037844359,0.0
override,73.5,0.1629739884694843,-0.1607165803575038,-0.8533123428443433,-0.5366655640493059,0.0,0.0,-0.5039678975503237,-0.1207252076462821,1.0,0.0,3.0,1.6658910352223535e-14,-1.0,0.0
override,73.75,0.1592413395450647,-0.8128656717655993,-1.0450109527932845,-0.8847311784010842,0.0,0.0,-0.5426078921138371,-0.1369991455192615,1.0,0.0,3.0,-0.4999999999999758,-0.8660254037844526,0.0
override,74.0,0.1486683454385052,-0.8124706655995163,-1.0286670795406934,-1.0299802749951237,0.0,0.0,-0.4468642561975759,0.4187112465351691,1.0,0.0,3.0,-0.8660254037844333,-0.5000000000000093,0.0
override,74.25,0.1951690208574334,-0.2571494717085331,-0.8816986889887132,0.4843360575530829,0.0,0.0,-0.4328482127762997,0.0807469252491153,0.0,0.0,0.0,-1.0,-2.204921321038165e-14,0.0
override,74.5,0.2129066271984132,0.6482693700488056,-0.414399992674693,1.7461191769114692,0.0,0.0,-0.602916038963187,-0.680486559704586,0.0,0.0,0.0,-0.866025403784441,0.4999999999999958,0.0
override,74.75,0.2105122264215168,1.6233501652665492,1.2253795028765229,2.231423068446573,0.0,0.0,-0.6742143310464263,-0.2720494879882316,0.0,0.0,0.0,-0.500000000000014,0.8660254037844306,0.0
override,75.0,0.2878786454734957,0.6129765848658748,0.281624325401998,0.9686974952050148,0.0,0.0,-0.6744907594765952,0.0216439295372317,0.0,0.0,0.0,-2.7439516068539766e-14,1.0,0.0
override,75.25,0.3162459448924889,-0.1388330641746702,-0.7018124194743904,-0.6389892233417189,0.0,0.0,-0.6231743969147845,0.2349932043482763,0.0,0.0,0.0,0.4999999999999911,0.8660254037844438,0.0
override,75.5,0.3309452004268224,-0.3394653456250718,-0.7468976506156271,-0.8564740731913898,0.0,0.0,-0.5264641027577075,0.4227086235078597,0.0,0.0,0.0,0.8660254037844278,0.5000000000000187,0.0
override,75.75,0.3305879492929077,-0.7436655842033659,-0.9378055354246124,-0.8037975300839212,0.0,0.0,-0.4627398263059524,0.2863030749608012,0.0,0.0,0.0,1.0,4.408109496293883e-15,0.0
override,76.0,0.3243101258060454,-0.451327189632037,-0.7975838782866492,-0.5104594311552003,0.0,0.0,-0.4109459340690266,0.2369679106575823,0.0,0.0,0.0,0.8660254037844465,-0.4999999999999864,0.0
override,76.25,0.3148848323730807,-0.317471155335152,-0.7051058956915022,-0.5425157435088752,0.0,0.0,-0.3702578578573633,0.1910425449307504,1.0,1.0,5.0,0.5000000000000233,-0.8660254037844252,0.0
override,76.5,0.298676282599798,-0.5822956385699585,-0.91210634589671,-1.0105167187172996,0.0,0.0,-0.3895743118607093,-0.0570914048053618,1.0,0.0,5.0,9.798412354452e-15,-1.0,0.0
override,76.75,0.2662584683703273,0.0237949964066457,-0.5337012731846685,-0.0428176198929371,0.0,0.0,-0.3365293567315967,0.2421413729894137,1.0,0.0,5.0,-0.4999999999999817,-0.8660254037844491,0.0
override,77.0,0.2476083737706886,0.2474719032539884,-0.3121200474583159,-0.1739168450236064,0.0,0.0,-0.2784450842990006,0.2629802280226312,1.0,0.0,5.0,-0.8660254037844367,-0.5000000000000034,0.0
override,77.25,0.214795139717041,0.6758936953112442,0.3669923355011935,0.6871317127410141,0.0,0.0,-0.2288681035822771,0.2278004193073093,0.0,0.0,0.0,-1.0,-1.5188715212610122e-14,0.0
override,77.5,0.2182003652120314,0.5141702976089364,-0.0403922711088044,0.3754575486731767,0.0,0.0,-0.1176156561590347,0.4828441151894349,0.0,0.0,0.0,-0.8660254037844519,0.4999999999999771,0.0
override,77.75,0.2380251289815186,-0.2204047847839856,-0.7018585331415055,-0.5330178785774097,0.0,0.0,0.022211793649432,0.6010089967435118,0.0,0.0,0.0,-0.5000000000000081,0.866025403784434,0.0
override,78.0,0.2389674947508417,-0.5077493798529215,-0.7598966370942237,-0.801170454639055,0.0,0.0,0.1218682290902661,0.4348916648649005,0.0,0.0,0.0,-2.057901807076824e-14,1.0,0.0
override,78.25,0.2451773375712228,-0.305001414230357,-0.6530885797383392,-0.2012016680082941,0.0,0.0,0.1173671178254904,0.0041737946261325,0.0,0.0,0.0,0.4999999999999724,0.8660254037844546,0.0
override,78.5,0.2320211496304916,-0.8660582148696685,-0.9688978468162832,-1.128728473934132,0.0,0.0,0.2040136914266997,0.3810925868249602,0.0,0.0,0.0,0.8660254037844313,0.5000000000000128,0.0
override,78.75,0.2142670950971956,-0.7207321197378447,-0.8022722015716913,-0.8063219196518704,0.0,0.0,0.3656563574800424,0.6912204483087877,0.0,0.0,0.0,1.0,2.5969320928926363e-14,0.0
override,79.0,0.2048645394950606,-0.8821991282735436,-0.8934978337573458,-1.026968166758264,0.0,0.0,0.448883611169057,0.3669528318400617,0.0,0.0,0.0,0.866025403784443,-0.4999999999999923,0.0
override,79.25,0.1995246182860901,-0.8770092824380987,-0.8448874689386698,-0.5569241557037994,0.0,0.0,0.5478760556395816,0.4321458938129209,1.0,1.0,3.0,0.5000000000000174,-0.8660254037844286,0.0
override,79.5,0.1881390573606327,-0.8375868297826067,-0.860495496314054,-0.3721632873347051,0.0,0.0,0.5696803393678791,0.1129532740356239,1.0,0.0,3.0,3.135962378708448e-14,-1.0,0.0
override,79.75,0.1653592170455415,-0.7740320165620989,-0.8503588658246088,-0.6266400509649144,0.0,0.0,0.7267208188884097,0.6721892398697396,1.0,0.0,3.0,-0.4999999999999877,-0.8660254037844457,0.0
override,80.0,0.1490338303200148,-0.6560041518008393,-0.7962097975891608,-0.7015972284417016,0.0,0.0,0.8775417918074416,0.6464700027903089,1.0,0.0,3.0,-0.8660254037844259,-0.5000000000000221,0.0
override,80.25,0.1281745722209567,-0.3728437268690066,-0.52991860081754,-0.1299688890014844,0.0,0.0,0.8575668869310277,-0.0598142661502655,0.0,0.0,0.0,-1.0,-8.32821721483859e-15,0.0
override,80.5,0.1203081125390752,-0.59557419175853,-0.739286567864575,-0.8925587374399153,0.0,0.0,0.774962759926802,-0.3188019825741673,0.0,0.0,0.0,-0.8660254037844485,0.499999999999983,0.0
override,80.75,0.1127777013344268,-0.5160568499159152,-0.6310694768675174,-0.7740437692010729,0.0,0.0,0.8279285488645727,0.2418140007114732,0.0,0.0,0.0,-0.5000000000000268,0.8660254037844233,0.0
override,81.0,-0.0120932564284308,5.455441454461061,5.95779032471671,20.715163398043288,1.0,0.0,0.8263760794475878,0.016367176449602,0.0,0.0,0.0,-1.3718520072996711e-14,1.0,0.0
override,81.25,-0.0944720555362576,0.3696421357815137,0.6868051851188335,4.567290480910461,0.0,0.0,0.7275575140269425,-0.3858527974476882,0.0,0.0,0.0,0.4999999999999783,0.8660254037844511,0.0
override,81.5,-0.0820371170514448,-1.081650722676193,-0.9068735510645028,0.8814726191076355,0.0,0.0,0.6254785255611778,-0.3993354735905927,0.0,0.0,0.0,0.8660254037844347,0.5000000000000068,0.0
override,81.75,-0.0822113519297808,-1.3146809323543442,-1.1047248927784474,-0.6269002502945697,0.0,0.0,0.4412717830711529,-0.7389545642821517,0.0,0.0,0.0,1.0,1.9108822931154828e-14,0.0
override,82.0,-0.0767931542356528,-1.3220010776765565,-1.1097560782173383,-0.8618633669016932,0.0,0.0,0.4009401602501833,-0.1439944573649469,0.0,0.0,0.0,0.8660254037844538,-0.4999999999999737,0.0
override,82.25,-0.0677153470660797,-1.231253932624889,-1.045962769812665,-0.881468183972769,0.0,0.0,0.3201552498796181,-0.3112790604361505,1.0,1.0,2.0,0.5000000000000114,-0.866025403784432,0.0
override,82.5,-0.0591158831937175,-1.2688324998558704,-1.0528970317315685,-0.6825934661908232,0.0,0.0,0.3204630732366371,0.02405995884495,1.0,0.0,2.0,2.4499125789312947e-14,-1.0,0.0
override,82.75,-0.0536835536519985,-1.2512862461568144,-1.0410711491153868,-0.8380312351349039,0.0,0.0,0.4736961431261219,0.6564446354768799,1.0,0.0,2.0,-0.4999999999999936,-0.8660254037844423,0.0
override,83.0,-0.0438515989737243,-1.2365849960408213,-1.031850046013286,-0.2167056933419275,0.0,0.0,0.5302783706376384,0.2567688913516654,1.0,0.0,2.0,-0.8660254037844294,-0.5000000000000161,0.0
override,83.25,-0.0382597323805528,-1.2531212868981756,-1.060706819624862,-0.8553406157601131,0.0,0.0,0.4735804118585148,-0.2116734070951305,0.0,0.0,0.0,-1.0,-2.988942864747106e-14,0.0
override,83.5,-0.0272960111926493,-1.149697155079697,-0.9759103626612012,-0.6958808208558237,0.0,0.0,0.5057564065471073,0.1558429291479574,0.0,0.0,0.0,-0.866025403784445,0.4999999999999889,0.0
override,83.75,-0.0176261980238019,-1.201966171092444,-1.0214764220826067,-0.4926574001766995,0.0,0.0,0.426853061612769,-0.3034983101877105,0.0,0.0,0.0,-0.5000000000000208,0.8660254037844266,0.0
override,84.0,-0.0026026973614392,-1.129876124941062,-0.9608458841107828,-0.7059425586930463,0.0,0.0,0.5266613974293098,0.4355198114407582,0.0,0.0,0.0,-6.858022075225178e-15,1.0,0.0
override,84.25,0.0065846521809479,-1.0816707003814912,-0.9286403827558444,1.4739714734541354,0.0,0.0,0.5792578821888604,0.2402868342780817,0.0,0.0,0.0,0.4999999999999843,0.8660254037844477,0.0
override,84.5,0.0220225421486108,-1.090643433163198,-0.9233990391246688,-0.5775548967035314,0.0,0.0,0.4214027900438436,-0.629983807261938,0.0,0.0,0.0,0.8660254037844239,0.5000000000000254,0.0
override,84.75,0.039568883473071,-1.0247099287221175,-0.900207013442973,-0.4045130595125822,0.0,0.0,0.3172570797926204,-0.4078818922992124,0.0,0.0,0.0,1.0,1.2248324933383295e-14,0.0
override,85.0,0.0586827786809399,-1.0510736068854702,-0.9091849409100038,-0.3662526072757868,0.0,0.0,0.2783825723696709,-0.1379689156660705,0.0,0.0,0.0,0.8660254037844504,-0.4999999999999796,0.0
override,85.25,0.0778366141538334,-1.0748886590271582,-0.9231075174248136,-0.5456486195984348,0.0,0.0,0.3543456500777299,0.3369136219458418,1.0,1.0,9.0,0.5000000000000056,-0.8660254037844355,0.0
override,85.5,0.0974061000530446,-0.9616250111398346,-0.8555180509046862,-0.233092789273816,0.0,0.0,0.3291405106349903,-0.0814426124824245,1.0,0.0,9.0,1.7638627791541416e-14,-1.0,0.0
override,85.75,0.1235962820776242,-0.9666124685721664,-0.8662694090983017,-0.1712542697738688,0.0,0.0,0.2506152977197569,-0.3019346383934984,1.0,0.0,9.0,-0.4999999999999749,-0.8660254037844531,0.0
override,86.0,0.1459869180935525,-0.992222863641213,-0.8828558936127789,-0.561068309852205,0.0,0.0,0.1092203290595088,-0.5619170223244538,1.0,0.0,9.0,-0.8660254037844327,-0.5000000000000102,0.0
override,86.25,0.1663654865239831,-0.9173046726071123,-0.8215023852333347,0.2668771838073229,0.0,0.0,-0.0013902373115573,-0.4346157118582408,0.0,0.0,0.0,-1.0,-2.302893064969953e-14,0.0
override,86.5,0.2008795167103271,-0.8845514011969853,-0.7940233528083535,-0.022822337842725,0.0,0.0,0.0334062053788087,0.1666791461873758,0.0,0.0,0.0,-0.8660254037844416,0.4999999999999949,0.0
override,86.75,0.2288749612998148,-0.895478208285928,-0.8032542981445341,-0.4380232482334284,0.0,0.0,0.0349891141897875,0.0293327605618938,0.0,0.0,0.0,-0.5000000000000149,0.86602540378443,0.0
override,87.0,0.2648085030596634,-0.8259513079336211,-0.7613200330147245,-0.3256189952265263,0.0,0.0,-0.0221713694516013,-0.2135860646980451,0.0,0.0,0.0,-2.841923350785765e-14,1.0,0.0
override,87.25,0.3089090678642863,-0.6686828433758968,-0.664671033932826,-0.4029160422678007,0.0,0.0,0.008828488547248,0.1509793056647006,0.0,0.0,0.0,0.4999999999999902,0.8660254037844443,0.0
override,87.5,0.3624293902286254,-0.5315109903621777,-0.5193826362129274,-0.2676197249642902,0.0,0.0,0.1004351676870966,0.4016038811222482,0.0,0.0,0.0,0.8660254037844274,0.5000000000000195,0.0
override,87.75,0.4171600084315528,-0.4759521323663273,-0.4829370535553705,0.8495439475468417,0.0,0.0,0.2435621763294764,0.6146535092980104,0.0,0.0,0.0,1.0,3.3809536366015776e-14,0.0
override,88.0,0.4715688382140415,-0.5283017650678783,-0.5168493544686901,0.8035599257855823,0.0,0.0,0.4072351134077118,0.6996161338784649,0.0,0.0,0.0,0.8660254037844469,-0.4999999999999855,0.0
override,88.25,0.5301447140112802,-0.3855873924164407,-0.4493840036935733,2.8960272791095734,0.0,0.0,0.5967791939062121,0.8065998729071233,1.0,1.0,1.0,0.5000000000000242,-0.8660254037844247,0.0
override,88.5,0.593613996727543,-0.4810247544581425,-0.4595190361798077,0.1431198706556944,0.0,0.0,0.8673015524515958,1.141465588922282,1.0,0.0,1.0,1.0778129793769884e-14,-1.0,0.0
override,88.75,0.6480756992231611,-0.4430484310666508,-0.4586725628358246,-0.0819098201279741,0.0,0.0,0.9845377805258968,0.5075885656831126,1.0,0.0,1.0,-0.4999999999999809,-0.8660254037844497,0.0
override,89.0,0.6943084679269175,-0.5431959938959084,-0.5641996767786999,-0.217094269497921,0.0,0.0,1.0712877149976745,0.3815200102373325,1.0,0.0,1.0,-0.866025403784422,-0.5000000000000289,0.0
override,89.25,0.7366061429901339,-0.7115303746586114,-0.6799748358459731,-0.0640322094868978,0.0,0.0,1.1725815856104844,0.4416628745586251,0.0,0.0,0.0,-1.0,-1.6168432651928003e-14,0.0
override,89.5,0.7789684402582864,-0.6955548877461609,-0.6796731824417629,0.0038314373997226,0.0,0.0,1.087928884528785,-0.327273355907968,0.0,0.0,0.0,-0.8660254037844524,0.4999999999999762,0.0
override,89.75,0.7996102693692418,-0.8131280516838344,-0.7719451292048874,0.0397040516000265,0.0,0.0,0.9084034124280612,-0.7195963240406591,0.0,0.0,0.0,-0.5000000000000089,0.8660254037844335,0.0
override,90.0,0.8152471452642027,-1.029796482445265,-0.9364330624419176,0.0946061350216092,0.0,0.0,0.8057653247700928,-0.401647490539291,0.0,0.0,0.0,-2.155873551008612e-14,1.0,0.0
override,90.25,0.099590160285635,8.92590189901936,11.011233735599546,21.97676607871728,1.0,0.0,0.9398921219784968,0.5774353525426748,0.0,0.0,0.0,0.4999999999999716,0.866025403784455,0.0
override,90.5,-0.0799100114937787,-0.8248199275575422,-0.790570572131578,-0.6613165029873808,0.0,0.0,1.1702937662092403,0.9755562605190125,0.0,0.0,0.0,0.8660254037844308,0.5000000000000135,0.0
override,90.75,-0.0869526302875618,-0.8070977226137874,-0.7813199341254362,-0.5745238082699516,0.0,0.0,1.150061934088196,-0.0608767254641949,0.0,0.0,0.0,1.0,2.694903836824424e-14,0.0
override,91.0,-0.0913430257912744,-0.8956426833437704,-0.8334242343447812,-0.6679471594455442,0.0,0.0,0.9997875030026416,-0.598635851306696,0.0,0.0,0.0,0.8660254037844436,-0.4999999999999915,0.0
override,91.25,-0.0961850854007276,-0.7681046360396768,-0.6800401690497281,-0.8430731967802082,0.0,0.0,0.9234622654783576,-0.2928371822327294,1.0,1.0,5.0,0.5000000000000182,-0.8660254037844282,0.0
override,91.5,-0.0918833532341499,-0.7234578416967735,-0.6951847845927024,-0.7083211719153392,0.0,0.0,1.027549736433811,0.4532151204394002,1.0,0.0,5.0,3.2339341226402363e-14,-1.0,0.0
override,91.75,-0.0949390623278147,-0.7115509936477491,-0.7072344048784543,-1.0451185757495691,0.0,0.0,1.1008064296564537,0.3257220357528561,1.0,0.0,5.0,-0.4999999999999868,-0.8660254037844463,0.0
override,92.0,-0.0991194211287537,-0.595298253988643,-0.6726359631205832,-0.2822110119848252,0.0,0.0,1.04177246713359,-0.2213333749918147,1.0,0.0,5.0,-0.8660254037844254,-0.5000000000000229,0.0
override,92.25,-0.1104383144596882,-0.4776358775065058,-0.6137238300820361,-0.3340263139465452,0.0,0.0,0.9612199134859452,-0.3103182064606358,0.0,0.0,0.0,-1.0,-9.307934654156472e-15,0.0
override,92.5,-0.1297504635155339,-0.4384600178393588,-0.525559425022285,-0.668900869491273,0.0,0.0,0.9282935402111014,-0.1133718725021436,0.0,0.0,0.0,-0.8660254037844489,0.4999999999999822,0.0
override,92.75,-0.1497449483891335,-0.3311092165126175,-0.442447314125338,-0.5921065907407684,0.0,0.0,0.9148077644039228,-0.0329800717898198,0.0,0.0,0.0,-0.5000000000000275,0.8660254037844227,0.0
override,93.0,-0.1630457732317315,-0.4670847749309367,-0.555205122970016,-0.8778440495955034,0.0,0.0,0.7925309572422122,-0.482858576115031,0.0,0.0,0.0,-1.469823751231459e-14,1.0,0.0
override,93.25,-0.179629443118,-0.4514599896006569,-0.5420438891792123,-0.7666264274710025,0.0,0.0,0.6355787403118651,-0.6262501892778942,0.0,0.0,0.0,0.4999999999999775,0.8660254037844516,0.0
override,93.5,-0.2037135921259347,-0.2754644267289625,-0.4575504912684623,-0.5636960074144078,0.0,0.0,0.3514768541415698,-1.1520463170552078,0.0,0.0,0.0,0.8660254037844343,0.5000000000000077,0.0
override,93.75,-0.2190208688479122,-0.3462404287944259,-0.4549306233918913,-0.5321409651723,0.0,0.0,0.1519716943106634,-0.8022173997031157,0.0,0.0,0.0,1.0,2.0088540370472713e-14,0.0
override,94.0,-0.2310861899683054,-0.3691295663993779,-0.4900324563196224,-0.5101815082434403,0.0,0.0,0.09153203261099,-0.2271462975767052,0.0,0.0,0.0,0.8660254037844544,-0.4999999999999728,0.0
override,94.25,0.8780738551272106,11.714307745227956,13.355346246682496,30.043811012977432,1.0,1.0,0.0224258955703331,-0.2629843709512212,1.0,1.0,5.0,0.5000000000000123,-0.8660254037844315,0.0
override,94.5,1.178763501703034,-0.9818252336226996,-1.0533846674597318,-0.4356869106933481,0.0,0.0,0.0621279215165573,0.1869649770183775,1.0,0.0,5.0,2.5478843228630832e-14,-1.0,0.0
override,94.75,1.188766353769121,-0.9078296104618214,-0.9463440344914648,-0.2103309164511674,0.0,0.0,0.2544347337798971,0.818024469390333,1.0,0.0,5.0,-0.4999999999999928,-0.8660254037844428,0.0
override,95.0,1.1998426810055378,-0.918553163189872,-0.9667525443546668,-0.1882219742962159,0.0,0.0,0.3412403335850208,0.3817502005075845,1.0,0.0,5.0,-0.8660254037844288,-0.500000000000017,0.0
override,95.25,1.1907314500777857,-1.0008484718396435,-0.995614518719554,-0.1224250717521999,0.0,0.0,0.3078728802764341,-0.1151958503006564,0.0,0.0,0.0,-1.0,-3.086914608678895e-14,0.0
override,95.5,1.1766615017952522,-0.8361665216544036,-0.9595025527132676,0.1091511997640059,0.0,0.0,0.3564034144080867,0.2234730972966028,0.0,0.0,0.0,-0.8660254037844455,0.4999999999999881,0.0
override,95.75,1.1608444595589695,-0.7412567481502745,-0.9406180148779432,0.5102649010964588,0.0,0.0,0.5193863936954369,0.6967629834381552,0.0,0.0,0.0,-0.5000000000000216,0.8660254037844262,0.0
override,96.0,1.1465467726478469,-0.8354907691050265,-0.9892268044217444,0.1376771695240797,0.0,0.0,0.316424109766344,-0.8165134845843258,0.0,0.0,0.0,-7.83773951454306e-15,1.0,0.0
override,96.25,1.130993604494489,-0.8450949136680685,-0.9781410132331716,-0.1448193577008519,0.0,0.0,0.1103903013283251,-0.8292150173749352,0.0,0.0,0.0,0.4999999999999834,0.8660254037844481,0.0
override,96.5,1.1035753284294505,-0.859537724029162,-1.054777818429366,0.6808094071826474,0.0,0.0,0.2828068754380546,0.7357732904116373,0.0,0.0,0.0,0.8660254037844235,0.5000000000000263,0.0
override,96.75,1.0455542059936032,-0.4829473960114082,-0.8963070161712083,0.4486229636021739,0.0,0.0,0.4120964646147623,0.5574322706037075,0.0,0.0,0.0,1.0,1.3228042372701181e-14,0.0
override,97.0,0.9875711364307828,-0.4093398492004967,-0.6861051772853907,0.182883781803685,0.0,0.0,0.4850197517416542,0.3243433169943168,0.0,0.0,0.0,0.8660254037844509,-0.4999999999999788,0.0
override,97.25,0.9187271930540324,0.1426295688487,-0.0338530078206138,0.9252468338813856,0.0,0.0,0.7002442498866188,0.9127949124925888,1.0,1.0,8.0,0.500000000000031,-0.8660254037844207,0.0
override,97.5,0.8547838301157444,0.8456594579019988,0.6006290380020517,2.1772775263188544,0.0,0.0,1.0236266543516157,1.3600552842380709,1.0,0.0,8.0,1.8618345230859297e-14,-1.0,0.0
override,97.75,0.7791119687939705,1.0679023866479085,1.0234804339575223,2.5332893612060787,0.0,0.0,1.0878109653532368,0.2882054344903955,1.0,0.0,8.0,-0.4999999999999741,-0.8660254037844536,0.0
override,98.0,0.6829389300539651,0.855982306385413,0.8531992152178492,1.1550867511378695,0.0,0.0,0.7962609418442482,-1.182846253816728,1.0,0.0,8.0,-0.8660254037844323,-0.500000000000011,0.0
override,98.25,0.5496289851149788,1.443181010517976,1.4110338064884078,2.081188962032774,0.0,0.0,0.6147836307880317,-0.7276676731128021,0.0,0.0,0.0,-1.0,-2.4008648089017422e-14,0.0
override,98.5,0.3495809772993609,2.1531227955793306,2.16940274761402,2.53411823498054,0.0,0.0,0.6468152604705882,0.1552459432366768,0.0,0.0,0.0,-0.8660254037844562,0.4999999999999694,0.0
override,98.75,0.1815745750135274,1.8389472731353744,1.8387914150707088,1.980610777469324,0.0,0.0,0.4475676031080318,-0.8011525616932261,0.0,0.0,0.0,-0.5000000000000157,0.8660254037844296,0.0
override,99.0,0.0324199201490578,1.879677416637663,1.9366845105380477,1.793247004890667,0.0,0.0,0.2055721762977292,-0.9779254292995584,0.0,0.0,0.0,-2.9398950947175544e-14,1.0,0.0
override,99.25,-0.1493484097132546,2.620539950365208,2.436808811146431,2.90075929170006,0.0,0.0,0.1834321924667999,-0.0687674166965563,0.0,0.0,0.0,0.4999999999999894,0.8660254037844448,0.0
override,99.5,-0.3295312406931335,3.092864794652745,2.7350463434045875,2.650423652049032,0.0,0.0,1.1374325674439405,3.9678205185804782,0.0,0.0,0.0,0.8660254037844269,0.5000000000000203,0.0
override,99.75,-0.4581331384804198,3.6437325077490224,3.64486971928294,7.900490759650195,0.0,0.0,2.0452207603535526,3.77672142620775,0.0,0.0,0.0,1.0,3.4789253805333663e-14,0.0
override,100.0,-0.3495937453155799,3.1200706629206985,3.341907788007711,8.528923037359336,0.0,0.0,1.5753716736030563,-1.9201580974031256,0.0,0.0,0.0,0.8660254037844475,-0.4999999999999847,0.0
override,100.25,-0.361622993418089,-0.3503245316381622,-0.4190318056009571,-0.6957609705742106,0.0,0.0,0.8770874239139131,-2.864795427875895,1.0,1.0,7.0,0.500000000000025,-0.8660254037844242,0.0
override,100.5,-0.3747354534412158,-0.4300812837332267,-0.4988698040220759,-0.8071728943009698,0.0,0.0,0.5069150571717838,-1.507969581906174,1.0,0.0,7.0,1.1757847233087768e-14,-1.0,0.0
override,100.75,-0.3962196451424079,-0.3264616800048765,-0.4161383804010628,-0.636099860104711,0.0,0.0,0.28910491943197,-0.8779131255440508,1.0,0.0,7.0,-0.49999999999998,-0.8660254037844501,0.0
override,101.0,-0.4071774956356284,-0.5105952076097093,-0.5769630666100853,-0.7833752316841414,0.0,0.0,0.2894662582139116,0.0242812586986486,1.0,0.0,7.0,-0.8660254037844215,-0.5000000000000298,0.0
override,101.25,-0.4172486174346732,-0.4573484686062593,-0.5278604484534001,-0.8111871836390379,0.0,0.0,0.3673558334914229,0.3448801779600682,0.0,0.0,0.0,-1.0,-1.7148150091245887e-14,0.0
override,101.5,-0.4290986829274473,-0.3802807268935715,-0.509202732733342,-0.9315341009172348,0.0,0.0,0.4422702324469061,0.332577069356419,0.0,0.0,0.0,-0.8660254037844528,0.4999999999999754,0.0
override,101.75,-0.4357336800984267,-0.5890879250812455,-0.7000919738450628,-0.7310031316848585,0.0,0.0,0.3284663071334873,-0.4478210609285828,0.0,0.0,0.0,-0.5000000000000098,0.866025403784433,0.0
override,102.0,-0.4423666669109593,-0.7317070699445927,-0.7575284036767703,-0.8927049651847108,0.0,0.0,0.1045690037982491,-0.9030850990013588,0.0,0.0,0.0,-2.2538452949404006e-14,1.0,0.0
override,102.25,-0.4275356292347598,-0.6467229568789398,-0.6730637545628326,-0.0849802773537233,0.0,0.0,0.1449629179387418,0.1898261101662323,0.0,0.0,0.0,0.4999999999999707,0.8660254037844556,0.0
override,102.5,-0.4265581665533131,-0.9939297532140624,-0.9360006451063858,-0.8525523409732656,0.0,0.0,0.2760690771070824,0.5649442482057455,0.0,0.0,0.0,0.8660254037844304,0.5000000000000144,0.0
override,102.75,-0.432094139891236,-0.8453891553192002,-0.8538907768359798,-0.513084444457911,0.0,0.0,0.1703108589357678,-0.4145500214847814,0.0,0.0,0.0,1.0,2.7928755807562122e-14,0.0
override,103.0,-0.439810230671283,-0.9906001119106302,-0.923371874865464,-0.6739838116079998,0.0,0.0,0.1159796283188648,-0.2018863859362417,0.0,0.0,0.0,0.866025403784444,-0.4999999999999907,0.0
override,103.25,-0.4492872553265097,-0.9010427712016452,-0.8726078763581524,-0.6091263590982637,0.0,0.0,0.970393839852419,3.556006477444262,1.0,1.0,1.0,0.5000000000000191,-0.8660254037844276,0.0
override,103.5,-0.4640969268673776,-1.037280998703607,-0.9003231099963852,-0.0656595386189211,0.0,0.0,1.4971864272536584,2.201207976004167,1.0,0.0,1.0,3.3319058665720244e-14,-1.0,0.0
override,103.75,-0.4701006872142073,-1.085026813089068,-0.9265752651509904,-0.774033036116426,0.0,0.0,1.1081543975375956,-1.5859590711604945,1.0,0.0,1.0,-0.499999999999986,-0.8660254037844467,0.0
override,104.0,-0.4762391744633735,-1.2107494530539602,-1.0484154345349728,-1.208364450393649,0.0,0.0,0.6166350000178044,-2.009770328078489,1.0,0.0,1.0,-0.8660254037844249,-0.5000000000000238,0.0
override,104.25,-0.4859497278940813,-1.0775116372357796,-0.9910550289655424,-0.8063930026440794,0.0,0.0,0.1416629440721689,-1.941342874222666,0.0,0.0,0.0,-1.0,-1.0287652093474354e-14,0.0
override,104.5,-0.4871999013229356,-1.2645239911152806,-1.131256357570096,-1.3493459213769818,0.0,0.0,0.0208722972925813,-0.4767129260410094,0.0,0.0,0.0,-0.8660254037844494,0.4999999999999813,0.0
override,104.75,-0.40981947458136,1.4423869540543603,1.8613064334005172,3.1220736400860107,0.0,0.0,-0.0149103597057501,-0.1251833300593715,0.0,0.0,0.0,-0.5000000000000284,0.8660254037844223,0.0
override,105.0,-0.1510194410545367,5.7719011845125285,6.466823776345092,8.448712778555839,0.0,0.0,-0.1060487062599817,-0.3540931447125957,0.0,0.0,0.0,-1.5677954951632475e-14,1.0,0.0
override,105.25,-0.2424304089065471,1.3380603367745514,1.321958354342547,0.4441375583256836,0.0,0.0,-0.2719832225027847,-0.663394274868188,0.0,0.0,0.0,0.4999999999999767,0.8660254037844521,0.0
override,105.5,-0.3413211231650857,1.792593557896948,1.7426555535011536,0.6613524638664982,0.0,0.0,-0.3685241431992981,-0.376434158897076,0.0,0.0,0.0,0.8660254037844195,0.5000000000000331,0.0
override,105.75,-0.454574301915893,1.7181602084574898,1.670347038062896,0.6423431152516,0.0,0.0,-0.4224248006552005,-0.2001058567210872,0.0,0.0,0.0,1.0,2.1068257809790597e-14,0.0
override,106.0,-0.5233412437503134,0.8943732802988535,0.9527676487341128,-0.1477308316956028,0.0,0.0,-0.5836351975342063,-0.6438588432505492,0.0,0.0,0.0,0.8660254037844548,-0.4999999999999719,0.0
override,106.25,-0.5977766779099849,1.007195647492951,0.9994617240646632,0.2188599993479114,0.0,0.0,-0.6532786680883254,-0.265206381298493,1.0,1.0,2.0,0.5000000000000131,-0.866025403784431,0.0
override,106.5,-0.652386786848712,1.3598680875583709,1.341378241943065,0.2928292096482963,0.0,0.0,-0.6512601299172716,0.0311341984424853,1.0,0.0,2.0,2.6458560667948716e-14,-1.0,0.0
override,106.75,-0.6959476113990819,2.038232705302468,2.182734056737477,0.0829692470520989,0.0,0.0,-0.6893622522555116,-0.1347749074620317,1.0,0.0,2.0,-0.4999999999999673,-0.8660254037844575,0.0
override,107.0,-0.7119881749437257,1.8722477833465607,2.0203058248611,-0.3012021904039856,0.0,0.0,0.9225609501177284,6.68849826071718,1.0,0.0,2.0,-0.8660254037844284,-0.5000000000000178,0.0
override,107.25,-0.7323551676082038,1.5969898112438867,1.712336564838567,-0.0375886372908326,0.0,0.0,1.9760829469376804,4.379367663829582,0.0,0.0,0.0,-1.0,-3.184886352610683e-14,0.0
override,107.5,-0.7651360195438762,1.1284379891099323,1.1927899759932192,-0.3282812592095205,0.0,0.0,0.7675761993823939,-4.9746948502379,0.0,0.0,0.0,-0.866025403784446,0.4999999999999873,0.0
override,107.75,-0.8250708733440916,0.643710660552164,0.6621171695219965,-0.3358634776400403,0.0,0.0,-0.102773177883551,-3.576328366547255,0.0,0.0,0.0,-0.5000000000000225,0.8660254037844257,0.0
override,108.0,-0.8957163338135221,0.987389647494223,0.8740714036553532,0.2549015708390079,0.0,0.0,-0.4396341762892811,-1.370218625989887,0.0,0.0,0.0,-3.723916638426495e-14,1.0,0.0
override,108.25,-0.9798200472785812,1.3106735734197934,1.2426745947847957,0.646879119890612,0.0,0.0,-0.5976981514654305,-0.6308475915689237,0.0,0.0,0.0,0.4999999999999826,0.8660254037844487,0.0
override,108.5,-1.0396679136361369,0.7079442272054853,0.6191132564868772,-0.0244374331100098,0.0,0.0,-0.4908618977215417,0.4645820343676843,0.0,0.0,0.0,0.8660254037844229,0.5000000000000272,0.0
override,108.75,-1.0814255108831343,0.9620309924839856,0.9563084735854672,0.6806871588363569,0.0,0.0,0.1644848135723328,2.73281187994351,0.0,0.0,0.0,1.0,1.4207759812019062e-14,0.0
override,109.0,-1.12210031872795,0.8680877661489945,0.9304146351715932,-0.5005592055911791,0.0,0.0,0.1841122410065235,0.1039514212033603,0.0,0.0,0.0,0.8660254037844514,-0.4999999999999779,0.0
override,109.25,-1.1666539044396196,0.874062993793132,0.8879419308526847,-0.1381540401518891,0.0,0.0,-0.3638063392550844,-2.2429952516879275,1.0,1.0,6.0,0.5000000000000319,-0.8660254037844203,0.0
override,109.5,-1.2273039147797278,0.8820943473809123,0.8298134605160193,-0.3393723180689831,0.0,0.0,1.2099664801458925,6.5307367520955335,1.0,0.0,6.0,1.959806267017718e-14,-1.0,0.0
override,109.75,-1.2803315201175889,0.7985875091985322,0.7639212110844589,-0.606968439193934,0.0,0.0,2.573594644469039,5.661735310145208,1.0,0.0,6.0,-0.4999999999999732,-0.866025403784454,0.0
override,110.0,-1.3316854081551803,0.5387010098342974,0.5081915028179254,-0.4052700300467075,0.0,0.0,1.543393862176968,-4.237354465041368,1.0,0.0,6.0,-0.8660254037844318,-0.5000000000000119,0.0
override,110.25,-1.3686181918371132,0.4851518487338995,0.4683559947663007,-0.4123758114589379,0.0,0.0,0.4512103326198483,-4.4936688439601244,0.0,0.0,0.0,-1.0,-2.49883655283353e-14,0.0
override,110.5,-1.3957338294804431,0.0040646197780649,0.0845797161994418,-1.0519571807548878,0.0,0.0,-0.2352222824374852,-2.8157859130695506,0.0,0.0,0.0,-0.8660254037844568,0.4999999999999686,0.0
override,110.75,-1.4148137342359184,0.1912855504096905,0.2173729955387991,-0.7601617837536369,0.0,0.0,-0.5767598689584967,-1.389557503840871,0.0,0.0,0.0,-0.5000000000000165,0.866025403784429,0.0
override,111.0,-1.4137035845606587,0.0379638575869668,0.0290116721982422,-0.7120404051468858,0.0,0.0,2.197994054227109,11.497098188018835,0.0,0.0,0.0,-3.0378668386493425e-14,1.0,0.0
override,111.25,-1.422682903469192,0.0818776370600587,0.1137806085938937,-0.9242926526702168,0.0,0.0,3.264387183839827,4.432593062078729,0.0,0.0,0.0,0.4999999999999885,0.8660254037844453,0.0
override,111.5,-1.4369610604009608,0.247602645649792,0.3252428795531978,-0.6898155523360053,0.0,0.0,1.0286643619765388,-9.22249382203474,0.0,0.0,0.0,0.8660254037844264,0.5000000000000212,0.0
override,111.75,-1.45341940507544,-0.2093053550525355,-0.0907277944870303,-0.9482310210642596,0.0,0.0,-0.0849523059352054,-4.582300306553314,0.0,0.0,0.0,1.0,3.5768971244651544e-14,0.0
override,112.0,-0.4666788438522979,8.627218654209633,8.275741910748065,30.110374117320625,1.0,1.0,-0.6748911289344739,-2.4167596118454853,0.0,0.0,0.0,0.8660254037844479,-0.4999999999999838,0.0
override,112.25,0.8077883786972456,6.06045178974084,5.748855291310391,22.25875414850318,0.0,0.0,-0.6209808750764079,0.2457196026755307,1.0,1.0,9.0,0.5000000000000259,-0.8660254037844237,0.0
override,112.5,0.8070825376998951,0.1284452199960986,0.2341234942195649,-0.4603867884772446,0.0,0.0,-0.5249225878333867,0.4200124095676751,1.0,0.0,9.0,1.2737564672405651e-14,-1.0,0.0
override,112.75,0.8144275205047958,0.1921667542755515,0.2175063886958714,-0.5835936986039056,0.0,0.0,-0.4681011686440956,0.2577580095988638,1.0,0.0,9.0,-0.4999999999999792,-0.8660254037844506,0.0
override,113.0,0.8392601000348093,0.0005449604311398,-0.0600603397644293,-0.237963628909637,0.0,0.0,-0.4877340596386503,-0.0583999520132126,1.0,0.0,9.0,-0.866025403784421,-0.5000000000000305,0.0
override,113.25,0.8478571474734762,-0.0630229958157324,-0.1728993378795713,-0.7902111496211389,0.0,0.0,-0.5044367855703903,-0.046282976381377,0.0,0.0,0.0,-1.0,-1.8127867530563772e-14,0.0
override,113.5,0.8651986188307592,-0.4216321825567487,-0.4638440493007286,0.3851092285801692,0.0,0.0,-0.5124230795026283,-0.0102383195547555,0.0,0.0,0.0,-0.8660254037844534,0.4999999999999745,0.0
override,113.75,0.8613425077792274,-0.270439452376911,-0.2270078298420266,-0.7051852735631289,0.0,0.0,-0.5826089410100371,-0.2674493054420319,0.0,0.0,0.0,-0.5000000000000107,0.8660254037844325,0.0
override,114.0,0.8340593036851633,0.8761317273240357,0.7807765363603704,-0.335549198939899,0.0,0.0,2.666759470431758,13.459749460364504,0.0,0.0,0.0,-2.3518170388721888e-14,1.0,0.0
override,114.25,0.8107129202429789,1.0353900262704103,0.8331302123627959,-0.2514450049120236,0.0,0.0,5.241581232372977,10.67032799798345,0.0,0.0,0.0,0.4999999999999698,0.866025403784456,0.0
override,114.5,0.8406157064693524,0.1880356694063615,0.1252105953603068,-0.0320912944903429,0.0,0.0,1.862711298273097,-13.94969703606382,0.0,0.0,0.0,0.8660254037844298,0.5000000000000153,0.0
override,114.75,0.8502409099844351,0.3635302557581273,0.1562426840410145,-0.3202445999781552,0.0,0.0,-0.7795007535670282,-10.903429874661546,0.0,0.0,0.0,1.0,2.8908473246880007e-14,0.0
override,115.0,0.8465742778379284,0.0106124148732362,-0.0741475480691626,-0.5836892699760338,0.0,0.0,-0.8199081270176857,-0.1443077054292529,0.0,0.0,0.0,0.8660254037844587,-0.4999999999999652,0.0
override,115.25,0.857657391344793,-0.0413183822539692,-0.159534414132958,-0.3369336095598727,0.0,0.0,-0.8549263979473484,-0.1220223998152308,1.0,1.0,7.0,0.50000000000002,-0.8660254037844272,0.0
override,115.5,0.8684714461601061,0.4948600173380137,0.1952708240034105,-0.7971913815118907,0.0,0.0,-0.8788136515612464,-0.075992820361064,1.0,0.0,7.0,3.4298776105038126e-14,-1.0,0.0
override,115.75,0.8515422641462178,0.4574355177946861,0.2350857420435494,-0.737139145349702,0.0,0.0,0.1164428161965934,4.138424924875685,1.0,0.0,7.0,-0.4999999999999851,-0.8660254037844473,0.0
override,116.0,0.8397689180402022,-0.2323965425420149,-0.3091155973922988,-0.775571922321516,0.0,0.0,0.6242445848651295,2.1226761244259085,1.0,0.0,7.0,-0.8660254037844244,-0.5000000000000246,0.0
override,116.25,0.8249511033084261,-0.1906648115335394,-0.2274636349391897,-0.551593068041002,0.0,0.0,-0.1062993035227655,-2.998197215019276,0.0,0.0,0.0,-1.0,-3.9689078963196245e-14,0.0
override,116.5,0.8259125939350824,-0.2705418222244583,-0.1867545273145869,-0.7495543613081591,0.0,0.0,1.1140161865265303,5.069101057574713,0.0,0.0,0.0,-0.8660254037844499,0.4999999999999804,0.0
override,116.75,0.8187375092964473,0.0079369917574872,-0.0667264170653884,-0.1846698812111095,0.0,0.0,2.3316769820111847,5.058123222312824,0.0,0.0,0.0,-0.5000000000000293,0.8660254037844217,0.0
override,117.0,0.8211525641471475,0.113928973866741,-0.0129971638033581,-0.6337986271481443,0.0,0.0,1.0902903160324988,-5.110661651347168,0.0,0.0,0.0,-1.6657672390950356e-14,1.0,0.0
override,117.25,0.8141247292091005,0.191415629552719,0.1115855072890762,-0.3311148617987361,0.0,0.0,-0.0229014216952212,-4.580543112479031,0.0,0.0,0.0,0.4999999999999758,0.8660254037844526,0.0
override,117.5,0.8080417165096601,0.5961468552082904,0.4581787160239335,-0.5081733900336007,0.0,0.0,0.2734027721878335,1.2480800163806642,0.0,0.0,0.0,0.8660254037844191,0.500000000000034,0.0
override,117.75,0.7978022181349942,-0.0549777534268338,-0.1562865935882726,-0.3967182490218917,0.0,0.0,0.536743502281646,1.1117677339963243,0.0,0.0,0.0,1.0,2.2047975249108475e-14,0.0
override,118.0,0.7884271943870275,-0.2821909074634861,-0.427104692265587,-0.492460706751711,0.0,0.0,0.1460762524576564,-1.5927211210026295,0.0,0.0,0.0,0.8660254037844552,-0.4999999999999711,0.0
override,118.25,0.775329371899095,0.5398611394920906,0.3241961121224555,0.1847315635213214,0.0,0.0,-0.299823364900429,-1.8211209678209244,1.0,1.0,10.0,0.500000000000014,-0.8660254037844306,0.0
override,118.5,0.7586375651751136,0.5912424262175079,0.3232035702184646,-0.3680436040366839,0.0,0.0,-0.6077673918049848,-1.2506396154171455,1.0,0.0,10.0,2.7438278107266594e-14,-1.0,0.0
override,118.75,0.7442924911413193,1.1200218184522306,0.8032756179116264,-0.3637127653742129,0.0,0.0,-0.7475280528769008,-0.5551587459822598,1.0,0.0,10.0,-0.4999999999999664,-0.866025403784458,0.0
override,119.0,0.7344587262825374,1.5067699927024858,1.5118834667672294,-0.1070356029809654,0.0,0.0,-0.7038306999805636,0.2034866671818764,1.0,0.0,10.0,-0.8660254037844278,-0.5000000000000187,0.0
override,119.25,0.7519522304016213,1.552766606935593,1.741360905666124,1.286452026102,0.0,0.0,-0.2568714619272851,1.871076830515798,0.0,0.0,0.0,-1.0,-3.282858096542471e-14,0.0
override,119.5,0.7768375818408731,1.3292590942811051,1.336072311757013,0.190394238686776,0.0,0.0,-0.1736772080407538,0.3668163692879613,0.0,0.0,0.0,-0.8660254037844465,0.4999999999999864,0.0
override,119.75,0.841951552243299,0.5728310160405903,0.5207990352280867,0.5096668709316942,0.0,0.0,-0.5779968586064075,-1.6491772603519546,0.0,0.0,0.0,-0.5000000000000233,0.8660254037844252,0.0
override,120.0,0.8860281104702483,0.2673701058499994,0.3290081345340402,-0.2051336245896439,0.0,0.0,-0.6881968361139412,-0.4329178227811843,0.0,0.0,0.0,-3.821888382358283e-14,1.0,0.0
override,120.25,0.9012599701536078,0.33405992116078,0.4099559800958257,-0.2266697895503145,0.0,0.0,-0.7154268665534415,-0.0898160502713873,0.0,0.0,0.0,0.4999999999999817,0.8660254037844491,0.0
override,120.5,0.8603302351073716,1.615472615185296,1.7823251001745533,0.4970558905629363,0.0,0.0,-0.7047393877488867,0.0669824664267651,0.0,0.0,0.0,0.8660254037844225,0.500000000000028,0.0
override,120.75,0.7989639903644912,1.7404353819890928,1.872641913305637,0.2769452497638639,0.0,0.0,-0.671125412027323,0.1617893453948345,0.0,0.0,0.0,1.0,1.5187477251336943e-14,0.0
override,121.0,0.7700526945269643,0.291276220050175,0.3191844030465169,-0.2365204498397613,0.0,0.0,0.1294151192841283,3.333225147227516,0.0,0.0,0.0,0.8660254037844518,-0.4999999999999771,0.0
override,121.25,0.7503073103660644,0.328669836309213,0.3678827973092075,-0.2673274973069552,0.0,0.0,0.4150487163607045,1.2039543924961733,1.0,1.0,2.0,0.5000000000000326,-0.8660254037844198,0.0
override,121.5,0.7579140977952897,0.5776818733083577,0.6449289008763919,-0.6102030973216994,0.0,0.0,-0.2198722440740888,-2.602772157722522,1.0,0.0,2.0,2.0577780109495062e-14,-1.0,0.0
override,121.75,0.7807502221892254,1.103994973449059,1.2173365836891392,-0.0879954270993391,0.0,0.0,-0.4550261681836434,-0.9496340806099844,1.0,0.0,2.0,-0.4999999999999724,-0.8660254037844546,0.0
override,122.0,0.8177501416199211,1.005520176705019,1.1387077882033652,0.2955830896687544,0.0,0.0,-0.6490352642250375,-0.7794897821181322,1.0,0.0,2.0,-0.8660254037844313,-0.5000000000000128,0.0
override,122.25,0.8486821484403946,0.7664948968756291,0.8436363817278255,-0.3363363111632436,0.0,0.0,-0.7238283132214837,-0.2865011941033258,0.0,0.0,0.0,-1.0,-2.596808296765318e-14,0.0
override,122.5,0.8864806365326637,0.424453753649389,0.4393655052305599,-0.0438210323287352,0.0,0.0,-0.713041194308202,0.0673945035453285,0.0,0.0,0.0,-0.866025403784443,0.4999999999999923,0.0
override,122.75,-1.261747661180908,18.340271253614777,17.49273369652404,54.61705589011736,1.0,1.0,-0.7093434178114812,0.0380782747781047,0.0,0.0,0.0,-0.500000000000042,0.8660254037844144,0.0
override,123.0,-1.2576686104094206,0.5228410268728049,0.4937621107823361,-0.0175629665770346,0.0,0.0,0.2654700062894468,4.053887754947997,0.0,0.0,0.0,-3.13583858258113e-14,1.0,0.0
override,123.25,-1.280469214062109,0.9903777660481016,1.403512056858558,0.2248116211779593,0.0,0.0,3.5256625007565185,13.504509788688209,0.0,0.0,0.0,0.4999999999999877,0.8660254037844457,0.0
override,123.5,-1.297624444749995,1.6806970674554138,2.2003638206760936,3.5887006909932784,0.0,0.0,4.679323781686797,4.793468999195537,0.0,0.0,0.0,0.8660254037844117,0.5000000000000466,0.0
override,123.75,-1.2987457118075565,0.6072780176897449,0.8454060222871944,0.3739264273871971,0.0,0.0,3.15720089178338,-6.271577132675628,0.0,0.0,0.0,1.0,3.6748688683969426e-14,0.0
override,124.0,-1.2926456216659792,0.5030389382070017,0.6134455131068521,-0.412963393589484,0.0,0.0,0.9854985284476394,-8.95775299027694,0.0,0.0,0.0,0.8660254037844485,-0.499999999999983,0.0
override,124.25,-1.2722273672441682,0.4018103629516277,0.3921391109628278,-0.6062843176641867,0.0,0.0,-0.8190646970528668,-7.439539547936208,1.0,1.0,2.0,0.5000000000000021,-0.8660254037844374,0.0
override,124.5,-1.252792681645872,0.4914286822396106,0.5849423255148292,-0.2705437355597657,0.0,0.0,-0.8763310634423319,-0.2140239167134665,1.0,0.0,2.0,4.2138991542127545e-14,-1.0,0.0
override,124.75,-0.9661888219554589,3.5361869397649675,3.125478609678896,8.293640939344211,0.0,0.0,-0.9023258557570448,-0.0847080273659524,1.0,0.0,2.0,-0.4999999999999783,-0.8660254037844511,0.0
override,125.0,0.9193973630575244,13.16936551723916,11.08258671448415,41.68501555077764,1.0,1.0,-0.8827553310393014,0.103716114040181,1.0,0.0,2.0,-0.8660254037844347,-0.5000000000000068,0.0
override,125.25,0.8219376698890769,0.1626574567468059,0.1862715276809414,2.0632712497911605,0.0,0.0,-0.6138732184847201,1.1346827557798806,0.0,0.0,0.0,-1.0,-4.7529294400285664e-14,0.0
override,125.5,0.7978534624959108,1.033844331244888,1.19439235871969,1.1830188268771449,0.0,0.0,-0.5155936288853216,0.4291980581390588,0.0,0.0,0.0,-0.8660254037844538,0.4999999999999737,0.0
override,125.75,0.7627302913169978,1.9151159475874409,2.086631478944584,0.4154131651759147,0.0,0.0,-0.5561461987789384,-0.1449081295430664,0.0,0.0,0.0,-0.5000000000000114,0.866025403784432,0.0
override,126.0,0.7345087383575917,2.4885965311694838,2.7043842008327994,0.6928178856321611,0.0,0.0,-0.6280316397201877,-0.2744774974185038,0.0,0.0,0.0,-5.2919597258443776e-14,1.0,0.0
override,126.25,0.7789670075561789,4.647038509398645,5.283444380313076,1.5884435542033066,0.0,0.0,-0.2400043650617435,1.6273782165867032,0.0,0.0,0.0,0.499999999999969,0.8660254037844565,0.0
override,126.5,0.9385788602619328,7.819900595245396,8.92051443679668,5.549048322035073,0.0,0.0,0.6942364371758741,3.886109674226106,0.0,0.0,0.0,0.8660254037844294,0.5000000000000161,0.0
override,126.75,1.106359844076826,7.268651355128131,8.505526592267996,9.2524780869146,0.0,0.0,0.1328356724503599,-2.2987475035614557,0.0,0.0,0.0,1.0,1.4664812557938819e-15,0.0
override,127.0,1.075352256977388,4.739558385430275,5.528656920160382,4.7551701402372695,0.0,0.0,-0.8248114218283663,-3.937326565311731,0.0,0.0,0.0,0.8660254037844592,-0.4999999999999643,0.0
override,127.25,1.0636335573040312,4.253751751008396,4.786114096716248,9.354753488730552,0.0,0.0,-0.858111044314936,-0.1149153526495521,1.0,1.0,5.0,0.5000000000000208,-0.8660254037844266,0.0
override,127.5,1.0107741359896785,4.229787069212766,4.6101702322766345,9.185267102706582,0.0,0.0,-0.8717552155008083,-0.033635076850177,1.0,0.0,5.0,6.856784113952001e-15,-1.0,0.0
override,127.75,0.8847772616791659,3.487946695849855,3.4879793120889886,9.258307914814225,0.0,0.0,-0.8506961202480976,0.1098717307074344,1.0,0.0,5.0,-0.4999999999999597,-0.8660254037844619,0.0
override,128.0,0.694487189650785,3.016692832613399,3.4457274451059683,6.842557368242181,0.0,0.0,-0.4419756046005982,1.7129500159334654,1.0,0.0,5.0,-0.8660254037844239,-0.5000000000000254,0.0
override,128.25,0.4817637936609241,2.802521757843215,3.2425701501918835,6.38366511930253,0.0,0.0,-0.0401782591429229,1.6843209514654849,0.0,0.0,0.0,-1.0,-1.2247086972110121e-14,0.0
override,128.5,0.2986398959698144,4.11151839021753,5.038538641413581,5.048977661031127,0.0,0.0,-0.0070463539065829,0.159795861684169,0.0,0.0,0.0,-0.8660254037844646,0.499999999999955,0.0
override,128.75,0.2383535687906031,5.038626992625231,5.808713466897234,5.060921640684878,0.0,0.0,-0.0223681441916428,-0.0405724572736649,0.0,0.0,0.0,-0.5000000000000301,0.8660254037844213,0.0
override,129.0,0.2186887154997487,6.562947815858594,7.01356324205105,4.767441040681477,0.0,0.0,-0.024424873498868,0.014281933921905,0.0,0.0,0.0,-1.763738983026824e-14,1.0,0.0
override,129.25,0.1880943514308124,6.615183517142254,6.929695698944638,4.9089465153797045,0.0,0.0,-0.041680869363365,-0.048570887863949,0.0,0.0,0.0,0.4999999999999504,0.8660254037844674,0.0
override,129.5,0.2269109790767065,3.957600718068473,4.59923344311544,4.46424883942746,0.0,0.0,-0.1202617538151279,-0.3021648543154867,0.0,0.0,0.0,0.8660254037844186,0.5000000000000347,0.0
override,129.75,0.346481346306126,3.8506960558323087,4.535466653680614,5.028588278256374,0.0,0.0,-0.1045142517997815,0.0879069456377709,0.0,0.0,0.0,1.0,2.3027692688426363e-14,0.0
override,130.0,0.4551754565236085,3.6297902944053337,4.318542260023844,3.215665540535443,0.0,0.0,-0.0415663447473773,0.2830925906052886,0.0,0.0,0.0,0.8660254037844416,-0.4999999999999949,0.0
override,130.25,0.4685807978429025,3.6275015950419935,4.3180085215642885,1.828936781093027,0.0,0.0,-0.11565308131508,-0.2835804130878959,1.0,1.0,4.0,0.5000000000000394,-0.8660254037844158,0.0
override,130.5,0.4513404142001853,2.7449401318631157,3.2373918529738672,1.5460453119328672,0.0,0.0,-0.2270465355743442,-0.4378531518182413,1.0,0.0,4.0,2.8417995546584478e-14,-1.0,0.0
override,130.75,0.3711504493305082,1.66884391549698,1.9343084810912292,1.6945210979349064,0.0,0.0,2.3096275498859167,10.512577681389724,1.0,0.0,4.0,-0.4999999999999902,-0.8660254037844443,0.0
override,131.0,0.3406371466031544,0.9589456781680707,1.0282367574574651,1.0383717578118972,0.0,0.0,4.1355359242294165,7.573381213982273,1.0,0.0,4.0,-0.8660254037844132,-0.5000000000000442,0.0
override,131.25,0.3503566884999499,0.2879730016591829,0.3710199026156767,-0.0956978629439243,0.0,0.0,1.7620606316934686,-9.79213522263294,0.0,0.0,0.0,-1.0,-3.3808298404742594e-14,0.0
override,131.5,0.3422197591103518,0.0930355273114911,0.0406233578303821,0.5353813424102257,0.0,0.0,0.5235416423144486,-5.098803081357683,0.0,0.0,0.0,-0.8660254037844469,0.4999999999999855,0.0
override,131.75,0.3341276459867496,0.1557548503391173,0.2949484556300494,0.2069322376064946,0.0,0.0,2.1293375454022163,6.663160324273521,0.0,0.0,0.0,-0.5000000000000488,0.8660254037844105,0.0
override,132.0,0.3188558412722233,0.1332054822761339,0.2409767158876715,0.0022653063043207,0.0,0.0,4.23728951675274,8.739703014559053,0.0,0.0,0.0,-3.919860126290071e-14,1.0,0.0
override,132.25,0.3396545743798088,0.0900213083024344,0.1692499007135641,-0.0040892109919226,0.0,0.0,4.863929625433969,2.6141027980749025,0.0,0.0,0.0,0.4999999999999809,0.8660254037844497,0.0
override,132.5,0.3388619838894079,0.3417555403532763,0.4278529501498318,-0.3494966402865301,0.0,0.0,7.1470223365849455,9.463954389758063,0.0,0.0,0.0,0.8660254037844362,0.5000000000000042,0.0
override,132.75,0.325023630520478,0.8498569446016443,0.9729167435330618,-0.3909590220773134,0.0,0.0,7.160221200755754,0.0773676818097547,0.0,0.0,0.0,1.0,4.458890412105883e-14,0.0
override,133.0,0.3406935624658093,0.7068411756859039,0.8958632121344893,-0.2658255564452834,0.0,0.0,4.668082350815879,-10.28283912586939,0.0,0.0,0.0,0.8660254037844524,-0.4999999999999762,0.0
override,133.25,0.3426411303362051,0.4577364639726429,0.58654833351574,-0.3332563933845572,0.0,0.0,3.984514902570864,-2.8039377216872343,1.0,1.0,5.0,0.5000000000000089,-0.8660254037844335,0.0
override,133.5,0.3422306997879608,-0.3570386472437301,-0.3190583748554029,-0.6548589703417065,0.0,0.0,3.593510356005602,-1.594115928567076,1.0,0.0,5.0,4.997920697921696e-14,-1.0,0.0
override,133.75,0.3443020314822204,0.7974002628528192,0.8725065147964256,0.7166203017249102,0.0,0.0,4.693761878681427,4.572606103966775,1.0,0.0,5.0,-0.4999999999999716,-0.866025403784455,0.0
override,134.0,0.3439498770216233,0.763026779740082,0.8991993597136345,-0.2940018509010492,0.0,0.0,3.828852905484672,-3.553830916021245,1.0,0.0,5.0,-0.8660254037844308,-0.5000000000000135,0.0
override,134.25,0.3464737798183341,0.7988287284117148,0.8980107188791688,0.1227063932139905,0.0,0.0,1.5973163907566732,-9.20518238037249,0.0,0.0,0.0,-1.0,-5.5369509837375076e-14,0.0
override,134.5,0.3570193569347333,-0.4010578252012621,-0.2578804488846,-0.7778527197637207,0.0,0.0,0.8143173574595248,-3.215112541973331,0.0,0.0,0.0,-0.8660254037844577,0.4999999999999669,0.0
override,134.75,0.354669926370201,-0.5745094946657238,-0.5322663170603338,-0.0857435158760679,0.0,0.0,0.5969289851081839,-0.8761690187019716,0.0,0.0,0.0,-0.5000000000000182,0.8660254037844282,0.0
override,135.0,0.351217390487415,-0.5325275652396065,-0.4337389879014899,-0.1396623992254566,0.0,0.0,0.5415232932965824,-0.2063295554623322,0.0,0.0,0.0,-3.916393834725177e-15,1.0,0.0
override,135.25,0.3547990642568126,-0.6543703675390782,-0.5727082872850656,-0.7635998051741292,0.0,0.0,0.4240435629058945,-0.4630214471163362,0.0,0.0,0.0,0.4999999999999622,0.8660254037844605,0.0
override,135.5,0.3647218832763254,-0.5033677714011524,-0.3987045178969944,-0.6944469910236037,0.0,0.0,0.2914086653726003,-0.5256919066388281,0.0,0.0,0.0,0.8660254037844254,0.5000000000000229,0.0
override,135.75,0.35932047169394,0.1348819404972032,0.2254196021873845,-0.3766042468005194,0.0,0.0,0.3046281587103161,0.077452988646525,0.0,0.0,0.0,1.0,9.306696692883296e-15,0.0
override,136.0,0.3622378247068898,-0.2217551136520932,-0.1848663216251127,-0.5666847202940495,0.0,0.0,0.6223000507366189,1.336440867104013,0.0,0.0,0.0,0.8660254037844631,-0.4999999999999576,0.0
override,136.25,0.3724637407700691,-0.0014042879090852,-0.0004906874483021,-0.3991814955867107,0.0,0.0,1.1248951919193455,2.101145399358499,1.0,1.0,7.0,0.5000000000000275,-0.8660254037844227,0.0
override,136.5,0.3718412517218648,-0.2940072436621272,-0.1614569943968375,-0.3624807298090196,0.0,0.0,1.2471505616376108,0.528343989247621,1.0,0.0,7.0,1.4696999551041415e-14,-1.0,0.0
override,136.75,0.3767411579896246,-0.214882782290591,-0.185128680113148,-0.5689058993367554,0.0,0.0,1.270851185203683,0.1207951201812884,1.0,0.0,7.0,-0.4999999999999528,-0.8660254037844658,0.0
override,137.0,0.376061385879336,0.3446409510948092,0.5164596721509289,0.5340732680848285,0.0,0.0,1.111611701657594,-0.6357086167904502,1.0,0.0,7.0,-0.8660254037844201,-0.5000000000000322,0.0
override,137.25,0.3678899980022567,0.3718804014419301,0.5667828125344299,0.1898586738886212,0.0,0.0,0.3626881415798313,-3.074201818587009,0.0,0.0,0.0,-1.0,-2.008730240919953e-14,0.0
override,137.5,0.3804513981852792,-0.0832842227849644,-0.0243096806443567,-0.1725935481734889,0.0,0.0,-0.0294841098431385,-1.5989446842865354,0.0,0.0,0.0,-0.8660254037844686,0.4999999999999482,0.0
override,137.75,0.3796772667222557,-0.4446064976210515,-0.2792565863772342,-0.0663908693878319,0.0,0.0,0.1270807613678534,0.6702224788943557,0.0,0.0,0.0,-0.5000000000000369,0.8660254037844174,0.0
override,138.0,0.3650129677371798,-0.3598217676443446,-0.2784213462262586,-0.4781889670785848,0.0,0.0,0.1523570668938874,0.1273109646825672,0.0,0.0,0.0,-2.547760526735765e-14,1.0,0.0
override,138.25,0.3366115680062329,-0.4210240702214698,-0.3186965165311745,0.0543975260753399,0.0,0.0,0.0442062780899861,-0.4244439078123487,0.0,0.0,0.0,0.4999999999999928,0.8660254037844428,0.0
override,138.5,0.3236901728216856,-0.4664562882186678,-0.3499251365931464,0.2269906221214075,0.0,0.0,-0.1572172950103869,-0.8101505250867028,0.0,0.0,0.0,0.8660254037844146,0.5000000000000416,0.0
override,138.75,0.3394147359480203,-0.5006436621593865,-0.3965072349966517,-0.1706711910238522,0.0,0.0,-0.2468919306710372,-0.3480403289669397,0.0,0.0,0.0,1.0,3.0867908125515775e-14,0.0
override,139.0,0.339505531180208,-0.5413710456981354,-0.4155540400570157,-0.5674133807439469,0.0,0.0,-0.3765266390296684,-0.5132853635462123,0.0,0.0,0.0,0.8660254037844455,-0.4999999999999881,0.0
override,139.25,0.3395644704764329,-0.3233807991072921,-0.2308384270853032,-0.3767058165073884,0.0,0.0,-0.5930913090212384,-0.8727628005513663,1.0,1.0,10.0,0.5000000000000463,-0.866025403784412,0.0
override,139.5,0.3386341299201966,0.2996423428767657,0.4379159869643023,0.3536685471103831,0.0,0.0,-0.4162423959542752,0.7541021360519049,1.0,0.0,10.0,3.6258210983673894e-14,-1.0,0.0
override,139.75,0.3477892620147944,0.516008985194432,0.751572989685923,0.2373250088133873,0.0,0.0,-0.1942669972392383,0.9407115983948936,1.0,0.0,10.0,-0.4999999999999834,-0.8660254037844481,0.0
override,140.0,0.3517282541207016,0.1739942563884436,0.2695900774811315,0.0393753855520517,0.0,0.0,-0.1653852222052172,0.1422204954540649,1.0,0.0,10.0,-0.8660254037844093,-0.500000000000051,0.0
override,140.25,0.3609240983569252,-0.0813448738831767,-0.0472403203422151,-0.2383826049647594,0.0,0.0,-0.2900635563028915,-0.4927894990284023,0.0,0.0,0.0,-1.0,-4.164851384183201e-14,0.0
override,140.5,0.3466849158316244,-0.4371031427192599,-0.3251671116275784,-0.3248503332557683,0.0,0.0,-0.3184233268911668,-0.0944878122914643,0.0,0.0,0.0,-0.8660254037844509,0.4999999999999788,0.0
override,140.75,0.3070852183011023,0.1483479074559409,0.1695398797417256,1.063485603918357,0.0,0.0,-0.3616824798463207,-0.1561005368986702,0.0,0.0,0.0,-0.5000000000000063,0.8660254037844349,0.0
override,141.0,0.2808192122094289,0.1877030997692581,0.2794372969472564,-0.1938236420135403,0.0,0.0,-0.5146328303034621,-0.6097014565279681,0.0,0.0,0.0,-4.703881669999013e-14,1.0,0.0
override,141.25,0.267030779167332,-0.0205883569243353,0.0594370176413613,0.114912101223776,0.0,0.0,-0.5164102707853679,0.0154368640429359,0.0,0.0,0.0,0.4999999999999741,0.8660254037844536,0.0
override,141.5,0.2486788300670481,-0.3938192919086001,-0.327512515331803,0.1774239726532467,0.0,0.0,-0.620399543956852,-0.4072349853016616,0.0,0.0,0.0,0.8660254037844323,0.500000000000011,0.0
override,141.75,0.2246840883909237,-0.4862487441502169,-0.3764706227796504,0.1812795169959197,0.0,0.0,-0.7735530283378229,-0.6105414668182683,0.0,0.0,0.0,1.0,5.242911955814826e-14,0.0
override,142.0,0.1795812335976284,0.2109152406146406,0.264387684780444,0.2495348945271707,0.0,0.0,-0.8339374685663684,-0.2269179427892892,0.0,0.0,0.0,0.8660254037844562,-0.4999999999999694,0.0
override,142.25,0.1066857723759412,0.5771681407723535,0.6126867081239408,0.5771439669767942,0.0,0.0,-0.8535420324677384,-0.0582828122990732,1.0,1.0,2.0,0.5000000000000157,-0.8660254037844296,0.0
override,142.5,0.0174902195327322,1.3257500580553727,1.3499096296059014,1.2525719226647505,0.0,0.0,-0.8165176650464215,0.175892179957071,1.0,0.0,2.0,5.781942241630636e-14,-1.0,0.0
override,142.75,-0.0472383480449218,1.5804639156030658,1.7193314792261227,0.4798855384949065,0.0,0.0,-0.7325747883488782,0.3699121144640896,1.0,0.0,2.0,-0.4999999999999648,-0.866025403784459,0.0
override,143.0,-0.0808758271554586,1.7849001865517011,1.9245044045291064,0.7356977166350598,0.0,0.0,-0.1249610226682302,2.535424044639929,1.0,0.0,2.0,-0.8660254037844269,-0.5000000000000203,0.0
override,143.25,-0.1331056309422063,1.5058895642110046,1.535143680325744,0.988949841966561,0.0,0.0,0.2376458972361864,1.522258603014056,0.0,0.0,0.0,-1.0,-6.366306413656472e-15,0.0
override,143.5,-0.2185055064537505,1.3315969952097892,1.2952984657831248,1.2657349918092202,0.0,0.0,0.1328920339465661,-0.4103967593420972,0.0,0.0,0.0,-0.8660254037844617,0.4999999999999601,0.0
override,143.75,-0.3102883660728605,1.0783641903416514,1.1108683286059442,1.157198966432286,0.0,0.0,-0.1411122077098664,-1.1102899962027997,0.0,0.0,0.0,-0.500000000000025,0.8660254037844242,0.0
override,144.0,-0.3255621206158376,1.7786382867563737,1.7475794351583496,0.365675839583686,0.0,0.0,-0.5750225971058506,-1.7715424696998157,0.0,0.0,0.0,-1.1756609271814592e-14,1.0,0.0
override,144.25,-0.3294168828493513,1.7279123028812775,1.715531905981681,0.9642395902199246,0.0,0.0,-0.6248347610482836,-0.1831988991908393,0.0,0.0,0.0,0.4999999999999554,0.8660254037844644,0.0
override,144.5,-0.3526694431297086,1.2481697862523562,1.2514655795835463,0.968748076049735,0.0,0.0,-0.6032924465008862,0.1118699650365707,0.0,0.0,0.0,0.8660254037844215,0.5000000000000298,0.0
override,144.75,-0.3446041502753605,0.87092596840655,0.9141653950311416,0.1828581043786051,0.0,0.0,-0.5908705236717309,0.0741548323277766,0.0,0.0,0.0,1.0,1.7146912129972712e-14,0.0
override,145.0,-0.3642644004268395,0.7504551993652996,0.8007810778500787,0.3669649000056306,0.0,0.0,3.119229599505505,15.364991931090469,0.0,0.0,0.0,0.866025403784467,-0.4999999999999507,0.0
override,145.25,-0.4445385525119397,1.165417951264638,1.2355363270798554,1.784198104670973,0.0,0.0,6.330845601397805,13.303633672773044,1.0,1.0,9.0,0.5000000000000344,-0.8660254037844188,0.0
override,145.5,-0.5570337636917032,1.054048000820667,1.0226410638565635,2.1606296329716232,0.0,0.0,4.530227006681501,-7.423227499275425,1.0,0.0,9.0,2.2537214988130828e-14,-1.0,0.0
override,145.75,-0.6046241036718076,0.6245929795829094,0.5634069157168534,0.6358519243931978,0.0,0.0,1.7437458856650818,-11.500019062697753,1.0,0.0,9.0,-0.4999999999999953,-0.8660254037844414,0.0
override,146.0,-0.552379759102537,1.1725483444475655,1.2625212240795705,1.0452135313503002,0.0,0.0,0.0817331186267635,-6.850057251046754,1.0,0.0,9.0,-0.8660254037844162,-0.5000000000000391,0.0
override,146.25,-0.5076620995685599,1.339287977663519,1.4667860830159514,0.7586677137167287,0.0,0.0,-0.1591061310293946,-0.9731443435577894,0.0,0.0,0.0,-1.0,-2.7927517846288947e-14,0.0
override,146.5,-0.4380844594809813,1.0755016748053758,1.1085988816726828,0.6326349090138624,0.0,0.0,-0.3744778915336136,-0.867829817296378,0.0,0.0,0.0,-0.866025403784444,0.4999999999999907,0.0
override,146.75,-0.4301364668478188,1.1183336453090678,1.1334612869905552,1.1967831064751806,0.0,0.0,-0.6001742906700982,-0.9105248163946504,0.0,0.0,0.0,-0.5000000000000437,0.8660254037844134,0.0
override,147.0,-0.4429793610619505,0.725897999120674,0.6716204844311561,1.1623768028743806,0.0,0.0,-0.2741038999640607,1.3711707890247224,0.0,0.0,0.0,-3.3317820704447075e-14,1.0,0.0
override,147.25,-0.4272309972552509,1.4108997562564864,1.6219751554945512,0.4942219180323854,0.0,0.0,0.4068691557294446,2.8387833129402087,0.0,0.0,0.0,0.499999999999986,0.8660254037844467,0.0
override,147.5,-0.4182368196625621,1.9844929416740291,2.3018193039593577,1.3078042451132146,0.0,0.0,0.3426696574721458,-0.2426941752463226,0.0,0.0,0.0,0.8660254037844107,0.5000000000000484,0.0
override,147.75,-0.3842829438290572,1.432320497260917,1.3984919102995084,1.052197910828696,0.0,0.0,-0.1479286520832677,-2.005961395755605,0.0,0.0,0.0,1.0,3.8708123562605194e-14,0.0
override,148.0,-0.3232066401497073,1.9322643974650904,2.139245865568206,2.4843402345658845,0.0,0.0,-0.3342206696462605,-0.7475777055397826,0.0,0.0,0.0,0.8660254037844494,-0.4999999999999813,0.0
override,148.25,-0.2988330631533646,2.2166150627337786,2.6508306038771456,2.9475880705780737,0.0,0.0,4.59945424101914,20.424783978941868,1.0,1.0,3.0,0.5000000000000531,-0.8660254037844081,0.0
override,148.5,-0.2733394338697539,2.4072496063595654,2.8123937389516467,4.085789341756004,0.0,0.0,7.539402893760322,12.18022028852252,1.0,0.0,3.0,4.4098426420763313e-14,-1.0,0.0
override,148.75,-0.2596227493672381,2.456827324297064,2.64894336444882,3.103666791726356,0.0,0.0,6.084709204137512,-5.992740289303597,1.0,0.0,3.0,-0.4999999999999767,-0.8660254037844521,0.0
override,149.0,-0.1541085250534356,2.172666786485707,2.4488287051938054,2.2706904633749296,0.0,0.0,3.421972391422016,-10.98830496601125,1.0,0.0,3.0,-0.8660254037844337,-0.5000000000000084,0.0
override,149.25,-0.0823917956605368,1.8447720833205823,2.047262272653913,2.996846321707503,0.0,0.0,-0.2618355842525764,-15.210693171015674,0.0,0.0,0.0,-1.0,-4.948872927892143e-14,0.0
override,149.5,0.0516249425508499,1.3512804447045663,1.3256745147736018,2.798384322811786,0.0,0.0,-0.4860718866332589,-0.904486946025266,0.0,0.0,0.0,-0.8660254037844548,0.4999999999999719,0.0
override,149.75,0.1977355193748538,1.1644210640040162,1.0851420059122052,3.958749708173718,0.0,0.0,1.0166809508388626,6.237051115976909,0.0,0.0,0.0,-0.5000000000000131,0.866025403784431,0.0
override,150.0,0.3845176674761841,1.627324599405343,1.7151709735216722,3.577463985101399,0.0,0.0,3.660856189881784,10.957122214012058,0.0,0.0,0.0,-5.4879032137079545e-14,1.0,0.0
override,150.25,0.4692489119712981,1.7275752752107076,1.956890788079586,1.6678731809987457,0.0,0.0,4.834615774188955,4.876580580638358,0.0,0.0,0.0,0.4999999999999673,0.8660254037844575,0.0
override,150.5,0.430602209420372,2.701712667015127,3.1286748844389494,3.567935850623871,0.0,0.0,4.550147139845537,-1.153562913759313,0.0,0.0,0.0,0.8660254037844284,0.5000000000000178,0.0
override,150.75,0.3617562068322271,2.65134395792768,2.998538188122206,2.1506269070217026,0.0,0.0,3.299752808537757,-5.147910631849146,0.0,0.0,0.0,1.0,6.026933499523767e-14,0.0
override,151.0,0.3111805615312373,1.665124122671074,1.8733370927717872,1.5426537986731736,0.0,0.0,1.3236932102635652,-8.14872054125906,0.0,0.0,0.0,0.8660254037844602,-0.4999999999999626,0.0
override,151.25,0.2936317320426524,0.4144096020378817,0.3876287944305974,1.1202342312730351,0.0,0.0,0.3216725805597172,-4.120822387532777,1.0,1.0,1.0,0.5000000000000225,-0.8660254037844257,0.0
override,151.5,0.3146826536076496,0.727152262427155,0.7947830592540694,0.7612417701994488,0.0,0.0,-0.0141410005008384,-1.3658872896399656,1.0,0.0,1.0,8.816218992587766e-15,-1.0,0.0
override,151.75,0.3729031520794698,1.2206425917682238,1.4127054797637195,0.3339800346583372,0.0,0.0,-0.279586194055817,-1.0748961617075514,1.0,0.0,1.0,-0.499999999999958,-0.8660254037844629,0.0
override,152.0,0.44950664415196,1.2230521587040597,1.331316902287918,0.5761791152048683,0.0,0.0,-0.3104548867766372,-0.104862841578386,1.0,0.0,1.0,-0.8660254037844229,-0.5000000000000272,0.0
override,152.25,0.4688773902950782,0.5959180919535945,0.6657378628693822,0.405952776988352,0.0,0.0,-0.2511250304616927,0.2681310332592901,0.0,0.0,0.0,-1.0,-1.4206521850745884e-14,0.0
override,152.5,0.4682737806479251,0.9171315253561512,1.1123560605389882,0.1049618170607477,0.0,0.0,-0.2683520248234123,-0.0484509592951115,0.0,0.0,0.0,-0.8660254037844656,0.4999999999999533,0.0
override,152.75,0.4586077727663807,0.4362100803024281,0.4988039224815551,-0.0532965727146639,0.0,0.0,-0.2085957182005042,0.2698945134315714,0.0,0.0,0.0,-0.5000000000000319,0.8660254037844203,0.0
override,153.0,0.4730679917722163,0.1874160438693283,0.2567971027596493,-0.2769507689225918,0.0,0.0,2.604249128092967,11.654613815022026,0.0,0.0,0.0,-1.9596824708904003e-14,1.0,0.0
override,153.25,0.5090865860404659,0.4673252106467525,0.497212803714933,-0.201061803337917,0.0,0.0,4.451392870711184,7.6611948471400675,0.0,0.0,0.0,0.4999999999999486,0.8660254037844682,0.0
override,153.5,0.5376880495615909,0.747048323513016,0.7891598781372378,0.3697579942252238,0.0,0.0,3.796495618278022,-2.6853791911727627,0.0,0.0,0.0,0.8660254037844176,0.5000000000000365,0.0
override,153.75,0.5260358375609167,1.2589054679278318,1.344006716235195,0.9595241596572908,0.0,0.0,2.778648389463542,-4.18626938851986,0.0,0.0,0.0,1.0,2.4987127567062125e-14,0.0
override,154.0,0.5411387993328862,0.8893793130448924,0.9851648599582172,0.1961019060442022,0.0,0.0,1.8502823953926948,-3.8162417901928247,0.0,0.0,0.0,0.8660254037844426,-0.4999999999999932,0.0
override,154.25,0.4893715424208718,0.445972057795571,0.4402786137823962,0.4068065337919935,0.0,0.0,1.007207065213572,-3.463543265077548,1.0,1.0,5.0,0.5000000000000412,-0.8660254037844148,0.0
override,154.5,0.4730546289415422,1.1374850297099195,1.3546102106144815,0.6606794261166553,0.0,0.0,0.7203318453924672,-1.163514755025568,1.0,0.0,5.0,3.0377430425220244e-14,-1.0,0.0
override,154.75,0.5479422004847921,0.6383223014624638,0.4342770118595506,1.34405086335908,0.0,0.0,4.144774747984527,14.183726880594165,1.0,0.0,5.0,-0.4999999999999885,-0.8660254037844453,0.0
override,155.0,0.6527449580862276,0.867896778887568,0.7581608656176325,1.9786909712088665,0.0,0.0,5.61974247065634,6.122152619903905,1.0,0.0,5.0,-0.8660254037844122,-0.5000000000000459,0.0
override,155.25,0.694783402241482,0.7056669275684437,0.712605976835212,0.4298100592532044,0.0,0.0,3.6262109247891936,-8.220971475484987,0.0,0.0,0.0,-1.0,-3.576773328337836e-14,0.0
override,155.5,0.6496737962088855,1.8950698030689224,2.2024459128518856,1.2259815759263266,0.0,0.0,2.576349673194111,-4.31865549155289,0.0,0.0,0.0,-0.8660254037844479,0.4999999999999839,0.0
override,155.75,0.5652069460210323,1.439659937528238,1.7779018994228613,1.2040228632496708,0.0,0.0,1.7497125506893167,-3.395567107574138,0.0,0.0,0.0,-0.5000000000000505,0.8660254037844095,0.0
override,156.0,0.6477252569988629,0.4636033425251869,0.625040635522675,0.9240138476627452,0.0,0.0,3.253467565537233,6.24119537358048,0.0,0.0,0.0,-4.115803614153648e-14,1.0,0.0
override,156.25,0.6887607000571504,0.3858717298291788,0.4188535062766321,0.0349152827657942,0.0,0.0,4.7294207390877725,6.126227709200213,0.0,0.0,0.0,0.4999999999999792,0.8660254037844506,0.0
override,156.5,0.6924379485453441,0.2775454018212397,0.4445582284653265,-0.5861011860343041,0.0,0.0,3.945948846245992,-3.2170679361087333,0.0,0.0,0.0,0.8660254037844068,0.5000000000000552,0.0
override,156.75,0.6679199810566485,0.6245648908462782,0.706415883002625,-0.5216723765342242,0.0,0.0,1.6960856027993163,-9.28096805132788,0.0,0.0,0.0,1.0,4.65483389996946e-14,0.0
override,157.0,0.6322852656394545,0.8600814541996211,1.0197593371076643,-0.0247465833993812,0.0,0.0,-0.5359949198830011,-9.207431991225356,0.0,0.0,0.0,0.8660254037844534,-0.4999999999999745,0.0
override,157.25,0.6161226123781189,0.3640114966618636,0.455066952546284,-0.1937897634589342,0.0,0.0,-0.5700847608021601,-0.118183106269655,1.0,1.0,7.0,0.5000000000000107,-0.8660254037844325,0.0
override,157.5,0.595939036801711,-0.0546894005594082,0.0251628715430429,-0.1847716178909492,0.0,0.0,-0.5163462916579175,0.245009229318843,1.0,0.0,7.0,5.1938641857852726e-14,-1.0,0.0
override,157.75,0.6171262700110657,0.4039301242391485,0.6046908363839933,0.1160341293815856,0.0,0.0,-0.5998537092732644,-0.3225373183278833,1.0,0.0,7.0,-0.4999999999999698,-0.866025403784456,0.0
override,158.0,0.6451239770878805,0.3977462098751139,0.5087428866409898,0.059854469740882,0.0,0.0,-0.6621814107732988,-0.2349538209627542,1.0,0.0,7.0,-0.8660254037844298,-0.5000000000000153,0.0
override,158.25,0.6634763865974246,0.0935485632413242,0.127795207928571,-0.1896731458054007,0.0,0.0,-0.3932618980607256,1.1348374149179494,0.0,0.0,0.0,-1.0,-5.732894471601083e-14,0.0
override,158.5,0.7379061955186946,1.8976075625264843,2.293402207027066,2.2450836412917874,0.0,0.0,0.880123938768227,5.288560400279599,0.0,0.0,0.0,-0.8660254037844587,0.4999999999999652,0.0
override,158.75,0.7125725069787195,1.867606055131357,2.171520824853906,1.881761510678724,0.0,0.0,0.8872998795418202,0.0524613661340223,0.0,0.0,0.0,-0.50000000000002,0.8660254037844272,0.0
override,159.0,0.7849606910885277,1.2390835195859526,1.4690362843791187,0.7680615249453225,0.0,0.0,-0.3821860224106528,-5.226859118134415,0.0,0.0,0.0,-6.271924757416895e-14,1.0,0.0
override,159.25,0.8477895328466544,0.9763873684793004,1.1478514703715887,0.5443384971753978,0.0,0.0,-0.6794204659512922,-1.2063527722305618,0.0,0.0,0.0,0.4999999999999605,0.8660254037844615,0.0
override,159.5,0.8514319973199094,0.6338466037921702,0.7426824378860961,0.2676084377998955,0.0,0.0,-0.7981253135013331,-0.4680876172629979,0.0,0.0,0.0,0.8660254037844245,0.5000000000000246,0.0
override,159.75,0.8323456251488467,0.2685194181737952,0.3998259552739217,-0.1326624817942747,0.0,0.0,-0.8304834179085961,-0.111021936620309,0.0,0.0,0.0,1.0,1.1266131571519062e-14,0.0
override,160.0,0.8324704837553925,0.1016542791697446,0.0560993160467192,0.484331485302797,0.0,0.0,-0.8795457716846273,-0.1800982439990579,0.0,0.0,0.0,0.8660254037844641,-0.4999999999999558,0.0
override,160.25,0.8354235261118422,0.2425948132250888,0.1956307417260998,-0.181361049322743,0.0,0.0,-0.921785559580155,-0.1518852038636192,1.0,1.0,10.0,0.5000000000000293,-0.8660254037844217,0.0
override,160.5,-0.5414510709604184,15.18854296339362,12.963733310248823,42.11966249912052,1.0,1.0,-0.9098669158325592,0.0720736456927098,1.0,0.0,10.0,1.665643442967718e-14,-1.0,0.0
override,160.75,-1.1716550541556137,1.1530521810953616,0.9523317863199934,3.049547778017617,0.0,0.0,-0.897600875548433,0.0735102184718826,1.0,0.0,10.0,-0.4999999999999512,-0.8660254037844668,0.0
override,161.0,-1.178890727175404,-0.0700730929517798,0.0351231239681733,-0.7562586668885088,0.0,0.0,-0.8899395389126376,0.0544686011218181,1.0,0.0,10.0,-0.8660254037844191,-0.500000000000034,0.0
override,161.25,-1.1589236029323424,-0.5227658138972108,-0.4649822386576923,-0.7294846031774344,0.0,0.0,-0.8431827704139919,0.216138126572774,0.0,0.0,0.0,-1.0,-2.20467372878353e-14,0.0
override,161.5,-1.14980500128605,-0.6747393781305102,-0.684456706843744,-0.3120960607454364,0.0,0.0,-0.7714655405820485,0.319355964220597,0.0,0.0,0.0,-0.8660254037844695,0.4999999999999465,0.0
override,161.75,-1.163244479139972,-0.6357509321104474,-0.451820268419272,-0.5200884905427678,0.0,0.0,-0.7504843721768937,0.1095494834303505,0.0,0.0,0.0,-0.5000000000000386,0.8660254037844164,0.0
override,162.0,-1.172247382822663,-0.8878914705472825,-0.7592980540293285,-0.9006493270665094,0.0,0.0,-0.7890106061463277,-0.1365287166127758,0.0,0.0,0.0,-2.7437040145993422e-14,1.0,0.0
override,162.25,-1.1980320186407167,-0.8019472228431609,-0.7193122280724643,-0.7294285276217541,0.0,0.0,-0.8004382380382482,-0.0244691247498483,0.0,0.0,0.0,0.4999999999999911,0.8660254037844438,0.0
override,162.5,-1.18076849776452,-0.167788238685648,-0.2335423107092109,-0.0228772127535666,0.0,0.0,-0.3719965765404209,1.7945019553558623,0.0,0.0,0.0,0.8660254037844136,0.5000000000000433,0.0
override,162.75,-1.1394613212561238,0.0401507313416838,-0.1861285964498365,0.0258287604680708,0.0,0.0,-0.1882814837343254,0.782495530553355,0.0,0.0,0.0,1.0,3.2827343004151544e-14,0.0
override,163.0,-1.1312276611201295,-0.4340639006561901,-0.3806521642487859,-0.9014416332414364,0.0,0.0,3.701311570328432,16.107240720152646,0.0,0.0,0.0,0.8660254037844465,-0.4999999999999864,0.0
override,163.25,-1.1279491115614044,0.0174017531157602,0.0687869296282609,-0.4628963080882982,0.0,0.0,5.485555910895559,7.401089868215115,1.0,1.0,6.0,0.500000000000048,-0.866025403784411,0.0
override,163.5,-1.139076755842394,0.1444164093653487,0.2029884944910251,-0.956850823025941,0.0,0.0,5.674780747344601,0.8052797178015312,1.0,0.0,6.0,3.8217645862309657e-14,-1.0,0.0
override,163.75,-1.159589484123488,-0.3558630628977812,-0.3476539247644021,-0.8832347926935571,0.0,0.0,6.459478494584359,3.267711217321899,1.0,0.0,6.0,-0.4999999999999817,-0.8660254037844491,0.0
override,164.0,-1.2034778380307776,-0.2169963413216024,-0.3033403307000065,0.0305670695519864,0.0,0.0,4.749251174362756,-7.049436655789395,1.0,0.0,6.0,-0.8660254037844083,-0.5000000000000526,0.0
override,164.25,-1.2520558544142109,-0.3339881152171244,-0.3149017574540335,-0.192350003537662,0.0,0.0,3.283182185341768,-6.0397800371190815,0.0,0.0,0.0,-1.0,-4.3607948720467776e-14,0.0
override,164.5,-1.2883249019069407,-0.2745187734991907,-0.1353566424882622,-0.6004144744070694,0.0,0.0,1.9593349861636555,-5.4516568683216615,0.0,0.0,0.0,-0.8660254037844518,0.4999999999999771,0.0
override,164.75,-1.3011231308226037,-0.6217143301058834,-0.5356711103069488,-0.6749977073451905,0.0,0.0,0.6884753865415885,-5.232539706371307,0.0,0.0,0.0,-0.5000000000000573,0.8660254037844056,0.0
override,165.0,-1.3065532609092154,-0.999133927537146,-0.8462194921844934,-1.1073782912647825,0.0,0.0,-0.7905266733913249,-6.093261565198619,0.0,0.0,0.0,-4.8998251578625895e-14,1.0,0.0
override,165.25,-1.3299450547169207,-0.7941419433763527,-0.6288705663395755,0.1190329324218732,0.0,0.0,-0.8103753284646429,-0.0592921911972019,0.0,0.0,0.0,0.4999999999999724,0.8660254037844546,0.0
override,165.5,-1.3634736279728306,-0.648057966072505,-0.5567078900558976,-0.1066031119987242,0.0,0.0,-0.7925986459048088,0.0962981217944249,0.0,0.0,0.0,0.8660254037844313,0.5000000000000128,0.0
override,165.75,-1.3784449758477246,-0.5934681025365302,-0.5640432205041158,-0.7199546773559542,0.0,0.0,-0.816404537209463,-0.0756563665786585,0.0,0.0,0.0,1.0,5.438855443678401e-14,0.0
override,166.0,-1.392065216287259,-0.9077249867363318,-0.7842802039033738,-0.697939529689497,0.0,0.0,-0.8136827431198331,0.0340423400132355,0.0,0.0,0.0,0.8660254037844572,-0.4999999999999677,0.0
override,166.25,-1.3993999047033263,-1.0243695566034925,-0.8933465235574639,-0.5579337504046716,0.0,0.0,-0.7976879727345194,0.0889294630554552,1.0,1.0,9.0,0.5000000000000174,-0.8660254037844286,0.0
override,166.5,-1.404663564313421,-0.7806134298592973,-0.6889075611059248,-0.8568854003241893,0.0,0.0,-0.8260140900558641,-0.0943486474981542,1.0,0.0,9.0,5.977885729494214e-14,-1.0,0.0
override,166.75,-1.4026118504146703,-0.7741857845613941,-0.700427342334176,-0.8587582198720625,0.0,0.0,-0.8202101586018817,0.0467877596524798,1.0,0.0,9.0,-0.4999999999999631,-0.8660254037844599,0.0
override,167.0,-1.3874505623914166,-0.6891544870113975,-0.6045385495585845,-0.920292800719821,0.0,0.0,-0.8083957963944286,0.071642415078164,1.0,0.0,9.0,-0.8660254037844259,-0.5000000000000221,0.0
override,167.25,-1.3806737787094423,-0.5270496660404772,-0.4855384505028177,-0.9646882541723074,0.0,0.0,-0.7878738779144591,0.1076503685227939,0.0,0.0,0.0,-1.0,-6.516916015310026e-14,0.0
override,167.5,-1.3681056787614383,-0.6524759719511086,-0.6168517947546295,-0.7600495491037614,0.0,0.0,-0.7250267915268263,0.2826756715880891,0.0,0.0,0.0,-0.8660254037844627,0.4999999999999584,0.0
override,167.75,-1.361034740508619,-0.4425308927963041,-0.4294360327090945,-0.5902914010016526,0.0,0.0,-0.6993468731813333,0.1289800060482379,0.0,0.0,0.0,-0.5000000000000268,0.8660254037844233,0.0
override,168.0,-1.3613850216373338,0.3847077468069283,0.3055278181287454,0.0862891152813197,0.0,0.0,-0.6879814386716017,0.0697859851989125,0.0,0.0,0.0,-1.3716044150450356e-14,1.0,0.0
override,168.25,-1.362490614404791,0.3787549186206953,0.3883415409147006,0.0268450380407868,0.0,0.0,-0.6726070203053226,0.086364150133943,0.0,0.0,0.0,0.4999999999999537,0.8660254037844654,0.0
override,168.5,-1.3463668504742976,0.6376093986346272,0.6124621387679982,-0.1993847281219807,0.0,0.0,-0.6637030839406036,0.0596070661272771,0.0,0.0,0.0,0.8660254037844205,0.5000000000000314,0.0
override,168.75,-1.340544976330919,1.8396474743462965,2.2506786538258114,0.4168641569159889,0.0,0.0,-0.6689549453191971,0.0010692525134131,0.0,0.0,0.0,1.0,1.9106347008608474e-14,0.0
override,169.0,-1.3693850629177726,2.4092123934747542,3.09456680026223,2.1507009498045973,0.0,0.0,-0.7089806456462624,-0.1427293902699526,0.0,0.0,0.0,0.866025403784468,-0.4999999999999491,0.0
override,169.25,-1.3980512941302996,1.9852400446653824,2.3961502930016656,2.742040013262588,0.0,0.0,-0.7490127586970478,-0.1427559085088176,1.0,1.0,9.0,0.5000000000000361,-0.8660254037844178,0.0
override,169.5,-1.3996881637955527,1.6863030069322025,1.5044236094234176,1.9348702474419768,0.0,0.0,-0.764431489810597,-0.0409733321839021,1.0,0.0,9.0,2.4496649866766597e-14,-1.0,0.0
override,169.75,-1.4341226951006212,1.5525831774820116,1.1159581829035523,3.1512678982818496,0.0,0.0,-0.7744950658872616,-0.0188284080258413,1.0,0.0,9.0,-0.4999999999999444,-0.8660254037844708,0.0
override,170.0,-1.459019824985988,1.626573987783407,1.3142889978879082,1.5155803805241057,0.0,0.0,-0.7712069171167892,0.036384360247465,1.0,0.0,9.0,-0.8660254037844152,-0.5000000000000407,0.0
override,170.25,-1.4684434308474328,1.2512046680037965,1.0545764920591352,1.2474134519656537,0.0,0.0,-0.7569584354351852,0.081708116402488,0.0,0.0,0.0,-1.0,-2.988695272492471e-14,0.0
override,170.5,-1.4745455961669804,1.4012963431915446,1.1672434389030124,1.0654451547382378,0.0,0.0,-0.755790578707392,0.0276164149396879,0.0,0.0,0.0,-0.866025403784445,0.4999999999999889,0.0
override,170.75,-1.4635414709684935,1.886070927740348,1.5031062603290632,1.8167585143370053,0.0,0.0,-0.7720687041178679,-0.0445271455462098,0.0,0.0,0.0,-0.5000000000000454,0.8660254037844124,0.0
override,171.0,-1.4592855359398125,2.7911156803475943,2.4013428664006424,1.583601150947728,0.0,0.0,-0.7919835929722429,-0.059566084678923,0.0,0.0,0.0,-3.527725558308283e-14,1.0,0.0
override,171.25,-1.4344970044929537,1.893000737480964,1.4901297051442592,0.4767117525723317,0.0,0.0,-0.8345896865995432,-0.1533999709605382,0.0,0.0,0.0,0.4999999999999843,0.8660254037844477,0.0
override,171.5,-1.4260515728978669,2.205670351942936,1.8264942589375897,0.2917906207422227,0.0,0.0,-0.8470988740800081,-0.0289416313936464,0.0,0.0,0.0,0.8660254037844097,0.5000000000000501,0.0
override,171.75,-1.4415177378802977,3.252838498547684,3.16424823269376,0.0743740341222733,0.0,0.0,-0.8580338505602749,-0.0224318696840315,0.0,0.0,0.0,1.0,4.066755844124095e-14,0.0
override,172.0,-1.4757043912262446,1.6742905955393563,1.4870684330513433,-0.1768962419561439,0.0,0.0,-0.8834756309653145,-0.0824211828742673,0.0,0.0,0.0,0.8660254037844504,-0.4999999999999796,0.0
override,172.25,-1.4784891841438963,1.0740424923599516,0.8153857899594062,0.0167677123149554,0.0,0.0,-0.810242325667401,0.3256253207528653,1.0,1.0,2.0,0.5000000000000547,-0.8660254037844071,0.0
override,172.5,-1.4829541241248885,1.365514081644436,1.2061642501111058,0.8307349288303962,0.0,0.0,-0.7401093335154663,0.3128047396471725,1.0,0.0,2.0,4.6057861299399076e-14,-1.0,0.0
override,172.75,-1.4933934707409862,1.4318752571123532,1.213039393174392,-0.4221849467681996,0.0,0.0,-0.6954598686868857,0.2074238914796403,1.0,0.0,2.0,-0.4999999999999749,-0.8660254037844531,0.0
override,173.0,-1.5232349037396649,1.604551614850409,1.2640672666038857,-0.5448739858213667,0.0,0.0,-0.6492141859829829,0.2140246571988924,1.0,0.0,2.0,-0.8660254037844328,-0.5000000000000102,0.0
override,173.25,-1.5373334108606864,2.112607774896502,2.005966454081222,-0.5754975458126204,0.0,0.0,-0.5315567907406921,0.5093301987317852,0.0,0.0,0.0,-1.0,-5.1448164157557195e-14,0.0
override,173.5,-1.556258076432726,3.092730678024564,3.2977624423567318,-0.3546398491364431,0.0,0.0,-0.5141272036385739,0.0948627940525044,0.0,0.0,0.0,-0.8660254037844558,0.4999999999999703,0.0
override,173.75,-1.5755842042834474,3.0134099477383125,3.205695342287968,-0.5982098247516288,0.0,0.0,-0.5624948477304026,-0.177225443274789,0.0,0.0,0.0,-0.5000000000000149,0.86602540378443,0.0
override,174.0,-1.6163266239549745,1.3080614164220992,0.968907884342842,1.2683146140575503,0.0,0.0,-0.5282618337360552,0.1643492256424298,0.0,0.0,0.0,-5.6838467015715314e-14,1.0,0.0
override,174.25,-1.6356465484343423,1.1366194081612848,1.0109237017438746,-0.1855589545134694,0.0,0.0,-0.5283528995844535,0.0224104508212612,0.0,0.0,0.0,0.4999999999999656,0.8660254037844585,0.0
override,174.5,-1.6446198640898846,1.9100940358410576,1.6680739483906135,-0.9014967948672116,0.0,0.0,-0.5645779995963033,-0.1270129441249101,0.0,0.0,0.0,0.8660254037844274,0.5000000000000195,0.0
override,174.75,-1.6358969172981186,1.6417415380466536,1.4875509446578283,-0.8500807631337345,0.0,0.0,-0.6480870851399159,-0.3225442156342525,0.0,0.0,0.0,1.0,6.222876987387343e-14,0.0
override,175.0,-1.6289956436110593,0.6706882039593978,0.6134731187939292,-0.1929505696108094,0.0,0.0,-0.6990363573608503,-0.187901130295911,0.0,0.0,0.0,0.8660254037844611,-0.499999999999961,0.0
override,175.25,0.1257151908847868,14.352205633164797,9.761903436619434,31.52081845796641,0.0,0.0,-0.6938250862215065,0.0443369589513304,1.0,1.0,9.0,0.5000000000000242,-0.8660254037844247,0.0
override,175.5,3.0714874762981297,17.32587992469442,12.446648894657782,32.89035264687727,1.0,1.0,-0.6263415376350879,0.3018486185983321,1.0,0.0,9.0,6.761907273203155e-14,-1.0,0.0
override,175.75,3.0612428412145585,5.703003006499924,6.012198664791065,3.5328961371075924,0.0,0.0,-0.6468618418280968,-0.0620696306389992,1.0,0.0,9.0,-0.4999999999999563,-0.8660254037844639,0.0
override,176.0,2.997290850130478,4.239585100506551,4.100379840451462,2.121176710584042,0.0,0.0,-0.7506714938772118,-0.406492206408305,1.0,0.0,9.0,-0.866025403784422,-0.5000000000000289,0.0
override,176.25,2.69895247885428,8.72520019100904,11.11297129007582,7.370297984270405,0.0,0.0,-0.7223611540564283,0.1398574659299462,0.0,0.0,0.0,-1.0,-1.6165956729381652e-14,0.0
override,176.5,1.9626649416936592,16.612750881555705,21.953975678016867,13.166672534879352,0.0,1.0,-0.6655933521552668,0.2575362885149707,0.0,0.0,0.0,-0.8660254037844666,0.4999999999999516,0.0
override,176.75,0.9987487069963056,15.310792923945312,21.101557229329256,15.073015791581383,0.0,0.0,-0.6568520357994463,0.0589345911496459,0.0,0.0,0.0,-0.5000000000000335,0.8660254037844193,0.0
override,177.0,0.4092150868616033,11.336641677207403,15.521214320383086,8.995614846727392,0.0,0.0,-0.6015751484602955,0.2513709787014421,0.0,0.0,0.0,-2.1556259587539768e-14,1.0,0.0
override,177.25,-0.1174857282300317,8.488879811813634,10.94084333424217,7.453791735123962,0.0,0.0,-0.4884071287271328,0.4907654924848239,0.0,0.0,0.0,0.4999999999999469,0.8660254037844692,0.0
override,177.5,-0.5802292608674064,7.7127454363802626,8.930477472445604,6.859057766098288,0.0,0.0,-0.4815327568024047,0.0512143024653605,0.0,0.0,0.0,0.8660254037844166,0.5000000000000382,0.0
override,177.75,-0.7686373255644217,7.032741694937236,7.571894964033795,5.467837295731199,0.0,0.0,-0.5652842906292957,-0.3235468007710927,0.0,0.0,0.0,1.0,2.6946562445697887e-14,0.0
override,178.0,-0.8340502060744384,7.96991485360987,8.646429470969517,2.936275630326274,0.0,0.0,-0.5418849847903249,0.1195490949648052,0.0,0.0,0.0,0.866025403784472,-0.4999999999999422,0.0
override,178.25,-0.759116716809906,9.018526809816947,9.93231621294706,7.480070609972527,0.0,0.0,-0.4498443349849237,0.4033984598803399,1.0,1.0,1.0,0.5000000000000429,-0.866025403784414,0.0
override,178.5,-0.6584806108250225,11.14303784284069,13.058620782426786,5.985672821612535,0.0,0.0,-0.5133860281568825,-0.239973984397447,1.0,0.0,1.0,3.2336865303856006e-14,-1.0,0.0
override,178.75,-0.6951985624701529,10.55483013862293,12.142334256640344,5.048780119841069,0.0,0.0,-0.5026463186385699,0.0671984536739916,1.0,0.0,1.0,-0.4999999999999868,-0.8660254037844463,0.0
override,179.0,-0.7771803236487954,7.84250419865346,9.443736973943372,1.9537752232848349,0.0,0.0,-0.4512750378434222,0.2352203051705243,1.0,0.0,1.0,-0.8660254037844112,-0.5000000000000475,0.0
override,179.25,-0.7180928293806262,5.540613669287793,6.9723027452171324,1.3252619219714288,0.0,0.0,1.396540395788195,7.663972459822976,0.0,0.0,0.0,-1.0,-3.7727168162014125e-14,0.0
override,179.5,-0.6313445699260805,5.658892833313694,6.872178091349467,3.642895770306578,0.0,0.0,2.810419695972365,5.869536500742694,0.0,0.0,0.0,-0.8660254037844489,0.4999999999999822,0.0
override,179.75,-0.5586097491175804,4.921790117975583,4.987850934644991,2.7575786755513256,0.0,0.0,4.106952629759939,5.384279516364451,0.0,0.0,0.0,-0.5000000000000522,0.8660254037844085,0.0
override,180.0,-0.5380473389358809,4.383401290847771,3.94929812670692,1.385725732136801,0.0,0.0,5.340902257910633,5.125481676275087,0.0,0.0,0.0,-4.311747102017224e-14,1.0,0.0
override,180.25,-0.4738682726700904,3.55348091830443,3.1120401271861984,0.538341219838995,0.0,0.0,3.7584464999233886,-6.521068842766593,0.0,0.0,0.0,0.4999999999999775,0.8660254037844516,0.0
override,180.5,-0.3969809347140138,3.158375495941117,3.085409130159248,0.443668517637601,0.0,0.0,2.5831055239401306,-4.837545973865985,0.0,0.0,0.0,0.8660254037844058,0.5000000000000568,0.0
override,180.75,-0.3725987088391612,2.211786099822983,2.1905070675428973,-0.1112381238038207,0.0,0.0,2.862028342928274,1.1762036232306072,0.0,0.0,0.0,1.0,4.850777387833036e-14,0.0
override,181.0,-0.3071462172853436,1.5186217352026266,1.2947341196983924,0.10166459431883,0.0,0.0,5.028525659251578,8.981802863265568,0.0,0.0,0.0,0.8660254037844544,-0.4999999999999728,0.0
override,181.25,-0.2124739599791127,1.4418286685072492,1.3030799516121565,0.5558156932411192,0.0,0.0,5.931555147442313,3.757042975375925,1.0,1.0,10.0,0.5000000000000123,-0.8660254037844315,0.0
override,181.5,-0.1079974166370335,1.5348337484671724,1.301658558724764,0.5001727221630787,0.0,0.0,4.29701396839686,-6.736455267833696,1.0,0.0,10.0,5.389807673648848e-14,-1.0,0.0
override,181.75,-0.0463420853997779,1.3077820898969654,1.1222370828206585,-0.0507036450617533,0.0,0.0,3.472134291395241,-3.3882996247259896,1.0,0.0,10.0,-0.4999999999999682,-0.866025403784457,0.0
override,182.0,0.0026026973614395,0.7567360626024384,0.6418357154000529,-0.3082743612506293,0.0,0.0,1.513645435467586,-8.076061065672477,1.0,0.0,10.0,-0.8660254037844288,-0.500000000000017,0.0
override,182.25,0.0388789666307861,0.4013506262560499,0.3247865490515211,-0.2109777297704497,0.0,0.0,-0.6079821759584131,-8.750681192049415,0.0,0.0,0.0,-1.0,-5.928837959464662e-14,0.0
override,182.5,0.085767401969723,1.055616184410607,0.967496511843848,-0.0496394773538005,0.0,0.0,-0.781564073260197,-0.6950181349417963,0.0,0.0,0.0,-0.8660254037844597,0.4999999999999635,0.0
override,182.75,0.1378647136978418,0.6532597233198417,0.4625183823634701,-0.0373287971871256,0.0,0.0,-0.7773958937692301,0.0400235104546728,0.0,0.0,0.0,-0.5000000000000216,0.8660254037844262,0.0
override,183.0,0.1705632412644556,-0.2074217478143644,-0.1920827138228386,-0.1967547326788541,0.0,0.0,-0.7169784723693783,0.2726283906945742,0.0,0.0,0.0,-6.467868245280474e-14,1.0,0.0
override,183.25,0.2032439877873089,0.0124853453294173,-0.0182678656123483,-0.3267164780463373,0.0,0.0,2.962601240633976,15.238782294970072,0.0,0.0,0.0,0.4999999999999588,0.8660254037844624,0.0
override,183.5,0.2174466814488898,-0.232028337191085,-0.3221446731100819,-0.2551293860481325,0.0,0.0,5.064941424785056,8.716496851326259,0.0,0.0,0.0,0.8660254037844235,0.5000000000000263,0.0
override,183.75,0.2050443993734912,-0.6274039770306125,-0.6014586042255768,-0.6433394094373514,0.0,0.0,3.858773254444421,-4.965024240386359,0.0,0.0,0.0,1.0,7.006898531096286e-14,0.0
override,184.0,0.1974054376300555,-0.7646677057536334,-0.720260775065242,-0.678389530103007,0.0,0.0,2.520643139323571,-5.510720347927633,0.0,0.0,0.0,0.8660254037844651,-0.4999999999999541,0.0
override,184.25,0.1991596586333638,-0.8736890637178815,-0.797177392533815,-1.1321741583214469,0.0,0.0,0.0549984710985817,-10.173278965488423,1.0,1.0,6.0,0.500000000000031,-0.8660254037844207,0.0
override,184.5,0.2041592763923558,-0.7685295437183816,-0.7231942273035757,-0.9730184867278452,0.0,0.0,-0.7709651949551805,-3.392782194358901,1.0,0.0,6.0,1.8615869308312943e-14,-1.0,0.0
override,184.75,0.629163969912119,16.44900713860546,17.302077278709938,26.36176070815128,1.0,1.0,-0.769420009618251,0.0291767644299338,1.0,0.0,6.0,-0.4999999999999495,-0.8660254037844678,0.0
override,185.0,0.7088790702912207,-0.8781576697895216,-0.7820865666799578,-0.774281642216672,0.0,0.0,-0.7808766268703451,-0.024588986564925,1.0,0.0,6.0,-0.8660254037844181,-0.5000000000000356,0.0
override,185.25,0.7037764983966862,-0.6345690221865411,-0.6215256215936926,-0.274153834636902,0.0,0.0,-0.8447689686721784,-0.2414240054073373,0.0,0.0,0.0,-1.0,-2.4006172166471062e-14,0.0
override,185.5,0.6994013888617078,-0.3601473382354663,-0.4076238740699735,0.0033587751147981,0.0,0.0,-0.8717065167329223,-0.0886065614609759,0.0,0.0,0.0,-0.8660254037844705,0.4999999999999448,0.0
override,185.75,0.6866727614580668,-0.3645588152156598,-0.3807522403323561,-0.3195388972185902,0.0,0.0,0.2713621750478144,4.749665956755412,0.0,0.0,0.0,-0.5000000000000403,0.8660254037844154,0.0
override,186.0,0.6766460543776024,-0.236016442041554,-0.2784932073233178,-0.4378516210396654,0.0,0.0,3.115469617332131,11.78389257771572,0.0,0.0,0.0,-2.939647502462918e-14,1.0,0.0
override,186.25,0.6724684487382495,-0.3881892241351913,-0.3848715048880516,-0.7864622633434151,0.0,0.0,4.164393933819505,4.360355089671284,0.0,0.0,0.0,0.4999999999999401,0.8660254037844732,0.0
override,186.5,0.6760181872154293,-0.4204629785572988,-0.5062384694979598,-0.2401873095299529,0.0,0.0,2.365826833261107,-7.414744050668496,0.0,0.0,0.0,0.8660254037844127,0.500000000000045,0.0
override,186.75,-0.0250164107957412,16.39477800113467,16.191179982674406,18.06335392239713,1.0,1.0,0.1625824183658645,-9.088187372617655,0.0,0.0,0.0,1.0,3.47867778827873e-14,0.0
override,187.0,-0.1994252787921936,-0.2549630028099759,-0.1327465578417783,-0.4017640180670117,0.0,0.0,0.9291546229795392,3.192757501880671,0.0,0.0,0.0,0.8660254037844475,-0.4999999999999847,0.0
override,187.25,-0.1928676887621786,-0.3402613108631941,-0.4339216503352062,-0.0713713096619951,0.0,0.0,3.766928415933239,11.757701331504506,1.0,1.0,3.0,0.5000000000000496,-0.86602540378441,0.0
override,187.5,-0.1776747708372184,-0.3929846912424336,-0.4159973124869229,-0.550758279158165,0.0,0.0,3.2343183562926385,-2.1796906366414257,1.0,0.0,3.0,4.0177080740945425e-14,-1.0,0.0
override,187.75,-0.1696549114641785,-0.6897156114135785,-0.5670695828250005,-0.3835162833951114,0.0,0.0,0.6215018941194131,-10.78187165659478,1.0,0.0,3.0,-0.49999999999998,-0.8660254037844501,0.0
override,188.0,-0.1582102634921131,-0.5209048648827685,-0.4779644836023091,-0.8242241749824728,0.0,0.0,-0.6842343819051518,-5.376763608106903,1.0,0.0,3.0,-0.8660254037844073,-0.5000000000000543,0.0
override,188.25,-0.1379407269807517,-0.5289410172994686,-0.5631576614917325,-0.4252351121492604,0.0,0.0,-0.9452787239892856,-1.0566975248088073,0.0,0.0,0.0,-1.0,-4.5567383599103544e-14,0.0
override,188.5,-0.1192368765019801,-0.3566256040851664,-0.4880170790845107,-0.1623913984522925,0.0,0.0,-0.9575621142531268,-0.0280079026401755,0.0,0.0,0.0,-0.8660254037844528,0.4999999999999754,0.0
override,188.75,-0.1081750814690319,-0.2876465025880425,-0.4004301317173084,-0.42862102239957,0.0,0.0,-0.9026435651296814,0.2498891593040435,0.0,0.0,0.0,-0.500000000000059,0.8660254037844046,0.0
override,189.0,-0.1057563540680719,0.3598372682383751,0.1648867485163482,2.607898502829698,0.0,0.0,-0.8517962879885865,0.2330534171723948,0.0,0.0,0.0,-5.0957686457261663e-14,1.0,0.0
override,189.25,-0.0549914138351141,9.39679214056777,7.832018701761276,39.82542266286792,1.0,0.0,-0.8783523555017868,-0.0870290426524743,0.0,0.0,0.0,0.4999999999999707,0.8660254037844556,0.0
override,189.5,-0.0622200806270271,0.5734618089377704,0.7043976011084093,2.6739437007322304,0.0,0.0,-0.9321368913626624,-0.1996256644769285,0.0,0.0,0.0,0.8660254037844304,0.5000000000000144,0.0
override,189.75,-0.0674277936010897,0.2747198856730374,0.3804495975715109,2.090930099916796,0.0,0.0,-0.9259950511608096,0.0481850980194169,0.0,0.0,0.0,1.0,5.6347989315419776e-14,0.0
override,190.0,-0.0670603808153792,0.2419908029894719,0.3147299362410378,1.4501129960582655,0.0,0.0,-0.9064181148821976,0.103742627470362,0.0,0.0,0.0,0.8660254037844582,-0.499999999999966,0.0
override,190.25,-0.0731348342397676,0.2609036227882309,0.3579352814127776,0.3358305998829788,0.0,0.0,-0.861367373298046,0.2090832726287015,1.0,1.0,2.0,0.5000000000000191,-0.8660254037844276,0.0
override,190.5,-0.0645406862832274,0.4625687341629132,0.5405016026683864,0.0162289838732174,0.0,0.0,-0.6638815377901633,0.8394410439196027,1.0,0.0,2.0,6.17382921735779e-14,-1.0,0.0
override,190.75,-0.0776587386583785,1.2750380594723871,1.469034536295276,0.9897488349665758,0.0,0.0,-0.177280466328454,2.035005864926511,1.0,0.0,2.0,-0.4999999999999613,-0.8660254037844609,0.0
override,191.0,-0.1104382253328421,2.120468711781975,2.710567153963557,2.0750187564661564,0.0,0.0,0.4240340974822411,2.5093752474145234,1.0,0.0,2.0,-0.8660254037844249,-0.5000000000000238,0.0
override,191.25,-0.1391335303654395,0.7368745073991888,0.8462340500827495,0.3100465303272208,0.0,0.0,0.6375555655811845,0.9057524513596656,0.0,0.0,0.0,-1.0,-6.712859503173602e-14,0.0
override,191.5,-0.1463422758777906,0.178141246524448,0.2015014777870376,-0.0681629912334173,0.0,0.0,0.734510748500693,0.4237213006449086,0.0,0.0,0.0,-0.8660254037844636,0.4999999999999567,0.0
override,191.75,-0.1304883253573429,0.1776955185053771,0.3201626521211782,0.1768868205195217,0.0,0.0,0.8026122581815547,0.3044040444403142,0.0,0.0,0.0,-0.5000000000000284,0.8660254037844223,0.0
override,192.0,-0.118132737407653,0.2597224904541068,0.3913890352999615,0.5379489417727153,0.0,0.0,0.4944128684359207,-1.2516956055256512,0.0,0.0,0.0,-1.567547902908612e-14,1.0,0.0
override,192.25,-0.1175116174335712,-0.1404251930484061,0.1654563496258466,1.7829077334329442,0.0,0.0,0.7274782192277066,0.9865713626714852,0.0,0.0,0.0,0.499999999999952,0.8660254037844664,0.0
override,192.5,-0.1937605958054549,1.9975700513700196,2.887961640034894,7.056362817743223,0.0,0.0,1.3409617305356645,2.559696931390842,0.0,0.0,0.0,0.8660254037844195,0.5000000000000331,0.0
override,192.75,-0.3687505627248444,3.391414252521721,4.256327667151722,6.5936875302610085,0.0,0.0,1.9966802306309428,2.7343493209238727,0.0,0.0,0.0,1.0,2.1065781887244243e-14,0.0
override,193.0,-0.317469262067852,4.901523306340394,5.475299479750732,7.579482832197841,0.0,0.0,3.108445490547718,4.6202183273703055,0.0,0.0,0.0,0.866025403784469,-0.4999999999999474,0.0
override,193.25,1.2659698503794037,14.598357528136074,12.81091852811124,40.19915661443164,1.0,1.0,2.469428969511968,-2.6197083394517637,1.0,1.0,1.0,0.5000000000000377,-0.8660254037844168,0.0
override,193.5,1.2532543160428322,0.0162573320504392,-0.0906815921915825,0.3987006694161169,0.0,0.0,1.6810112155785506,-3.2375203260052365,1.0,0.0,1.0,2.6456084745402362e-14,-1.0,0.0
override,193.75,1.2215314793445968,-0.362479011184839,-0.3689098353863161,-0.266260362161623,0.0,0.0,3.8426682048774343,8.961786883500704,1.0,0.0,1.0,-0.4999999999999427,-0.8660254037844717,0.0
override,194.0,1.2065980878283635,-0.5655602921577624,-0.6519210513002409,-0.3944758364276668,0.0,0.0,3.769398233402343,-0.2802028822963069,1.0,0.0,1.0,-0.8660254037844142,-0.5000000000000424,0.0
override,194.25,1.1819955990177256,-0.8480829231772293,-0.779850758363077,-0.7872261895239642,0.0,0.0,1.2548770220688452,-10.375395866454143,0.0,0.0,0.0,-1.0,-3.1846387603560475e-14,0.0
override,194.5,1.1644512394548645,-0.5864200694962998,-0.5559531967423659,-0.2402568549663712,0.0,0.0,0.4685596372639758,-3.2288347669998947,0.0,0.0,0.0,-0.8660254037844745,0.499999999999938,0.0
override,194.75,1.142039098608889,-0.4499745092873038,-0.4616719879362124,-0.2631923151725565,0.0,0.0,0.2810233924032383,-0.752722900955072,0.0,0.0,0.0,-0.5000000000000471,0.8660254037844115,0.0
override,195.0,1.1205007344678033,-0.4809776739724558,-0.3949943084590497,-0.2513654071828753,0.0,0.0,0.0196677772633945,-1.0579847178337836,0.0,0.0,0.0,-3.7236690461718594e-14,1.0,0.0
override,195.25,1.12647423577435,-0.4010227306495658,-0.4604512964505013,-0.4057280979581196,0.0,0.0,2.0263938894229576,8.321108415676552,0.0,0.0,0.0,0.4999999999999826,0.8660254037844487,0.0
override,195.5,1.1324352545565388,-0.4091842212257684,-0.4376020475995202,-0.2986855172757919,0.0,0.0,7.053692030442731,20.811939779539628,0.0,0.0,0.0,0.8660254037844087,0.5000000000000517,0.0
override,195.75,1.1735723830035207,0.5264995254931012,0.2309650943634124,1.133457897143254,0.0,0.0,8.305106737953304,5.197704208615448,0.0,0.0,0.0,1.0,4.2626993319876725e-14,0.0
override,196.0,1.1684928330018474,1.2818500290467685,1.1670901650876313,1.709731484507613,0.0,0.0,4.248922766693776,-16.75056234823148,0.0,0.0,0.0,0.8660254037844514,-0.4999999999999779,0.0
override,196.25,1.147519039281926,-0.269444709211033,-0.5015137326154505,-0.6634522961128998,0.0,0.0,3.663851093790568,-2.396632711876992,1.0,1.0,3.0,0.5000000000000564,-0.8660254037844061,0.0
override,196.5,1.1465225263332604,0.1000211800065851,0.0179984919383064,-0.6195028200646128,0.0,0.0,2.765713446605643,-3.691239909836115,1.0,0.0,3.0,4.8017296178034844e-14,-1.0,0.0
override,196.75,1.1363043766975098,0.5865237668340048,0.3049391638860342,0.3402552255434627,0.0,0.0,3.19364024217226,1.7923728541590347,1.0,0.0,3.0,-0.4999999999999732,-0.866025403784454,0.0
override,197.0,1.1330512850065186,0.6365445083339792,0.7075112980875584,-0.442288047579687,0.0,0.0,4.657505906971687,6.076242795092291,1.0,0.0,3.0,-0.8660254037844034,-0.5000000000000611,0.0
override,197.25,1.1111922844213746,0.6006257008985005,0.3455790793833332,0.4428850091173991,0.0,0.0,4.119333859084686,-2.202690868574245,0.0,0.0,0.0,-1.0,-5.3407599036192963e-14,0.0
override,197.5,1.0492957876202569,0.6324994038673318,0.3386369946670284,0.2484335362700448,0.0,0.0,5.953843510641056,7.608949676562634,0.0,0.0,0.0,-0.8660254037844568,0.4999999999999686,0.0
override,197.75,0.993880221277467,0.9335157290842816,0.7466205102917801,0.2820024541163202,0.0,0.0,4.777722420535513,-4.840771943600504,0.0,0.0,0.0,-0.5000000000000165,0.866025403784429,0.0
override,198.0,0.9696137702202422,0.1418296696318028,0.2036048244420974,0.0989823963646023,0.0,0.0,1.2261305508414728,-14.663946042455091,0.0,0.0,0.0,-5.879790189435109e-14,1.0,0.0
override,198.25,0.672963331737761,6.192152656201029,5.953830016226787,11.529713517468087,0.0,0.0,-0.6905083746186926,-7.90300098994369,0.0,0.0,0.0,0.4999999999999639,0.8660254037844595,0.0
override,198.5,-0.2461258078144643,12.228472756754428,12.186628676788754,18.29113597973141,1.0,1.0,-0.9586786357299456,-1.0861650071366085,0.0,0.0,0.0,0.8660254037844264,0.5000000000000212,0.0
override,198.75,-0.2948270652952,2.060571797497327,2.5282922692885896,1.1888068717950329,0.0,0.0,-0.971551216141508,-0.03044435332108,0.0,0.0,0.0,1.0,6.418820475250921e-14,0.0
override,199.0,-0.4047289772294623,2.16059143783206,2.9214134403447445,1.122754434865138,0.0,0.0,3.521161546719698,18.601293668681844,0.0,0.0,0.0,0.8660254037844621,-0.4999999999999592,0.0
override,199.25,-0.4832192259740893,1.5232892979073025,1.7971014240042404,1.1271904074050727,0.0,0.0,5.589177502110005,8.574557460691283,1.0,1.0,2.0,0.5000000000000259,-0.8660254037844237,0.0
override,199.5,-0.5382407570567802,2.18189633298224,2.487581674242179,0.8288713253579756,0.0,0.0,2.334296432698734,-13.436971636694135,1.0,0.0,2.0,6.957850761066731e-14,-1.0,0.0
override,199.75,-0.563214742521398,2.3157180618861988,2.447455670082192,0.4569354404294566,0.0,0.0,0.2607593636814609,-8.55181460330901,1.0,0.0,2.0,-0.4999999999999546,-0.8660254037844649,0.0
override,200.0,-0.5840360471214787,1.839328641635468,1.5163628232827375,0.8275124171796064,0.0,0.0,-0.8082249517779488,-4.397734210288106,1.0,0.0,2.0,-0.866025403784421,-0.5000000000000305,0.0
override,200.25,-0.586519099081849,1.9012886624482903,1.743829019793032,1.2339332217826513,0.0,0.0,-0.3982224167209413,1.7182514913150695,0.0,0.0,0.0,-1.0,-1.8125391608017412e-14,0.0
override,200.5,-0.5310740894238818,2.5949752670614985,2.755981117485718,2.324836396666766,0.0,0.0,0.5289489239160552,3.8568756576746175,0.0,0.0,0.0,-0.8660254037844676,0.4999999999999499,0.0
override,200.75,-0.3746456893637251,3.498150626519682,3.6716249053407375,2.874807425861852,0.0,0.0,1.1324046156605565,2.518229354416144,0.0,0.0,0.0,-0.5000000000000352,0.8660254037844183,0.0
override,201.0,-0.2308989330384136,3.85828903564232,4.250963373491156,1.821059049018937,0.0,0.0,0.5028440075784827,-2.580605741345432,0.0,0.0,0.0,-2.351569446617553e-14,1.0,0.0
override,201.25,-0.1792999511831991,2.4805943629192053,2.6423857977765595,0.4181246311502373,0.0,0.0,0.1223705663066312,-1.550567137464515,0.0,0.0,0.0,0.4999999999999452,0.8660254037844702,0.0
override,201.5,-0.1811884293856095,2.2860406516246163,2.367676345906022,0.5197264985635389,0.0,0.0,2.501609298738619,9.861542570623484,0.0,0.0,0.0,0.8660254037844156,0.5000000000000399,0.0
override,201.75,-0.1644458603959157,2.4563234786457726,2.496332502732362,1.1244733309309862,0.0,0.0,6.364336962459496,15.996145517959636,0.0,0.0,0.0,1.0,2.8905997324333656e-14,0.0
override,202.0,-0.1775826513326388,2.66023159041827,2.754598051866041,1.9264067733729453,0.0,0.0,6.056887740234996,-1.2485934725814272,0.0,0.0,0.0,0.8660254037844729,-0.4999999999999406,0.0
override,202.25,-0.1759445158993803,1.9367242354063603,2.051294500672267,1.3926225299773785,0.0,0.0,3.782753886605781,-9.38133317951936,1.0,1.0,9.0,0.5000000000000445,-0.866025403784413,0.0
override,202.5,-0.1772247517651848,2.6685410959005185,2.77264793599904,2.9452468162303678,0.0,0.0,1.9537723313895263,-7.540515533859548,1.0,0.0,9.0,3.429630018249177e-14,-1.0,0.0
override,202.75,-0.1796438869095471,2.8053159993276937,2.9802227734879967,3.107233840699501,0.0,0.0,0.2718745782042632,-6.932286711645966,1.0,0.0,9.0,-0.4999999999999359,-0.8660254037844757,0.0
override,203.0,-0.1738803107780665,2.715934050086191,2.9526831123836703,3.5008811722536555,0.0,0.0,-0.042452924376731,-1.277036906204415,1.0,0.0,9.0,-0.8660254037844103,-0.5000000000000492,0.0
override,203.25,-0.1842153514617651,2.3932697073597318,2.4467269420969746,2.1054205931085543,0.0,0.0,-0.4191964369388971,-1.5351429363308335,0.0,0.0,0.0,-1.0,-3.968660304064989e-14,0.0
override,203.5,-0.1742263374106514,2.6746168674471367,2.779046595815008,0.7741528984658891,0.0,0.0,-0.5360578951840161,-0.4604647349990663,0.0,0.0,0.0,-0.8660254037844499,0.4999999999999804,0.0
override,203.75,-0.1476305048010492,2.504927245142776,2.6220172330971208,1.2974856924519993,0.0,0.0,-0.1190667722990846,1.7471510743066678,0.0,0.0,0.0,-0.5000000000000538,0.8660254037844075,0.0
override,204.0,-0.1250989792619378,2.392953536275225,2.4256792104643217,2.560733980335546,0.0,0.0,0.5812529759995091,2.918786793231273,0.0,0.0,0.0,-4.507690589880801e-14,1.0,0.0
override,204.25,-0.0823202446775219,1.9537972310193288,2.0205848444973724,4.098157577972193,0.0,0.0,0.9845074455850968,1.6903465292646802,0.0,0.0,0.0,0.4999999999999758,0.8660254037844526,0.0
override,204.5,-0.0627989018110098,2.1227672443691405,2.233921777169179,1.8599825774296148,0.0,0.0,1.1750885045960442,0.810888042036404,0.0,0.0,0.0,0.8660254037844048,0.5000000000000585,0.0
override,204.75,-0.071898996172742,2.029435845274183,2.066106111638184,2.5188275374284315,0.0,0.0,0.680210629530471,-2.023658484448498,0.0,0.0,0.0,1.0,5.046720875696613e-14,0.0
override,205.0,-0.1136921606308637,2.1115708640415978,2.175140701612694,3.5842121480814813,0.0,0.0,0.0330482878981369,-2.6533933734188557,0.0,0.0,0.0,0.8660254037844552,-0.4999999999999711,0.0
override,205.25,-0.1727251432290294,2.054527766331396,2.1524105694114377,2.077162011462504,0.0,0.0,5.110159383860704,21.01792898091648,1.0,1.0,6.0,0.5000000000000632,-0.8660254037844022,0.0
override,205.5,-0.2327236512308598,2.0488202710270933,2.1779246721207137,2.0888896594859867,0.0,0.0,9.226222979111894,17.043753841455345,1.0,0.0,6.0,5.585751161512426e-14,-1.0,0.0
override,205.75,-0.2846871578283889,1.3515955462647196,1.4901103485846363,1.9736224355819976,0.0,0.0,9.17059739308147,-0.2072388738228738,1.0,0.0,6.0,-0.4999999999999664,-0.866025403784458,0.0
override,206.0,-0.3231179822936336,1.202828595237171,1.2216205811494196,1.0912930229474307,0.0,0.0,8.539397193152997,-2.5873858694348355,1.0,0.0,6.0,-0.8660254037844278,-0.5000000000000187,0.0
override,206.25,-0.3592115207992724,1.0480341048873685,1.0299156207270692,1.560478543280598,0.0,0.0,6.306435140258842,-9.211077342209544,0.0,0.0,0.0,-1.0,-6.124781447328237e-14,0.0
override,206.5,-0.3849085249115002,1.0000959268894318,0.9008202407901632,2.02322129325089,0.0,0.0,5.680915372760826,-2.563895840763203,0.0,0.0,0.0,-0.8660254037844607,0.4999999999999618,0.0
override,206.75,-0.4002689767582802,0.9593165030535868,0.8572479139070208,2.522441781596448,0.0,0.0,5.081291212705679,-2.4568109367969373,0.0,0.0,0.0,-0.5000000000000233,0.8660254037844252,0.0
override,207.0,-0.3937487654305887,0.8288322345497962,0.6369234517264692,2.0448726312735697,0.0,0.0,2.2586448302101854,-11.649571590513352,0.0,0.0,0.0,-6.66381173314405e-14,1.0,0.0
override,207.25,-0.3784008599744592,0.6416553811204463,0.5416430174929482,0.082706366063783,0.0,0.0,-0.3367437555645713,-10.709802967934618,0.0,0.0,0.0,0.4999999999999571,0.8660254037844634,0.0
override,207.5,-0.361875105140626,0.8252490321654343,0.7618689169636884,1.6719313185818696,0.0,0.0,-0.5175511660898982,-0.7248974645291438,0.0,0.0,0.0,0.8660254037844225,0.500000000000028,0.0
override,207.75,-0.3376052160272962,0.7025292607133996,0.6825511417518126,2.0368531608946507,0.0,0.0,-0.1269282075592607,1.6381120276700625,0.0,0.0,0.0,1.0,7.202842018959862e-14,0.0
override,208.0,-0.3232846599781481,0.4691143924247652,0.3599684502563636,2.0764938012599896,0.0,0.0,-0.1140506053902058,0.0760391819596675,0.0,0.0,0.0,0.8660254037844661,-0.4999999999999525,0.0
override,208.25,-0.3182633915451816,0.1993394046232842,0.1700337094971435,-0.0350586360788361,0.0,0.0,0.1166866756144311,0.976944203697377,1.0,1.0,1.0,0.5000000000000326,-0.8660254037844198,0.0
override,208.5,-0.3239169863422248,0.051478843836561,0.0701410493633245,0.3607032332025085,0.0,0.0,0.5720435033709612,1.905802993588231,1.0,0.0,1.0,2.0575304186948712e-14,-1.0,0.0
override,208.75,-0.3278016396699044,0.219179992349687,0.1594535733367195,0.4233607795454148,0.0,0.0,1.9610821090164008,5.766813929163561,1.0,0.0,1.0,-0.4999999999999478,-0.8660254037844688,0.0
override,209.0,-0.3408169359426894,0.0194727955392797,-0.0526937710097809,0.5090334071270598,0.0,0.0,4.355416393543554,9.923966506806284,1.0,0.0,1.0,-0.8660254037844171,-0.5000000000000373,0.0
override,209.25,-0.3495537924202808,-0.1840496560974975,-0.1824672635001547,0.8016344721977602,0.0,0.0,4.846016889803601,2.051544500731646,0.0,0.0,0.0,-1.0,-2.5965607045106828e-14,0.0
override,209.5,-0.3499079879809373,0.2929611380979186,0.3217347218341521,0.7013944818565818,0.0,0.0,4.604353069389252,-0.9765541527560916,0.0,0.0,0.0,-0.8660254037844715,0.4999999999999431,0.0
override,209.75,-0.3436163403009117,0.4639572352036203,0.476076545266832,-0.1100099043770953,0.0,0.0,3.992415054421048,-2.507731849686444,0.0,0.0,0.0,-0.500000000000042,0.8660254037844144,0.0
override,210.0,-0.3386154819153104,0.1629992902615068,0.1707143643618195,0.0905728962806529,0.0,0.0,1.2132899262522705,-11.469600166774802,0.0,0.0,0.0,-3.135590990326495e-14,1.0,0.0
override,210.25,-0.3419399379948779,-0.457691503089723,-0.4178642814881856,0.0748175149425308,0.0,0.0,-0.6613851862642456,-7.729469981295105,0.0,0.0,0.0,0.4999999999999385,0.8660254037844741,0.0
override,210.5,-0.3520277689324826,-0.3041728408076455,-0.3021640431542666,0.463295219922875,0.0,0.0,-0.755032181575061,-0.3644670435205902,0.0,0.0,0.0,0.8660254037844117,0.5000000000000466,0.0
override,210.75,-0.3516329741877514,-0.4082469189010374,-0.3992996977479612,0.1880231967781387,0.0,0.0,-0.7463530672636414,0.0586773699214565,0.0,0.0,0.0,1.0,3.6746212761423075e-14,0.0
override,211.0,-0.3551664808554348,-0.1016451371366922,-0.0405833461346018,-0.5378115870024783,0.0,0.0,-0.7482798439922896,0.0148193207906153,0.0,0.0,0.0,0.8660254037844769,-0.4999999999999338,0.0
override,211.25,-0.3437848627204597,-0.3281822242896564,-0.303211043009966,-0.1152264113418828,0.0,0.0,-0.7427622519102939,0.0456036737329436,1.0,1.0,8.0,0.5000000000000513,-0.866025403784409,0.0
override,211.5,-0.3530591795685604,-0.053956674239687,0.0499531709341449,-0.5410772203318985,0.0,0.0,1.6414716719772502,9.8821989540851,1.0,0.0,8.0,4.2136515619581194e-14,-1.0,0.0
override,211.75,-0.3564294263517351,-0.2168510337028427,-0.0679941235178047,-0.6565370426098832,0.0,0.0,4.731174966017152,12.799493708439591,1.0,0.0,8.0,-0.4999999999999783,-0.8660254037844511,0.0
override,212.0,-0.3572285128545732,-0.2990716139245097,-0.239179716755947,-0.2836359211953203,0.0,0.0,6.174027553926402,5.989348393183221,1.0,0.0,8.0,-0.8660254037844063,-0.500000000000056,0.0
override,212.25,-0.3499562620825262,-0.7128291554077261,-0.6908399958861701,-0.5417746752510895,0.0,0.0,5.594984955420689,-2.3717009602551906,0.0,0.0,0.0,-1.0,-4.75268184777393e-14,0.0
override,212.5,-0.3561303652766151,-0.9439637351757528,-0.9053165853015288,-0.7976328800873678,0.0,0.0,4.204625033474166,-5.726703844759797,0.0,0.0,0.0,-0.8660254037844538,0.4999999999999737,0.0
override,212.75,-0.367795799030179,-0.7953822418211708,-0.8218022300400177,-0.6545814682434447,0.0,0.0,3.0908981454697573,-4.582756094588567,0.0,0.0,0.0,-0.5000000000000606,0.8660254037844036,0.0
override,213.0,-0.373462034349165,-0.8956744975696068,-0.8081497544249285,-0.9910057995434832,0.0,0.0,3.0345242627279148,-0.2103332704944905,0.0,0.0,0.0,-5.291712133589743e-14,1.0,0.0
override,213.25,-0.3636171114767256,-0.7891853291057634,-0.8035148952871838,-0.6106777495498229,0.0,0.0,3.439789283767535,1.6986606694079192,0.0,0.0,0.0,0.499999999999969,0.8660254037844565,0.0
override,213.5,-0.3598076678605131,-0.7745574980505824,-0.7849785575860493,-0.598348598323909,0.0,0.0,2.583007793331103,-3.520221713657613,0.0,0.0,0.0,0.866025403784401,0.5000000000000654,0.0
override,213.75,-0.3459613724318437,-0.764308507114501,-0.7872757130349165,-0.4956242096363603,0.0,0.0,2.8228088232004045,1.0144251038418617,0.0,0.0,0.0,1.0,5.830742419405554e-14,0.0
override,214.0,-0.3243626467779371,-0.6430722458479879,-0.6938516893601956,-0.4466018183799967,0.0,0.0,1.218530447829238,-6.611310899918774,0.0,0.0,0.0,0.8660254037844592,-0.4999999999999643,0.0
override,214.25,-0.3048080279036302,-0.6285701808235938,-0.5458319388626519,-0.7359290999680224,0.0,0.0,0.5430227370652684,-2.7706086632337814,1.0,1.0,6.0,0.5000000000000208,-0.8660254037844266,0.0
override,214.5,-0.2970050818221919,-0.5681954582053622,-0.5537262008243847,-0.4969854327570567,0.0,0.0,4.809976152152186,17.66772151250703,1.0,0.0,6.0,6.369772705221366e-14,-1.0,0.0
override,214.75,-0.299995670172529,-0.8618994146743196,-0.7639349638603393,-0.6598073003101845,0.0,0.0,4.460953753870526,-1.4205090986378983,1.0,0.0,6.0,-0.4999999999999597,-0.8660254037844619,0.0
override,215.0,-0.3067121895709666,-0.962457045932194,-0.8022854113561838,-1.0551762524504884,0.0,0.0,0.1547275229113463,-17.7845505034241,1.0,0.0,6.0,-0.8660254037844239,-0.5000000000000254,0.0
override,215.25,-0.2523089376037656,1.536200577302109,1.314409637541535,4.311322937391437,0.0,0.0,-0.9863701499480916,-4.69594123126275,0.0,0.0,0.0,-1.0,-6.908802991037178e-14,0.0
override,215.5,0.0759908939592505,7.319090596822299,6.459002945409704,15.73732115371919,1.0,0.0,-1.0131268414788734,-0.0878586738439204,0.0,0.0,0.0,-0.8660254037844646,0.499999999999955,0.0
override,215.75,0.0807387329106837,-0.9113347763386808,-0.7012326305953968,-0.6850222456863436,0.0,0.0,-1.0342149866718768,-0.0644177971798566,0.0,0.0,0.0,-0.5000000000000301,0.8660254037844213,0.0
override,216.0,0.077384800152945,-0.8486788562887868,-0.7100145844439412,-0.5840580116163107,0.0,0.0,-1.0328877381154191,0.0282755405733772,0.0,0.0,0.0,-7.44783327685299e-14,1.0,0.0
override,216.25,0.0816698822811174,-0.8844043555704195,-0.704126363627776,-0.6571506750198538,0.0,0.0,-1.0099608998378942,0.1175953217792856,0.0,0.0,0.0,0.4999999999999504,0.8660254037844674,0.0
override,216.5,0.0922417208366919,-0.7789825936816686,-0.6203384169300291,-0.2442375849230882,0.0,0.0,-0.937264526168106,0.3234049723033802,0.0,0.0,0.0,0.8660254037844186,0.5000000000000347,0.0
override,216.75,0.1088034905414844,-0.7683300315234426,-0.6282502210187652,-0.7279817702327879,0.0,0.0,-0.8236047147615447,0.4927991757739098,0.0,0.0,0.0,1.0,2.302521676588001e-14,0.0
override,217.0,0.1181560190552191,-0.86446752868468,-0.7192398810701232,-0.7307960324630536,0.0,0.0,-0.7865170878830282,0.1761537738553463,0.0,0.0,0.0,0.86602540378447,-0.4999999999999456,0.0
override,217.25,0.1379704095562313,-0.6485197465564128,-0.5450109277220619,-0.4860065588197733,0.0,0.0,-0.2299968527905905,2.324139338212142,1.0,1.0,3.0,0.5000000000000394,-0.8660254037844158,0.0
override,217.5,0.1509245324040057,-0.652906235805217,-0.5407011179519524,0.1195467547391542,0.0,0.0,2.139862640874487,9.822757039724197,1.0,0.0,3.0,2.8415519624038125e-14,-1.0,0.0
override,217.75,0.166922933231885,-0.8196964324147391,-0.6532350000369634,-0.2705396364514508,0.0,0.0,3.068281498178562,3.8620344554662944,1.0,0.0,3.0,-0.499999999999941,-0.8660254037844727,0.0
override,218.0,0.1909182006134068,-0.6415222006030359,-0.5510962054871771,0.7486381718041556,0.0,0.0,1.7407947880192012,-5.466707169218096,1.0,0.0,3.0,-0.8660254037844132,-0.5000000000000441,0.0
override,218.25,0.2059208665652076,-0.659818240857973,-0.562284016543656,-0.4273332511545314,0.0,0.0,1.5639939511659553,-0.708329266318112,0.0,0.0,0.0,-1.0,-3.3805822482196243e-14,0.0
override,218.5,0.2078412250109008,-0.3091140122053481,-0.2900221149037261,1.6675313085853023,0.0,0.0,1.757078851639889,0.8212420614662307,0.0,0.0,0.0,-0.8660254037844753,0.4999999999999363,0.0
override,218.75,0.2392988971934247,-0.2929350191814361,-0.3854901714934614,2.146732089181196,0.0,0.0,2.6424448642943035,3.684000024532223,0.0,0.0,0.0,-0.5000000000000487,0.8660254037844105,0.0
override,219.0,0.2604599652396643,-0.6326418906002665,-0.5583489225723675,-0.4325121069118534,0.0,0.0,3.777744067509534,4.717537151175557,0.0,0.0,0.0,-3.919612534035436e-14,1.0,0.0
override,219.25,0.2876556615475801,-0.3830240689889142,-0.4428876609223865,1.0086079676277924,0.0,0.0,5.292538320656779,6.286845423526297,0.0,0.0,0.0,0.4999999999999809,0.8660254037844497,0.0
override,219.5,0.2837600372772926,-0.6132841177875789,-0.4643268524177707,-0.5468184114913381,0.0,0.0,3.7248318173315536,-6.460076934291738,0.0,0.0,0.0,0.8660254037844077,0.5000000000000535,0.0
override,219.75,0.2906282450838145,-0.6547802069861032,-0.5210619628634927,-0.5147292990931973,0.0,0.0,0.3964903912449805,-13.74074884127438,0.0,0.0,0.0,1.0,4.458642819851248e-14,0.0
override,220.0,0.2827059664984912,-0.6120918900922941,-0.4954733653428849,-0.5570036340030455,0.0,0.0,-0.2701354352604435,-2.7338798193569134,0.0,0.0,0.0,0.8660254037844524,-0.4999999999999762,0.0
override,220.25,0.2893979388388183,-0.8871632953674329,-0.7599043930939477,-0.3388518642722182,0.0,0.0,-0.5625177128457666,-1.1862878354840598,1.0,1.0,3.0,0.5000000000000582,-0.8660254037844051,0.0
override,220.5,0.3061337396694005,-0.7163424659154287,-0.6269445693961058,-0.0559150271527853,0.0,0.0,-0.3927860712612187,0.7246704135144924,1.0,0.0,3.0,4.99767310566706e-14,-1.0,0.0
override,220.75,-0.81888243228581,10.427361049421751,10.61343628663139,29.42066524291714,1.0,1.0,-0.3317240809909207,0.2752938464381259,1.0,0.0,3.0,-0.4999999999999716,-0.866025403784455,0.0
override,221.0,-1.4423417025689194,0.9057712574714292,1.0643963940850056,3.6541055788845114,0.0,0.0,-0.41197857840661,-0.3090856683537031,1.0,0.0,3.0,-0.8660254037844024,-0.5000000000000628,0.0
override,221.25,-1.4435471563652953,-0.934702984599137,-0.8253625829134114,-1.3223723907211935,0.0,0.0,-0.5229178116243314,-0.4359748326198843,0.0,0.0,0.0,-1.0,-5.5367033914828726e-14,0.0
override,221.5,-1.4437755213840184,-0.7054717220243298,-0.5635786069253387,-0.9850749603859142,0.0,0.0,-0.5908419065648962,-0.2580963270985447,0.0,0.0,0.0,-0.8660254037844577,0.4999999999999669,0.0
override,221.75,-1.442869541053149,-0.6742946556981356,-0.5782312921013815,-0.909254233999375,0.0,0.0,-0.4888526237749198,0.4445385802694527,0.0,0.0,0.0,-0.5000000000000675,0.8660254037843997,0.0
override,222.0,-1.441809904136099,-1.1493922624307642,-0.9619999739302354,-1.240948196950345,0.0,0.0,-0.4909552972059877,0.0140919433182724,0.0,0.0,0.0,-6.075733677298685e-14,1.0,0.0
override,222.25,-1.440743446394076,-1.3076409052391076,-1.0991521806852025,-1.3429062532781415,0.0,0.0,-0.4302806230518936,0.2736921960732992,0.0,0.0,0.0,0.4999999999999622,0.8660254037844605,0.0
override,222.5,-1.4398966000563074,-1.2731935048567464,-1.062594366232869,-1.2569814777928163,0.0,0.0,-0.1065931756304296,1.361316714222709,0.0,0.0,0.0,0.8660254037844254,0.5000000000000229,0.0
override,222.75,-1.4385382314045092,-1.1657524765220668,-0.9958937729435128,-1.3927428744158206,0.0,0.0,0.2980421993885785,1.6960569234329022,0.0,0.0,0.0,1.0,6.614763963114497e-14,0.0
override,223.0,-1.437332551812184,-1.327822865440144,-1.11746717323303,-1.4454906394515563,0.0,0.0,0.4827170598099363,0.7864644130419024,0.0,0.0,0.0,0.8660254037844631,-0.4999999999999576,0.0
override,223.25,-1.4336429269654378,-1.0995307506426817,-0.8996801878714697,-1.1162132143289685,0.0,0.0,0.3160360579288419,-0.6664811822931245,1.0,1.0,6.0,0.5000000000000275,-0.8660254037844227,0.0
override,223.5,-1.3999552328613738,-0.0611408956345653,-0.0240914877953961,-0.3442661402591051,0.0,0.0,3.546084607073134,13.379856930199535,1.0,0.0,6.0,7.153794248930309e-14,-1.0,0.0
override,223.75,-1.3857369739351726,-0.4650449189261707,-0.4107763525573885,-0.6812544922957597,0.0,0.0,5.600153275773603,8.516881893162452,1.0,0.0,6.0,-0.4999999999999528,-0.8660254037844658,0.0
override,224.0,-1.3899636672564537,-0.8845606202751808,-0.7693545153719089,-0.929105415363495,0.0,0.0,3.7186092608659753,-7.757874634652961,1.0,0.0,6.0,-0.8660254037844201,-0.5000000000000322,0.0
override,224.25,-1.3929088771744158,-1.1745729692996585,-1.0221915552886756,-1.3460780372416408,0.0,0.0,2.9815651394575493,-3.0250773270343188,0.0,0.0,0.0,-1.0,-7.692824534746121e-14,0.0
override,224.5,-1.394813623647304,-1.0698160488736472,-0.9202695027272452,-1.130168646034179,0.0,0.0,1.4234178343588193,-6.420547225388902,0.0,0.0,0.0,-0.8660254037844686,0.4999999999999482,0.0
override,224.75,-1.398673011421056,-1.0700356945256904,-0.9136326386649528,-1.1111106579343424,0.0,0.0,-0.1995363616247455,-6.68854015438527,0.0,0.0,0.0,-0.5000000000000369,0.8660254037844174,0.0
override,225.0,0.8329353040794867,19.474741624320732,16.868403998356893,56.07202375695195,1.0,1.0,-0.6145323476449988,-1.6933266150017612,0.0,0.0,0.0,-2.5475129344811302e-14,1.0,0.0
override,225.25,1.1585868108178967,-0.908654038585448,-0.7700183773699788,-0.7902921845662423,0.0,0.0,-0.7051299934120872,-0.3518572098347036,0.0,0.0,0.0,0.4999999999999435,0.8660254037844712,0.0
override,225.5,1.151103390669569,-0.8601105024312454,-0.6979348832432025,0.0753534138946391,0.0,0.0,-0.6651750467430763,0.1880108683484205,0.0,0.0,0.0,0.8660254037844146,0.5000000000000415,0.0
override,225.75,1.1492610544353885,-0.8075716683523524,-0.672137458342728,-0.039081124257574,0.0,0.0,-0.7144140824024675,-0.1808288683937138,0.0,0.0,0.0,1.0,3.0865432202969425e-14,0.0
override,226.0,1.1315369579605472,0.2174884544508245,0.0258919566530213,0.8219278907715474,0.0,0.0,-0.8020888545574506,-0.3397703862006822,0.0,0.0,0.0,0.8660254037844739,-0.4999999999999389,0.0
override,226.25,1.1108130587541778,-0.1315585376344306,-0.248143914705949,-0.4679887554922493,0.0,0.0,-0.5522372764617188,1.055986669602001,1.0,1.0,8.0,0.5000000000000463,-0.866025403784412,0.0
override,226.5,1.063467219922013,0.7496605523867378,0.5983890695395626,0.5342350102709948,0.0,0.0,-0.3059984481592257,1.0410470330046897,1.0,0.0,8.0,3.6255735061127544e-14,-1.0,0.0
override,226.75,1.03316844288772,0.2239352439882596,0.0997816091525738,0.3453647391449089,0.0,0.0,-0.0665227135534796,1.013079925431377,1.0,0.0,8.0,-0.4999999999999342,-0.8660254037844767,0.0
override,227.0,1.027160594383094,-0.4027266664152902,-0.5313862606762295,0.7468847138950595,0.0,0.0,0.0768399038381779,0.615627811227235,1.0,0.0,8.0,-0.8660254037844093,-0.500000000000051,0.0
override,227.25,-0.8643342019935147,19.615776331657536,17.317007733914018,45.98760826246407,1.0,1.0,0.1213591571095639,0.206885433668668,0.0,0.0,0.0,-1.0,-4.1646037919285656e-14,0.0
override,227.5,-0.9666575567116024,1.6503226118796614,1.956516758212032,3.550314409802488,0.0,0.0,0.4762861852399134,1.4905003028887682,0.0,0.0,0.0,-0.8660254037844509,0.4999999999999788,0.0
override,227.75,-0.9766026376627256,0.617435097532404,0.5776319275402363,0.4399105160925135,0.0,0.0,0.6993249069064744,0.9451087084607722,0.0,0.0,0.0,-0.5000000000000556,0.8660254037844065,0.0
override,228.0,-0.980352003113223,1.174615483660998,1.347365054522094,0.6057185515658184,0.0,0.0,0.6989617664362634,0.0212853532612703,0.0,0.0,0.0,-4.7036340777443775e-14,1.0,0.0
override,228.25,-0.9934364637237096,0.0441116436898179,-0.0427136361309241,0.4959179172671704,0.0,0.0,0.4233085376968515,-1.1171089759781156,0.0,0.0,0.0,0.4999999999999741,0.8660254037844536,0.0
override,228.5,-1.0174087640229994,1.2496960607343897,1.2740401084966615,0.5407510273564691,0.0,0.0,0.3047488528236965,-0.4674873327804614,0.0,0.0,0.0,0.8660254037844038,0.5000000000000603,0.0
override,228.75,-1.004495435651949,1.8877794673837291,2.405873905478784,1.584580898372634,0.0,0.0,0.5107176972011724,0.8745204369073695,0.0,0.0,0.0,1.0,5.242664363560189e-14,0.0
override,229.0,-0.9427850320081476,1.6763198295305313,1.8239699671754197,1.900359365291841,0.0,0.0,0.3680668862190285,-0.5671102488102072,0.0,0.0,0.0,0.8660254037844562,-0.4999999999999694,0.0
override,229.25,-0.9047865112247664,1.8178387702212744,2.0061655192046537,1.940189195077596,0.0,0.0,0.2626473365518409,-0.4131495413330473,1.0,1.0,1.0,0.500000000000065,-0.8660254037844012,0.0
override,229.5,-0.9917271993492576,1.7387565022616147,1.7044396150552692,4.279898637789724,0.0,0.0,0.5326735144803455,1.139413756238857,1.0,0.0,1.0,5.781694649376001e-14,-1.0,0.0
override,229.75,-1.0795502680171143,0.9969608298465722,0.7016998627090308,2.704310536096102,0.0,0.0,0.748702721740218,0.9161225887589516,1.0,0.0,1.0,-0.4999999999999648,-0.866025403784459,0.0
override,230.0,-1.1310182054099915,0.7571467245001348,0.6385328156892013,1.4145833711694409,0.0,0.0,1.2616967891551647,2.144147596522102,1.0,0.0,1.0,-0.8660254037843985,-0.5000000000000696,0.0
override,230.25,-1.1222012196097733,1.114739917771391,0.8728181525991089,0.844907612858091,0.0,0.0,1.2087650517173103,-0.1960991267259492,0.0,0.0,0.0,-1.0,-6.320724935191813e-14,0.0
override,230.5,-1.067186165951569,1.9868150840416907,2.2589932911761315,2.692366983809707,0.0,0.0,0.6955624102844015,-2.099436040583436,0.0,0.0,0.0,-0.8660254037844617,0.4999999999999601,0.0
override,230.75,-0.9992761803940788,1.8799743175767785,2.207123869641046,2.1182764319967293,0.0,0.0,0.352317566311692,-1.396617446368348,0.0,0.0,0.0,-0.500000000000025,0.8660254037844242,0.0
override,231.0,-0.918198798599406,1.957924210588924,2.283733766751434,2.612410896768066,0.0,0.0,0.949564851132769,2.492556017320456,0.0,0.0,0.0,-6.859755221007625e-14,1.0,0.0
override,231.25,-0.9432152103484036,1.549390982854941,1.6165990744282268,1.6333951066954828,0.0,0.0,1.8549589368069967,3.766821185637929,0.0,0.0,0.0,0.4999999999999554,0.8660254037844644,0.0
override,231.5,-0.9826359121019344,2.661281373472331,2.9400738036526395,2.350876623974097,0.0,0.0,1.2224860629503418,-2.592648698881117,0.0,0.0,0.0,0.8660254037844215,0.5000000000000296,0.0
override,231.75,-1.042646288510799,3.696610253965925,4.255158546096629,1.7302137350447606,0.0,0.0,0.7695873200356325,-1.85006412699309,0.0,0.0,0.0,1.0,7.398785506823437e-14,0.0
override,232.0,-1.1214831963549703,4.36423297300899,5.030602654356492,2.320754776754736,0.0,0.0,0.8831596397917721,0.492437375611318,0.0,0.0,0.0,0.866025403784467,-0.4999999999999507,0.0
override,232.25,-1.1311335375722416,3.6599108879811273,4.1481730677837225,1.9370098042733617,0.0,0.0,1.1739560145173584,1.2253037873679915,1.0,1.0,8.0,0.5000000000000344,-0.8660254037844188,0.0
override,232.5,-1.0874316181971513,4.337511721108133,4.819441723337867,2.772800828672487,0.0,0.0,1.5954734215897046,1.7658684072984754,1.0,0.0,8.0,7.93781579263925e-14,-1.0,0.0
override,232.75,-1.046553462571571,4.36828913702185,4.714644686636466,3.222967414165924,0.0,0.0,1.729734608666758,0.5779910887311421,1.0,0.0,8.0,-0.4999999999999461,-0.8660254037844698,0.0
override,233.0,-1.023876984135418,3.941578742416385,4.3165039192352666,4.855536995909245,0.0,0.0,1.5103991489994946,-0.8842207185394629,1.0,0.0,8.0,-0.8660254037844162,-0.5000000000000391,0.0
override,233.25,-0.997507629152536,2.784168629234802,2.994905824724024,2.9895238566172297,0.0,0.0,1.033658874402525,-1.9486549067705492,0.0,0.0,0.0,-1.0,-2.7925041923742596e-14,0.0
override,233.5,-1.044136003202527,2.596745057341862,2.9116349129004453,1.722873598076792,0.0,0.0,0.8901024260446431,-0.5708552890307595,0.0,0.0,0.0,-0.8660254037844725,0.4999999999999414,0.0
override,233.75,-1.043961782980077,2.152453075934881,2.4460966950485017,1.5651133382808644,0.0,0.0,1.040748202276778,0.6457455200596773,0.0,0.0,0.0,-0.5000000000000437,0.8660254037844134,0.0
override,234.0,-1.0169700807417026,1.813025268767727,2.0845177028723043,1.6423361638104197,0.0,0.0,0.8026403104986168,-0.9618494860531686,0.0,0.0,0.0,-3.331534478190071e-14,1.0,0.0
override,234.25,-0.9698561124252674,1.185979695617467,1.3279924249226274,1.0769840835701985,0.0,0.0,0.6139461999301031,-0.7575109692943298,0.0,0.0,0.0,0.4999999999999368,0.8660254037844751,0.0
override,234.5,-0.8964432287639472,1.6965504772114195,1.82732145741346,2.735481969341746,0.0,0.0,1.0131168439322866,1.6734588748090506,0.0,0.0,0.0,0.8660254037844107,0.5000000000000484,0.0
override,234.75,-0.7896893625256673,1.898728734175952,1.9565811206660584,3.73065288297832,0.0,0.0,1.4260949632089162,1.730556286678713,0.0,0.0,0.0,1.0,3.870564764005883e-14,0.0
override,235.0,-0.6728510929203749,2.2448751952271904,2.203278178322537,4.323478754033595,0.0,0.0,1.0487744204162934,-1.5375291026700637,0.0,0.0,0.0,0.8660254037844779,-0.4999999999999321,0.0
override,235.25,-0.5784425714789722,1.8826982737128493,1.6434553385757211,3.531603412643221,0.0,0.0,3.6074650974995146,10.603621871212672,1.0,1.0,1.0,0.5000000000000531,-0.8660254037844081,0.0
override,235.5,-0.486964416761328,1.9512316988825695,1.7553724795590229,3.686940264895703,0.0,0.0,6.43082086244238,11.6980791292322,1.0,0.0,1.0,4.4095950498216956e-14,-1.0,0.0
override,235.75,-0.4029785584154717,1.7820747179105476,1.7218025890888229,3.4721889565108017,0.0,0.0,5.507552821617907,-3.795160460665538,1.0,0.0,1.0,-0.4999999999999767,-0.8660254037844521,0.0
override,236.0,-0.3512322189065733,1.5208899233292452,1.5785582175919652,2.662013058941336,0.0,0.0,3.898797694019476,-6.629823405693931,1.0,0.0,1.0,-0.8660254037844053,-0.5000000000000577,0.0
override,236.25,-0.309498640271755,0.8892437214823037,1.0247054692111106,1.6088822914816372,0.0,0.0,3.793041745871917,-0.4145406343608712,0.0,0.0,0.0,-1.0,-4.9486253356375075e-14,0.0
override,236.5,-0.280156255284346,0.9928627276801052,1.1942127451497853,1.981817827012728,0.0,0.0,2.7207323375787134,-4.411484312407596,0.0,0.0,0.0,-0.8660254037844548,0.4999999999999719,0.0
override,236.75,-0.2356152310958256,0.8963051467148423,1.070009344585596,1.3821144637287066,0.0,0.0,0.0086794698366901,-11.192239360219286,0.0,0.0,0.0,-0.5000000000000624,0.8660254037844026,0.0
override,237.0,-0.1866583082575149,0.7946840274762554,1.0020558099087205,1.1183474671418252,0.0,0.0,-0.821291707123111,-3.409354268270034,0.0,0.0,0.0,-5.4876556214533194e-14,1.0,0.0
override,237.25,-0.1275789620655488,-0.0209603899170018,0.0877196798106017,1.5700198687262232,0.0,0.0,-0.8708341805751304,-0.1820836606188053,0.0,0.0,0.0,0.4999999999999673,0.8660254037844575,0.0
override,237.5,-0.0757340956898644,0.0893364874421185,0.2261820278745705,0.7330686899472523,0.0,0.0,-0.9080460949521122,-0.1310936717832913,0.0,0.0,0.0,0.8660254037844,0.5000000000000671,0.0
override,237.75,-0.0228410375708103,-0.0076255244877544,0.1095774579689995,0.9799043454985484,0.0,0.0,-0.9617038273827804,-0.1991013001353573,0.0,0.0,0.0,1.0,6.026685907269132e-14,0.0
override,238.0,0.0353959160042294,0.3054785057734872,0.4010532455719154,2.126203265566301,0.0,0.0,0.4130457208615589,5.707725053069766,0.0,0.0,0.0,0.8660254037844602,-0.4999999999999626,0.0
override,238.25,0.0900404462545359,-0.0019926604436178,0.0525664483226278,2.50299284923745,0.0,0.0,3.7388466374380527,13.77581725256854,1.0,1.0,3.0,0.5000000000000717,-0.8660254037843973,0.0
override,238.5,0.1582906377944123,0.007024826085306,0.1509205826924755,2.6831744098555257,0.0,0.0,4.1960773664381525,1.913552050456376,1.0,0.0,3.0,6.565716193084944e-14,-1.0,0.0
override,238.75,0.1716384653703783,-0.2329438425114733,-0.1796478279464193,0.4274714375645401,0.0,0.0,2.696773665674579,-6.177213998579652,1.0,0.0,3.0,-0.499999999999958,-0.8660254037844629,0.0
override,239.0,0.1751461007075616,-0.306293616235625,-0.2409324222842732,0.1785255190020411,0.0,0.0,1.6629574709270538,-4.252305112422198,1.0,0.0,3.0,-0.8660254037844229,-0.5000000000000272,0.0
override,239.25,0.1741629739436632,-0.5109801051708703,-0.4781818833663864,0.085789951629955,0.0,0.0,0.1969167461075174,-6.039663157478212,0.0,0.0,0.0,-1.0,-7.104746478900754e-14,0.0
override,239.5,0.1649250627901167,-0.4623528610764001,-0.3408519374574471,-0.2143661730162419,0.0,0.0,-0.3200494219057817,-2.114999177432984,0.0,0.0,0.0,-0.8660254037844656,0.4999999999999533,0.0
override,239.75,0.1648851787655602,-0.1647327213914238,-0.054358363484783,-0.3548323461822833,0.0,0.0,0.222856242950318,2.26783963759625,0.0,0.0,0.0,-0.5000000000000319,0.8660254037844203,0.0
override,240.0,0.166537961266296,0.0617913325798861,0.1525789171580151,-0.1685191352516832,0.0,0.0,1.045911364900659,3.426328689275113,0.0,0.0,0.0,-7.643776764716566e-14,1.0,0.0
override,240.25,0.162732705420234,-0.0111013334601489,0.1163952877138212,-0.6311956763318334,0.0,0.0,0.6814974644370699,-1.484156863483141,0.0,0.0,0.0,0.4999999999999486,0.8660254037844682,0.0
override,240.5,0.1576077116900458,0.1919375363807427,0.303008095540939,0.4909175423975797,0.0,0.0,0.1279048520401585,-2.266458813515969,0.0,0.0,0.0,0.8660254037844176,0.5000000000000365,0.0
override,240.75,0.157978828720861,0.1476701416408647,0.2263478648793131,0.6206537504624642,0.0,0.0,0.4463769929454523,1.3397500991637334,0.0,0.0,0.0,1.0,8.182807050532378e-14,0.0
override,241.0,0.1742317603263493,0.3587120867969595,0.4416975498857909,0.6922258013695125,0.0,0.0,1.600463073874134,4.7952256549192604,0.0,0.0,0.0,0.866025403784471,-0.499999999999944,0.0
override,241.25,0.1619965863180376,-0.1952926137789494,-0.1988050301297036,0.3746033191434296,0.0,0.0,3.705751097438846,8.728686914880983,1.0,1.0,7.0,0.5000000000000412,-0.8660254037844148,0.0
override,241.5,0.1148911726296655,0.3517697967289472,0.3706788682784862,2.6766983456032976,0.0,0.0,4.723753204608394,4.232483912193426,1.0,0.0,7.0,3.0374954502673893e-14,-1.0,0.0
override,241.75,0.1128788965254808,0.4527038486138265,0.4772294866719663,2.0348975722756824,0.0,0.0,4.160019931903272,-2.308393015586917,1.0,0.0,7.0,-0.4999999999999393,-0.8660254037844737,0.0
override,242.0,0.0947614940101783,0.272666973225409,0.3231987679662362,0.7857156862262186,0.0,0.0,3.107448829955866,-4.32986140998449,1.0,0.0,7.0,-0.8660254037844122,-0.5000000000000459,0.0
override,242.25,0.1087805992409012,-0.0603643153710984,0.0214349880148912,0.7020039267302,0.0,0.0,2.66450228418781,-1.808909267889905,0.0,0.0,0.0,-1.0,-3.5765257360832006e-14,0.0
override,242.5,0.0804718995305582,0.0982793502184554,0.1910115514011964,0.4677720408122819,0.0,0.0,2.431902944583373,-0.9390702258323844,0.0,0.0,0.0,-0.8660254037844763,0.4999999999999346,0.0
override,242.75,0.0513322635773964,0.0535190384214113,0.1337089948375015,0.8396647607844814,0.0,0.0,1.4686458484735403,-3.960525345593674,0.0,0.0,0.0,-0.5000000000000505,0.8660254037844095,0.0
override,243.0,0.0043270663529425,0.1045597442924967,0.1786496920110654,1.1333347141645564,0.0,0.0,0.571724185002169,-3.6862115088040968,0.0,0.0,0.0,-4.1155560218990125e-14,1.0,0.0
override,243.25,-0.0259759766162188,-0.2128859947630791,-0.1780829163999799,1.0469959722292512,0.0,0.0,0.0151948126824623,-2.278603060566297,0.0,0.0,0.0,0.49999999999993,0.8660254037844791,0.0
override,243.5,-0.0531202121803979,0.1111666896216186,0.1733558851370686,0.6686900299709958,0.0,0.0,-0.205039769206485,-0.887938816945742,0.0,0.0,0.0,0.8660254037844068,0.5000000000000552,0.0
override,243.75,-0.0843838976413521,-0.192304133260593,-0.1447753581394196,1.0919386388468213,0.0,0.0,-0.1645935178888237,0.190042537666662,0.0,0.0,0.0,1.0,4.654586307714824e-14,0.0
override,244.0,-0.1075657519755697,0.0787111316936701,0.1401052701757436,1.2650225039134149,0.0,0.0,0.0719553975272876,1.000976785833663,0.0,0.0,0.0,0.8660254037844534,-0.4999999999999745,0.0
override,244.25,-0.1222981286181047,0.1532795555332785,0.1776045285410621,0.734344818026983,0.0,0.0,-0.0171831254218502,-0.3458233669453281,1.0,1.0,5.0,0.5000000000000598,-0.8660254037844041,0.0
override,244.5,-0.1249087377742867,0.2455732856294874,0.263250310624627,1.0895293847849667,0.0,0.0,-0.3290046140171196,-1.2666739028421068,1.0,0.0,5.0,5.193616593530636e-14,-1.0,0.0
override,244.75,-0.1309980937313316,0.1473149832560477,0.187305786927394,0.4886650652347816,0.0,0.0,2.9165291853936264,13.443892367149031,1.0,0.0,5.0,-0.4999999999999698,-0.866025403784456,0.0
override,245.0,-0.1428234365336851,0.129709302988244,0.1903827325257334,1.0057766084060251,0.0,0.0,5.666158653921635,11.393202196385923,1.0,0.0,5.0,-0.8660254037844298,-0.5000000000000153,0.0
override,245.25,-0.1585682819747933,0.0676039323418094,0.1156878842290875,0.4433248346341358,0.0,0.0,5.642212755844515,-0.076235330088872,0.0,0.0,0.0,-1.0,-4.830499326564693e-16,0.0
override,245.5,-0.1862752267819144,0.0931545386622742,0.1664334801555409,0.8006508372675715,0.0,0.0,4.778622049745713,-3.54837954725542,0.0,0.0,0.0,-0.8660254037844871,0.4999999999999159,0.0
override,245.75,-0.2156304751083792,0.1286280014582516,0.1976767394808104,0.585211875744822,0.0,0.0,2.269013551234084,-10.355080553059612,0.0,0.0,0.0,-0.5000000000000692,0.8660254037843987,0.0
override,246.0,-0.2354350213826138,0.1256044415264438,0.188575218449621,-0.082631853883807,0.0,0.0,0.90034179145421,-5.637017794029211,0.0,0.0,0.0,-6.27167716516226e-14,1.0,0.0
override,246.25,-0.2485098079175721,0.0313082436085044,0.1138638653692679,-0.5401512325839142,0.0,0.0,0.1464057300929102,-3.09492978257714,0.0,0.0,0.0,0.4999999999999605,0.8660254037844615,0.0
override,246.5,-0.261783952615471,0.2549229285086522,0.3151830134460986,0.6952210034115873,0.0,0.0,-0.4208028851846888,-2.3227644384795694,0.0,0.0,0.0,0.8660254037844245,0.5000000000000246,0.0
override,246.75,-0.2792655189801634,0.1177747378284702,0.1985594486759151,0.6469989750617798,0.0,0.0,-0.55249653140159,-0.5217995937418846,0.0,0.0,0.0,1.0,1.1263655648972708e-14,0.0
override,247.0,-0.2981265853995204,0.0905326449316423,0.1665478257280079,0.3892741019409173,0.0,0.0,-0.5765485132324369,-0.07667401331363,0.0,0.0,0.0,0.8660254037844926,-0.4999999999999066,0.0
override,247.25,-0.3124623363841002,-0.1526172717290669,-0.1062696053540603,-0.6692101338008623,0.0,0.0,-0.612483360035056,-0.1258126734958105,1.0,1.0,7.0,0.5000000000000785,-0.8660254037843933,0.0
override,247.5,-0.3284078654520787,0.0122675856216841,0.0743641377734872,0.3297284597790763,0.0,0.0,-0.682252333112636,-0.2657253660607544,1.0,0.0,7.0,7.349737736793885e-14,-1.0,0.0
override,247.75,-0.3528929854090915,-0.091064479874648,-0.0253731035106476,-0.2048075398085133,0.0,0.0,-0.6973160086399289,-0.0395050872917581,1.0,0.0,7.0,-0.4999999999999512,-0.8660254037844668,0.0
override,248.0,-0.3726924111793017,-0.088879435018832,-0.0310986423603273,-0.0241723387156063,0.0,0.0,-0.6665671178183007,0.149941492740995,1.0,0.0,7.0,-0.8660254037844191,-0.500000000000034,0.0
override,248.25,-0.3790149055648467,-0.4949915230468026,-0.3650194581657278,-0.3295807050378787,0.0,0.0,-0.0477030970446471,2.581946702541982,0.0,0.0,0.0,-1.0,-2.2044261365288943e-14,0.0
override,248.5,-0.3770049836962125,0.3237914562050542,0.4385371997981908,-0.1768183915652334,0.0,0.0,2.135254423992417,9.049869984105529,0.0,0.0,0.0,-0.866025403784441,0.4999999999999958,0.0
override,248.75,-0.3794547949182317,0.1628729706995951,0.282091190271156,-0.301439464501572,0.0,0.0,4.200696334445188,8.563913132090418,0.0,0.0,0.0,-0.5000000000000878,0.866025403784388,0.0
override,249.0,-0.3903210613828608,-0.0005449604311396,0.1301983031314525,-0.3429643274719207,0.0,0.0,3.631818550706096,-2.3296668733730863,0.0,0.0,0.0,-8.427798308425509e-14,1.0,0.0
override,249.25,-0.3959430190098316,-0.3033096385501408,-0.1759723696309355,0.1253277096000473,0.0,0.0,1.6739636475669395,-8.073439510120044,0.0,0.0,0.0,0.4999999999999419,0.8660254037844722,0.0
override,249.5,-0.3823710412331459,-0.0040265626808386,0.1785148489727343,-0.1791703301021378,0.0,0.0,0.123509006322247,-6.388736109473906,0.0,0.0,0.0,0.8660254037844136,0.5000000000000433,0.0
override,249.75,-0.3748784283895723,-0.1349577449110924,0.0341031100540826,-0.3469336310680956,0.0,0.0,-0.6963971802715074,-3.367732980600019,0.0,0.0,0.0,1.0,3.282486708160518e-14,0.0
override,250.0,-0.3707845343047356,-0.1061879078900576,0.0455149967266625,0.336479028002329,0.0,0.0,-0.8570919341034828,-0.6417265284827286,0.0,0.0,0.0,0.8660254037844465,-0.4999999999999864,0.0
override,250.25,-0.3648713611480213,-0.2916065211634003,-0.1760179156196558,-0.3659417585436815,0.0,0.0,-0.703652328709417,0.6572987121662369,1.0,1.0,1.0,0.5000000000000971,-0.8660254037843825,0.0
override,250.5,-0.3675648446859807,-0.0848740964268222,0.0027174964796308,-0.0496465536785052,0.0,0.0,-0.6912487786146815,0.0740788564115799,1.0,0.0,1.0,9.505858880057133e-14,-1.0,0.0
override,250.75,-0.3582041053021298,0.0377628121199376,0.1200141182339269,-0.0851102224774966,0.0,0.0,0.7516612751336582,5.989586029001332,1.0,0.0,1.0,-0.4999999999999325,-0.8660254037844776,0.0
override,251.0,-0.3440070230571406,0.2889494697433934,0.3918379549708811,0.2144111065335705,0.0,0.0,2.669210501574122,7.952339377749626,1.0,0.0,1.0,-0.8660254037844083,-0.5000000000000526,0.0
override,251.25,-0.3320809340342545,0.0582703618657053,0.1378244149962425,-0.4281360371977079,0.0,0.0,2.4976639320232734,-0.686601538527534,0.0,0.0,0.0,-1.0,-4.360547279792143e-14,0.0
override,251.5,-0.3300435875496335,0.2365626580868758,0.3363456240534425,-0.254306517474534,0.0,0.0,0.9734201723310376,-6.2803474671102055,0.0,0.0,0.0,-0.8660254037844518,0.4999999999999771,0.0
override,251.75,-0.314983020843824,-0.0155973124624691,0.0886524891526345,-0.0391943548154051,0.0,0.0,-0.5156476870972427,-6.134886198823573,0.0,0.0,0.0,-0.5000000000000081,0.866025403784434,0.0
override,252.0,-0.3034882056588009,0.0151914175171706,0.0882990731264867,-0.035032438488703,0.0,0.0,-0.9856035075428872,-1.9205994683004928,0.0,0.0,0.0,-1.0583919451688757e-13,1.0,0.0
override,252.25,-0.2807159544706776,0.2525996092950012,0.3193536108660768,0.2978216289063163,0.0,0.0,0.7884021941202393,7.35875049980296,0.0,0.0,0.0,0.4999999999999232,0.866025403784483,0.0
override,252.5,-0.3017449622706967,0.2876997191157622,0.3621781192526224,-0.1421054914771307,0.0,0.0,2.3814048208558227,6.610256882150763,0.0,0.0,0.0,0.8660254037844028,0.500000000000062,0.0
override,252.75,-0.3175216331444643,0.0504199700717968,0.1280022107561454,-0.1769674854192377,0.0,0.0,1.228484103225846,-4.744832519742279,0.0,0.0,0.0,1.0,5.438607851423766e-14,0.0
override,253.0,-0.3479717225382805,0.145289963116863,0.2022285663927973,0.528656343833805,0.0,0.0,-0.2279170969949392,-5.999801278655132,0.0,0.0,0.0,0.8660254037844572,-0.4999999999999677,0.0
override,253.25,-0.3560366531658837,-0.1074862653832133,-0.1003792571313102,-0.4204717594091893,0.0,0.0,-0.7522607474565849,-2.145506938304666,1.0,1.0,10.0,0.5000000000000174,-0.8660254037844286,0.0
override,253.5,-0.3906291590620941,0.2646391275297591,0.2362733474117688,0.2908812782743156,0.0,0.0,-0.6438476097085262,0.4711028496266052,1.0,0.0,10.0,2.9329625115877638e-15,-1.0,0.0
override,253.75,-0.412781263045596,0.1641449218954688,0.1657337716671264,0.0940061475799959,0.0,0.0,-0.3983429578433977,1.0380110272472292,1.0,0.0,10.0,-0.4999999999999138,-0.8660254037844883,0.0
override,254.0,-0.4429883852740953,0.2110155203975033,0.2269471639893622,0.625794869913561,0.0,0.0,-0.3158078383143033,0.3640906815618587,1.0,0.0,10.0,-0.8660254037843975,-0.5000000000000713,0.0
override,254.25,-0.4831797651828878,0.0278981109376975,0.0811177756288655,0.1549587002030747,0.0,0.0,-0.3811621962021292,-0.2474698126938065,0.0,0.0,0.0,-1.0,-6.516668423055391e-14,0.0
override,254.5,-0.5313591899941887,0.3161714416752752,0.3917510975672693,0.9495042805380952,0.0,0.0,-0.3413329031289197,0.1874912588637199,0.0,0.0,0.0,-0.8660254037844627,0.4999999999999584,0.0
override,254.75,-0.585637534025274,0.3291400587738872,0.4511827286295911,0.6936771566008998,0.0,0.0,-0.1551959199393352,0.7925106614864644,0.0,0.0,0.0,-0.5000000000000268,0.8660254037844233,0.0
override,255.0,-0.6381412987183209,0.4395066083202211,0.5474474486211801,0.8482238686454712,0.0,0.0,-0.122827529884294,0.1566385327801629,0.0,0.0,0.0,-1.3713568227904002e-14,1.0,0.0
override,255.25,-0.680029563425865,0.4129116481662587,0.4755616562430796,0.4279479707093154,0.0,0.0,1.973814191251204,8.692932261612535,0.0,0.0,0.0,0.4999999999999045,0.8660254037844938,0.0
override,255.5,-0.7287048158858315,0.7937560481052774,0.934613926138453,0.3367116241519804,0.0,0.0,5.167031450024002,13.22755020400721,0.0,0.0,0.0,0.8660254037843921,0.5000000000000806,0.0
override,255.75,-0.7907532837272223,0.6802905435617025,0.8213968046036557,0.6547157064970904,0.0,0.0,3.962232604209587,-4.959361736206354,0.0,0.0,0.0,1.0,7.594728994687013e-14,0.0
override,256.0,-0.8418994728544005,0.2896861423495029,0.4540635801941032,0.3257123665088277,0.0,0.0,0.5405079380347303,-14.126912221259738,0.0,0.0,0.0,0.866025403784468,-0.4999999999999491,0.0
override,256.25,-0.8688164459275206,-0.1300033409497368,0.0388977813874499,-0.0476019088580507,0.0,0.0,-0.643412999050484,-4.873026288921898,1.0,1.0,5.0,0.5000000000000361,-0.8660254037844178,0.0
override,256.5,-0.9137780258551004,0.2242998071718737,0.4156784105881003,0.1121075950002042,0.0,0.0,-0.4984367170628227,0.6223007235610369,1.0,0.0,5.0,2.4494173944220243e-14,-1.0,0.0
override,256.75,-0.955349008767213,0.1647037012209704,0.3671139569216069,0.2373336165038253,0.0,0.0,-0.3459985207159782,0.6531576317961687,1.0,0.0,5.0,-0.4999999999999936,-0.8660254037844423,0.0
override,257.0,-0.9946930499958282,0.155658882622374,0.3477716840784708,0.0941868096237368,0.0,0.0,-0.4328438181043651,-0.3363402976839573,1.0,0.0,5.0,-0.8660254037843867,-0.5000000000000899,0.0
override,257.25,-1.0274025563691864,-0.1386877416637875,-0.0159305587515449,-0.0774745125669831,0.0,0.0,-0.5801282224500836,-0.5862713324593082,0.0,0.0,0.0,-1.0,-8.672789566318638e-14,0.0
override,257.5,-1.0661097484038355,-0.0537744034169505,0.1530069610196545,0.3125448006419022,0.0,0.0,-0.5700848715816087,0.0643188340586398,0.0,0.0,0.0,-0.8660254037844735,0.4999999999999397,0.0
override,257.75,-1.1010144317963266,0.0444493551667161,0.2234650723052842,0.053288621264412,0.0,0.0,-0.4928892355288081,0.3420105632811879,0.0,0.0,0.0,-0.5000000000000454,0.8660254037844124,0.0
override,258.0,-1.1422896846895558,-0.0424981331910136,0.1476028162715646,0.1514828962855179,0.0,0.0,-0.5047092465147746,-0.026091711812035,0.0,0.0,0.0,-3.527477966053648e-14,1.0,0.0
override,258.25,-1.1722145150348795,-0.2999262761102511,-0.1042237487844608,-0.2466908900944174,0.0,0.0,-0.5854974397611258,-0.3112926359600711,0.0,0.0,0.0,0.4999999999999843,0.8660254037844477,0.0
override,258.5,-1.210608483405202,-0.0668715596173893,0.1451367479412678,0.277275792567234,0.0,0.0,-0.5807105660416848,0.0425819679917979,0.0,0.0,0.0,0.8660254037843813,0.5000000000000993,0.0
override,258.75,-1.2323985991868396,-0.0489268896127108,0.2086126333814914,0.2300686635608231,0.0,0.0,-0.5290647631185548,0.2363555237892213,0.0,0.0,0.0,1.0,9.750850137950261e-14,0.0
override,259.0,-1.2617031453009755,-0.0139185181491987,0.2377065913606398,0.533217897105156,0.0,0.0,1.0062127104738037,6.371548734662133,0.0,0.0,0.0,0.8660254037844788,-0.4999999999999304,0.0
override,259.25,-1.2786521151424652,-0.1797192628460108,0.0121033946730742,-0.4632552876878482,0.0,0.0,3.994487008285904,12.3800590863937,1.0,1.0,2.0,0.5000000000000547,-0.8660254037844071,0.0
override,259.5,-1.3032887109376554,-0.1074161055716673,0.1804845166729131,0.2715380858889562,0.0,0.0,2.757503852471653,-5.092452020076176,1.0,0.0,2.0,4.6055385376852725e-14,-1.0,0.0
override,259.75,-1.330067964090784,-0.1126700213914328,0.1744310289786773,0.2400613309763358,0.0,0.0,-0.3302026439544344,-12.74566238151584,1.0,0.0,2.0,-0.4999999999999749,-0.8660254037844531,0.0
override,260.0,-1.3597556170602174,-0.2887449151534909,-0.0255963470323166,0.008656204981058,0.0,0.0,-0.7119321319964534,-1.555761209395721,1.0,0.0,2.0,-0.8660254037844328,-0.5000000000000102,0.0
override,260.25,-1.3885738280112228,-0.6973318560239236,-0.5164560162727351,-0.075434634330546,0.0,0.0,-0.7392950123094271,-0.0903654181892556,0.0,0.0,0.0,-1.0,-1.0828910709581885e-13,0.0
override,260.5,-1.4208430625483464,-0.52361771445791,-0.272026666361302,0.1372179978225152,0.0,0.0,-0.7876308735405235,-0.1770940130854495,0.0,0.0,0.0,-0.8660254037844842,0.499999999999921,0.0
override,260.75,-1.447182799298654,-0.6477308356250981,-0.4299759128839717,-0.1318376944360052,0.0,0.0,-0.817388140789021,-0.1002668153900868,0.0,0.0,0.0,-0.5000000000000641,0.8660254037844016,0.0
override,261.0,-1.462918199319867,-0.1750293457290404,-0.0321492097107333,-0.0841357299674022,0.0,0.0,-0.0373550685145266,3.248421603367442,0.0,0.0,0.0,-5.6835991093168957e-14,1.0,0.0
override,261.25,-1.4693327672167278,-0.4257083592282635,-0.3797455441726264,-0.1379001384598843,0.0,0.0,3.286376489036375,13.76725992820316,0.0,0.0,0.0,0.4999999999999656,0.8660254037844585,0.0
override,261.5,-1.4750907026198488,0.0189122065145972,0.231607183251504,-0.5705605598105421,0.0,0.0,5.06800899376979,7.390289264674695,0.0,0.0,0.0,0.8660254037844274,0.5000000000000195,0.0
override,261.75,-1.4814947915590475,-0.1697536461969655,0.0138624703427906,-0.9910664253985838,0.0,0.0,2.814176163788114,-9.297383298347055,0.0,0.0,0.0,1.0,5.382875090519059e-15,0.0
override,262.0,-1.4864161358117207,-0.4659001673195799,-0.2828144423960792,-1.0695734147248428,0.0,0.0,0.7722473499101202,-8.421106452376529,0.0,0.0,0.0,0.8660254037844897,-0.4999999999999117,0.0
override,262.25,-1.484953460035988,-0.8934607737696215,-0.7216813394490952,-0.84597071089876,0.0,0.0,-0.4080313354492804,-4.857964654351626,1.0,1.0,4.0,0.5000000000000734,-0.8660254037843963,0.0
override,262.5,-1.486697767346008,-0.95712403515736,-0.7800555046772402,-0.8451455809597456,0.0,0.0,-1.0648297675435336,-2.69324105121523,1.0,0.0,4.0,6.76165968094852e-14,-1.0,0.0
override,262.75,-1.4917320412681951,-0.7716997863277569,-0.6086200223706977,-1.055069807185123,0.0,0.0,-1.0752510964117343,-0.0203078065458346,1.0,0.0,4.0,-0.4999999999999563,-0.8660254037844639,0.0
override,263.0,-1.5039440903158456,-0.1515162705208477,-0.0368761575682384,-0.118731500548897,0.0,0.0,2.621783517256589,15.310962735825637,1.0,0.0,4.0,-0.866025403784422,-0.5000000000000289,0.0
override,263.25,-1.515551299098627,-0.1708805243556075,-0.0868281515245624,-0.8439371526669404,0.0,0.0,5.3969259004371,11.498704568612176,0.0,0.0,0.0,-1.0,-1.6163480806835296e-14,0.0
override,263.5,-1.5362260286454372,-0.4269198835301409,-0.3855336874362248,-0.4956983674798643,0.0,0.0,4.138963935909632,-5.179204714383025,0.0,0.0,0.0,-0.866025403784495,0.4999999999999024,0.0
override,263.75,-1.5423886981045885,-0.8597996843221574,-0.758953272002873,-1.0751319296577002,0.0,0.0,3.652098881771091,-1.9905234378440448,0.0,0.0,0.0,-0.5000000000000827,0.8660254037843909,0.0
override,264.0,-1.5498058528015737,-0.836996836592589,-0.717142875176924,-0.9873151281560676,0.0,0.0,2.805445756987756,-3.478338353103511,0.0,0.0,0.0,-7.839720252580144e-14,1.0,0.0
override,264.25,-1.5503513347072329,-0.9935461521280676,-0.8100077962837483,-1.3443689011876727,0.0,0.0,2.19866518307288,-2.486404522991149,0.0,0.0,0.0,0.4999999999999469,0.8660254037844692,0.0
override,264.5,-1.5580635064083512,-0.8818591775647332,-0.7590475691270778,-0.7431409561321329,0.0,0.0,1.7079136791689014,-2.0065948932373856,0.0,0.0,0.0,0.8660254037844166,0.5000000000000382,0.0
override,264.75,-1.5580371968907252,-0.7829969794156825,-0.6878690623890142,-1.0211559115926447,0.0,0.0,1.788130547718588,0.3545041258478343,0.0,0.0,0.0,1.0,2.694408652315153e-14,0.0
override,265.0,-1.5511022489847544,-0.8429269561557292,-0.7048282486519003,-1.1837883161182856,0.0,0.0,1.7211096185606345,-0.2543615075423752,0.0,0.0,0.0,0.8660254037844435,-0.4999999999999915,0.0
override,265.25,-1.5448420405607797,-0.9716295344133312,-0.8303751444862247,-1.231344133467756,0.0,0.0,0.2262233316660911,-6.158946871964144,1.0,1.0,2.0,0.500000000000092,-0.8660254037843855,0.0
override,265.5,-1.5465397948228738,-0.8141750910818638,-0.7039764993918831,-1.031221754676079,0.0,0.0,-0.4167698822804488,-2.63615297313702,1.0,0.0,2.0,8.917780824211766e-14,-1.0,0.0
override,265.75,-1.5459848256744304,-0.9979762904617894,-0.8821105483038294,-1.0610891434707108,0.0,0.0,-0.354746135917666,0.2792709517842708,1.0,0.0,2.0,-0.4999999999999376,-0.8660254037844747,0.0
override,266.0,-1.545194775418247,-0.7775276190576227,-0.6144969487864175,-1.0755924790682905,0.0,0.0,-0.4374108941538902,-0.3190527080947114,1.0,0.0,2.0,-0.8660254037844112,-0.5000000000000475,0.0
override,266.25,-1.5522911471719014,-0.9695766284887298,-0.8226037565750788,-1.1289638706521754,0.0,0.0,-0.4402044718367094,0.0112348790222558,0.0,0.0,0.0,-1.0,-3.7724692239467775e-14,0.0
override,266.5,-1.5515837037382296,-0.9239125609391688,-0.8241511972399791,-0.7341893030480952,0.0,0.0,0.5645300285687773,4.177618993526192,0.0,0.0,0.0,-0.8660254037844489,0.4999999999999822,0.0
override,266.75,-1.5674413053613072,-0.5814908486484656,-0.5421801040797959,-0.8698041338191659,0.0,0.0,3.7277449668902825,13.103483000278557,0.0,0.0,0.0,-0.5000000000001014,0.8660254037843801,0.0
override,267.0,-1.581373523000034,-0.4004259145342898,-0.3303202925866106,-0.892504111584099,0.0,0.0,4.197520095685888,1.9654263249015589,0.0,0.0,0.0,-9.99584139584339e-14,1.0,0.0
override,267.25,-1.5809076372645137,-0.8306472214021919,-0.7961668015829212,-1.077243549883363,0.0,0.0,0.8851774191280916,-13.674589954650497,0.0,0.0,0.0,0.4999999999999283,0.86602540378448,0.0
override,267.5,-1.5762981552874464,-0.9029580504521744,-0.7366621064938401,-1.106255230059279,0.0,0.0,-0.7384847661422551,-6.691467869633945,0.0,0.0,0.0,0.8660254037844058,0.5000000000000568,0.0
override,267.75,-1.569800681731007,-1.0083146373865928,-0.8270347382582983,-1.1720982952185135,0.0,0.0,-0.8081615168665991,-0.2653440032423066,0.0,0.0,0.0,1.0,4.850529795578401e-14,0.0
override,268.0,-1.5657678338747825,-1.0011758102227837,-0.82326656613202,-1.3113821276670596,0.0,0.0,-0.9026146239345028,-0.3678005200680825,0.0,0.0,0.0,0.8660254037844544,-0.4999999999999728,0.0
override,268.25,-1.553083311033071,-0.8862327200307607,-0.6961821680849141,-1.039974123913378,0.0,0.0,-0.9885588168556,-0.3326140021893958,1.0,1.0,7.0,0.5000000000000123,-0.8660254037844315,0.0
override,268.5,0.649315018241565,16.403023437433536,13.81072026949026,56.266329133763215,1.0,1.0,-1.0432982783310751,-0.2035745240647927,1.0,0.0,7.0,1.1073901967475015e-13,-1.0,0.0
override,268.75,0.6576478651166201,-0.6143769417499585,-0.5710783870101794,-0.454180541197676,0.0,0.0,-1.0475867109442707,0.0050532747862484,1.0,0.0,7.0,-0.4999999999999189,-0.8660254037844854,0.0
override,269.0,0.6614944755801712,-0.7031164317868579,-0.6223245794575076,0.129048347068925,0.0,0.0,-0.994091010420429,0.2440053195067639,1.0,0.0,7.0,-0.8660254037844004,-0.5000000000000662,0.0
override,269.25,0.6617495659027819,-0.6879697928781213,-0.636705708384757,-0.3092196670944606,0.0,0.0,-0.8308046652908689,0.6980174781300196,0.0,0.0,0.0,-1.0,-5.928590367210024e-14,0.0
override,269.5,0.659609164478729,-0.965739456967308,-0.8413679980081226,-0.6194405217750116,0.0,0.0,-0.5141454127729312,1.3322533459290435,0.0,0.0,0.0,-0.8660254037844597,0.4999999999999635,0.0
override,269.75,0.6639460009449484,-0.7618118162835955,-0.6876642236924202,-0.393798229028343,0.0,0.0,-0.0455716384874513,1.960458419335719,0.0,0.0,0.0,-0.5000000000000216,0.8660254037844262,0.0
override,270.0,0.6672760033832765,-0.8679725711170165,-0.7764635278907311,-0.0457985789850096,0.0,0.0,0.2516695554616239,1.25195474927919,0.0,0.0,0.0,-7.832787669450353e-15,1.0,0.0
override,270.25,0.6690956654146156,-0.697545084776159,-0.6312889079832994,-0.2423656594348515,0.0,0.0,0.7225208955851605,1.969876731672404,0.0,0.0,0.0,0.4999999999999096,0.8660254037844909,0.0
override,270.5,0.6686019372512346,-0.7962936421496117,-0.7113519015191542,0.1225424536428213,0.0,0.0,1.8570081626840875,4.714179589425636,0.0,0.0,0.0,0.8660254037843951,0.5000000000000755,0.0
override,270.75,0.6808115297104504,-0.7445988067666194,-0.6605973810618287,-0.1063010384501932,0.0,0.0,3.2512392143052247,5.788286010090194,0.0,0.0,0.0,1.0,7.006650938841648e-14,0.0
override,271.0,0.6846918282147225,-0.7882836807715583,-0.7147534930466899,-0.3834554026591467,0.0,0.0,3.32872077831938,0.3431929479134264,0.0,0.0,0.0,0.8660254037844651,-0.4999999999999541,0.0
override,271.25,0.7194061957677564,-0.727202680099585,-0.6905791153124069,-0.0967257505995275,0.0,0.0,2.52574555407259,-3.2977191575614557,1.0,1.0,6.0,0.500000000000031,-0.8660254037844208,0.0
override,271.5,0.7374395197356571,-0.5058235520032917,-0.4775882961323848,-0.2351693000265506,0.0,0.0,1.7470773459548024,-3.197203481548713,1.0,0.0,6.0,1.8613393385766592e-14,-1.0,0.0
override,271.75,0.7726339695126037,-0.4493290951679033,-0.47273008562547,0.6429014940705312,0.0,0.0,0.904552842200574,-3.461265458119669,1.0,0.0,6.0,-0.4999999999999002,-0.8660254037844962,0.0
override,272.0,0.7756291915056202,-0.2459308986280661,-0.3101564956031515,-0.0503615496019274,0.0,0.0,2.3784900325024925,6.117891107208836,1.0,0.0,6.0,-0.8660254037843896,-0.5000000000000848,0.0
override,272.25,0.796054118763712,-0.1335523762778259,-0.1810164672230405,0.9873401799266266,0.0,0.0,3.80477732210589,5.920846683687958,0.0,0.0,0.0,-1.0,-8.084711510473273e-14,0.0
override,272.5,0.8556375818774942,0.1560183375658217,0.0572986010956372,0.6006899325689873,0.0,0.0,4.580963872622537,3.232515260411324,0.0,0.0,0.0,-0.8660254037844705,0.4999999999999448,0.0
override,272.75,0.8994675468587398,-0.029167512628788,-0.0952422646360995,1.2990543902496234,0.0,0.0,3.46763724645856,-4.581100910370992,0.0,0.0,0.0,-0.5000000000000403,0.8660254037844154,0.0
override,273.0,0.9347147349436218,0.0930639778894819,0.0122381059930139,0.6405943764873809,0.0,0.0,0.4442545101697603,-12.479667320683728,0.0,0.0,0.0,-2.939399910208283e-14,1.0,0.0
override,273.25,0.9609413917718096,-0.0634254248375854,-0.1248052886662947,1.1026116302753808,0.0,0.0,-0.4243051818890491,-3.568927564347162,0.0,0.0,0.0,0.4999999999999894,0.8660254037844447,0.0
override,273.5,0.9816245390392734,-0.0276988714775807,-0.0495245463365591,0.2346185767879261,0.0,0.0,-0.4953741179957861,-0.2711010428601531,0.0,0.0,0.0,0.8660254037843842,0.5000000000000941,0.0
override,273.75,1.025670100903859,-0.0584458278552713,-0.0826655882716459,1.4043628550463407,0.0,0.0,-0.6314533689730703,-0.5399351816262657,0.0,0.0,0.0,1.0,9.162772082104897e-14,0.0
override,274.0,1.316542850710197,8.656082167531338,8.042898352875287,32.9291728871608,1.0,0.0,-0.8158748899260657,-0.7398427276948835,0.0,0.0,0.0,0.8660254037844759,-0.4999999999999355,0.0
override,274.25,1.4822182714499943,0.5747408882848566,0.6194079915753302,5.415419196809897,0.0,0.0,-0.9154556044384384,-0.3890044772248728,1.0,1.0,2.0,0.5000000000000496,-0.86602540378441,0.0
override,274.5,1.473619252973546,-1.049798487977578,-0.9196367492758724,-0.6869289990302976,0.0,0.0,-0.8951622339903192,0.1067052644507475,1.0,0.0,2.0,4.0174604818399075e-14,-1.0,0.0
override,274.75,1.477329463380818,-1.1169393464372035,-0.9511593518614694,-0.9218201545547196,0.0,0.0,-0.1057053860290909,3.287391305724874,1.0,0.0,2.0,-0.49999999999998,-0.8660254037844501,0.0
override,275.0,1.478613691604975,-1.1691194313479265,-0.9816771925232888,-1.0807739362749025,0.0,0.0,2.428805012555082,10.503630287440764,1.0,0.0,2.0,-0.8660254037843789,-0.5000000000001036,0.0
override,275.25,1.4884986097913713,-1.025845151170543,-0.899920143180298,-0.1060237992435175,0.0,0.0,2.496880460419903,0.3042962722216453,0.0,0.0,0.0,-1.0,-1.0240832653736521e-13,0.0
override,275.5,1.4949739171560663,-1.103757093268698,-0.9107161754834018,-1.054957210968562,0.0,0.0,0.6674144174186305,-7.542519013717896,0.0,0.0,0.0,-0.8660254037844812,0.4999999999999261,0.0
override,275.75,1.500572367935291,-0.9842657937489808,-0.838489101816574,-0.534378853891504,0.0,0.0,0.5136222746529481,-0.6131824812043934,0.0,0.0,0.0,-0.500000000000059,0.8660254037844046,0.0
override,276.0,1.496787497829273,-0.8974271609377644,-0.7412518749852388,-0.6357554167240992,0.0,0.0,0.4856506772286951,-0.0928826178165589,0.0,0.0,0.0,-5.09552105347153e-14,1.0,0.0
override,276.25,1.494778308039959,-1.0480359245556112,-0.8894682066460567,-0.7013290943070265,0.0,0.0,0.756497844633668,1.1428087559290123,0.0,0.0,0.0,0.4999999999999707,0.8660254037844556,0.0
override,276.5,1.483013619868124,-0.8257631383580472,-0.6949189689465819,-0.5391225904810465,0.0,0.0,1.024432445683289,1.130764555415612,0.0,0.0,0.0,0.8660254037844304,0.5000000000000144,0.0
override,276.75,1.4799815865819188,-0.8981902476563953,-0.7550533767842732,-0.8086297152181908,0.0,0.0,1.2401292526231489,0.9147480291381576,0.0,0.0,0.0,1.0,1.1318893225368145e-13,0.0
override,277.0,1.4715148976386796,-0.727335440560996,-0.5822713373677376,-0.7508101457346189,0.0,0.0,1.2674843593011167,0.1359073346349185,0.0,0.0,0.0,0.8660254037844867,-0.4999999999999168,0.0
override,277.25,1.4702771736094973,-0.7834598291777679,-0.6960238586945956,-0.4656120591819472,0.0,0.0,1.7503948244415608,2.019744271841202,1.0,1.0,6.0,0.5000000000000683,-0.8660254037843992,0.0
override,277.5,1.4617639566405742,-0.6763858222249969,-0.5368168937088488,-0.9487075015683092,0.0,0.0,5.713998841812448,16.413294822794835,1.0,0.0,6.0,6.173581625103155e-14,-1.0,0.0
override,277.75,1.4525367087752086,-0.5776332894579137,-0.498205251114714,-0.7549821742771167,0.0,0.0,6.95847229234472,5.169000350690258,1.0,0.0,6.0,-0.4999999999999613,-0.8660254037844609,0.0
override,278.0,1.4356672515176483,-0.5371641218308678,-0.4595779430129372,-0.8585129383544597,0.0,0.0,3.703658978587583,-13.43669144988129,1.0,0.0,6.0,-0.8660254037844249,-0.5000000000000238,0.0
override,278.25,1.4150317056109132,-0.7281855471761635,-0.6108582574391672,-0.9190544321457458,0.0,0.0,1.02218026283525,-11.065807488061468,0.0,0.0,0.0,-1.0,-1.0282700248381648e-14,0.0
override,278.5,1.396127448179784,-0.356309539337681,-0.3075616067177724,-0.5434024188505817,0.0,0.0,-0.4622428825670257,-6.115679128415096,0.0,0.0,0.0,-0.8660254037844921,0.4999999999999075,0.0
override,278.75,1.3863783578743891,-0.4757387173396752,-0.3646597283090168,-0.3073354942172716,0.0,0.0,-0.5414878334670818,-0.3049109374880707,0.0,0.0,0.0,-0.5000000000000776,0.8660254037843939,0.0
override,279.0,1.3749166499757557,-0.3810967943891938,-0.2562156946588663,-0.2417947589959092,0.0,0.0,-0.6025379200500404,-0.2296705592743471,0.0,0.0,0.0,-7.251642196734779e-14,1.0,0.0
override,279.25,1.3584695004908385,-0.5942752918724958,-0.4734340631270848,-0.3382594346199795,0.0,0.0,1.1592181125717644,7.308095011770773,0.0,0.0,0.0,0.499999999999952,0.8660254037844664,0.0
override,279.5,1.342050583721182,-0.4985529721185613,-0.343408630466985,-0.341878808863275,0.0,0.0,4.526643147305893,13.94794353712952,0.0,0.0,0.0,0.8660254037844195,0.5000000000000331,0.0
override,279.75,1.316574671853344,-0.4388332872464432,-0.261712379715109,-0.5353832305051436,0.0,0.0,2.7937320208545637,-7.143239947218592,0.0,0.0,0.0,1.0,2.1063305964697886e-14,0.0
override,280.0,1.2885652040842912,-0.3952706216577385,-0.2563500153939131,-0.2814654499176132,0.0,0.0,-0.6779359339352977,-14.333440385424112,0.0,0.0,0.0,0.8660254037844974,-0.4999999999998981,0.0
override,280.25,1.2683625410647614,-0.5333607910316008,-0.3834280617434454,-0.615163942043917,0.0,0.0,-0.7973169253381749,-0.4708836435662268,1.0,1.0,4.0,0.500000000000087,-0.8660254037843884,0.0
override,280.5,1.2451594890783098,-0.3279127368960897,-0.2103466037278794,-0.5334134412775903,0.0,0.0,-0.564398634642477,0.985963231879358,1.0,0.0,4.0,8.329702768366404e-14,-1.0,0.0
override,280.75,1.2259380377870597,-0.5303223367735166,-0.3678833076974449,-0.0309333214744837,0.0,0.0,-0.0214847603917433,2.2678735855249843,1.0,0.0,4.0,-0.4999999999999427,-0.8660254037844717,0.0
override,281.0,1.2087146549707557,-0.4403080283786075,-0.3236522150273052,0.0539298436420725,0.0,0.0,3.356871039757241,13.993145024189054,1.0,0.0,4.0,-0.8660254037844142,-0.5000000000000424,0.0
override,281.25,1.1918645725546455,-0.6517499710809723,-0.5400049101196872,-0.2106040958742246,0.0,0.0,3.599835236692052,1.0275056018447202,0.0,0.0,0.0,-1.0,-3.1843911681014124e-14,0.0
override,281.5,1.1659029803915095,-0.5666026744480903,-0.3857945619301112,-0.5553744370625561,0.0,0.0,0.9929946632013412,-10.757159841392454,0.0,0.0,0.0,-0.866025403784446,0.4999999999999873,0.0
override,281.75,1.1422186329598611,-0.6242102663005754,-0.4852414778337152,-0.3326518844606713,0.0,0.0,2.036549052419342,4.33814907858561,0.0,0.0,0.0,-0.5000000000000964,0.866025403784383,0.0
override,282.0,1.12725588010608,-0.6913920446503795,-0.5405046947037989,-0.1960409772449904,0.0,0.0,2.974652245445366,3.90208163964801,0.0,0.0,0.0,-9.407763339998026e-14,1.0,0.0
override,282.25,1.115394750016019,-0.8886659061621652,-0.6993084685686783,-0.7209681770395693,0.0,0.0,3.5679653006572702,2.476286980156181,0.0,0.0,0.0,0.4999999999999334,0.8660254037844771,0.0
override,282.5,1.1009122173659385,-0.7391886909796336,-0.6041114878719291,-0.2841022578577157,0.0,0.0,4.048039327548376,2.008014880352442,0.0,0.0,0.0,0.8660254037844087,0.5000000000000517,0.0
override,282.75,1.097433475569525,-0.8753054560247756,-0.7217724559503303,-0.1950256657226596,0.0,0.0,6.753534966970055,11.210697620583192,0.0,0.0,0.0,1.0,4.262451739733036e-14,0.0
override,283.0,1.0810291565377816,-0.826888582443334,-0.6656170792561198,-0.7614392169273815,0.0,0.0,7.6729518718429075,3.824809099245824,0.0,0.0,0.0,0.8660254037844514,-0.4999999999999779,0.0
override,283.25,1.0786856886544616,-0.972293877390346,-0.8286906420549501,-0.3792609815336591,0.0,0.0,8.343683756115482,2.7964334719282955,1.0,1.0,6.0,0.5000000000000072,-0.8660254037844345,0.0
override,283.5,1.0716914628774967,-1.0835906271398632,-0.910311854800058,-0.9233091705645452,0.0,0.0,8.48194740885076,0.5945422992630759,1.0,0.0,6.0,1.048582391162965e-13,-1.0,0.0
override,283.75,0.6244471063520032,3.895157657791513,3.196976736401421,19.475429330915954,0.0,0.0,5.092007266999894,-13.995475152546174,1.0,0.0,6.0,-0.499999999999924,-0.8660254037844825,0.0
override,284.0,-0.2521100705917025,5.971916092827281,4.849220539417866,25.034268120579878,1.0,1.0,2.155141603105033,-12.121897285391569,1.0,0.0,6.0,-0.8660254037844034,-0.5000000000000611,0.0
override,284.25,-0.2470603425751416,-0.2588502851154631,-0.4147592860816871,-0.4263474781380562,0.0,0.0,1.5355328074443837,-2.539452473178636,0.0,0.0,0.0,-1.0,-5.34051231136466e-14,0.0
override,284.5,-0.2646211875062231,-0.3826254575166519,-0.4733696492587482,-0.2776029696947669,0.0,0.0,3.898120966476102,9.792688226986836,0.0,0.0,0.0,-0.8660254037844568,0.4999999999999686,0.0
override,284.75,-0.2901200142670427,-0.1679865942189505,-0.1731590857489263,-0.1426145253634433,0.0,0.0,5.550742443775261,6.856795948718886,0.0,0.0,0.0,-0.5000000000000165,0.8660254037844292,0.0
override,285.0,-0.3028068800247187,-0.5709679349311633,-0.5258072367110055,-0.1160794080803681,0.0,0.0,5.910499661738938,1.5104743627976471,0.0,0.0,0.0,-1.1563884483261273e-13,1.0,0.0
override,285.25,-0.2967566645741704,-0.4832622557901748,-0.499487538316131,-0.5336280576118998,0.0,0.0,2.6300846624652974,-13.542560912142704,0.0,0.0,0.0,0.4999999999999147,0.8660254037844879,0.0
override,285.5,-0.2745092155998909,-0.05843370284624,-0.0436883967093463,0.1005037275210892,0.0,0.0,-0.6997234549217038,-13.746813981758184,0.0,0.0,0.0,0.866025403784398,0.5000000000000704,0.0
override,285.75,-0.2735132378889054,-0.5567811107882005,-0.5236241125549524,0.2415086892599687,0.0,0.0,-0.9304334609676226,-0.9312573524282548,0.0,0.0,0.0,1.0,6.418572882996284e-14,0.0
override,286.0,-0.2751373758797604,-0.6292321662932908,-0.5333504951165343,-0.1018061894741614,0.0,0.0,-0.7729888413459546,0.6738604616788709,0.0,0.0,0.0,0.8660254037844621,-0.4999999999999592,0.0
override,286.25,-1.3665754926778966,10.016514262778305,9.805171390368589,47.70096909839588,1.0,1.0,-0.2409906847700963,2.222734324686414,1.0,1.0,4.0,0.5000000000000259,-0.8660254037844237,0.0
override,286.5,-1.5953424536302814,-0.0921616771946643,-0.1418658144970669,-0.388038407743103,0.0,0.0,0.8898437829498191,4.699074337634481,1.0,0.0,4.0,1.2732612827312944e-14,-1.0,0.0
override,286.75,-1.5907577201403746,-0.020627520468462,0.0253002720720263,-0.9179896502269704,0.0,0.0,2.177517348855973,5.3476437834172055,1.0,0.0,4.0,-0.4999999999999053,-0.8660254037844933,0.0
override,287.0,-1.5907464343941276,-0.177562760136215,-0.0891981708928208,-0.8876174905582457,0.0,0.0,2.517664314035247,1.4293809943256055,1.0,0.0,4.0,-0.8660254037843926,-0.5000000000000798,0.0
override,287.25,-1.5775457302160043,0.0336311033820485,0.0855026380138688,-0.3984565737707856,0.0,0.0,4.729943657458393,9.17112315575855,0.0,0.0,0.0,-1.0,-7.496633454627908e-14,0.0
override,287.5,-1.5814582415210754,-0.040741338677466,0.0140780191945782,-0.8017053038982295,0.0,0.0,6.228148084006877,6.218242283319424,0.0,0.0,0.0,-0.8660254037844676,0.4999999999999499,0.0
override,287.75,-1.5995041742565026,0.0450410156577994,0.1080469795928278,-0.8725918874005919,0.0,0.0,5.284712903695902,-3.8785566968785976,0.0,0.0,0.0,-0.5000000000000352,0.8660254037844183,0.0
override,288.0,-1.633116973274007,0.097054425601277,0.1624073696143391,-0.4191094917972575,0.0,0.0,3.886760845263162,-5.758099254514862,0.0,0.0,0.0,-2.3513218543629183e-14,1.0,0.0
override,288.25,-1.6565258098501712,-0.4026056560755007,-0.3157836557732449,-0.5983199107038737,0.0,0.0,1.6270211895610478,-9.321809520686658,0.0,0.0,0.0,0.499999999999896,0.8660254037844987,0.0
override,288.5,-1.6702100198907306,-0.5958080648533775,-0.6050692410313547,-1.1017667564335096,0.0,0.0,0.5396520766434407,-4.473760010207791,0.0,0.0,0.0,0.8660254037843872,0.5000000000000892,0.0
override,288.75,-1.6855314325115194,-0.4607712080028384,-0.4253793965606252,-0.5612504212836458,0.0,0.0,0.0656696129058801,-1.937250659479249,0.0,0.0,0.0,1.0,8.574694026259533e-14,0.0
override,289.0,-1.708361949182622,-0.5956951920060959,-0.5973331152837283,-0.3386689854933558,0.0,0.0,-0.2249677967976277,-1.17907236428995,0.0,0.0,0.0,0.8660254037844729,-0.4999999999999406,0.0
override,289.25,-1.730165582456224,-0.5896483006933454,-0.6053529099829797,-0.5904907298946411,0.0,0.0,-0.3196500190921088,-0.368747969634167,1.0,1.0,6.0,0.5000000000000445,-0.866025403784413,0.0
override,289.5,-1.7732711823549092,-0.3967546052524491,-0.4208256776050301,0.9146194372040184,0.0,0.0,0.8013544927453408,4.658424977159396,1.0,0.0,6.0,3.4293824259945424e-14,-1.0,0.0
override,289.75,-1.7831087857448316,-0.318173626792996,-0.3658181057487206,0.0023720547740912,0.0,0.0,3.7063842454924463,12.03582178152774,1.0,0.0,6.0,-0.4999999999999852,-0.8660254037844473,0.0
override,290.0,-1.7890644892069671,-0.6580191750259405,-0.70457698486487,-0.964412746698764,0.0,0.0,4.349427132380794,2.6819324457464,1.0,0.0,6.0,-0.8660254037843818,-0.5000000000000985,0.0
override,290.25,-1.7923202790106114,-0.6142723159321951,-0.7430614095589317,-1.1715227587048962,0.0,0.0,3.7326195391879935,-2.527868790582211,0.0,0.0,0.0,-1.0,-9.652754597891157e-14,0.0
override,290.5,-1.7921330546096284,-0.7677177409663868,-0.8516542835672977,-1.2827749078217516,0.0,0.0,3.881799914722412,0.639685716545381,0.0,0.0,0.0,-0.8660254037844783,0.4999999999999313,0.0
override,290.75,-1.7871582027937891,-1.1554130087966683,-1.0399413777367232,-1.250956896891484,0.0,0.0,1.3390531486467467,-10.492115693383395,0.0,0.0,0.0,-0.5000000000000538,0.8660254037844075,0.0
override,291.0,-1.788530786224039,-1.256824318007108,-1.0955297369688952,-1.4443878557342642,0.0,0.0,-0.9615845881628622,-9.49093345792052,0.0,0.0,0.0,-4.5074429976261656e-14,1.0,0.0
override,291.25,-0.6535902230184713,9.294205501636428,9.938909073976037,48.67628831766896,1.0,1.0,-0.5647673786034144,1.6637268265515517,0.0,0.0,0.0,0.4999999999999758,0.8660254037844526,0.0
override,291.5,-0.3734104499240581,-0.5266060518396519,-0.4348746312747887,0.3983358398328213,0.0,0.0,0.1291074059969262,2.8921352338802864,0.0,0.0,0.0,0.8660254037844333,0.5000000000000093,0.0
override,291.75,-0.394589049983169,-0.7106021968902702,-0.6870558629468929,0.1593652823800277,0.0,0.0,0.2860059589931505,0.6716023376988156,0.0,0.0,0.0,1.0,1.0730815169522781e-13,0.0
override,292.0,-0.4098432480947068,-0.3954254247818771,-0.4545320493504449,0.3729994765016566,0.0,0.0,0.3919900366998429,0.4610580703399302,0.0,0.0,0.0,0.8660254037844838,-0.4999999999999219,0.0
override,292.25,-0.4106271134483364,-0.1886811997088367,-0.3173817086871643,-0.1960702096857225,0.0,0.0,0.6751367143864528,1.193670350129764,1.0,1.0,6.0,0.5000000000000632,-0.8660254037844022,0.0
override,292.5,-0.4186486261958307,-0.21251183121393,-0.3428444418893094,-0.0937380383092543,0.0,0.0,0.6729044061550162,0.0135558705430418,1.0,0.0,6.0,5.585503569257789e-14,-1.0,0.0
override,292.75,-0.4038488398705632,-0.2315164974301895,-0.1911472520779371,0.0495287217410031,0.0,0.0,0.9951020311254342,1.3551559205649812,1.0,0.0,6.0,-0.4999999999999664,-0.866025403784458,0.0
override,293.0,-0.3736386008238794,0.1310640873051898,0.1716875394233537,0.975598403597546,0.0,0.0,3.553368312432016,10.601866887048452,1.0,0.0,6.0,-0.8660254037844278,-0.5000000000000187,0.0
override,293.25,-0.3731788585850611,-0.1077962019654891,-0.1356583904783343,0.371091834195756,0.0,0.0,5.984043502305002,10.074245366554646,0.0,0.0,0.0,-1.0,-1.1808875741154406e-13,0.0
override,293.5,-0.404469898361418,-0.4491840304998284,-0.3604970198721111,-0.0118366889645497,0.0,0.0,6.231502314701163,1.0460919766229877,0.0,0.0,0.0,-0.8660254037844891,0.4999999999999125,0.0
override,293.75,-0.386710125173351,-0.1116831768289481,0.0014166041823882,1.211887564566419,0.0,0.0,4.582545333132124,-6.796068267151844,0.0,0.0,0.0,-0.5000000000000726,0.8660254037843967,0.0
override,294.0,-0.3843220249970909,-0.1419469766358699,-0.1172956359068564,0.7316635615713927,0.0,0.0,3.6135208444384426,-3.9843749765528926,0.0,0.0,0.0,-6.663564140889415e-14,1.0,0.0
override,294.25,-0.4446303472039795,-0.1224381576956424,-0.0304647515120262,1.1443863902913416,0.0,0.0,5.428657255669015,7.528836414713872,0.0,0.0,0.0,0.4999999999999571,0.8660254037844634,0.0
override,294.5,-0.4036590399659117,-0.097975661676753,-0.1448047252943821,2.222958882791923,0.0,0.0,7.316203227671605,7.828268311749595,0.0,0.0,0.0,0.8660254037844225,0.500000000000028,0.0
override,294.75,-0.3715720550505173,0.5147377904192855,0.6922317433697264,1.6618265816169375,0.0,0.0,7.357335584292868,0.1928797570950559,0.0,0.0,0.0,1.0,1.5182525406244242e-14,0.0
override,295.0,-0.3787587654995928,0.5947355753916991,0.8292823812332184,2.141283448181188,0.0,0.0,8.222322091979578,3.599725603197975,0.0,0.0,0.0,0.8660254037844946,-0.4999999999999032,0.0
override,295.25,-0.3297218679999436,0.424476045170191,0.5410596277407657,2.18913822755602,0.0,0.0,7.033341055794188,-4.8939510819547545,1.0,1.0,2.0,0.5000000000000819,-0.8660254037843914,0.0
override,295.5,-0.2769985641096815,0.5403304647378635,0.7278937067419184,1.879887599200412,0.0,0.0,4.255445937705373,-11.46451376316056,1.0,0.0,2.0,7.741624712521039e-14,-1.0,0.0
override,295.75,-0.2048676026941457,0.1730037591972903,0.3278282561532538,1.4642950324446964,0.0,0.0,4.997355517015331,3.090771291747117,1.0,0.0,2.0,-0.4999999999999478,-0.8660254037844688,0.0
override,296.0,-1.011364846789783,6.908878912860703,6.687767740324394,32.72227420018956,1.0,1.0,5.311598007913446,1.3222594237343632,1.0,0.0,2.0,-0.8660254037844171,-0.5000000000000373,0.0
override,296.25,-1.7826736926191262,2.2305658351962374,2.1769429137808665,13.52549028121955,0.0,0.0,4.318054211747231,-4.085768531108745,0.0,0.0,0.0,-1.0,-2.596313112256048e-14,0.0
override,296.5,-1.7789188275776306,-0.8925547748467163,-0.9108881657104666,-1.090610200061648,0.0,0.0,2.6130381001170067,-7.027886986688673,0.0,0.0,0.0,-0.8660254037844999,0.4999999999998939,0.0
override,296.75,-1.7760165768582394,-1.006400616119396,-0.9539283265525595,-1.441373693313807,0.0,0.0,2.542749318498641,-0.2678749062016331,0.0,0.0,0.0,-0.5000000000000913,0.866025403784386,0.0
override,297.0,-1.776061567267127,-1.2444690297287162,-1.073370463647885,-1.454129288655756,0.0,0.0,2.6990014382675085,0.6689291723666336,0.0,0.0,0.0,-8.819685284152661e-14,1.0,0.0
override,297.25,-1.7763449186039653,-1.0671654113689049,-0.990420286803618,-1.4492160941165706,0.0,0.0,1.71462190497655,-4.047871980039862,0.0,0.0,0.0,0.4999999999999385,0.8660254037844741,0.0
override,297.5,-1.782283618797038,-1.131809205494896,-1.0375884396444643,-1.6071784797327464,0.0,0.0,1.2354546890539404,-1.9586909246303847,0.0,0.0,0.0,0.8660254037844117,0.5000000000000466,0.0
override,297.75,-1.7913628257227676,-1.0926214793691085,-0.9791221247338464,-1.1024627814191212,0.0,0.0,0.5628269524899305,-2.758699239548379,0.0,0.0,0.0,1.0,3.674373683887671e-14,0.0
override,298.0,-1.7964500347349612,-1.1638429911488084,-1.0268548569004985,-1.2836119097985814,0.0,0.0,0.3706307978046355,-0.7719928098442572,0.0,0.0,0.0,0.8660254037844485,-0.499999999999983,0.0
override,298.25,-1.7961999625039118,-1.0617222727874942,-0.9685393912163448,-1.3109314997796773,0.0,0.0,0.4391885996255787,0.3062909281563649,1.0,1.0,6.0,0.5000000000001006,-0.8660254037843805,0.0
override,298.5,-1.7999286342620542,-1.0633672617627306,-0.9694160246777006,-1.120798851655842,0.0,0.0,0.5988491890605094,0.6830240588321288,1.0,0.0,6.0,9.897745855784285e-14,-1.0,0.0
override,298.75,-1.2210555442595277,3.695068805068582,2.651641489046267,21.53868822782511,0.0,0.0,0.7565986498640329,0.6751210572743195,1.0,0.0,6.0,-0.4999999999999291,-0.8660254037844796,0.0
override,299.0,0.4478795015855618,8.67836238272129,6.481546462892852,44.01981408492647,1.0,1.0,1.016105429483863,1.095913376487098,1.0,0.0,6.0,-0.8660254037844063,-0.500000000000056,0.0
override,299.25,0.4420404941170379,-0.2674849054410653,-0.2849058031701754,0.0641638751085485,0.0,0.0,1.943544809174047,3.8579840671349137,0.0,0.0,0.0,-1.0,-4.7524342555192956e-14,0.0
override,299.5,0.426547190606259,-0.4019614876012362,-0.4384506789537688,0.9766793339348004,0.0,0.0,1.8375113958584093,-0.4156880231967259,0.0,0.0,0.0,-0.8660254037844538,0.4999999999999737,0.0
override,299.75,0.4296990730460794,-0.1423192167642575,-0.2309827262613371,1.2652345023612876,0.0,0.0,1.1578726695400798,-2.787691460186806,0.0,0.0,0.0,-0.5000000000000114,0.866025403784432,0.0
override,300.0,0.0,0.0,0.0,0.0,0.0,0.0,0.0,0.0,0.0,0.0,0.0,-1.0975806427415909e-13,1.0,0.0
target,0.0,10.282216548035986,-1.5538702959852086,-1.331025749219839,-1.9309693574032092,0.0,0.0,0.0,0.0,0.0,0.0,0.0,0.0,1.0,1.0
target,0.25,10.282216548035986,-1.5538702959852086,-1.331025749219839,-1.9309693574032092,0.0,0.0,-1.2265599185674656,0.0,0.0,0.0,0.0,0.4999999999999999,0.8660254037844387,1.0
target,0.5,10.282216548035986,-1.5538702959852086,-1.331025749219839,-1.9309693574032092,0.0,0.0,-1.2265599185674656,0.0227870311989127,0.0,0.0,0.0,0.8660254037844386,0.5000000000000001,1.0
target,0.75,0.8705068392416718,76.21798705620752,24.45381432613168,131.44430326180606,1.0,1.0,-1.2265599185674656,0.0227870311989127,0.0,0.0,0.0,1.0,6.123233995736766e-17,0.0
target,1.0,-2.329789761906146,-1.0327858246136936,-1.1582630016462805,-1.0373326899377404,0.0,0.0,-1.2265599185674656,0.0227870311989127,0.0,0.0,0.0,0.8660254037844387,-0.4999999999999998,0.0
target,1.25,-1.8562240567614103,2.3593490453415726,2.62155502733644,17.53855659199118,0.0,0.0,-1.050639095130384,0.7502642500665216,0.0,0.0,0.0,0.5000000000000003,-0.8660254037844385,0.0
target,1.5,-0.3226182785804609,7.900070738063786,8.165268414078037,42.41686478358224,1.0,1.0,-0.7795190782047589,1.1439370578922223,0.0,0.0,0.0,1.2246467991473532e-16,-1.0,0.0
target,1.75,-0.138440415203964,1.3055410726113683,1.3693000299217453,8.696514183475491,0.0,0.0,-0.6800311057692067,0.4341950276154258,0.0,0.0,0.0,-0.4999999999999997,-0.8660254037844388,0.0
target,2.0,-0.0027919265206545,1.094686155876696,0.9621772688000392,2.034448829258179,0.0,0.0,-0.7021718648778144,-0.068770622666369,0.0,0.0,0.0,-0.8660254037844385,-0.5000000000000004,0.0
target,2.25,0.1427935075486956,1.821497171612179,1.727664459541189,7.975785931086309,0.0,0.0,-0.721233703404816,-0.0560385052395644,0.0,0.0,0.0,-1.0,-1.8369701987210294e-16,0.0
target,2.5,0.2684661300585875,2.0307578566087083,2.030587748208552,8.200443533071939,0.0,0.0,-0.7216561379278876,0.021040157315573,0.0,0.0,0.0,-0.866025403784439,0.4999999999999993,0.0
target,2.75,0.3842107441741988,2.079186966459261,2.2081508768696203,6.977796682327494,0.0,0.0,-0.7514959194217988,-0.100608032720689,0.0,0.0,0.0,-0.5000000000000004,0.8660254037844384,0.0
target,3.0,0.4825126328796261,1.965423192379251,2.063764856817451,5.11987043636945,0.0,0.0,-0.7686557048404798,-0.0481730332712928,0.0,0.0,0.0,-2.4492935982947064e-16,1.0,0.0
target,3.25,0.6199626827424237,1.929931157151722,2.2485620680883813,6.041619362233769,0.0,0.0,-0.7715071266211722,0.0109956790081444,0.0,0.0,0.0,0.4999999999999993,0.866025403784439,0.0
target,3.5,0.7451366412728916,1.6391068117470844,1.9065814786134976,3.763388981702639,0.0,0.0,-0.7821403827338488,-0.0211841794470153,0.0,0.0,0.0,0.8660254037844384,0.5000000000000004,0.0
target,3.75,0.8379998857758446,0.7895121319882744,0.6141576535559199,2.441294267855187,0.0,0.0,-0.8055512434288294,-0.0740228148269196,0.0,0.0,0.0,1.0,1.1943401194869637e-15,0.0
target,4.0,0.904386520790136,0.2560563274426776,0.0486529870107647,3.2734109532156594,0.0,0.0,-0.8115858191555277,-0.0021674698142921,0.0,0.0,0.0,0.8660254037844392,-0.4999999999999992,0.0
target,4.25,0.9782514544955008,0.4217236759941598,0.1328482875049383,4.94977371037128,0.0,0.0,-0.7947353059831861,0.0924681764982999,1.0,1.0,8.0,0.5000000000000013,-0.8660254037844379,0.0
target,4.5,1.0493913249248386,0.8043757955585746,0.6594785578128205,2.797873905286595,0.0,0.0,-0.7741381287151083,0.1079615826974361,1.0,0.0,8.0,3.673940397442059e-16,-1.0,0.0
target,4.75,1.1112326526858975,0.449757712028397,0.2991432338965838,2.4822464680675838,0.0,0.0,-0.7440642111784012,0.1471503070329549,1.0,0.0,8.0,-0.4999999999999991,-0.8660254037844392,0.0
target,5.0,1.175964045632178,0.2564593675333826,0.1529904431783609,4.7501298562280905,0.0,0.0,-0.7177349122176203,0.1316653595769806,1.0,0.0,8.0,-0.8660254037844378,-0.5000000000000013,0.0
target,5.25,1.2087467968752033,0.2612060600234542,0.1208628886514305,2.876768083800883,0.0,0.0,-0.7049941813838597,0.0754731842773164,0.0,0.0,0.0,-1.0,-4.286263797015736e-16,0.0
target,5.5,1.2685504423769782,0.1530788920919928,0.0004906874483021,2.6806217979030094,0.0,0.0,-0.5619330001326286,0.6143812963416222,0.0,0.0,0.0,-0.8660254037844392,0.4999999999999991,0.0
target,5.75,1.3347606832125674,0.2542928255715795,0.1052816270749795,3.026631058312097,0.0,0.0,-0.5368880217266028,0.1263543683762041,0.0,0.0,0.0,-0.5000000000000014,0.8660254037844378,0.0
target,6.0,1.3776748903621454,-0.2206261636439008,-0.3270702401747043,0.3603085157704546,0.0,0.0,-0.6938498135181855,-0.6262897837573125,0.0,0.0,0.0,-4.898587196589413e-16,1.0,0.0
target,6.25,1.3960694485283374,0.2369903028986756,0.221074256778989,1.2662838299698242,0.0,0.0,-0.7372984356361038,-0.1568840399365487,0.0,0.0,0.0,0.499999999999999,0.8660254037844392,0.0
target,6.5,1.4191494954606374,0.4139974492060394,0.4659438436406051,-0.0533474290387487,0.0,0.0,-0.7528087609250237,-0.0413520973275685,0.0,0.0,0.0,0.8660254037844378,0.5000000000000014,0.0
target,6.75,1.4243923458590235,-0.1129882425411664,-0.133512311008969,0.4019756600977923,0.0,0.0,-0.7615046416053056,-0.0131726407108686,0.0,0.0,0.0,1.0,2.32744789901656e-15,0.0
target,7.0,1.4269042143869786,-0.5673215296895481,-0.5520343859023416,-0.4592004618913915,0.0,0.0,-0.7623919540847959,0.0191177690715843,0.0,0.0,0.0,0.8660254037844393,-0.499999999999999,0.0
target,7.25,1.4374873556086027,0.2073001385901826,0.2289964081854018,0.8265199078183669,0.0,0.0,-0.7033362928046755,0.2669971672537548,1.0,1.0,9.0,0.5000000000000016,-0.8660254037844377,0.0
target,7.5,1.463900203180853,0.824361984192176,0.688094436908109,0.7975307931284323,0.0,0.0,-0.684513685661416,0.1006232851959464,1.0,0.0,9.0,2.388680238973927e-15,-1.0,0.0
target,7.75,1.5203104618062888,0.5314599052524618,0.2863786021259151,1.994826152062895,0.0,0.0,-0.7135435828253329,-0.0972589556274964,1.0,0.0,9.0,-0.4999999999999989,-0.8660254037844393,0.0
target,8.0,1.5842740651173064,0.1493429202797683,-0.0682934677702461,1.978443567418035,0.0,0.0,-0.6805135533648312,0.1593745795151292,1.0,0.0,9.0,-0.8660254037844377,-0.5000000000000016,0.0
target,8.25,1.6358561972327834,0.2757652147551719,0.1231751770217995,1.580966132167183,0.0,0.0,-0.6673907893259853,0.0770529884649087,0.0,0.0,0.0,-1.0,-2.4499125789312946e-15,0.0
target,8.5,1.658223635485236,-0.1999426289000647,-0.2656666716779994,-0.5126470670457312,0.0,0.0,-0.657375705949678,0.064201940809821,0.0,0.0,0.0,-0.8660254037844402,0.4999999999999973,0.0
target,8.75,1.6539879541744815,-0.3686395919495117,-0.3867509924380601,-0.0094565073404524,0.0,0.0,-0.6251309512804869,0.1561272691054333,0.0,0.0,0.0,-0.5000000000000032,0.8660254037844368,0.0
target,9.0,1.644455097508924,-0.1945848422064136,-0.2427384592214119,0.2815116834312744,0.0,0.0,-0.6654694490003767,-0.1440228868154731,0.0,0.0,0.0,-7.34788079488412e-16,1.0,0.0
target,9.25,1.6368899142046898,-0.1243201082172256,-0.1337267591882289,-0.4513936973847804,0.0,0.0,-0.7364210697697477,-0.2706159141886856,0.0,0.0,0.0,0.4999999999999988,0.8660254037844393,0.0
target,9.5,1.6330297910153178,-0.36754556246459,-0.3617217825486312,0.4915703505144006,0.0,0.0,-0.7395335321782791,0.0099162098114823,0.0,0.0,0.0,0.8660254037844377,0.5000000000000017,0.0
target,9.75,1.6277803704909966,-0.2786438814627342,-0.2810838786096535,0.2733381750300692,0.0,0.0,-0.7487385037611249,-0.0152778606996806,0.0,0.0,0.0,1.0,2.57237725884603e-15,0.0
target,10.0,1.6250856151082018,-0.5753439448107925,-0.5304047999260368,-1.1432975197395336,0.0,0.0,-0.7444575924361249,0.0404896851774725,0.0,0.0,0.0,0.8660254037844403,-0.4999999999999972,0.0
target,10.25,1.6102785582725112,-0.6235556607949371,-0.6138563473201721,-0.6491179093275276,0.0,0.0,-0.7289793725137887,0.0867933958925696,1.0,1.0,1.0,0.5000000000000033,-0.8660254037844367,0.0
target,10.5,1.6090313148290898,-0.7438503843465302,-0.6970063282246274,-0.8451086023258781,0.0,0.0,-0.7039753042316973,0.1261851946388272,1.0,0.0,1.0,8.572527594031472e-16,-1.0,0.0
target,10.75,1.6018761192985638,-0.4956496764440664,-0.4760035759891009,0.4530120999651962,0.0,0.0,-0.6854901754796998,0.0992277264627246,1.0,0.0,1.0,-0.4999999999999987,-0.8660254037844394,0.0
target,11.0,1.5996681280316245,-0.6746868632550549,-0.6991088220563708,-0.5526421391041424,0.0,0.0,-0.6559373654760414,0.1449953952296403,1.0,0.0,1.0,-0.8660254037844376,-0.5000000000000018,0.0
target,11.25,1.5810808204341715,-0.4340029794918053,-0.4345476859870379,-0.5786087715944901,0.0,0.0,-0.659878820205856,0.0064881163284765,0.0,0.0,0.0,-1.0,-2.6948419387607653e-15,0.0
target,11.5,1.5676626029072416,-0.0742464330165797,-0.1449548140390308,-0.1012788765735711,0.0,0.0,-0.659209204161653,0.0255560633579746,0.0,0.0,0.0,-0.8660254037844403,0.4999999999999971,0.0
target,11.75,1.5477306557666322,0.2815767344082696,0.1736951829790574,-0.4598179304141794,0.0,0.0,-0.4473287652469176,0.898966379513911,0.0,0.0,0.0,-0.5000000000000034,0.8660254037844367,0.0
target,12.0,1.536572318011569,0.2671983596882191,0.0022702227169114,1.975027869398707,0.0,0.0,0.5438585253202713,4.121597845238959,0.0,0.0,0.0,-9.797174393178826e-16,1.0,0.0
target,12.25,1.5156161919012447,0.4600615606397343,0.2544449120507286,0.7864414211640822,0.0,0.0,0.9335739860773622,1.6343592942327707,0.0,0.0,0.0,0.4999999999999986,0.8660254037844395,0.0
target,12.5,1.499600179942545,0.1160939554799253,0.0227859084790939,-0.5336931167292647,0.0,0.0,0.3067952408740582,-2.5691020328544227,0.0,0.0,0.0,0.8660254037844375,0.5000000000000019,0.0
target,12.75,1.4847204017978186,-0.3469261131510229,-0.2755245929751458,-0.5302022475849605,0.0,0.0,0.1147501740203649,-0.7713680233443364,0.0,0.0,0.0,1.0,2.8173066186755008e-15,0.0
target,13.0,1.4853562889461438,-0.7781184447289589,-0.6859553438164127,0.5754811711224077,0.0,0.0,-0.2211707282131857,-1.3663310899072147,0.0,0.0,0.0,0.8660254037844404,-0.499999999999997,0.0
target,13.25,1.4639349197548908,-0.7147530374984625,-0.6135052683563803,-0.8832930784303388,0.0,0.0,-0.5248952152936629,-1.2331907481588602,1.0,1.0,7.0,0.5000000000000034,-0.8660254037844366,0.0
target,13.5,1.4396401420894198,-0.5442403215143772,-0.4954236807535137,0.2421903528019368,0.0,0.0,-0.5501433580582359,-0.0816204421239546,1.0,0.0,7.0,4.654895798033119e-15,-1.0,0.0
target,13.75,1.4177168481630966,-0.0107536370075144,-0.007465421424385,0.3175698442326629,0.0,0.0,-0.5133355162721843,0.1749967915438134,1.0,0.0,7.0,-0.4999999999999985,-0.8660254037844395,0.0
target,14.0,-0.9835237062670188,20.80508625183057,15.19333916368028,75.19260771779469,1.0,1.0,-0.4132134112622975,0.4368173266278862,1.0,0.0,7.0,-0.8660254037844375,-0.500000000000002,0.0
target,14.25,-1.1651521321250462,-1.136172911506238,-0.9481506983965716,-1.1008152972457794,0.0,0.0,-0.4655049143978874,-0.1934515955210856,0.0,0.0,0.0,-1.0,-2.939771298590236e-15,0.0
target,14.5,-1.1615133400829032,-1.2647951999015012,-1.0386811168808017,-1.0549806545970404,0.0,0.0,-0.2754813529873867,0.8085826480757882,0.0,0.0,0.0,-0.8660254037844404,0.4999999999999969,0.0
target,14.75,-1.1600632470396488,-1.2216045277675085,-1.001484094451093,-1.3721727326387343,0.0,0.0,-0.1340437453670511,0.6076674076355867,0.0,0.0,0.0,-0.5000000000000036,0.8660254037844366,0.0
target,15.0,-1.1623768874567904,-1.193733926466396,-0.9903332725866112,-1.1813076346629978,0.0,0.0,-0.2842293829701519,-0.5982686677385031,0.0,0.0,0.0,-4.777360477947854e-15,1.0,0.0
target,15.25,-1.1656576914004029,-1.246907290839229,-1.0308102295415236,-1.3526315783020668,0.0,0.0,-0.4493248656235221,-0.6599246581948929,0.0,0.0,0.0,0.4999999999999984,0.8660254037844396,0.0
target,15.5,-1.169649505460033,-1.2167028869552734,-0.9986521223128396,-1.2443122870071777,0.0,0.0,-0.6006969960407982,-0.6031751164226258,0.0,0.0,0.0,0.8660254037844374,0.5000000000000021,0.0
target,15.75,-1.1739047465385235,-1.1819285567997828,-0.9683508279796916,-1.2694591254632044,0.0,0.0,-0.5985427632301272,0.0316953301897983,0.0,0.0,0.0,1.0,6.614949657305472e-15,0.0
target,16.0,-1.174930679448278,-1.310132657981374,-1.073518698705594,-1.47236348218426,0.0,0.0,-0.5092446465074957,0.3920573900699251,0.0,0.0,0.0,0.8660254037844405,-0.4999999999999968,0.0
target,16.25,-1.1765590404787305,-1.1663115127518389,-0.9659032041369282,-1.2268467252278543,0.0,0.0,-0.4988438266146827,0.065797059129305,1.0,1.0,7.0,0.5000000000000007,-0.8660254037844383,0.0
target,16.5,-1.1759368883967236,-1.2302372499335028,-1.0229283073212638,-1.1849702370106727,0.0,0.0,-0.4936732769795583,0.0441685652043088,1.0,0.0,7.0,4.899825157862589e-15,-1.0,0.0
target,16.75,-1.1795882211101474,-1.182362382637614,-0.9752738668252108,-1.2057916830878346,0.0,0.0,-0.5583359384470925,-0.2446094725799799,1.0,0.0,7.0,-0.4999999999999983,-0.8660254037844396,0.0
target,17.0,-1.1818949161868713,-1.232541047743516,-1.022508042677361,-1.2536042069629736,0.0,0.0,-0.7059501901748592,-0.5876353350341883,1.0,0.0,7.0,-0.8660254037844356,-0.5000000000000053,0.0
target,17.25,2.4669078659862387,26.169365817488668,17.189726788978447,81.23483966607506,1.0,1.0,-0.6701791512599529,0.1707093487358591,0.0,0.0,0.0,-1.0,-3.1847006584197066e-15,0.0
target,17.5,2.40103174834506,-0.0131757311623706,-0.2955136971385072,1.0241221538643972,0.0,0.0,-0.7088883451336567,-0.1372853022160152,0.0,0.0,0.0,-0.8660254037844423,0.4999999999999936,0.0
target,17.75,2.307204509084753,0.1933456024552882,-0.159231609458064,1.5154684177124058,0.0,0.0,-0.7823496990020546,-0.2809942970276728,0.0,0.0,0.0,-0.5000000000000038,0.8660254037844365,0.0
target,18.0,2.30298557170539,0.4753277473844902,-0.0236605526586456,0.2852199380602833,0.0,0.0,-0.7786486574035396,0.0380917768020611,0.0,0.0,0.0,-1.469576158976824e-15,1.0,0.0
target,18.25,2.2990422154821,0.9338409095267166,0.539727724992046,1.1782145562936497,0.0,0.0,-0.8089438512154202,-0.1024912781491808,0.0,0.0,0.0,0.4999999999999951,0.8660254037844415,0.0
target,18.5,2.203441858182712,1.2737746373946293,0.8178799880754921,2.644419755300972,0.0,0.0,-0.8116858311646379,0.0114482487360109,0.0,0.0,0.0,0.8660254037844373,0.5000000000000023,0.0
target,18.75,2.1075256992131104,0.9152339639638464,0.4804344138757143,2.004969940103207,0.0,0.0,-0.8191080519137754,-0.0079057338922833,0.0,0.0,0.0,1.0,6.859879017134943e-15,0.0
target,19.0,2.079793109943821,-0.0996856553316492,-0.3658317962155027,0.0592797198728136,0.0,0.0,-0.8287528979717805,-0.0170968532077172,0.0,0.0,0.0,0.8660254037844406,-0.4999999999999966,0.0
target,19.25,2.069399523408871,-0.5754072553589938,-0.6273215481555181,-0.3349311850761258,0.0,0.0,-0.7960245039483496,0.15812724048735,1.0,1.0,3.0,0.5000000000000009,-0.8660254037844382,0.0
target,19.5,2.083954025747488,-0.6367926266560118,-0.6784739328115383,-0.1214795085307092,0.0,0.0,-0.6243281376066097,0.7327950486445325,1.0,0.0,3.0,5.14475451769206e-15,-1.0,0.0
target,19.75,2.10062656653635,-0.5705057804214901,-0.6486036798711987,-0.2921821499789211,0.0,0.0,-0.1681570336215941,1.9091702322954804,1.0,0.0,3.0,-0.4999999999999981,-0.8660254037844397,0.0
target,20.0,2.10451465839675,-0.7564803480730398,-0.7714672236604347,-0.6500899240836866,0.0,0.0,0.7548736182978008,3.83975285973845,1.0,0.0,3.0,-0.8660254037844355,-0.5000000000000056,0.0
target,20.25,2.100458963267173,-0.7204661984510085,-0.7737924454026054,0.2000449604498538,0.0,0.0,1.8129287590143268,4.398113363458402,0.0,0.0,0.0,-1.0,-3.4296300182491773e-15,0.0
target,20.5,2.0930498758602933,-0.6472109935082595,-0.7505161328247397,0.0754460415490402,0.0,0.0,1.8017057788984616,-0.0236228377556638,0.0,0.0,0.0,-0.8660254037844425,0.4999999999999934,0.0
target,20.75,2.0869410423514507,-0.3613860742393716,-0.5573312745289271,0.229382103601666,0.0,0.0,0.7492396437019511,-4.329427345849709,0.0,0.0,0.0,-0.500000000000004,0.8660254037844363,0.0
target,21.0,2.082686344613081,-0.2660837400753197,-0.5440824780618511,-0.4852493214409354,0.0,0.0,0.1301938329903363,-2.537124387640004,0.0,0.0,0.0,-1.7145055188062944e-15,1.0,0.0
target,21.25,2.0657189345704694,-0.13627456209886,-0.4743336496550693,-0.0860978537313465,0.0,0.0,0.0882180522885163,-0.1507934671647618,0.0,0.0,0.0,0.4999999999999949,0.8660254037844416,0.0
target,21.5,2.051193582905952,0.2433764816674826,-0.1463095433999163,0.3062889293090863,0.0,0.0,0.3271934521603505,1.0110109144205273,0.0,0.0,0.0,0.8660254037844372,0.5000000000000026,0.0
target,21.75,2.030265189542656,0.3343077711786684,0.0323316143387386,1.5019117114145564,0.0,0.0,0.4428221312665495,0.5009409430216231,0.0,0.0,0.0,1.0,7.1048083769644134e-15,0.0
target,22.0,2.0231027747377337,-0.3898639012105606,-0.5279226848067274,-0.2576365463988215,0.0,0.0,0.0582778230304326,-1.5674012047436685,0.0,0.0,0.0,0.8660254037844407,-0.4999999999999964,0.0
target,22.25,2.0541826389418243,-0.1280878122871522,-0.5736131992662565,0.1714965711621313,0.0,0.0,-0.3793719645604748,-1.7870058295564404,1.0,1.0,8.0,0.5000000000000072,-0.8660254037844345,0.0
target,22.5,2.084101779944144,-0.4107041236074256,-0.65017187148229,0.1917283416526925,0.0,0.0,-0.5235579534636403,-0.5734585988385436,1.0,0.0,8.0,5.3896838775215305e-15,-1.0,0.0
target,22.75,-0.0617701260170138,18.458228340664668,13.071881210669272,57.11207853463462,1.0,1.0,-0.4926840089202249,0.1504586215945176,1.0,0.0,8.0,-0.4999999999999979,-0.8660254037844398,0.0
target,23.0,-1.3000554935797357,2.623606866155399,1.7575908289096434,9.489474540371988,0.0,0.0,-0.4406885994341614,0.2378012355880389,1.0,0.0,8.0,-0.8660254037844354,-0.5000000000000058,0.0
target,23.25,-1.305039061000065,-0.9191946061001932,-0.7855561814363307,-1.0293310601781305,0.0,0.0,-0.4348080553109728,0.0471045724688099,0.0,0.0,0.0,-1.0,-3.674559378078648e-15,0.0
target,23.5,-1.306076820970577,-1.1128016156865728,-0.9301472074037362,-0.8087530815031143,0.0,0.0,-0.4766506425056391,-0.1502426782344795,0.0,0.0,0.0,-0.8660254037844426,0.4999999999999932,0.0
target,23.75,-1.3107166051810846,-1.1084971382465836,-0.9277678469677472,-1.0451111813959593,0.0,0.0,-0.5273538188838066,-0.1868834615755557,0.0,0.0,0.0,-0.5000000000000042,0.8660254037844362,0.0
target,24.0,-1.3114938044901812,-1.126724892234446,-0.9459248329795744,-1.311505207028981,0.0,0.0,-0.4986872889157014,0.1413304025198226,0.0,0.0,0.0,-1.959434878635765e-15,1.0,0.0
target,24.25,-1.3183248552199551,-0.9663307625092524,-0.8416174929008327,-0.6022200326670294,0.0,0.0,-0.2820752479712766,0.9185327538526368,0.0,0.0,0.0,0.4999999999999946,0.8660254037844417,0.0
target,24.5,-1.3203955913848453,-0.8546959308877852,-0.7793354054687134,-0.6313266099772045,0.0,0.0,-0.2157992889558743,0.2968549294744823,0.0,0.0,0.0,0.866025403784437,0.5000000000000028,0.0
target,24.75,-1.3269553684780004,-0.6806569509055753,-0.6889369544576102,-0.7011511574078026,0.0,0.0,-0.3344983334486276,-0.4680636201494439,0.0,0.0,0.0,1.0,7.349737736793884e-15,0.0
target,25.0,-1.3323537784636788,-0.752977399889963,-0.7717417789094423,-0.6649831323484497,0.0,0.0,-0.3432352431356748,-0.0133423060589005,0.0,0.0,0.0,0.8660254037844408,-0.4999999999999961,0.0
target,25.25,-1.3340336469460534,-0.6420498378168583,-0.7021365248196708,-0.8758351024506963,0.0,0.0,-0.230886360510672,0.4873781528073893,1.0,1.0,4.0,0.5000000000000074,-0.8660254037844344,0.0
target,25.5,-1.3335396711816287,-0.7863936549104523,-0.7758346847771396,-1.2726055205891251,0.0,0.0,-0.2324578788457989,0.0162884043422321,1.0,0.0,4.0,5.6346132373510016e-15,-1.0,0.0
target,25.75,-1.3258922497754966,-0.715662628066217,-0.6498154519266373,-0.8508479226078818,0.0,0.0,-0.0938868531542625,0.5958133643877455,1.0,0.0,4.0,-0.4999999999999976,-0.86602540378444,0.0
target,26.0,-1.3173059252017765,-0.7825754238772854,-0.6497437164679922,-0.938628548766352,0.0,0.0,0.0442334290511751,0.5939494257630661,1.0,0.0,4.0,-0.8660254037844353,-0.5000000000000059,0.0
target,26.25,-1.3229863743459858,-0.5547315642038402,-0.5385652304966608,-0.859707244895649,0.0,0.0,-0.0917381983594684,-0.5394901308846047,0.0,0.0,0.0,-1.0,-3.919488737908119e-15,0.0
target,26.5,-1.3185227273000053,-0.7609188206350931,-0.6686546045039021,-1.0357739755630644,0.0,0.0,-0.2329339637520521,-0.5610932662942206,0.0,0.0,0.0,-0.8660254037844427,0.499999999999993,0.0
target,26.75,-1.3155193002753958,-0.8337175622544665,-0.7137687078360846,-0.8977352315441929,0.0,0.0,-0.3458534861706795,-0.4441638306718626,0.0,0.0,0.0,-0.5000000000000044,0.866025403784436,0.0
target,27.0,-1.3144224010690269,-0.7292689182788067,-0.6852780751091979,-0.7790120431279667,0.0,0.0,-0.3004465908438204,0.2105560586762669,0.0,0.0,0.0,-9.309791596066238e-15,1.0,0.0
target,27.25,-1.316430153628398,-0.7431549294728486,-0.7260394381978486,-0.6986863195542182,0.0,0.0,-0.4240185329288198,-0.4882142874722454,0.0,0.0,0.0,0.4999999999999945,0.8660254037844418,0.0
target,27.5,-1.3246035022960534,-0.5746137353808776,-0.5560078603509756,-0.2045520717956646,0.0,0.0,-0.7041891159203757,-1.1357893814229254,0.0,0.0,0.0,0.8660254037844369,0.500000000000003,0.0
target,27.75,-1.3350015276576532,-0.654257143988757,-0.586462011636213,-0.5940060326455037,0.0,0.0,-0.7602848940691376,-0.2091832374740899,0.0,0.0,0.0,1.0,7.594667096623355e-15,0.0
target,28.0,-1.3349530708936943,-0.9260799368591732,-0.7794490917965028,-0.8800740414817512,0.0,0.0,-0.7961634307448283,-0.1255798168405748,0.0,0.0,0.0,0.8660254037844409,-0.4999999999999959,0.0
target,28.25,-1.3402787766092925,-0.5935099057996407,-0.6130542212788903,-0.3165872321549277,0.0,0.0,-0.8050396497616108,-0.0139183854665462,1.0,1.0,9.0,0.5000000000000077,-0.8660254037844343,0.0
target,28.5,-1.3436437651469555,-0.3881139445143578,-0.4847498388141359,-0.2359701119394418,0.0,0.0,-0.7129728591433019,0.4035065587710887,1.0,0.0,9.0,5.879542597180472e-15,-1.0,0.0
target,28.75,-1.350063961618514,-0.4581296785931548,-0.4992896432336381,-0.5443389748948995,0.0,0.0,-0.6656334423337577,0.21854752509939,1.0,0.0,9.0,-0.4999999999999913,-0.8660254037844437,0.0
target,29.0,-1.3418405260473838,-0.8098289673305293,-0.7050494323400235,-0.9194208535380308,0.0,0.0,-0.7193364588543667,-0.19928856133142,1.0,0.0,9.0,-0.8660254037844352,-0.5000000000000061,0.0
target,29.25,-1.3425734620820422,-0.9307734221137214,-0.8175152128506671,-1.0290875444126515,0.0,0.0,-0.6756242754798185,0.2035479949703248,0.0,0.0,0.0,-1.0,-4.164418097737589e-15,0.0
target,29.5,-0.0461251942707333,10.699970957125508,6.888018163668898,32.992962406385885,0.0,0.0,-0.5097739776298612,0.7086200728536042,0.0,0.0,0.0,-0.8660254037844428,0.4999999999999928,0.0
target,29.75,2.38171068946446,12.785973989597329,7.81978521896801,39.16415152180365,1.0,1.0,-0.4450067888926717,0.2906157817462039,0.0,0.0,0.0,-0.5000000000000047,0.8660254037844359,0.0
target,30.0,2.46937734874201,-0.2183971774609146,-0.6882706861920039,2.3794311399732275,0.0,0.0,-0.3859311802419901,0.2670796546897275,0.0,0.0,0.0,-9.554720955895708e-15,1.0,0.0
target,30.25,2.5271577433840813,-0.2671454259875415,-0.7294125645229339,1.108859076599722,0.0,0.0,0.2191649457139892,2.5250129658987728,0.0,0.0,0.0,0.4999999999999943,0.8660254037844419,0.0
target,30.5,2.5840813907445237,-0.1999627241422742,-0.7734087042846792,2.101439205247117,0.0,0.0,0.3575941455303656,0.5952268784265666,0.0,0.0,0.0,0.8660254037844368,0.5000000000000032,0.0
target,30.75,2.6392586180836117,-0.4727207836719971,-0.7848515686425168,1.1537676176883955,0.0,0.0,-0.1104400748473226,-1.9126531646969716,0.0,0.0,0.0,1.0,7.839596456452825e-15,0.0
target,31.0,2.693193311403605,-0.49147086605154,-0.7847958672417568,-0.191185890286055,0.0,0.0,-0.2653365009111031,-0.6177489726910008,0.0,0.0,0.0,0.866025403784441,-0.4999999999999957,0.0
target,31.25,2.714292533760585,-0.4070844095823616,-0.6921127568878096,2.0969896152035985,0.0,0.0,-0.3426040316249344,-0.2967338035393884,1.0,1.0,5.0,0.5000000000000017,-0.8660254037844377,0.0
target,31.5,2.733112377584571,-0.5893236542746507,-0.7579638381298456,1.413395746251684,0.0,0.0,-0.2998975165335217,0.1993893015795993,1.0,0.0,5.0,1.3229899314610944e-14,-1.0,0.0
target,31.75,2.7318408577998725,-0.6733369913655266,-0.7659151279386563,0.2189028617762682,0.0,0.0,-0.3074409527241191,-0.0084069904832546,1.0,0.0,5.0,-0.499999999999991,-0.8660254037844438,0.0
target,32.0,2.730383041939383,-0.7962066978213492,-0.7706509765786526,0.2863647355047261,0.0,0.0,-0.4347548202590606,-0.5036880981692907,1.0,0.0,5.0,-0.8660254037844349,-0.5000000000000063,0.0
target,32.25,2.7448350064649105,-0.5188646279600087,-0.6509885551769727,1.4614657751058089,0.0,0.0,-0.5579261900681494,-0.4865578195252362,0.0,0.0,0.0,-1.0,-4.40934745756706e-15,0.0
target,32.5,2.748703147733978,-0.458223116743333,-0.5945989091795855,1.1688726155027584,0.0,0.0,-0.540215403493904,0.0960256251826309,0.0,0.0,0.0,-0.8660254037844394,0.4999999999999987,0.0
target,32.75,2.768942719752595,-0.3102717277411826,-0.5361160756524049,2.202519718145893,0.0,0.0,-0.5367769807155373,0.0370057813799675,0.0,0.0,0.0,-0.500000000000011,0.8660254037844323,0.0
target,33.0,2.792318828427225,-0.5195038500381332,-0.5983352494507318,1.0425747234798393,0.0,0.0,-0.5134451224377995,0.1192701821942374,0.0,0.0,0.0,-9.799650315725178e-15,1.0,0.0
target,33.25,2.779656366981722,-0.5747537147008033,-0.6350558527784886,2.353868176954604,0.0,0.0,0.0625467432350915,2.404659468715919,0.0,0.0,0.0,0.499999999999994,0.866025403784442,0.0
target,33.5,2.7768413875882905,-0.4204052392585631,-0.50622565935708,2.126039987020872,0.0,0.0,0.1487945426083794,0.3794435542623764,0.0,0.0,0.0,0.8660254037844367,0.5000000000000034,0.0
target,33.75,2.748660564643541,-0.2846069759748776,-0.4203120909118241,1.0683382918763604,0.0,0.0,0.064322230113084,-0.3265274033561949,0.0,0.0,0.0,1.0,9.790984586812941e-16,0.0
target,34.0,2.705845775390885,-0.1811102943148725,-0.3644080069353432,-0.0434413976010474,0.0,0.0,0.2584585816655423,0.8255900783265199,0.0,0.0,0.0,0.8660254037844448,-0.4999999999999894,0.0
target,34.25,2.666406741627645,-0.0418215271144726,-0.3309415050940727,2.3657696487246085,0.0,0.0,0.0454564766301013,-0.8580306909825021,1.0,1.0,1.0,0.5000000000000081,-0.8660254037844339,0.0
target,34.5,2.620866457763164,0.1189582243469303,-0.1923108356571691,2.2642531426767336,0.0,0.0,0.5427636196816188,2.079278186036563,1.0,0.0,1.0,6.3694013168394125e-15,-1.0,0.0
target,34.75,2.566024693857451,0.3281321515973348,0.0487880195472535,1.3482072118397217,0.0,0.0,0.6579671786269033,0.4991829633447189,1.0,0.0,1.0,-0.499999999999997,-0.8660254037844404,0.0
target,35.0,2.49086292357744,0.5454749314189704,0.1276285285465533,1.2142908413082014,0.0,0.0,0.2654995429040421,-1.6001661732767742,1.0,0.0,1.0,-0.8660254037844313,-0.5000000000000128,0.0
target,35.25,2.282723605018126,1.8196935947012924,1.4462712091089625,4.096323092920296,0.0,0.0,0.266632730822794,0.0274730506222067,0.0,0.0,0.0,-1.0,-1.1759704174997531e-14,0.0
target,35.5,2.058980714453575,2.0022689391994257,1.6567535575012151,3.080577815847444,0.0,0.0,0.029794633375934,-0.95659856447026,0.0,0.0,0.0,-0.866025403784443,0.4999999999999923,0.0
target,35.75,1.804853925475586,2.364215440619442,1.8603496322207944,3.669705159775325,0.0,0.0,-0.084131058472778,-0.448324596432315,0.0,0.0,0.0,-0.5000000000000051,0.8660254037844357,0.0
target,36.0,1.613273435196891,2.154493631868807,1.801744682880514,2.198749428222728,0.0,0.0,0.0166722133018075,0.4396341239454895,0.0,0.0,0.0,-2.939152317953648e-15,1.0,0.0
target,36.25,1.444533123392017,2.9593315335685157,2.814357718116187,4.217960595328129,0.0,0.0,-0.2664036990928538,-1.147803655303478,0.0,0.0,0.0,0.4999999999999877,0.8660254037844457,0.0
target,36.5,1.2474298729492344,2.565567451761297,2.158478361197158,4.83123827603239,0.0,0.0,-0.551989952780873,-1.1581845531802646,0.0,0.0,0.0,0.866025403784433,0.5000000000000098,0.0
target,36.75,1.0499572341551249,1.9706908141102548,1.7415713733231075,3.1223437755039662,0.0,0.0,-0.5372571194553498,0.0837110332828666,0.0,0.0,0.0,1.0,8.329455176111767e-15,0.0
target,37.0,1.0599512049933055,0.9679558572242758,0.7786752919760208,1.168923892536336,0.0,0.0,-0.5871357631330827,-0.1834738097557293,0.0,0.0,0.0,0.8660254037844414,-0.4999999999999953,0.0
target,37.25,1.117738901840633,1.40604823955133,1.322932234513516,1.1635814744314248,0.0,0.0,-0.5647775288521719,0.1152440000539079,1.0,1.0,4.0,0.5000000000000021,-0.8660254037844374,0.0
target,37.5,1.1444321834541402,1.330531080430373,1.227425382133672,-0.0178344523428636,0.0,0.0,-0.5127310629290658,0.2380123669032486,1.0,0.0,4.0,1.3719758034269886e-14,-1.0,0.0
target,37.75,1.2125414437670976,1.0023023674010492,0.8542093871426913,0.6311954759642809,0.0,0.0,-0.4160997863042864,0.4223818659727675,1.0,0.0,4.0,-0.4999999999999907,-0.866025403784444,0.0
target,38.0,1.2646559700830708,0.3814024267821613,0.3211164126800614,-0.1398793063664351,0.0,0.0,-0.3902086170074675,0.1298535823057329,1.0,0.0,4.0,-0.8660254037844347,-0.5000000000000068,0.0
target,38.25,1.318576176716247,0.6238720864607004,0.480535447732937,0.2682762996999382,0.0,0.0,-0.4797025789264952,-0.347293197226023,0.0,0.0,0.0,-1.0,-4.899206177226001e-15,0.0
target,38.5,1.364837703125742,0.2757233961076491,0.2366317515974685,0.4577806607011939,0.0,0.0,-0.3952473020107145,0.3720310193124621,0.0,0.0,0.0,-0.8660254037844396,0.4999999999999983,0.0
target,38.75,1.3707344924330482,0.1446625078986655,0.19884016677721,0.6400990947233065,0.0,0.0,-0.4369172948245229,-0.1495289566992707,0.0,0.0,0.0,-0.5000000000000114,0.866025403784432,0.0
target,39.0,1.3426639270206315,-0.1189244121167128,-0.1451314217535514,0.1647170724018066,0.0,0.0,-0.5462113396678394,-0.4291715614678851,0.0,0.0,0.0,-1.028950903538412e-14,1.0,0.0
target,39.25,1.3093372789714284,0.1869276965979484,0.0700101430227596,1.099886174359327,0.0,0.0,-0.5821128635625538,-0.125674874820853,0.0,0.0,0.0,0.4999999999999936,0.8660254037844423,0.0
target,39.5,1.2932197539200423,-0.0951242512244492,-0.137659274287043,-0.0943665170605831,0.0,0.0,-0.6993878754845179,-0.4621748843310543,0.0,0.0,0.0,0.8660254037844365,0.5000000000000038,0.0
target,39.75,1.2813026707596589,-0.4366292788257741,-0.400392724356244,0.3964699097663648,0.0,0.0,-0.7467025973543445,-0.1728713428631346,0.0,0.0,0.0,1.0,1.5679811893542238e-14,0.0
target,40.0,1.2488032308774617,-0.5856850217302942,-0.5410050560249824,-0.40309797080923,0.0,0.0,-0.7323890372499784,0.0819772321846576,0.0,0.0,0.0,0.866025403784445,-0.4999999999999889,0.0
target,40.25,1.2068923479692402,-0.0913533400584327,-0.1635352442159919,0.4766650964766036,0.0,0.0,-0.2551666148925358,1.996222772431794,1.0,1.0,10.0,0.5000000000000084,-0.8660254037844337,0.0
target,40.5,1.1468684280929398,0.2176300781798997,0.2334473696829824,0.2408622546207943,0.0,0.0,0.149744475838666,1.6971970778250085,1.0,0.0,10.0,6.859260036498355e-15,-1.0,0.0
target,40.75,1.111304692913326,-0.0398989976827954,-0.0936949335732591,0.7231713847976025,0.0,0.0,0.2637218019254043,0.4941121794989489,1.0,0.0,10.0,-0.4999999999999966,-0.8660254037844406,0.0
target,41.0,1.1006069479150162,-0.5786696111513762,-0.5993260205833827,-0.5175185479409757,0.0,0.0,0.5540477974727985,1.2233586501768468,1.0,0.0,10.0,-0.866025403784431,-0.5000000000000131,0.0
target,41.25,1.0850321133594172,-0.4854092745022104,-0.4279216000610195,-0.5033624245104033,0.0,0.0,0.0904758168079123,-1.894200671849524,0.0,0.0,0.0,-1.0,-1.2249562894656474e-14,0.0
target,41.5,1.087024817542204,-0.2933973041509977,-0.386945524295465,-0.5101339360331034,0.0,0.0,-0.5835307381738338,-2.764401003377474,0.0,0.0,0.0,-0.8660254037844433,0.4999999999999919,0.0
target,41.75,1.0934425565912511,-0.1473522369177217,-0.2468414246503212,-0.1361204321924375,0.0,0.0,-0.5725173493534272,0.0683301869938974,0.0,0.0,0.0,-0.5000000000000056,0.8660254037844355,0.0
target,42.0,1.1129236734625605,-0.2435720217303013,-0.1894221172259546,-0.5823847847891473,0.0,0.0,-0.4125472664513502,0.6843038928070866,0.0,0.0,0.0,-3.429011037612589e-15,1.0,0.0
target,42.25,1.1300646149010354,0.0067425628605131,0.0797361148417588,-0.0729936974345805,0.0,0.0,-0.1552783608296372,1.086659199974512,0.0,0.0,0.0,0.4999999999999872,0.866025403784446,0.0
target,42.5,1.1252252960612004,0.4133984707808568,0.2121233030528849,-0.4778388589970316,0.0,0.0,-0.1498231258307914,0.045345811380208,0.0,0.0,0.0,0.8660254037844327,0.5000000000000102,0.0
target,42.75,1.1014984108174553,0.6401372490538516,0.3040132869775383,-0.0704908405129872,0.0,0.0,-0.4957579390143594,-1.407741151238083,0.0,0.0,0.0,1.0,8.819313895770708e-15,0.0
target,43.0,1.0860813789144497,0.212103549346315,-0.0440378606950395,-0.1789597839549337,0.0,0.0,-0.6210360915346043,-0.4952699003211654,0.0,0.0,0.0,0.8660254037844416,-0.4999999999999949,0.0
target,43.25,1.0730219798670373,0.1447984501026928,-0.0127075869487396,-0.4880156683600151,0.0,0.0,-0.2864560103133923,1.4063605173834992,1.0,1.0,10.0,0.5000000000000026,-0.8660254037844372,0.0
target,43.5,1.0638495893360835,-0.0719227997147741,-0.1383325741421961,-0.6200058279434117,0.0,0.0,0.1688474213027651,1.9055821870063967,1.0,0.0,10.0,1.4209616753928828e-14,-1.0,0.0
target,43.75,1.062155535387027,-0.5084352644530409,-0.4068794273674831,-0.6793335900476595,0.0,0.0,0.2020898818108765,0.1602530357700338,1.0,0.0,10.0,-0.4999999999999902,-0.8660254037844443,0.0
target,44.0,1.0742309936135872,-0.7350866683726738,-0.6330384825482884,-0.1387298665533883,0.0,0.0,0.2115322573361695,0.0618336486057512,1.0,0.0,10.0,-0.8660254037844345,-0.5000000000000072,0.0
target,44.25,1.0734013280240695,-0.542867006303799,-0.5603878636832945,-0.3675401246803348,0.0,0.0,0.1534373284245462,-0.2174502328680926,0.0,0.0,0.0,-1.0,-5.389064896884942e-15,0.0
target,44.5,1.0760257451685336,-0.9596286920368586,-0.8767879862674595,-0.8764232779854753,0.0,0.0,-0.298019424007971,-1.8441011306568784,0.0,0.0,0.0,-0.8660254037844469,0.4999999999999855,0.0
target,44.75,1.0772630078352263,-0.7064625531187568,-0.7325675362740954,-1.0437053038784816,0.0,0.0,-0.4186139735188581,-0.4759020141041812,0.0,0.0,0.0,-0.5000000000000119,0.8660254037844318,0.0
target,45.0,1.0914871059995757,-0.606267039046076,-0.6599554843650577,-0.7758341350018243,0.0,0.0,-0.2928761925285506,0.542744643005615,0.0,0.0,0.0,-1.077936775504306e-14,1.0,0.0
target,45.25,1.1034600192638335,-0.4651794884714763,-0.6410412878643019,-0.8640319624644968,0.0,0.0,-0.302860785764965,-0.0185017939511633,0.0,0.0,0.0,0.4999999999999932,0.8660254037844426,0.0
target,45.5,1.1220553192038183,0.1710081887613206,-0.3257119325466865,0.4902743866705774,0.0,0.0,-0.2648281058783458,0.1800618077116275,0.0,0.0,0.0,0.8660254037844362,0.5000000000000042,0.0
target,45.75,1.1695858965367605,0.5720452373755757,0.1646193720004868,0.2725787365210717,0.0,0.0,-0.4023584094788828,-0.5459356522139449,0.0,0.0,0.0,1.0,1.6169670613201182e-14,0.0
target,46.0,1.2302633868992494,0.6183017285446218,0.3842619641451502,0.2360667989614775,0.0,0.0,-0.5911339516520748,-0.7578477096309307,0.0,0.0,0.0,0.8660254037844453,-0.4999999999999885,0.0
target,46.25,1.22425323920801,0.5216391712431809,0.388790639311291,-0.6156279399404448,0.0,0.0,-0.6476862744413847,-0.2110711653436043,1.0,1.0,6.0,0.5000000000000089,-0.8660254037844335,0.0
target,46.5,1.2057893641875923,0.2860212888592063,0.344733065911067,-0.5295870305443813,0.0,0.0,-0.6912274246724971,-0.1572666671499644,1.0,0.0,6.0,7.349118756157295e-15,-1.0,0.0
target,46.75,1.1812738193285748,0.2868975583902515,0.3954788097146386,-0.5134023235321324,0.0,0.0,-0.6126973127736706,0.3475289593308755,1.0,0.0,6.0,-0.4999999999999961,-0.8660254037844408,0.0
target,47.0,1.162982790332886,0.0921177917436598,0.2000442986373685,-0.9242325366808596,0.0,0.0,-0.5816953665359128,0.1509879410621693,1.0,0.0,6.0,-0.8660254037844308,-0.5000000000000135,0.0
target,47.25,1.1344445043992355,0.3406536410646215,0.4313910887301297,-0.2779868109968066,0.0,0.0,-0.6480321053555235,-0.2515322069809668,0.0,0.0,0.0,-1.0,-1.2739421614315414e-14,0.0
target,47.5,1.106746131735751,0.3852603785213352,0.4653287313090332,-0.3662929377490049,0.0,0.0,-0.6215569151191707,0.1322686569998583,0.0,0.0,0.0,-0.8660254037844436,0.4999999999999915,0.0
target,47.75,1.0749260338195794,0.3692032616719384,0.4007825315371335,0.1281016072342738,0.0,0.0,-0.5804693797938207,0.192694409669663,0.0,0.0,0.0,-0.5000000000000059,0.8660254037844353,0.0
target,48.0,1.0574044630852604,0.1045435042609011,0.1995166156314974,-0.2637155225148049,0.0,0.0,-0.6169267293699313,-0.1279733549721919,0.0,0.0,0.0,-3.91886975727153e-15,1.0,0.0
target,48.25,1.0351245469173824,0.0530902288250041,0.1462117667565337,-0.7403306065830187,0.0,0.0,-0.4313312623928117,0.7902713546180733,0.0,0.0,0.0,0.4999999999999868,0.8660254037844463,0.0
target,48.5,1.0079075802735786,0.2492507469531648,0.3586685320547728,-0.1980817709718358,0.0,0.0,-0.2425312877312528,0.8035228065642923,0.0,0.0,0.0,0.8660254037844325,0.5000000000000107,0.0
target,48.75,0.974225392850148,0.5764981806387666,0.6663133911409896,0.2408113025863488,0.0,0.0,-0.4385731544399343,-0.7878958043430266,0.0,0.0,0.0,1.0,9.309172615429648e-15,0.0
target,49.0,0.9234256943394198,1.2550300904496343,1.2037887684298505,0.6895415701942885,0.0,0.0,-0.5517421521523043,-0.4451954742790385,0.0,0.0,0.0,0.8660254037844418,-0.4999999999999945,0.0
target,49.25,0.8683774816821875,1.6707403716731175,1.4774507156059562,2.3685604433987644,0.0,0.0,-0.6415527395093684,-0.348602523709297,1.0,1.0,6.0,0.5000000000000153,-0.8660254037844298,0.0
target,49.5,0.8480827334742966,1.8361499759374411,1.6480754819409285,1.4868713929970594,0.0,0.0,-0.7137126383977562,-0.2756124506331347,1.0,0.0,6.0,1.4699475473587772e-14,-1.0,0.0
target,49.75,0.8307508044087325,1.292667875544446,1.182571712601958,1.332723563865983,0.0,0.0,-0.6796110124673185,0.1638059026778262,1.0,0.0,6.0,-0.4999999999999898,-0.8660254037844445,0.0
target,50.0,0.8157072399591788,0.9557926958230114,0.7890694093328743,-0.190239885756564,0.0,0.0,-0.7446484526696022,-0.2461592776929818,1.0,0.0,6.0,-0.8660254037844343,-0.5000000000000077,0.0
target,50.25,0.7565325821394223,1.425099123126123,1.2383868608974078,1.0986732610998842,0.0,0.0,-0.798481443035124,-0.1998260361418225,0.0,0.0,0.0,-1.0,-5.8789236165438834e-15,0.0
target,50.5,0.6769449653192694,1.2758462019035182,1.1242570972928274,0.6480174660406293,0.0,0.0,-0.8371034516775586,-0.1369247691743266,0.0,0.0,0.0,-0.8660254037844473,0.4999999999999851,0.0
target,50.75,0.5826519272459459,0.9958066410333556,0.802579648298623,0.9550772651088196,0.0,0.0,-0.7299959480470579,0.465703721438466,0.0,0.0,0.0,-0.5000000000000123,0.8660254037844316,0.0
target,51.0,0.5076669069370932,0.980592629106987,0.8060566478521428,0.8921646423332659,0.0,0.0,-0.6584998407099479,0.3184415666272494,0.0,0.0,0.0,-1.1269226474702003e-14,1.0,0.0
target,51.25,0.4841642081167422,1.677306913843701,1.8120427264658905,1.7410461686978815,0.0,0.0,-0.6998804964663266,-0.1483324745902061,0.0,0.0,0.0,0.4999999999999928,0.8660254037844428,0.0
target,51.5,0.4726282051291794,1.3169248395094368,1.3238194724045178,1.4742825993301565,0.0,0.0,-0.3927378707487445,1.2928996806695146,0.0,0.0,0.0,0.8660254037844359,0.5000000000000047,0.0
target,51.75,0.489689809139419,1.048934960185914,0.9202412131493006,0.989461073029826,0.0,0.0,0.6882442608499846,4.49292228509782,0.0,0.0,0.0,1.0,1.6659529332860122e-14,0.0
target,52.0,0.4984700232054266,0.5248312056261352,0.3402016005028698,0.0385700236517612,0.0,0.0,1.7415050300086408,4.378287421202143,0.0,0.0,0.0,0.8660254037844455,-0.4999999999999881,0.0
target,52.25,0.511513434231475,0.5229437568386852,0.3113433570155999,-0.1483356485571612,0.0,0.0,1.8339548596206128,0.4050905221495193,1.0,1.0,4.0,0.5000000000000093,-0.8660254037844333,0.0
target,52.5,0.4998265495052626,0.3687113836164356,0.3007820131640494,0.4803376709075259,0.0,0.0,0.937140270915021,-3.685768727493173,1.0,0.0,4.0,7.838977475816237e-15,-1.0,0.0
target,52.75,0.4751185097269347,0.2396978107597777,0.1578752718927281,-0.2058980490882331,0.0,0.0,0.1485364957020536,-3.238289571171633,1.0,0.0,4.0,-0.4999999999999834,-0.8660254037844481,0.0
target,53.0,0.4481064271104248,-0.0188490898099863,-0.1246506434783424,0.0379777954074083,0.0,0.0,0.1599416274835204,0.0699501434848637,1.0,0.0,4.0,-0.8660254037844306,-0.500000000000014,0.0
target,53.25,0.3984253834543039,0.105195624876307,0.0343366504585398,0.550856710813608,0.0,0.0,0.1671006582172755,0.0523914388308641,0.0,0.0,0.0,-1.0,-1.3229280333974356e-14,0.0
target,53.5,0.3773065346036071,0.1390170697437209,0.0880488275044227,0.1179333814260696,0.0,0.0,-0.088264778896158,-1.0332138125706365,0.0,0.0,0.0,-0.8660254037844438,0.499999999999991,0.0
target,53.75,0.3744604120506597,0.2098623671398381,0.1339862987075361,0.544527401129464,0.0,0.0,-0.3505457536306229,-1.0618113144310202,0.0,0.0,0.0,-0.5000000000000063,0.8660254037844349,0.0
target,54.0,0.3740476730218231,-0.0488170079874519,-0.1331205733461812,0.0993841568307932,0.0,0.0,-0.4791702692960569,-0.5091079605724798,0.0,0.0,0.0,-1.8619583192132475e-14,1.0,0.0
target,54.25,0.371283726849243,0.1949658518189342,0.0420073017356932,1.1235766580179951,0.0,0.0,-0.5068670172582928,-0.0917460455886156,0.0,0.0,0.0,0.4999999999999864,0.8660254037844465,0.0
target,54.5,0.3637569217071864,-0.0925214673951962,-0.2010027254863894,-0.0022653063043204,0.0,0.0,-0.5644593724050604,-0.2153719628964664,0.0,0.0,0.0,0.8660254037844323,0.500000000000011,0.0
target,54.75,0.3425593333406942,-0.1446562389353305,-0.2954376525553737,0.3354785303631661,0.0,0.0,-0.6391439144358113,-0.2860524902825417,0.0,0.0,0.0,1.0,9.79903133508859e-15,0.0
target,55.0,0.3234038764264928,-0.2183655766476337,-0.3677375493366182,0.393957897316553,0.0,0.0,-0.6759182458408332,-0.129284155222115,0.0,0.0,0.0,0.866025403784442,-0.499999999999994,0.0
target,55.25,0.2809026020493999,0.4664697684098083,0.0469041817821929,2.285434847439305,0.0,0.0,-0.7058040593164284,-0.1007983866387767,1.0,1.0,6.0,0.5000000000000157,-0.8660254037844296,0.0
target,55.5,0.2775529912286919,0.2695405798213975,-0.2010159129913794,0.9837992580092262,0.0,0.0,-0.6860274609553,0.1045682808163632,1.0,0.0,6.0,1.5189334193246713e-14,-1.0,0.0
target,55.75,0.2768414363427111,-0.1621723948474041,-0.5751909855886385,0.5187859014613455,0.0,0.0,-0.5833220449077205,0.4474999729028043,1.0,0.0,6.0,-0.4999999999999894,-0.8660254037844448,0.0
target,56.0,0.2354429598677503,-0.4874619905216444,-0.8134938408243791,0.0185232839666884,0.0,0.0,-0.3700336555749933,0.9047886115520108,1.0,0.0,6.0,-0.866025403784434,-0.5000000000000081,0.0
target,56.25,0.1574207759980781,-0.1246657130051904,-0.6440532050310215,1.0188298848672326,0.0,0.0,-0.1495394232321137,0.9345865998185736,0.0,0.0,0.0,-1.0,-6.368782336202825e-15,0.0
target,56.5,0.0867279877444359,-0.2490448225352375,-0.6842835148294587,0.8279421492066178,0.0,0.0,-0.2162602347195512,-0.2531204448642081,0.0,0.0,0.0,-0.8660254037844475,0.4999999999999847,0.0
target,56.75,0.0264144780692275,-0.2935631225141674,-0.5978035479739864,1.0335028115766365,0.0,0.0,-0.2321386129529758,-0.042874089592231,0.0,0.0,0.0,-0.5000000000000128,0.8660254037844313,0.0
target,57.0,-0.0040692142896887,-0.5973914044277295,-0.7429429389330847,0.3626809275856373,0.0,0.0,-0.1110366147684952,0.5235745054575526,0.0,0.0,0.0,-1.1759085194360944e-14,1.0,0.0
target,57.25,-0.0273068753736884,-0.733998704407617,-0.7173573342102735,0.2469535176583208,0.0,0.0,0.0780529450969992,0.8047203148220892,0.0,0.0,0.0,0.4999999999999923,0.866025403784443,0.0
target,57.5,-0.0273085547236149,-0.7479427728654165,-0.7184813755954945,0.2352870857731651,0.0,0.0,0.0979389198412109,0.1050205798985333,0.0,0.0,0.0,0.8660254037844286,0.5000000000000174,0.0
target,57.75,-0.0396400748507125,-0.6508160056352484,-0.6372661420098793,0.2851343078735812,0.0,0.0,-0.1415606138792482,-0.9676042784084044,0.0,0.0,0.0,1.0,1.7149388052519063e-14,0.0
target,58.0,-0.0538977357062644,-0.7422956601479791,-0.7069850066934661,-0.3815963154673285,0.0,0.0,-0.2908516450047185,-0.5945692430790889,0.0,0.0,0.0,0.8660254037844457,-0.4999999999999877,0.0
target,58.25,-0.0671469005804145,-0.6832024391225485,-0.6676010737353214,-0.125856902793056,0.0,0.0,-0.3085645064981008,-0.0504601431016412,1.0,1.0,3.0,0.5000000000000098,-0.866025403784433,0.0
target,58.5,-0.0882690018460095,-0.6929307744756179,-0.6759177643903579,-0.6459623357341112,0.0,0.0,-0.2619164745073379,0.2156884735368321,1.0,0.0,3.0,8.328836195475178e-15,-1.0,0.0
target,58.75,-0.0987604293999954,-0.5417966347832447,-0.4238059799580735,-0.2107383421383995,0.0,0.0,-0.3372338425004255,-0.2886693861230311,1.0,0.0,3.0,-0.499999999999983,-0.8660254037844485,0.0
target,59.0,-0.0972988752164902,-0.678780951689944,-0.543364992654795,-0.0681828677784777,0.0,0.0,-0.365536238447859,-0.0942505536012323,1.0,0.0,3.0,-0.8660254037844303,-0.5000000000000144,0.0
target,59.25,-0.1052029245024528,-0.6242374221879899,-0.4944501679902822,-0.3343871407561855,0.0,0.0,-0.3408523871906252,0.1248610160332122,0.0,0.0,0.0,-1.0,-1.3719139053633295e-14,0.0
target,59.5,-0.1132235150015846,-0.6212599226938281,-0.5310390452061506,-0.4435666300058997,0.0,0.0,-0.2797379091946007,0.2755108964950222,0.0,0.0,0.0,-0.866025403784444,0.4999999999999907,0.0
target,59.75,-0.1299603889289063,-0.7255761372190518,-0.6386478857126135,-0.5449849976673589,0.0,0.0,-0.1436316048493425,0.5856211165614644,0.0,0.0,0.0,-0.5000000000000068,0.8660254037844347,0.0
target,60.0,-0.1417962901643277,-0.7963384701112391,-0.7122353383480275,-0.1874490798468798,0.0,0.0,-0.0213001985726862,0.5286584196996276,0.0,0.0,0.0,-1.9109441911791416e-14,1.0,0.0
target,60.25,-0.1578639914032449,-0.6018367060072572,-0.5126129825803011,-0.1918369171498542,0.0,0.0,0.0707407642077614,0.4033997541115288,0.0,0.0,0.0,0.499999999999986,0.8660254037844467,0.0
target,60.5,-0.1732543505490719,-0.6937645795830536,-0.6213758602678641,-0.4213209204510567,0.0,0.0,0.0376569836102327,-0.1140227917003314,0.0,0.0,0.0,0.866025403784432,0.5000000000000114,0.0
target,60.75,-0.1912555554900024,-0.565397822181128,-0.532235855516827,-0.1734406160713326,0.0,0.0,0.0854521970190666,0.2204323596285962,0.0,0.0,0.0,1.0,1.0288890054747531e-14,0.0
target,61.0,-0.2025514033356794,-0.7314145221787663,-0.6636160978419773,-0.8107880470932096,0.0,0.0,0.0504348071914954,-0.1220187562346332,0.0,0.0,0.0,0.8660254037844423,-0.4999999999999936,0.0
target,61.25,-0.2161209339370569,-0.624271221187615,-0.622265754315884,-0.5769203726985904,0.0,0.0,-0.2392836759850203,-1.1752723700588013,1.0,1.0,4.0,0.5000000000000038,-0.8660254037844365,0.0
target,61.5,-0.245639193832063,1.671529490847875,1.907369871914163,5.842316820598185,0.0,0.0,-0.2559169091897342,-0.0459956063315969,1.0,0.0,4.0,1.567919291290565e-14,-1.0,0.0
target,61.75,-0.2987536837830838,6.793742575746815,7.429371911650041,18.18725073391963,1.0,0.0,0.0605039735558574,1.33126762646923,1.0,0.0,4.0,-0.4999999999999767,-0.8660254037844521,0.0
target,62.0,-0.2996368030783684,0.3874914481229526,0.4448182793521743,-0.5816103082059378,0.0,0.0,0.0275952897611575,-0.1132987220156528,1.0,0.0,4.0,-0.8660254037844337,-0.5000000000000084,0.0
target,62.25,-0.2832920114847006,0.5001826330501724,0.4494160201502779,0.5794385401568368,0.0,0.0,-0.3145449395381423,-1.3920495845607903,0.0,0.0,0.0,-1.0,-2.1069495771063772e-14,0.0
target,62.5,-0.2481004202010686,0.1794066944216229,0.0632328298125014,-0.0100750157771034,0.0,0.0,-0.4701251251725808,-0.6205764919187874,0.0,0.0,0.0,-0.8660254037844406,0.4999999999999966,0.0
target,62.75,-0.2320564264644513,0.2786468565618916,0.2880336770925638,-0.3451175379063843,0.0,0.0,-0.4956759249362558,-0.0828720055698035,0.0,0.0,0.0,-0.5000000000000131,0.866025403784431,0.0
target,63.0,-0.2378498202915212,0.0288145059693726,-0.0048999570657154,-0.6361743755097099,0.0,0.0,-0.5340839280277251,-0.1360398019487486,0.0,0.0,0.0,-2.6459798629221888e-14,1.0,0.0
target,63.25,-0.2434600951526645,-0.8903734458187094,-0.8623103293281067,-0.9002849243305522,0.0,0.0,-0.6362204509140341,-0.3995733930104153,0.0,0.0,0.0,0.4999999999999919,0.8660254037844433,0.0
target,63.5,-0.2564214220231824,-0.4362854599834445,-0.5501510759900351,-0.5353521218291555,0.0,0.0,-0.6260414695609191,0.0648797005088528,0.0,0.0,0.0,0.8660254037844284,0.5000000000000178,0.0
target,63.75,-0.2575307945790845,-0.6104692333758212,-0.6794081253595448,-0.9299124820525928,0.0,0.0,-0.5955368038848827,0.1489315598278728,0.0,0.0,0.0,1.0,3.4283920569760004e-15,0.0
target,64.0,-0.264520469882538,-0.8913270086670805,-0.8479178603805249,-0.9396544847628298,0.0,0.0,-0.5622353113886327,0.1604971480116447,0.0,0.0,0.0,0.866025403784446,-0.4999999999999872,0.0
target,64.25,-0.2657532354565024,-0.2756421237044613,-0.3215737895836869,-0.2366355715094546,0.0,0.0,-0.547547305375606,0.0835256609773764,1.0,1.0,7.0,0.5000000000000225,-0.8660254037844257,0.0
target,64.5,-0.2671786003282735,-0.4112683463071589,-0.3397859998640443,-0.694173283737098,0.0,0.0,-0.5270054611554201,0.1077327665118053,1.0,0.0,7.0,8.81869491513412e-15,-1.0,0.0
target,64.75,-0.2942850308587775,3.6247252382440656,4.199662420319155,14.298612002137592,1.0,0.0,-0.4550945192722216,0.3201570126783913,1.0,0.0,7.0,-0.4999999999999825,-0.8660254037844487,0.0
target,65.0,-0.3294303695997018,2.269251744566437,2.859928267346678,10.47265955529739,0.0,0.0,-0.4479296027884597,0.0524157778997829,1.0,0.0,7.0,-0.8660254037844372,-0.5000000000000026,0.0
target,65.25,-0.3333332648570178,-1.354230045059563,-1.1688838129500922,-1.3687667832397687,0.0,0.0,-0.3399080067162117,0.4694837255011918,0.0,0.0,0.0,-1.0,-1.4208997773292239e-14,0.0
target,65.5,-0.322425774605482,-1.0386780006781733,-0.8695830550359611,0.2641288597733029,0.0,0.0,-0.1810861316771603,0.6795557621051259,0.0,0.0,0.0,-0.8660254037844514,0.4999999999999779,0.0
target,65.75,-0.3229380492549332,-1.2572144377762242,-1.04267030425241,-0.976626187012116,0.0,0.0,0.0,0.7716241095741735,0.0,0.0,0.0,-0.5000000000000072,0.8660254037844345,0.0
target,66.0,-0.3244159131743476,-1.3120150632662153,-1.10036821077733,-1.1589346729825718,0.0,0.0,0.1731013956285991,0.738605201064592,0.0,0.0,0.0,-1.959930063145036e-14,1.0,0.0
target,66.25,-0.3276214854822425,-1.20747287995711,-1.0042132523716194,-0.948865246026348,0.0,0.0,-0.0354964674622876,-0.8398180336151364,0.0,0.0,0.0,0.4999999999999979,0.8660254037844398,0.0
target,66.5,-0.3246029136858389,-1.2687110156146824,-1.045781132643978,-1.126371905928747,0.0,0.0,-0.2784854743945805,-0.9820341350783608,0.0,0.0,0.0,0.8660254037844318,0.5000000000000119,0.0
target,66.75,-0.329396745663582,-1.2669508469764656,-1.0541410626454712,-1.2529445701200037,0.0,0.0,-0.2822036047238859,0.0074116193602013,0.0,0.0,0.0,1.0,2.498960348960848e-14,0.0
target,67.0,-0.3305600080271911,-1.1934146470537257,-0.9891063750769872,-0.8491995920740516,0.0,0.0,-0.321680306830202,-0.14045914339985,0.0,0.0,0.0,0.8660254037844426,-0.4999999999999932,0.0
target,67.25,-0.3286193927655786,-1.3475773668577145,-1.1696357547454728,-1.3839679675734031,0.0,0.0,-0.2391340545592015,0.3641367182729316,1.0,1.0,5.0,0.5000000000000165,-0.866025403784429,0.0
target,67.5,-0.325744133360343,-1.196635854897406,-0.9989095185932696,-0.8181871491334662,0.0,0.0,-0.1513235310839023,0.3859058147348845,1.0,0.0,5.0,1.9581969173625882e-15,-1.0,0.0
target,67.75,-0.3225574931193607,-1.288774529042109,-1.0865405855715953,-1.167050461586551,0.0,0.0,-0.0800895704931362,0.3173575233500556,1.0,0.0,5.0,-0.4999999999999885,-0.8660254037844453,0.0
target,68.0,-0.320798842702532,-1.2806053931823054,-1.0468395567414304,-1.29003470915451,0.0,0.0,0.1338476013619557,0.9074714918148388,1.0,0.0,5.0,-0.8660254037844264,-0.5000000000000212,0.0
target,68.25,0.1473824605035826,9.276344560665615,11.449283070671674,34.846531233093096,1.0,0.0,0.2094080275130247,0.3352485556442587,0.0,0.0,0.0,-1.0,-7.348499775520708e-15,0.0
target,68.5,0.201016603805891,-0.600823610530037,-0.7655681756604652,0.5581100778094066,0.0,0.0,0.1120046197894742,-0.3800007614827143,0.0,0.0,0.0,-0.8660254037844479,0.4999999999999838,0.0
target,68.75,0.1984565564991756,0.1776135550343872,-0.273200160318979,-0.940754386766025,0.0,0.0,0.1625331067608486,0.2317351389746266,0.0,0.0,0.0,-0.5000000000000259,0.8660254037844237,0.0
target,69.0,0.19454558406201,0.0311688881572606,-0.4877937129847542,-0.286056844846942,0.0,0.0,0.2545314397864159,0.4032234692640876,0.0,0.0,0.0,-1.2738802633678828e-14,1.0,0.0
target,69.25,0.1906307348454211,-0.09388923677135,-0.547256877862908,-0.9729594080515456,0.0,0.0,0.2281696084127717,-0.0862258269566455,0.0,0.0,0.0,0.4999999999999792,0.8660254037844506,0.0
target,69.5,0.1980076252989193,-0.2762332840175208,-0.7145878127329168,-0.6441083374205315,0.0,0.0,0.0629179536067617,-0.660570469651702,0.0,0.0,0.0,0.8660254037844353,0.5000000000000059,0.0
target,69.75,0.2092785555189922,-0.6752226590072655,-0.8145088595196528,-0.6223503449741058,0.0,0.0,-0.2098295336746332,-1.1050929981460065,0.0,0.0,0.0,1.0,1.8129105491836944e-14,0.0
target,70.0,0.2163816580771242,-0.9726643326192372,-0.9737823907121368,-0.84464237073686,0.0,0.0,-0.3764215974558075,-0.6661134006950329,0.0,0.0,0.0,0.8660254037844534,-0.4999999999999745,0.0
target,70.25,0.2211612197508686,-0.8384398359902218,-0.840087146691879,-0.6820647330317308,0.0,0.0,-0.4891573052672808,-0.4434037106554417,1.0,1.0,9.0,0.5000000000000107,-0.8660254037844325,0.0
target,70.5,0.2252254560441613,-1.1022545031506112,-1.0342355873373572,-1.254661934924171,0.0,0.0,-0.557113173784804,-0.2582277188971253,1.0,0.0,9.0,2.3519408349995063e-14,-1.0,0.0
target,70.75,0.2221375392732972,-0.9575597763545204,-0.9090421377656308,-0.9317244663269162,0.0,0.0,-0.5661379036093389,-0.0145325153193101,1.0,0.0,9.0,-0.4999999999999945,-0.8660254037844418,0.0
target,71.0,0.2162550417176262,-1.0579718928579087,-0.957767138851192,-0.5906544220753424,0.0,0.0,-0.5833794134293446,-0.0485109843962805,1.0,0.0,9.0,-0.8660254037844298,-0.5000000000000153,0.0
target,71.25,0.2099038725572032,-1.020562769665282,-0.9524541441460016,-1.0931076414413554,0.0,0.0,-0.6107426613370653,-0.0903669382867582,0.0,0.0,0.0,-1.0,-2.890971120815318e-14,0.0
target,71.5,0.2077419238844444,-0.9313318823665095,-0.9254582443787842,-0.6335597097453101,0.0,0.0,-0.5909208711290259,0.1047551605641043,0.0,0.0,0.0,-0.8660254037844445,0.4999999999999898,0.0
target,71.75,0.2115741296388082,-0.8282598325735013,-0.9024755596071532,-0.3625390199151962,0.0,0.0,-0.6030739638981956,-0.0274690894559431,0.0,0.0,0.0,-0.50000000000002,0.8660254037844272,0.0
target,72.0,0.2162655548723506,-0.7318435496184508,-0.8816554976900681,-0.8039942872811277,0.0,0.0,-0.5430685084607998,0.2709248069642323,0.0,0.0,0.0,-5.878304635907295e-15,1.0,0.0
target,72.25,0.1892169926860949,0.1854793399172081,-0.3739410333931649,-0.3262137113160415,0.0,0.0,-0.4634585520852848,0.3519943900932084,0.0,0.0,0.0,0.4999999999999851,0.8660254037844473,0.0
target,72.5,0.1605504627556532,0.466656792400514,-0.1565172206829732,0.4782454465944138,0.0,0.0,-0.4637107950123259,0.0217439427261686,0.0,0.0,0.0,0.8660254037844244,0.5000000000000246,0.0
target,72.75,0.2373169008622419,0.90004697838813,0.0990251018144003,0.7540286612699091,0.0,0.0,-0.4473601354829488,0.0904011549205233,0.0,0.0,0.0,1.0,1.1268607494065414e-14,0.0
target,73.0,0.214941665679056,0.4020292725518564,-0.585891592143604,0.7188042854328881,0.0,0.0,-0.4531291368564265,-0.0010692525134131,0.0,0.0,0.0,0.8660254037844499,-0.4999999999999804,0.0
target,73.25,0.2062430870363651,-0.0036355065548817,-0.9281028118959632,0.2873724440873015,0.0,0.0,-0.4692633177007376,-0.0439318982604204,1.0,1.0,3.0,0.5000000000000047,-0.8660254037844359,0.0
target,73.5,0.1629739884694843,-0.1607165803575038,-0.8533123428443433,-0.5366655640493059,0.0,0.0,-0.5039678975503237,-0.1207252076462821,1.0,0.0,3.0,1.6658910352223535e-14,-1.0,0.0
target,73.75,0.1592413395450647,-0.8128656717655993,-1.0450109527932845,-0.8847311784010842,0.0,0.0,-0.5426078921138371,-0.1369991455192615,1.0,0.0,3.0,-0.4999999999999758,-0.8660254037844526,0.0
target,74.0,0.1486683454385052,-0.8124706655995163,-1.0286670795406934,-1.0299802749951237,0.0,0.0,-0.4468642561975759,0.4187112465351691,1.0,0.0,3.0,-0.8660254037844333,-0.5000000000000093,0.0
target,74.25,0.1951690208574334,-0.2571494717085331,-0.8816986889887132,0.4843360575530829,0.0,0.0,-0.4328482127762997,0.0807469252491153,0.0,0.0,0.0,-1.0,-2.204921321038165e-14,0.0
target,74.5,0.2129066271984132,0.6482693700488056,-0.414399992674693,1.7461191769114692,0.0,0.0,-0.602916038963187,-0.680486559704586,0.0,0.0,0.0,-0.866025403784441,0.4999999999999958,0.0
target,74.75,0.2105122264215168,1.6233501652665492,1.2253795028765229,2.231423068446573,0.0,0.0,-0.6742143310464263,-0.2720494879882316,0.0,0.0,0.0,-0.500000000000014,0.8660254037844306,0.0
target,75.0,0.2878786454734957,0.6129765848658748,0.281624325401998,0.9686974952050148,0.0,0.0,-0.6744907594765952,0.0216439295372317,0.0,0.0,0.0,-2.7439516068539766e-14,1.0,0.0
target,75.25,0.3162459448924889,-0.1388330641746702,-0.7018124194743904,-0.6389892233417189,0.0,0.0,-0.6231743969147845,0.2349932043482763,0.0,0.0,0.0,0.4999999999999911,0.8660254037844438,0.0
target,75.5,0.3309452004268224,-0.3394653456250718,-0.7468976506156271,-0.8564740731913898,0.0,0.0,-0.5264641027577075,0.4227086235078597,0.0,0.0,0.0,0.8660254037844278,0.5000000000000187,0.0
target,75.75,0.3305879492929077,-0.7436655842033659,-0.9378055354246124,-0.8037975300839212,0.0,0.0,-0.4627398263059524,0.2863030749608012,0.0,0.0,0.0,1.0,4.408109496293883e-15,0.0
target,76.0,0.3243101258060454,-0.451327189632037,-0.7975838782866492,-0.5104594311552003,0.0,0.0,-0.4109459340690266,0.2369679106575823,0.0,0.0,0.0,0.8660254037844465,-0.4999999999999864,0.0
target,76.25,0.3148848323730807,-0.317471155335152,-0.7051058956915022,-0.5425157435088752,0.0,0.0,-0.3702578578573633,0.1910425449307504,1.0,1.0,5.0,0.5000000000000233,-0.8660254037844252,0.0
target,76.5,0.298676282599798,-0.5822956385699585,-0.91210634589671,-1.0105167187172996,0.0,0.0,-0.3895743118607093,-0.0570914048053618,1.0,0.0,5.0,9.798412354452e-15,-1.0,0.0
target,76.75,0.2662584683703273,0.0237949964066457,-0.5337012731846685,-0.0428176198929371,0.0,0.0,-0.3365293567315967,0.2421413729894137,1.0,0.0,5.0,-0.4999999999999817,-0.8660254037844491,0.0
target,77.0,0.2476083737706886,0.2474719032539884,-0.3121200474583159,-0.1739168450236064,0.0,0.0,-0.2784450842990006,0.2629802280226312,1.0,0.0,5.0,-0.8660254037844367,-0.5000000000000034,0.0
target,77.25,0.214795139717041,0.6758936953112442,0.3669923355011935,0.6871317127410141,0.0,0.0,-0.2288681035822771,0.2278004193073093,0.0,0.0,0.0,-1.0,-1.5188715212610122e-14,0.0
target,77.5,0.2182003652120314,0.5141702976089364,-0.0403922711088044,0.3754575486731767,0.0,0.0,-0.1176156561590347,0.4828441151894349,0.0,0.0,0.0,-0.8660254037844519,0.4999999999999771,0.0
target,77.75,0.2380251289815186,-0.2204047847839856,-0.7018585331415055,-0.5330178785774097,0.0,0.0,0.022211793649432,0.6010089967435118,0.0,0.0,0.0,-0.5000000000000081,0.866025403784434,0.0
target,78.0,0.2389674947508417,-0.5077493798529215,-0.7598966370942237,-0.801170454639055,0.0,0.0,0.1218682290902661,0.4348916648649005,0.0,0.0,0.0,-2.057901807076824e-14,1.0,0.0
target,78.25,0.2451773375712228,-0.305001414230357,-0.6530885797383392,-0.2012016680082941,0.0,0.0,0.1173671178254904,0.0041737946261325,0.0,0.0,0.0,0.4999999999999724,0.8660254037844546,0.0
target,78.5,0.2320211496304916,-0.8660582148696685,-0.9688978468162832,-1.128728473934132,0.0,0.0,0.2040136914266997,0.3810925868249602,0.0,0.0,0.0,0.8660254037844313,0.5000000000000128,0.0
target,78.75,0.2142670950971956,-0.7207321197378447,-0.8022722015716913,-0.8063219196518704,0.0,0.0,0.3656563574800424,0.6912204483087877,0.0,0.0,0.0,1.0,2.5969320928926363e-14,0.0
target,79.0,0.2048645394950606,-0.8821991282735436,-0.8934978337573458,-1.026968166758264,0.0,0.0,0.448883611169057,0.3669528318400617,0.0,0.0,0.0,0.866025403784443,-0.4999999999999923,0.0
target,79.25,0.1995246182860901,-0.8770092824380987,-0.8448874689386698,-0.5569241557037994,0.0,0.0,0.5478760556395816,0.4321458938129209,1.0,1.0,3.0,0.5000000000000174,-0.8660254037844286,0.0
target,79.5,0.1881390573606327,-0.8375868297826067,-0.860495496314054,-0.3721632873347051,0.0,0.0,0.5696803393678791,0.1129532740356239,1.0,0.0,3.0,3.135962378708448e-14,-1.0,0.0
target,79.75,0.1653592170455415,-0.7740320165620989,-0.8503588658246088,-0.6266400509649144,0.0,0.0,0.7267208188884097,0.6721892398697396,1.0,0.0,3.0,-0.4999999999999877,-0.8660254037844457,0.0
target,80.0,0.1490338303200148,-0.6560041518008393,-0.7962097975891608,-0.7015972284417016,0.0,0.0,0.8775417918074416,0.6464700027903089,1.0,0.0,3.0,-0.8660254037844259,-0.5000000000000221,0.0
target,80.25,0.1281745722209567,-0.3728437268690066,-0.52991860081754,-0.1299688890014844,0.0,0.0,0.8575668869310277,-0.0598142661502655,0.0,0.0,0.0,-1.0,-8.32821721483859e-15,0.0
target,80.5,0.1203081125390752,-0.59557419175853,-0.739286567864575,-0.8925587374399153,0.0,0.0,0.774962759926802,-0.3188019825741673,0.0,0.0,0.0,-0.8660254037844485,0.499999999999983,0.0
target,80.75,0.1127777013344268,-0.5160568499159152,-0.6310694768675174,-0.7740437692010729,0.0,0.0,0.8279285488645727,0.2418140007114732,0.0,0.0,0.0,-0.5000000000000268,0.8660254037844233,0.0
target,81.0,-0.0120932564284308,5.455441454461061,5.95779032471671,20.715163398043288,1.0,0.0,0.8263760794475878,0.016367176449602,0.0,0.0,0.0,-1.3718520072996711e-14,1.0,0.0
target,81.25,-0.0944720555362576,0.3696421357815137,0.6868051851188335,4.567290480910461,0.0,0.0,0.7275575140269425,-0.3858527974476882,0.0,0.0,0.0,0.4999999999999783,0.8660254037844511,0.0
target,81.5,-0.0820371170514448,-1.081650722676193,-0.9068735510645028,0.8814726191076355,0.0,0.0,0.6254785255611778,-0.3993354735905927,0.0,0.0,0.0,0.8660254037844347,0.5000000000000068,0.0
target,81.75,-0.0822113519297808,-1.3146809323543442,-1.1047248927784474,-0.6269002502945697,0.0,0.0,0.4412717830711529,-0.7389545642821517,0.0,0.0,0.0,1.0,1.9108822931154828e-14,0.0
target,82.0,-0.0767931542356528,-1.3220010776765565,-1.1097560782173383,-0.8618633669016932,0.0,0.0,0.4009401602501833,-0.1439944573649469,0.0,0.0,0.0,0.8660254037844538,-0.4999999999999737,0.0
target,82.25,-0.0677153470660797,-1.231253932624889,-1.045962769812665,-0.881468183972769,0.0,0.0,0.3201552498796181,-0.3112790604361505,1.0,1.0,2.0,0.5000000000000114,-0.866025403784432,0.0
target,82.5,-0.0591158831937175,-1.2688324998558704,-1.0528970317315685,-0.6825934661908232,0.0,0.0,0.3204630732366371,0.02405995884495,1.0,0.0,2.0,2.4499125789312947e-14,-1.0,0.0
target,82.75,-0.0536835536519985,-1.2512862461568144,-1.0410711491153868,-0.8380312351349039,0.0,0.0,0.4736961431261219,0.6564446354768799,1.0,0.0,2.0,-0.4999999999999936,-0.8660254037844423,0.0
target,83.0,-0.0438515989737243,-1.2365849960408213,-1.031850046013286,-0.2167056933419275,0.0,0.0,0.5302783706376384,0.2567688913516654,1.0,0.0,2.0,-0.8660254037844294,-0.5000000000000161,0.0
target,83.25,-0.0382597323805528,-1.2531212868981756,-1.060706819624862,-0.8553406157601131,0.0,0.0,0.4735804118585148,-0.2116734070951305,0.0,0.0,0.0,-1.0,-2.988942864747106e-14,0.0
target,83.5,-0.0272960111926493,-1.149697155079697,-0.9759103626612012,-0.6958808208558237,0.0,0.0,0.5057564065471073,0.1558429291479574,0.0,0.0,0.0,-0.866025403784445,0.4999999999999889,0.0
target,83.75,-0.0176261980238019,-1.201966171092444,-1.0214764220826067,-0.4926574001766995,0.0,0.0,0.426853061612769,-0.3034983101877105,0.0,0.0,0.0,-0.5000000000000208,0.8660254037844266,0.0
target,84.0,-0.0026026973614392,-1.129876124941062,-0.9608458841107828,-0.7059425586930463,0.0,0.0,0.5266613974293098,0.4355198114407582,0.0,0.0,0.0,-6.858022075225178e-15,1.0,0.0
target,84.25,0.0065846521809479,-1.0816707003814912,-0.9286403827558444,1.4739714734541354,0.0,0.0,0.5792578821888604,0.2402868342780817,0.0,0.0,0.0,0.4999999999999843,0.8660254037844477,0.0
target,84.5,0.0220225421486108,-1.090643433163198,-0.9233990391246688,-0.5775548967035314,0.0,0.0,0.4214027900438436,-0.629983807261938,0.0,0.0,0.0,0.8660254037844239,0.5000000000000254,0.0
target,84.75,0.039568883473071,-1.0247099287221175,-0.900207013442973,-0.4045130595125822,0.0,0.0,0.3172570797926204,-0.4078818922992124,0.0,0.0,0.0,1.0,1.2248324933383295e-14,0.0
target,85.0,0.0586827786809399,-1.0510736068854702,-0.9091849409100038,-0.3662526072757868,0.0,0.0,0.2783825723696709,-0.1379689156660705,0.0,0.0,0.0,0.8660254037844504,-0.4999999999999796,0.0
target,85.25,0.0778366141538334,-1.0748886590271582,-0.9231075174248136,-0.5456486195984348,0.0,0.0,0.3543456500777299,0.3369136219458418,1.0,1.0,9.0,0.5000000000000056,-0.8660254037844355,0.0
target,85.5,0.0974061000530446,-0.9616250111398346,-0.8555180509046862,-0.233092789273816,0.0,0.0,0.3291405106349903,-0.0814426124824245,1.0,0.0,9.0,1.7638627791541416e-14,-1.0,0.0
target,85.75,0.1235962820776242,-0.9666124685721664,-0.8662694090983017,-0.1712542697738688,0.0,0.0,0.2506152977197569,-0.3019346383934984,1.0,0.0,9.0,-0.4999999999999749,-0.8660254037844531,0.0
target,86.0,0.1459869180935525,-0.992222863641213,-0.8828558936127789,-0.561068309852205,0.0,0.0,0.1092203290595088,-0.5619170223244538,1.0,0.0,9.0,-0.8660254037844327,-0.5000000000000102,0.0
target,86.25,0.1663654865239831,-0.9173046726071123,-0.8215023852333347,0.2668771838073229,0.0,0.0,-0.0013902373115573,-0.4346157118582408,0.0,0.0,0.0,-1.0,-2.302893064969953e-14,0.0
target,86.5,0.2008795167103271,-0.8845514011969853,-0.7940233528083535,-0.022822337842725,0.0,0.0,0.0334062053788087,0.1666791461873758,0.0,0.0,0.0,-0.8660254037844416,0.4999999999999949,0.0
target,86.75,0.2288749612998148,-0.895478208285928,-0.8032542981445341,-0.4380232482334284,0.0,0.0,0.0349891141897875,0.0293327605618938,0.0,0.0,0.0,-0.5000000000000149,0.86602540378443,0.0
target,87.0,0.2648085030596634,-0.8259513079336211,-0.7613200330147245,-0.3256189952265263,0.0,0.0,-0.0221713694516013,-0.2135860646980451,0.0,0.0,0.0,-2.841923350785765e-14,1.0,0.0
target,87.25,0.3089090678642863,-0.6686828433758968,-0.664671033932826,-0.4029160422678007,0.0,0.0,0.008828488547248,0.1509793056647006,0.0,0.0,0.0,0.4999999999999902,0.8660254037844443,0.0
target,87.5,0.3624293902286254,-0.5315109903621777,-0.5193826362129274,-0.2676197249642902,0.0,0.0,0.1004351676870966,0.4016038811222482,0.0,0.0,0.0,0.8660254037844274,0.5000000000000195,0.0
target,87.75,0.4171600084315528,-0.4759521323663273,-0.4829370535553705,0.8495439475468417,0.0,0.0,0.2435621763294764,0.6146535092980104,0.0,0.0,0.0,1.0,3.3809536366015776e-14,0.0
target,88.0,0.4715688382140415,-0.5283017650678783,-0.5168493544686901,0.8035599257855823,0.0,0.0,0.4072351134077118,0.6996161338784649,0.0,0.0,0.0,0.8660254037844469,-0.4999999999999855,0.0
target,88.25,0.5301447140112802,-0.3855873924164407,-0.4493840036935733,2.8960272791095734,0.0,0.0,0.5967791939062121,0.8065998729071233,1.0,1.0,1.0,0.5000000000000242,-0.8660254037844247,0.0
target,88.5,0.593613996727543,-0.4810247544581425,-0.4595190361798077,0.1431198706556944,0.0,0.0,0.8673015524515958,1.141465588922282,1.0,0.0,1.0,1.0778129793769884e-14,-1.0,0.0
target,88.75,0.6480756992231611,-0.4430484310666508,-0.4586725628358246,-0.0819098201279741,0.0,0.0,0.9845377805258968,0.5075885656831126,1.0,0.0,1.0,-0.4999999999999809,-0.8660254037844497,0.0
target,89.0,0.6943084679269175,-0.5431959938959084,-0.5641996767786999,-0.217094269497921,0.0,0.0,1.0712877149976745,0.3815200102373325,1.0,0.0,1.0,-0.866025403784422,-0.5000000000000289,0.0
target,89.25,0.7366061429901339,-0.7115303746586114,-0.6799748358459731,-0.0640322094868978,0.0,0.0,1.1725815856104844,0.4416628745586251,0.0,0.0,0.0,-1.0,-1.6168432651928003e-14,0.0
target,89.5,0.7789684402582864,-0.6955548877461609,-0.6796731824417629,0.0038314373997226,0.0,0.0,1.087928884528785,-0.327273355907968,0.0,0.0,0.0,-0.8660254037844524,0.4999999999999762,0.0
target,89.75,0.7996102693692418,-0.8131280516838344,-0.7719451292048874,0.0397040516000265,0.0,0.0,0.9084034124280612,-0.7195963240406591,0.0,0.0,0.0,-0.5000000000000089,0.8660254037844335,0.0
target,90.0,0.8152471452642027,-1.029796482445265,-0.9364330624419176,0.0946061350216092,0.0,0.0,0.8057653247700928,-0.401647490539291,0.0,0.0,0.0,-2.155873551008612e-14,1.0,0.0
target,90.25,0.099590160285635,8.92590189901936,11.011233735599546,21.97676607871728,1.0,0.0,0.9398921219784968,0.5774353525426748,0.0,0.0,0.0,0.4999999999999716,0.866025403784455,0.0
target,90.5,-0.0799100114937787,-0.8248199275575422,-0.790570572131578,-0.6613165029873808,0.0,0.0,1.1702937662092403,0.9755562605190125,0.0,0.0,0.0,0.8660254037844308,0.5000000000000135,0.0
target,90.75,-0.0869526302875618,-0.8070977226137874,-0.7813199341254362,-0.5745238082699516,0.0,0.0,1.150061934088196,-0.0608767254641949,0.0,0.0,0.0,1.0,2.694903836824424e-14,0.0
target,91.0,-0.0913430257912744,-0.8956426833437704,-0.8334242343447812,-0.6679471594455442,0.0,0.0,0.9997875030026416,-0.598635851306696,0.0,0.0,0.0,0.8660254037844436,-0.4999999999999915,0.0
target,91.25,-0.0961850854007276,-0.7681046360396768,-0.6800401690497281,-0.8430731967802082,0.0,0.0,0.9234622654783576,-0.2928371822327294,1.0,1.0,5.0,0.5000000000000182,-0.8660254037844282,0.0
target,91.5,-0.0918833532341499,-0.7234578416967735,-0.6951847845927024,-0.7083211719153392,0.0,0.0,1.027549736433811,0.4532151204394002,1.0,0.0,5.0,3.2339341226402363e-14,-1.0,0.0
target,91.75,-0.0949390623278147,-0.7115509936477491,-0.7072344048784543,-1.0451185757495691,0.0,0.0,1.1008064296564537,0.3257220357528561,1.0,0.0,5.0,-0.4999999999999868,-0.8660254037844463,0.0
target,92.0,-0.0991194211287537,-0.595298253988643,-0.6726359631205832,-0.2822110119848252,0.0,0.0,1.04177246713359,-0.2213333749918147,1.0,0.0,5.0,-0.8660254037844254,-0.5000000000000229,0.0
target,92.25,-0.1104383144596882,-0.4776358775065058,-0.6137238300820361,-0.3340263139465452,0.0,0.0,0.9612199134859452,-0.3103182064606358,0.0,0.0,0.0,-1.0,-9.307934654156472e-15,0.0
target,92.5,-0.1297504635155339,-0.4384600178393588,-0.525559425022285,-0.668900869491273,0.0,0.0,0.9282935402111014,-0.1133718725021436,0.0,0.0,0.0,-0.8660254037844489,0.4999999999999822,0.0
target,92.75,-0.1497449483891335,-0.3311092165126175,-0.442447314125338,-0.5921065907407684,0.0,0.0,0.9148077644039228,-0.0329800717898198,0.0,0.0,0.0,-0.5000000000000275,0.8660254037844227,0.0
target,93.0,-0.1630457732317315,-0.4670847749309367,-0.555205122970016,-0.8778440495955034,0.0,0.0,0.7925309572422122,-0.482858576115031,0.0,0.0,0.0,-1.469823751231459e-14,1.0,0.0
target,93.25,-0.179629443118,-0.4514599896006569,-0.5420438891792123,-0.7666264274710025,0.0,0.0,0.6355787403118651,-0.6262501892778942,0.0,0.0,0.0,0.4999999999999775,0.8660254037844516,0.0
target,93.5,-0.2037135921259347,-0.2754644267289625,-0.4575504912684623,-0.5636960074144078,0.0,0.0,0.3514768541415698,-1.1520463170552078,0.0,0.0,0.0,0.8660254037844343,0.5000000000000077,0.0
target,93.75,-0.2190208688479122,-0.3462404287944259,-0.4549306233918913,-0.5321409651723,0.0,0.0,0.1519716943106634,-0.8022173997031157,0.0,0.0,0.0,1.0,2.0088540370472713e-14,0.0
target,94.0,-0.2310861899683054,-0.3691295663993779,-0.4900324563196224,-0.5101815082434403,0.0,0.0,0.09153203261099,-0.2271462975767052,0.0,0.0,0.0,0.8660254037844544,-0.4999999999999728,0.0
target,94.25,0.8780738551272106,11.714307745227956,13.355346246682496,30.043811012977432,1.0,1.0,0.0224258955703331,-0.2629843709512212,1.0,1.0,5.0,0.5000000000000123,-0.8660254037844315,0.0
target,94.5,1.178763501703034,-0.9818252336226996,-1.0533846674597318,-0.4356869106933481,0.0,0.0,0.0621279215165573,0.1869649770183775,1.0,0.0,5.0,2.5478843228630832e-14,-1.0,0.0
target,94.75,1.188766353769121,-0.9078296104618214,-0.9463440344914648,-0.2103309164511674,0.0,0.0,0.2544347337798971,0.818024469390333,1.0,0.0,5.0,-0.4999999999999928,-0.8660254037844428,0.0
target,95.0,1.1998426810055378,-0.918553163189872,-0.9667525443546668,-0.1882219742962159,0.0,0.0,0.3412403335850208,0.3817502005075845,1.0,0.0,5.0,-0.8660254037844288,-0.500000000000017,0.0
target,95.25,1.1907314500777857,-1.0008484718396435,-0.995614518719554,-0.1224250717521999,0.0,0.0,0.3078728802764341,-0.1151958503006564,0.0,0.0,0.0,-1.0,-3.086914608678895e-14,0.0
target,95.5,1.1766615017952522,-0.8361665216544036,-0.9595025527132676,0.1091511997640059,0.0,0.0,0.3564034144080867,0.2234730972966028,0.0,0.0,0.0,-0.8660254037844455,0.4999999999999881,0.0
target,95.75,1.1608444595589695,-0.7412567481502745,-0.9406180148779432,0.5102649010964588,0.0,0.0,0.5193863936954369,0.6967629834381552,0.0,0.0,0.0,-0.5000000000000216,0.8660254037844262,0.0
target,96.0,1.1465467726478469,-0.8354907691050265,-0.9892268044217444,0.1376771695240797,0.0,0.0,0.316424109766344,-0.8165134845843258,0.0,0.0,0.0,-7.83773951454306e-15,1.0,0.0
target,96.25,1.130993604494489,-0.8450949136680685,-0.9781410132331716,-0.1448193577008519,0.0,0.0,0.1103903013283251,-0.8292150173749352,0.0,0.0,0.0,0.4999999999999834,0.8660254037844481,0.0
target,96.5,1.1035753284294505,-0.859537724029162,-1.054777818429366,0.6808094071826474,0.0,0.0,0.2828068754380546,0.7357732904116373,0.0,0.0,0.0,0.8660254037844235,0.5000000000000263,0.0
target,96.75,1.0455542059936032,-0.4829473960114082,-0.8963070161712083,0.4486229636021739,0.0,0.0,0.4120964646147623,0.5574322706037075,0.0,0.0,0.0,1.0,1.3228042372701181e-14,0.0
target,97.0,0.9875711364307828,-0.4093398492004967,-0.6861051772853907,0.182883781803685,0.0,0.0,0.4850197517416542,0.3243433169943168,0.0,0.0,0.0,0.8660254037844509,-0.4999999999999788,0.0
target,97.25,0.9187271930540324,0.1426295688487,-0.0338530078206138,0.9252468338813856,0.0,0.0,0.7002442498866188,0.9127949124925888,1.0,1.0,8.0,0.500000000000031,-0.8660254037844207,0.0
target,97.5,0.8547838301157444,0.8456594579019988,0.6006290380020517,2.1772775263188544,0.0,0.0,1.0236266543516157,1.3600552842380709,1.0,0.0,8.0,1.8618345230859297e-14,-1.0,0.0
target,97.75,0.7791119687939705,1.0679023866479085,1.0234804339575223,2.5332893612060787,0.0,0.0,1.0878109653532368,0.2882054344903955,1.0,0.0,8.0,-0.4999999999999741,-0.8660254037844536,0.0
target,98.0,0.6829389300539651,0.855982306385413,0.8531992152178492,1.1550867511378695,0.0,0.0,0.7962609418442482,-1.182846253816728,1.0,0.0,8.0,-0.8660254037844323,-0.500000000000011,0.0
target,98.25,0.5496289851149788,1.443181010517976,1.4110338064884078,2.081188962032774,0.0,0.0,0.6147836307880317,-0.7276676731128021,0.0,0.0,0.0,-1.0,-2.4008648089017422e-14,0.0
target,98.5,0.3495809772993609,2.1531227955793306,2.16940274761402,2.53411823498054,0.0,0.0,0.6468152604705882,0.1552459432366768,0.0,0.0,0.0,-0.8660254037844562,0.4999999999999694,0.0
target,98.75,0.1815745750135274,1.8389472731353744,1.8387914150707088,1.980610777469324,0.0,0.0,0.4475676031080318,-0.8011525616932261,0.0,0.0,0.0,-0.5000000000000157,0.8660254037844296,0.0
target,99.0,0.0324199201490578,1.879677416637663,1.9366845105380477,1.793247004890667,0.0,0.0,0.2055721762977292,-0.9779254292995584,0.0,0.0,0.0,-2.9398950947175544e-14,1.0,0.0
target,99.25,-0.1493484097132546,2.620539950365208,2.436808811146431,2.90075929170006,0.0,0.0,0.1834321924667999,-0.0687674166965563,0.0,0.0,0.0,0.4999999999999894,0.8660254037844448,0.0
target,99.5,-0.3295312406931335,3.092864794652745,2.7350463434045875,2.650423652049032,0.0,0.0,1.1374325674439405,3.9678205185804782,0.0,0.0,0.0,0.8660254037844269,0.5000000000000203,0.0
target,99.75,-0.4581331384804198,3.6437325077490224,3.64486971928294,7.900490759650195,0.0,0.0,2.0452207603535526,3.77672142620775,0.0,0.0,0.0,1.0,3.4789253805333663e-14,0.0
target,100.0,-0.3495937453155799,3.1200706629206985,3.341907788007711,8.528923037359336,0.0,0.0,1.5753716736030563,-1.9201580974031256,0.0,0.0,0.0,0.8660254037844475,-0.4999999999999847,0.0
target,100.25,-0.361622993418089,-0.3503245316381622,-0.4190318056009571,-0.6957609705742106,0.0,0.0,0.8770874239139131,-2.864795427875895,1.0,1.0,7.0,0.500000000000025,-0.8660254037844242,0.0
target,100.5,-0.3747354534412158,-0.4300812837332267,-0.4988698040220759,-0.8071728943009698,0.0,0.0,0.5069150571717838,-1.507969581906174,1.0,0.0,7.0,1.1757847233087768e-14,-1.0,0.0
target,100.75,-0.3962196451424079,-0.3264616800048765,-0.4161383804010628,-0.636099860104711,0.0,0.0,0.28910491943197,-0.8779131255440508,1.0,0.0,7.0,-0.49999999999998,-0.8660254037844501,0.0
target,101.0,-0.4071774956356284,-0.5105952076097093,-0.5769630666100853,-0.7833752316841414,0.0,0.0,0.2894662582139116,0.0242812586986486,1.0,0.0,7.0,-0.8660254037844215,-0.5000000000000298,0.0
target,101.25,-0.4172486174346732,-0.4573484686062593,-0.5278604484534001,-0.8111871836390379,0.0,0.0,0.3673558334914229,0.3448801779600682,0.0,0.0,0.0,-1.0,-1.7148150091245887e-14,0.0
target,101.5,-0.4290986829274473,-0.3802807268935715,-0.509202732733342,-0.9315341009172348,0.0,0.0,0.4422702324469061,0.332577069356419,0.0,0.0,0.0,-0.8660254037844528,0.4999999999999754,0.0
target,101.75,-0.4357336800984267,-0.5890879250812455,-0.7000919738450628,-0.7310031316848585,0.0,0.0,0.3284663071334873,-0.4478210609285828,0.0,0.0,0.0,-0.5000000000000098,0.866025403784433,0.0
target,102.0,-0.4423666669109593,-0.7317070699445927,-0.7575284036767703,-0.8927049651847108,0.0,0.0,0.1045690037982491,-0.9030850990013588,0.0,0.0,0.0,-2.2538452949404006e-14,1.0,0.0
target,102.25,-0.4275356292347598,-0.6467229568789398,-0.6730637545628326,-0.0849802773537233,0.0,0.0,0.1449629179387418,0.1898261101662323,0.0,0.0,0.0,0.4999999999999707,0.8660254037844556,0.0
target,102.5,-0.4265581665533131,-0.9939297532140624,-0.9360006451063858,-0.8525523409732656,0.0,0.0,0.2760690771070824,0.5649442482057455,0.0,0.0,0.0,0.8660254037844304,0.5000000000000144,0.0
target,102.75,-0.432094139891236,-0.8453891553192002,-0.8538907768359798,-0.513084444457911,0.0,0.0,0.1703108589357678,-0.4145500214847814,0.0,0.0,0.0,1.0,2.7928755807562122e-14,0.0
target,103.0,-0.439810230671283,-0.9906001119106302,-0.923371874865464,-0.6739838116079998,0.0,0.0,0.1159796283188648,-0.2018863859362417,0.0,0.0,0.0,0.866025403784444,-0.4999999999999907,0.0
target,103.25,-0.4492872553265097,-0.9010427712016452,-0.8726078763581524,-0.6091263590982637,0.0,0.0,0.970393839852419,3.556006477444262,1.0,1.0,1.0,0.5000000000000191,-0.8660254037844276,0.0
target,103.5,-0.4640969268673776,-1.037280998703607,-0.9003231099963852,-0.0656595386189211,0.0,0.0,1.4971864272536584,2.201207976004167,1.0,0.0,1.0,3.3319058665720244e-14,-1.0,0.0
target,103.75,-0.4701006872142073,-1.085026813089068,-0.9265752651509904,-0.774033036116426,0.0,0.0,1.1081543975375956,-1.5859590711604945,1.0,0.0,1.0,-0.499999999999986,-0.8660254037844467,0.0
target,104.0,-0.4762391744633735,-1.2107494530539602,-1.0484154345349728,-1.208364450393649,0.0,0.0,0.6166350000178044,-2.009770328078489,1.0,0.0,1.0,-0.8660254037844249,-0.5000000000000238,0.0
target,104.25,-0.4859497278940813,-1.0775116372357796,-0.9910550289655424,-0.8063930026440794,0.0,0.0,0.1416629440721689,-1.941342874222666,0.0,0.0,0.0,-1.0,-1.0287652093474354e-14,0.0
target,104.5,-0.4871999013229356,-1.2645239911152806,-1.131256357570096,-1.3493459213769818,0.0,0.0,0.0208722972925813,-0.4767129260410094,0.0,0.0,0.0,-0.8660254037844494,0.4999999999999813,0.0
target,104.75,-0.40981947458136,1.4423869540543603,1.8613064334005172,3.1220736400860107,0.0,0.0,-0.0149103597057501,-0.1251833300593715,0.0,0.0,0.0,-0.5000000000000284,0.8660254037844223,0.0
target,105.0,-0.1510194410545367,5.7719011845125285,6.466823776345092,8.448712778555839,0.0,0.0,-0.1060487062599817,-0.3540931447125957,0.0,0.0,0.0,-1.5677954951632475e-14,1.0,0.0
target,105.25,-0.2424304089065471,1.3380603367745514,1.321958354342547,0.4441375583256836,0.0,0.0,-0.2719832225027847,-0.663394274868188,0.0,0.0,0.0,0.4999999999999767,0.8660254037844521,0.0
target,105.5,-0.3413211231650857,1.792593557896948,1.7426555535011536,0.6613524638664982,0.0,0.0,-0.3685241431992981,-0.376434158897076,0.0,0.0,0.0,0.8660254037844195,0.5000000000000331,0.0
target,105.75,-0.454574301915893,1.7181602084574898,1.670347038062896,0.6423431152516,0.0,0.0,-0.4224248006552005,-0.2001058567210872,0.0,0.0,0.0,1.0,2.1068257809790597e-14,0.0
target,106.0,-0.5233412437503134,0.8943732802988535,0.9527676487341128,-0.1477308316956028,0.0,0.0,-0.5836351975342063,-0.6438588432505492,0.0,0.0,0.0,0.8660254037844548,-0.4999999999999719,0.0
target,106.25,-0.5977766779099849,1.007195647492951,0.9994617240646632,0.2188599993479114,0.0,0.0,-0.6532786680883254,-0.265206381298493,1.0,1.0,2.0,0.5000000000000131,-0.866025403784431,0.0
target,106.5,-0.652386786848712,1.3598680875583709,1.341378241943065,0.2928292096482963,0.0,0.0,-0.6512601299172716,0.0311341984424853,1.0,0.0,2.0,2.6458560667948716e-14,-1.0,0.0
target,106.75,-0.6959476113990819,2.038232705302468,2.182734056737477,0.0829692470520989,0.0,0.0,-0.6893622522555116,-0.1347749074620317,1.0,0.0,2.0,-0.4999999999999673,-0.8660254037844575,0.0
target,107.0,-0.7119881749437257,1.8722477833465607,2.0203058248611,-0.3012021904039856,0.0,0.0,0.9225609501177284,6.68849826071718,1.0,0.0,2.0,-0.8660254037844284,-0.5000000000000178,0.0
target,107.25,-0.7323551676082038,1.5969898112438867,1.712336564838567,-0.0375886372908326,0.0,0.0,1.9760829469376804,4.379367663829582,0.0,0.0,0.0,-1.0,-3.184886352610683e-14,0.0
target,107.5,-0.7651360195438762,1.1284379891099323,1.1927899759932192,-0.3282812592095205,0.0,0.0,0.7675761993823939,-4.9746948502379,0.0,0.0,0.0,-0.866025403784446,0.4999999999999873,0.0
target,107.75,-0.8250708733440916,0.643710660552164,0.6621171695219965,-0.3358634776400403,0.0,0.0,-0.102773177883551,-3.576328366547255,0.0,0.0,0.0,-0.5000000000000225,0.8660254037844257,0.0
target,108.0,-0.8957163338135221,0.987389647494223,0.8740714036553532,0.2549015708390079,0.0,0.0,-0.4396341762892811,-1.370218625989887,0.0,0.0,0.0,-3.723916638426495e-14,1.0,0.0
target,108.25,-0.9798200472785812,1.3106735734197934,1.2426745947847957,0.646879119890612,0.0,0.0,-0.5976981514654305,-0.6308475915689237,0.0,0.0,0.0,0.4999999999999826,0.8660254037844487,0.0
target,108.5,-1.0396679136361369,0.7079442272054853,0.6191132564868772,-0.0244374331100098,0.0,0.0,-0.4908618977215417,0.4645820343676843,0.0,0.0,0.0,0.8660254037844229,0.5000000000000272,0.0
target,108.75,-1.0814255108831343,0.9620309924839856,0.9563084735854672,0.6806871588363569,0.0,0.0,0.1644848135723328,2.73281187994351,0.0,0.0,0.0,1.0,1.4207759812019062e-14,0.0
target,109.0,-1.12210031872795,0.8680877661489945,0.9304146351715932,-0.5005592055911791,0.0,0.0,0.1841122410065235,0.1039514212033603,0.0,0.0,0.0,0.8660254037844514,-0.4999999999999779,0.0
target,109.25,-1.1666539044396196,0.874062993793132,0.8879419308526847,-0.1381540401518891,0.0,0.0,-0.3638063392550844,-2.2429952516879275,1.0,1.0,6.0,0.5000000000000319,-0.8660254037844203,0.0
target,109.5,-1.2273039147797278,0.8820943473809123,0.8298134605160193,-0.3393723180689831,0.0,0.0,1.2099664801458925,6.5307367520955335,1.0,0.0,6.0,1.959806267017718e-14,-1.0,0.0
target,109.75,-1.2803315201175889,0.7985875091985322,0.7639212110844589,-0.606968439193934,0.0,0.0,2.573594644469039,5.661735310145208,1.0,0.0,6.0,-0.4999999999999732,-0.866025403784454,0.0
target,110.0,-1.3316854081551803,0.5387010098342974,0.5081915028179254,-0.4052700300467075,0.0,0.0,1.543393862176968,-4.237354465041368,1.0,0.0,6.0,-0.8660254037844318,-0.5000000000000119,0.0
target,110.25,-1.3686181918371132,0.4851518487338995,0.4683559947663007,-0.4123758114589379,0.0,0.0,0.4512103326198483,-4.4936688439601244,0.0,0.0,0.0,-1.0,-2.49883655283353e-14,0.0
target,110.5,-1.3957338294804431,0.0040646197780649,0.0845797161994418,-1.0519571807548878,0.0,0.0,-0.2352222824374852,-2.8157859130695506,0.0,0.0,0.0,-0.8660254037844568,0.4999999999999686,0.0
target,110.75,-1.4148137342359184,0.1912855504096905,0.2173729955387991,-0.7601617837536369,0.0,0.0,-0.5767598689584967,-1.389557503840871,0.0,0.0,0.0,-0.5000000000000165,0.866025403784429,0.0
target,111.0,-1.4137035845606587,0.0379638575869668,0.0290116721982422,-0.7120404051468858,0.0,0.0,2.197994054227109,11.497098188018835,0.0,0.0,0.0,-3.0378668386493425e-14,1.0,0.0
target,111.25,-1.422682903469192,0.0818776370600587,0.1137806085938937,-0.9242926526702168,0.0,0.0,3.264387183839827,4.432593062078729,0.0,0.0,0.0,0.4999999999999885,0.8660254037844453,0.0
target,111.5,-1.4369610604009608,0.247602645649792,0.3252428795531978,-0.6898155523360053,0.0,0.0,1.0286643619765388,-9.22249382203474,0.0,0.0,0.0,0.8660254037844264,0.5000000000000212,0.0
target,111.75,-1.45341940507544,-0.2093053550525355,-0.0907277944870303,-0.9482310210642596,0.0,0.0,-0.0849523059352054,-4.582300306553314,0.0,0.0,0.0,1.0,3.5768971244651544e-14,0.0
target,112.0,-0.4666788438522979,8.627218654209633,8.275741910748065,30.110374117320625,1.0,1.0,-0.6748911289344739,-2.4167596118454853,0.0,0.0,0.0,0.8660254037844479,-0.4999999999999838,0.0
target,112.25,0.8077883786972456,6.06045178974084,5.748855291310391,22.25875414850318,0.0,0.0,-0.6209808750764079,0.2457196026755307,1.0,1.0,9.0,0.5000000000000259,-0.8660254037844237,0.0
target,112.5,0.8070825376998951,0.1284452199960986,0.2341234942195649,-0.4603867884772446,0.0,0.0,-0.5249225878333867,0.4200124095676751,1.0,0.0,9.0,1.2737564672405651e-14,-1.0,0.0
target,112.75,0.8144275205047958,0.1921667542755515,0.2175063886958714,-0.5835936986039056,0.0,0.0,-0.4681011686440956,0.2577580095988638,1.0,0.0,9.0,-0.4999999999999792,-0.8660254037844506,0.0
target,113.0,0.8392601000348093,0.0005449604311398,-0.0600603397644293,-0.237963628909637,0.0,0.0,-0.4877340596386503,-0.0583999520132126,1.0,0.0,9.0,-0.866025403784421,-0.5000000000000305,0.0
target,113.25,0.8478571474734762,-0.0630229958157324,-0.1728993378795713,-0.7902111496211389,0.0,0.0,-0.5044367855703903,-0.046282976381377,0.0,0.0,0.0,-1.0,-1.8127867530563772e-14,0.0
target,113.5,0.8651986188307592,-0.4216321825567487,-0.4638440493007286,0.3851092285801692,0.0,0.0,-0.5124230795026283,-0.0102383195547555,0.0,0.0,0.0,-0.8660254037844534,0.4999999999999745,0.0
target,113.75,0.8613425077792274,-0.270439452376911,-0.2270078298420266,-0.7051852735631289,0.0,0.0,-0.5826089410100371,-0.2674493054420319,0.0,0.0,0.0,-0.5000000000000107,0.8660254037844325,0.0
target,114.0,0.8340593036851633,0.8761317273240357,0.7807765363603704,-0.335549198939899,0.0,0.0,2.666759470431758,13.459749460364504,0.0,0.0,0.0,-2.3518170388721888e-14,1.0,0.0
target,114.25,0.8107129202429789,1.0353900262704103,0.8331302123627959,-0.2514450049120236,0.0,0.0,5.241581232372977,10.67032799798345,0.0,0.0,0.0,0.4999999999999698,0.866025403784456,0.0
target,114.5,0.8406157064693524,0.1880356694063615,0.1252105953603068,-0.0320912944903429,0.0,0.0,1.862711298273097,-13.94969703606382,0.0,0.0,0.0,0.8660254037844298,0.5000000000000153,0.0
target,114.75,0.8502409099844351,0.3635302557581273,0.1562426840410145,-0.3202445999781552,0.0,0.0,-0.7795007535670282,-10.903429874661546,0.0,0.0,0.0,1.0,2.8908473246880007e-14,0.0
target,115.0,0.8465742778379284,0.0106124148732362,-0.0741475480691626,-0.5836892699760338,0.0,0.0,-0.8199081270176857,-0.1443077054292529,0.0,0.0,0.0,0.8660254037844587,-0.4999999999999652,0.0
target,115.25,0.857657391344793,-0.0413183822539692,-0.159534414132958,-0.3369336095598727,0.0,0.0,-0.8549263979473484,-0.1220223998152308,1.0,1.0,7.0,0.50000000000002,-0.8660254037844272,0.0
target,115.5,0.8684714461601061,0.4948600173380137,0.1952708240034105,-0.7971913815118907,0.0,0.0,-0.8788136515612464,-0.075992820361064,1.0,0.0,7.0,3.4298776105038126e-14,-1.0,0.0
target,115.75,0.8515422641462178,0.4574355177946861,0.2350857420435494,-0.737139145349702,0.0,0.0,0.1164428161965934,4.138424924875685,1.0,0.0,7.0,-0.4999999999999851,-0.8660254037844473,0.0
target,116.0,0.8397689180402022,-0.2323965425420149,-0.3091155973922988,-0.775571922321516,0.0,0.0,0.6242445848651295,2.1226761244259085,1.0,0.0,7.0,-0.8660254037844244,-0.5000000000000246,0.0
target,116.25,0.8249511033084261,-0.1906648115335394,-0.2274636349391897,-0.551593068041002,0.0,0.0,-0.1062993035227655,-2.998197215019276,0.0,0.0,0.0,-1.0,-3.9689078963196245e-14,0.0
target,116.5,0.8259125939350824,-0.2705418222244583,-0.1867545273145869,-0.7495543613081591,0.0,0.0,1.1140161865265303,5.069101057574713,0.0,0.0,0.0,-0.8660254037844499,0.4999999999999804,0.0
target,116.75,0.8187375092964473,0.0079369917574872,-0.0667264170653884,-0.1846698812111095,0.0,0.0,2.3316769820111847,5.058123222312824,0.0,0.0,0.0,-0.5000000000000293,0.8660254037844217,0.0
target,117.0,0.8211525641471475,0.113928973866741,-0.0129971638033581,-0.6337986271481443,0.0,0.0,1.0902903160324988,-5.110661651347168,0.0,0.0,0.0,-1.6657672390950356e-14,1.0,0.0
target,117.25,0.8141247292091005,0.191415629552719,0.1115855072890762,-0.3311148617987361,0.0,0.0,-0.0229014216952212,-4.580543112479031,0.0,0.0,0.0,0.4999999999999758,0.8660254037844526,0.0
target,117.5,0.8080417165096601,0.5961468552082904,0.4581787160239335,-0.5081733900336007,0.0,0.0,0.2734027721878335,1.2480800163806642,0.0,0.0,0.0,0.8660254037844191,0.500000000000034,0.0
target,117.75,0.7978022181349942,-0.0549777534268338,-0.1562865935882726,-0.3967182490218917,0.0,0.0,0.536743502281646,1.1117677339963243,0.0,0.0,0.0,1.0,2.2047975249108475e-14,0.0
target,118.0,0.7884271943870275,-0.2821909074634861,-0.427104692265587,-0.492460706751711,0.0,0.0,0.1460762524576564,-1.5927211210026295,0.0,0.0,0.0,0.8660254037844552,-0.4999999999999711,0.0
target,118.25,0.775329371899095,0.5398611394920906,0.3241961121224555,0.1847315635213214,0.0,0.0,-0.299823364900429,-1.8211209678209244,1.0,1.0,10.0,0.500000000000014,-0.8660254037844306,0.0
target,118.5,0.7586375651751136,0.5912424262175079,0.3232035702184646,-0.3680436040366839,0.0,0.0,-0.6077673918049848,-1.2506396154171455,1.0,0.0,10.0,2.7438278107266594e-14,-1.0,0.0
target,118.75,0.7442924911413193,1.1200218184522306,0.8032756179116264,-0.3637127653742129,0.0,0.0,-0.7475280528769008,-0.5551587459822598,1.0,0.0,10.0,-0.4999999999999664,-0.866025403784458,0.0
target,119.0,0.7344587262825374,1.5067699927024858,1.5118834667672294,-0.1070356029809654,0.0,0.0,-0.7038306999805636,0.2034866671818764,1.0,0.0,10.0,-0.8660254037844278,-0.5000000000000187,0.0
target,119.25,0.7519522304016213,1.552766606935593,1.741360905666124,1.286452026102,0.0,0.0,-0.2568714619272851,1.871076830515798,0.0,0.0,0.0,-1.0,-3.282858096542471e-14,0.0
target,119.5,0.7768375818408731,1.3292590942811051,1.336072311757013,0.190394238686776,0.0,0.0,-0.1736772080407538,0.3668163692879613,0.0,0.0,0.0,-0.8660254037844465,0.4999999999999864,0.0
target,119.75,0.841951552243299,0.5728310160405903,0.5207990352280867,0.5096668709316942,0.0,0.0,-0.5779968586064075,-1.6491772603519546,0.0,0.0,0.0,-0.5000000000000233,0.8660254037844252,0.0
target,120.0,0.8860281104702483,0.2673701058499994,0.3290081345340402,-0.2051336245896439,0.0,0.0,-0.6881968361139412,-0.4329178227811843,0.0,0.0,0.0,-3.821888382358283e-14,1.0,0.0
target,120.25,0.9012599701536078,0.33405992116078,0.4099559800958257,-0.2266697895503145,0.0,0.0,-0.7154268665534415,-0.0898160502713873,0.0,0.0,0.0,0.4999999999999817,0.8660254037844491,0.0
target,120.5,0.8603302351073716,1.615472615185296,1.7823251001745533,0.4970558905629363,0.0,0.0,-0.7047393877488867,0.0669824664267651,0.0,0.0,0.0,0.8660254037844225,0.500000000000028,0.0
target,120.75,0.7989639903644912,1.7404353819890928,1.872641913305637,0.2769452497638639,0.0,0.0,-0.671125412027323,0.1617893453948345,0.0,0.0,0.0,1.0,1.5187477251336943e-14,0.0
target,121.0,0.7700526945269643,0.291276220050175,0.3191844030465169,-0.2365204498397613,0.0,0.0,0.1294151192841283,3.333225147227516,0.0,0.0,0.0,0.8660254037844518,-0.4999999999999771,0.0
target,121.25,0.7503073103660644,0.328669836309213,0.3678827973092075,-0.2673274973069552,0.0,0.0,0.4150487163607045,1.2039543924961733,1.0,1.0,2.0,0.5000000000000326,-0.8660254037844198,0.0
target,121.5,0.7579140977952897,0.5776818733083577,0.6449289008763919,-0.6102030973216994,0.0,0.0,-0.2198722440740888,-2.602772157722522,1.0,0.0,2.0,2.0577780109495062e-14,-1.0,0.0
target,121.75,0.7807502221892254,1.103994973449059,1.2173365836891392,-0.0879954270993391,0.0,0.0,-0.4550261681836434,-0.9496340806099844,1.0,0.0,2.0,-0.4999999999999724,-0.8660254037844546,0.0
target,122.0,0.8177501416199211,1.005520176705019,1.1387077882033652,0.2955830896687544,0.0,0.0,-0.6490352642250375,-0.7794897821181322,1.0,0.0,2.0,-0.8660254037844313,-0.5000000000000128,0.0
target,122.25,0.8486821484403946,0.7664948968756291,0.8436363817278255,-0.3363363111632436,0.0,0.0,-0.7238283132214837,-0.2865011941033258,0.0,0.0,0.0,-1.0,-2.596808296765318e-14,0.0
target,122.5,0.8864806365326637,0.424453753649389,0.4393655052305599,-0.0438210323287352,0.0,0.0,-0.713041194308202,0.0673945035453285,0.0,0.0,0.0,-0.866025403784443,0.4999999999999923,0.0
target,122.75,-1.261747661180908,18.340271253614777,17.49273369652404,54.61705589011736,1.0,1.0,-0.7093434178114812,0.0380782747781047,0.0,0.0,0.0,-0.500000000000042,0.8660254037844144,0.0
target,123.0,-1.2576686104094206,0.5228410268728049,0.4937621107823361,-0.0175629665770346,0.0,0.0,0.2654700062894468,4.053887754947997,0.0,0.0,0.0,-3.13583858258113e-14,1.0,0.0
target,123.25,-1.280469214062109,0.9903777660481016,1.403512056858558,0.2248116211779593,0.0,0.0,3.5256625007565185,13.504509788688209,0.0,0.0,0.0,0.4999999999999877,0.8660254037844457,0.0
target,123.5,-1.297624444749995,1.6806970674554138,2.2003638206760936,3.5887006909932784,0.0,0.0,4.679323781686797,4.793468999195537,0.0,0.0,0.0,0.8660254037844117,0.5000000000000466,0.0
target,123.75,-1.2987457118075565,0.6072780176897449,0.8454060222871944,0.3739264273871971,0.0,0.0,3.15720089178338,-6.271577132675628,0.0,0.0,0.0,1.0,3.6748688683969426e-14,0.0
target,124.0,-1.2926456216659792,0.5030389382070017,0.6134455131068521,-0.412963393589484,0.0,0.0,0.9854985284476394,-8.95775299027694,0.0,0.0,0.0,0.8660254037844485,-0.499999999999983,0.0
target,124.25,-1.2722273672441682,0.4018103629516277,0.3921391109628278,-0.6062843176641867,0.0,0.0,-0.8190646970528668,-7.439539547936208,1.0,1.0,2.0,0.5000000000000021,-0.8660254037844374,0.0
target,124.5,-1.252792681645872,0.4914286822396106,0.5849423255148292,-0.2705437355597657,0.0,0.0,-0.8763310634423319,-0.2140239167134665,1.0,0.0,2.0,4.2138991542127545e-14,-1.0,0.0
target,124.75,-0.9661888219554589,3.5361869397649675,3.125478609678896,8.293640939344211,0.0,0.0,-0.9023258557570448,-0.0847080273659524,1.0,0.0,2.0,-0.4999999999999783,-0.8660254037844511,0.0
target,125.0,0.9193973630575244,13.16936551723916,11.08258671448415,41.68501555077764,1.0,1.0,-0.8827553310393014,0.103716114040181,1.0,0.0,2.0,-0.8660254037844347,-0.5000000000000068,0.0
target,125.25,0.8219376698890769,0.1626574567468059,0.1862715276809414,2.0632712497911605,0.0,0.0,-0.6138732184847201,1.1346827557798806,0.0,0.0,0.0,-1.0,-4.7529294400285664e-14,0.0
target,125.5,0.7978534624959108,1.033844331244888,1.19439235871969,1.1830188268771449,0.0,0.0,-0.5155936288853216,0.4291980581390588,0.0,0.0,0.0,-0.8660254037844538,0.4999999999999737,0.0
target,125.75,0.7627302913169978,1.9151159475874409,2.086631478944584,0.4154131651759147,0.0,0.0,-0.5561461987789384,-0.1449081295430664,0.0,0.0,0.0,-0.5000000000000114,0.866025403784432,0.0
target,126.0,0.7345087383575917,2.4885965311694838,2.7043842008327994,0.6928178856321611,0.0,0.0,-0.6280316397201877,-0.2744774974185038,0.0,0.0,0.0,-5.2919597258443776e-14,1.0,0.0
target,126.25,0.7789670075561789,4.647038509398645,5.283444380313076,1.5884435542033066,0.0,0.0,-0.2400043650617435,1.6273782165867032,0.0,0.0,0.0,0.499999999999969,0.8660254037844565,0.0
target,126.5,0.9385788602619328,7.819900595245396,8.92051443679668,5.549048322035073,0.0,0.0,0.6942364371758741,3.886109674226106,0.0,0.0,0.0,0.8660254037844294,0.5000000000000161,0.0
target,126.75,1.106359844076826,7.268651355128131,8.505526592267996,9.2524780869146,0.0,0.0,0.1328356724503599,-2.2987475035614557,0.0,0.0,0.0,1.0,1.4664812557938819e-15,0.0
target,127.0,1.075352256977388,4.739558385430275,5.528656920160382,4.7551701402372695,0.0,0.0,-0.8248114218283663,-3.937326565311731,0.0,0.0,0.0,0.8660254037844592,-0.4999999999999643,0.0
target,127.25,1.0636335573040312,4.253751751008396,4.786114096716248,9.354753488730552,0.0,0.0,-0.858111044314936,-0.1149153526495521,1.0,1.0,5.0,0.5000000000000208,-0.8660254037844266,0.0
target,127.5,1.0107741359896785,4.229787069212766,4.6101702322766345,9.185267102706582,0.0,0.0,-0.8717552155008083,-0.033635076850177,1.0,0.0,5.0,6.856784113952001e-15,-1.0,0.0
target,127.75,0.8847772616791659,3.487946695849855,3.4879793120889886,9.258307914814225,0.0,0.0,-0.8506961202480976,0.1098717307074344,1.0,0.0,5.0,-0.4999999999999597,-0.8660254037844619,0.0
target,128.0,0.694487189650785,3.016692832613399,3.4457274451059683,6.842557368242181,0.0,0.0,-0.4419756046005982,1.7129500159334654,1.0,0.0,5.0,-0.8660254037844239,-0.5000000000000254,0.0
target,128.25,0.4817637936609241,2.802521757843215,3.2425701501918835,6.38366511930253,0.0,0.0,-0.0401782591429229,1.6843209514654849,0.0,0.0,0.0,-1.0,-1.2247086972110121e-14,0.0
target,128.5,0.2986398959698144,4.11151839021753,5.038538641413581,5.048977661031127,0.0,0.0,-0.0070463539065829,0.159795861684169,0.0,0.0,0.0,-0.8660254037844646,0.499999999999955,0.0
target,128.75,0.2383535687906031,5.038626992625231,5.808713466897234,5.060921640684878,0.0,0.0,-0.0223681441916428,-0.0405724572736649,0.0,0.0,0.0,-0.5000000000000301,0.8660254037844213,0.0
target,129.0,0.2186887154997487,6.562947815858594,7.01356324205105,4.767441040681477,0.0,0.0,-0.024424873498868,0.014281933921905,0.0,0.0,0.0,-1.763738983026824e-14,1.0,0.0
target,129.25,0.1880943514308124,6.615183517142254,6.929695698944638,4.9089465153797045,0.0,0.0,-0.041680869363365,-0.048570887863949,0.0,0.0,0.0,0.4999999999999504,0.8660254037844674,0.0
target,129.5,0.2269109790767065,3.957600718068473,4.59923344311544,4.46424883942746,0.0,0.0,-0.1202617538151279,-0.3021648543154867,0.0,0.0,0.0,0.8660254037844186,0.5000000000000347,0.0
target,129.75,0.346481346306126,3.8506960558323087,4.535466653680614,5.028588278256374,0.0,0.0,-0.1045142517997815,0.0879069456377709,0.0,0.0,0.0,1.0,2.3027692688426363e-14,0.0
target,130.0,0.4551754565236085,3.6297902944053337,4.318542260023844,3.215665540535443,0.0,0.0,-0.0415663447473773,0.2830925906052886,0.0,0.0,0.0,0.8660254037844416,-0.4999999999999949,0.0
target,130.25,0.4685807978429025,3.6275015950419935,4.3180085215642885,1.828936781093027,0.0,0.0,-0.11565308131508,-0.2835804130878959,1.0,1.0,4.0,0.5000000000000394,-0.8660254037844158,0.0
target,130.5,0.4513404142001853,2.7449401318631157,3.2373918529738672,1.5460453119328672,0.0,0.0,-0.2270465355743442,-0.4378531518182413,1.0,0.0,4.0,2.8417995546584478e-14,-1.0,0.0
target,130.75,0.3711504493305082,1.66884391549698,1.9343084810912292,1.6945210979349064,0.0,0.0,2.3096275498859167,10.512577681389724,1.0,0.0,4.0,-0.4999999999999902,-0.8660254037844443,0.0
target,131.0,0.3406371466031544,0.9589456781680707,1.0282367574574651,1.0383717578118972,0.0,0.0,4.1355359242294165,7.573381213982273,1.0,0.0,4.0,-0.8660254037844132,-0.5000000000000442,0.0
target,131.25,0.3503566884999499,0.2879730016591829,0.3710199026156767,-0.0956978629439243,0.0,0.0,1.7620606316934686,-9.79213522263294,0.0,0.0,0.0,-1.0,-3.3808298404742594e-14,0.0
target,131.5,0.3422197591103518,0.0930355273114911,0.0406233578303821,0.5353813424102257,0.0,0.0,0.5235416423144486,-5.098803081357683,0.0,0.0,0.0,-0.8660254037844469,0.4999999999999855,0.0
target,131.75,0.3341276459867496,0.1557548503391173,0.2949484556300494,0.2069322376064946,0.0,0.0,2.1293375454022163,6.663160324273521,0.0,0.0,0.0,-0.5000000000000488,0.8660254037844105,0.0
target,132.0,0.3188558412722233,0.1332054822761339,0.2409767158876715,0.0022653063043207,0.0,0.0,4.23728951675274,8.739703014559053,0.0,0.0,0.0,-3.919860126290071e-14,1.0,0.0
target,132.25,0.3396545743798088,0.0900213083024344,0.1692499007135641,-0.0040892109919226,0.0,0.0,4.863929625433969,2.6141027980749025,0.0,0.0,0.0,0.4999999999999809,0.8660254037844497,0.0
target,132.5,0.3388619838894079,0.3417555403532763,0.4278529501498318,-0.3494966402865301,0.0,0.0,7.1470223365849455,9.463954389758063,0.0,0.0,0.0,0.8660254037844362,0.5000000000000042,0.0
target,132.75,0.325023630520478,0.8498569446016443,0.9729167435330618,-0.3909590220773134,0.0,0.0,7.160221200755754,0.0773676818097547,0.0,0.0,0.0,1.0,4.458890412105883e-14,0.0
target,133.0,0.3406935624658093,0.7068411756859039,0.8958632121344893,-0.2658255564452834,0.0,0.0,4.668082350815879,-10.28283912586939,0.0,0.0,0.0,0.8660254037844524,-0.4999999999999762,0.0
target,133.25,0.3426411303362051,0.4577364639726429,0.58654833351574,-0.3332563933845572,0.0,0.0,3.984514902570864,-2.8039377216872343,1.0,1.0,5.0,0.5000000000000089,-0.8660254037844335,0.0
target,133.5,0.3422306997879608,-0.3570386472437301,-0.3190583748554029,-0.6548589703417065,0.0,0.0,3.593510356005602,-1.594115928567076,1.0,0.0,5.0,4.997920697921696e-14,-1.0,0.0
target,133.75,0.3443020314822204,0.7974002628528192,0.8725065147964256,0.7166203017249102,0.0,0.0,4.693761878681427,4.572606103966775,1.0,0.0,5.0,-0.4999999999999716,-0.866025403784455,0.0
target,134.0,0.3439498770216233,0.763026779740082,0.8991993597136345,-0.2940018509010492,0.0,0.0,3.828852905484672,-3.553830916021245,1.0,0.0,5.0,-0.8660254037844308,-0.5000000000000135,0.0
target,134.25,0.3464737798183341,0.7988287284117148,0.8980107188791688,0.1227063932139905,0.0,0.0,1.5973163907566732,-9.20518238037249,0.0,0.0,0.0,-1.0,-5.5369509837375076e-14,0.0
target,134.5,0.3570193569347333,-0.4010578252012621,-0.2578804488846,-0.7778527197637207,0.0,0.0,0.8143173574595248,-3.215112541973331,0.0,0.0,0.0,-0.8660254037844577,0.4999999999999669,0.0
target,134.75,0.354669926370201,-0.5745094946657238,-0.5322663170603338,-0.0857435158760679,0.0,0.0,0.5969289851081839,-0.8761690187019716,0.0,0.0,0.0,-0.5000000000000182,0.8660254037844282,0.0
target,135.0,0.351217390487415,-0.5325275652396065,-0.4337389879014899,-0.1396623992254566,0.0,0.0,0.5415232932965824,-0.2063295554623322,0.0,0.0,0.0,-3.916393834725177e-15,1.0,0.0
target,135.25,0.3547990642568126,-0.6543703675390782,-0.5727082872850656,-0.7635998051741292,0.0,0.0,0.4240435629058945,-0.4630214471163362,0.0,0.0,0.0,0.4999999999999622,0.8660254037844605,0.0
target,135.5,0.3647218832763254,-0.5033677714011524,-0.3987045178969944,-0.6944469910236037,0.0,0.0,0.2914086653726003,-0.5256919066388281,0.0,0.0,0.0,0.8660254037844254,0.5000000000000229,0.0
target,135.75,0.35932047169394,0.1348819404972032,0.2254196021873845,-0.3766042468005194,0.0,0.0,0.3046281587103161,0.077452988646525,0.0,0.0,0.0,1.0,9.306696692883296e-15,0.0
target,136.0,0.3622378247068898,-0.2217551136520932,-0.1848663216251127,-0.5666847202940495,0.0,0.0,0.6223000507366189,1.336440867104013,0.0,0.0,0.0,0.8660254037844631,-0.4999999999999576,0.0
target,136.25,0.3724637407700691,-0.0014042879090852,-0.0004906874483021,-0.3991814955867107,0.0,0.0,1.1248951919193455,2.101145399358499,1.0,1.0,7.0,0.5000000000000275,-0.8660254037844227,0.0
target,136.5,0.3718412517218648,-0.2940072436621272,-0.1614569943968375,-0.3624807298090196,0.0,0.0,1.2471505616376108,0.528343989247621,1.0,0.0,7.0,1.4696999551041415e-14,-1.0,0.0
target,136.75,0.3767411579896246,-0.214882782290591,-0.185128680113148,-0.5689058993367554,0.0,0.0,1.270851185203683,0.1207951201812884,1.0,0.0,7.0,-0.4999999999999528,-0.8660254037844658,0.0
target,137.0,0.376061385879336,0.3446409510948092,0.5164596721509289,0.5340732680848285,0.0,0.0,1.111611701657594,-0.6357086167904502,1.0,0.0,7.0,-0.8660254037844201,-0.5000000000000322,0.0
target,137.25,0.3678899980022567,0.3718804014419301,0.5667828125344299,0.1898586738886212,0.0,0.0,0.3626881415798313,-3.074201818587009,0.0,0.0,0.0,-1.0,-2.008730240919953e-14,0.0
target,137.5,0.3804513981852792,-0.0832842227849644,-0.0243096806443567,-0.1725935481734889,0.0,0.0,-0.0294841098431385,-1.5989446842865354,0.0,0.0,0.0,-0.8660254037844686,0.4999999999999482,0.0
target,137.75,0.3796772667222557,-0.4446064976210515,-0.2792565863772342,-0.0663908693878319,0.0,0.0,0.1270807613678534,0.6702224788943557,0.0,0.0,0.0,-0.5000000000000369,0.8660254037844174,0.0
target,138.0,0.3650129677371798,-0.3598217676443446,-0.2784213462262586,-0.4781889670785848,0.0,0.0,0.1523570668938874,0.1273109646825672,0.0,0.0,0.0,-2.547760526735765e-14,1.0,0.0
target,138.25,0.3366115680062329,-0.4210240702214698,-0.3186965165311745,0.0543975260753399,0.0,0.0,0.0442062780899861,-0.4244439078123487,0.0,0.0,0.0,0.4999999999999928,0.8660254037844428,0.0
target,138.5,0.3236901728216856,-0.4664562882186678,-0.3499251365931464,0.2269906221214075,0.0,0.0,-0.1572172950103869,-0.8101505250867028,0.0,0.0,0.0,0.8660254037844146,0.5000000000000416,0.0
target,138.75,0.3394147359480203,-0.5006436621593865,-0.3965072349966517,-0.1706711910238522,0.0,0.0,-0.2468919306710372,-0.3480403289669397,0.0,0.0,0.0,1.0,3.0867908125515775e-14,0.0
target,139.0,0.339505531180208,-0.5413710456981354,-0.4155540400570157,-0.5674133807439469,0.0,0.0,-0.3765266390296684,-0.5132853635462123,0.0,0.0,0.0,0.8660254037844455,-0.4999999999999881,0.0
target,139.25,0.3395644704764329,-0.3233807991072921,-0.2308384270853032,-0.3767058165073884,0.0,0.0,-0.5930913090212384,-0.8727628005513663,1.0,1.0,10.0,0.5000000000000463,-0.866025403784412,0.0
target,139.5,0.3386341299201966,0.2996423428767657,0.4379159869643023,0.3536685471103831,0.0,0.0,-0.4162423959542752,0.7541021360519049,1.0,0.0,10.0,3.6258210983673894e-14,-1.0,0.0
target,139.75,0.3477892620147944,0.516008985194432,0.751572989685923,0.2373250088133873,0.0,0.0,-0.1942669972392383,0.9407115983948936,1.0,0.0,10.0,-0.4999999999999834,-0.8660254037844481,0.0
target,140.0,0.3517282541207016,0.1739942563884436,0.2695900774811315,0.0393753855520517,0.0,0.0,-0.1653852222052172,0.1422204954540649,1.0,0.0,10.0,-0.8660254037844093,-0.500000000000051,0.0
target,140.25,0.3609240983569252,-0.0813448738831767,-0.0472403203422151,-0.2383826049647594,0.0,0.0,-0.2900635563028915,-0.4927894990284023,0.0,0.0,0.0,-1.0,-4.164851384183201e-14,0.0
target,140.5,0.3466849158316244,-0.4371031427192599,-0.3251671116275784,-0.3248503332557683,0.0,0.0,-0.3184233268911668,-0.0944878122914643,0.0,0.0,0.0,-0.8660254037844509,0.4999999999999788,0.0
target,140.75,0.3070852183011023,0.1483479074559409,0.1695398797417256,1.063485603918357,0.0,0.0,-0.3616824798463207,-0.1561005368986702,0.0,0.0,0.0,-0.5000000000000063,0.8660254037844349,0.0
target,141.0,0.2808192122094289,0.1877030997692581,0.2794372969472564,-0.1938236420135403,0.0,0.0,-0.5146328303034621,-0.6097014565279681,0.0,0.0,0.0,-4.703881669999013e-14,1.0,0.0
target,141.25,0.267030779167332,-0.0205883569243353,0.0594370176413613,0.114912101223776,0.0,0.0,-0.5164102707853679,0.0154368640429359,0.0,0.0,0.0,0.4999999999999741,0.8660254037844536,0.0
target,141.5,0.2486788300670481,-0.3938192919086001,-0.327512515331803,0.1774239726532467,0.0,0.0,-0.620399543956852,-0.4072349853016616,0.0,0.0,0.0,0.8660254037844323,0.500000000000011,0.0
target,141.75,0.2246840883909237,-0.4862487441502169,-0.3764706227796504,0.1812795169959197,0.0,0.0,-0.7735530283378229,-0.6105414668182683,0.0,0.0,0.0,1.0,5.242911955814826e-14,0.0
target,142.0,0.1795812335976284,0.2109152406146406,0.264387684780444,0.2495348945271707,0.0,0.0,-0.8339374685663684,-0.2269179427892892,0.0,0.0,0.0,0.8660254037844562,-0.4999999999999694,0.0
target,142.25,0.1066857723759412,0.5771681407723535,0.6126867081239408,0.5771439669767942,0.0,0.0,-0.8535420324677384,-0.0582828122990732,1.0,1.0,2.0,0.5000000000000157,-0.8660254037844296,0.0
target,142.5,0.0174902195327322,1.3257500580553727,1.3499096296059014,1.2525719226647505,0.0,0.0,-0.8165176650464215,0.175892179957071,1.0,0.0,2.0,5.781942241630636e-14,-1.0,0.0
target,142.75,-0.0472383480449218,1.5804639156030658,1.7193314792261227,0.4798855384949065,0.0,0.0,-0.7325747883488782,0.3699121144640896,1.0,0.0,2.0,-0.4999999999999648,-0.866025403784459,0.0
target,143.0,-0.0808758271554586,1.7849001865517011,1.9245044045291064,0.7356977166350598,0.0,0.0,-0.1249610226682302,2.535424044639929,1.0,0.0,2.0,-0.8660254037844269,-0.5000000000000203,0.0
target,143.25,-0.1331056309422063,1.5058895642110046,1.535143680325744,0.988949841966561,0.0,0.0,0.2376458972361864,1.522258603014056,0.0,0.0,0.0,-1.0,-6.366306413656472e-15,0.0
target,143.5,-0.2185055064537505,1.3315969952097892,1.2952984657831248,1.2657349918092202,0.0,0.0,0.1328920339465661,-0.4103967593420972,0.0,0.0,0.0,-0.8660254037844617,0.4999999999999601,0.0
target,143.75,-0.3102883660728605,1.0783641903416514,1.1108683286059442,1.157198966432286,0.0,0.0,-0.1411122077098664,-1.1102899962027997,0.0,0.0,0.0,-0.500000000000025,0.8660254037844242,0.0
target,144.0,-0.3255621206158376,1.7786382867563737,1.7475794351583496,0.365675839583686,0.0,0.0,-0.5750225971058506,-1.7715424696998157,0.0,0.0,0.0,-1.1756609271814592e-14,1.0,0.0
target,144.25,-0.3294168828493513,1.7279123028812775,1.715531905981681,0.9642395902199246,0.0,0.0,-0.6248347610482836,-0.1831988991908393,0.0,0.0,0.0,0.4999999999999554,0.8660254037844644,0.0
target,144.5,-0.3526694431297086,1.2481697862523562,1.2514655795835463,0.968748076049735,0.0,0.0,-0.6032924465008862,0.1118699650365707,0.0,0.0,0.0,0.8660254037844215,0.5000000000000298,0.0
target,144.75,-0.3446041502753605,0.87092596840655,0.9141653950311416,0.1828581043786051,0.0,0.0,-0.5908705236717309,0.0741548323277766,0.0,0.0,0.0,1.0,1.7146912129972712e-14,0.0
target,145.0,-0.3642644004268395,0.7504551993652996,0.8007810778500787,0.3669649000056306,0.0,0.0,3.119229599505505,15.364991931090469,0.0,0.0,0.0,0.866025403784467,-0.4999999999999507,0.0
target,145.25,-0.4445385525119397,1.165417951264638,1.2355363270798554,1.784198104670973,0.0,0.0,6.330845601397805,13.303633672773044,1.0,1.0,9.0,0.5000000000000344,-0.8660254037844188,0.0
target,145.5,-0.5570337636917032,1.054048000820667,1.0226410638565635,2.1606296329716232,0.0,0.0,4.530227006681501,-7.423227499275425,1.0,0.0,9.0,2.2537214988130828e-14,-1.0,0.0
target,145.75,-0.6046241036718076,0.6245929795829094,0.5634069157168534,0.6358519243931978,0.0,0.0,1.7437458856650818,-11.500019062697753,1.0,0.0,9.0,-0.4999999999999953,-0.8660254037844414,0.0
target,146.0,-0.552379759102537,1.1725483444475655,1.2625212240795705,1.0452135313503002,0.0,0.0,0.0817331186267635,-6.850057251046754,1.0,0.0,9.0,-0.8660254037844162,-0.5000000000000391,0.0
target,146.25,-0.5076620995685599,1.339287977663519,1.4667860830159514,0.7586677137167287,0.0,0.0,-0.1591061310293946,-0.9731443435577894,0.0,0.0,0.0,-1.0,-2.7927517846288947e-14,0.0
target,146.5,-0.4380844594809813,1.0755016748053758,1.1085988816726828,0.6326349090138624,0.0,0.0,-0.3744778915336136,-0.867829817296378,0.0,0.0,0.0,-0.866025403784444,0.4999999999999907,0.0
target,146.75,-0.4301364668478188,1.1183336453090678,1.1334612869905552,1.1967831064751806,0.0,0.0,-0.6001742906700982,-0.9105248163946504,0.0,0.0,0.0,-0.5000000000000437,0.8660254037844134,0.0
target,147.0,-0.4429793610619505,0.725897999120674,0.6716204844311561,1.1623768028743806,0.0,0.0,-0.2741038999640607,1.3711707890247224,0.0,0.0,0.0,-3.3317820704447075e-14,1.0,0.0
target,147.25,-0.4272309972552509,1.4108997562564864,1.6219751554945512,0.4942219180323854,0.0,0.0,0.4068691557294446,2.8387833129402087,0.0,0.0,0.0,0.499999999999986,0.8660254037844467,0.0
target,147.5,-0.4182368196625621,1.9844929416740291,2.3018193039593577,1.3078042451132146,0.0,0.0,0.3426696574721458,-0.2426941752463226,0.0,0.0,0.0,0.8660254037844107,0.5000000000000484,0.0
target,147.75,-0.3842829438290572,1.432320497260917,1.3984919102995084,1.052197910828696,0.0,0.0,-0.1479286520832677,-2.005961395755605,0.0,0.0,0.0,1.0,3.8708123562605194e-14,0.0
target,148.0,-0.3232066401497073,1.9322643974650904,2.139245865568206,2.4843402345658845,0.0,0.0,-0.3342206696462605,-0.7475777055397826,0.0,0.0,0.0,0.8660254037844494,-0.4999999999999813,0.0
target,148.25,-0.2988330631533646,2.2166150627337786,2.6508306038771456,2.9475880705780737,0.0,0.0,4.59945424101914,20.424783978941868,1.0,1.0,3.0,0.5000000000000531,-0.8660254037844081,0.0
target,148.5,-0.2733394338697539,2.4072496063595654,2.8123937389516467,4.085789341756004,0.0,0.0,7.539402893760322,12.18022028852252,1.0,0.0,3.0,4.4098426420763313e-14,-1.0,0.0
target,148.75,-0.2596227493672381,2.456827324297064,2.64894336444882,3.103666791726356,0.0,0.0,6.084709204137512,-5.992740289303597,1.0,0.0,3.0,-0.4999999999999767,-0.8660254037844521,0.0
target,149.0,-0.1541085250534356,2.172666786485707,2.4488287051938054,2.2706904633749296,0.0,0.0,3.421972391422016,-10.98830496601125,1.0,0.0,3.0,-0.8660254037844337,-0.5000000000000084,0.0
target,149.25,-0.0823917956605368,1.8447720833205823,2.047262272653913,2.996846321707503,0.0,0.0,-0.2618355842525764,-15.210693171015674,0.0,0.0,0.0,-1.0,-4.948872927892143e-14,0.0
target,149.5,0.0516249425508499,1.3512804447045663,1.3256745147736018,2.798384322811786,0.0,0.0,-0.4860718866332589,-0.904486946025266,0.0,0.0,0.0,-0.8660254037844548,0.4999999999999719,0.0
target,149.75,0.1977355193748538,1.1644210640040162,1.0851420059122052,3.958749708173718,0.0,0.0,1.0166809508388626,6.237051115976909,0.0,0.0,0.0,-0.5000000000000131,0.866025403784431,0.0
target,150.0,0.3845176674761841,1.627324599405343,1.7151709735216722,3.577463985101399,0.0,0.0,3.660856189881784,10.957122214012058,0.0,0.0,0.0,-5.4879032137079545e-14,1.0,0.0
target,150.25,0.4692489119712981,1.7275752752107076,1.956890788079586,1.6678731809987457,0.0,0.0,4.834615774188955,4.876580580638358,0.0,0.0,0.0,0.4999999999999673,0.8660254037844575,0.0
target,150.5,0.430602209420372,2.701712667015127,3.1286748844389494,3.567935850623871,0.0,0.0,4.550147139845537,-1.153562913759313,0.0,0.0,0.0,0.8660254037844284,0.5000000000000178,0.0
target,150.75,0.3617562068322271,2.65134395792768,2.998538188122206,2.1506269070217026,0.0,0.0,3.299752808537757,-5.147910631849146,0.0,0.0,0.0,1.0,6.026933499523767e-14,0.0
target,151.0,0.3111805615312373,1.665124122671074,1.8733370927717872,1.5426537986731736,0.0,0.0,1.3236932102635652,-8.14872054125906,0.0,0.0,0.0,0.8660254037844602,-0.4999999999999626,0.0
target,151.25,0.2936317320426524,0.4144096020378817,0.3876287944305974,1.1202342312730351,0.0,0.0,0.3216725805597172,-4.120822387532777,1.0,1.0,1.0,0.5000000000000225,-0.8660254037844257,0.0
target,151.5,0.3146826536076496,0.727152262427155,0.7947830592540694,0.7612417701994488,0.0,0.0,-0.0141410005008384,-1.3658872896399656,1.0,0.0,1.0,8.816218992587766e-15,-1.0,0.0
target,151.75,0.3729031520794698,1.2206425917682238,1.4127054797637195,0.3339800346583372,0.0,0.0,-0.279586194055817,-1.0748961617075514,1.0,0.0,1.0,-0.499999999999958,-0.8660254037844629,0.0
target,152.0,0.44950664415196,1.2230521587040597,1.331316902287918,0.5761791152048683,0.0,0.0,-0.3104548867766372,-0.104862841578386,1.0,0.0,1.0,-0.8660254037844229,-0.5000000000000272,0.0
target,152.25,0.4688773902950782,0.5959180919535945,0.6657378628693822,0.405952776988352,0.0,0.0,-0.2511250304616927,0.2681310332592901,0.0,0.0,0.0,-1.0,-1.4206521850745884e-14,0.0
target,152.5,0.4682737806479251,0.9171315253561512,1.1123560605389882,0.1049618170607477,0.0,0.0,-0.2683520248234123,-0.0484509592951115,0.0,0.0,0.0,-0.8660254037844656,0.4999999999999533,0.0
target,152.75,0.4586077727663807,0.4362100803024281,0.4988039224815551,-0.0532965727146639,0.0,0.0,-0.2085957182005042,0.2698945134315714,0.0,0.0,0.0,-0.5000000000000319,0.8660254037844203,0.0
target,153.0,0.4730679917722163,0.1874160438693283,0.2567971027596493,-0.2769507689225918,0.0,0.0,2.604249128092967,11.654613815022026,0.0,0.0,0.0,-1.9596824708904003e-14,1.0,0.0
target,153.25,0.5090865860404659,0.4673252106467525,0.497212803714933,-0.201061803337917,0.0,0.0,4.451392870711184,7.6611948471400675,0.0,0.0,0.0,0.4999999999999486,0.8660254037844682,0.0
target,153.5,0.5376880495615909,0.747048323513016,0.7891598781372378,0.3697579942252238,0.0,0.0,3.796495618278022,-2.6853791911727627,0.0,0.0,0.0,0.8660254037844176,0.5000000000000365,0.0
target,153.75,0.5260358375609167,1.2589054679278318,1.344006716235195,0.9595241596572908,0.0,0.0,2.778648389463542,-4.18626938851986,0.0,0.0,0.0,1.0,2.4987127567062125e-14,0.0
target,154.0,0.5411387993328862,0.8893793130448924,0.9851648599582172,0.1961019060442022,0.0,0.0,1.8502823953926948,-3.8162417901928247,0.0,0.0,0.0,0.8660254037844426,-0.4999999999999932,0.0
target,154.25,0.4893715424208718,0.445972057795571,0.4402786137823962,0.4068065337919935,0.0,0.0,1.007207065213572,-3.463543265077548,1.0,1.0,5.0,0.5000000000000412,-0.8660254037844148,0.0
target,154.5,0.4730546289415422,1.1374850297099195,1.3546102106144815,0.6606794261166553,0.0,0.0,0.7203318453924672,-1.163514755025568,1.0,0.0,5.0,3.0377430425220244e-14,-1.0,0.0
target,154.75,0.5479422004847921,0.6383223014624638,0.4342770118595506,1.34405086335908,0.0,0.0,4.144774747984527,14.183726880594165,1.0,0.0,5.0,-0.4999999999999885,-0.8660254037844453,0.0
target,155.0,0.6527449580862276,0.867896778887568,0.7581608656176325,1.9786909712088665,0.0,0.0,5.61974247065634,6.122152619903905,1.0,0.0,5.0,-0.8660254037844122,-0.5000000000000459,0.0
target,155.25,0.694783402241482,0.7056669275684437,0.712605976835212,0.4298100592532044,0.0,0.0,3.6262109247891936,-8.220971475484987,0.0,0.0,0.0,-1.0,-3.576773328337836e-14,0.0
target,155.5,0.6496737962088855,1.8950698030689224,2.2024459128518856,1.2259815759263266,0.0,0.0,2.576349673194111,-4.31865549155289,0.0,0.0,0.0,-0.8660254037844479,0.4999999999999839,0.0
target,155.75,0.5652069460210323,1.439659937528238,1.7779018994228613,1.2040228632496708,0.0,0.0,1.7497125506893167,-3.395567107574138,0.0,0.0,0.0,-0.5000000000000505,0.8660254037844095,0.0
target,156.0,0.6477252569988629,0.4636033425251869,0.625040635522675,0.9240138476627452,0.0,0.0,3.253467565537233,6.24119537358048,0.0,0.0,0.0,-4.115803614153648e-14,1.0,0.0
target,156.25,0.6887607000571504,0.3858717298291788,0.4188535062766321,0.0349152827657942,0.0,0.0,4.7294207390877725,6.126227709200213,0.0,0.0,0.0,0.4999999999999792,0.8660254037844506,0.0
target,156.5,0.6924379485453441,0.2775454018212397,0.4445582284653265,-0.5861011860343041,0.0,0.0,3.945948846245992,-3.2170679361087333,0.0,0.0,0.0,0.8660254037844068,0.5000000000000552,0.0
target,156.75,0.6679199810566485,0.6245648908462782,0.706415883002625,-0.5216723765342242,0.0,0.0,1.6960856027993163,-9.28096805132788,0.0,0.0,0.0,1.0,4.65483389996946e-14,0.0
target,157.0,0.6322852656394545,0.8600814541996211,1.0197593371076643,-0.0247465833993812,0.0,0.0,-0.5359949198830011,-9.207431991225356,0.0,0.0,0.0,0.8660254037844534,-0.4999999999999745,0.0
target,157.25,0.6161226123781189,0.3640114966618636,0.455066952546284,-0.1937897634589342,0.0,0.0,-0.5700847608021601,-0.118183106269655,1.0,1.0,7.0,0.5000000000000107,-0.8660254037844325,0.0
target,157.5,0.595939036801711,-0.0546894005594082,0.0251628715430429,-0.1847716178909492,0.0,0.0,-0.5163462916579175,0.245009229318843,1.0,0.0,7.0,5.1938641857852726e-14,-1.0,0.0
target,157.75,0.6171262700110657,0.4039301242391485,0.6046908363839933,0.1160341293815856,0.0,0.0,-0.5998537092732644,-0.3225373183278833,1.0,0.0,7.0,-0.4999999999999698,-0.866025403784456,0.0
target,158.0,0.6451239770878805,0.3977462098751139,0.5087428866409898,0.059854469740882,0.0,0.0,-0.6621814107732988,-0.2349538209627542,1.0,0.0,7.0,-0.8660254037844298,-0.5000000000000153,0.0
target,158.25,0.6634763865974246,0.0935485632413242,0.127795207928571,-0.1896731458054007,0.0,0.0,-0.3932618980607256,1.1348374149179494,0.0,0.0,0.0,-1.0,-5.732894471601083e-14,0.0
target,158.5,0.7379061955186946,1.8976075625264843,2.293402207027066,2.2450836412917874,0.0,0.0,0.880123938768227,5.288560400279599,0.0,0.0,0.0,-0.8660254037844587,0.4999999999999652,0.0
target,158.75,0.7125725069787195,1.867606055131357,2.171520824853906,1.881761510678724,0.0,0.0,0.8872998795418202,0.0524613661340223,0.0,0.0,0.0,-0.50000000000002,0.8660254037844272,0.0
target,159.0,0.7849606910885277,1.2390835195859526,1.4690362843791187,0.7680615249453225,0.0,0.0,-0.3821860224106528,-5.226859118134415,0.0,0.0,0.0,-6.271924757416895e-14,1.0,0.0
target,159.25,0.8477895328466544,0.9763873684793004,1.1478514703715887,0.5443384971753978,0.0,0.0,-0.6794204659512922,-1.2063527722305618,0.0,0.0,0.0,0.4999999999999605,0.8660254037844615,0.0
target,159.5,0.8514319973199094,0.6338466037921702,0.7426824378860961,0.2676084377998955,0.0,0.0,-0.7981253135013331,-0.4680876172629979,0.0,0.0,0.0,0.8660254037844245,0.5000000000000246,0.0
target,159.75,0.8323456251488467,0.2685194181737952,0.3998259552739217,-0.1326624817942747,0.0,0.0,-0.8304834179085961,-0.111021936620309,0.0,0.0,0.0,1.0,1.1266131571519062e-14,0.0
target,160.0,0.8324704837553925,0.1016542791697446,0.0560993160467192,0.484331485302797,0.0,0.0,-0.8795457716846273,-0.1800982439990579,0.0,0.0,0.0,0.8660254037844641,-0.4999999999999558,0.0
target,160.25,0.8354235261118422,0.2425948132250888,0.1956307417260998,-0.181361049322743,0.0,0.0,-0.921785559580155,-0.1518852038636192,1.0,1.0,10.0,0.5000000000000293,-0.8660254037844217,0.0
target,160.5,-0.5414510709604184,15.18854296339362,12.963733310248823,42.11966249912052,1.0,1.0,-0.9098669158325592,0.0720736456927098,1.0,0.0,10.0,1.665643442967718e-14,-1.0,0.0
target,160.75,-1.1716550541556137,1.1530521810953616,0.9523317863199934,3.049547778017617,0.0,0.0,-0.897600875548433,0.0735102184718826,1.0,0.0,10.0,-0.4999999999999512,-0.8660254037844668,0.0
target,161.0,-1.178890727175404,-0.0700730929517798,0.0351231239681733,-0.7562586668885088,0.0,0.0,-0.8899395389126376,0.0544686011218181,1.0,0.0,10.0,-0.8660254037844191,-0.500000000000034,0.0
target,161.25,-1.1589236029323424,-0.5227658138972108,-0.4649822386576923,-0.7294846031774344,0.0,0.0,-0.8431827704139919,0.216138126572774,0.0,0.0,0.0,-1.0,-2.20467372878353e-14,0.0
target,161.5,-1.14980500128605,-0.6747393781305102,-0.684456706843744,-0.3120960607454364,0.0,0.0,-0.7714655405820485,0.319355964220597,0.0,0.0,0.0,-0.8660254037844695,0.4999999999999465,0.0
target,161.75,-1.163244479139972,-0.6357509321104474,-0.451820268419272,-0.5200884905427678,0.0,0.0,-0.7504843721768937,0.1095494834303505,0.0,0.0,0.0,-0.5000000000000386,0.8660254037844164,0.0
target,162.0,-1.172247382822663,-0.8878914705472825,-0.7592980540293285,-0.9006493270665094,0.0,0.0,-0.7890106061463277,-0.1365287166127758,0.0,0.0,0.0,-2.7437040145993422e-14,1.0,0.0
target,162.25,-1.1980320186407167,-0.8019472228431609,-0.7193122280724643,-0.7294285276217541,0.0,0.0,-0.8004382380382482,-0.0244691247498483,0.0,0.0,0.0,0.4999999999999911,0.8660254037844438,0.0
target,162.5,-1.18076849776452,-0.167788238685648,-0.2335423107092109,-0.0228772127535666,0.0,0.0,-0.3719965765404209,1.7945019553558623,0.0,0.0,0.0,0.8660254037844136,0.5000000000000433,0.0
target,162.75,-1.1394613212561238,0.0401507313416838,-0.1861285964498365,0.0258287604680708,0.0,0.0,-0.1882814837343254,0.782495530553355,0.0,0.0,0.0,1.0,3.2827343004151544e-14,0.0
target,163.0,-1.1312276611201295,-0.4340639006561901,-0.3806521642487859,-0.9014416332414364,0.0,0.0,3.701311570328432,16.107240720152646,0.0,0.0,0.0,0.8660254037844465,-0.4999999999999864,0.0
target,163.25,-1.1279491115614044,0.0174017531157602,0.0687869296282609,-0.4628963080882982,0.0,0.0,5.485555910895559,7.401089868215115,1.0,1.0,6.0,0.500000000000048,-0.866025403784411,0.0
target,163.5,-1.139076755842394,0.1444164093653487,0.2029884944910251,-0.956850823025941,0.0,0.0,5.674780747344601,0.8052797178015312,1.0,0.0,6.0,3.8217645862309657e-14,-1.0,0.0
target,163.75,-1.159589484123488,-0.3558630628977812,-0.3476539247644021,-0.8832347926935571,0.0,0.0,6.459478494584359,3.267711217321899,1.0,0.0,6.0,-0.4999999999999817,-0.8660254037844491,0.0
target,164.0,-1.2034778380307776,-0.2169963413216024,-0.3033403307000065,0.0305670695519864,0.0,0.0,4.749251174362756,-7.049436655789395,1.0,0.0,6.0,-0.8660254037844083,-0.5000000000000526,0.0
target,164.25,-1.2520558544142109,-0.3339881152171244,-0.3149017574540335,-0.192350003537662,0.0,0.0,3.283182185341768,-6.0397800371190815,0.0,0.0,0.0,-1.0,-4.3607948720467776e-14,0.0
target,164.5,-1.2883249019069407,-0.2745187734991907,-0.1353566424882622,-0.6004144744070694,0.0,0.0,1.9593349861636555,-5.4516568683216615,0.0,0.0,0.0,-0.8660254037844518,0.4999999999999771,0.0
target,164.75,-1.3011231308226037,-0.6217143301058834,-0.5356711103069488,-0.6749977073451905,0.0,0.0,0.6884753865415885,-5.232539706371307,0.0,0.0,0.0,-0.5000000000000573,0.8660254037844056,0.0
target,165.0,-1.3065532609092154,-0.999133927537146,-0.8462194921844934,-1.1073782912647825,0.0,0.0,-0.7905266733913249,-6.093261565198619,0.0,0.0,0.0,-4.8998251578625895e-14,1.0,0.0
target,165.25,-1.3299450547169207,-0.7941419433763527,-0.6288705663395755,0.1190329324218732,0.0,0.0,-0.8103753284646429,-0.0592921911972019,0.0,0.0,0.0,0.4999999999999724,0.8660254037844546,0.0
target,165.5,-1.3634736279728306,-0.648057966072505,-0.5567078900558976,-0.1066031119987242,0.0,0.0,-0.7925986459048088,0.0962981217944249,0.0,0.0,0.0,0.8660254037844313,0.5000000000000128,0.0
target,165.75,-1.3784449758477246,-0.5934681025365302,-0.5640432205041158,-0.7199546773559542,0.0,0.0,-0.816404537209463,-0.0756563665786585,0.0,0.0,0.0,1.0,5.438855443678401e-14,0.0
target,166.0,-1.392065216287259,-0.9077249867363318,-0.7842802039033738,-0.697939529689497,0.0,0.0,-0.8136827431198331,0.0340423400132355,0.0,0.0,0.0,0.8660254037844572,-0.4999999999999677,0.0
target,166.25,-1.3993999047033263,-1.0243695566034925,-0.8933465235574639,-0.5579337504046716,0.0,0.0,-0.7976879727345194,0.0889294630554552,1.0,1.0,9.0,0.5000000000000174,-0.8660254037844286,0.0
target,166.5,-1.404663564313421,-0.7806134298592973,-0.6889075611059248,-0.8568854003241893,0.0,0.0,-0.8260140900558641,-0.0943486474981542,1.0,0.0,9.0,5.977885729494214e-14,-1.0,0.0
target,166.75,-1.4026118504146703,-0.7741857845613941,-0.700427342334176,-0.8587582198720625,0.0,0.0,-0.8202101586018817,0.0467877596524798,1.0,0.0,9.0,-0.4999999999999631,-0.8660254037844599,0.0
target,167.0,-1.3874505623914166,-0.6891544870113975,-0.6045385495585845,-0.920292800719821,0.0,0.0,-0.8083957963944286,0.071642415078164,1.0,0.0,9.0,-0.8660254037844259,-0.5000000000000221,0.0
target,167.25,-1.3806737787094423,-0.5270496660404772,-0.4855384505028177,-0.9646882541723074,0.0,0.0,-0.7878738779144591,0.1076503685227939,0.0,0.0,0.0,-1.0,-6.516916015310026e-14,0.0
target,167.5,-1.3681056787614383,-0.6524759719511086,-0.6168517947546295,-0.7600495491037614,0.0,0.0,-0.7250267915268263,0.2826756715880891,0.0,0.0,0.0,-0.8660254037844627,0.4999999999999584,0.0
target,167.75,-1.361034740508619,-0.4425308927963041,-0.4294360327090945,-0.5902914010016526,0.0,0.0,-0.6993468731813333,0.1289800060482379,0.0,0.0,0.0,-0.5000000000000268,0.8660254037844233,0.0
target,168.0,-1.3613850216373338,0.3847077468069283,0.3055278181287454,0.0862891152813197,0.0,0.0,-0.6879814386716017,0.0697859851989125,0.0,0.0,0.0,-1.3716044150450356e-14,1.0,0.0
target,168.25,-1.362490614404791,0.3787549186206953,0.3883415409147006,0.0268450380407868,0.0,0.0,-0.6726070203053226,0.086364150133943,0.0,0.0,0.0,0.4999999999999537,0.8660254037844654,0.0
target,168.5,-1.3463668504742976,0.6376093986346272,0.6124621387679982,-0.1993847281219807,0.0,0.0,-0.6637030839406036,0.0596070661272771,0.0,0.0,0.0,0.8660254037844205,0.5000000000000314,0.0
target,168.75,-1.340544976330919,1.8396474743462965,2.2506786538258114,0.4168641569159889,0.0,0.0,-0.6689549453191971,0.0010692525134131,0.0,0.0,0.0,1.0,1.9106347008608474e-14,0.0
target,169.0,-1.3693850629177726,2.4092123934747542,3.09456680026223,2.1507009498045973,0.0,0.0,-0.7089806456462624,-0.1427293902699526,0.0,0.0,0.0,0.866025403784468,-0.4999999999999491,0.0
target,169.25,-1.3980512941302996,1.9852400446653824,2.3961502930016656,2.742040013262588,0.0,0.0,-0.7490127586970478,-0.1427559085088176,1.0,1.0,9.0,0.5000000000000361,-0.8660254037844178,0.0
target,169.5,-1.3996881637955527,1.6863030069322025,1.5044236094234176,1.9348702474419768,0.0,0.0,-0.764431489810597,-0.0409733321839021,1.0,0.0,9.0,2.4496649866766597e-14,-1.0,0.0
target,169.75,-1.4341226951006212,1.5525831774820116,1.1159581829035523,3.1512678982818496,0.0,0.0,-0.7744950658872616,-0.0188284080258413,1.0,0.0,9.0,-0.4999999999999444,-0.8660254037844708,0.0
target,170.0,-1.459019824985988,1.626573987783407,1.3142889978879082,1.5155803805241057,0.0,0.0,-0.7712069171167892,0.036384360247465,1.0,0.0,9.0,-0.8660254037844152,-0.5000000000000407,0.0
target,170.25,-1.4684434308474328,1.2512046680037965,1.0545764920591352,1.2474134519656537,0.0,0.0,-0.7569584354351852,0.081708116402488,0.0,0.0,0.0,-1.0,-2.988695272492471e-14,0.0
target,170.5,-1.4745455961669804,1.4012963431915446,1.1672434389030124,1.0654451547382378,0.0,0.0,-0.755790578707392,0.0276164149396879,0.0,0.0,0.0,-0.866025403784445,0.4999999999999889,0.0
target,170.75,-1.4635414709684935,1.886070927740348,1.5031062603290632,1.8167585143370053,0.0,0.0,-0.7720687041178679,-0.0445271455462098,0.0,0.0,0.0,-0.5000000000000454,0.8660254037844124,0.0
target,171.0,-1.4592855359398125,2.7911156803475943,2.4013428664006424,1.583601150947728,0.0,0.0,-0.7919835929722429,-0.059566084678923,0.0,0.0,0.0,-3.527725558308283e-14,1.0,0.0
target,171.25,-1.4344970044929537,1.893000737480964,1.4901297051442592,0.4767117525723317,0.0,0.0,-0.8345896865995432,-0.1533999709605382,0.0,0.0,0.0,0.4999999999999843,0.8660254037844477,0.0
target,171.5,-1.4260515728978669,2.205670351942936,1.8264942589375897,0.2917906207422227,0.0,0.0,-0.8470988740800081,-0.0289416313936464,0.0,0.0,0.0,0.8660254037844097,0.5000000000000501,0.0
target,171.75,-1.4415177378802977,3.252838498547684,3.16424823269376,0.0743740341222733,0.0,0.0,-0.8580338505602749,-0.0224318696840315,0.0,0.0,0.0,1.0,4.066755844124095e-14,0.0
target,172.0,-1.4757043912262446,1.6742905955393563,1.4870684330513433,-0.1768962419561439,0.0,0.0,-0.8834756309653145,-0.0824211828742673,0.0,0.0,0.0,0.8660254037844504,-0.4999999999999796,0.0
target,172.25,-1.4784891841438963,1.0740424923599516,0.8153857899594062,0.0167677123149554,0.0,0.0,-0.810242325667401,0.3256253207528653,1.0,1.0,2.0,0.5000000000000547,-0.8660254037844071,0.0
target,172.5,-1.4829541241248885,1.365514081644436,1.2061642501111058,0.8307349288303962,0.0,0.0,-0.7401093335154663,0.3128047396471725,1.0,0.0,2.0,4.6057861299399076e-14,-1.0,0.0
target,172.75,-1.4933934707409862,1.4318752571123532,1.213039393174392,-0.4221849467681996,0.0,0.0,-0.6954598686868857,0.2074238914796403,1.0,0.0,2.0,-0.4999999999999749,-0.8660254037844531,0.0
target,173.0,-1.5232349037396649,1.604551614850409,1.2640672666038857,-0.5448739858213667,0.0,0.0,-0.6492141859829829,0.2140246571988924,1.0,0.0,2.0,-0.8660254037844328,-0.5000000000000102,0.0
target,173.25,-1.5373334108606864,2.112607774896502,2.005966454081222,-0.5754975458126204,0.0,0.0,-0.5315567907406921,0.5093301987317852,0.0,0.0,0.0,-1.0,-5.1448164157557195e-14,0.0
target,173.5,-1.556258076432726,3.092730678024564,3.2977624423567318,-0.3546398491364431,0.0,0.0,-0.5141272036385739,0.0948627940525044,0.0,0.0,0.0,-0.8660254037844558,0.4999999999999703,0.0
target,173.75,-1.5755842042834474,3.0134099477383125,3.205695342287968,-0.5982098247516288,0.0,0.0,-0.5624948477304026,-0.177225443274789,0.0,0.0,0.0,-0.5000000000000149,0.86602540378443,0.0
target,174.0,-1.6163266239549745,1.3080614164220992,0.968907884342842,1.2683146140575503,0.0,0.0,-0.5282618337360552,0.1643492256424298,0.0,0.0,0.0,-5.6838467015715314e-14,1.0,0.0
target,174.25,-1.6356465484343423,1.1366194081612848,1.0109237017438746,-0.1855589545134694,0.0,0.0,-0.5283528995844535,0.0224104508212612,0.0,0.0,0.0,0.4999999999999656,0.8660254037844585,0.0
target,174.5,-1.6446198640898846,1.9100940358410576,1.6680739483906135,-0.9014967948672116,0.0,0.0,-0.5645779995963033,-0.1270129441249101,0.0,0.0,0.0,0.8660254037844274,0.5000000000000195,0.0
target,174.75,-1.6358969172981186,1.6417415380466536,1.4875509446578283,-0.8500807631337345,0.0,0.0,-0.6480870851399159,-0.3225442156342525,0.0,0.0,0.0,1.0,6.222876987387343e-14,0.0
target,175.0,-1.6289956436110593,0.6706882039593978,0.6134731187939292,-0.1929505696108094,0.0,0.0,-0.6990363573608503,-0.187901130295911,0.0,0.0,0.0,0.8660254037844611,-0.499999999999961,0.0
target,175.25,0.1257151908847868,14.352205633164797,9.761903436619434,31.52081845796641,0.0,0.0,-0.6938250862215065,0.0443369589513304,1.0,1.0,9.0,0.5000000000000242,-0.8660254037844247,0.0
target,175.5,3.0714874762981297,17.32587992469442,12.446648894657782,32.89035264687727,1.0,1.0,-0.6263415376350879,0.3018486185983321,1.0,0.0,9.0,6.761907273203155e-14,-1.0,0.0
target,175.75,3.0612428412145585,5.703003006499924,6.012198664791065,3.5328961371075924,0.0,0.0,-0.6468618418280968,-0.0620696306389992,1.0,0.0,9.0,-0.4999999999999563,-0.8660254037844639,0.0
target,176.0,2.997290850130478,4.239585100506551,4.100379840451462,2.121176710584042,0.0,0.0,-0.7506714938772118,-0.406492206408305,1.0,0.0,9.0,-0.866025403784422,-0.5000000000000289,0.0
target,176.25,2.69895247885428,8.72520019100904,11.11297129007582,7.370297984270405,0.0,0.0,-0.7223611540564283,0.1398574659299462,0.0,0.0,0.0,-1.0,-1.6165956729381652e-14,0.0
target,176.5,1.9626649416936592,16.612750881555705,21.953975678016867,13.166672534879352,0.0,1.0,-0.6655933521552668,0.2575362885149707,0.0,0.0,0.0,-0.8660254037844666,0.4999999999999516,0.0
target,176.75,0.9987487069963056,15.310792923945312,21.101557229329256,15.073015791581383,0.0,0.0,-0.6568520357994463,0.0589345911496459,0.0,0.0,0.0,-0.5000000000000335,0.8660254037844193,0.0
target,177.0,0.4092150868616033,11.336641677207403,15.521214320383086,8.995614846727392,0.0,0.0,-0.6015751484602955,0.2513709787014421,0.0,0.0,0.0,-2.1556259587539768e-14,1.0,0.0
target,177.25,-0.1174857282300317,8.488879811813634,10.94084333424217,7.453791735123962,0.0,0.0,-0.4884071287271328,0.4907654924848239,0.0,0.0,0.0,0.4999999999999469,0.8660254037844692,0.0
target,177.5,-0.5802292608674064,7.7127454363802626,8.930477472445604,6.859057766098288,0.0,0.0,-0.4815327568024047,0.0512143024653605,0.0,0.0,0.0,0.8660254037844166,0.5000000000000382,0.0
target,177.75,-0.7686373255644217,7.032741694937236,7.571894964033795,5.467837295731199,0.0,0.0,-0.5652842906292957,-0.3235468007710927,0.0,0.0,0.0,1.0,2.6946562445697887e-14,0.0
target,178.0,-0.8340502060744384,7.96991485360987,8.646429470969517,2.936275630326274,0.0,0.0,-0.5418849847903249,0.1195490949648052,0.0,0.0,0.0,0.866025403784472,-0.4999999999999422,0.0
target,178.25,-0.759116716809906,9.018526809816947,9.93231621294706,7.480070609972527,0.0,0.0,-0.4498443349849237,0.4033984598803399,1.0,1.0,1.0,0.5000000000000429,-0.866025403784414,0.0
target,178.5,-0.6584806108250225,11.14303784284069,13.058620782426786,5.985672821612535,0.0,0.0,-0.5133860281568825,-0.239973984397447,1.0,0.0,1.0,3.2336865303856006e-14,-1.0,0.0
target,178.75,-0.6951985624701529,10.55483013862293,12.142334256640344,5.048780119841069,0.0,0.0,-0.5026463186385699,0.0671984536739916,1.0,0.0,1.0,-0.4999999999999868,-0.8660254037844463,0.0
target,179.0,-0.7771803236487954,7.84250419865346,9.443736973943372,1.9537752232848349,0.0,0.0,-0.4512750378434222,0.2352203051705243,1.0,0.0,1.0,-0.8660254037844112,-0.5000000000000475,0.0
target,179.25,-0.7180928293806262,5.540613669287793,6.9723027452171324,1.3252619219714288,0.0,0.0,1.396540395788195,7.663972459822976,0.0,0.0,0.0,-1.0,-3.7727168162014125e-14,0.0
target,179.5,-0.6313445699260805,5.658892833313694,6.872178091349467,3.642895770306578,0.0,0.0,2.810419695972365,5.869536500742694,0.0,0.0,0.0,-0.8660254037844489,0.4999999999999822,0.0
target,179.75,-0.5586097491175804,4.921790117975583,4.987850934644991,2.7575786755513256,0.0,0.0,4.106952629759939,5.384279516364451,0.0,0.0,0.0,-0.5000000000000522,0.8660254037844085,0.0
target,180.0,-0.5380473389358809,4.383401290847771,3.94929812670692,1.385725732136801,0.0,0.0,5.340902257910633,5.125481676275087,0.0,0.0,0.0,-4.311747102017224e-14,1.0,0.0
target,180.25,-0.4738682726700904,3.55348091830443,3.1120401271861984,0.538341219838995,0.0,0.0,3.7584464999233886,-6.521068842766593,0.0,0.0,0.0,0.4999999999999775,0.8660254037844516,0.0
target,180.5,-0.3969809347140138,3.158375495941117,3.085409130159248,0.443668517637601,0.0,0.0,2.5831055239401306,-4.837545973865985,0.0,0.0,0.0,0.8660254037844058,0.5000000000000568,0.0
target,180.75,-0.3725987088391612,2.211786099822983,2.1905070675428973,-0.1112381238038207,0.0,0.0,2.862028342928274,1.1762036232306072,0.0,0.0,0.0,1.0,4.850777387833036e-14,0.0
target,181.0,-0.3071462172853436,1.5186217352026266,1.2947341196983924,0.10166459431883,0.0,0.0,5.028525659251578,8.981802863265568,0.0,0.0,0.0,0.8660254037844544,-0.4999999999999728,0.0
target,181.25,-0.2124739599791127,1.4418286685072492,1.3030799516121565,0.5558156932411192,0.0,0.0,5.931555147442313,3.757042975375925,1.0,1.0,10.0,0.5000000000000123,-0.8660254037844315,0.0
target,181.5,-0.1079974166370335,1.5348337484671724,1.301658558724764,0.5001727221630787,0.0,0.0,4.29701396839686,-6.736455267833696,1.0,0.0,10.0,5.389807673648848e-14,-1.0,0.0
target,181.75,-0.0463420853997779,1.3077820898969654,1.1222370828206585,-0.0507036450617533,0.0,0.0,3.472134291395241,-3.3882996247259896,1.0,0.0,10.0,-0.4999999999999682,-0.866025403784457,0.0
target,182.0,0.0026026973614395,0.7567360626024384,0.6418357154000529,-0.3082743612506293,0.0,0.0,1.513645435467586,-8.076061065672477,1.0,0.0,10.0,-0.8660254037844288,-0.500000000000017,0.0
target,182.25,0.0388789666307861,0.4013506262560499,0.3247865490515211,-0.2109777297704497,0.0,0.0,-0.6079821759584131,-8.750681192049415,0.0,0.0,0.0,-1.0,-5.928837959464662e-14,0.0
target,182.5,0.085767401969723,1.055616184410607,0.967496511843848,-0.0496394773538005,0.0,0.0,-0.781564073260197,-0.6950181349417963,0.0,0.0,0.0,-0.8660254037844597,0.4999999999999635,0.0
target,182.75,0.1378647136978418,0.6532597233198417,0.4625183823634701,-0.0373287971871256,0.0,0.0,-0.7773958937692301,0.0400235104546728,0.0,0.0,0.0,-0.5000000000000216,0.8660254037844262,0.0
target,183.0,0.1705632412644556,-0.2074217478143644,-0.1920827138228386,-0.1967547326788541,0.0,0.0,-0.7169784723693783,0.2726283906945742,0.0,0.0,0.0,-6.467868245280474e-14,1.0,0.0
target,183.25,0.2032439877873089,0.0124853453294173,-0.0182678656123483,-0.3267164780463373,0.0,0.0,2.962601240633976,15.238782294970072,0.0,0.0,0.0,0.4999999999999588,0.8660254037844624,0.0
target,183.5,0.2174466814488898,-0.232028337191085,-0.3221446731100819,-0.2551293860481325,0.0,0.0,5.064941424785056,8.716496851326259,0.0,0.0,0.0,0.8660254037844235,0.5000000000000263,0.0
target,183.75,0.2050443993734912,-0.6274039770306125,-0.6014586042255768,-0.6433394094373514,0.0,0.0,3.858773254444421,-4.965024240386359,0.0,0.0,0.0,1.0,7.006898531096286e-14,0.0
target,184.0,0.1974054376300555,-0.7646677057536334,-0.720260775065242,-0.678389530103007,0.0,0.0,2.520643139323571,-5.510720347927633,0.0,0.0,0.0,0.8660254037844651,-0.4999999999999541,0.0
target,184.25,0.1991596586333638,-0.8736890637178815,-0.797177392533815,-1.1321741583214469,0.0,0.0,0.0549984710985817,-10.173278965488423,1.0,1.0,6.0,0.500000000000031,-0.8660254037844207,0.0
target,184.5,0.2041592763923558,-0.7685295437183816,-0.7231942273035757,-0.9730184867278452,0.0,0.0,-0.7709651949551805,-3.392782194358901,1.0,0.0,6.0,1.8615869308312943e-14,-1.0,0.0
target,184.75,0.629163969912119,16.44900713860546,17.302077278709938,26.36176070815128,1.0,1.0,-0.769420009618251,0.0291767644299338,1.0,0.0,6.0,-0.4999999999999495,-0.8660254037844678,0.0
target,185.0,0.7088790702912207,-0.8781576697895216,-0.7820865666799578,-0.774281642216672,0.0,0.0,-0.7808766268703451,-0.024588986564925,1.0,0.0,6.0,-0.8660254037844181,-0.5000000000000356,0.0
target,185.25,0.7037764983966862,-0.6345690221865411,-0.6215256215936926,-0.274153834636902,0.0,0.0,-0.8447689686721784,-0.2414240054073373,0.0,0.0,0.0,-1.0,-2.4006172166471062e-14,0.0
target,185.5,0.6994013888617078,-0.3601473382354663,-0.4076238740699735,0.0033587751147981,0.0,0.0,-0.8717065167329223,-0.0886065614609759,0.0,0.0,0.0,-0.8660254037844705,0.4999999999999448,0.0
target,185.75,0.6866727614580668,-0.3645588152156598,-0.3807522403323561,-0.3195388972185902,0.0,0.0,0.2713621750478144,4.749665956755412,0.0,0.0,0.0,-0.5000000000000403,0.8660254037844154,0.0
target,186.0,0.6766460543776024,-0.236016442041554,-0.2784932073233178,-0.4378516210396654,0.0,0.0,3.115469617332131,11.78389257771572,0.0,0.0,0.0,-2.939647502462918e-14,1.0,0.0
target,186.25,0.6724684487382495,-0.3881892241351913,-0.3848715048880516,-0.7864622633434151,0.0,0.0,4.164393933819505,4.360355089671284,0.0,0.0,0.0,0.4999999999999401,0.8660254037844732,0.0
target,186.5,0.6760181872154293,-0.4204629785572988,-0.5062384694979598,-0.2401873095299529,0.0,0.0,2.365826833261107,-7.414744050668496,0.0,0.0,0.0,0.8660254037844127,0.500000000000045,0.0
target,186.75,-0.0250164107957412,16.39477800113467,16.191179982674406,18.06335392239713,1.0,1.0,0.1625824183658645,-9.088187372617655,0.0,0.0,0.0,1.0,3.47867778827873e-14,0.0
target,187.0,-0.1994252787921936,-0.2549630028099759,-0.1327465578417783,-0.4017640180670117,0.0,0.0,0.9291546229795392,3.192757501880671,0.0,0.0,0.0,0.8660254037844475,-0.4999999999999847,0.0
target,187.25,-0.1928676887621786,-0.3402613108631941,-0.4339216503352062,-0.0713713096619951,0.0,0.0,3.766928415933239,11.757701331504506,1.0,1.0,3.0,0.5000000000000496,-0.86602540378441,0.0
target,187.5,-0.1776747708372184,-0.3929846912424336,-0.4159973124869229,-0.550758279158165,0.0,0.0,3.2343183562926385,-2.1796906366414257,1.0,0.0,3.0,4.0177080740945425e-14,-1.0,0.0
target,187.75,-0.1696549114641785,-0.6897156114135785,-0.5670695828250005,-0.3835162833951114,0.0,0.0,0.6215018941194131,-10.78187165659478,1.0,0.0,3.0,-0.49999999999998,-0.8660254037844501,0.0
target,188.0,-0.1582102634921131,-0.5209048648827685,-0.4779644836023091,-0.8242241749824728,0.0,0.0,-0.6842343819051518,-5.376763608106903,1.0,0.0,3.0,-0.8660254037844073,-0.5000000000000543,0.0
target,188.25,-0.1379407269807517,-0.5289410172994686,-0.5631576614917325,-0.4252351121492604,0.0,0.0,-0.9452787239892856,-1.0566975248088073,0.0,0.0,0.0,-1.0,-4.5567383599103544e-14,0.0
target,188.5,-0.1192368765019801,-0.3566256040851664,-0.4880170790845107,-0.1623913984522925,0.0,0.0,-0.9575621142531268,-0.0280079026401755,0.0,0.0,0.0,-0.8660254037844528,0.4999999999999754,0.0
target,188.75,-0.1081750814690319,-0.2876465025880425,-0.4004301317173084,-0.42862102239957,0.0,0.0,-0.9026435651296814,0.2498891593040435,0.0,0.0,0.0,-0.500000000000059,0.8660254037844046,0.0
target,189.0,-0.1057563540680719,0.3598372682383751,0.1648867485163482,2.607898502829698,0.0,0.0,-0.8517962879885865,0.2330534171723948,0.0,0.0,0.0,-5.0957686457261663e-14,1.0,0.0
target,189.25,-0.0549914138351141,9.39679214056777,7.832018701761276,39.82542266286792,1.0,0.0,-0.8783523555017868,-0.0870290426524743,0.0,0.0,0.0,0.4999999999999707,0.8660254037844556,0.0
target,189.5,-0.0622200806270271,0.5734618089377704,0.7043976011084093,2.6739437007322304,0.0,0.0,-0.9321368913626624,-0.1996256644769285,0.0,0.0,0.0,0.8660254037844304,0.5000000000000144,0.0
target,189.75,-0.0674277936010897,0.2747198856730374,0.3804495975715109,2.090930099916796,0.0,0.0,-0.9259950511608096,0.0481850980194169,0.0,0.0,0.0,1.0,5.6347989315419776e-14,0.0
target,190.0,-0.0670603808153792,0.2419908029894719,0.3147299362410378,1.4501129960582655,0.0,0.0,-0.9064181148821976,0.103742627470362,0.0,0.0,0.0,0.8660254037844582,-0.499999999999966,0.0
target,190.25,-0.0731348342397676,0.2609036227882309,0.3579352814127776,0.3358305998829788,0.0,0.0,-0.861367373298046,0.2090832726287015,1.0,1.0,2.0,0.5000000000000191,-0.8660254037844276,0.0
target,190.5,-0.0645406862832274,0.4625687341629132,0.5405016026683864,0.0162289838732174,0.0,0.0,-0.6638815377901633,0.8394410439196027,1.0,0.0,2.0,6.17382921735779e-14,-1.0,0.0
target,190.75,-0.0776587386583785,1.2750380594723871,1.469034536295276,0.9897488349665758,0.0,0.0,-0.177280466328454,2.035005864926511,1.0,0.0,2.0,-0.4999999999999613,-0.8660254037844609,0.0
target,191.0,-0.1104382253328421,2.120468711781975,2.710567153963557,2.0750187564661564,0.0,0.0,0.4240340974822411,2.5093752474145234,1.0,0.0,2.0,-0.8660254037844249,-0.5000000000000238,0.0
target,191.25,-0.1391335303654395,0.7368745073991888,0.8462340500827495,0.3100465303272208,0.0,0.0,0.6375555655811845,0.9057524513596656,0.0,0.0,0.0,-1.0,-6.712859503173602e-14,0.0
target,191.5,-0.1463422758777906,0.178141246524448,0.2015014777870376,-0.0681629912334173,0.0,0.0,0.734510748500693,0.4237213006449086,0.0,0.0,0.0,-0.8660254037844636,0.4999999999999567,0.0
target,191.75,-0.1304883253573429,0.1776955185053771,0.3201626521211782,0.1768868205195217,0.0,0.0,0.8026122581815547,0.3044040444403142,0.0,0.0,0.0,-0.5000000000000284,0.8660254037844223,0.0
target,192.0,-0.118132737407653,0.2597224904541068,0.3913890352999615,0.5379489417727153,0.0,0.0,0.4944128684359207,-1.2516956055256512,0.0,0.0,0.0,-1.567547902908612e-14,1.0,0.0
target,192.25,-0.1175116174335712,-0.1404251930484061,0.1654563496258466,1.7829077334329442,0.0,0.0,0.7274782192277066,0.9865713626714852,0.0,0.0,0.0,0.499999999999952,0.8660254037844664,0.0
target,192.5,-0.1937605958054549,1.9975700513700196,2.887961640034894,7.056362817743223,0.0,0.0,1.3409617305356645,2.559696931390842,0.0,0.0,0.0,0.8660254037844195,0.5000000000000331,0.0
target,192.75,-0.3687505627248444,3.391414252521721,4.256327667151722,6.5936875302610085,0.0,0.0,1.9966802306309428,2.7343493209238727,0.0,0.0,0.0,1.0,2.1065781887244243e-14,0.0
target,193.0,-0.317469262067852,4.901523306340394,5.475299479750732,7.579482832197841,0.0,0.0,3.108445490547718,4.6202183273703055,0.0,0.0,0.0,0.866025403784469,-0.4999999999999474,0.0
target,193.25,1.2659698503794037,14.598357528136074,12.81091852811124,40.19915661443164,1.0,1.0,2.469428969511968,-2.6197083394517637,1.0,1.0,1.0,0.5000000000000377,-0.8660254037844168,0.0
target,193.5,1.2532543160428322,0.0162573320504392,-0.0906815921915825,0.3987006694161169,0.0,0.0,1.6810112155785506,-3.2375203260052365,1.0,0.0,1.0,2.6456084745402362e-14,-1.0,0.0
target,193.75,1.2215314793445968,-0.362479011184839,-0.3689098353863161,-0.266260362161623,0.0,0.0,3.8426682048774343,8.961786883500704,1.0,0.0,1.0,-0.4999999999999427,-0.8660254037844717,0.0
target,194.0,1.2065980878283635,-0.5655602921577624,-0.6519210513002409,-0.3944758364276668,0.0,0.0,3.769398233402343,-0.2802028822963069,1.0,0.0,1.0,-0.8660254037844142,-0.5000000000000424,0.0
target,194.25,1.1819955990177256,-0.8480829231772293,-0.779850758363077,-0.7872261895239642,0.0,0.0,1.2548770220688452,-10.375395866454143,0.0,0.0,0.0,-1.0,-3.1846387603560475e-14,0.0
target,194.5,1.1644512394548645,-0.5864200694962998,-0.5559531967423659,-0.2402568549663712,0.0,0.0,0.4685596372639758,-3.2288347669998947,0.0,0.0,0.0,-0.8660254037844745,0.499999999999938,0.0
target,194.75,1.142039098608889,-0.4499745092873038,-0.4616719879362124,-0.2631923151725565,0.0,0.0,0.2810233924032383,-0.752722900955072,0.0,0.0,0.0,-0.5000000000000471,0.8660254037844115,0.0
target,195.0,1.1205007344678033,-0.4809776739724558,-0.3949943084590497,-0.2513654071828753,0.0,0.0,0.0196677772633945,-1.0579847178337836,0.0,0.0,0.0,-3.7236690461718594e-14,1.0,0.0
target,195.25,1.12647423577435,-0.4010227306495658,-0.4604512964505013,-0.4057280979581196,0.0,0.0,2.0263938894229576,8.321108415676552,0.0,0.0,0.0,0.4999999999999826,0.8660254037844487,0.0
target,195.5,1.1324352545565388,-0.4091842212257684,-0.4376020475995202,-0.2986855172757919,0.0,0.0,7.053692030442731,20.811939779539628,0.0,0.0,0.0,0.8660254037844087,0.5000000000000517,0.0
target,195.75,1.1735723830035207,0.5264995254931012,0.2309650943634124,1.133457897143254,0.0,0.0,8.305106737953304,5.197704208615448,0.0,0.0,0.0,1.0,4.2626993319876725e-14,0.0
target,196.0,1.1684928330018474,1.2818500290467685,1.1670901650876313,1.709731484507613,0.0,0.0,4.248922766693776,-16.75056234823148,0.0,0.0,0.0,0.8660254037844514,-0.4999999999999779,0.0
target,196.25,1.147519039281926,-0.269444709211033,-0.5015137326154505,-0.6634522961128998,0.0,0.0,3.663851093790568,-2.396632711876992,1.0,1.0,3.0,0.5000000000000564,-0.8660254037844061,0.0
target,196.5,1.1465225263332604,0.1000211800065851,0.0179984919383064,-0.6195028200646128,0.0,0.0,2.765713446605643,-3.691239909836115,1.0,0.0,3.0,4.8017296178034844e-14,-1.0,0.0
target,196.75,1.1363043766975098,0.5865237668340048,0.3049391638860342,0.3402552255434627,0.0,0.0,3.19364024217226,1.7923728541590347,1.0,0.0,3.0,-0.4999999999999732,-0.866025403784454,0.0
target,197.0,1.1330512850065186,0.6365445083339792,0.7075112980875584,-0.442288047579687,0.0,0.0,4.657505906971687,6.076242795092291,1.0,0.0,3.0,-0.8660254037844034,-0.5000000000000611,0.0
target,197.25,1.1111922844213746,0.6006257008985005,0.3455790793833332,0.4428850091173991,0.0,0.0,4.119333859084686,-2.202690868574245,0.0,0.0,0.0,-1.0,-5.3407599036192963e-14,0.0
target,197.5,1.0492957876202569,0.6324994038673318,0.3386369946670284,0.2484335362700448,0.0,0.0,5.953843510641056,7.608949676562634,0.0,0.0,0.0,-0.8660254037844568,0.4999999999999686,0.0
target,197.75,0.993880221277467,0.9335157290842816,0.7466205102917801,0.2820024541163202,0.0,0.0,4.777722420535513,-4.840771943600504,0.0,0.0,0.0,-0.5000000000000165,0.866025403784429,0.0
target,198.0,0.9696137702202422,0.1418296696318028,0.2036048244420974,0.0989823963646023,0.0,0.0,1.2261305508414728,-14.663946042455091,0.0,0.0,0.0,-5.879790189435109e-14,1.0,0.0
target,198.25,0.672963331737761,6.192152656201029,5.953830016226787,11.529713517468087,0.0,0.0,-0.6905083746186926,-7.90300098994369,0.0,0.0,0.0,0.4999999999999639,0.8660254037844595,0.0
target,198.5,-0.2461258078144643,12.228472756754428,12.186628676788754,18.29113597973141,1.0,1.0,-0.9586786357299456,-1.0861650071366085,0.0,0.0,0.0,0.8660254037844264,0.5000000000000212,0.0
target,198.75,-0.2948270652952,2.060571797497327,2.5282922692885896,1.1888068717950329,0.0,0.0,-0.971551216141508,-0.03044435332108,0.0,0.0,0.0,1.0,6.418820475250921e-14,0.0
target,199.0,-0.4047289772294623,2.16059143783206,2.9214134403447445,1.122754434865138,0.0,0.0,3.521161546719698,18.601293668681844,0.0,0.0,0.0,0.8660254037844621,-0.4999999999999592,0.0
target,199.25,-0.4832192259740893,1.5232892979073025,1.7971014240042404,1.1271904074050727,0.0,0.0,5.589177502110005,8.574557460691283,1.0,1.0,2.0,0.5000000000000259,-0.8660254037844237,0.0
target,199.5,-0.5382407570567802,2.18189633298224,2.487581674242179,0.8288713253579756,0.0,0.0,2.334296432698734,-13.436971636694135,1.0,0.0,2.0,6.957850761066731e-14,-1.0,0.0
target,199.75,-0.563214742521398,2.3157180618861988,2.447455670082192,0.4569354404294566,0.0,0.0,0.2607593636814609,-8.55181460330901,1.0,0.0,2.0,-0.4999999999999546,-0.8660254037844649,0.0
target,200.0,-0.5840360471214787,1.839328641635468,1.5163628232827375,0.8275124171796064,0.0,0.0,-0.8082249517779488,-4.397734210288106,1.0,0.0,2.0,-0.866025403784421,-0.5000000000000305,0.0
target,200.25,-0.586519099081849,1.9012886624482903,1.743829019793032,1.2339332217826513,0.0,0.0,-0.3982224167209413,1.7182514913150695,0.0,0.0,0.0,-1.0,-1.8125391608017412e-14,0.0
target,200.5,-0.5310740894238818,2.5949752670614985,2.755981117485718,2.324836396666766,0.0,0.0,0.5289489239160552,3.8568756576746175,0.0,0.0,0.0,-0.8660254037844676,0.4999999999999499,0.0
target,200.75,-0.3746456893637251,3.498150626519682,3.6716249053407375,2.874807425861852,0.0,0.0,1.1324046156605565,2.518229354416144,0.0,0.0,0.0,-0.5000000000000352,0.8660254037844183,0.0
target,201.0,-0.2308989330384136,3.85828903564232,4.250963373491156,1.821059049018937,0.0,0.0,0.5028440075784827,-2.580605741345432,0.0,0.0,0.0,-2.351569446617553e-14,1.0,0.0
target,201.25,-0.1792999511831991,2.4805943629192053,2.6423857977765595,0.4181246311502373,0.0,0.0,0.1223705663066312,-1.550567137464515,0.0,0.0,0.0,0.4999999999999452,0.8660254037844702,0.0
target,201.5,-0.1811884293856095,2.2860406516246163,2.367676345906022,0.5197264985635389,0.0,0.0,2.501609298738619,9.861542570623484,0.0,0.0,0.0,0.8660254037844156,0.5000000000000399,0.0
target,201.75,-0.1644458603959157,2.4563234786457726,2.496332502732362,1.1244733309309862,0.0,0.0,6.364336962459496,15.996145517959636,0.0,0.0,0.0,1.0,2.8905997324333656e-14,0.0
target,202.0,-0.1775826513326388,2.66023159041827,2.754598051866041,1.9264067733729453,0.0,0.0,6.056887740234996,-1.2485934725814272,0.0,0.0,0.0,0.8660254037844729,-0.4999999999999406,0.0
target,202.25,-0.1759445158993803,1.9367242354063603,2.051294500672267,1.3926225299773785,0.0,0.0,3.782753886605781,-9.38133317951936,1.0,1.0,9.0,0.5000000000000445,-0.866025403784413,0.0
target,202.5,-0.1772247517651848,2.6685410959005185,2.77264793599904,2.9452468162303678,0.0,0.0,1.9537723313895263,-7.540515533859548,1.0,0.0,9.0,3.429630018249177e-14,-1.0,0.0
target,202.75,-0.1796438869095471,2.8053159993276937,2.9802227734879967,3.107233840699501,0.0,0.0,0.2718745782042632,-6.932286711645966,1.0,0.0,9.0,-0.4999999999999359,-0.8660254037844757,0.0
target,203.0,-0.1738803107780665,2.715934050086191,2.9526831123836703,3.5008811722536555,0.0,0.0,-0.042452924376731,-1.277036906204415,1.0,0.0,9.0,-0.8660254037844103,-0.5000000000000492,0.0
target,203.25,-0.1842153514617651,2.3932697073597318,2.4467269420969746,2.1054205931085543,0.0,0.0,-0.4191964369388971,-1.5351429363308335,0.0,0.0,0.0,-1.0,-3.968660304064989e-14,0.0
target,203.5,-0.1742263374106514,2.6746168674471367,2.779046595815008,0.7741528984658891,0.0,0.0,-0.5360578951840161,-0.4604647349990663,0.0,0.0,0.0,-0.8660254037844499,0.4999999999999804,0.0
target,203.75,-0.1476305048010492,2.504927245142776,2.6220172330971208,1.2974856924519993,0.0,0.0,-0.1190667722990846,1.7471510743066678,0.0,0.0,0.0,-0.5000000000000538,0.8660254037844075,0.0
target,204.0,-0.1250989792619378,2.392953536275225,2.4256792104643217,2.560733980335546,0.0,0.0,0.5812529759995091,2.918786793231273,0.0,0.0,0.0,-4.507690589880801e-14,1.0,0.0
target,204.25,-0.0823202446775219,1.9537972310193288,2.0205848444973724,4.098157577972193,0.0,0.0,0.9845074455850968,1.6903465292646802,0.0,0.0,0.0,0.4999999999999758,0.8660254037844526,0.0
target,204.5,-0.0627989018110098,2.1227672443691405,2.233921777169179,1.8599825774296148,0.0,0.0,1.1750885045960442,0.810888042036404,0.0,0.0,0.0,0.8660254037844048,0.5000000000000585,0.0
target,204.75,-0.071898996172742,2.029435845274183,2.066106111638184,2.5188275374284315,0.0,0.0,0.680210629530471,-2.023658484448498,0.0,0.0,0.0,1.0,5.046720875696613e-14,0.0
target,205.0,-0.1136921606308637,2.1115708640415978,2.175140701612694,3.5842121480814813,0.0,0.0,0.0330482878981369,-2.6533933734188557,0.0,0.0,0.0,0.8660254037844552,-0.4999999999999711,0.0
target,205.25,-0.1727251432290294,2.054527766331396,2.1524105694114377,2.077162011462504,0.0,0.0,5.110159383860704,21.01792898091648,1.0,1.0,6.0,0.5000000000000632,-0.8660254037844022,0.0
target,205.5,-0.2327236512308598,2.0488202710270933,2.1779246721207137,2.0888896594859867,0.0,0.0,9.226222979111894,17.043753841455345,1.0,0.0,6.0,5.585751161512426e-14,-1.0,0.0
target,205.75,-0.2846871578283889,1.3515955462647196,1.4901103485846363,1.9736224355819976,0.0,0.0,9.17059739308147,-0.2072388738228738,1.0,0.0,6.0,-0.4999999999999664,-0.866025403784458,0.0
target,206.0,-0.3231179822936336,1.202828595237171,1.2216205811494196,1.0912930229474307,0.0,0.0,8.539397193152997,-2.5873858694348355,1.0,0.0,6.0,-0.8660254037844278,-0.5000000000000187,0.0
target,206.25,-0.3592115207992724,1.0480341048873685,1.0299156207270692,1.560478543280598,0.0,0.0,6.306435140258842,-9.211077342209544,0.0,0.0,0.0,-1.0,-6.124781447328237e-14,0.0
target,206.5,-0.3849085249115002,1.0000959268894318,0.9008202407901632,2.02322129325089,0.0,0.0,5.680915372760826,-2.563895840763203,0.0,0.0,0.0,-0.8660254037844607,0.4999999999999618,0.0
target,206.75,-0.4002689767582802,0.9593165030535868,0.8572479139070208,2.522441781596448,0.0,0.0,5.081291212705679,-2.4568109367969373,0.0,0.0,0.0,-0.5000000000000233,0.8660254037844252,0.0
target,207.0,-0.3937487654305887,0.8288322345497962,0.6369234517264692,2.0448726312735697,0.0,0.0,2.2586448302101854,-11.649571590513352,0.0,0.0,0.0,-6.66381173314405e-14,1.0,0.0
target,207.25,-0.3784008599744592,0.6416553811204463,0.5416430174929482,0.082706366063783,0.0,0.0,-0.3367437555645713,-10.709802967934618,0.0,0.0,0.0,0.4999999999999571,0.8660254037844634,0.0
target,207.5,-0.361875105140626,0.8252490321654343,0.7618689169636884,1.6719313185818696,0.0,0.0,-0.5175511660898982,-0.7248974645291438,0.0,0.0,0.0,0.8660254037844225,0.500000000000028,0.0
target,207.75,-0.3376052160272962,0.7025292607133996,0.6825511417518126,2.0368531608946507,0.0,0.0,-0.1269282075592607,1.6381120276700625,0.0,0.0,0.0,1.0,7.202842018959862e-14,0.0
target,208.0,-0.3232846599781481,0.4691143924247652,0.3599684502563636,2.0764938012599896,0.0,0.0,-0.1140506053902058,0.0760391819596675,0.0,0.0,0.0,0.8660254037844661,-0.4999999999999525,0.0
target,208.25,-0.3182633915451816,0.1993394046232842,0.1700337094971435,-0.0350586360788361,0.0,0.0,0.1166866756144311,0.976944203697377,1.0,1.0,1.0,0.5000000000000326,-0.8660254037844198,0.0
target,208.5,-0.3239169863422248,0.051478843836561,0.0701410493633245,0.3607032332025085,0.0,0.0,0.5720435033709612,1.905802993588231,1.0,0.0,1.0,2.0575304186948712e-14,-1.0,0.0
target,208.75,-0.3278016396699044,0.219179992349687,0.1594535733367195,0.4233607795454148,0.0,0.0,1.9610821090164008,5.766813929163561,1.0,0.0,1.0,-0.4999999999999478,-0.8660254037844688,0.0
target,209.0,-0.3408169359426894,0.0194727955392797,-0.0526937710097809,0.5090334071270598,0.0,0.0,4.355416393543554,9.923966506806284,1.0,0.0,1.0,-0.8660254037844171,-0.5000000000000373,0.0
target,209.25,-0.3495537924202808,-0.1840496560974975,-0.1824672635001547,0.8016344721977602,0.0,0.0,4.846016889803601,2.051544500731646,0.0,0.0,0.0,-1.0,-2.5965607045106828e-14,0.0
target,209.5,-0.3499079879809373,0.2929611380979186,0.3217347218341521,0.7013944818565818,0.0,0.0,4.604353069389252,-0.9765541527560916,0.0,0.0,0.0,-0.8660254037844715,0.4999999999999431,0.0
target,209.75,-0.3436163403009117,0.4639572352036203,0.476076545266832,-0.1100099043770953,0.0,0.0,3.992415054421048,-2.507731849686444,0.0,0.0,0.0,-0.500000000000042,0.8660254037844144,0.0
target,210.0,-0.3386154819153104,0.1629992902615068,0.1707143643618195,0.0905728962806529,0.0,0.0,1.2132899262522705,-11.469600166774802,0.0,0.0,0.0,-3.135590990326495e-14,1.0,0.0
target,210.25,-0.3419399379948779,-0.457691503089723,-0.4178642814881856,0.0748175149425308,0.0,0.0,-0.6613851862642456,-7.729469981295105,0.0,0.0,0.0,0.4999999999999385,0.8660254037844741,0.0
target,210.5,-0.3520277689324826,-0.3041728408076455,-0.3021640431542666,0.463295219922875,0.0,0.0,-0.755032181575061,-0.3644670435205902,0.0,0.0,0.0,0.8660254037844117,0.5000000000000466,0.0
target,210.75,-0.3516329741877514,-0.4082469189010374,-0.3992996977479612,0.1880231967781387,0.0,0.0,-0.7463530672636414,0.0586773699214565,0.0,0.0,0.0,1.0,3.6746212761423075e-14,0.0
target,211.0,-0.3551664808554348,-0.1016451371366922,-0.0405833461346018,-0.5378115870024783,0.0,0.0,-0.7482798439922896,0.0148193207906153,0.0,0.0,0.0,0.8660254037844769,-0.4999999999999338,0.0
target,211.25,-0.3437848627204597,-0.3281822242896564,-0.303211043009966,-0.1152264113418828,0.0,0.0,-0.7427622519102939,0.0456036737329436,1.0,1.0,8.0,0.5000000000000513,-0.866025403784409,0.0
target,211.5,-0.3530591795685604,-0.053956674239687,0.0499531709341449,-0.5410772203318985,0.0,0.0,1.6414716719772502,9.8821989540851,1.0,0.0,8.0,4.2136515619581194e-14,-1.0,0.0
target,211.75,-0.3564294263517351,-0.2168510337028427,-0.0679941235178047,-0.6565370426098832,0.0,0.0,4.731174966017152,12.799493708439591,1.0,0.0,8.0,-0.4999999999999783,-0.8660254037844511,0.0
target,212.0,-0.3572285128545732,-0.2990716139245097,-0.239179716755947,-0.2836359211953203,0.0,0.0,6.174027553926402,5.989348393183221,1.0,0.0,8.0,-0.8660254037844063,-0.500000000000056,0.0
target,212.25,-0.3499562620825262,-0.7128291554077261,-0.6908399958861701,-0.5417746752510895,0.0,0.0,5.594984955420689,-2.3717009602551906,0.0,0.0,0.0,-1.0,-4.75268184777393e-14,0.0
target,212.5,-0.3561303652766151,-0.9439637351757528,-0.9053165853015288,-0.7976328800873678,0.0,0.0,4.204625033474166,-5.726703844759797,0.0,0.0,0.0,-0.8660254037844538,0.4999999999999737,0.0
target,212.75,-0.367795799030179,-0.7953822418211708,-0.8218022300400177,-0.6545814682434447,0.0,0.0,3.0908981454697573,-4.582756094588567,0.0,0.0,0.0,-0.5000000000000606,0.8660254037844036,0.0
target,213.0,-0.373462034349165,-0.8956744975696068,-0.8081497544249285,-0.9910057995434832,0.0,0.0,3.0345242627279148,-0.2103332704944905,0.0,0.0,0.0,-5.291712133589743e-14,1.0,0.0
target,213.25,-0.3636171114767256,-0.7891853291057634,-0.8035148952871838,-0.6106777495498229,0.0,0.0,3.439789283767535,1.6986606694079192,0.0,0.0,0.0,0.499999999999969,0.8660254037844565,0.0
target,213.5,-0.3598076678605131,-0.7745574980505824,-0.7849785575860493,-0.598348598323909,0.0,0.0,2.583007793331103,-3.520221713657613,0.0,0.0,0.0,0.866025403784401,0.5000000000000654,0.0
target,213.75,-0.3459613724318437,-0.764308507114501,-0.7872757130349165,-0.4956242096363603,0.0,0.0,2.8228088232004045,1.0144251038418617,0.0,0.0,0.0,1.0,5.830742419405554e-14,0.0
target,214.0,-0.3243626467779371,-0.6430722458479879,-0.6938516893601956,-0.4466018183799967,0.0,0.0,1.218530447829238,-6.611310899918774,0.0,0.0,0.0,0.8660254037844592,-0.4999999999999643,0.0
target,214.25,-0.3048080279036302,-0.6285701808235938,-0.5458319388626519,-0.7359290999680224,0.0,0.0,0.5430227370652684,-2.7706086632337814,1.0,1.0,6.0,0.5000000000000208,-0.8660254037844266,0.0
target,214.5,-0.2970050818221919,-0.5681954582053622,-0.5537262008243847,-0.4969854327570567,0.0,0.0,4.809976152152186,17.66772151250703,1.0,0.0,6.0,6.369772705221366e-14,-1.0,0.0
target,214.75,-0.299995670172529,-0.8618994146743196,-0.7639349638603393,-0.6598073003101845,0.0,0.0,4.460953753870526,-1.4205090986378983,1.0,0.0,6.0,-0.4999999999999597,-0.8660254037844619,0.0
target,215.0,-0.3067121895709666,-0.962457045932194,-0.8022854113561838,-1.0551762524504884,0.0,0.0,0.1547275229113463,-17.7845505034241,1.0,0.0,6.0,-0.8660254037844239,-0.5000000000000254,0.0
target,215.25,-0.2523089376037656,1.536200577302109,1.314409637541535,4.311322937391437,0.0,0.0,-0.9863701499480916,-4.69594123126275,0.0,0.0,0.0,-1.0,-6.908802991037178e-14,0.0
target,215.5,0.0759908939592505,7.319090596822299,6.459002945409704,15.73732115371919,1.0,0.0,-1.0131268414788734,-0.0878586738439204,0.0,0.0,0.0,-0.8660254037844646,0.499999999999955,0.0
target,215.75,0.0807387329106837,-0.9113347763386808,-0.7012326305953968,-0.6850222456863436,0.0,0.0,-1.0342149866718768,-0.0644177971798566,0.0,0.0,0.0,-0.5000000000000301,0.8660254037844213,0.0
target,216.0,0.077384800152945,-0.8486788562887868,-0.7100145844439412,-0.5840580116163107,0.0,0.0,-1.0328877381154191,0.0282755405733772,0.0,0.0,0.0,-7.44783327685299e-14,1.0,0.0
target,216.25,0.0816698822811174,-0.8844043555704195,-0.704126363627776,-0.6571506750198538,0.0,0.0,-1.0099608998378942,0.1175953217792856,0.0,0.0,0.0,0.4999999999999504,0.8660254037844674,0.0
target,216.5,0.0922417208366919,-0.7789825936816686,-0.6203384169300291,-0.2442375849230882,0.0,0.0,-0.937264526168106,0.3234049723033802,0.0,0.0,0.0,0.8660254037844186,0.5000000000000347,0.0
target,216.75,0.1088034905414844,-0.7683300315234426,-0.6282502210187652,-0.7279817702327879,0.0,0.0,-0.8236047147615447,0.4927991757739098,0.0,0.0,0.0,1.0,2.302521676588001e-14,0.0
target,217.0,0.1181560190552191,-0.86446752868468,-0.7192398810701232,-0.7307960324630536,0.0,0.0,-0.7865170878830282,0.1761537738553463,0.0,0.0,0.0,0.86602540378447,-0.4999999999999456,0.0
target,217.25,0.1379704095562313,-0.6485197465564128,-0.5450109277220619,-0.4860065588197733,0.0,0.0,-0.2299968527905905,2.324139338212142,1.0,1.0,3.0,0.5000000000000394,-0.8660254037844158,0.0
target,217.5,0.1509245324040057,-0.652906235805217,-0.5407011179519524,0.1195467547391542,0.0,0.0,2.139862640874487,9.822757039724197,1.0,0.0,3.0,2.8415519624038125e-14,-1.0,0.0
target,217.75,0.166922933231885,-0.8196964324147391,-0.6532350000369634,-0.2705396364514508,0.0,0.0,3.068281498178562,3.8620344554662944,1.0,0.0,3.0,-0.499999999999941,-0.8660254037844727,0.0
target,218.0,0.1909182006134068,-0.6415222006030359,-0.5510962054871771,0.7486381718041556,0.0,0.0,1.7407947880192012,-5.466707169218096,1.0,0.0,3.0,-0.8660254037844132,-0.5000000000000441,0.0
target,218.25,0.2059208665652076,-0.659818240857973,-0.562284016543656,-0.4273332511545314,0.0,0.0,1.5639939511659553,-0.708329266318112,0.0,0.0,0.0,-1.0,-3.3805822482196243e-14,0.0
target,218.5,0.2078412250109008,-0.3091140122053481,-0.2900221149037261,1.6675313085853023,0.0,0.0,1.757078851639889,0.8212420614662307,0.0,0.0,0.0,-0.8660254037844753,0.4999999999999363,0.0
target,218.75,0.2392988971934247,-0.2929350191814361,-0.3854901714934614,2.146732089181196,0.0,0.0,2.6424448642943035,3.684000024532223,0.0,0.0,0.0,-0.5000000000000487,0.8660254037844105,0.0
target,219.0,0.2604599652396643,-0.6326418906002665,-0.5583489225723675,-0.4325121069118534,0.0,0.0,3.777744067509534,4.717537151175557,0.0,0.0,0.0,-3.919612534035436e-14,1.0,0.0
target,219.25,0.2876556615475801,-0.3830240689889142,-0.4428876609223865,1.0086079676277924,0.0,0.0,5.292538320656779,6.286845423526297,0.0,0.0,0.0,0.4999999999999809,0.8660254037844497,0.0
target,219.5,0.2837600372772926,-0.6132841177875789,-0.4643268524177707,-0.5468184114913381,0.0,0.0,3.7248318173315536,-6.460076934291738,0.0,0.0,0.0,0.8660254037844077,0.5000000000000535,0.0
target,219.75,0.2906282450838145,-0.6547802069861032,-0.5210619628634927,-0.5147292990931973,0.0,0.0,0.3964903912449805,-13.74074884127438,0.0,0.0,0.0,1.0,4.458642819851248e-14,0.0
target,220.0,0.2827059664984912,-0.6120918900922941,-0.4954733653428849,-0.5570036340030455,0.0,0.0,-0.2701354352604435,-2.7338798193569134,0.0,0.0,0.0,0.8660254037844524,-0.4999999999999762,0.0
target,220.25,0.2893979388388183,-0.8871632953674329,-0.7599043930939477,-0.3388518642722182,0.0,0.0,-0.5625177128457666,-1.1862878354840598,1.0,1.0,3.0,0.5000000000000582,-0.8660254037844051,0.0
target,220.5,0.3061337396694005,-0.7163424659154287,-0.6269445693961058,-0.0559150271527853,0.0,0.0,-0.3927860712612187,0.7246704135144924,1.0,0.0,3.0,4.99767310566706e-14,-1.0,0.0
target,220.75,-0.81888243228581,10.427361049421751,10.61343628663139,29.42066524291714,1.0,1.0,-0.3317240809909207,0.2752938464381259,1.0,0.0,3.0,-0.4999999999999716,-0.866025403784455,0.0
target,221.0,-1.4423417025689194,0.9057712574714292,1.0643963940850056,3.6541055788845114,0.0,0.0,-0.41197857840661,-0.3090856683537031,1.0,0.0,3.0,-0.8660254037844024,-0.5000000000000628,0.0
target,221.25,-1.4435471563652953,-0.934702984599137,-0.8253625829134114,-1.3223723907211935,0.0,0.0,-0.5229178116243314,-0.4359748326198843,0.0,0.0,0.0,-1.0,-5.5367033914828726e-14,0.0
target,221.5,-1.4437755213840184,-0.7054717220243298,-0.5635786069253387,-0.9850749603859142,0.0,0.0,-0.5908419065648962,-0.2580963270985447,0.0,0.0,0.0,-0.8660254037844577,0.4999999999999669,0.0
target,221.75,-1.442869541053149,-0.6742946556981356,-0.5782312921013815,-0.909254233999375,0.0,0.0,-0.4888526237749198,0.4445385802694527,0.0,0.0,0.0,-0.5000000000000675,0.8660254037843997,0.0
target,222.0,-1.441809904136099,-1.1493922624307642,-0.9619999739302354,-1.240948196950345,0.0,0.0,-0.4909552972059877,0.0140919433182724,0.0,0.0,0.0,-6.075733677298685e-14,1.0,0.0
target,222.25,-1.440743446394076,-1.3076409052391076,-1.0991521806852025,-1.3429062532781415,0.0,0.0,-0.4302806230518936,0.2736921960732992,0.0,0.0,0.0,0.4999999999999622,0.8660254037844605,0.0
target,222.5,-1.4398966000563074,-1.2731935048567464,-1.062594366232869,-1.2569814777928163,0.0,0.0,-0.1065931756304296,1.361316714222709,0.0,0.0,0.0,0.8660254037844254,0.5000000000000229,0.0
target,222.75,-1.4385382314045092,-1.1657524765220668,-0.9958937729435128,-1.3927428744158206,0.0,0.0,0.2980421993885785,1.6960569234329022,0.0,0.0,0.0,1.0,6.614763963114497e-14,0.0
target,223.0,-1.437332551812184,-1.327822865440144,-1.11746717323303,-1.4454906394515563,0.0,0.0,0.4827170598099363,0.7864644130419024,0.0,0.0,0.0,0.8660254037844631,-0.4999999999999576,0.0
target,223.25,-1.4336429269654378,-1.0995307506426817,-0.8996801878714697,-1.1162132143289685,0.0,0.0,0.3160360579288419,-0.6664811822931245,1.0,1.0,6.0,0.5000000000000275,-0.8660254037844227,0.0
target,223.5,-1.3999552328613738,-0.0611408956345653,-0.0240914877953961,-0.3442661402591051,0.0,0.0,3.546084607073134,13.379856930199535,1.0,0.0,6.0,7.153794248930309e-14,-1.0,0.0
target,223.75,-1.3857369739351726,-0.4650449189261707,-0.4107763525573885,-0.6812544922957597,0.0,0.0,5.600153275773603,8.516881893162452,1.0,0.0,6.0,-0.4999999999999528,-0.8660254037844658,0.0
target,224.0,-1.3899636672564537,-0.8845606202751808,-0.7693545153719089,-0.929105415363495,0.0,0.0,3.7186092608659753,-7.757874634652961,1.0,0.0,6.0,-0.8660254037844201,-0.5000000000000322,0.0
target,224.25,-1.3929088771744158,-1.1745729692996585,-1.0221915552886756,-1.3460780372416408,0.0,0.0,2.9815651394575493,-3.0250773270343188,0.0,0.0,0.0,-1.0,-7.692824534746121e-14,0.0
target,224.5,-1.394813623647304,-1.0698160488736472,-0.9202695027272452,-1.130168646034179,0.0,0.0,1.4234178343588193,-6.420547225388902,0.0,0.0,0.0,-0.8660254037844686,0.4999999999999482,0.0
target,224.75,-1.398673011421056,-1.0700356945256904,-0.9136326386649528,-1.1111106579343424,0.0,0.0,-0.1995363616247455,-6.68854015438527,0.0,0.0,0.0,-0.5000000000000369,0.8660254037844174,0.0
target,225.0,0.8329353040794867,19.474741624320732,16.868403998356893,56.07202375695195,1.0,1.0,-0.6145323476449988,-1.6933266150017612,0.0,0.0,0.0,-2.5475129344811302e-14,1.0,0.0
target,225.25,1.1585868108178967,-0.908654038585448,-0.7700183773699788,-0.7902921845662423,0.0,0.0,-0.7051299934120872,-0.3518572098347036,0.0,0.0,0.0,0.4999999999999435,0.8660254037844712,0.0
target,225.5,1.151103390669569,-0.8601105024312454,-0.6979348832432025,0.0753534138946391,0.0,0.0,-0.6651750467430763,0.1880108683484205,0.0,0.0,0.0,0.8660254037844146,0.5000000000000415,0.0
target,225.75,1.1492610544353885,-0.8075716683523524,-0.672137458342728,-0.039081124257574,0.0,0.0,-0.7144140824024675,-0.1808288683937138,0.0,0.0,0.0,1.0,3.0865432202969425e-14,0.0
target,226.0,1.1315369579605472,0.2174884544508245,0.0258919566530213,0.8219278907715474,0.0,0.0,-0.8020888545574506,-0.3397703862006822,0.0,0.0,0.0,0.8660254037844739,-0.4999999999999389,0.0
target,226.25,1.1108130587541778,-0.1315585376344306,-0.248143914705949,-0.4679887554922493,0.0,0.0,-0.5522372764617188,1.055986669602001,1.0,1.0,8.0,0.5000000000000463,-0.866025403784412,0.0
target,226.5,1.063467219922013,0.7496605523867378,0.5983890695395626,0.5342350102709948,0.0,0.0,-0.3059984481592257,1.0410470330046897,1.0,0.0,8.0,3.6255735061127544e-14,-1.0,0.0
target,226.75,1.03316844288772,0.2239352439882596,0.0997816091525738,0.3453647391449089,0.0,0.0,-0.0665227135534796,1.013079925431377,1.0,0.0,8.0,-0.4999999999999342,-0.8660254037844767,0.0
target,227.0,1.027160594383094,-0.4027266664152902,-0.5313862606762295,0.7468847138950595,0.0,0.0,0.0768399038381779,0.615627811227235,1.0,0.0,8.0,-0.8660254037844093,-0.500000000000051,0.0
target,227.25,-0.8643342019935147,19.615776331657536,17.317007733914018,45.98760826246407,1.0,1.0,0.1213591571095639,0.206885433668668,0.0,0.0,0.0,-1.0,-4.1646037919285656e-14,0.0
target,227.5,-0.9666575567116024,1.6503226118796614,1.956516758212032,3.550314409802488,0.0,0.0,0.4762861852399134,1.4905003028887682,0.0,0.0,0.0,-0.8660254037844509,0.4999999999999788,0.0
target,227.75,-0.9766026376627256,0.617435097532404,0.5776319275402363,0.4399105160925135,0.0,0.0,0.6993249069064744,0.9451087084607722,0.0,0.0,0.0,-0.5000000000000556,0.8660254037844065,0.0
target,228.0,-0.980352003113223,1.174615483660998,1.347365054522094,0.6057185515658184,0.0,0.0,0.6989617664362634,0.0212853532612703,0.0,0.0,0.0,-4.7036340777443775e-14,1.0,0.0
target,228.25,-0.9934364637237096,0.0441116436898179,-0.0427136361309241,0.4959179172671704,0.0,0.0,0.4233085376968515,-1.1171089759781156,0.0,0.0,0.0,0.4999999999999741,0.8660254037844536,0.0
target,228.5,-1.0174087640229994,1.2496960607343897,1.2740401084966615,0.5407510273564691,0.0,0.0,0.3047488528236965,-0.4674873327804614,0.0,0.0,0.0,0.8660254037844038,0.5000000000000603,0.0
target,228.75,-1.004495435651949,1.8877794673837291,2.405873905478784,1.584580898372634,0.0,0.0,0.5107176972011724,0.8745204369073695,0.0,0.0,0.0,1.0,5.242664363560189e-14,0.0
target,229.0,-0.9427850320081476,1.6763198295305313,1.8239699671754197,1.900359365291841,0.0,0.0,0.3680668862190285,-0.5671102488102072,0.0,0.0,0.0,0.8660254037844562,-0.4999999999999694,0.0
target,229.25,-0.9047865112247664,1.8178387702212744,2.0061655192046537,1.940189195077596,0.0,0.0,0.2626473365518409,-0.4131495413330473,1.0,1.0,1.0,0.500000000000065,-0.8660254037844012,0.0
target,229.5,-0.9917271993492576,1.7387565022616147,1.7044396150552692,4.279898637789724,0.0,0.0,0.5326735144803455,1.139413756238857,1.0,0.0,1.0,5.781694649376001e-14,-1.0,0.0
target,229.75,-1.0795502680171143,0.9969608298465722,0.7016998627090308,2.704310536096102,0.0,0.0,0.748702721740218,0.9161225887589516,1.0,0.0,1.0,-0.4999999999999648,-0.866025403784459,0.0
target,230.0,-1.1310182054099915,0.7571467245001348,0.6385328156892013,1.4145833711694409,0.0,0.0,1.2616967891551647,2.144147596522102,1.0,0.0,1.0,-0.8660254037843985,-0.5000000000000696,0.0
target,230.25,-1.1222012196097733,1.114739917771391,0.8728181525991089,0.844907612858091,0.0,0.0,1.2087650517173103,-0.1960991267259492,0.0,0.0,0.0,-1.0,-6.320724935191813e-14,0.0
target,230.5,-1.067186165951569,1.9868150840416907,2.2589932911761315,2.692366983809707,0.0,0.0,0.6955624102844015,-2.099436040583436,0.0,0.0,0.0,-0.8660254037844617,0.4999999999999601,0.0
target,230.75,-0.9992761803940788,1.8799743175767785,2.207123869641046,2.1182764319967293,0.0,0.0,0.352317566311692,-1.396617446368348,0.0,0.0,0.0,-0.500000000000025,0.8660254037844242,0.0
target,231.0,-0.918198798599406,1.957924210588924,2.283733766751434,2.612410896768066,0.0,0.0,0.949564851132769,2.492556017320456,0.0,0.0,0.0,-6.859755221007625e-14,1.0,0.0
target,231.25,-0.9432152103484036,1.549390982854941,1.6165990744282268,1.6333951066954828,0.0,0.0,1.8549589368069967,3.766821185637929,0.0,0.0,0.0,0.4999999999999554,0.8660254037844644,0.0
target,231.5,-0.9826359121019344,2.661281373472331,2.9400738036526395,2.350876623974097,0.0,0.0,1.2224860629503418,-2.592648698881117,0.0,0.0,0.0,0.8660254037844215,0.5000000000000296,0.0
target,231.75,-1.042646288510799,3.696610253965925,4.255158546096629,1.7302137350447606,0.0,0.0,0.7695873200356325,-1.85006412699309,0.0,0.0,0.0,1.0,7.398785506823437e-14,0.0
target,232.0,-1.1214831963549703,4.36423297300899,5.030602654356492,2.320754776754736,0.0,0.0,0.8831596397917721,0.492437375611318,0.0,0.0,0.0,0.866025403784467,-0.4999999999999507,0.0
target,232.25,-1.1311335375722416,3.6599108879811273,4.1481730677837225,1.9370098042733617,0.0,0.0,1.1739560145173584,1.2253037873679915,1.0,1.0,8.0,0.5000000000000344,-0.8660254037844188,0.0
target,232.5,-1.0874316181971513,4.337511721108133,4.819441723337867,2.772800828672487,0.0,0.0,1.5954734215897046,1.7658684072984754,1.0,0.0,8.0,7.93781579263925e-14,-1.0,0.0
target,232.75,-1.046553462571571,4.36828913702185,4.714644686636466,3.222967414165924,0.0,0.0,1.729734608666758,0.5779910887311421,1.0,0.0,8.0,-0.4999999999999461,-0.8660254037844698,0.0
target,233.0,-1.023876984135418,3.941578742416385,4.3165039192352666,4.855536995909245,0.0,0.0,1.5103991489994946,-0.8842207185394629,1.0,0.0,8.0,-0.8660254037844162,-0.5000000000000391,0.0
target,233.25,-0.997507629152536,2.784168629234802,2.994905824724024,2.9895238566172297,0.0,0.0,1.033658874402525,-1.9486549067705492,0.0,0.0,0.0,-1.0,-2.7925041923742596e-14,0.0
target,233.5,-1.044136003202527,2.596745057341862,2.9116349129004453,1.722873598076792,0.0,0.0,0.8901024260446431,-0.5708552890307595,0.0,0.0,0.0,-0.8660254037844725,0.4999999999999414,0.0
target,233.75,-1.043961782980077,2.152453075934881,2.4460966950485017,1.5651133382808644,0.0,0.0,1.040748202276778,0.6457455200596773,0.0,0.0,0.0,-0.5000000000000437,0.8660254037844134,0.0
target,234.0,-1.0169700807417026,1.813025268767727,2.0845177028723043,1.6423361638104197,0.0,0.0,0.8026403104986168,-0.9618494860531686,0.0,0.0,0.0,-3.331534478190071e-14,1.0,0.0
target,234.25,-0.9698561124252674,1.185979695617467,1.3279924249226274,1.0769840835701985,0.0,0.0,0.6139461999301031,-0.7575109692943298,0.0,0.0,0.0,0.4999999999999368,0.8660254037844751,0.0
target,234.5,-0.8964432287639472,1.6965504772114195,1.82732145741346,2.735481969341746,0.0,0.0,1.0131168439322866,1.6734588748090506,0.0,0.0,0.0,0.8660254037844107,0.5000000000000484,0.0
target,234.75,-0.7896893625256673,1.898728734175952,1.9565811206660584,3.73065288297832,0.0,0.0,1.4260949632089162,1.730556286678713,0.0,0.0,0.0,1.0,3.870564764005883e-14,0.0
target,235.0,-0.6728510929203749,2.2448751952271904,2.203278178322537,4.323478754033595,0.0,0.0,1.0487744204162934,-1.5375291026700637,0.0,0.0,0.0,0.8660254037844779,-0.4999999999999321,0.0
target,235.25,-0.5784425714789722,1.8826982737128493,1.6434553385757211,3.531603412643221,0.0,0.0,3.6074650974995146,10.603621871212672,1.0,1.0,1.0,0.5000000000000531,-0.8660254037844081,0.0
target,235.5,-0.486964416761328,1.9512316988825695,1.7553724795590229,3.686940264895703,0.0,0.0,6.43082086244238,11.6980791292322,1.0,0.0,1.0,4.4095950498216956e-14,-1.0,0.0
target,235.75,-0.4029785584154717,1.7820747179105476,1.7218025890888229,3.4721889565108017,0.0,0.0,5.507552821617907,-3.795160460665538,1.0,0.0,1.0,-0.4999999999999767,-0.8660254037844521,0.0
target,236.0,-0.3512322189065733,1.5208899233292452,1.5785582175919652,2.662013058941336,0.0,0.0,3.898797694019476,-6.629823405693931,1.0,0.0,1.0,-0.8660254037844053,-0.5000000000000577,0.0
target,236.25,-0.309498640271755,0.8892437214823037,1.0247054692111106,1.6088822914816372,0.0,0.0,3.793041745871917,-0.4145406343608712,0.0,0.0,0.0,-1.0,-4.9486253356375075e-14,0.0
target,236.5,-0.280156255284346,0.9928627276801052,1.1942127451497853,1.981817827012728,0.0,0.0,2.7207323375787134,-4.411484312407596,0.0,0.0,0.0,-0.8660254037844548,0.4999999999999719,0.0
target,236.75,-0.2356152310958256,0.8963051467148423,1.070009344585596,1.3821144637287066,0.0,0.0,0.0086794698366901,-11.192239360219286,0.0,0.0,0.0,-0.5000000000000624,0.8660254037844026,0.0
target,237.0,-0.1866583082575149,0.7946840274762554,1.0020558099087205,1.1183474671418252,0.0,0.0,-0.821291707123111,-3.409354268270034,0.0,0.0,0.0,-5.4876556214533194e-14,1.0,0.0
target,237.25,-0.1275789620655488,-0.0209603899170018,0.0877196798106017,1.5700198687262232,0.0,0.0,-0.8708341805751304,-0.1820836606188053,0.0,0.0,0.0,0.4999999999999673,0.8660254037844575,0.0
target,237.5,-0.0757340956898644,0.0893364874421185,0.2261820278745705,0.7330686899472523,0.0,0.0,-0.9080460949521122,-0.1310936717832913,0.0,0.0,0.0,0.8660254037844,0.5000000000000671,0.0
target,237.75,-0.0228410375708103,-0.0076255244877544,0.1095774579689995,0.9799043454985484,0.0,0.0,-0.9617038273827804,-0.1991013001353573,0.0,0.0,0.0,1.0,6.026685907269132e-14,0.0
target,238.0,0.0353959160042294,0.3054785057734872,0.4010532455719154,2.126203265566301,0.0,0.0,0.4130457208615589,5.707725053069766,0.0,0.0,0.0,0.8660254037844602,-0.4999999999999626,0.0
target,238.25,0.0900404462545359,-0.0019926604436178,0.0525664483226278,2.50299284923745,0.0,0.0,3.7388466374380527,13.77581725256854,1.0,1.0,3.0,0.5000000000000717,-0.8660254037843973,0.0
target,238.5,0.1582906377944123,0.007024826085306,0.1509205826924755,2.6831744098555257,0.0,0.0,4.1960773664381525,1.913552050456376,1.0,0.0,3.0,6.565716193084944e-14,-1.0,0.0
target,238.75,0.1716384653703783,-0.2329438425114733,-0.1796478279464193,0.4274714375645401,0.0,0.0,2.696773665674579,-6.177213998579652,1.0,0.0,3.0,-0.499999999999958,-0.8660254037844629,0.0
target,239.0,0.1751461007075616,-0.306293616235625,-0.2409324222842732,0.1785255190020411,0.0,0.0,1.6629574709270538,-4.252305112422198,1.0,0.0,3.0,-0.8660254037844229,-0.5000000000000272,0.0
target,239.25,0.1741629739436632,-0.5109801051708703,-0.4781818833663864,0.085789951629955,0.0,0.0,0.1969167461075174,-6.039663157478212,0.0,0.0,0.0,-1.0,-7.104746478900754e-14,0.0
target,239.5,0.1649250627901167,-0.4623528610764001,-0.3408519374574471,-0.2143661730162419,0.0,0.0,-0.3200494219057817,-2.114999177432984,0.0,0.0,0.0,-0.8660254037844656,0.4999999999999533,0.0
target,239.75,0.1648851787655602,-0.1647327213914238,-0.054358363484783,-0.3548323461822833,0.0,0.0,0.222856242950318,2.26783963759625,0.0,0.0,0.0,-0.5000000000000319,0.8660254037844203,0.0
target,240.0,0.166537961266296,0.0617913325798861,0.1525789171580151,-0.1685191352516832,0.0,0.0,1.045911364900659,3.426328689275113,0.0,0.0,0.0,-7.643776764716566e-14,1.0,0.0
target,240.25,0.162732705420234,-0.0111013334601489,0.1163952877138212,-0.6311956763318334,0.0,0.0,0.6814974644370699,-1.484156863483141,0.0,0.0,0.0,0.4999999999999486,0.8660254037844682,0.0
target,240.5,0.1576077116900458,0.1919375363807427,0.303008095540939,0.4909175423975797,0.0,0.0,0.1279048520401585,-2.266458813515969,0.0,0.0,0.0,0.8660254037844176,0.5000000000000365,0.0
target,240.75,0.157978828720861,0.1476701416408647,0.2263478648793131,0.6206537504624642,0.0,0.0,0.4463769929454523,1.3397500991637334,0.0,0.0,0.0,1.0,8.182807050532378e-14,0.0
target,241.0,0.1742317603263493,0.3587120867969595,0.4416975498857909,0.6922258013695125,0.0,0.0,1.600463073874134,4.7952256549192604,0.0,0.0,0.0,0.866025403784471,-0.499999999999944,0.0
target,241.25,0.1619965863180376,-0.1952926137789494,-0.1988050301297036,0.3746033191434296,0.0,0.0,3.705751097438846,8.728686914880983,1.0,1.0,7.0,0.5000000000000412,-0.8660254037844148,0.0
target,241.5,0.1148911726296655,0.3517697967289472,0.3706788682784862,2.6766983456032976,0.0,0.0,4.723753204608394,4.232483912193426,1.0,0.0,7.0,3.0374954502673893e-14,-1.0,0.0
target,241.75,0.1128788965254808,0.4527038486138265,0.4772294866719663,2.0348975722756824,0.0,0.0,4.160019931903272,-2.308393015586917,1.0,0.0,7.0,-0.4999999999999393,-0.8660254037844737,0.0
target,242.0,0.0947614940101783,0.272666973225409,0.3231987679662362,0.7857156862262186,0.0,0.0,3.107448829955866,-4.32986140998449,1.0,0.0,7.0,-0.8660254037844122,-0.5000000000000459,0.0
target,242.25,0.1087805992409012,-0.0603643153710984,0.0214349880148912,0.7020039267302,0.0,0.0,2.66450228418781,-1.808909267889905,0.0,0.0,0.0,-1.0,-3.5765257360832006e-14,0.0
target,242.5,0.0804718995305582,0.0982793502184554,0.1910115514011964,0.4677720408122819,0.0,0.0,2.431902944583373,-0.9390702258323844,0.0,0.0,0.0,-0.8660254037844763,0.4999999999999346,0.0
target,242.75,0.0513322635773964,0.0535190384214113,0.1337089948375015,0.8396647607844814,0.0,0.0,1.4686458484735403,-3.960525345593674,0.0,0.0,0.0,-0.5000000000000505,0.8660254037844095,0.0
target,243.0,0.0043270663529425,0.1045597442924967,0.1786496920110654,1.1333347141645564,0.0,0.0,0.571724185002169,-3.6862115088040968,0.0,0.0,0.0,-4.1155560218990125e-14,1.0,0.0
target,243.25,-0.0259759766162188,-0.2128859947630791,-0.1780829163999799,1.0469959722292512,0.0,0.0,0.0151948126824623,-2.278603060566297,0.0,0.0,0.0,0.49999999999993,0.8660254037844791,0.0
target,243.5,-0.0531202121803979,0.1111666896216186,0.1733558851370686,0.6686900299709958,0.0,0.0,-0.205039769206485,-0.887938816945742,0.0,0.0,0.0,0.8660254037844068,0.5000000000000552,0.0
target,243.75,-0.0843838976413521,-0.192304133260593,-0.1447753581394196,1.0919386388468213,0.0,0.0,-0.1645935178888237,0.190042537666662,0.0,0.0,0.0,1.0,4.654586307714824e-14,0.0
target,244.0,-0.1075657519755697,0.0787111316936701,0.1401052701757436,1.2650225039134149,0.0,0.0,0.0719553975272876,1.000976785833663,0.0,0.0,0.0,0.8660254037844534,-0.4999999999999745,0.0
target,244.25,-0.1222981286181047,0.1532795555332785,0.1776045285410621,0.734344818026983,0.0,0.0,-0.0171831254218502,-0.3458233669453281,1.0,1.0,5.0,0.5000000000000598,-0.8660254037844041,0.0
target,244.5,-0.1249087377742867,0.2455732856294874,0.263250310624627,1.0895293847849667,0.0,0.0,-0.3290046140171196,-1.2666739028421068,1.0,0.0,5.0,5.193616593530636e-14,-1.0,0.0
target,244.75,-0.1309980937313316,0.1473149832560477,0.187305786927394,0.4886650652347816,0.0,0.0,2.9165291853936264,13.443892367149031,1.0,0.0,5.0,-0.4999999999999698,-0.866025403784456,0.0
target,245.0,-0.1428234365336851,0.129709302988244,0.1903827325257334,1.0057766084060251,0.0,0.0,5.666158653921635,11.393202196385923,1.0,0.0,5.0,-0.8660254037844298,-0.5000000000000153,0.0
target,245.25,-0.1585682819747933,0.0676039323418094,0.1156878842290875,0.4433248346341358,0.0,0.0,5.642212755844515,-0.076235330088872,0.0,0.0,0.0,-1.0,-4.830499326564693e-16,0.0
target,245.5,-0.1862752267819144,0.0931545386622742,0.1664334801555409,0.8006508372675715,0.0,0.0,4.778622049745713,-3.54837954725542,0.0,0.0,0.0,-0.8660254037844871,0.4999999999999159,0.0
target,245.75,-0.2156304751083792,0.1286280014582516,0.1976767394808104,0.585211875744822,0.0,0.0,2.269013551234084,-10.355080553059612,0.0,0.0,0.0,-0.5000000000000692,0.8660254037843987,0.0
target,246.0,-0.2354350213826138,0.1256044415264438,0.188575218449621,-0.082631853883807,0.0,0.0,0.90034179145421,-5.637017794029211,0.0,0.0,0.0,-6.27167716516226e-14,1.0,0.0
target,246.25,-0.2485098079175721,0.0313082436085044,0.1138638653692679,-0.5401512325839142,0.0,0.0,0.1464057300929102,-3.09492978257714,0.0,0.0,0.0,0.4999999999999605,0.8660254037844615,0.0
target,246.5,-0.261783952615471,0.2549229285086522,0.3151830134460986,0.6952210034115873,0.0,0.0,-0.4208028851846888,-2.3227644384795694,0.0,0.0,0.0,0.8660254037844245,0.5000000000000246,0.0
target,246.75,-0.2792655189801634,0.1177747378284702,0.1985594486759151,0.6469989750617798,0.0,0.0,-0.55249653140159,-0.5217995937418846,0.0,0.0,0.0,1.0,1.1263655648972708e-14,0.0
target,247.0,-0.2981265853995204,0.0905326449316423,0.1665478257280079,0.3892741019409173,0.0,0.0,-0.5765485132324369,-0.07667401331363,0.0,0.0,0.0,0.8660254037844926,-0.4999999999999066,0.0
target,247.25,-0.3124623363841002,-0.1526172717290669,-0.1062696053540603,-0.6692101338008623,0.0,0.0,-0.612483360035056,-0.1258126734958105,1.0,1.0,7.0,0.5000000000000785,-0.8660254037843933,0.0
target,247.5,-0.3284078654520787,0.0122675856216841,0.0743641377734872,0.3297284597790763,0.0,0.0,-0.682252333112636,-0.2657253660607544,1.0,0.0,7.0,7.349737736793885e-14,-1.0,0.0
target,247.75,-0.3528929854090915,-0.091064479874648,-0.0253731035106476,-0.2048075398085133,0.0,0.0,-0.6973160086399289,-0.0395050872917581,1.0,0.0,7.0,-0.4999999999999512,-0.8660254037844668,0.0
target,248.0,-0.3726924111793017,-0.088879435018832,-0.0310986423603273,-0.0241723387156063,0.0,0.0,-0.6665671178183007,0.149941492740995,1.0,0.0,7.0,-0.8660254037844191,-0.500000000000034,0.0
target,248.25,-0.3790149055648467,-0.4949915230468026,-0.3650194581657278,-0.3295807050378787,0.0,0.0,-0.0477030970446471,2.581946702541982,0.0,0.0,0.0,-1.0,-2.2044261365288943e-14,0.0
target,248.5,-0.3770049836962125,0.3237914562050542,0.4385371997981908,-0.1768183915652334,0.0,0.0,2.135254423992417,9.049869984105529,0.0,0.0,0.0,-0.866025403784441,0.4999999999999958,0.0
target,248.75,-0.3794547949182317,0.1628729706995951,0.282091190271156,-0.301439464501572,0.0,0.0,4.200696334445188,8.563913132090418,0.0,0.0,0.0,-0.5000000000000878,0.866025403784388,0.0
target,249.0,-0.3903210613828608,-0.0005449604311396,0.1301983031314525,-0.3429643274719207,0.0,0.0,3.631818550706096,-2.3296668733730863,0.0,0.0,0.0,-8.427798308425509e-14,1.0,0.0
target,249.25,-0.3959430190098316,-0.3033096385501408,-0.1759723696309355,0.1253277096000473,0.0,0.0,1.6739636475669395,-8.073439510120044,0.0,0.0,0.0,0.4999999999999419,0.8660254037844722,0.0
target,249.5,-0.3823710412331459,-0.0040265626808386,0.1785148489727343,-0.1791703301021378,0.0,0.0,0.123509006322247,-6.388736109473906,0.0,0.0,0.0,0.8660254037844136,0.5000000000000433,0.0
target,249.75,-0.3748784283895723,-0.1349577449110924,0.0341031100540826,-0.3469336310680956,0.0,0.0,-0.6963971802715074,-3.367732980600019,0.0,0.0,0.0,1.0,3.282486708160518e-14,0.0
target,250.0,-0.3707845343047356,-0.1061879078900576,0.0455149967266625,0.336479028002329,0.0,0.0,-0.8570919341034828,-0.6417265284827286,0.0,0.0,0.0,0.8660254037844465,-0.4999999999999864,0.0
target,250.25,-0.3648713611480213,-0.2916065211634003,-0.1760179156196558,-0.3659417585436815,0.0,0.0,-0.703652328709417,0.6572987121662369,1.0,1.0,1.0,0.5000000000000971,-0.8660254037843825,0.0
target,250.5,-0.3675648446859807,-0.0848740964268222,0.0027174964796308,-0.0496465536785052,0.0,0.0,-0.6912487786146815,0.0740788564115799,1.0,0.0,1.0,9.505858880057133e-14,-1.0,0.0
target,250.75,-0.3582041053021298,0.0377628121199376,0.1200141182339269,-0.0851102224774966,0.0,0.0,0.7516612751336582,5.989586029001332,1.0,0.0,1.0,-0.4999999999999325,-0.8660254037844776,0.0
target,251.0,-0.3440070230571406,0.2889494697433934,0.3918379549708811,0.2144111065335705,0.0,0.0,2.669210501574122,7.952339377749626,1.0,0.0,1.0,-0.8660254037844083,-0.5000000000000526,0.0
target,251.25,-0.3320809340342545,0.0582703618657053,0.1378244149962425,-0.4281360371977079,0.0,0.0,2.4976639320232734,-0.686601538527534,0.0,0.0,0.0,-1.0,-4.360547279792143e-14,0.0
target,251.5,-0.3300435875496335,0.2365626580868758,0.3363456240534425,-0.254306517474534,0.0,0.0,0.9734201723310376,-6.2803474671102055,0.0,0.0,0.0,-0.8660254037844518,0.4999999999999771,0.0
target,251.75,-0.314983020843824,-0.0155973124624691,0.0886524891526345,-0.0391943548154051,0.0,0.0,-0.5156476870972427,-6.134886198823573,0.0,0.0,0.0,-0.5000000000000081,0.866025403784434,0.0
target,252.0,-0.3034882056588009,0.0151914175171706,0.0882990731264867,-0.035032438488703,0.0,0.0,-0.9856035075428872,-1.9205994683004928,0.0,0.0,0.0,-1.0583919451688757e-13,1.0,0.0
target,252.25,-0.2807159544706776,0.2525996092950012,0.3193536108660768,0.2978216289063163,0.0,0.0,0.7884021941202393,7.35875049980296,0.0,0.0,0.0,0.4999999999999232,0.866025403784483,0.0
target,252.5,-0.3017449622706967,0.2876997191157622,0.3621781192526224,-0.1421054914771307,0.0,0.0,2.3814048208558227,6.610256882150763,0.0,0.0,0.0,0.8660254037844028,0.500000000000062,0.0
target,252.75,-0.3175216331444643,0.0504199700717968,0.1280022107561454,-0.1769674854192377,0.0,0.0,1.228484103225846,-4.744832519742279,0.0,0.0,0.0,1.0,5.438607851423766e-14,0.0
target,253.0,-0.3479717225382805,0.145289963116863,0.2022285663927973,0.528656343833805,0.0,0.0,-0.2279170969949392,-5.999801278655132,0.0,0.0,0.0,0.8660254037844572,-0.4999999999999677,0.0
target,253.25,-0.3560366531658837,-0.1074862653832133,-0.1003792571313102,-0.4204717594091893,0.0,0.0,-0.7522607474565849,-2.145506938304666,1.0,1.0,10.0,0.5000000000000174,-0.8660254037844286,0.0
target,253.5,-0.3906291590620941,0.2646391275297591,0.2362733474117688,0.2908812782743156,0.0,0.0,-0.6438476097085262,0.4711028496266052,1.0,0.0,10.0,2.9329625115877638e-15,-1.0,0.0
target,253.75,-0.412781263045596,0.1641449218954688,0.1657337716671264,0.0940061475799959,0.0,0.0,-0.3983429578433977,1.0380110272472292,1.0,0.0,10.0,-0.4999999999999138,-0.8660254037844883,0.0
target,254.0,-0.4429883852740953,0.2110155203975033,0.2269471639893622,0.625794869913561,0.0,0.0,-0.3158078383143033,0.3640906815618587,1.0,0.0,10.0,-0.8660254037843975,-0.5000000000000713,0.0
target,254.25,-0.4831797651828878,0.0278981109376975,0.0811177756288655,0.1549587002030747,0.0,0.0,-0.3811621962021292,-0.2474698126938065,0.0,0.0,0.0,-1.0,-6.516668423055391e-14,0.0
target,254.5,-0.5313591899941887,0.3161714416752752,0.3917510975672693,0.9495042805380952,0.0,0.0,-0.3413329031289197,0.1874912588637199,0.0,0.0,0.0,-0.8660254037844627,0.4999999999999584,0.0
target,254.75,-0.585637534025274,0.3291400587738872,0.4511827286295911,0.6936771566008998,0.0,0.0,-0.1551959199393352,0.7925106614864644,0.0,0.0,0.0,-0.5000000000000268,0.8660254037844233,0.0
target,255.0,-0.6381412987183209,0.4395066083202211,0.5474474486211801,0.8482238686454712,0.0,0.0,-0.122827529884294,0.1566385327801629,0.0,0.0,0.0,-1.3713568227904002e-14,1.0,0.0
target,255.25,-0.680029563425865,0.4129116481662587,0.4755616562430796,0.4279479707093154,0.0,0.0,1.973814191251204,8.692932261612535,0.0,0.0,0.0,0.4999999999999045,0.8660254037844938,0.0
target,255.5,-0.7287048158858315,0.7937560481052774,0.934613926138453,0.3367116241519804,0.0,0.0,5.167031450024002,13.22755020400721,0.0,0.0,0.0,0.8660254037843921,0.5000000000000806,0.0
target,255.75,-0.7907532837272223,0.6802905435617025,0.8213968046036557,0.6547157064970904,0.0,0.0,3.962232604209587,-4.959361736206354,0.0,0.0,0.0,1.0,7.594728994687013e-14,0.0
target,256.0,-0.8418994728544005,0.2896861423495029,0.4540635801941032,0.3257123665088277,0.0,0.0,0.5405079380347303,-14.126912221259738,0.0,0.0,0.0,0.866025403784468,-0.4999999999999491,0.0
target,256.25,-0.8688164459275206,-0.1300033409497368,0.0388977813874499,-0.0476019088580507,0.0,0.0,-0.643412999050484,-4.873026288921898,1.0,1.0,5.0,0.5000000000000361,-0.8660254037844178,0.0
target,256.5,-0.9137780258551004,0.2242998071718737,0.4156784105881003,0.1121075950002042,0.0,0.0,-0.4984367170628227,0.6223007235610369,1.0,0.0,5.0,2.4494173944220243e-14,-1.0,0.0
target,256.75,-0.955349008767213,0.1647037012209704,0.3671139569216069,0.2373336165038253,0.0,0.0,-0.3459985207159782,0.6531576317961687,1.0,0.0,5.0,-0.4999999999999936,-0.8660254037844423,0.0
target,257.0,-0.9946930499958282,0.155658882622374,0.3477716840784708,0.0941868096237368,0.0,0.0,-0.4328438181043651,-0.3363402976839573,1.0,0.0,5.0,-0.8660254037843867,-0.5000000000000899,0.0
target,257.25,-1.0274025563691864,-0.1386877416637875,-0.0159305587515449,-0.0774745125669831,0.0,0.0,-0.5801282224500836,-0.5862713324593082,0.0,0.0,0.0,-1.0,-8.672789566318638e-14,0.0
target,257.5,-1.0661097484038355,-0.0537744034169505,0.1530069610196545,0.3125448006419022,0.0,0.0,-0.5700848715816087,0.0643188340586398,0.0,0.0,0.0,-0.8660254037844735,0.4999999999999397,0.0
target,257.75,-1.1010144317963266,0.0444493551667161,0.2234650723052842,0.053288621264412,0.0,0.0,-0.4928892355288081,0.3420105632811879,0.0,0.0,0.0,-0.5000000000000454,0.8660254037844124,0.0
target,258.0,-1.1422896846895558,-0.0424981331910136,0.1476028162715646,0.1514828962855179,0.0,0.0,-0.5047092465147746,-0.026091711812035,0.0,0.0,0.0,-3.527477966053648e-14,1.0,0.0
target,258.25,-1.1722145150348795,-0.2999262761102511,-0.1042237487844608,-0.2466908900944174,0.0,0.0,-0.5854974397611258,-0.3112926359600711,0.0,0.0,0.0,0.4999999999999843,0.8660254037844477,0.0
target,258.5,-1.210608483405202,-0.0668715596173893,0.1451367479412678,0.277275792567234,0.0,0.0,-0.5807105660416848,0.0425819679917979,0.0,0.0,0.0,0.8660254037843813,0.5000000000000993,0.0
target,258.75,-1.2323985991868396,-0.0489268896127108,0.2086126333814914,0.2300686635608231,0.0,0.0,-0.5290647631185548,0.2363555237892213,0.0,0.0,0.0,1.0,9.750850137950261e-14,0.0
target,259.0,-1.2617031453009755,-0.0139185181491987,0.2377065913606398,0.533217897105156,0.0,0.0,1.0062127104738037,6.371548734662133,0.0,0.0,0.0,0.8660254037844788,-0.4999999999999304,0.0
target,259.25,-1.2786521151424652,-0.1797192628460108,0.0121033946730742,-0.4632552876878482,0.0,0.0,3.994487008285904,12.3800590863937,1.0,1.0,2.0,0.5000000000000547,-0.8660254037844071,0.0
target,259.5,-1.3032887109376554,-0.1074161055716673,0.1804845166729131,0.2715380858889562,0.0,0.0,2.757503852471653,-5.092452020076176,1.0,0.0,2.0,4.6055385376852725e-14,-1.0,0.0
target,259.75,-1.330067964090784,-0.1126700213914328,0.1744310289786773,0.2400613309763358,0.0,0.0,-0.3302026439544344,-12.74566238151584,1.0,0.0,2.0,-0.4999999999999749,-0.8660254037844531,0.0
target,260.0,-1.3597556170602174,-0.2887449151534909,-0.0255963470323166,0.008656204981058,0.0,0.0,-0.7119321319964534,-1.555761209395721,1.0,0.0,2.0,-0.8660254037844328,-0.5000000000000102,0.0
target,260.25,-1.3885738280112228,-0.6973318560239236,-0.5164560162727351,-0.075434634330546,0.0,0.0,-0.7392950123094271,-0.0903654181892556,0.0,0.0,0.0,-1.0,-1.0828910709581885e-13,0.0
target,260.5,-1.4208430625483464,-0.52361771445791,-0.272026666361302,0.1372179978225152,0.0,0.0,-0.7876308735405235,-0.1770940130854495,0.0,0.0,0.0,-0.8660254037844842,0.499999999999921,0.0
target,260.75,-1.447182799298654,-0.6477308356250981,-0.4299759128839717,-0.1318376944360052,0.0,0.0,-0.817388140789021,-0.1002668153900868,0.0,0.0,0.0,-0.5000000000000641,0.8660254037844016,0.0
target,261.0,-1.462918199319867,-0.1750293457290404,-0.0321492097107333,-0.0841357299674022,0.0,0.0,-0.0373550685145266,3.248421603367442,0.0,0.0,0.0,-5.6835991093168957e-14,1.0,0.0
target,261.25,-1.4693327672167278,-0.4257083592282635,-0.3797455441726264,-0.1379001384598843,0.0,0.0,3.286376489036375,13.76725992820316,0.0,0.0,0.0,0.4999999999999656,0.8660254037844585,0.0
target,261.5,-1.4750907026198488,0.0189122065145972,0.231607183251504,-0.5705605598105421,0.0,0.0,5.06800899376979,7.390289264674695,0.0,0.0,0.0,0.8660254037844274,0.5000000000000195,0.0
target,261.75,-1.4814947915590475,-0.1697536461969655,0.0138624703427906,-0.9910664253985838,0.0,0.0,2.814176163788114,-9.297383298347055,0.0,0.0,0.0,1.0,5.382875090519059e-15,0.0
target,262.0,-1.4864161358117207,-0.4659001673195799,-0.2828144423960792,-1.0695734147248428,0.0,0.0,0.7722473499101202,-8.421106452376529,0.0,0.0,0.0,0.8660254037844897,-0.4999999999999117,0.0
target,262.25,-1.484953460035988,-0.8934607737696215,-0.7216813394490952,-0.84597071089876,0.0,0.0,-0.4080313354492804,-4.857964654351626,1.0,1.0,4.0,0.5000000000000734,-0.8660254037843963,0.0
target,262.5,-1.486697767346008,-0.95712403515736,-0.7800555046772402,-0.8451455809597456,0.0,0.0,-1.0648297675435336,-2.69324105121523,1.0,0.0,4.0,6.76165968094852e-14,-1.0,0.0
target,262.75,-1.4917320412681951,-0.7716997863277569,-0.6086200223706977,-1.055069807185123,0.0,0.0,-1.0752510964117343,-0.0203078065458346,1.0,0.0,4.0,-0.4999999999999563,-0.8660254037844639,0.0
target,263.0,-1.5039440903158456,-0.1515162705208477,-0.0368761575682384,-0.118731500548897,0.0,0.0,2.621783517256589,15.310962735825637,1.0,0.0,4.0,-0.866025403784422,-0.5000000000000289,0.0
target,263.25,-1.515551299098627,-0.1708805243556075,-0.0868281515245624,-0.8439371526669404,0.0,0.0,5.3969259004371,11.498704568612176,0.0,0.0,0.0,-1.0,-1.6163480806835296e-14,0.0
target,263.5,-1.5362260286454372,-0.4269198835301409,-0.3855336874362248,-0.4956983674798643,0.0,0.0,4.138963935909632,-5.179204714383025,0.0,0.0,0.0,-0.866025403784495,0.4999999999999024,0.0
target,263.75,-1.5423886981045885,-0.8597996843221574,-0.758953272002873,-1.0751319296577002,0.0,0.0,3.652098881771091,-1.9905234378440448,0.0,0.0,0.0,-0.5000000000000827,0.8660254037843909,0.0
target,264.0,-1.5498058528015737,-0.836996836592589,-0.717142875176924,-0.9873151281560676,0.0,0.0,2.805445756987756,-3.478338353103511,0.0,0.0,0.0,-7.839720252580144e-14,1.0,0.0
target,264.25,-1.5503513347072329,-0.9935461521280676,-0.8100077962837483,-1.3443689011876727,0.0,0.0,2.19866518307288,-2.486404522991149,0.0,0.0,0.0,0.4999999999999469,0.8660254037844692,0.0
target,264.5,-1.5580635064083512,-0.8818591775647332,-0.7590475691270778,-0.7431409561321329,0.0,0.0,1.7079136791689014,-2.0065948932373856,0.0,0.0,0.0,0.8660254037844166,0.5000000000000382,0.0
target,264.75,-1.5580371968907252,-0.7829969794156825,-0.6878690623890142,-1.0211559115926447,0.0,0.0,1.788130547718588,0.3545041258478343,0.0,0.0,0.0,1.0,2.694408652315153e-14,0.0
target,265.0,-1.5511022489847544,-0.8429269561557292,-0.7048282486519003,-1.1837883161182856,0.0,0.0,1.7211096185606345,-0.2543615075423752,0.0,0.0,0.0,0.8660254037844435,-0.4999999999999915,0.0
target,265.25,-1.5448420405607797,-0.9716295344133312,-0.8303751444862247,-1.231344133467756,0.0,0.0,0.2262233316660911,-6.158946871964144,1.0,1.0,2.0,0.500000000000092,-0.8660254037843855,0.0
target,265.5,-1.5465397948228738,-0.8141750910818638,-0.7039764993918831,-1.031221754676079,0.0,0.0,-0.4167698822804488,-2.63615297313702,1.0,0.0,2.0,8.917780824211766e-14,-1.0,0.0
target,265.75,-1.5459848256744304,-0.9979762904617894,-0.8821105483038294,-1.0610891434707108,0.0,0.0,-0.354746135917666,0.2792709517842708,1.0,0.0,2.0,-0.4999999999999376,-0.8660254037844747,0.0
target,266.0,-1.545194775418247,-0.7775276190576227,-0.6144969487864175,-1.0755924790682905,0.0,0.0,-0.4374108941538902,-0.3190527080947114,1.0,0.0,2.0,-0.8660254037844112,-0.5000000000000475,0.0
target,266.25,-1.5522911471719014,-0.9695766284887298,-0.8226037565750788,-1.1289638706521754,0.0,0.0,-0.4402044718367094,0.0112348790222558,0.0,0.0,0.0,-1.0,-3.7724692239467775e-14,0.0
target,266.5,-1.5515837037382296,-0.9239125609391688,-0.8241511972399791,-0.7341893030480952,0.0,0.0,0.5645300285687773,4.177618993526192,0.0,0.0,0.0,-0.8660254037844489,0.4999999999999822,0.0
target,266.75,-1.5674413053613072,-0.5814908486484656,-0.5421801040797959,-0.8698041338191659,0.0,0.0,3.7277449668902825,13.103483000278557,0.0,0.0,0.0,-0.5000000000001014,0.8660254037843801,0.0
target,267.0,-1.581373523000034,-0.4004259145342898,-0.3303202925866106,-0.892504111584099,0.0,0.0,4.197520095685888,1.9654263249015589,0.0,0.0,0.0,-9.99584139584339e-14,1.0,0.0
target,267.25,-1.5809076372645137,-0.8306472214021919,-0.7961668015829212,-1.077243549883363,0.0,0.0,0.8851774191280916,-13.674589954650497,0.0,0.0,0.0,0.4999999999999283,0.86602540378448,0.0
target,267.5,-1.5762981552874464,-0.9029580504521744,-0.7366621064938401,-1.106255230059279,0.0,0.0,-0.7384847661422551,-6.691467869633945,0.0,0.0,0.0,0.8660254037844058,0.5000000000000568,0.0
target,267.75,-1.569800681731007,-1.0083146373865928,-0.8270347382582983,-1.1720982952185135,0.0,0.0,-0.8081615168665991,-0.2653440032423066,0.0,0.0,0.0,1.0,4.850529795578401e-14,0.0
target,268.0,-1.5657678338747825,-1.0011758102227837,-0.82326656613202,-1.3113821276670596,0.0,0.0,-0.9026146239345028,-0.3678005200680825,0.0,0.0,0.0,0.8660254037844544,-0.4999999999999728,0.0
target,268.25,-1.553083311033071,-0.8862327200307607,-0.6961821680849141,-1.039974123913378,0.0,0.0,-0.9885588168556,-0.3326140021893958,1.0,1.0,7.0,0.5000000000000123,-0.8660254037844315,0.0
target,268.5,0.649315018241565,16.403023437433536,13.81072026949026,56.266329133763215,1.0,1.0,-1.0432982783310751,-0.2035745240647927,1.0,0.0,7.0,1.1073901967475015e-13,-1.0,0.0
target,268.75,0.6576478651166201,-0.6143769417499585,-0.5710783870101794,-0.454180541197676,0.0,0.0,-1.0475867109442707,0.0050532747862484,1.0,0.0,7.0,-0.4999999999999189,-0.8660254037844854,0.0
target,269.0,0.6614944755801712,-0.7031164317868579,-0.6223245794575076,0.129048347068925,0.0,0.0,-0.994091010420429,0.2440053195067639,1.0,0.0,7.0,-0.8660254037844004,-0.5000000000000662,0.0
target,269.25,0.6617495659027819,-0.6879697928781213,-0.636705708384757,-0.3092196670944606,0.0,0.0,-0.8308046652908689,0.6980174781300196,0.0,0.0,0.0,-1.0,-5.928590367210024e-14,0.0
target,269.5,0.659609164478729,-0.965739456967308,-0.8413679980081226,-0.6194405217750116,0.0,0.0,-0.5141454127729312,1.3322533459290435,0.0,0.0,0.0,-0.8660254037844597,0.4999999999999635,0.0
target,269.75,0.6639460009449484,-0.7618118162835955,-0.6876642236924202,-0.393798229028343,0.0,0.0,-0.0455716384874513,1.960458419335719,0.0,0.0,0.0,-0.5000000000000216,0.8660254037844262,0.0
target,270.0,0.6672760033832765,-0.8679725711170165,-0.7764635278907311,-0.0457985789850096,0.0,0.0,0.2516695554616239,1.25195474927919,0.0,0.0,0.0,-7.832787669450353e-15,1.0,0.0
target,270.25,0.6690956654146156,-0.697545084776159,-0.6312889079832994,-0.2423656594348515,0.0,0.0,0.7225208955851605,1.969876731672404,0.0,0.0,0.0,0.4999999999999096,0.8660254037844909,0.0
target,270.5,0.6686019372512346,-0.7962936421496117,-0.7113519015191542,0.1225424536428213,0.0,0.0,1.8570081626840875,4.714179589425636,0.0,0.0,0.0,0.8660254037843951,0.5000000000000755,0.0
target,270.75,0.6808115297104504,-0.7445988067666194,-0.6605973810618287,-0.1063010384501932,0.0,0.0,3.2512392143052247,5.788286010090194,0.0,0.0,0.0,1.0,7.006650938841648e-14,0.0
target,271.0,0.6846918282147225,-0.7882836807715583,-0.7147534930466899,-0.3834554026591467,0.0,0.0,3.32872077831938,0.3431929479134264,0.0,0.0,0.0,0.8660254037844651,-0.4999999999999541,0.0
target,271.25,0.7194061957677564,-0.727202680099585,-0.6905791153124069,-0.0967257505995275,0.0,0.0,2.52574555407259,-3.2977191575614557,1.0,1.0,6.0,0.500000000000031,-0.8660254037844208,0.0
target,271.5,0.7374395197356571,-0.5058235520032917,-0.4775882961323848,-0.2351693000265506,0.0,0.0,1.7470773459548024,-3.197203481548713,1.0,0.0,6.0,1.8613393385766592e-14,-1.0,0.0
target,271.75,0.7726339695126037,-0.4493290951679033,-0.47273008562547,0.6429014940705312,0.0,0.0,0.904552842200574,-3.461265458119669,1.0,0.0,6.0,-0.4999999999999002,-0.8660254037844962,0.0
target,272.0,0.7756291915056202,-0.2459308986280661,-0.3101564956031515,-0.0503615496019274,0.0,0.0,2.3784900325024925,6.117891107208836,1.0,0.0,6.0,-0.8660254037843896,-0.5000000000000848,0.0
target,272.25,0.796054118763712,-0.1335523762778259,-0.1810164672230405,0.9873401799266266,0.0,0.0,3.80477732210589,5.920846683687958,0.0,0.0,0.0,-1.0,-8.084711510473273e-14,0.0
target,272.5,0.8556375818774942,0.1560183375658217,0.0572986010956372,0.6006899325689873,0.0,0.0,4.580963872622537,3.232515260411324,0.0,0.0,0.0,-0.8660254037844705,0.4999999999999448,0.0
target,272.75,0.8994675468587398,-0.029167512628788,-0.0952422646360995,1.2990543902496234,0.0,0.0,3.46763724645856,-4.581100910370992,0.0,0.0,0.0,-0.5000000000000403,0.8660254037844154,0.0
target,273.0,0.9347147349436218,0.0930639778894819,0.0122381059930139,0.6405943764873809,0.0,0.0,0.4442545101697603,-12.479667320683728,0.0,0.0,0.0,-2.939399910208283e-14,1.0,0.0
target,273.25,0.9609413917718096,-0.0634254248375854,-0.1248052886662947,1.1026116302753808,0.0,0.0,-0.4243051818890491,-3.568927564347162,0.0,0.0,0.0,0.4999999999999894,0.8660254037844447,0.0
target,273.5,0.9816245390392734,-0.0276988714775807,-0.0495245463365591,0.2346185767879261,0.0,0.0,-0.4953741179957861,-0.2711010428601531,0.0,0.0,0.0,0.8660254037843842,0.5000000000000941,0.0
target,273.75,1.025670100903859,-0.0584458278552713,-0.0826655882716459,1.4043628550463407,0.0,0.0,-0.6314533689730703,-0.5399351816262657,0.0,0.0,0.0,1.0,9.162772082104897e-14,0.0
target,274.0,1.316542850710197,8.656082167531338,8.042898352875287,32.9291728871608,1.0,0.0,-0.8158748899260657,-0.7398427276948835,0.0,0.0,0.0,0.8660254037844759,-0.4999999999999355,0.0
target,274.25,1.4822182714499943,0.5747408882848566,0.6194079915753302,5.415419196809897,0.0,0.0,-0.9154556044384384,-0.3890044772248728,1.0,1.0,2.0,0.5000000000000496,-0.86602540378441,0.0
target,274.5,1.473619252973546,-1.049798487977578,-0.9196367492758724,-0.6869289990302976,0.0,0.0,-0.8951622339903192,0.1067052644507475,1.0,0.0,2.0,4.0174604818399075e-14,-1.0,0.0
target,274.75,1.477329463380818,-1.1169393464372035,-0.9511593518614694,-0.9218201545547196,0.0,0.0,-0.1057053860290909,3.287391305724874,1.0,0.0,2.0,-0.49999999999998,-0.8660254037844501,0.0
target,275.0,1.478613691604975,-1.1691194313479265,-0.9816771925232888,-1.0807739362749025,0.0,0.0,2.428805012555082,10.503630287440764,1.0,0.0,2.0,-0.8660254037843789,-0.5000000000001036,0.0
target,275.25,1.4884986097913713,-1.025845151170543,-0.899920143180298,-0.1060237992435175,0.0,0.0,2.496880460419903,0.3042962722216453,0.0,0.0,0.0,-1.0,-1.0240832653736521e-13,0.0
target,275.5,1.4949739171560663,-1.103757093268698,-0.9107161754834018,-1.054957210968562,0.0,0.0,0.6674144174186305,-7.542519013717896,0.0,0.0,0.0,-0.8660254037844812,0.4999999999999261,0.0
target,275.75,1.500572367935291,-0.9842657937489808,-0.838489101816574,-0.534378853891504,0.0,0.0,0.5136222746529481,-0.6131824812043934,0.0,0.0,0.0,-0.500000000000059,0.8660254037844046,0.0
target,276.0,1.496787497829273,-0.8974271609377644,-0.7412518749852388,-0.6357554167240992,0.0,0.0,0.4856506772286951,-0.0928826178165589,0.0,0.0,0.0,-5.09552105347153e-14,1.0,0.0
target,276.25,1.494778308039959,-1.0480359245556112,-0.8894682066460567,-0.7013290943070265,0.0,0.0,0.756497844633668,1.1428087559290123,0.0,0.0,0.0,0.4999999999999707,0.8660254037844556,0.0
target,276.5,1.483013619868124,-0.8257631383580472,-0.6949189689465819,-0.5391225904810465,0.0,0.0,1.024432445683289,1.130764555415612,0.0,0.0,0.0,0.8660254037844304,0.5000000000000144,0.0
target,276.75,1.4799815865819188,-0.8981902476563953,-0.7550533767842732,-0.8086297152181908,0.0,0.0,1.2401292526231489,0.9147480291381576,0.0,0.0,0.0,1.0,1.1318893225368145e-13,0.0
target,277.0,1.4715148976386796,-0.727335440560996,-0.5822713373677376,-0.7508101457346189,0.0,0.0,1.2674843593011167,0.1359073346349185,0.0,0.0,0.0,0.8660254037844867,-0.4999999999999168,0.0
target,277.25,1.4702771736094973,-0.7834598291777679,-0.6960238586945956,-0.4656120591819472,0.0,0.0,1.7503948244415608,2.019744271841202,1.0,1.0,6.0,0.5000000000000683,-0.8660254037843992,0.0
target,277.5,1.4617639566405742,-0.6763858222249969,-0.5368168937088488,-0.9487075015683092,0.0,0.0,5.713998841812448,16.413294822794835,1.0,0.0,6.0,6.173581625103155e-14,-1.0,0.0
target,277.75,1.4525367087752086,-0.5776332894579137,-0.498205251114714,-0.7549821742771167,0.0,0.0,6.95847229234472,5.169000350690258,1.0,0.0,6.0,-0.4999999999999613,-0.8660254037844609,0.0
target,278.0,1.4356672515176483,-0.5371641218308678,-0.4595779430129372,-0.8585129383544597,0.0,0.0,3.703658978587583,-13.43669144988129,1.0,0.0,6.0,-0.8660254037844249,-0.5000000000000238,0.0
target,278.25,1.4150317056109132,-0.7281855471761635,-0.6108582574391672,-0.9190544321457458,0.0,0.0,1.02218026283525,-11.065807488061468,0.0,0.0,0.0,-1.0,-1.0282700248381648e-14,0.0
target,278.5,1.396127448179784,-0.356309539337681,-0.3075616067177724,-0.5434024188505817,0.0,0.0,-0.4622428825670257,-6.115679128415096,0.0,0.0,0.0,-0.8660254037844921,0.4999999999999075,0.0
target,278.75,1.3863783578743891,-0.4757387173396752,-0.3646597283090168,-0.3073354942172716,0.0,0.0,-0.5414878334670818,-0.3049109374880707,0.0,0.0,0.0,-0.5000000000000776,0.8660254037843939,0.0
target,279.0,1.3749166499757557,-0.3810967943891938,-0.2562156946588663,-0.2417947589959092,0.0,0.0,-0.6025379200500404,-0.2296705592743471,0.0,0.0,0.0,-7.251642196734779e-14,1.0,0.0
target,279.25,1.3584695004908385,-0.5942752918724958,-0.4734340631270848,-0.3382594346199795,0.0,0.0,1.1592181125717644,7.308095011770773,0.0,0.0,0.0,0.499999999999952,0.8660254037844664,0.0
target,279.5,1.342050583721182,-0.4985529721185613,-0.343408630466985,-0.341878808863275,0.0,0.0,4.526643147305893,13.94794353712952,0.0,0.0,0.0,0.8660254037844195,0.5000000000000331,0.0
target,279.75,1.316574671853344,-0.4388332872464432,-0.261712379715109,-0.5353832305051436,0.0,0.0,2.7937320208545637,-7.143239947218592,0.0,0.0,0.0,1.0,2.1063305964697886e-14,0.0
target,280.0,1.2885652040842912,-0.3952706216577385,-0.2563500153939131,-0.2814654499176132,0.0,0.0,-0.6779359339352977,-14.333440385424112,0.0,0.0,0.0,0.8660254037844974,-0.4999999999998981,0.0
target,280.25,1.2683625410647614,-0.5333607910316008,-0.3834280617434454,-0.615163942043917,0.0,0.0,-0.7973169253381749,-0.4708836435662268,1.0,1.0,4.0,0.500000000000087,-0.8660254037843884,0.0
target,280.5,1.2451594890783098,-0.3279127368960897,-0.2103466037278794,-0.5334134412775903,0.0,0.0,-0.564398634642477,0.985963231879358,1.0,0.0,4.0,8.329702768366404e-14,-1.0,0.0
target,280.75,1.2259380377870597,-0.5303223367735166,-0.3678833076974449,-0.0309333214744837,0.0,0.0,-0.0214847603917433,2.2678735855249843,1.0,0.0,4.0,-0.4999999999999427,-0.8660254037844717,0.0
target,281.0,1.2087146549707557,-0.4403080283786075,-0.3236522150273052,0.0539298436420725,0.0,0.0,3.356871039757241,13.993145024189054,1.0,0.0,4.0,-0.8660254037844142,-0.5000000000000424,0.0
target,281.25,1.1918645725546455,-0.6517499710809723,-0.5400049101196872,-0.2106040958742246,0.0,0.0,3.599835236692052,1.0275056018447202,0.0,0.0,0.0,-1.0,-3.1843911681014124e-14,0.0
target,281.5,1.1659029803915095,-0.5666026744480903,-0.3857945619301112,-0.5553744370625561,0.0,0.0,0.9929946632013412,-10.757159841392454,0.0,0.0,0.0,-0.866025403784446,0.4999999999999873,0.0
target,281.75,1.1422186329598611,-0.6242102663005754,-0.4852414778337152,-0.3326518844606713,0.0,0.0,2.036549052419342,4.33814907858561,0.0,0.0,0.0,-0.5000000000000964,0.866025403784383,0.0
target,282.0,1.12725588010608,-0.6913920446503795,-0.5405046947037989,-0.1960409772449904,0.0,0.0,2.974652245445366,3.90208163964801,0.0,0.0,0.0,-9.407763339998026e-14,1.0,0.0
target,282.25,1.115394750016019,-0.8886659061621652,-0.6993084685686783,-0.7209681770395693,0.0,0.0,3.5679653006572702,2.476286980156181,0.0,0.0,0.0,0.4999999999999334,0.8660254037844771,0.0
target,282.5,1.1009122173659385,-0.7391886909796336,-0.6041114878719291,-0.2841022578577157,0.0,0.0,4.048039327548376,2.008014880352442,0.0,0.0,0.0,0.8660254037844087,0.5000000000000517,0.0
target,282.75,1.097433475569525,-0.8753054560247756,-0.7217724559503303,-0.1950256657226596,0.0,0.0,6.753534966970055,11.210697620583192,0.0,0.0,0.0,1.0,4.262451739733036e-14,0.0
target,283.0,1.0810291565377816,-0.826888582443334,-0.6656170792561198,-0.7614392169273815,0.0,0.0,7.6729518718429075,3.824809099245824,0.0,0.0,0.0,0.8660254037844514,-0.4999999999999779,0.0
target,283.25,1.0786856886544616,-0.972293877390346,-0.8286906420549501,-0.3792609815336591,0.0,0.0,8.343683756115482,2.7964334719282955,1.0,1.0,6.0,0.5000000000000072,-0.8660254037844345,0.0
target,283.5,1.0716914628774967,-1.0835906271398632,-0.910311854800058,-0.9233091705645452,0.0,0.0,8.48194740885076,0.5945422992630759,1.0,0.0,6.0,1.048582391162965e-13,-1.0,0.0
target,283.75,0.6244471063520032,3.895157657791513,3.196976736401421,19.475429330915954,0.0,0.0,5.092007266999894,-13.995475152546174,1.0,0.0,6.0,-0.499999999999924,-0.8660254037844825,0.0
target,284.0,-0.2521100705917025,5.971916092827281,4.849220539417866,25.034268120579878,1.0,1.0,2.155141603105033,-12.121897285391569,1.0,0.0,6.0,-0.8660254037844034,-0.5000000000000611,0.0
target,284.25,-0.2470603425751416,-0.2588502851154631,-0.4147592860816871,-0.4263474781380562,0.0,0.0,1.5355328074443837,-2.539452473178636,0.0,0.0,0.0,-1.0,-5.34051231136466e-14,0.0
target,284.5,-0.2646211875062231,-0.3826254575166519,-0.4733696492587482,-0.2776029696947669,0.0,0.0,3.898120966476102,9.792688226986836,0.0,0.0,0.0,-0.8660254037844568,0.4999999999999686,0.0
target,284.75,-0.2901200142670427,-0.1679865942189505,-0.1731590857489263,-0.1426145253634433,0.0,0.0,5.550742443775261,6.856795948718886,0.0,0.0,0.0,-0.5000000000000165,0.8660254037844292,0.0
target,285.0,-0.3028068800247187,-0.5709679349311633,-0.5258072367110055,-0.1160794080803681,0.0,0.0,5.910499661738938,1.5104743627976471,0.0,0.0,0.0,-1.1563884483261273e-13,1.0,0.0
target,285.25,-0.2967566645741704,-0.4832622557901748,-0.499487538316131,-0.5336280576118998,0.0,0.0,2.6300846624652974,-13.542560912142704,0.0,0.0,0.0,0.4999999999999147,0.8660254037844879,0.0
target,285.5,-0.2745092155998909,-0.05843370284624,-0.0436883967093463,0.1005037275210892,0.0,0.0,-0.6997234549217038,-13.746813981758184,0.0,0.0,0.0,0.866025403784398,0.5000000000000704,0.0
target,285.75,-0.2735132378889054,-0.5567811107882005,-0.5236241125549524,0.2415086892599687,0.0,0.0,-0.9304334609676226,-0.9312573524282548,0.0,0.0,0.0,1.0,6.418572882996284e-14,0.0
target,286.0,-0.2751373758797604,-0.6292321662932908,-0.5333504951165343,-0.1018061894741614,0.0,0.0,-0.7729888413459546,0.6738604616788709,0.0,0.0,0.0,0.8660254037844621,-0.4999999999999592,0.0
target,286.25,-1.3665754926778966,10.016514262778305,9.805171390368589,47.70096909839588,1.0,1.0,-0.2409906847700963,2.222734324686414,1.0,1.0,4.0,0.5000000000000259,-0.8660254037844237,0.0
target,286.5,-1.5953424536302814,-0.0921616771946643,-0.1418658144970669,-0.388038407743103,0.0,0.0,0.8898437829498191,4.699074337634481,1.0,0.0,4.0,1.2732612827312944e-14,-1.0,0.0
target,286.75,-1.5907577201403746,-0.020627520468462,0.0253002720720263,-0.9179896502269704,0.0,0.0,2.177517348855973,5.3476437834172055,1.0,0.0,4.0,-0.4999999999999053,-0.8660254037844933,0.0
target,287.0,-1.5907464343941276,-0.177562760136215,-0.0891981708928208,-0.8876174905582457,0.0,0.0,2.517664314035247,1.4293809943256055,1.0,0.0,4.0,-0.8660254037843926,-0.5000000000000798,0.0
target,287.25,-1.5775457302160043,0.0336311033820485,0.0855026380138688,-0.3984565737707856,0.0,0.0,4.729943657458393,9.17112315575855,0.0,0.0,0.0,-1.0,-7.496633454627908e-14,0.0
target,287.5,-1.5814582415210754,-0.040741338677466,0.0140780191945782,-0.8017053038982295,0.0,0.0,6.228148084006877,6.218242283319424,0.0,0.0,0.0,-0.8660254037844676,0.4999999999999499,0.0
target,287.75,-1.5995041742565026,0.0450410156577994,0.1080469795928278,-0.8725918874005919,0.0,0.0,5.284712903695902,-3.8785566968785976,0.0,0.0,0.0,-0.5000000000000352,0.8660254037844183,0.0
target,288.0,-1.633116973274007,0.097054425601277,0.1624073696143391,-0.4191094917972575,0.0,0.0,3.886760845263162,-5.758099254514862,0.0,0.0,0.0,-2.3513218543629183e-14,1.0,0.0
target,288.25,-1.6565258098501712,-0.4026056560755007,-0.3157836557732449,-0.5983199107038737,0.0,0.0,1.6270211895610478,-9.321809520686658,0.0,0.0,0.0,0.499999999999896,0.8660254037844987,0.0
target,288.5,-1.6702100198907306,-0.5958080648533775,-0.6050692410313547,-1.1017667564335096,0.0,0.0,0.5396520766434407,-4.473760010207791,0.0,0.0,0.0,0.8660254037843872,0.5000000000000892,0.0
target,288.75,-1.6855314325115194,-0.4607712080028384,-0.4253793965606252,-0.5612504212836458,0.0,0.0,0.0656696129058801,-1.937250659479249,0.0,0.0,0.0,1.0,8.574694026259533e-14,0.0
target,289.0,-1.708361949182622,-0.5956951920060959,-0.5973331152837283,-0.3386689854933558,0.0,0.0,-0.2249677967976277,-1.17907236428995,0.0,0.0,0.0,0.8660254037844729,-0.4999999999999406,0.0
target,289.25,-1.730165582456224,-0.5896483006933454,-0.6053529099829797,-0.5904907298946411,0.0,0.0,-0.3196500190921088,-0.368747969634167,1.0,1.0,6.0,0.5000000000000445,-0.866025403784413,0.0
target,289.5,-1.7732711823549092,-0.3967546052524491,-0.4208256776050301,0.9146194372040184,0.0,0.0,0.8013544927453408,4.658424977159396,1.0,0.0,6.0,3.4293824259945424e-14,-1.0,0.0
target,289.75,-1.7831087857448316,-0.318173626792996,-0.3658181057487206,0.0023720547740912,0.0,0.0,3.7063842454924463,12.03582178152774,1.0,0.0,6.0,-0.4999999999999852,-0.8660254037844473,0.0
target,290.0,-1.7890644892069671,-0.6580191750259405,-0.70457698486487,-0.964412746698764,0.0,0.0,4.349427132380794,2.6819324457464,1.0,0.0,6.0,-0.8660254037843818,-0.5000000000000985,0.0
target,290.25,-1.7923202790106114,-0.6142723159321951,-0.7430614095589317,-1.1715227587048962,0.0,0.0,3.7326195391879935,-2.527868790582211,0.0,0.0,0.0,-1.0,-9.652754597891157e-14,0.0
target,290.5,-1.7921330546096284,-0.7677177409663868,-0.8516542835672977,-1.2827749078217516,0.0,0.0,3.881799914722412,0.639685716545381,0.0,0.0,0.0,-0.8660254037844783,0.4999999999999313,0.0
target,290.75,-1.7871582027937891,-1.1554130087966683,-1.0399413777367232,-1.250956896891484,0.0,0.0,1.3390531486467467,-10.492115693383395,0.0,0.0,0.0,-0.5000000000000538,0.8660254037844075,0.0
target,291.0,-1.788530786224039,-1.256824318007108,-1.0955297369688952,-1.4443878557342642,0.0,0.0,-0.9615845881628622,-9.49093345792052,0.0,0.0,0.0,-4.5074429976261656e-14,1.0,0.0
target,291.25,-0.6535902230184713,9.294205501636428,9.938909073976037,48.67628831766896,1.0,1.0,-0.5647673786034144,1.6637268265515517,0.0,0.0,0.0,0.4999999999999758,0.8660254037844526,0.0
target,291.5,-0.3734104499240581,-0.5266060518396519,-0.4348746312747887,0.3983358398328213,0.0,0.0,0.1291074059969262,2.8921352338802864,0.0,0.0,0.0,0.8660254037844333,0.5000000000000093,0.0
target,291.75,-0.394589049983169,-0.7106021968902702,-0.6870558629468929,0.1593652823800277,0.0,0.0,0.2860059589931505,0.6716023376988156,0.0,0.0,0.0,1.0,1.0730815169522781e-13,0.0
target,292.0,-0.4098432480947068,-0.3954254247818771,-0.4545320493504449,0.3729994765016566,0.0,0.0,0.3919900366998429,0.4610580703399302,0.0,0.0,0.0,0.8660254037844838,-0.4999999999999219,0.0
target,292.25,-0.4106271134483364,-0.1886811997088367,-0.3173817086871643,-0.1960702096857225,0.0,0.0,0.6751367143864528,1.193670350129764,1.0,1.0,6.0,0.5000000000000632,-0.8660254037844022,0.0
target,292.5,-0.4186486261958307,-0.21251183121393,-0.3428444418893094,-0.0937380383092543,0.0,0.0,0.6729044061550162,0.0135558705430418,1.0,0.0,6.0,5.585503569257789e-14,-1.0,0.0
target,292.75,-0.4038488398705632,-0.2315164974301895,-0.1911472520779371,0.0495287217410031,0.0,0.0,0.9951020311254342,1.3551559205649812,1.0,0.0,6.0,-0.4999999999999664,-0.866025403784458,0.0
target,293.0,-0.3736386008238794,0.1310640873051898,0.1716875394233537,0.975598403597546,0.0,0.0,3.553368312432016,10.601866887048452,1.0,0.0,6.0,-0.8660254037844278,-0.5000000000000187,0.0
target,293.25,-0.3731788585850611,-0.1077962019654891,-0.1356583904783343,0.371091834195756,0.0,0.0,5.984043502305002,10.074245366554646,0.0,0.0,0.0,-1.0,-1.1808875741154406e-13,0.0
target,293.5,-0.404469898361418,-0.4491840304998284,-0.3604970198721111,-0.0118366889645497,0.0,0.0,6.231502314701163,1.0460919766229877,0.0,0.0,0.0,-0.8660254037844891,0.4999999999999125,0.0
target,293.75,-0.386710125173351,-0.1116831768289481,0.0014166041823882,1.211887564566419,0.0,0.0,4.582545333132124,-6.796068267151844,0.0,0.0,0.0,-0.5000000000000726,0.8660254037843967,0.0
target,294.0,-0.3843220249970909,-0.1419469766358699,-0.1172956359068564,0.7316635615713927,0.0,0.0,3.6135208444384426,-3.9843749765528926,0.0,0.0,0.0,-6.663564140889415e-14,1.0,0.0
target,294.25,-0.4446303472039795,-0.1224381576956424,-0.0304647515120262,1.1443863902913416,0.0,0.0,5.428657255669015,7.528836414713872,0.0,0.0,0.0,0.4999999999999571,0.8660254037844634,0.0
target,294.5,-0.4036590399659117,-0.097975661676753,-0.1448047252943821,2.222958882791923,0.0,0.0,7.316203227671605,7.828268311749595,0.0,0.0,0.0,0.8660254037844225,0.500000000000028,0.0
target,294.75,-0.3715720550505173,0.5147377904192855,0.6922317433697264,1.6618265816169375,0.0,0.0,7.357335584292868,0.1928797570950559,0.0,0.0,0.0,1.0,1.5182525406244242e-14,0.0
target,295.0,-0.3787587654995928,0.5947355753916991,0.8292823812332184,2.141283448181188,0.0,0.0,8.222322091979578,3.599725603197975,0.0,0.0,0.0,0.8660254037844946,-0.4999999999999032,0.0
target,295.25,-0.3297218679999436,0.424476045170191,0.5410596277407657,2.18913822755602,0.0,0.0,7.033341055794188,-4.8939510819547545,1.0,1.0,2.0,0.5000000000000819,-0.8660254037843914,0.0
target,295.5,-0.2769985641096815,0.5403304647378635,0.7278937067419184,1.879887599200412,0.0,0.0,4.255445937705373,-11.46451376316056,1.0,0.0,2.0,7.741624712521039e-14,-1.0,0.0
target,295.75,-0.2048676026941457,0.1730037591972903,0.3278282561532538,1.4642950324446964,0.0,0.0,4.997355517015331,3.090771291747117,1.0,0.0,2.0,-0.4999999999999478,-0.8660254037844688,0.0
target,296.0,-1.011364846789783,6.908878912860703,6.687767740324394,32.72227420018956,1.0,1.0,5.311598007913446,1.3222594237343632,1.0,0.0,2.0,-0.8660254037844171,-0.5000000000000373,0.0
target,296.25,-1.7826736926191262,2.2305658351962374,2.1769429137808665,13.52549028121955,0.0,0.0,4.318054211747231,-4.085768531108745,0.0,0.0,0.0,-1.0,-2.596313112256048e-14,0.0
target,296.5,-1.7789188275776306,-0.8925547748467163,-0.9108881657104666,-1.090610200061648,0.0,0.0,2.6130381001170067,-7.027886986688673,0.0,0.0,0.0,-0.8660254037844999,0.4999999999998939,0.0
target,296.75,-1.7760165768582394,-1.006400616119396,-0.9539283265525595,-1.441373693313807,0.0,0.0,2.542749318498641,-0.2678749062016331,0.0,0.0,0.0,-0.5000000000000913,0.866025403784386,0.0
target,297.0,-1.776061567267127,-1.2444690297287162,-1.073370463647885,-1.454129288655756,0.0,0.0,2.6990014382675085,0.6689291723666336,0.0,0.0,0.0,-8.819685284152661e-14,1.0,0.0
target,297.25,-1.7763449186039653,-1.0671654113689049,-0.990420286803618,-1.4492160941165706,0.0,0.0,1.71462190497655,-4.047871980039862,0.0,0.0,0.0,0.4999999999999385,0.8660254037844741,0.0
target,297.5,-1.782283618797038,-1.131809205494896,-1.0375884396444643,-1.6071784797327464,0.0,0.0,1.2354546890539404,-1.9586909246303847,0.0,0.0,0.0,0.8660254037844117,0.5000000000000466,0.0
target,297.75,-1.7913628257227676,-1.0926214793691085,-0.9791221247338464,-1.1024627814191212,0.0,0.0,0.5628269524899305,-2.758699239548379,0.0,0.0,0.0,1.0,3.674373683887671e-14,0.0
target,298.0,-1.7964500347349612,-1.1638429911488084,-1.0268548569004985,-1.2836119097985814,0.0,0.0,0.3706307978046355,-0.7719928098442572,0.0,0.0,0.0,0.8660254037844485,-0.499999999999983,0.0
target,298.25,-1.7961999625039118,-1.0617222727874942,-0.9685393912163448,-1.3109314997796773,0.0,0.0,0.4391885996255787,0.3062909281563649,1.0,1.0,6.0,0.5000000000001006,-0.8660254037843805,0.0
target,298.5,-1.7999286342620542,-1.0633672617627306,-0.9694160246777006,-1.120798851655842,0.0,0.0,0.5988491890605094,0.6830240588321288,1.0,0.0,6.0,9.897745855784285e-14,-1.0,0.0
target,298.75,-1.2210555442595277,3.695068805068582,2.651641489046267,21.53868822782511,0.0,0.0,0.7565986498640329,0.6751210572743195,1.0,0.0,6.0,-0.4999999999999291,-0.8660254037844796,0.0
target,299.0,0.4478795015855618,8.67836238272129,6.481546462892852,44.01981408492647,1.0,1.0,1.016105429483863,1.095913376487098,1.0,0.0,6.0,-0.8660254037844063,-0.500000000000056,0.0
target,299.25,0.4420404941170379,-0.2674849054410653,-0.2849058031701754,0.0641638751085485,0.0,0.0,1.943544809174047,3.8579840671349137,0.0,0.0,0.0,-1.0,-4.7524342555192956e-14,0.0
target,299.5,0.426547190606259,-0.4019614876012362,-0.4384506789537688,0.9766793339348004,0.0,0.0,1.8375113958584093,-0.4156880231967259,0.0,0.0,0.0,-0.8660254037844538,0.4999999999999737,0.0
target,299.75,0.4296990730460794,-0.1423192167642575,-0.2309827262613371,1.2652345023612876,0.0,0.0,1.1578726695400798,-2.787691460186806,0.0,0.0,0.0,-0.5000000000000114,0.866025403784432,0.0
target,300.0,0.0,0.0,0.0,0.0,0.0,0.0,0.0,0.0,0.0,0.0,0.0,-1.0975806427415909e-13,1.0,0.0
