trial_id,fold,generator,generator_type,winning_model,penalized_loss
1,0,full_reciprocal_positive,positive,full_reciprocal,1.082043798352091
1,1,full_reciprocal_positive,positive,full_reciprocal,1.0107351140701932
1,2,full_reciprocal_positive,positive,full_reciprocal,0.9221571391509035
1,3,full_reciprocal_positive,positive,full_reciprocal,0.9854378197475869
1,4,full_reciprocal_positive,positive,full_reciprocal,1.0935901580092822
1,5,full_reciprocal_positive,positive,full_reciprocal,1.1045987486410773
2,0,full_reciprocal_positive,positive,full_reciprocal,0.9895556572031887
2,1,full_reciprocal_positive,positive,full_reciprocal,0.8593863968926458
2,2,full_reciprocal_positive,positive,full_reciprocal,1.0209501761654807
2,3,full_reciprocal_positive,positive,full_reciprocal,1.064280996455106
2,4,full_reciprocal_positive,positive,eta_only,0.8954836460893745
2,5,full_reciprocal_positive,positive,colored_noise_alt,0.9862561734015012
3,0,full_reciprocal_positive,positive,full_reciprocal,1.083307640187014
3,1,full_reciprocal_positive,positive,full_reciprocal,1.1414793635255873
3,2,full_reciprocal_positive,positive,full_reciprocal,0.9636851118024694
3,3,full_reciprocal_positive,positive,full_reciprocal,0.9961053313302471
3,4,full_reciprocal_positive,positive,full_reciprocal,0.9960419217271875
3,5,full_reciprocal_positive,positive,full_reciprocal,0.9875690278483085
4,0,full_reciprocal_positive,positive,full_reciprocal,1.0141421601963003
4,1,full_reciprocal_positive,positive,full_reciprocal,1.1677544173250547
4,2,full_reciprocal_positive,positive,zeta_only,0.9651816190723974
4,3,full_reciprocal_positive,positive,full_reciprocal,0.98230121843698
4,4,full_reciprocal_positive,positive,full_reciprocal,1.0359361846282118
4,5,full_reciprocal_positive,positive,full_reciprocal,1.0147643777335007
5,0,full_reciprocal_positive,positive,full_reciprocal,1.2153527340629025
5,1,full_reciprocal_positive,positive,eta_only,1.2101373885183735
5,2,full_reciprocal_positive,positive,zeta_only,1.267473299600784
5,3,full_reciprocal_positive,positive,full_reciprocal,1.1308066847242846
5,4,full_reciprocal_positive,positive,full_reciprocal,1.0578971714357535
5,5,full_reciprocal_positive,positive,zeta_only,0.9172533895438475
6,0,full_reciprocal_positive,positive,full_reciprocal,1.0542911301074944
6,1,full_reciprocal_positive,positive,full_reciprocal,0.9327065399922423
6,2,full_reciprocal_positive,positive,full_reciprocal,0.982880199200583
6,3,full_reciprocal_positive,positive,full_reciprocal,1.060571208720842
6,4,full_reciprocal_positive,positive,full_reciprocal,0.9772750826587483
6,5,full_reciprocal_positive,positive,full_reciprocal,1.10520464674967
7,0,full_reciprocal_positive,positive,full_reciprocal,1.0242450631534095
7,1,full_reciprocal_positive,positive,full_reciprocal,0.962477298869479
7,2,full_reciprocal_positive,positive,zeta_only,1.1931303646604798
7,3,full_reciprocal_positive,positive,zeta_only,1.2233765371141245
7,4,full_reciprocal_positive,positive,full_reciprocal,0.9433156693265461
7,5,full_reciprocal_positive,positive,full_reciprocal,1.1214477385623478
8,0,full_reciprocal_positive,positive,full_reciprocal,1.0655716041617174
8,1,full_reciprocal_positive,positive,full_reciprocal,1.1772472687796431
8,2,full_reciprocal_positive,positive,full_reciprocal,1.007670509863225
8,3,full_reciprocal_positive,positive,full_reciprocal,0.9313731900547537
8,4,full_reciprocal_positive,positive,full_reciprocal,0.9285279731359972
8,5,full_reciprocal_positive,positive,eta_only,1.0972569424292942
9,0,full_reciprocal_positive,positive,full_reciprocal,1.0227609438590934
9,1,full_reciprocal_positive,positive,full_reciprocal,1.076969284475734
9,2,full_reciprocal_positive,positive,full_reciprocal,0.8860417539161923
9,3,full_reciprocal_positive,positive,full_reciprocal,1.0741344432594526
9,4,full_reciprocal_positive,positive,full_reciprocal,0.9887189037218219
9,5,full_reciprocal_positive,positive,full_reciprocal,1.0493125506790932
10,0,full_reciprocal_positive,positive,full_reciprocal,1.0756186021178256
10,1,full_reciprocal_positive,positive,full_reciprocal,1.074556058506903
10,2,full_reciprocal_positive,positive,full_reciprocal,1.0466771833590867
10,3,full_reciprocal_positive,positive,full_reciprocal,1.0865539774634614
10,4,full_reciprocal_positive,positive,full_reciprocal,1.0377788489061708
10,5,full_reciprocal_positive,positive,full_reciprocal,1.0643040184618227
11,0,full_reciprocal_positive,positive,full_reciprocal,1.018724144182911
11,1,full_reciprocal_positive,positive,full_reciprocal,0.9509818588949333
11,2,full_reciprocal_positive,positive,full_reciprocal,1.0332755194339027
11,3,full_reciprocal_positive,positive,full_reciprocal,0.9751588412781951
11,4,full_reciprocal_positive,positive,zeta_only,1.1025172160374959
11,5,full_reciprocal_positive,positive,full_reciprocal,1.0037579343905356
12,0,full_reciprocal_positive,positive,zeta_only,0.9857113301388771
12,1,full_reciprocal_positive,positive,full_reciprocal,0.8524440186747662
12,2,full_reciprocal_positive,positive,full_reciprocal,0.8984535833834307
12,3,full_reciprocal_positive,positive,full_reciprocal,0.9294441262664461
12,4,full_reciprocal_positive,positive,full_reciprocal,0.9968096070275958
12,5,full_reciprocal_positive,positive,full_reciprocal,0.9996825610872506
13,0,full_reciprocal_positive,positive,full_reciprocal,1.0042563197533931
13,1,full_reciprocal_positive,positive,full_reciprocal,0.953512675580533
13,2,full_reciprocal_positive,positive,full_reciprocal,1.0552220557788465
13,3,full_reciprocal_positive,positive,zeta_only,1.0523329096510998
13,4,full_reciprocal_positive,positive,full_reciprocal,0.9964846659365214
13,5,full_reciprocal_positive,positive,full_reciprocal,1.0987233124108735
14,0,full_reciprocal_positive,positive,eta_only,1.03799145162673
14,1,full_reciprocal_positive,positive,full_reciprocal,1.124921331364608
14,2,full_reciprocal_positive,positive,full_reciprocal,1.061714588206381
14,3,full_reciprocal_positive,positive,full_reciprocal,1.012929876562261
14,4,full_reciprocal_positive,positive,full_reciprocal,1.0549939177041705
14,5,full_reciprocal_positive,positive,full_reciprocal,1.0003720014693385
15,0,full_reciprocal_positive,positive,full_reciprocal,0.9630005757424304
15,1,full_reciprocal_positive,positive,full_reciprocal,1.0990752572167166
15,2,full_reciprocal_positive,positive,full_reciprocal,1.0544245983509752
15,3,full_reciprocal_positive,positive,full_reciprocal,1.106176372968178
15,4,full_reciprocal_positive,positive,full_reciprocal,1.1322199834321625
15,5,full_reciprocal_positive,positive,full_reciprocal,1.0320021804575732
16,0,full_reciprocal_positive,positive,full_reciprocal,1.0719236012720537
16,1,full_reciprocal_positive,positive,full_reciprocal,0.8962643617461684
16,2,full_reciprocal_positive,positive,full_reciprocal,0.9777143776772277
16,3,full_reciprocal_positive,positive,full_reciprocal,0.9992323102383017
16,4,full_reciprocal_positive,positive,full_reciprocal,1.0286126842920198
16,5,full_reciprocal_positive,positive,full_reciprocal,0.8798746156021997
17,0,full_reciprocal_positive,positive,full_reciprocal,1.0364504793866827
17,1,full_reciprocal_positive,positive,full_reciprocal,1.0260105997903035
17,2,full_reciprocal_positive,positive,full_reciprocal,1.0346311765265614
17,3,full_reciprocal_positive,positive,full_reciprocal,1.0983804387839444
17,4,full_reciprocal_positive,positive,full_reciprocal,1.0931247805168187
17,5,full_reciprocal_positive,positive,zeta_only,1.145063825414899
18,0,full_reciprocal_positive,positive,full_reciprocal,1.0493548241159802
18,1,full_reciprocal_positive,positive,zeta_only,1.0890459497256606
18,2,full_reciprocal_positive,positive,zeta_only,1.1548350069700044
18,3,full_reciprocal_positive,positive,full_reciprocal,1.0004450119835908
18,4,full_reciprocal_positive,positive,full_reciprocal,0.9554272792186357
18,5,full_reciprocal_positive,positive,full_reciprocal,1.0658365055877221
19,0,full_reciprocal_positive,positive,zeta_only,0.9523810724013684
19,1,full_reciprocal_positive,positive,full_reciprocal,1.1052162027774863
19,2,full_reciprocal_positive,positive,full_reciprocal,0.9065958032764625
19,3,full_reciprocal_positive,positive,full_reciprocal,1.0488995667685275
19,4,full_reciprocal_positive,positive,full_reciprocal,1.0031150199814436
19,5,full_reciprocal_positive,positive,zeta_only,1.1596483283453651
20,0,full_reciprocal_positive,positive,full_reciprocal,1.1078631768684901
20,1,full_reciprocal_positive,positive,full_reciprocal,0.9089246335729498
20,2,full_reciprocal_positive,positive,full_reciprocal,1.044327876177603
20,3,full_reciprocal_positive,positive,eta_only,0.9468337134075742
20,4,full_reciprocal_positive,positive,eta_only,0.9852800564409527
20,5,full_reciprocal_positive,positive,full_reciprocal,1.0138290112136534
21,0,full_reciprocal_positive,positive,full_reciprocal,1.096531408524099
21,1,full_reciprocal_positive,positive,full_reciprocal,0.9948817253512914
21,2,full_reciprocal_positive,positive,full_reciprocal,0.9293962633773977
21,3,full_reciprocal_positive,positive,full_reciprocal,0.953598920012149
21,4,full_reciprocal_positive,positive,full_reciprocal,1.095459733446476
21,5,full_reciprocal_positive,positive,full_reciprocal,0.9426403269087904
22,0,full_reciprocal_positive,positive,full_reciprocal,1.1731037103834892
22,1,full_reciprocal_positive,positive,full_reciprocal,1.1293193967815272
22,2,full_reciprocal_positive,positive,zeta_only,1.0406618498880125
22,3,full_reciprocal_positive,positive,full_reciprocal,1.07514037187198
22,4,full_reciprocal_positive,positive,full_reciprocal,0.9985307677968077
22,5,full_reciprocal_positive,positive,full_reciprocal,0.9233338025637959
23,0,full_reciprocal_positive,positive,full_reciprocal,0.9938175246528379
23,1,full_reciprocal_positive,positive,full_reciprocal,1.0606082649411306
23,2,full_reciprocal_positive,positive,full_reciprocal,1.1221932535072345
23,3,full_reciprocal_positive,positive,full_reciprocal,1.01415074394608
23,4,full_reciprocal_positive,positive,full_reciprocal,0.9951009490428363
23,5,full_reciprocal_positive,positive,full_reciprocal,1.0532058285534958
24,0,full_reciprocal_positive,positive,full_reciprocal,0.9148679008817944
24,1,full_reciprocal_positive,positive,full_reciprocal,0.9311931480122666
24,2,full_reciprocal_positive,positive,full_reciprocal,0.9387829287528892
24,3,full_reciprocal_positive,positive,full_reciprocal,1.0389112775146838
24,4,full_reciprocal_positive,positive,standard_ping,1.0703514070069935
24,5,full_reciprocal_positive,positive,full_reciprocal,1.025254379651378
25,0,full_reciprocal_positive,positive,replay_only_basis,1.069333168738745
25,1,full_reciprocal_positive,positive,full_reciprocal,0.845795048072491
25,2,full_reciprocal_positive,positive,full_reciprocal,0.9821125625472229
25,3,full_reciprocal_positive,positive,full_reciprocal,1.029519190576357
25,4,full_reciprocal_positive,positive,zeta_only,1.149963047121815
25,5,full_reciprocal_positive,positive,full_reciprocal,1.0491550619262975
26,0,full_reciprocal_positive,positive,full_reciprocal,1.0253480552369756
26,1,full_reciprocal_positive,positive,full_reciprocal,0.8732676887510604
26,2,full_reciprocal_positive,positive,full_reciprocal,1.0524861714312124
26,3,full_reciprocal_positive,positive,zeta_only,1.0215653446707558
26,4,full_reciprocal_positive,positive,full_reciprocal,0.9616404755558612
26,5,full_reciprocal_positive,positive,full_reciprocal,1.148791947228634
27,0,full_reciprocal_positive,positive,full_reciprocal,1.078342520172146
27,1,full_reciprocal_positive,positive,full_reciprocal,0.9517049986936648
27,2,full_reciprocal_positive,positive,full_reciprocal,0.9968286141715652
27,3,full_reciprocal_positive,positive,zeta_only,1.1257986977560062
27,4,full_reciprocal_positive,positive,full_reciprocal,1.114036737464438
27,5,full_reciprocal_positive,positive,full_reciprocal,1.1395455778497707
28,0,full_reciprocal_positive,positive,full_reciprocal,1.1525677880334735
28,1,full_reciprocal_positive,positive,full_reciprocal,1.0731189546532955
28,2,full_reciprocal_positive,positive,full_reciprocal,0.9693706348160007
28,3,full_reciprocal_positive,positive,full_reciprocal,1.1878488422034146
28,4,full_reciprocal_positive,positive,full_reciprocal,1.004129092713952
28,5,full_reciprocal_positive,positive,full_reciprocal,0.9976492849775499
29,0,full_reciprocal_positive,positive,full_reciprocal,0.9048829778523045
29,1,full_reciprocal_positive,positive,full_reciprocal,1.2079518893336398
29,2,full_reciprocal_positive,positive,full_reciprocal,1.0526007959703014
29,3,full_reciprocal_positive,positive,full_reciprocal,1.0630597954470136
29,4,full_reciprocal_positive,positive,eta_only,1.0545563003834804
29,5,full_reciprocal_positive,positive,full_reciprocal,1.1047211599791815
30,0,full_reciprocal_positive,positive,full_reciprocal,0.9306484110130875
30,1,full_reciprocal_positive,positive,zeta_only,1.0918025808738203
30,2,full_reciprocal_positive,positive,full_reciprocal,1.0666131064056732
30,3,full_reciprocal_positive,positive,full_reciprocal,1.071410033459799
30,4,full_reciprocal_positive,positive,full_reciprocal,1.0385776618262657
30,5,full_reciprocal_positive,positive,eta_only,1.0399246259379669
31,0,full_reciprocal_positive,positive,full_reciprocal,1.099859105830077
31,1,full_reciprocal_positive,positive,full_reciprocal,1.0229348185685643
31,2,full_reciprocal_positive,positive,zeta_only,0.992904428670816
31,3,full_reciprocal_positive,positive,full_reciprocal,1.0723878304027838
31,4,full_reciprocal_positive,positive,full_reciprocal,1.143942618976663
31,5,full_reciprocal_positive,positive,full_reciprocal,0.9932431443321497
32,0,full_reciprocal_positive,positive,full_reciprocal,1.0542326991850592
32,1,full_reciprocal_positive,positive,eta_only,1.0161236174948296
32,2,full_reciprocal_positive,positive,full_reciprocal,1.0973691141388855
32,3,full_reciprocal_positive,positive,eta_only,0.9661400100491239
32,4,full_reciprocal_positive,positive,full_reciprocal,1.240589045639332
32,5,full_reciprocal_positive,positive,full_reciprocal,0.9695854702650379
33,0,full_reciprocal_positive,positive,zeta_only,0.9710787416916493
33,1,full_reciprocal_positive,positive,full_reciprocal,0.991656262860338
33,2,full_reciprocal_positive,positive,full_reciprocal,0.9245526996990578
33,3,full_reciprocal_positive,positive,full_reciprocal,1.0553795095845304
33,4,full_reciprocal_positive,positive,full_reciprocal,1.0220771524144567
33,5,full_reciprocal_positive,positive,full_reciprocal,1.070649576715142
34,0,full_reciprocal_positive,positive,full_reciprocal,0.8224647077674178
34,1,full_reciprocal_positive,positive,generic_hidden_oscillator,1.1079261251643966
34,2,full_reciprocal_positive,positive,full_reciprocal,1.0428685473078232
34,3,full_reciprocal_positive,positive,zeta_only,1.0921178402777358
34,4,full_reciprocal_positive,positive,full_reciprocal,0.8587559564127671
34,5,full_reciprocal_positive,positive,full_reciprocal,0.9750819263932299
35,0,full_reciprocal_positive,positive,full_reciprocal,1.1037283513855534
35,1,full_reciprocal_positive,positive,standard_ping,0.9518598009194655
35,2,full_reciprocal_positive,positive,full_reciprocal,0.9791235670835302
35,3,full_reciprocal_positive,positive,full_reciprocal,1.053430715983442
35,4,full_reciprocal_positive,positive,full_reciprocal,0.9921025949968006
35,5,full_reciprocal_positive,positive,full_reciprocal,1.0790486620017483
36,0,full_reciprocal_positive,positive,full_reciprocal,1.1131566844574037
36,1,full_reciprocal_positive,positive,full_reciprocal,0.9234606696400294
36,2,full_reciprocal_positive,positive,zeta_only,0.9506181280769859
36,3,full_reciprocal_positive,positive,full_reciprocal,0.9486303195550589
36,4,full_reciprocal_positive,positive,full_reciprocal,1.0585084471294628
36,5,full_reciprocal_positive,positive,full_reciprocal,1.1394591502345242
37,0,full_reciprocal_positive,positive,eta_only,1.1038851758976627
37,1,full_reciprocal_positive,positive,full_reciprocal,1.1231839966823038
37,2,full_reciprocal_positive,positive,full_reciprocal,1.0090222420233288
37,3,full_reciprocal_positive,positive,full_reciprocal,1.0309833165583389
37,4,full_reciprocal_positive,positive,full_reciprocal,1.106395559946688
37,5,full_reciprocal_positive,positive,full_reciprocal,0.956394072646154
38,0,full_reciprocal_positive,positive,full_reciprocal,1.0267893922093516
38,1,full_reciprocal_positive,positive,full_reciprocal,0.8921772102839688
38,2,full_reciprocal_positive,positive,full_reciprocal,1.1163071233515758
38,3,full_reciprocal_positive,positive,generic_hidden_oscillator,1.1512130986507136
38,4,full_reciprocal_positive,positive,full_reciprocal,0.9675630049973571
38,5,full_reciprocal_positive,positive,full_reciprocal,1.1019723942027986
39,0,full_reciprocal_positive,positive,full_reciprocal,1.0361191438849002
39,1,full_reciprocal_positive,positive,full_reciprocal,0.9496427111860373
39,2,full_reciprocal_positive,positive,full_reciprocal,1.0379842334625229
39,3,full_reciprocal_positive,positive,full_reciprocal,1.1004515146192195
39,4,full_reciprocal_positive,positive,zeta_only,1.1079841609068466
39,5,full_reciprocal_positive,positive,full_reciprocal,0.8938110501519554
40,0,full_reciprocal_positive,positive,full_reciprocal,0.9171561054213102
40,1,full_reciprocal_positive,positive,full_reciprocal,1.1450116161742785
40,2,full_reciprocal_positive,positive,full_reciprocal,0.9939757121474044
40,3,full_reciprocal_positive,positive,full_reciprocal,1.0070162668157931
40,4,full_reciprocal_positive,positive,eta_only,1.026372235755275
40,5,full_reciprocal_positive,positive,full_reciprocal,1.0016756097663924
41,0,full_reciprocal_positive,positive,full_reciprocal,1.0443210940867498
41,1,full_reciprocal_positive,positive,full_reciprocal,1.0807364753973663
41,2,full_reciprocal_positive,positive,full_reciprocal,0.9677543362755466
41,3,full_reciprocal_positive,positive,eta_only,0.9030671827426665
41,4,full_reciprocal_positive,positive,full_reciprocal,1.0738825855253469
41,5,full_reciprocal_positive,positive,full_reciprocal,1.1270139601658506
42,0,full_reciprocal_positive,positive,full_reciprocal,1.1077864261706816
42,1,full_reciprocal_positive,positive,full_reciprocal,1.0663447501067453
42,2,full_reciprocal_positive,positive,full_reciprocal,0.8226819360893968
42,3,full_reciprocal_positive,positive,full_reciprocal,0.9912577298027824
42,4,full_reciprocal_positive,positive,full_reciprocal,0.9527317814192662
42,5,full_reciprocal_positive,positive,full_reciprocal,1.0391616302721214
43,0,full_reciprocal_positive,positive,full_reciprocal,1.1202884053670112
43,1,full_reciprocal_positive,positive,full_reciprocal,1.107597161927747
43,2,full_reciprocal_positive,positive,full_reciprocal,1.1078067774263032
43,3,full_reciprocal_positive,positive,full_reciprocal,1.0702336297042014
43,4,full_reciprocal_positive,positive,zeta_only,1.0998982584292223
43,5,full_reciprocal_positive,positive,full_reciprocal,0.9861007501792207
44,0,full_reciprocal_positive,positive,full_reciprocal,1.0640686095069145
44,1,full_reciprocal_positive,positive,full_reciprocal,1.12260832969248
44,2,full_reciprocal_positive,positive,full_reciprocal,0.9918090437146087
44,3,full_reciprocal_positive,positive,full_reciprocal,1.0605823691847396
44,4,full_reciprocal_positive,positive,eta_only,1.0583364121657335
44,5,full_reciprocal_positive,positive,full_reciprocal,1.0376662825690186
45,0,full_reciprocal_positive,positive,full_reciprocal,0.8779467840168473
45,1,full_reciprocal_positive,positive,eta_only,0.9170459350214246
45,2,full_reciprocal_positive,positive,full_reciprocal,1.0349628830247362
45,3,full_reciprocal_positive,positive,full_reciprocal,1.055743688802353
45,4,full_reciprocal_positive,positive,full_reciprocal,1.1017566468886715
45,5,full_reciprocal_positive,positive,full_reciprocal,1.1098087187878276
46,0,full_reciprocal_positive,positive,full_reciprocal,0.8847187486871939
46,1,full_reciprocal_positive,positive,full_reciprocal,1.0318592341020498
46,2,full_reciprocal_positive,positive,full_reciprocal,1.0190930510163914
46,3,full_reciprocal_positive,positive,full_reciprocal,0.9868192071753336
46,4,full_reciprocal_positive,positive,full_reciprocal,1.039120261099699
46,5,full_reciprocal_positive,positive,full_reciprocal,0.9098414629525219
47,0,full_reciprocal_positive,positive,full_reciprocal,1.0574090657086321
47,1,full_reciprocal_positive,positive,full_reciprocal,1.0354758613887027
47,2,full_reciprocal_positive,positive,zeta_only,1.0725529178418927
47,3,full_reciprocal_positive,positive,full_reciprocal,1.0256086921554757
47,4,full_reciprocal_positive,positive,full_reciprocal,0.9978988836662676
47,5,full_reciprocal_positive,positive,full_reciprocal,1.08088138525612
48,0,full_reciprocal_positive,positive,full_reciprocal,0.9321303627695509
48,1,full_reciprocal_positive,positive,full_reciprocal,0.997256155941442
48,2,full_reciprocal_positive,positive,full_reciprocal,1.1185647550186342
48,3,full_reciprocal_positive,positive,full_reciprocal,0.8466449507787105
48,4,full_reciprocal_positive,positive,eta_only,0.9318415883346266
48,5,full_reciprocal_positive,positive,full_reciprocal,0.9669155368954522
49,0,full_reciprocal_positive,positive,full_reciprocal,1.0643905439488726
49,1,full_reciprocal_positive,positive,full_reciprocal,0.9995144154245936
49,2,full_reciprocal_positive,positive,eta_only,0.8712544437714648
49,3,full_reciprocal_positive,positive,full_reciprocal,1.0361963222891886
49,4,full_reciprocal_positive,positive,full_reciprocal,0.9407538313458885
49,5,full_reciprocal_positive,positive,full_reciprocal,0.9726785561729274
50,0,full_reciprocal_positive,positive,full_reciprocal,0.9811964701260764
50,1,full_reciprocal_positive,positive,full_reciprocal,1.156230652504995
50,2,full_reciprocal_positive,positive,full_reciprocal,0.9939706421159454
50,3,full_reciprocal_positive,positive,full_reciprocal,0.9772975906109552
50,4,full_reciprocal_positive,positive,full_reciprocal,1.0165419183958717
50,5,full_reciprocal_positive,positive,full_reciprocal,1.1768252474852179
51,0,full_reciprocal_positive,positive,full_reciprocal,1.0486463491129614
51,1,full_reciprocal_positive,positive,eta_only,1.0926003406632814
51,2,full_reciprocal_positive,positive,full_reciprocal,1.087496894796099
51,3,full_reciprocal_positive,positive,full_reciprocal,1.0609434420867274
51,4,full_reciprocal_positive,positive,full_reciprocal,0.993505855384342
51,5,full_reciprocal_positive,positive,full_reciprocal,1.0721585697282194
52,0,full_reciprocal_positive,positive,full_reciprocal,1.082064313293006
52,1,full_reciprocal_positive,positive,full_reciprocal,1.0591688896818052
52,2,full_reciprocal_positive,positive,full_reciprocal,0.9649123568523968
52,3,full_reciprocal_positive,positive,full_reciprocal,1.0442446450781768
52,4,full_reciprocal_positive,positive,full_reciprocal,1.0703795200605488
52,5,full_reciprocal_positive,positive,full_reciprocal,1.0746843235368875
53,0,full_reciprocal_positive,positive,full_reciprocal,1.1241598810317315
53,1,full_reciprocal_positive,positive,zeta_only,0.7372706612245823
53,2,full_reciprocal_positive,positive,full_reciprocal,0.9893193158049455
53,3,full_reciprocal_positive,positive,full_reciprocal,0.9735369521348448
53,4,full_reciprocal_positive,positive,zeta_only,1.0156946119832793
53,5,full_reciprocal_positive,positive,full_reciprocal,1.0464876069992293
54,0,full_reciprocal_positive,positive,full_reciprocal,1.015787389741541
54,1,full_reciprocal_positive,positive,zeta_only,0.9400789759930637
54,2,full_reciprocal_positive,positive,full_reciprocal,1.0395168046252314
54,3,full_reciprocal_positive,positive,zeta_only,0.9072671006385111
54,4,full_reciprocal_positive,positive,full_reciprocal,1.0772850776741776
54,5,full_reciprocal_positive,positive,eta_only,1.049168807683072
55,0,full_reciprocal_positive,positive,full_reciprocal,0.8365253974832499
55,1,full_reciprocal_positive,positive,full_reciprocal,0.9692507118339604
55,2,full_reciprocal_positive,positive,full_reciprocal,1.1238642310483369
55,3,full_reciprocal_positive,positive,full_reciprocal,1.033184937384529
55,4,full_reciprocal_positive,positive,eta_only,1.0475598659267906
55,5,full_reciprocal_positive,positive,full_reciprocal,1.021505978235915
56,0,full_reciprocal_positive,positive,full_reciprocal,1.050279333699607
56,1,full_reciprocal_positive,positive,full_reciprocal,1.0591214282749712
56,2,full_reciprocal_positive,positive,eta_only,1.0572802021640104
56,3,full_reciprocal_positive,positive,full_reciprocal,0.7833061673509683
56,4,full_reciprocal_positive,positive,zeta_only,0.8789004536234776
56,5,full_reciprocal_positive,positive,full_reciprocal,0.8907056326676411
57,0,full_reciprocal_positive,positive,eta_only,0.955913386770451
57,1,full_reciprocal_positive,positive,eta_only,1.148453393297437
57,2,full_reciprocal_positive,positive,full_reciprocal,0.996706282978234
57,3,full_reciprocal_positive,positive,eta_only,1.113275157698183
57,4,full_reciprocal_positive,positive,eta_only,1.0045593633950594
57,5,full_reciprocal_positive,positive,full_reciprocal,1.1736235392424403
58,0,full_reciprocal_positive,positive,full_reciprocal,0.9483908347970708
58,1,full_reciprocal_positive,positive,full_reciprocal,0.9800932196765515
58,2,full_reciprocal_positive,positive,full_reciprocal,1.030566175269862
58,3,full_reciprocal_positive,positive,full_reciprocal,1.1433451021251801
58,4,full_reciprocal_positive,positive,full_reciprocal,0.9898421981645797
58,5,full_reciprocal_positive,positive,full_reciprocal,1.1482609917653974
59,0,full_reciprocal_positive,positive,full_reciprocal,0.9649917397946126
59,1,full_reciprocal_positive,positive,full_reciprocal,1.0576756367211722
59,2,full_reciprocal_positive,positive,full_reciprocal,1.0430573544737851
59,3,full_reciprocal_positive,positive,full_reciprocal,1.062508378181242
59,4,full_reciprocal_positive,positive,full_reciprocal,1.0688026960012702
59,5,full_reciprocal_positive,positive,full_reciprocal,0.9214277726439386
60,0,full_reciprocal_positive,positive,full_reciprocal,1.0547295259392024
60,1,full_reciprocal_positive,positive,replay_only_basis,0.9260521234716372
60,2,full_reciprocal_positive,positive,eta_only,1.0258937141769722
60,3,full_reciprocal_positive,positive,full_reciprocal,1.0274542049950406
60,4,full_reciprocal_positive,positive,full_reciprocal,1.0160504968892758
60,5,full_reciprocal_positive,positive,full_reciprocal,0.8839915329350463
61,0,standard_ping_null,null,zeta_only,0.9048280672827413
61,1,standard_ping_null,null,sensory_drive_only,0.8635492581851647
61,2,standard_ping_null,null,sensory_drive_only,0.9731049200484985
61,3,standard_ping_null,null,colored_noise_alt,0.9671190140212438
61,4,standard_ping_null,null,zeta_only,0.866916371097524
61,5,standard_ping_null,null,sensory_drive_only,1.0846935141309657
62,0,standard_ping_null,null,colored_noise_alt,0.9840189728710262
62,1,standard_ping_null,null,generic_hidden_oscillator,1.003188000961014
62,2,standard_ping_null,null,standard_ping,0.9572453669126701
62,3,standard_ping_null,null,standard_ping,0.8508117977121745
62,4,standard_ping_null,null,sensory_drive_only,1.0376386542114162
62,5,standard_ping_null,null,standard_ping,0.8795187629508295
63,0,standard_ping_null,null,sensory_drive_only,0.898651136244013
63,1,standard_ping_null,null,generic_hidden_oscillator,0.8766997469648773
63,2,standard_ping_null,null,standard_ping,0.9480152888170449
63,3,standard_ping_null,null,sensory_drive_only,1.081435873318512
63,4,standard_ping_null,null,zeta_only,0.9148656540149749
63,5,standard_ping_null,null,colored_noise_alt,0.8799827587104374
64,0,standard_ping_null,null,zeta_only,0.9332366410960268
64,1,standard_ping_null,null,colored_noise_alt,0.9281191132157567
64,2,standard_ping_null,null,eta_only,0.9269724035025142
64,3,standard_ping_null,null,standard_ping,1.0505805057973403
64,4,standard_ping_null,null,sensory_drive_only,0.8420928336996703
64,5,standard_ping_null,null,zeta_only,0.9156228481266364
65,0,standard_ping_null,null,eta_only,0.9443655722096213
65,1,standard_ping_null,null,sensory_drive_only,0.9818731666934505
65,2,standard_ping_null,null,zeta_only,0.9086860293981252
65,3,standard_ping_null,null,colored_noise_alt,1.0186877364910776
65,4,standard_ping_null,null,eta_only,1.0523781480189043
65,5,standard_ping_null,null,zeta_only,0.908355803918598
66,0,standard_ping_null,null,sensory_drive_only,0.8661930505183455
66,1,standard_ping_null,null,eta_only,1.0358651132816563
66,2,standard_ping_null,null,generic_hidden_oscillator,1.0062286587118843
66,3,standard_ping_null,null,standard_ping,0.9328803600707571
66,4,standard_ping_null,null,colored_noise_alt,0.8978054824685044
66,5,standard_ping_null,null,standard_ping,0.9501917036738681
67,0,standard_ping_null,null,generic_hidden_oscillator,1.013710875564209
67,1,standard_ping_null,null,colored_noise_alt,0.8492896498249526
67,2,standard_ping_null,null,zeta_only,0.8036805402077061
67,3,standard_ping_null,null,generic_hidden_oscillator,1.0284650146486725
67,4,standard_ping_null,null,eta_only,0.8803168461027241
67,5,standard_ping_null,null,standard_ping,0.9452690360851794
68,0,standard_ping_null,null,sensory_drive_only,0.8555081159197553
68,1,standard_ping_null,null,sensory_drive_only,0.921728790676953
68,2,standard_ping_null,null,generic_hidden_oscillator,0.8749780744075837
68,3,standard_ping_null,null,sensory_drive_only,0.8846433752019134
68,4,standard_ping_null,null,colored_noise_alt,0.8130065505183094
68,5,standard_ping_null,null,generic_hidden_oscillator,0.8563545240152701
69,0,standard_ping_null,null,generic_hidden_oscillator,0.9927622323579367
69,1,standard_ping_null,null,standard_ping,0.9975471531661321
69,2,standard_ping_null,null,null_no_coupling,1.0894297796952939
69,3,standard_ping_null,null,generic_hidden_oscillator,0.8596406755418871
69,4,standard_ping_null,null,sensory_drive_only,0.9168181091762051
69,5,standard_ping_null,null,eta_only,1.0032006419963408
70,0,standard_ping_null,null,eta_only,0.9446402185662456
70,1,standard_ping_null,null,eta_only,1.017089071620513
70,2,standard_ping_null,null,sensory_drive_only,0.8472130353196435
70,3,standard_ping_null,null,standard_ping,1.0396296266431002
70,4,standard_ping_null,null,colored_noise_alt,0.8811708536941885
70,5,standard_ping_null,null,generic_hidden_oscillator,0.992945459133696
71,0,standard_ping_null,null,colored_noise_alt,0.9939102677481207
71,1,standard_ping_null,null,colored_noise_alt,0.9919617494743768
71,2,standard_ping_null,null,sensory_drive_only,0.9091150979145936
71,3,standard_ping_null,null,eta_only,0.905612742605569
71,4,standard_ping_null,null,colored_noise_alt,0.9513403172604189
71,5,standard_ping_null,null,eta_only,1.043852228423523
72,0,standard_ping_null,null,zeta_only,0.9982407697266232
72,1,standard_ping_null,null,eta_only,0.8881116423648315
72,2,standard_ping_null,null,sensory_drive_only,1.0304863841522518
72,3,standard_ping_null,null,generic_hidden_oscillator,0.9984709800724173
72,4,standard_ping_null,null,zeta_only,1.0271574474514078
72,5,standard_ping_null,null,standard_ping,0.9787833572096066
73,0,standard_ping_null,null,null_no_coupling,1.1100382837640361
73,1,standard_ping_null,null,sensory_drive_only,0.9860339453817231
73,2,standard_ping_null,null,zeta_only,0.9096275482022413
73,3,standard_ping_null,null,zeta_only,0.7965916315288106
73,4,standard_ping_null,null,zeta_only,0.9762551943670366
73,5,standard_ping_null,null,generic_hidden_oscillator,0.9069371023192472
74,0,standard_ping_null,null,generic_hidden_oscillator,1.004862988404135
74,1,standard_ping_null,null,eta_only,1.0079359692608538
74,2,standard_ping_null,null,null_no_coupling,1.009026744716639
74,3,standard_ping_null,null,standard_ping,0.8086201098848612
74,4,standard_ping_null,null,sensory_drive_only,0.9514438289950646
74,5,standard_ping_null,null,sensory_drive_only,0.7953379958797449
75,0,standard_ping_null,null,colored_noise_alt,0.9132833472215757
75,1,standard_ping_null,null,standard_ping,0.9546161058335129
75,2,standard_ping_null,null,zeta_only,0.9974342333154423
75,3,standard_ping_null,null,colored_noise_alt,0.8756003496868194
75,4,standard_ping_null,null,sensory_drive_only,0.9374523788482328
75,5,standard_ping_null,null,sensory_drive_only,0.8059813900728043
76,0,standard_ping_null,null,generic_hidden_oscillator,0.9946781454850322
76,1,standard_ping_null,null,zeta_only,0.8626183108429588
76,2,standard_ping_null,null,standard_ping,0.9368671316221103
76,3,standard_ping_null,null,eta_only,0.9940858709846143
76,4,standard_ping_null,null,eta_only,0.9100230836598271
76,5,standard_ping_null,null,colored_noise_alt,0.8268254078760401
77,0,standard_ping_null,null,standard_ping,0.9468865678897239
77,1,standard_ping_null,null,zeta_only,0.8240029434963713
77,2,standard_ping_null,null,standard_ping,0.9528166006603277
77,3,standard_ping_null,null,sensory_drive_only,0.9059237259980563
77,4,standard_ping_null,null,sensory_drive_only,0.8468839250960329
77,5,standard_ping_null,null,eta_only,0.9562211015985232
78,0,standard_ping_null,null,zeta_only,0.9417448557766932
78,1,standard_ping_null,null,zeta_only,0.9158136623469257
78,2,standard_ping_null,null,sensory_drive_only,1.0694850952709858
78,3,standard_ping_null,null,generic_hidden_oscillator,0.8339913265341844
78,4,standard_ping_null,null,sensory_drive_only,0.8999902215052341
78,5,standard_ping_null,null,zeta_only,0.9590765617233898
79,0,standard_ping_null,null,standard_ping,1.0215308959060394
79,1,standard_ping_null,null,generic_hidden_oscillator,0.9647157116702938
79,2,standard_ping_null,null,null_no_coupling,0.8346565262968728
79,3,standard_ping_null,null,sensory_drive_only,1.0041767642400445
79,4,standard_ping_null,null,sensory_drive_only,0.8766653160828739
79,5,standard_ping_null,null,generic_hidden_oscillator,1.0512644869246885
80,0,standard_ping_null,null,standard_ping,0.8703289468696733
80,1,standard_ping_null,null,zeta_only,1.016789905746761
80,2,standard_ping_null,null,sensory_drive_only,1.033645840464237
80,3,standard_ping_null,null,standard_ping,1.0827702642828723
80,4,standard_ping_null,null,generic_hidden_oscillator,1.0561941830201051
80,5,standard_ping_null,null,zeta_only,1.0088112166640615
81,0,standard_ping_null,null,zeta_only,0.9033681788119902
81,1,standard_ping_null,null,colored_noise_alt,0.9881034836483596
81,2,standard_ping_null,null,zeta_only,1.0550986062326229
81,3,standard_ping_null,null,zeta_only,0.8855296453796706
81,4,standard_ping_null,null,zeta_only,1.003089587568943
81,5,standard_ping_null,null,eta_only,0.9770595887196021
82,0,standard_ping_null,null,zeta_only,0.980617820124975
82,1,standard_ping_null,null,zeta_only,0.9868654142899911
82,2,standard_ping_null,null,generic_hidden_oscillator,0.9438063536700716
82,3,standard_ping_null,null,colored_noise_alt,0.9114245572886406
82,4,standard_ping_null,null,standard_ping,0.8583703621752015
82,5,standard_ping_null,null,eta_only,0.926325520082357
83,0,standard_ping_null,null,standard_ping,0.9597176253285159
83,1,standard_ping_null,null,standard_ping,0.9004602609814217
83,2,standard_ping_null,null,zeta_only,1.0185711916475364
83,3,standard_ping_null,null,colored_noise_alt,0.9627793144672905
83,4,standard_ping_null,null,standard_ping,1.0250227115659631
83,5,standard_ping_null,null,zeta_only,0.9664332935282448
84,0,standard_ping_null,null,standard_ping,0.9689058802495679
84,1,standard_ping_null,null,eta_only,0.8938603550401155
84,2,standard_ping_null,null,sensory_drive_only,0.9129008022755057
84,3,standard_ping_null,null,eta_only,1.0741998485063096
84,4,standard_ping_null,null,zeta_only,0.8226353822790101
84,5,standard_ping_null,null,zeta_only,1.074512128833862
85,0,standard_ping_null,null,sensory_drive_only,0.8903851082823883
85,1,standard_ping_null,null,generic_hidden_oscillator,0.8265074108033661
85,2,standard_ping_null,null,eta_only,1.0079618543592488
85,3,standard_ping_null,null,sensory_drive_only,0.7616604306168411
85,4,standard_ping_null,null,eta_only,1.0490509761369946
85,5,standard_ping_null,null,eta_only,0.986742882739678
86,0,standard_ping_null,null,standard_ping,1.023962302748242
86,1,standard_ping_null,null,colored_noise_alt,0.851365414978597
86,2,standard_ping_null,null,generic_hidden_oscillator,0.9553381258047317
86,3,standard_ping_null,null,generic_hidden_oscillator,0.7661255949650321
86,4,standard_ping_null,null,generic_hidden_oscillator,0.8537495388279375
86,5,standard_ping_null,null,colored_noise_alt,0.9444702561951279
87,0,standard_ping_null,null,zeta_only,0.9850111934948061
87,1,standard_ping_null,null,eta_only,0.9615478735820561
87,2,standard_ping_null,null,standard_ping,1.0565903455498815
87,3,standard_ping_null,null,zeta_only,0.9702536512756641
87,4,standard_ping_null,null,colored_noise_alt,0.9825447908914223
87,5,standard_ping_null,null,eta_only,0.9697988013412615
88,0,standard_ping_null,null,sensory_drive_only,0.98619755757133
88,1,standard_ping_null,null,generic_hidden_oscillator,0.9684624707065558
88,2,standard_ping_null,null,eta_only,0.9058674997457213
88,3,standard_ping_null,null,eta_only,1.1298865678594787
88,4,standard_ping_null,null,eta_only,1.023006843592339
88,5,standard_ping_null,null,colored_noise_alt,0.9360546636441915
89,0,standard_ping_null,null,replay_only_basis,0.9744477453695328
89,1,standard_ping_null,null,standard_ping,0.9719877709367803
89,2,standard_ping_null,null,standard_ping,0.9752475366159559
89,3,standard_ping_null,null,eta_only,0.8948332716478391
89,4,standard_ping_null,null,sensory_drive_only,1.0434683196510819
89,5,standard_ping_null,null,eta_only,1.0561687238763957
90,0,standard_ping_null,null,standard_ping,0.8884786701376562
90,1,standard_ping_null,null,colored_noise_alt,0.946678387960751
90,2,standard_ping_null,null,zeta_only,0.9048113039768036
90,3,standard_ping_null,null,zeta_only,0.9958474881538867
90,4,standard_ping_null,null,standard_ping,0.9505084270468168
90,5,standard_ping_null,null,zeta_only,0.976426568348694
91,0,standard_ping_null,null,colored_noise_alt,1.1081887302242233
91,1,standard_ping_null,null,standard_ping,0.9648793970380684
91,2,standard_ping_null,null,eta_only,0.9963191522473775
91,3,standard_ping_null,null,colored_noise_alt,1.0489893159532422
91,4,standard_ping_null,null,eta_only,0.8780586612613223
91,5,standard_ping_null,null,eta_only,0.8787840718344422
92,0,standard_ping_null,null,colored_noise_alt,0.9853294001676008
92,1,standard_ping_null,null,standard_ping,0.9286046943810992
92,2,standard_ping_null,null,sensory_drive_only,0.9560145710098022
92,3,standard_ping_null,null,sensory_drive_only,0.8473833697563126
92,4,standard_ping_null,null,sensory_drive_only,0.9206769045833447
92,5,standard_ping_null,null,sensory_drive_only,0.9820560474843852
93,0,standard_ping_null,null,standard_ping,0.9993848919154933
93,1,standard_ping_null,null,standard_ping,1.0012746684308191
93,2,standard_ping_null,null,generic_hidden_oscillator,0.9746576995329713
93,3,standard_ping_null,null,standard_ping,0.8838956737886615
93,4,standard_ping_null,null,standard_ping,0.8787066819803575
93,5,standard_ping_null,null,null_no_coupling,1.042095851137341
94,0,standard_ping_null,null,standard_ping,0.8087700975838487
94,1,standard_ping_null,null,sensory_drive_only,0.9818179615564687
94,2,standard_ping_null,null,zeta_only,1.0108383454350973
94,3,standard_ping_null,null,generic_hidden_oscillator,0.9609007720230525
94,4,standard_ping_null,null,sensory_drive_only,0.9803963660425034
94,5,standard_ping_null,null,generic_hidden_oscillator,0.8675356777401747
95,0,standard_ping_null,null,eta_only,0.9138938493482592
95,1,standard_ping_null,null,standard_ping,0.9103518927207684
95,2,standard_ping_null,null,sensory_drive_only,0.9739620409175644
95,3,standard_ping_null,null,standard_ping,0.94912780819985
95,4,standard_ping_null,null,generic_hidden_oscillator,1.025726471263755
95,5,standard_ping_null,null,eta_only,0.9563071117895457
96,0,standard_ping_null,null,colored_noise_alt,0.8601444229973263
96,1,standard_ping_null,null,standard_ping,0.9987043093113008
96,2,standard_ping_null,null,generic_hidden_oscillator,0.8159111925130715
96,3,standard_ping_null,null,colored_noise_alt,0.933724891532141
96,4,standard_ping_null,null,eta_only,1.0026980152471432
96,5,standard_ping_null,null,generic_hidden_oscillator,0.9141709673321275
97,0,standard_ping_null,null,sensory_drive_only,1.0143359300335348
97,1,standard_ping_null,null,standard_ping,0.9127100175115214
97,2,standard_ping_null,null,colored_noise_alt,0.8892597578294689
97,3,standard_ping_null,null,standard_ping,0.8092132699990127
97,4,standard_ping_null,null,sensory_drive_only,0.8962946632213721
97,5,standard_ping_null,null,eta_only,0.9797745619324171
98,0,standard_ping_null,null,sensory_drive_only,0.8949847074514505
98,1,standard_ping_null,null,replay_only_basis,0.8959481438606874
98,2,standard_ping_null,null,generic_hidden_oscillator,0.897687562959971
98,3,standard_ping_null,null,generic_hidden_oscillator,0.9206969152827343
98,4,standard_ping_null,null,zeta_only,1.11045471017449
98,5,standard_ping_null,null,generic_hidden_oscillator,0.8947851554729684
99,0,standard_ping_null,null,colored_noise_alt,0.8510875903105942
99,1,standard_ping_null,null,sensory_drive_only,1.1835433179630312
99,2,standard_ping_null,null,generic_hidden_oscillator,0.8495129505397834
99,3,standard_ping_null,null,standard_ping,0.8907906450357543
99,4,standard_ping_null,null,sensory_drive_only,0.9579654937579466
99,5,standard_ping_null,null,eta_only,0.8996845650921408
100,0,standard_ping_null,null,standard_ping,1.0896013707562167
100,1,standard_ping_null,null,zeta_only,0.9426675982503374
100,2,standard_ping_null,null,generic_hidden_oscillator,0.9394625703941288
100,3,standard_ping_null,null,zeta_only,0.9869767313634443
100,4,standard_ping_null,null,sensory_drive_only,0.8482777349541865
100,5,standard_ping_null,null,zeta_only,1.0180309387845123
101,0,standard_ping_null,null,sensory_drive_only,0.88404410682837
101,1,standard_ping_null,null,eta_only,1.0163122812160017
101,2,standard_ping_null,null,eta_only,0.8894180305790966
101,3,standard_ping_null,null,eta_only,1.0347560431743232
101,4,standard_ping_null,null,standard_ping,0.8497188181097006
101,5,standard_ping_null,null,standard_ping,0.9660991640462124
102,0,standard_ping_null,null,colored_noise_alt,0.9079620528503004
102,1,standard_ping_null,null,standard_ping,0.9559467306566654
102,2,standard_ping_null,null,generic_hidden_oscillator,0.8195276750135057
102,3,standard_ping_null,null,eta_only,0.9523641644864349
102,4,standard_ping_null,null,eta_only,0.9815486552094684
102,5,standard_ping_null,null,generic_hidden_oscillator,0.8596866772020015
103,0,standard_ping_null,null,colored_noise_alt,1.0687348111915425
103,1,standard_ping_null,null,eta_only,1.015683400298825
103,2,standard_ping_null,null,eta_only,1.0452634714119406
103,3,standard_ping_null,null,generic_hidden_oscillator,0.9355442490288276
103,4,standard_ping_null,null,generic_hidden_oscillator,0.8682277791160493
103,5,standard_ping_null,null,generic_hidden_oscillator,0.8881727419967453
104,0,standard_ping_null,null,eta_only,0.9491417857760998
104,1,standard_ping_null,null,standard_ping,0.9279704220692039
104,2,standard_ping_null,null,eta_only,0.921128603632069
104,3,standard_ping_null,null,null_no_coupling,0.9298071617331183
104,4,standard_ping_null,null,colored_noise_alt,0.9846641383438408
104,5,standard_ping_null,null,colored_noise_alt,0.9327822315332609
105,0,standard_ping_null,null,zeta_only,0.9785481984443751
105,1,standard_ping_null,null,sensory_drive_only,0.9988829896093361
105,2,standard_ping_null,null,eta_only,0.9302944612176975
105,3,standard_ping_null,null,colored_noise_alt,0.9322051384945027
105,4,standard_ping_null,null,standard_ping,0.9842035215248085
105,5,standard_ping_null,null,sensory_drive_only,0.9810200754062766
106,0,standard_ping_null,null,sensory_drive_only,1.0055405655978233
106,1,standard_ping_null,null,standard_ping,0.9576795449229643
106,2,standard_ping_null,null,zeta_only,0.902490527418746
106,3,standard_ping_null,null,eta_only,1.0160465791377058
106,4,standard_ping_null,null,standard_ping,0.8799912587963354
106,5,standard_ping_null,null,zeta_only,1.0758566405543712
107,0,standard_ping_null,null,sensory_drive_only,1.052897469372039
107,1,standard_ping_null,null,generic_hidden_oscillator,0.846965598409433
107,2,standard_ping_null,null,generic_hidden_oscillator,0.9683791601254274
107,3,standard_ping_null,null,null_no_coupling,1.0109796737902585
107,4,standard_ping_null,null,generic_hidden_oscillator,0.9866517489961891
107,5,standard_ping_null,null,sensory_drive_only,0.9279094611974932
108,0,standard_ping_null,null,colored_noise_alt,1.0403801316733994
108,1,standard_ping_null,null,sensory_drive_only,0.9354064802997443
108,2,standard_ping_null,null,zeta_only,0.8974273968646794
108,3,standard_ping_null,null,eta_only,0.9813881922313628
108,4,standard_ping_null,null,zeta_only,0.9100998710481919
108,5,standard_ping_null,null,colored_noise_alt,1.060419507699465
109,0,standard_ping_null,null,zeta_only,0.9044461148315112
109,1,standard_ping_null,null,zeta_only,0.9824486183385271
109,2,standard_ping_null,null,sensory_drive_only,0.9248095936661949
109,3,standard_ping_null,null,sensory_drive_only,0.9868170972640562
109,4,standard_ping_null,null,null_no_coupling,0.89708415354671
109,5,standard_ping_null,null,eta_only,0.8906191405417372
110,0,standard_ping_null,null,standard_ping,0.9243445652554777
110,1,standard_ping_null,null,eta_only,0.9588597148633408
110,2,standard_ping_null,null,colored_noise_alt,1.0248949360233999
110,3,standard_ping_null,null,zeta_only,0.9512038246307445
110,4,standard_ping_null,null,zeta_only,0.9604320431879287
110,5,standard_ping_null,null,sensory_drive_only,0.9393847468196701
111,0,replay_only_null,null,zeta_only,0.9052321672284808
111,1,replay_only_null,null,sensory_drive_only,0.8753933301286992
111,2,replay_only_null,null,null_no_coupling,0.9001588854294368
111,3,replay_only_null,null,eta_only,0.9230359762238378
111,4,replay_only_null,null,null_no_coupling,0.9842480558633929
111,5,replay_only_null,null,generic_hidden_oscillator,1.0542052016257442
112,0,replay_only_null,null,sensory_drive_only,1.0020149918538743
112,1,replay_only_null,null,sensory_drive_only,1.1308428123340597
112,2,replay_only_null,null,eta_only,0.9238523283825791
112,3,replay_only_null,null,zeta_only,0.9069062051628848
112,4,replay_only_null,null,null_no_coupling,1.0443159350108684
112,5,replay_only_null,null,eta_only,0.9793518174656123
113,0,replay_only_null,null,null_no_coupling,0.9026867342084702
113,1,replay_only_null,null,colored_noise_alt,0.8762396235709284
113,2,replay_only_null,null,sensory_drive_only,0.8153779934836491
113,3,replay_only_null,null,generic_hidden_oscillator,1.125846492907436
113,4,replay_only_null,null,zeta_only,0.9397132652536331
113,5,replay_only_null,null,null_no_coupling,0.8424272982281902
114,0,replay_only_null,null,sensory_drive_only,1.0263586284326327
114,1,replay_only_null,null,colored_noise_alt,0.9934743959195591
114,2,replay_only_null,null,colored_noise_alt,1.0166931509820971
114,3,replay_only_null,null,eta_only,0.8793254009075637
114,4,replay_only_null,null,sensory_drive_only,1.00595010608376
114,5,replay_only_null,null,zeta_only,0.9683943289913347
115,0,replay_only_null,null,generic_hidden_oscillator,0.9847342757973732
115,1,replay_only_null,null,zeta_only,0.9511620127953405
115,2,replay_only_null,null,sensory_drive_only,0.8946504365304472
115,3,replay_only_null,null,null_no_coupling,0.900860928225141
115,4,replay_only_null,null,zeta_only,0.8628184889453233
115,5,replay_only_null,null,eta_only,0.914488574860334
116,0,replay_only_null,null,eta_only,1.013248744799747
116,1,replay_only_null,null,zeta_only,0.9402667231094067
116,2,replay_only_null,null,sensory_drive_only,0.8910579626502055
116,3,replay_only_null,null,eta_only,0.9320226948723601
116,4,replay_only_null,null,colored_noise_alt,0.970271291911541
116,5,replay_only_null,null,null_no_coupling,0.864964842442538
117,0,replay_only_null,null,sensory_drive_only,0.9933589596952473
117,1,replay_only_null,null,null_no_coupling,0.953962869711536
117,2,replay_only_null,null,null_no_coupling,0.9179659566422469
117,3,replay_only_null,null,colored_noise_alt,0.8565820004406143
117,4,replay_only_null,null,colored_noise_alt,1.0143472435287069
117,5,replay_only_null,null,sensory_drive_only,0.8784435058604818
118,0,replay_only_null,null,zeta_only,1.030783763323
118,1,replay_only_null,null,eta_only,0.9707557273697874
118,2,replay_only_null,null,generic_hidden_oscillator,0.9293882340742702
118,3,replay_only_null,null,sensory_drive_only,0.9535748185536065
118,4,replay_only_null,null,null_no_coupling,0.9423643338423178
118,5,replay_only_null,null,colored_noise_alt,0.9639885299237732
119,0,replay_only_null,null,colored_noise_alt,0.9303248634643346
119,1,replay_only_null,null,colored_noise_alt,1.00404091917627
119,2,replay_only_null,null,null_no_coupling,0.9400434145046294
119,3,replay_only_null,null,null_no_coupling,0.8527397851274767
119,4,replay_only_null,null,zeta_only,0.9108641525445296
119,5,replay_only_null,null,sensory_drive_only,0.9660451379413013
120,0,replay_only_null,null,generic_hidden_oscillator,0.8218578736440763
120,1,replay_only_null,null,sensory_drive_only,0.939389742704996
120,2,replay_only_null,null,eta_only,0.8987727798931414
120,3,replay_only_null,null,null_no_coupling,0.7654137861359274
120,4,replay_only_null,null,sensory_drive_only,1.0305677134999105
120,5,replay_only_null,null,eta_only,0.8507525141020016
121,0,replay_only_null,null,eta_only,0.956022589853947
121,1,replay_only_null,null,null_no_coupling,0.7952926353362049
121,2,replay_only_null,null,colored_noise_alt,0.9744658843082864
121,3,replay_only_null,null,sensory_drive_only,0.9554741825732904
121,4,replay_only_null,null,null_no_coupling,1.0221088907094797
121,5,replay_only_null,null,colored_noise_alt,1.0718771496948993
122,0,replay_only_null,null,eta_only,0.9415350762060684
122,1,replay_only_null,null,null_no_coupling,0.9868912088729529
122,2,replay_only_null,null,sensory_drive_only,0.8932110943067736
122,3,replay_only_null,null,eta_only,0.9451744460895086
122,4,replay_only_null,null,replay_only_basis,1.0875846862418124
122,5,replay_only_null,null,sensory_drive_only,0.9292922361238443
123,0,replay_only_null,null,eta_only,0.9704035963051819
123,1,replay_only_null,null,colored_noise_alt,0.8695882205951939
123,2,replay_only_null,null,replay_only_basis,1.0682742410360189
123,3,replay_only_null,null,colored_noise_alt,1.0275596235424902
123,4,replay_only_null,null,eta_only,1.0020782528264929
123,5,replay_only_null,null,colored_noise_alt,1.0182692026308213
124,0,replay_only_null,null,null_no_coupling,0.9155520106915912
124,1,replay_only_null,null,generic_hidden_oscillator,0.9251872674408048
124,2,replay_only_null,null,null_no_coupling,0.9265448766034432
124,3,replay_only_null,null,generic_hidden_oscillator,1.0384438174791313
124,4,replay_only_null,null,null_no_coupling,0.9853140885202505
124,5,replay_only_null,null,generic_hidden_oscillator,0.9149599976637501
125,0,replay_only_null,null,colored_noise_alt,0.8609892999375073
125,1,replay_only_null,null,eta_only,1.0106924823021783
125,2,replay_only_null,null,sensory_drive_only,0.9889277775759905
125,3,replay_only_null,null,null_no_coupling,1.0796788114611824
125,4,replay_only_null,null,eta_only,0.8532449157915403
125,5,replay_only_null,null,colored_noise_alt,1.1127693998729415
126,0,replay_only_null,null,colored_noise_alt,0.9348762969376148
126,1,replay_only_null,null,sensory_drive_only,1.0286430966249394
126,2,replay_only_null,null,generic_hidden_oscillator,0.9140229584258182
126,3,replay_only_null,null,generic_hidden_oscillator,0.9588220700997124
126,4,replay_only_null,null,generic_hidden_oscillator,0.8208101815351306
126,5,replay_only_null,null,eta_only,0.7918925070896056
127,0,replay_only_null,null,zeta_only,1.0096165339383198
127,1,replay_only_null,null,null_no_coupling,0.9764831138130788
127,2,replay_only_null,null,replay_only_basis,0.887869641245908
127,3,replay_only_null,null,eta_only,0.9594110692709097
127,4,replay_only_null,null,null_no_coupling,0.8757108652114926
127,5,replay_only_null,null,null_no_coupling,0.8717040479632417
128,0,replay_only_null,null,colored_noise_alt,0.9434272946874703
128,1,replay_only_null,null,sensory_drive_only,0.9486945051728731
128,2,replay_only_null,null,sensory_drive_only,1.145276820620035
128,3,replay_only_null,null,sensory_drive_only,0.9339995337280227
128,4,replay_only_null,null,zeta_only,0.9874191504105966
128,5,replay_only_null,null,null_no_coupling,1.001223226405568
129,0,replay_only_null,null,generic_hidden_oscillator,0.9507509269135931
129,1,replay_only_null,null,sensory_drive_only,0.8634459319876551
129,2,replay_only_null,null,null_no_coupling,0.9191377437300599
129,3,replay_only_null,null,colored_noise_alt,1.0268950256301204
129,4,replay_only_null,null,replay_only_basis,1.1788190235554254
129,5,replay_only_null,null,sensory_drive_only,0.9077769294732743
130,0,replay_only_null,null,null_no_coupling,0.97836095241554
130,1,replay_only_null,null,generic_hidden_oscillator,0.9457358005205465
130,2,replay_only_null,null,null_no_coupling,1.011938547848669
130,3,replay_only_null,null,null_no_coupling,0.8160516243008136
130,4,replay_only_null,null,null_no_coupling,0.9706342034483005
130,5,replay_only_null,null,eta_only,1.006528175559596
131,0,replay_only_null,null,null_no_coupling,0.982548895401394
131,1,replay_only_null,null,replay_only_basis,0.9449354330322346
131,2,replay_only_null,null,colored_noise_alt,1.0450589339892131
131,3,replay_only_null,null,sensory_drive_only,0.8873925059012768
131,4,replay_only_null,null,null_no_coupling,0.8804985756563467
131,5,replay_only_null,null,replay_only_basis,0.9003773077853285
132,0,replay_only_null,null,eta_only,0.9838109613511009
132,1,replay_only_null,null,replay_only_basis,0.9785292217126569
132,2,replay_only_null,null,eta_only,0.7851700906217397
132,3,replay_only_null,null,eta_only,0.873401359042902
132,4,replay_only_null,null,generic_hidden_oscillator,0.8884950069871972
132,5,replay_only_null,null,sensory_drive_only,0.9483024531959875
133,0,replay_only_null,null,eta_only,0.9234707279547867
133,1,replay_only_null,null,sensory_drive_only,0.8925476322928128
133,2,replay_only_null,null,generic_hidden_oscillator,0.9036200450387197
133,3,replay_only_null,null,zeta_only,1.0400533370879999
133,4,replay_only_null,null,eta_only,0.8617769074145538
133,5,replay_only_null,null,eta_only,0.8089091235787907
134,0,replay_only_null,null,eta_only,0.9090282187380461
134,1,replay_only_null,null,null_no_coupling,0.8929377208629967
134,2,replay_only_null,null,colored_noise_alt,0.8934432986055054
134,3,replay_only_null,null,replay_only_basis,1.0584986560695304
134,4,replay_only_null,null,zeta_only,0.9157283502915323
134,5,replay_only_null,null,generic_hidden_oscillator,0.9961245421160195
135,0,replay_only_null,null,zeta_only,0.8322646881754687
135,1,replay_only_null,null,null_no_coupling,0.8634833251547096
135,2,replay_only_null,null,zeta_only,0.9321571093594141
135,3,replay_only_null,null,null_no_coupling,0.988315222852895
135,4,replay_only_null,null,eta_only,0.972417296455043
135,5,replay_only_null,null,sensory_drive_only,0.8776282733643832
136,0,replay_only_null,null,null_no_coupling,0.9154650702048232
136,1,replay_only_null,null,zeta_only,1.0265220091431047
136,2,replay_only_null,null,null_no_coupling,0.9809934877102102
136,3,replay_only_null,null,eta_only,0.9262737884295555
136,4,replay_only_null,null,null_no_coupling,0.8922074916325412
136,5,replay_only_null,null,generic_hidden_oscillator,0.8867415085789797
137,0,replay_only_null,null,zeta_only,0.9206841556451956
137,1,replay_only_null,null,generic_hidden_oscillator,0.8504861705801775
137,2,replay_only_null,null,eta_only,0.9934271330319258
137,3,replay_only_null,null,zeta_only,1.0629786496004907
137,4,replay_only_null,null,eta_only,0.8805315158592563
137,5,replay_only_null,null,null_no_coupling,0.9793569832600237
138,0,replay_only_null,null,eta_only,0.9877179921843183
138,1,replay_only_null,null,eta_only,0.9383800983761541
138,2,replay_only_null,null,null_no_coupling,0.8251600873638244
138,3,replay_only_null,null,sensory_drive_only,0.8431708475491213
138,4,replay_only_null,null,sensory_drive_only,0.9442068226458891
138,5,replay_only_null,null,null_no_coupling,1.0509695051291468
139,0,replay_only_null,null,sensory_drive_only,1.0670803272734415
139,1,replay_only_null,null,eta_only,1.0080749647098342
139,2,replay_only_null,null,zeta_only,0.8727268968602496
139,3,replay_only_null,null,eta_only,1.1287317380592357
139,4,replay_only_null,null,sensory_drive_only,1.0062014672551223
139,5,replay_only_null,null,zeta_only,1.0098522491659647
140,0,replay_only_null,null,colored_noise_alt,1.0414250910168161
140,1,replay_only_null,null,sensory_drive_only,0.8818943261032891
140,2,replay_only_null,null,generic_hidden_oscillator,0.8893760056944103
140,3,replay_only_null,null,sensory_drive_only,1.0962268063758014
140,4,replay_only_null,null,zeta_only,0.887366246523941
140,5,replay_only_null,null,eta_only,0.9604776416400607
141,0,replay_only_null,null,eta_only,1.0540128645221214
141,1,replay_only_null,null,colored_noise_alt,1.07304052259935
141,2,replay_only_null,null,null_no_coupling,0.9015225293909923
141,3,replay_only_null,null,colored_noise_alt,1.0298322438599934
141,4,replay_only_null,null,null_no_coupling,0.9133084349065169
141,5,replay_only_null,null,null_no_coupling,0.9781202786727262
142,0,replay_only_null,null,generic_hidden_oscillator,1.0026904719004057
142,1,replay_only_null,null,colored_noise_alt,1.057776924007546
142,2,replay_only_null,null,zeta_only,0.9183596175943175
142,3,replay_only_null,null,zeta_only,0.962889806794818
142,4,replay_only_null,null,null_no_coupling,0.7447597545384036
142,5,replay_only_null,null,zeta_only,1.0144388779066773
143,0,replay_only_null,null,null_no_coupling,0.9421873746730314
143,1,replay_only_null,null,sensory_drive_only,0.9696533851603277
143,2,replay_only_null,null,eta_only,0.9662434440542484
143,3,replay_only_null,null,zeta_only,0.8713798029110671
143,4,replay_only_null,null,eta_only,0.8311028312968418
143,5,replay_only_null,null,eta_only,0.8993930581693815
144,0,replay_only_null,null,sensory_drive_only,1.0067374284737807
144,1,replay_only_null,null,sensory_drive_only,0.9534616911484244
144,2,replay_only_null,null,colored_noise_alt,1.0629974829792896
144,3,replay_only_null,null,zeta_only,1.0797085986378678
144,4,replay_only_null,null,replay_only_basis,1.0115467873308028
144,5,replay_only_null,null,sensory_drive_only,0.9572227174560064
145,0,replay_only_null,null,null_no_coupling,0.9835256349850534
145,1,replay_only_null,null,colored_noise_alt,0.9855833596255176
145,2,replay_only_null,null,eta_only,0.9263254268770199
145,3,replay_only_null,null,sensory_drive_only,1.0589196688696845
145,4,replay_only_null,null,replay_only_basis,0.9625396240100927
145,5,replay_only_null,null,sensory_drive_only,0.9847200921728677
146,0,replay_only_null,null,null_no_coupling,0.9609225798056793
146,1,replay_only_null,null,null_no_coupling,0.9827679160672546
146,2,replay_only_null,null,zeta_only,0.9072386877660381
146,3,replay_only_null,null,colored_noise_alt,0.868167539247371
146,4,replay_only_null,null,sensory_drive_only,0.9407155871949612
146,5,replay_only_null,null,colored_noise_alt,0.8640417156555136
147,0,replay_only_null,null,sensory_drive_only,0.9112809437959369
147,1,replay_only_null,null,null_no_coupling,0.9226901021064446
147,2,replay_only_null,null,zeta_only,1.0186640035484955
147,3,replay_only_null,null,zeta_only,0.8602559004688937
147,4,replay_only_null,null,replay_only_basis,0.9996262064188338
147,5,replay_only_null,null,null_no_coupling,0.9321489204331866
148,0,replay_only_null,null,colored_noise_alt,0.9764371564819241
148,1,replay_only_null,null,null_no_coupling,0.8761311031673138
148,2,replay_only_null,null,replay_only_basis,0.886099349641063
148,3,replay_only_null,null,zeta_only,0.8761803771547014
148,4,replay_only_null,null,eta_only,1.0278927111583287
148,5,replay_only_null,null,sensory_drive_only,0.8733508232166616
149,0,replay_only_null,null,sensory_drive_only,0.8164933516908593
149,1,replay_only_null,null,null_no_coupling,0.8707084062499766
149,2,replay_only_null,null,generic_hidden_oscillator,0.9637326735877739
149,3,replay_only_null,null,null_no_coupling,1.006123999273895
149,4,replay_only_null,null,sensory_drive_only,0.9546097649724519
149,5,replay_only_null,null,null_no_coupling,0.7978282132197366
150,0,replay_only_null,null,generic_hidden_oscillator,0.9085883546909542
150,1,replay_only_null,null,null_no_coupling,0.9259686106706607
150,2,replay_only_null,null,eta_only,0.8987252666560246
150,3,replay_only_null,null,null_no_coupling,0.9565180066643555
150,4,replay_only_null,null,zeta_only,0.873488465230777
150,5,replay_only_null,null,null_no_coupling,1.005342270567813
151,0,replay_only_null,null,colored_noise_alt,0.8087287086561592
151,1,replay_only_null,null,zeta_only,0.9325193230145175
151,2,replay_only_null,null,replay_only_basis,0.9575201142676287
151,3,replay_only_null,null,colored_noise_alt,0.873193624978148
151,4,replay_only_null,null,eta_only,1.0790081972054568
151,5,replay_only_null,null,null_no_coupling,0.9221726199512891
152,0,replay_only_null,null,generic_hidden_oscillator,0.9220974305796834
152,1,replay_only_null,null,null_no_coupling,1.0780345203906785
152,2,replay_only_null,null,replay_only_basis,0.9120574079317778
152,3,replay_only_null,null,null_no_coupling,0.9582317657662383
152,4,replay_only_null,null,null_no_coupling,0.9104448795767454
152,5,replay_only_null,null,replay_only_basis,0.9828266229929394
153,0,replay_only_null,null,replay_only_basis,0.9550893386166074
153,1,replay_only_null,null,null_no_coupling,1.0262778032711766
153,2,replay_only_null,null,replay_only_basis,0.9212027078614934
153,3,replay_only_null,null,replay_only_basis,1.069614081278141
153,4,replay_only_null,null,generic_hidden_oscillator,0.93611723315034
153,5,replay_only_null,null,generic_hidden_oscillator,0.9469398112086408
154,0,replay_only_null,null,eta_only,0.9055730604310633
154,1,replay_only_null,null,eta_only,0.835807002575051
154,2,replay_only_null,null,eta_only,1.018441830234929
154,3,replay_only_null,null,null_no_coupling,0.9083658742945796
154,4,replay_only_null,null,eta_only,0.8307516335701288
154,5,replay_only_null,null,zeta_only,0.9038843184277509
155,0,replay_only_null,null,null_no_coupling,0.9631084831474509
155,1,replay_only_null,null,zeta_only,0.8878656349067842
155,2,replay_only_null,null,replay_only_basis,1.020146386718724
155,3,replay_only_null,null,null_no_coupling,0.9020145053409513
155,4,replay_only_null,null,replay_only_basis,0.9743028305530416
155,5,replay_only_null,null,colored_noise_alt,0.9746436351473831
156,0,replay_only_null,null,eta_only,0.9751465298244446
156,1,replay_only_null,null,sensory_drive_only,0.8860614565684903
156,2,replay_only_null,null,sensory_drive_only,0.8489591102364908
156,3,replay_only_null,null,null_no_coupling,0.9044922051960245
156,4,replay_only_null,null,replay_only_basis,0.9631377593499997
156,5,replay_only_null,null,replay_only_basis,1.008637189782755
157,0,replay_only_null,null,null_no_coupling,1.0951091919859142
157,1,replay_only_null,null,colored_noise_alt,1.0951930563095502
157,2,replay_only_null,null,colored_noise_alt,0.9484449530942707
157,3,replay_only_null,null,null_no_coupling,1.188331321082624
157,4,replay_only_null,null,replay_only_basis,0.9447206126140043
157,5,replay_only_null,null,sensory_drive_only,0.9605659330186984
158,0,replay_only_null,null,eta_only,1.0455330330207688
158,1,replay_only_null,null,null_no_coupling,0.8852582251628536
158,2,replay_only_null,null,null_no_coupling,1.090228002417237
158,3,replay_only_null,null,null_no_coupling,1.0393202928150178
158,4,replay_only_null,null,replay_only_basis,1.0600482609852833
158,5,replay_only_null,null,sensory_drive_only,0.9650137762525924
159,0,replay_only_null,null,zeta_only,0.861154269098092
159,1,replay_only_null,null,colored_noise_alt,1.0069991747268978
159,2,replay_only_null,null,replay_only_basis,1.0566108925616158
159,3,replay_only_null,null,null_no_coupling,0.8783676469882803
159,4,replay_only_null,null,eta_only,1.0254595228021586
159,5,replay_only_null,null,zeta_only,0.8487241868662846
160,0,replay_only_null,null,generic_hidden_oscillator,0.8797397969452854
160,1,replay_only_null,null,sensory_drive_only,0.9915623565561867
160,2,replay_only_null,null,zeta_only,0.8623407538533512
160,3,replay_only_null,null,zeta_only,1.06244460336877
160,4,replay_only_null,null,null_no_coupling,0.8527953399443863
160,5,replay_only_null,null,colored_noise_alt,1.0112995748324733
161,0,sensory_drive_only_null,null,standard_ping,1.0329028983860773
161,1,sensory_drive_only_null,null,sensory_drive_only,0.8564938853679678
161,2,sensory_drive_only_null,null,replay_only_basis,0.8798762108175381
161,3,sensory_drive_only_null,null,colored_noise_alt,1.1346894943295789
161,4,sensory_drive_only_null,null,colored_noise_alt,0.9917149297688977
161,5,sensory_drive_only_null,null,generic_hidden_oscillator,0.9348758912527374
162,0,sensory_drive_only_null,null,standard_ping,0.9911308921437165
162,1,sensory_drive_only_null,null,zeta_only,0.9366377202950256
162,2,sensory_drive_only_null,null,colored_noise_alt,0.9751526272332497
162,3,sensory_drive_only_null,null,replay_only_basis,1.0208733631983362
162,4,sensory_drive_only_null,null,generic_hidden_oscillator,0.951333305901491
162,5,sensory_drive_only_null,null,replay_only_basis,0.9147799133439249
163,0,sensory_drive_only_null,null,replay_only_basis,0.8381071241009357
163,1,sensory_drive_only_null,null,eta_only,1.0506108644227523
163,2,sensory_drive_only_null,null,generic_hidden_oscillator,0.816941638025868
163,3,sensory_drive_only_null,null,standard_ping,0.8113614556365134
163,4,sensory_drive_only_null,null,standard_ping,1.052608046852631
163,5,sensory_drive_only_null,null,replay_only_basis,0.9277277046862324
164,0,sensory_drive_only_null,null,eta_only,0.9512455964082325
164,1,sensory_drive_only_null,null,standard_ping,0.9437839470143373
164,2,sensory_drive_only_null,null,zeta_only,0.8786263267870528
164,3,sensory_drive_only_null,null,eta_only,0.9900308845893467
164,4,sensory_drive_only_null,null,zeta_only,1.060643657637967
164,5,sensory_drive_only_null,null,replay_only_basis,0.9196702917326031
165,0,sensory_drive_only_null,null,zeta_only,1.0273543696041343
165,1,sensory_drive_only_null,null,sensory_drive_only,1.0339390042856986
165,2,sensory_drive_only_null,null,replay_only_basis,0.8172468377104797
165,3,sensory_drive_only_null,null,replay_only_basis,1.0411714124684341
165,4,sensory_drive_only_null,null,zeta_only,0.9479636382515992
165,5,sensory_drive_only_null,null,generic_hidden_oscillator,0.8309135905266989
166,0,sensory_drive_only_null,null,colored_noise_alt,0.9727391512419201
166,1,sensory_drive_only_null,null,standard_ping,0.9120679574201929
166,2,sensory_drive_only_null,null,replay_only_basis,0.9744550501109752
166,3,sensory_drive_only_null,null,colored_noise_alt,1.096620830551484
166,4,sensory_drive_only_null,null,replay_only_basis,0.9914792125074731
166,5,sensory_drive_only_null,null,replay_only_basis,0.8893974902903105
167,0,sensory_drive_only_null,null,standard_ping,1.0235991926997456
167,1,sensory_drive_only_null,null,sensory_drive_only,0.9930807860603148
167,2,sensory_drive_only_null,null,sensory_drive_only,0.804212721280706
167,3,sensory_drive_only_null,null,sensory_drive_only,0.9342748294236809
167,4,sensory_drive_only_null,null,replay_only_basis,0.8744305647729609
167,5,sensory_drive_only_null,null,standard_ping,0.9211368552883119
168,0,sensory_drive_only_null,null,replay_only_basis,0.9999295143252732
168,1,sensory_drive_only_null,null,colored_noise_alt,0.9641986097398785
168,2,sensory_drive_only_null,null,replay_only_basis,0.789261552432305
168,3,sensory_drive_only_null,null,sensory_drive_only,0.955923026758678
168,4,sensory_drive_only_null,null,eta_only,0.9578733497892902
168,5,sensory_drive_only_null,null,zeta_only,0.9324953304134649
169,0,sensory_drive_only_null,null,standard_ping,0.869589064096936
169,1,sensory_drive_only_null,null,replay_only_basis,1.0283074048244243
169,2,sensory_drive_only_null,null,sensory_drive_only,1.0183956371092848
169,3,sensory_drive_only_null,null,generic_hidden_oscillator,0.9411722197190793
169,4,sensory_drive_only_null,null,eta_only,0.9158655341794496
169,5,sensory_drive_only_null,null,colored_noise_alt,0.9428701913745593
170,0,sensory_drive_only_null,null,zeta_only,0.9728186327835426
170,1,sensory_drive_only_null,null,colored_noise_alt,0.9453507077728834
170,2,sensory_drive_only_null,null,standard_ping,0.9562842180661856
170,3,sensory_drive_only_null,null,zeta_only,0.9310089379735714
170,4,sensory_drive_only_null,null,sensory_drive_only,0.839323394578473
170,5,sensory_drive_only_null,null,replay_only_basis,1.0102158873900016
171,0,sensory_drive_only_null,null,sensory_drive_only,0.9090254313547432
171,1,sensory_drive_only_null,null,standard_ping,1.0122360555197596
171,2,sensory_drive_only_null,null,replay_only_basis,1.032092758223867
171,3,sensory_drive_only_null,null,zeta_only,0.9263225433113471
171,4,sensory_drive_only_null,null,eta_only,0.9080339886467397
171,5,sensory_drive_only_null,null,replay_only_basis,1.0492774899876571
172,0,sensory_drive_only_null,null,replay_only_basis,0.9373877049123595
172,1,sensory_drive_only_null,null,standard_ping,0.8375903021434711
172,2,sensory_drive_only_null,null,standard_ping,0.8757292195162837
172,3,sensory_drive_only_null,null,standard_ping,0.8330382082636985
172,4,sensory_drive_only_null,null,eta_only,0.8849512417011594
172,5,sensory_drive_only_null,null,replay_only_basis,0.9772099130073263
173,0,sensory_drive_only_null,null,zeta_only,0.937634197338311
173,1,sensory_drive_only_null,null,sensory_drive_only,0.9262915961515967
173,2,sensory_drive_only_null,null,generic_hidden_oscillator,0.9712016098115467
173,3,sensory_drive_only_null,null,replay_only_basis,0.8729569268974852
173,4,sensory_drive_only_null,null,sensory_drive_only,0.878696579853177
173,5,sensory_drive_only_null,null,standard_ping,1.0598164818994125
174,0,sensory_drive_only_null,null,replay_only_basis,0.9259246592509998
174,1,sensory_drive_only_null,null,eta_only,0.9859230143844878
174,2,sensory_drive_only_null,null,replay_only_basis,0.9274765407532705
174,3,sensory_drive_only_null,null,eta_only,0.9412936628984826
174,4,sensory_drive_only_null,null,replay_only_basis,0.876230743873391
174,5,sensory_drive_only_null,null,standard_ping,1.0182348475845082
175,0,sensory_drive_only_null,null,replay_only_basis,0.8821087468057919
175,1,sensory_drive_only_null,null,generic_hidden_oscillator,0.8681289242530323
175,2,sensory_drive_only_null,null,generic_hidden_oscillator,0.9360760951220658
175,3,sensory_drive_only_null,null,sensory_drive_only,0.9823234399894617
175,4,sensory_drive_only_null,null,colored_noise_alt,0.7649692962007326
175,5,sensory_drive_only_null,null,standard_ping,0.9378843125067701
176,0,sensory_drive_only_null,null,sensory_drive_only,0.9972033849534085
176,1,sensory_drive_only_null,null,standard_ping,1.0276120531108195
176,2,sensory_drive_only_null,null,colored_noise_alt,1.0661470039663417
176,3,sensory_drive_only_null,null,colored_noise_alt,0.9264736396240697
176,4,sensory_drive_only_null,null,zeta_only,0.871824832617566
176,5,sensory_drive_only_null,null,eta_only,0.7077598474154345
177,0,sensory_drive_only_null,null,sensory_drive_only,1.0108223207818905
177,1,sensory_drive_only_null,null,colored_noise_alt,1.1010279080875502
177,2,sensory_drive_only_null,null,standard_ping,0.9007828117315081
177,3,sensory_drive_only_null,null,eta_only,0.9478288005512581
177,4,sensory_drive_only_null,null,standard_ping,0.9418804726696989
177,5,sensory_drive_only_null,null,generic_hidden_oscillator,0.9594618095029296
178,0,sensory_drive_only_null,null,zeta_only,0.9648091857369142
178,1,sensory_drive_only_null,null,eta_only,0.8840722711406241
178,2,sensory_drive_only_null,null,standard_ping,0.9803690980845684
178,3,sensory_drive_only_null,null,standard_ping,0.934424708487099
178,4,sensory_drive_only_null,null,colored_noise_alt,1.009046932991983
178,5,sensory_drive_only_null,null,standard_ping,0.8890702232550084
179,0,sensory_drive_only_null,null,generic_hidden_oscillator,0.9882426000331731
179,1,sensory_drive_only_null,null,eta_only,0.9791900592501626
179,2,sensory_drive_only_null,null,generic_hidden_oscillator,0.899989891034205
179,3,sensory_drive_only_null,null,zeta_only,0.9097624474517205
179,4,sensory_drive_only_null,null,standard_ping,0.9192718749277852
179,5,sensory_drive_only_null,null,sensory_drive_only,0.8528212432380705
180,0,sensory_drive_only_null,null,eta_only,1.068726372185172
180,1,sensory_drive_only_null,null,replay_only_basis,0.8895886314457402
180,2,sensory_drive_only_null,null,colored_noise_alt,1.069994217463063
180,3,sensory_drive_only_null,null,replay_only_basis,1.0318543673196348
180,4,sensory_drive_only_null,null,replay_only_basis,0.9032829811417153
180,5,sensory_drive_only_null,null,colored_noise_alt,0.9433720226895197
181,0,sensory_drive_only_null,null,replay_only_basis,0.9838461712661783
181,1,sensory_drive_only_null,null,zeta_only,0.9959357369885877
181,2,sensory_drive_only_null,null,colored_noise_alt,0.960166832588653
181,3,sensory_drive_only_null,null,standard_ping,1.0342877364903527
181,4,sensory_drive_only_null,null,sensory_drive_only,0.8946795673208975
181,5,sensory_drive_only_null,null,zeta_only,0.900727020148684
182,0,sensory_drive_only_null,null,generic_hidden_oscillator,0.756337133130203
182,1,sensory_drive_only_null,null,replay_only_basis,1.0371069730557443
182,2,sensory_drive_only_null,null,replay_only_basis,1.0236355742883663
182,3,sensory_drive_only_null,null,standard_ping,0.9507529174040953
182,4,sensory_drive_only_null,null,standard_ping,1.0337195858545476
182,5,sensory_drive_only_null,null,replay_only_basis,0.9017336824472434
183,0,sensory_drive_only_null,null,zeta_only,0.9511020991395222
183,1,sensory_drive_only_null,null,null_no_coupling,1.214916012184279
183,2,sensory_drive_only_null,null,eta_only,0.9269273492191661
183,3,sensory_drive_only_null,null,colored_noise_alt,0.9536357635567416
183,4,sensory_drive_only_null,null,eta_only,0.9941644778161828
183,5,sensory_drive_only_null,null,zeta_only,1.0282685668773588
184,0,sensory_drive_only_null,null,colored_noise_alt,1.1547538111390048
184,1,sensory_drive_only_null,null,replay_only_basis,1.062542691714443
184,2,sensory_drive_only_null,null,standard_ping,1.0713498237672618
184,3,sensory_drive_only_null,null,generic_hidden_oscillator,1.0641072715974882
184,4,sensory_drive_only_null,null,zeta_only,0.9285556464590407
184,5,sensory_drive_only_null,null,replay_only_basis,0.9873874379149119
185,0,sensory_drive_only_null,null,generic_hidden_oscillator,0.8444852661834695
185,1,sensory_drive_only_null,null,zeta_only,0.9844970944605335
185,2,sensory_drive_only_null,null,zeta_only,0.9056458002994952
185,3,sensory_drive_only_null,null,eta_only,1.035282428567323
185,4,sensory_drive_only_null,null,colored_noise_alt,0.9392364839895814
185,5,sensory_drive_only_null,null,standard_ping,0.9220372063711055
186,0,sensory_drive_only_null,null,standard_ping,0.8364141620856351
186,1,sensory_drive_only_null,null,standard_ping,0.9550541835458711
186,2,sensory_drive_only_null,null,zeta_only,0.8698839172409758
186,3,sensory_drive_only_null,null,eta_only,0.9655333873753594
186,4,sensory_drive_only_null,null,zeta_only,1.021632209799245
186,5,sensory_drive_only_null,null,replay_only_basis,0.847261547737806
187,0,sensory_drive_only_null,null,generic_hidden_oscillator,0.9665258503907341
187,1,sensory_drive_only_null,null,colored_noise_alt,0.9175267858039751
187,2,sensory_drive_only_null,null,generic_hidden_oscillator,0.8658917818771646
187,3,sensory_drive_only_null,null,eta_only,0.9474464783455596
187,4,sensory_drive_only_null,null,eta_only,1.0287195073534317
187,5,sensory_drive_only_null,null,eta_only,0.9504014715695996
188,0,sensory_drive_only_null,null,replay_only_basis,0.9827777125247255
188,1,sensory_drive_only_null,null,eta_only,0.9021606058388753
188,2,sensory_drive_only_null,null,generic_hidden_oscillator,0.9088301594886575
188,3,sensory_drive_only_null,null,zeta_only,0.9718777534880373
188,4,sensory_drive_only_null,null,standard_ping,0.9892520382379398
188,5,sensory_drive_only_null,null,colored_noise_alt,0.9853137689360402
189,0,sensory_drive_only_null,null,eta_only,0.9777209112748566
189,1,sensory_drive_only_null,null,standard_ping,0.9590932034563047
189,2,sensory_drive_only_null,null,zeta_only,0.8425267099819764
189,3,sensory_drive_only_null,null,sensory_drive_only,0.9646872072652641
189,4,sensory_drive_only_null,null,colored_noise_alt,1.0622954744794668
189,5,sensory_drive_only_null,null,zeta_only,0.8818428622804544
190,0,sensory_drive_only_null,null,standard_ping,0.9940038945354617
190,1,sensory_drive_only_null,null,generic_hidden_oscillator,0.8284877648624801
190,2,sensory_drive_only_null,null,sensory_drive_only,0.9355641397621803
190,3,sensory_drive_only_null,null,generic_hidden_oscillator,1.0628962370984243
190,4,sensory_drive_only_null,null,colored_noise_alt,0.8286312579522486
190,5,sensory_drive_only_null,null,eta_only,0.9810582708181472
191,0,sensory_drive_only_null,null,replay_only_basis,0.9615038836053379
191,1,sensory_drive_only_null,null,standard_ping,0.7686147465573622
191,2,sensory_drive_only_null,null,generic_hidden_oscillator,0.9539931608670932
191,3,sensory_drive_only_null,null,replay_only_basis,0.9291292853642987
191,4,sensory_drive_only_null,null,standard_ping,0.8567739138634662
191,5,sensory_drive_only_null,null,standard_ping,0.9024179982499205
192,0,sensory_drive_only_null,null,eta_only,1.0670023942405085
192,1,sensory_drive_only_null,null,standard_ping,0.9192200437835912
192,2,sensory_drive_only_null,null,standard_ping,0.9769803328395319
192,3,sensory_drive_only_null,null,standard_ping,0.8259260178821973
192,4,sensory_drive_only_null,null,generic_hidden_oscillator,1.0469180491934729
192,5,sensory_drive_only_null,null,generic_hidden_oscillator,0.9699690738210951
193,0,sensory_drive_only_null,null,standard_ping,0.9943861407485847
193,1,sensory_drive_only_null,null,eta_only,0.9705307719785605
193,2,sensory_drive_only_null,null,eta_only,0.8770191995121646
193,3,sensory_drive_only_null,null,full_reciprocal,0.7910998350792809
193,4,sensory_drive_only_null,null,eta_only,0.8615308372813935
193,5,sensory_drive_only_null,null,colored_noise_alt,0.847737218063304
194,0,sensory_drive_only_null,null,sensory_drive_only,1.0138968871840892
194,1,sensory_drive_only_null,null,standard_ping,1.0341381260831166
194,2,sensory_drive_only_null,null,generic_hidden_oscillator,0.9429267293184722
194,3,sensory_drive_only_null,null,standard_ping,0.9620556167456618
194,4,sensory_drive_only_null,null,eta_only,0.7740759780583597
194,5,sensory_drive_only_null,null,generic_hidden_oscillator,0.9849350521439706
195,0,sensory_drive_only_null,null,sensory_drive_only,1.0789572003262482
195,1,sensory_drive_only_null,null,zeta_only,0.9822977740073181
195,2,sensory_drive_only_null,null,replay_only_basis,1.0145761783353218
195,3,sensory_drive_only_null,null,replay_only_basis,0.9202230097840246
195,4,sensory_drive_only_null,null,zeta_only,0.7927353312019498
195,5,sensory_drive_only_null,null,sensory_drive_only,0.953619109100475
196,0,sensory_drive_only_null,null,replay_only_basis,0.8961096597128425
196,1,sensory_drive_only_null,null,colored_noise_alt,0.8019153970741894
196,2,sensory_drive_only_null,null,full_reciprocal,0.9363171402301934
196,3,sensory_drive_only_null,null,sensory_drive_only,0.9169831800913778
196,4,sensory_drive_only_null,null,zeta_only,0.9028585741882579
196,5,sensory_drive_only_null,null,generic_hidden_oscillator,0.8710664297288455
197,0,sensory_drive_only_null,null,eta_only,0.9721331705145951
197,1,sensory_drive_only_null,null,eta_only,0.9895347508591105
197,2,sensory_drive_only_null,null,standard_ping,0.8569379985158314
197,3,sensory_drive_only_null,null,replay_only_basis,0.9876772074233154
197,4,sensory_drive_only_null,null,colored_noise_alt,1.0116881694627051
197,5,sensory_drive_only_null,null,zeta_only,0.9780188731698658
198,0,sensory_drive_only_null,null,zeta_only,0.8634854325071122
198,1,sensory_drive_only_null,null,replay_only_basis,1.0090536241487542
198,2,sensory_drive_only_null,null,zeta_only,0.9442795090953269
198,3,sensory_drive_only_null,null,colored_noise_alt,0.8767811918465745
198,4,sensory_drive_only_null,null,standard_ping,0.8880207885320435
198,5,sensory_drive_only_null,null,sensory_drive_only,0.9849985992199962
199,0,sensory_drive_only_null,null,standard_ping,1.0006411852851025
199,1,sensory_drive_only_null,null,standard_ping,0.9418026133268314
199,2,sensory_drive_only_null,null,sensory_drive_only,1.019566557413917
199,3,sensory_drive_only_null,null,standard_ping,1.0436898332444806
199,4,sensory_drive_only_null,null,eta_only,0.9685743389001572
199,5,sensory_drive_only_null,null,standard_ping,0.9170635604066726
200,0,sensory_drive_only_null,null,generic_hidden_oscillator,0.869270074606056
200,1,sensory_drive_only_null,null,replay_only_basis,1.0799509518097115
200,2,sensory_drive_only_null,null,sensory_drive_only,0.8008074955474482
200,3,sensory_drive_only_null,null,replay_only_basis,0.944952571581613
200,4,sensory_drive_only_null,null,eta_only,0.8398940539140947
200,5,sensory_drive_only_null,null,standard_ping,0.875164559977302
201,0,sensory_drive_only_null,null,replay_only_basis,0.9614974117893472
201,1,sensory_drive_only_null,null,generic_hidden_oscillator,1.05970973124584
201,2,sensory_drive_only_null,null,colored_noise_alt,0.9337636970837438
201,3,sensory_drive_only_null,null,standard_ping,0.931807558494142
201,4,sensory_drive_only_null,null,colored_noise_alt,0.9579105385467208
201,5,sensory_drive_only_null,null,replay_only_basis,1.0162320753949305
202,0,sensory_drive_only_null,null,generic_hidden_oscillator,0.999453058049274
202,1,sensory_drive_only_null,null,colored_noise_alt,0.997853549322515
202,2,sensory_drive_only_null,null,colored_noise_alt,0.9799902122335653
202,3,sensory_drive_only_null,null,zeta_only,1.0348193139442263
202,4,sensory_drive_only_null,null,eta_only,0.9136455284764892
202,5,sensory_drive_only_null,null,colored_noise_alt,0.9901632430587542
203,0,sensory_drive_only_null,null,replay_only_basis,0.9254429481482167
203,1,sensory_drive_only_null,null,generic_hidden_oscillator,0.9731537407831864
203,2,sensory_drive_only_null,null,standard_ping,0.9076483884144698
203,3,sensory_drive_only_null,null,sensory_drive_only,0.9221539709003663
203,4,sensory_drive_only_null,null,colored_noise_alt,1.0529773756693477
203,5,sensory_drive_only_null,null,zeta_only,1.0034005547028029
204,0,sensory_drive_only_null,null,eta_only,0.9006020756155351
204,1,sensory_drive_only_null,null,replay_only_basis,0.8091794076937248
204,2,sensory_drive_only_null,null,colored_noise_alt,0.9923614858464254
204,3,sensory_drive_only_null,null,replay_only_basis,0.8931270887231433
204,4,sensory_drive_only_null,null,zeta_only,1.0953593101014172
204,5,sensory_drive_only_null,null,standard_ping,0.9830663977064674
205,0,sensory_drive_only_null,null,zeta_only,1.086800382639423
205,1,sensory_drive_only_null,null,full_reciprocal,0.9596674516562704
205,2,sensory_drive_only_null,null,sensory_drive_only,0.9590950940991533
205,3,sensory_drive_only_null,null,zeta_only,0.9595321753017776
205,4,sensory_drive_only_null,null,zeta_only,0.9481710205138033
205,5,sensory_drive_only_null,null,standard_ping,0.7651002697989625
206,0,sensory_drive_only_null,null,eta_only,0.9302008952390004
206,1,sensory_drive_only_null,null,standard_ping,0.952229109283377
206,2,sensory_drive_only_null,null,null_no_coupling,0.9317250254054217
206,3,sensory_drive_only_null,null,standard_ping,1.060896581318758
206,4,sensory_drive_only_null,null,standard_ping,0.9690447321927891
206,5,sensory_drive_only_null,null,zeta_only,0.9673178228034409
207,0,sensory_drive_only_null,null,standard_ping,0.9294591882750758
207,1,sensory_drive_only_null,null,zeta_only,0.8554283918063977
207,2,sensory_drive_only_null,null,zeta_only,0.8895278118484063
207,3,sensory_drive_only_null,null,eta_only,1.0476361770895575
207,4,sensory_drive_only_null,null,generic_hidden_oscillator,1.1351088205265933
207,5,sensory_drive_only_null,null,eta_only,1.1146352706237348
208,0,sensory_drive_only_null,null,replay_only_basis,1.042423604113837
208,1,sensory_drive_only_null,null,standard_ping,0.9100993574510103
208,2,sensory_drive_only_null,null,standard_ping,0.8869272573720282
208,3,sensory_drive_only_null,null,eta_only,0.929924064491588
208,4,sensory_drive_only_null,null,zeta_only,1.0044050937819755
208,5,sensory_drive_only_null,null,eta_only,1.005266919345642
209,0,sensory_drive_only_null,null,standard_ping,1.014112692657884
209,1,sensory_drive_only_null,null,colored_noise_alt,1.021445608460721
209,2,sensory_drive_only_null,null,eta_only,0.9137059407037093
209,3,sensory_drive_only_null,null,standard_ping,1.0104336759905233
209,4,sensory_drive_only_null,null,eta_only,0.8178096848192975
209,5,sensory_drive_only_null,null,colored_noise_alt,0.8689384464680956
210,0,sensory_drive_only_null,null,replay_only_basis,0.9457825305724062
210,1,sensory_drive_only_null,null,colored_noise_alt,0.9260894720268243
210,2,sensory_drive_only_null,null,standard_ping,0.8972083632874802
210,3,sensory_drive_only_null,null,standard_ping,1.080022196092366
210,4,sensory_drive_only_null,null,eta_only,0.8896804081332977
210,5,sensory_drive_only_null,null,generic_hidden_oscillator,1.0595668568429424
211,0,generic_hidden_null,null,generic_hidden_oscillator,0.8959975573014998
211,1,generic_hidden_null,null,zeta_only,0.9099738127777306
211,2,generic_hidden_null,null,null_no_coupling,1.038139034597625
211,3,generic_hidden_null,null,sensory_drive_only,0.9712190084316404
211,4,generic_hidden_null,null,eta_only,1.0032718101834588
211,5,generic_hidden_null,null,null_no_coupling,1.0034221819147109
212,0,generic_hidden_null,null,sensory_drive_only,1.0117699601961312
212,1,generic_hidden_null,null,standard_ping,0.9794557180683201
212,2,generic_hidden_null,null,eta_only,1.1232596682185465
212,3,generic_hidden_null,null,colored_noise_alt,0.7732295335911142
212,4,generic_hidden_null,null,generic_hidden_oscillator,1.084801535037803
212,5,generic_hidden_null,null,sensory_drive_only,0.955988484906865
213,0,generic_hidden_null,null,standard_ping,0.8819474305372274
213,1,generic_hidden_null,null,generic_hidden_oscillator,1.1463432721628977
213,2,generic_hidden_null,null,colored_noise_alt,0.9472266784400057
213,3,generic_hidden_null,null,colored_noise_alt,1.0496447237457887
213,4,generic_hidden_null,null,null_no_coupling,0.8816966561522168
213,5,generic_hidden_null,null,full_reciprocal,0.8702951315730053
214,0,generic_hidden_null,null,zeta_only,1.0636283590494664
214,1,generic_hidden_null,null,colored_noise_alt,0.9533233184620635
214,2,generic_hidden_null,null,sensory_drive_only,0.9093915670430724
214,3,generic_hidden_null,null,sensory_drive_only,0.8515894542813242
214,4,generic_hidden_null,null,sensory_drive_only,0.9768935131153801
214,5,generic_hidden_null,null,sensory_drive_only,1.0815817271453332
215,0,generic_hidden_null,null,standard_ping,1.114870358306431
215,1,generic_hidden_null,null,colored_noise_alt,1.0649764812227607
215,2,generic_hidden_null,null,null_no_coupling,0.9669993449299562
215,3,generic_hidden_null,null,null_no_coupling,0.9575168968388043
215,4,generic_hidden_null,null,full_reciprocal,0.9447064232529915
215,5,generic_hidden_null,null,sensory_drive_only,0.9494298184877203
216,0,generic_hidden_null,null,colored_noise_alt,1.059152568477012
216,1,generic_hidden_null,null,zeta_only,0.9141133748136026
216,2,generic_hidden_null,null,colored_noise_alt,0.9495401991326127
216,3,generic_hidden_null,null,zeta_only,1.037026025026901
216,4,generic_hidden_null,null,standard_ping,0.9383664806920714
216,5,generic_hidden_null,null,zeta_only,0.9498677634388881
217,0,generic_hidden_null,null,sensory_drive_only,0.907529491532004
217,1,generic_hidden_null,null,eta_only,0.8384610271128046
217,2,generic_hidden_null,null,sensory_drive_only,0.9547467760462635
217,3,generic_hidden_null,null,null_no_coupling,0.8426086141252292
217,4,generic_hidden_null,null,null_no_coupling,1.0064544892385074
217,5,generic_hidden_null,null,standard_ping,0.9261325002409396
218,0,generic_hidden_null,null,zeta_only,1.0191262089209174
218,1,generic_hidden_null,null,null_no_coupling,0.9779772610337657
218,2,generic_hidden_null,null,sensory_drive_only,0.771549510918329
218,3,generic_hidden_null,null,eta_only,1.0085924993145232
218,4,generic_hidden_null,null,eta_only,1.0014018118670887
218,5,generic_hidden_null,null,null_no_coupling,1.0141850040290556
219,0,generic_hidden_null,null,sensory_drive_only,1.0191890053479937
219,1,generic_hidden_null,null,generic_hidden_oscillator,1.0128116299607306
219,2,generic_hidden_null,null,null_no_coupling,1.0005602006560443
219,3,generic_hidden_null,null,null_no_coupling,0.9906089226022505
219,4,generic_hidden_null,null,sensory_drive_only,0.9080432172802249
219,5,generic_hidden_null,null,colored_noise_alt,0.8473202223737188
220,0,generic_hidden_null,null,colored_noise_alt,0.9718234713443348
220,1,generic_hidden_null,null,zeta_only,0.9734369208247312
220,2,generic_hidden_null,null,colored_noise_alt,0.9050945454698422
220,3,generic_hidden_null,null,sensory_drive_only,0.9345970535895316
220,4,generic_hidden_null,null,standard_ping,0.8676487860947982
220,5,generic_hidden_null,null,eta_only,1.088825580192853
221,0,generic_hidden_null,null,standard_ping,0.9137170249936174
221,1,generic_hidden_null,null,null_no_coupling,0.9934275012067757
221,2,generic_hidden_null,null,eta_only,1.0251535267286245
221,3,generic_hidden_null,null,colored_noise_alt,1.0344977165639695
221,4,generic_hidden_null,null,zeta_only,0.9393929558604297
221,5,generic_hidden_null,null,generic_hidden_oscillator,0.9710489257549889
222,0,generic_hidden_null,null,eta_only,0.8212596019362841
222,1,generic_hidden_null,null,sensory_drive_only,0.8535242116944225
222,2,generic_hidden_null,null,null_no_coupling,0.9544385727038096
222,3,generic_hidden_null,null,generic_hidden_oscillator,0.963663890114875
222,4,generic_hidden_null,null,sensory_drive_only,0.9690385841433664
222,5,generic_hidden_null,null,sensory_drive_only,0.9236156013490016
223,0,generic_hidden_null,null,colored_noise_alt,0.9978891482380845
223,1,generic_hidden_null,null,zeta_only,0.8562062328742488
223,2,generic_hidden_null,null,eta_only,0.91565714805593
223,3,generic_hidden_null,null,eta_only,0.9008219678261347
223,4,generic_hidden_null,null,standard_ping,0.9563260072427419
223,5,generic_hidden_null,null,zeta_only,0.8867334771733546
224,0,generic_hidden_null,null,full_reciprocal,1.011248801750186
224,1,generic_hidden_null,null,sensory_drive_only,1.0326864289882882
224,2,generic_hidden_null,null,zeta_only,0.9113532530124411
224,3,generic_hidden_null,null,colored_noise_alt,0.9186508154197172
224,4,generic_hidden_null,null,colored_noise_alt,1.1376812318949552
224,5,generic_hidden_null,null,sensory_drive_only,0.924221719011532
225,0,generic_hidden_null,null,sensory_drive_only,1.0514189878100673
225,1,generic_hidden_null,null,zeta_only,1.053957369393737
225,2,generic_hidden_null,null,standard_ping,1.0281313717033729
225,3,generic_hidden_null,null,null_no_coupling,0.917359413234049
225,4,generic_hidden_null,null,null_no_coupling,0.8825966361965252
225,5,generic_hidden_null,null,zeta_only,1.1070587652968074
226,0,generic_hidden_null,null,standard_ping,0.8997065963850828
226,1,generic_hidden_null,null,eta_only,0.9560720161940653
226,2,generic_hidden_null,null,eta_only,1.03116705970721
226,3,generic_hidden_null,null,colored_noise_alt,1.0257354271325902
226,4,generic_hidden_null,null,eta_only,0.8479925232102234
226,5,generic_hidden_null,null,eta_only,0.9811953429590556
227,0,generic_hidden_null,null,null_no_coupling,0.9834045698508695
227,1,generic_hidden_null,null,standard_ping,1.094456257504287
227,2,generic_hidden_null,null,sensory_drive_only,0.7197660371441799
227,3,generic_hidden_null,null,zeta_only,1.015241563667479
227,4,generic_hidden_null,null,null_no_coupling,0.8852687076929413
227,5,generic_hidden_null,null,sensory_drive_only,0.9651407751129207
228,0,generic_hidden_null,null,sensory_drive_only,1.1471991931349779
228,1,generic_hidden_null,null,zeta_only,0.8422676912799177
228,2,generic_hidden_null,null,zeta_only,0.9603182694032443
228,3,generic_hidden_null,null,generic_hidden_oscillator,0.917341850118438
228,4,generic_hidden_null,null,generic_hidden_oscillator,0.7890588983869565
228,5,generic_hidden_null,null,null_no_coupling,0.9926171294289263
229,0,generic_hidden_null,null,colored_noise_alt,1.0684312491568706
229,1,generic_hidden_null,null,zeta_only,0.8862842586617974
229,2,generic_hidden_null,null,zeta_only,1.118848394234211
229,3,generic_hidden_null,null,sensory_drive_only,0.9063997647283378
229,4,generic_hidden_null,null,standard_ping,0.9907145602082256
229,5,generic_hidden_null,null,null_no_coupling,0.9604211253228364
230,0,generic_hidden_null,null,standard_ping,0.9351982599854198
230,1,generic_hidden_null,null,null_no_coupling,0.9141244367871574
230,2,generic_hidden_null,null,null_no_coupling,0.8428137947138913
230,3,generic_hidden_null,null,sensory_drive_only,0.8625054534563711
230,4,generic_hidden_null,null,null_no_coupling,0.9248796350212322
230,5,generic_hidden_null,null,null_no_coupling,0.8735085711257895
231,0,generic_hidden_null,null,sensory_drive_only,0.9126802398599813
231,1,generic_hidden_null,null,sensory_drive_only,0.9398121002170321
231,2,generic_hidden_null,null,null_no_coupling,0.9229963307943837
231,3,generic_hidden_null,null,eta_only,0.9023815515781494
231,4,generic_hidden_null,null,eta_only,0.8387751415443426
231,5,generic_hidden_null,null,zeta_only,0.9593937891131777
232,0,generic_hidden_null,null,eta_only,0.7565723742943163
232,1,generic_hidden_null,null,null_no_coupling,1.0352361728964705
232,2,generic_hidden_null,null,sensory_drive_only,0.9528861947446966
232,3,generic_hidden_null,null,standard_ping,0.9785595702188167
232,4,generic_hidden_null,null,null_no_coupling,0.7873095543707717
232,5,generic_hidden_null,null,null_no_coupling,1.0253393842859302
233,0,generic_hidden_null,null,zeta_only,0.9668283547591842
233,1,generic_hidden_null,null,null_no_coupling,1.068509625911064
233,2,generic_hidden_null,null,null_no_coupling,1.0040885934138875
233,3,generic_hidden_null,null,null_no_coupling,0.8507215734031981
233,4,generic_hidden_null,null,sensory_drive_only,1.0225168049627285
233,5,generic_hidden_null,null,sensory_drive_only,0.9054135957265458
234,0,generic_hidden_null,null,colored_noise_alt,0.9842080657549187
234,1,generic_hidden_null,null,zeta_only,1.0315913964270407
234,2,generic_hidden_null,null,sensory_drive_only,1.048421393712326
234,3,generic_hidden_null,null,zeta_only,0.993421001939793
234,4,generic_hidden_null,null,colored_noise_alt,0.8878984453300889
234,5,generic_hidden_null,null,zeta_only,0.8953532396411742
235,0,generic_hidden_null,null,standard_ping,0.9912778474045214
235,1,generic_hidden_null,null,standard_ping,0.8759725999377221
235,2,generic_hidden_null,null,eta_only,0.935069560702254
235,3,generic_hidden_null,null,eta_only,0.9819074540951793
235,4,generic_hidden_null,null,sensory_drive_only,1.0024465236130302
235,5,generic_hidden_null,null,null_no_coupling,0.824813985105185
236,0,generic_hidden_null,null,null_no_coupling,0.8898018264446693
236,1,generic_hidden_null,null,eta_only,0.9638586247498506
236,2,generic_hidden_null,null,generic_hidden_oscillator,0.9216887230643787
236,3,generic_hidden_null,null,eta_only,0.9397460594279553
236,4,generic_hidden_null,null,sensory_drive_only,0.8926438564321543
236,5,generic_hidden_null,null,null_no_coupling,0.960929954610829
237,0,generic_hidden_null,null,colored_noise_alt,0.9681267233066095
237,1,generic_hidden_null,null,standard_ping,0.9104088517427534
237,2,generic_hidden_null,null,null_no_coupling,1.0154522558256691
237,3,generic_hidden_null,null,sensory_drive_only,0.7660869818091769
237,4,generic_hidden_null,null,sensory_drive_only,0.9187310668638423
237,5,generic_hidden_null,null,eta_only,0.9052316541559025
238,0,generic_hidden_null,null,standard_ping,0.9735735452252969
238,1,generic_hidden_null,null,eta_only,0.9557089368734707
238,2,generic_hidden_null,null,eta_only,0.8566944854401554
238,3,generic_hidden_null,null,sensory_drive_only,0.8861156955169971
238,4,generic_hidden_null,null,zeta_only,0.96109592115257
238,5,generic_hidden_null,null,sensory_drive_only,0.8881627682316503
239,0,generic_hidden_null,null,generic_hidden_oscillator,1.0055736265585808
239,1,generic_hidden_null,null,zeta_only,0.9852889908266326
239,2,generic_hidden_null,null,standard_ping,1.0515496323738207
239,3,generic_hidden_null,null,null_no_coupling,0.8558252529006523
239,4,generic_hidden_null,null,eta_only,0.8930551786948939
239,5,generic_hidden_null,null,zeta_only,0.9369183576092882
240,0,generic_hidden_null,null,eta_only,0.9524071507773011
240,1,generic_hidden_null,null,null_no_coupling,0.927632978309834
240,2,generic_hidden_null,null,standard_ping,0.862577538878482
240,3,generic_hidden_null,null,standard_ping,0.9269404597748994
240,4,generic_hidden_null,null,sensory_drive_only,0.8763860944292483
240,5,generic_hidden_null,null,null_no_coupling,0.9086141800882598
241,0,generic_hidden_null,null,sensory_drive_only,0.9054607955309212
241,1,generic_hidden_null,null,eta_only,0.9907086645313389
241,2,generic_hidden_null,null,standard_ping,1.0408759925120015
241,3,generic_hidden_null,null,eta_only,0.9496777398194096
241,4,generic_hidden_null,null,generic_hidden_oscillator,0.9960561959476559
241,5,generic_hidden_null,null,standard_ping,1.0189965085663875
242,0,generic_hidden_null,null,null_no_coupling,1.017378341185925
242,1,generic_hidden_null,null,standard_ping,0.8969768623140217
242,2,generic_hidden_null,null,null_no_coupling,0.9844957632623413
242,3,generic_hidden_null,null,colored_noise_alt,1.03825433356705
242,4,generic_hidden_null,null,standard_ping,0.9863227769636265
242,5,generic_hidden_null,null,sensory_drive_only,0.8848103534967031
243,0,generic_hidden_null,null,colored_noise_alt,0.9458582791934199
243,1,generic_hidden_null,null,null_no_coupling,0.8253099254459437
243,2,generic_hidden_null,null,null_no_coupling,0.8900939274036708
243,3,generic_hidden_null,null,zeta_only,0.8760112264924409
243,4,generic_hidden_null,null,null_no_coupling,0.9578528756620343
243,5,generic_hidden_null,null,standard_ping,0.8429023194330103
244,0,generic_hidden_null,null,generic_hidden_oscillator,0.9835969782634997
244,1,generic_hidden_null,null,full_reciprocal,0.9757814863985933
244,2,generic_hidden_null,null,standard_ping,0.9177565502546395
244,3,generic_hidden_null,null,null_no_coupling,1.0871391089785196
244,4,generic_hidden_null,null,eta_only,0.9731104932780751
244,5,generic_hidden_null,null,zeta_only,0.9481669136797695
245,0,generic_hidden_null,null,null_no_coupling,0.9557810281556592
245,1,generic_hidden_null,null,null_no_coupling,0.8911432365747719
245,2,generic_hidden_null,null,null_no_coupling,0.923096136523573
245,3,generic_hidden_null,null,null_no_coupling,0.9293457941587732
245,4,generic_hidden_null,null,eta_only,0.963496895618108
245,5,generic_hidden_null,null,null_no_coupling,0.866626269851779
246,0,generic_hidden_null,null,null_no_coupling,1.1437852937562416
246,1,generic_hidden_null,null,colored_noise_alt,0.9914738290080987
246,2,generic_hidden_null,null,standard_ping,0.8438871242780224
246,3,generic_hidden_null,null,eta_only,0.8400524330653076
246,4,generic_hidden_null,null,standard_ping,0.9648728128943295
246,5,generic_hidden_null,null,null_no_coupling,0.84781374535171
247,0,generic_hidden_null,null,sensory_drive_only,0.9483592973881221
247,1,generic_hidden_null,null,colored_noise_alt,0.8840081827682538
247,2,generic_hidden_null,null,standard_ping,0.9337051040536775
247,3,generic_hidden_null,null,sensory_drive_only,0.9034680158341504
247,4,generic_hidden_null,null,standard_ping,0.8134193016119116
247,5,generic_hidden_null,null,eta_only,0.9120992303247015
248,0,generic_hidden_null,null,standard_ping,0.8642519683482551
248,1,generic_hidden_null,null,null_no_coupling,1.0106952211998197
248,2,generic_hidden_null,null,standard_ping,0.9452272068440766
248,3,generic_hidden_null,null,null_no_coupling,0.9108709082174046
248,4,generic_hidden_null,null,sensory_drive_only,0.8924122575866753
248,5,generic_hidden_null,null,colored_noise_alt,1.0499756309065624
249,0,generic_hidden_null,null,sensory_drive_only,1.0024465086299026
249,1,generic_hidden_null,null,sensory_drive_only,0.9276846506229487
249,2,generic_hidden_null,null,zeta_only,0.930001042242877
249,3,generic_hidden_null,null,zeta_only,0.9965739403495477
249,4,generic_hidden_null,null,sensory_drive_only,0.8585494961845108
249,5,generic_hidden_null,null,eta_only,1.0202031426985005
250,0,generic_hidden_null,null,null_no_coupling,0.9413150957243224
250,1,generic_hidden_null,null,generic_hidden_oscillator,0.8974706242862875
250,2,generic_hidden_null,null,colored_noise_alt,1.057192522559068
250,3,generic_hidden_null,null,colored_noise_alt,0.8736406435841787
250,4,generic_hidden_null,null,standard_ping,0.8906187916714943
250,5,generic_hidden_null,null,null_no_coupling,0.8663007980249017
251,0,generic_hidden_null,null,colored_noise_alt,0.931216198506926
251,1,generic_hidden_null,null,standard_ping,0.9873062783766262
251,2,generic_hidden_null,null,null_no_coupling,0.8918172154294898
251,3,generic_hidden_null,null,null_no_coupling,1.0504654050003095
251,4,generic_hidden_null,null,colored_noise_alt,1.0758437486195782
251,5,generic_hidden_null,null,standard_ping,1.0839305524091447
252,0,generic_hidden_null,null,colored_noise_alt,0.8499286261784533
252,1,generic_hidden_null,null,null_no_coupling,0.9995145110651631
252,2,generic_hidden_null,null,zeta_only,0.9796587758441673
252,3,generic_hidden_null,null,colored_noise_alt,1.0278408899042895
252,4,generic_hidden_null,null,eta_only,0.9899000526099954
252,5,generic_hidden_null,null,null_no_coupling,0.9695705578617907
253,0,generic_hidden_null,null,sensory_drive_only,0.9840141872603886
253,1,generic_hidden_null,null,zeta_only,0.8390903384718721
253,2,generic_hidden_null,null,null_no_coupling,0.8723982362557525
253,3,generic_hidden_null,null,eta_only,0.9149196082934641
253,4,generic_hidden_null,null,null_no_coupling,0.9591568142403389
253,5,generic_hidden_null,null,sensory_drive_only,0.9501698522808316
254,0,generic_hidden_null,null,eta_only,1.1097942718896554
254,1,generic_hidden_null,null,zeta_only,1.015115780895237
254,2,generic_hidden_null,null,null_no_coupling,0.9560255203430823
254,3,generic_hidden_null,null,standard_ping,0.9413074047132829
254,4,generic_hidden_null,null,zeta_only,0.8829543426852525
254,5,generic_hidden_null,null,sensory_drive_only,0.9871013768922741
255,0,generic_hidden_null,null,colored_noise_alt,1.0477027638502563
255,1,generic_hidden_null,null,eta_only,0.9619834101171557
255,2,generic_hidden_null,null,eta_only,0.9573819421943875
255,3,generic_hidden_null,null,sensory_drive_only,0.9882453932635136
255,4,generic_hidden_null,null,eta_only,1.016458636014119
255,5,generic_hidden_null,null,zeta_only,1.0817436172042427
256,0,generic_hidden_null,null,standard_ping,1.0282766585776426
256,1,generic_hidden_null,null,zeta_only,0.846239010898177
256,2,generic_hidden_null,null,eta_only,0.8631770101849437
256,3,generic_hidden_null,null,standard_ping,0.8725811891589186
256,4,generic_hidden_null,null,colored_noise_alt,0.9703520504359651
256,5,generic_hidden_null,null,sensory_drive_only,0.9352434478402061
257,0,generic_hidden_null,null,null_no_coupling,0.9644873527023081
257,1,generic_hidden_null,null,null_no_coupling,0.8289280454926615
257,2,generic_hidden_null,null,generic_hidden_oscillator,1.0065170722766061
257,3,generic_hidden_null,null,null_no_coupling,1.0276591745624777
257,4,generic_hidden_null,null,standard_ping,1.0809993605598132
257,5,generic_hidden_null,null,generic_hidden_oscillator,0.9920930787246591
258,0,generic_hidden_null,null,generic_hidden_oscillator,1.0510422862140807
258,1,generic_hidden_null,null,eta_only,0.8886369051946322
258,2,generic_hidden_null,null,eta_only,0.927020275761531
258,3,generic_hidden_null,null,generic_hidden_oscillator,0.9119288043449918
258,4,generic_hidden_null,null,zeta_only,0.8842734166130539
258,5,generic_hidden_null,null,zeta_only,0.9876492275178428
259,0,generic_hidden_null,null,null_no_coupling,1.0167061115726042
259,1,generic_hidden_null,null,colored_noise_alt,1.0315911956882426
259,2,generic_hidden_null,null,sensory_drive_only,0.7629930575701779
259,3,generic_hidden_null,null,eta_only,0.9918411865736415
259,4,generic_hidden_null,null,generic_hidden_oscillator,1.0764788234255394
259,5,generic_hidden_null,null,zeta_only,0.9688699306021181
260,0,generic_hidden_null,null,eta_only,1.0120963116783812
260,1,generic_hidden_null,null,eta_only,0.8757328325506915
260,2,generic_hidden_null,null,colored_noise_alt,0.958446660033152
260,3,generic_hidden_null,null,zeta_only,0.9169109533209825
260,4,generic_hidden_null,null,colored_noise_alt,0.8502333344521964
260,5,generic_hidden_null,null,standard_ping,1.0719479381876424
261,0,colored_noise_null,null,zeta_only,0.9219650282560881
261,1,colored_noise_null,null,null_no_coupling,1.0757871477647973
261,2,colored_noise_null,null,eta_only,0.9433878769225184
261,3,colored_noise_null,null,eta_only,0.9677618516372287
261,4,colored_noise_null,null,sensory_drive_only,0.8905419726421016
261,5,colored_noise_null,null,null_no_coupling,0.91768695809392
262,0,colored_noise_null,null,sensory_drive_only,0.9412738855493396
262,1,colored_noise_null,null,zeta_only,0.9720334615107616
262,2,colored_noise_null,null,standard_ping,0.817297271926589
262,3,colored_noise_null,null,zeta_only,1.0274492291844524
262,4,colored_noise_null,null,eta_only,0.9251997402405324
262,5,colored_noise_null,null,sensory_drive_only,0.9513386877265185
263,0,colored_noise_null,null,null_no_coupling,0.948584972200432
263,1,colored_noise_null,null,eta_only,0.8986588242178806
263,2,colored_noise_null,null,standard_ping,1.0442461830074319
263,3,colored_noise_null,null,sensory_drive_only,0.9180591360879522
263,4,colored_noise_null,null,generic_hidden_oscillator,0.9649374373612211
263,5,colored_noise_null,null,standard_ping,1.0683755004968154
264,0,colored_noise_null,null,standard_ping,1.0164190296232805
264,1,colored_noise_null,null,colored_noise_alt,1.0271705086655016
264,2,colored_noise_null,null,null_no_coupling,0.9404727963676497
264,3,colored_noise_null,null,standard_ping,0.9340647961361342
264,4,colored_noise_null,null,eta_only,0.8775627847453624
264,5,colored_noise_null,null,sensory_drive_only,0.8731552128838123
265,0,colored_noise_null,null,colored_noise_alt,0.9254169639864482
265,1,colored_noise_null,null,zeta_only,0.9676981077043472
265,2,colored_noise_null,null,eta_only,0.9097223457555027
265,3,colored_noise_null,null,zeta_only,0.9696931027948572
265,4,colored_noise_null,null,null_no_coupling,0.8785712774897222
265,5,colored_noise_null,null,zeta_only,0.9107901608786965
266,0,colored_noise_null,null,sensory_drive_only,0.9548246392529598
266,1,colored_noise_null,null,null_no_coupling,1.0858416129829738
266,2,colored_noise_null,null,standard_ping,0.9235331378289173
266,3,colored_noise_null,null,zeta_only,1.009478641497765
266,4,colored_noise_null,null,null_no_coupling,1.0946451182328372
266,5,colored_noise_null,null,standard_ping,0.962653838869067
267,0,colored_noise_null,null,eta_only,1.208012756149915
267,1,colored_noise_null,null,zeta_only,0.9197906098727605
267,2,colored_noise_null,null,sensory_drive_only,0.9281222347034384
267,3,colored_noise_null,null,eta_only,0.9161848438539736
267,4,colored_noise_null,null,colored_noise_alt,0.8536607550411792
267,5,colored_noise_null,null,eta_only,0.9582483086771418
268,0,colored_noise_null,null,eta_only,0.9818630509905816
268,1,colored_noise_null,null,standard_ping,0.9928049670997421
268,2,colored_noise_null,null,null_no_coupling,0.8868597227467973
268,3,colored_noise_null,null,standard_ping,0.9843808327969608
268,4,colored_noise_null,null,eta_only,0.83095168577997
268,5,colored_noise_null,null,null_no_coupling,0.8064201077122867
269,0,colored_noise_null,null,colored_noise_alt,1.0749934067850653
269,1,colored_noise_null,null,eta_only,0.8303169093203749
269,2,colored_noise_null,null,zeta_only,0.974220529041875
269,3,colored_noise_null,null,zeta_only,1.0389894034755047
269,4,colored_noise_null,null,standard_ping,0.8710417512544111
269,5,colored_noise_null,null,standard_ping,0.9827629655917077
270,0,colored_noise_null,null,null_no_coupling,0.8828977466971673
270,1,colored_noise_null,null,null_no_coupling,0.9669736588827245
270,2,colored_noise_null,null,null_no_coupling,1.0591293501476866
270,3,colored_noise_null,null,eta_only,0.9039939872068417
270,4,colored_noise_null,null,null_no_coupling,1.0376066883466957
270,5,colored_noise_null,null,zeta_only,0.9974463774569504
271,0,colored_noise_null,null,standard_ping,0.9614679731313573
271,1,colored_noise_null,null,sensory_drive_only,0.8733188442446376
271,2,colored_noise_null,null,colored_noise_alt,0.9272688708650488
271,3,colored_noise_null,null,null_no_coupling,1.0143579819796968
271,4,colored_noise_null,null,generic_hidden_oscillator,0.8401337214187655
271,5,colored_noise_null,null,eta_only,1.0286810419533492
272,0,colored_noise_null,null,sensory_drive_only,0.9841615728398081
272,1,colored_noise_null,null,null_no_coupling,1.0041213103133824
272,2,colored_noise_null,null,null_no_coupling,1.0285022452488535
272,3,colored_noise_null,null,eta_only,0.9225212263313056
272,4,colored_noise_null,null,sensory_drive_only,0.8974453442172822
272,5,colored_noise_null,null,standard_ping,0.9929620431860381
273,0,colored_noise_null,null,eta_only,0.8312149742298267
273,1,colored_noise_null,null,null_no_coupling,0.8397348413825101
273,2,colored_noise_null,null,null_no_coupling,0.7579359162554445
273,3,colored_noise_null,null,standard_ping,0.9005540914231215
273,4,colored_noise_null,null,standard_ping,0.8967207387748805
273,5,colored_noise_null,null,sensory_drive_only,0.9768081770845474
274,0,colored_noise_null,null,zeta_only,0.966019323568615
274,1,colored_noise_null,null,standard_ping,0.9795234464746195
274,2,colored_noise_null,null,null_no_coupling,0.9294576679176882
274,3,colored_noise_null,null,eta_only,0.8668233573096028
274,4,colored_noise_null,null,sensory_drive_only,0.8716971194982671
274,5,colored_noise_null,null,null_no_coupling,1.0189722460910908
275,0,colored_noise_null,null,colored_noise_alt,0.9285730698894491
275,1,colored_noise_null,null,standard_ping,0.96230700302423
275,2,colored_noise_null,null,null_no_coupling,1.1347452243311387
275,3,colored_noise_null,null,standard_ping,1.0293097993145852
275,4,colored_noise_null,null,sensory_drive_only,0.845080980958164
275,5,colored_noise_null,null,eta_only,0.9083577385711964
276,0,colored_noise_null,null,sensory_drive_only,0.9779957141561915
276,1,colored_noise_null,null,colored_noise_alt,0.9518399036857369
276,2,colored_noise_null,null,sensory_drive_only,0.8843944410309426
276,3,colored_noise_null,null,sensory_drive_only,1.003512177465931
276,4,colored_noise_null,null,sensory_drive_only,1.0353966487087396
276,5,colored_noise_null,null,zeta_only,0.8632241898950705
277,0,colored_noise_null,null,colored_noise_alt,0.9260390213240232
277,1,colored_noise_null,null,sensory_drive_only,0.9108861900948197
277,2,colored_noise_null,null,zeta_only,1.0316262940337597
277,3,colored_noise_null,null,zeta_only,0.9090501821164376
277,4,colored_noise_null,null,eta_only,0.8776373913301615
277,5,colored_noise_null,null,sensory_drive_only,0.8981196487182299
278,0,colored_noise_null,null,standard_ping,0.9468110331440024
278,1,colored_noise_null,null,null_no_coupling,0.824515859132637
278,2,colored_noise_null,null,sensory_drive_only,1.0129936025185864
278,3,colored_noise_null,null,colored_noise_alt,1.034191958381998
278,4,colored_noise_null,null,null_no_coupling,0.8468576188118285
278,5,colored_noise_null,null,eta_only,1.0724805382818938
279,0,colored_noise_null,null,sensory_drive_only,0.9864176223482287
279,1,colored_noise_null,null,null_no_coupling,1.0002827322472714
279,2,colored_noise_null,null,zeta_only,0.8032323567135435
279,3,colored_noise_null,null,zeta_only,0.8478383543394321
279,4,colored_noise_null,null,standard_ping,0.7978784176517215
279,5,colored_noise_null,null,zeta_only,1.0062734672881661
280,0,colored_noise_null,null,zeta_only,0.945608457794378
280,1,colored_noise_null,null,null_no_coupling,0.8646438206975496
280,2,colored_noise_null,null,standard_ping,1.145091729504973
280,3,colored_noise_null,null,null_no_coupling,0.9010714282166821
280,4,colored_noise_null,null,standard_ping,0.9380513348350386
280,5,colored_noise_null,null,standard_ping,1.0079751875596752
281,0,colored_noise_null,null,zeta_only,0.9952139752659499
281,1,colored_noise_null,null,sensory_drive_only,1.0072449522920603
281,2,colored_noise_null,null,standard_ping,0.9664103711598536
281,3,colored_noise_null,null,null_no_coupling,0.874065275193029
281,4,colored_noise_null,null,zeta_only,0.954372089271251
281,5,colored_noise_null,null,eta_only,0.9707391574843564
282,0,colored_noise_null,null,sensory_drive_only,0.9074806061612665
282,1,colored_noise_null,null,sensory_drive_only,0.8262073159130892
282,2,colored_noise_null,null,null_no_coupling,0.8970325231096543
282,3,colored_noise_null,null,zeta_only,0.8756614469474362
282,4,colored_noise_null,null,standard_ping,0.8906610517218182
282,5,colored_noise_null,null,standard_ping,0.8090504862044159
283,0,colored_noise_null,null,sensory_drive_only,1.045517704278872
283,1,colored_noise_null,null,standard_ping,0.9407194514501428
283,2,colored_noise_null,null,eta_only,0.98578864934838
283,3,colored_noise_null,null,eta_only,1.001175034184517
283,4,colored_noise_null,null,colored_noise_alt,0.7503140183866363
283,5,colored_noise_null,null,replay_only_basis,0.971519853809897
284,0,colored_noise_null,null,sensory_drive_only,0.9915554551338038
284,1,colored_noise_null,null,null_no_coupling,0.735416671373001
284,2,colored_noise_null,null,sensory_drive_only,0.9587293610798123
284,3,colored_noise_null,null,colored_noise_alt,1.0326682886427279
284,4,colored_noise_null,null,standard_ping,0.9595897638422478
284,5,colored_noise_null,null,zeta_only,1.029823733930208
285,0,colored_noise_null,null,null_no_coupling,0.8601077886409344
285,1,colored_noise_null,null,standard_ping,1.0094931233150197
285,2,colored_noise_null,null,sensory_drive_only,1.0182655081158105
285,3,colored_noise_null,null,zeta_only,1.1809400299679158
285,4,colored_noise_null,null,null_no_coupling,0.9906526329529599
285,5,colored_noise_null,null,standard_ping,0.9129252151849316
286,0,colored_noise_null,null,zeta_only,0.8514640148649898
286,1,colored_noise_null,null,null_no_coupling,0.8860881404367152
286,2,colored_noise_null,null,colored_noise_alt,0.9139003997938785
286,3,colored_noise_null,null,null_no_coupling,0.965774721903078
286,4,colored_noise_null,null,colored_noise_alt,0.8939040280794011
286,5,colored_noise_null,null,zeta_only,0.8899623957169079
287,0,colored_noise_null,null,replay_only_basis,1.0301534980191
287,1,colored_noise_null,null,sensory_drive_only,0.9233270870855832
287,2,colored_noise_null,null,eta_only,0.8976431070108206
287,3,colored_noise_null,null,null_no_coupling,1.0375132366349804
287,4,colored_noise_null,null,null_no_coupling,1.0333372829404017
287,5,colored_noise_null,null,sensory_drive_only,0.8647093957526719
288,0,colored_noise_null,null,null_no_coupling,0.8823912668934497
288,1,colored_noise_null,null,zeta_only,0.8523914249188842
288,2,colored_noise_null,null,sensory_drive_only,1.017081653397839
288,3,colored_noise_null,null,sensory_drive_only,1.0182153548051152
288,4,colored_noise_null,null,eta_only,0.9638191978492338
288,5,colored_noise_null,null,standard_ping,1.0745816128465815
289,0,colored_noise_null,null,null_no_coupling,0.9604111809746405
289,1,colored_noise_null,null,sensory_drive_only,0.8115161992379466
289,2,colored_noise_null,null,zeta_only,0.8787033054935449
289,3,colored_noise_null,null,null_no_coupling,1.0116747347019912
289,4,colored_noise_null,null,sensory_drive_only,0.9559062465948691
289,5,colored_noise_null,null,zeta_only,0.8463156355004807
290,0,colored_noise_null,null,null_no_coupling,1.0062082470672948
290,1,colored_noise_null,null,sensory_drive_only,0.8734857140132037
290,2,colored_noise_null,null,standard_ping,0.9107709736246958
290,3,colored_noise_null,null,sensory_drive_only,0.9411136883165755
290,4,colored_noise_null,null,standard_ping,1.0282082672515804
290,5,colored_noise_null,null,standard_ping,0.9293183456789489
291,0,colored_noise_null,null,eta_only,0.9214484161800803
291,1,colored_noise_null,null,eta_only,0.7727535843764641
291,2,colored_noise_null,null,null_no_coupling,1.07327618307782
291,3,colored_noise_null,null,eta_only,0.839523631037877
291,4,colored_noise_null,null,null_no_coupling,0.9789095028994458
291,5,colored_noise_null,null,null_no_coupling,0.9257197531447343
292,0,colored_noise_null,null,null_no_coupling,1.0369704278383498
292,1,colored_noise_null,null,eta_only,0.8497628992796298
292,2,colored_noise_null,null,sensory_drive_only,0.9481013325737855
292,3,colored_noise_null,null,zeta_only,0.9526042127454374
292,4,colored_noise_null,null,eta_only,1.012289514981293
292,5,colored_noise_null,null,zeta_only,0.9765154342361839
293,0,colored_noise_null,null,null_no_coupling,0.8804579391932823
293,1,colored_noise_null,null,standard_ping,1.0155433012069546
293,2,colored_noise_null,null,null_no_coupling,1.024788340685978
293,3,colored_noise_null,null,colored_noise_alt,1.063132412621523
293,4,colored_noise_null,null,sensory_drive_only,0.9863978779395094
293,5,colored_noise_null,null,zeta_only,0.8637616731380281
294,0,colored_noise_null,null,null_no_coupling,1.0649492263339733
294,1,colored_noise_null,null,colored_noise_alt,0.9540109025454221
294,2,colored_noise_null,null,standard_ping,0.9905233791554068
294,3,colored_noise_null,null,colored_noise_alt,1.0271367204933475
294,4,colored_noise_null,null,null_no_coupling,0.9654656042124947
294,5,colored_noise_null,null,eta_only,1.0906744844338445
295,0,colored_noise_null,null,eta_only,0.9958030880720324
295,1,colored_noise_null,null,sensory_drive_only,0.8405475492710522
295,2,colored_noise_null,null,null_no_coupling,0.8052154581411815
295,3,colored_noise_null,null,standard_ping,0.9429003751006158
295,4,colored_noise_null,null,sensory_drive_only,0.8857851708912555
295,5,colored_noise_null,null,null_no_coupling,0.9669362570877998
296,0,colored_noise_null,null,full_reciprocal,0.8078755898502749
296,1,colored_noise_null,null,null_no_coupling,0.9020590700530499
296,2,colored_noise_null,null,sensory_drive_only,1.0116462719922834
296,3,colored_noise_null,null,standard_ping,1.0504001028822922
296,4,colored_noise_null,null,null_no_coupling,0.8073007803853474
296,5,colored_noise_null,null,colored_noise_alt,1.0677894294371728
297,0,colored_noise_null,null,standard_ping,0.9480480999610067
297,1,colored_noise_null,null,null_no_coupling,0.877260956176982
297,2,colored_noise_null,null,sensory_drive_only,0.857714833890939
297,3,colored_noise_null,null,zeta_only,0.9799909726955834
297,4,colored_noise_null,null,null_no_coupling,0.8177771885884676
297,5,colored_noise_null,null,standard_ping,0.9292607156908376
298,0,colored_noise_null,null,eta_only,0.9646638549196379
298,1,colored_noise_null,null,standard_ping,0.9292982483288413
298,2,colored_noise_null,null,colored_noise_alt,0.8784476743556363
298,3,colored_noise_null,null,null_no_coupling,1.0845196119613292
298,4,colored_noise_null,null,zeta_only,0.9371535757427436
298,5,colored_noise_null,null,zeta_only,1.0302221534062501
299,0,colored_noise_null,null,sensory_drive_only,0.8666565748883363
299,1,colored_noise_null,null,null_no_coupling,0.9932111550126721
299,2,colored_noise_null,null,sensory_drive_only,0.9597533898901711
299,3,colored_noise_null,null,null_no_coupling,0.9220566237870448
299,4,colored_noise_null,null,null_no_coupling,0.994326341423611
299,5,colored_noise_null,null,sensory_drive_only,0.9516779508036217
300,0,colored_noise_null,null,eta_only,0.9467872030676117
300,1,colored_noise_null,null,eta_only,0.8267874668559101
300,2,colored_noise_null,null,standard_ping,0.9892494638878435
300,3,colored_noise_null,null,standard_ping,0.6966114859201508
300,4,colored_noise_null,null,eta_only,0.8785163203616385
300,5,colored_noise_null,null,colored_noise_alt,1.0290694433331504
301,0,colored_noise_null,null,sensory_drive_only,0.715196293523302
301,1,colored_noise_null,null,eta_only,0.9985617410668166
301,2,colored_noise_null,null,standard_ping,1.155844953888275
301,3,colored_noise_null,null,sensory_drive_only,1.0221177573294247
301,4,colored_noise_null,null,zeta_only,0.8491549093036016
301,5,colored_noise_null,null,zeta_only,0.9005653115347947
302,0,colored_noise_null,null,sensory_drive_only,0.9997680956249715
302,1,colored_noise_null,null,sensory_drive_only,0.989475177646316
302,2,colored_noise_null,null,colored_noise_alt,0.9127861304331318
302,3,colored_noise_null,null,sensory_drive_only,0.9012496673481882
302,4,colored_noise_null,null,zeta_only,0.9823648750333485
302,5,colored_noise_null,null,zeta_only,0.9394303627087401
303,0,colored_noise_null,null,null_no_coupling,1.0045415268889695
303,1,colored_noise_null,null,null_no_coupling,0.812904486028437
303,2,colored_noise_null,null,null_no_coupling,0.97192943083165
303,3,colored_noise_null,null,standard_ping,0.8713319023701015
303,4,colored_noise_null,null,sensory_drive_only,0.8389544439221078
303,5,colored_noise_null,null,sensory_drive_only,0.9998377851978898
304,0,colored_noise_null,null,eta_only,0.7527481399195475
304,1,colored_noise_null,null,colored_noise_alt,0.9980923809504936
304,2,colored_noise_null,null,standard_ping,0.8240561875729384
304,3,colored_noise_null,null,null_no_coupling,0.9324454002085727
304,4,colored_noise_null,null,zeta_only,0.9455723407829987
304,5,colored_noise_null,null,zeta_only,1.0986823180736505
305,0,colored_noise_null,null,eta_only,0.9828587116599384
305,1,colored_noise_null,null,null_no_coupling,0.8986711187827138
305,2,colored_noise_null,null,zeta_only,0.8821810800142267
305,3,colored_noise_null,null,zeta_only,1.0594403715365126
305,4,colored_noise_null,null,sensory_drive_only,0.9619262431530632
305,5,colored_noise_null,null,zeta_only,0.9295182499150773
306,0,colored_noise_null,null,sensory_drive_only,0.8272576724671381
306,1,colored_noise_null,null,sensory_drive_only,1.0014713058075155
306,2,colored_noise_null,null,null_no_coupling,0.969738865291094
306,3,colored_noise_null,null,standard_ping,0.8874520778085261
306,4,colored_noise_null,null,null_no_coupling,0.8754841824733798
306,5,colored_noise_null,null,zeta_only,0.9887265770299597
307,0,colored_noise_null,null,zeta_only,0.8391540175233727
307,1,colored_noise_null,null,zeta_only,0.9742662486870455
307,2,colored_noise_null,null,eta_only,0.9907893690890254
307,3,colored_noise_null,null,null_no_coupling,0.9934129772429175
307,4,colored_noise_null,null,sensory_drive_only,0.9628083453676586
307,5,colored_noise_null,null,zeta_only,0.8801440509976434
308,0,colored_noise_null,null,colored_noise_alt,0.9286190658253742
308,1,colored_noise_null,null,standard_ping,0.9077855640806598
308,2,colored_noise_null,null,colored_noise_alt,0.8617486247368655
308,3,colored_noise_null,null,null_no_coupling,0.9238258334123729
308,4,colored_noise_null,null,sensory_drive_only,0.944293757357179
308,5,colored_noise_null,null,zeta_only,0.9401761647963599
309,0,colored_noise_null,null,sensory_drive_only,0.9880020859298141
309,1,colored_noise_null,null,colored_noise_alt,0.9528404117988611
309,2,colored_noise_null,null,colored_noise_alt,0.9290254451052343
309,3,colored_noise_null,null,zeta_only,0.8108259110091097
309,4,colored_noise_null,null,standard_ping,1.0466279255293585
309,5,colored_noise_null,null,null_no_coupling,0.912138868539092
310,0,colored_noise_null,null,zeta_only,0.9551365002936943
310,1,colored_noise_null,null,null_no_coupling,0.9857676097906715
310,2,colored_noise_null,null,sensory_drive_only,0.9845676334838617
310,3,colored_noise_null,null,null_no_coupling,0.9800766497959922
310,4,colored_noise_null,null,eta_only,1.0939673262324405
310,5,colored_noise_null,null,standard_ping,0.9730400965883135
311,0,permuted_label_null,null,generic_hidden_oscillator,1.018255291988115
311,1,permuted_label_null,null,eta_only,0.9684372803259955
311,2,permuted_label_null,null,generic_hidden_oscillator,0.9157421131018535
311,3,permuted_label_null,null,sensory_drive_only,0.8452674946006774
311,4,permuted_label_null,null,sensory_drive_only,0.8267363616898212
311,5,permuted_label_null,null,null_no_coupling,0.950161209001698
312,0,permuted_label_null,null,eta_only,0.938899621003618
312,1,permuted_label_null,null,null_no_coupling,0.8494477795788102
312,2,permuted_label_null,null,null_no_coupling,1.0368745258723158
312,3,permuted_label_null,null,generic_hidden_oscillator,0.9665147955375162
312,4,permuted_label_null,null,colored_noise_alt,1.1307130700773267
312,5,permuted_label_null,null,eta_only,0.9598958326734323
313,0,permuted_label_null,null,zeta_only,0.9650682127131944
313,1,permuted_label_null,null,standard_ping,1.103892650812314
313,2,permuted_label_null,null,colored_noise_alt,0.9486729964805347
313,3,permuted_label_null,null,null_no_coupling,0.8305397950359197
313,4,permuted_label_null,null,eta_only,0.8571129794112177
313,5,permuted_label_null,null,eta_only,0.9004778677361113
314,0,permuted_label_null,null,null_no_coupling,0.9409881163893978
314,1,permuted_label_null,null,standard_ping,1.0027978189340783
314,2,permuted_label_null,null,replay_only_basis,0.900837024811913
314,3,permuted_label_null,null,colored_noise_alt,0.8969833440793206
314,4,permuted_label_null,null,generic_hidden_oscillator,0.9114773814825654
314,5,permuted_label_null,null,sensory_drive_only,0.9633738086373805
315,0,permuted_label_null,null,generic_hidden_oscillator,0.8680653928062629
315,1,permuted_label_null,null,generic_hidden_oscillator,0.8742408921680239
315,2,permuted_label_null,null,zeta_only,0.9379002504209493
315,3,permuted_label_null,null,zeta_only,0.9697344431922826
315,4,permuted_label_null,null,null_no_coupling,1.0809040528031013
315,5,permuted_label_null,null,standard_ping,0.9659887988509039
316,0,permuted_label_null,null,null_no_coupling,0.7837414441611716
316,1,permuted_label_null,null,replay_only_basis,0.9885872570368216
316,2,permuted_label_null,null,sensory_drive_only,0.9213401920660871
316,3,permuted_label_null,null,null_no_coupling,0.9503475945926769
316,4,permuted_label_null,null,null_no_coupling,0.9226322506412387
316,5,permuted_label_null,null,colored_noise_alt,0.9925964727554794
317,0,permuted_label_null,null,sensory_drive_only,0.9052153584293849
317,1,permuted_label_null,null,null_no_coupling,0.9458097675097527
317,2,permuted_label_null,null,colored_noise_alt,0.9478105295673445
317,3,permuted_label_null,null,standard_ping,0.8602553766808332
317,4,permuted_label_null,null,sensory_drive_only,0.8907964827720122
317,5,permuted_label_null,null,eta_only,1.0335764915048622
318,0,permuted_label_null,null,eta_only,0.968822574573358
318,1,permuted_label_null,null,eta_only,0.9739143497132537
318,2,permuted_label_null,null,eta_only,0.8713983667244485
318,3,permuted_label_null,null,null_no_coupling,0.9529752894358936
318,4,permuted_label_null,null,sensory_drive_only,0.7381181686801308
318,5,permuted_label_null,null,null_no_coupling,0.9171172023329968
319,0,permuted_label_null,null,generic_hidden_oscillator,0.9151150849485133
319,1,permuted_label_null,null,generic_hidden_oscillator,1.0376851178818831
319,2,permuted_label_null,null,colored_noise_alt,1.0599581626278587
319,3,permuted_label_null,null,standard_ping,1.0202463820234282
319,4,permuted_label_null,null,standard_ping,0.9984336896254493
319,5,permuted_label_null,null,standard_ping,0.9014408182546039
320,0,permuted_label_null,null,sensory_drive_only,0.924362067673044
320,1,permuted_label_null,null,null_no_coupling,0.7545209849700255
320,2,permuted_label_null,null,eta_only,0.9303044037552622
320,3,permuted_label_null,null,sensory_drive_only,0.867170508400337
320,4,permuted_label_null,null,null_no_coupling,0.8991583017746523
320,5,permuted_label_null,null,null_no_coupling,0.9898027394246609
321,0,permuted_label_null,null,colored_noise_alt,1.005287265539549
321,1,permuted_label_null,null,colored_noise_alt,0.9045990197158013
321,2,permuted_label_null,null,standard_ping,0.8761942104764129
321,3,permuted_label_null,null,null_no_coupling,0.9381521958842503
321,4,permuted_label_null,null,null_no_coupling,1.0785289682993975
321,5,permuted_label_null,null,sensory_drive_only,0.9499824952034056
322,0,permuted_label_null,null,colored_noise_alt,1.038735274186052
322,1,permuted_label_null,null,colored_noise_alt,0.88244902926791
322,2,permuted_label_null,null,sensory_drive_only,0.9550968933774076
322,3,permuted_label_null,null,sensory_drive_only,0.871277325246801
322,4,permuted_label_null,null,sensory_drive_only,0.8038352475082582
322,5,permuted_label_null,null,zeta_only,0.9753207861483517
323,0,permuted_label_null,null,sensory_drive_only,0.9314083306683033
323,1,permuted_label_null,null,sensory_drive_only,1.0054043168989886
323,2,permuted_label_null,null,null_no_coupling,0.8729254015691799
323,3,permuted_label_null,null,generic_hidden_oscillator,0.9833535175292872
323,4,permuted_label_null,null,colored_noise_alt,0.8456126714246059
323,5,permuted_label_null,null,eta_only,0.9641638634337197
324,0,permuted_label_null,null,standard_ping,1.0732641475974307
324,1,permuted_label_null,null,sensory_drive_only,1.0382994380483779
324,2,permuted_label_null,null,generic_hidden_oscillator,0.9056786999902142
324,3,permuted_label_null,null,standard_ping,0.874068274874498
324,4,permuted_label_null,null,sensory_drive_only,0.8882587707833224
324,5,permuted_label_null,null,replay_only_basis,0.95030575171779
325,0,permuted_label_null,null,zeta_only,1.036908188716497
325,1,permuted_label_null,null,eta_only,0.9110049675651857
325,2,permuted_label_null,null,zeta_only,0.9657880016257785
325,3,permuted_label_null,null,generic_hidden_oscillator,0.9656204388599356
325,4,permuted_label_null,null,replay_only_basis,0.9667290957690347
325,5,permuted_label_null,null,sensory_drive_only,1.0416854886273557
326,0,permuted_label_null,null,sensory_drive_only,0.88319378460887
326,1,permuted_label_null,null,null_no_coupling,0.8950162276350553
326,2,permuted_label_null,null,colored_noise_alt,0.994215053515664
326,3,permuted_label_null,null,standard_ping,1.0580537217057082
326,4,permuted_label_null,null,sensory_drive_only,0.9238901683662757
326,5,permuted_label_null,null,generic_hidden_oscillator,0.7172387738381668
327,0,permuted_label_null,null,zeta_only,0.8671034340076123
327,1,permuted_label_null,null,null_no_coupling,0.8679246875324916
327,2,permuted_label_null,null,generic_hidden_oscillator,0.9621581327459712
327,3,permuted_label_null,null,null_no_coupling,1.011559864665042
327,4,permuted_label_null,null,null_no_coupling,0.990245963606199
327,5,permuted_label_null,null,eta_only,0.9806491917231973
328,0,permuted_label_null,null,null_no_coupling,0.96338787069971
328,1,permuted_label_null,null,standard_ping,0.9183194761728228
328,2,permuted_label_null,null,eta_only,1.0178602351980064
328,3,permuted_label_null,null,colored_noise_alt,0.9994056048549705
328,4,permuted_label_null,null,sensory_drive_only,0.957814798427161
328,5,permuted_label_null,null,eta_only,0.8057060022614144
329,0,permuted_label_null,null,colored_noise_alt,0.9382297573555601
329,1,permuted_label_null,null,zeta_only,0.9471939750808777
329,2,permuted_label_null,null,eta_only,0.886324271104606
329,3,permuted_label_null,null,eta_only,1.0196868142699673
329,4,permuted_label_null,null,colored_noise_alt,0.9099305842024603
329,5,permuted_label_null,null,standard_ping,0.8520301228133
330,0,permuted_label_null,null,null_no_coupling,0.9465860803412551
330,1,permuted_label_null,null,generic_hidden_oscillator,0.8632933997468752
330,2,permuted_label_null,null,standard_ping,0.9212972026430781
330,3,permuted_label_null,null,zeta_only,1.1486815984908187
330,4,permuted_label_null,null,null_no_coupling,0.950717985644544
330,5,permuted_label_null,null,generic_hidden_oscillator,1.0197615496679084
331,0,permuted_label_null,null,eta_only,0.9663146796930322
331,1,permuted_label_null,null,sensory_drive_only,0.8184848127195344
331,2,permuted_label_null,null,replay_only_basis,1.1330295401927932
331,3,permuted_label_null,null,colored_noise_alt,0.9588459062041798
331,4,permuted_label_null,null,null_no_coupling,0.8734466224140467
331,5,permuted_label_null,null,eta_only,1.0794656784677947
332,0,permuted_label_null,null,standard_ping,0.988694648513965
332,1,permuted_label_null,null,generic_hidden_oscillator,0.8974557299896927
332,2,permuted_label_null,null,eta_only,1.0094296665412634
332,3,permuted_label_null,null,standard_ping,0.9289612448657744
332,4,permuted_label_null,null,standard_ping,1.113556273118367
332,5,permuted_label_null,null,zeta_only,0.9832662821810396
333,0,permuted_label_null,null,null_no_coupling,1.0314408473787609
333,1,permuted_label_null,null,replay_only_basis,0.9889486272735019
333,2,permuted_label_null,null,generic_hidden_oscillator,0.936232770851017
333,3,permuted_label_null,null,standard_ping,0.983715429667071
333,4,permuted_label_null,null,eta_only,0.9009221023948403
333,5,permuted_label_null,null,sensory_drive_only,0.9424234439235298
334,0,permuted_label_null,null,zeta_only,0.8221068890866506
334,1,permuted_label_null,null,eta_only,0.705498214787071
334,2,permuted_label_null,null,standard_ping,0.9868874076599865
334,3,permuted_label_null,null,zeta_only,0.9275267536589513
334,4,permuted_label_null,null,standard_ping,1.0275224057641879
334,5,permuted_label_null,null,replay_only_basis,0.8884055371847829
335,0,permuted_label_null,null,sensory_drive_only,0.8611018314432982
335,1,permuted_label_null,null,sensory_drive_only,0.8518166797352191
335,2,permuted_label_null,null,sensory_drive_only,1.0853211317730174
335,3,permuted_label_null,null,null_no_coupling,1.0307554012524511
335,4,permuted_label_null,null,sensory_drive_only,0.8753173780948946
335,5,permuted_label_null,null,standard_ping,0.8433585556826104
336,0,permuted_label_null,null,eta_only,0.933262025441086
336,1,permuted_label_null,null,colored_noise_alt,0.9829585918090565
336,2,permuted_label_null,null,colored_noise_alt,0.8848030519929652
336,3,permuted_label_null,null,colored_noise_alt,0.8962511446849223
336,4,permuted_label_null,null,standard_ping,1.0533690188370408
336,5,permuted_label_null,null,eta_only,0.9990817592780425
337,0,permuted_label_null,null,sensory_drive_only,1.0167490105098247
337,1,permuted_label_null,null,colored_noise_alt,0.9932012279381383
337,2,permuted_label_null,null,eta_only,0.8249434519993655
337,3,permuted_label_null,null,standard_ping,0.9839913397680293
337,4,permuted_label_null,null,sensory_drive_only,0.8509640785054655
337,5,permuted_label_null,null,sensory_drive_only,0.9865679041849031
338,0,permuted_label_null,null,sensory_drive_only,0.8902051443259351
338,1,permuted_label_null,null,null_no_coupling,1.0005173629037234
338,2,permuted_label_null,null,eta_only,0.867806585485511
338,3,permuted_label_null,null,standard_ping,0.9396283698907264
338,4,permuted_label_null,null,null_no_coupling,1.041605086449702
338,5,permuted_label_null,null,zeta_only,0.9542080479905025
339,0,permuted_label_null,null,null_no_coupling,1.0267522904935986
339,1,permuted_label_null,null,zeta_only,0.855283740727337
339,2,permuted_label_null,null,sensory_drive_only,1.0213520021997498
339,3,permuted_label_null,null,sensory_drive_only,1.0291631123956855
339,4,permuted_label_null,null,eta_only,0.9746067011486197
339,5,permuted_label_null,null,generic_hidden_oscillator,0.9396159596168816
340,0,permuted_label_null,null,colored_noise_alt,1.0468213751386037
340,1,permuted_label_null,null,sensory_drive_only,1.0263110160377964
340,2,permuted_label_null,null,replay_only_basis,0.9009711056990084
340,3,permuted_label_null,null,zeta_only,1.0591611879995986
340,4,permuted_label_null,null,colored_noise_alt,1.0452824737355197
340,5,permuted_label_null,null,sensory_drive_only,1.04874163051239
341,0,permuted_label_null,null,null_no_coupling,0.9765487661950634
341,1,permuted_label_null,null,null_no_coupling,0.9179699498083456
341,2,permuted_label_null,null,null_no_coupling,1.0732011090487792
341,3,permuted_label_null,null,eta_only,0.9399648763260219
341,4,permuted_label_null,null,sensory_drive_only,0.8516806615366372
341,5,permuted_label_null,null,null_no_coupling,1.0369418376206878
342,0,permuted_label_null,null,zeta_only,0.9044660228712353
342,1,permuted_label_null,null,eta_only,0.9574381846819421
342,2,permuted_label_null,null,eta_only,0.9892419285792875
342,3,permuted_label_null,null,sensory_drive_only,1.0275736472366335
342,4,permuted_label_null,null,sensory_drive_only,0.9149892599220498
342,5,permuted_label_null,null,null_no_coupling,0.9795688389990578
343,0,permuted_label_null,null,null_no_coupling,0.8864901221614607
343,1,permuted_label_null,null,zeta_only,0.8776921336223972
343,2,permuted_label_null,null,standard_ping,0.8872471473588733
343,3,permuted_label_null,null,null_no_coupling,0.9763127894017778
343,4,permuted_label_null,null,null_no_coupling,0.8879884966820345
343,5,permuted_label_null,null,null_no_coupling,1.0791182053418205
344,0,permuted_label_null,null,generic_hidden_oscillator,1.0203918197507307
344,1,permuted_label_null,null,null_no_coupling,1.0086644921476133
344,2,permuted_label_null,null,null_no_coupling,1.0992734529456016
344,3,permuted_label_null,null,colored_noise_alt,1.0282604928341768
344,4,permuted_label_null,null,eta_only,0.9061782917987188
344,5,permuted_label_null,null,colored_noise_alt,0.902659351231279
345,0,permuted_label_null,null,colored_noise_alt,0.913713557487386
345,1,permuted_label_null,null,eta_only,1.0119917231600895
345,2,permuted_label_null,null,standard_ping,0.9396111975255752
345,3,permuted_label_null,null,eta_only,0.9776002427943512
345,4,permuted_label_null,null,null_no_coupling,0.9678740584558716
345,5,permuted_label_null,null,eta_only,0.8525569188457655
346,0,permuted_label_null,null,generic_hidden_oscillator,1.0342771312943606
346,1,permuted_label_null,null,sensory_drive_only,0.8610611253868433
346,2,permuted_label_null,null,zeta_only,0.8499809941819421
346,3,permuted_label_null,null,standard_ping,0.926893325654334
346,4,permuted_label_null,null,sensory_drive_only,0.9383832669276984
346,5,permuted_label_null,null,eta_only,0.983045800877168
347,0,permuted_label_null,null,null_no_coupling,0.8641006633668923
347,1,permuted_label_null,null,null_no_coupling,1.0348500539452419
347,2,permuted_label_null,null,eta_only,0.7506960992556532
347,3,permuted_label_null,null,colored_noise_alt,0.9098798083102579
347,4,permuted_label_null,null,zeta_only,0.952146524498848
347,5,permuted_label_null,null,replay_only_basis,1.0428961049574021
348,0,permuted_label_null,null,generic_hidden_oscillator,0.8688033057748377
348,1,permuted_label_null,null,replay_only_basis,0.9560091738234309
348,2,permuted_label_null,null,standard_ping,0.837874219078526
348,3,permuted_label_null,null,null_no_coupling,1.0068721313435263
348,4,permuted_label_null,null,replay_only_basis,0.8012984026339552
348,5,permuted_label_null,null,sensory_drive_only,1.077837452467175
349,0,permuted_label_null,null,null_no_coupling,0.9453726209158895
349,1,permuted_label_null,null,null_no_coupling,1.0185139462468473
349,2,permuted_label_null,null,zeta_only,0.9820632835692994
349,3,permuted_label_null,null,sensory_drive_only,0.9993572407546343
349,4,permuted_label_null,null,zeta_only,1.021355043913796
349,5,permuted_label_null,null,null_no_coupling,0.9494102743869784
350,0,permuted_label_null,null,eta_only,0.9198350285828489
350,1,permuted_label_null,null,null_no_coupling,0.8634576779817976
350,2,permuted_label_null,null,standard_ping,0.8413194214876445
350,3,permuted_label_null,null,eta_only,1.0125802076423753
350,4,permuted_label_null,null,standard_ping,1.0854105450785498
350,5,permuted_label_null,null,generic_hidden_oscillator,1.0291405132627207
351,0,permuted_label_null,null,generic_hidden_oscillator,0.9621008305977304
351,1,permuted_label_null,null,standard_ping,0.883100224246778
351,2,permuted_label_null,null,sensory_drive_only,0.953507172727119
351,3,permuted_label_null,null,null_no_coupling,1.0513333923594053
351,4,permuted_label_null,null,null_no_coupling,0.9897216133027156
351,5,permuted_label_null,null,zeta_only,0.877505541109345
352,0,permuted_label_null,null,standard_ping,0.9411148056893619
352,1,permuted_label_null,null,eta_only,0.9080499977003113
352,2,permuted_label_null,null,sensory_drive_only,0.899455904770542
352,3,permuted_label_null,null,replay_only_basis,1.010765301857812
352,4,permuted_label_null,null,zeta_only,1.0033998225944611
352,5,permuted_label_null,null,sensory_drive_only,0.8705138299711442
353,0,permuted_label_null,null,standard_ping,0.9378184351132018
353,1,permuted_label_null,null,replay_only_basis,0.8188800922850352
353,2,permuted_label_null,null,colored_noise_alt,0.927327200215292
353,3,permuted_label_null,null,generic_hidden_oscillator,0.8457034636536471
353,4,permuted_label_null,null,null_no_coupling,0.9374420728261602
353,5,permuted_label_null,null,sensory_drive_only,0.9604956381013681
354,0,permuted_label_null,null,null_no_coupling,0.882986286275983
354,1,permuted_label_null,null,eta_only,1.0117560078474455
354,2,permuted_label_null,null,eta_only,0.9927473789718343
354,3,permuted_label_null,null,sensory_drive_only,0.9811819011078405
354,4,permuted_label_null,null,colored_noise_alt,0.9202550033236258
354,5,permuted_label_null,null,standard_ping,0.8975257032639645
355,0,permuted_label_null,null,sensory_drive_only,0.7783316647846642
355,1,permuted_label_null,null,zeta_only,1.1378109743654283
355,2,permuted_label_null,null,colored_noise_alt,1.0067456657872702
355,3,permuted_label_null,null,zeta_only,0.7928177060604751
355,4,permuted_label_null,null,colored_noise_alt,0.9748651750524657
355,5,permuted_label_null,null,sensory_drive_only,0.8348460797623214
356,0,permuted_label_null,null,sensory_drive_only,0.9496168621967989
356,1,permuted_label_null,null,null_no_coupling,1.0339502266110325
356,2,permuted_label_null,null,eta_only,0.9265773964577534
356,3,permuted_label_null,null,standard_ping,0.8843103931036062
356,4,permuted_label_null,null,eta_only,0.8683117365098534
356,5,permuted_label_null,null,eta_only,1.0689971676510246
357,0,permuted_label_null,null,zeta_only,1.0218338408279035
357,1,permuted_label_null,null,standard_ping,1.0373491053462016
357,2,permuted_label_null,null,standard_ping,0.9892406082018206
357,3,permuted_label_null,null,replay_only_basis,0.9608876767009582
357,4,permuted_label_null,null,null_no_coupling,1.0367625549671247
357,5,permuted_label_null,null,eta_only,0.8926064446283415
358,0,permuted_label_null,null,colored_noise_alt,0.9467361105799758
358,1,permuted_label_null,null,standard_ping,1.036225135173781
358,2,permuted_label_null,null,null_no_coupling,0.9785965770298728
358,3,permuted_label_null,null,zeta_only,0.9174945368281722
358,4,permuted_label_null,null,colored_noise_alt,0.9025702104466777
358,5,permuted_label_null,null,zeta_only,0.9108257919321208
359,0,permuted_label_null,null,colored_noise_alt,0.9301325757588789
359,1,permuted_label_null,null,colored_noise_alt,0.8827475094961375
359,2,permuted_label_null,null,sensory_drive_only,1.0565305490654222
359,3,permuted_label_null,null,standard_ping,0.896339322185832
359,4,permuted_label_null,null,null_no_coupling,0.9868475593209508
359,5,permuted_label_null,null,eta_only,0.969351699137003
360,0,permuted_label_null,null,sensory_drive_only,0.8943674441704418
360,1,permuted_label_null,null,colored_noise_alt,0.8427794459711542
360,2,permuted_label_null,null,generic_hidden_oscillator,1.025010468610685
360,3,permuted_label_null,null,eta_only,0.8102670524141824
360,4,permuted_label_null,null,eta_only,0.989442977918034
360,5,permuted_label_null,null,generic_hidden_oscillator,0.9877496228140257
361,0,time_reversed_null,null,replay_only_basis,0.9424337905592443
361,1,time_reversed_null,null,zeta_only,0.8861334001432241
361,2,time_reversed_null,null,standard_ping,0.8956205204877972
361,3,time_reversed_null,null,colored_noise_alt,1.0487124074661416
361,4,time_reversed_null,null,standard_ping,0.8749431495825234
361,5,time_reversed_null,null,zeta_only,0.9418248192021474
362,0,time_reversed_null,null,generic_hidden_oscillator,1.0978667381663727
362,1,time_reversed_null,null,eta_only,0.9111233432100264
362,2,time_reversed_null,null,standard_ping,0.9310741427545692
362,3,time_reversed_null,null,zeta_only,0.9935720591232413
362,4,time_reversed_null,null,zeta_only,0.99495444425395
362,5,time_reversed_null,null,zeta_only,1.0019373142103993
363,0,time_reversed_null,null,eta_only,0.9559188234659939
363,1,time_reversed_null,null,colored_noise_alt,0.8100407837294451
363,2,time_reversed_null,null,sensory_drive_only,0.9976129716991115
363,3,time_reversed_null,null,standard_ping,0.9061043903783221
363,4,time_reversed_null,null,null_no_coupling,1.1541122501928058
363,5,time_reversed_null,null,replay_only_basis,1.0405029283529403
364,0,time_reversed_null,null,eta_only,0.9371643641709028
364,1,time_reversed_null,null,sensory_drive_only,0.9232697512004464
364,2,time_reversed_null,null,eta_only,0.9499533434219469
364,3,time_reversed_null,null,sensory_drive_only,0.960066631386064
364,4,time_reversed_null,null,sensory_drive_only,0.857949540926625
364,5,time_reversed_null,null,sensory_drive_only,0.9594048387327196
365,0,time_reversed_null,null,replay_only_basis,0.984662406965157
365,1,time_reversed_null,null,sensory_drive_only,0.8122688321923758
365,2,time_reversed_null,null,zeta_only,0.9666506896844346
365,3,time_reversed_null,null,generic_hidden_oscillator,0.8396706952808979
365,4,time_reversed_null,null,standard_ping,0.824100189531649
365,5,time_reversed_null,null,sensory_drive_only,0.9583009340637887
366,0,time_reversed_null,null,eta_only,0.9989487633681592
366,1,time_reversed_null,null,standard_ping,1.0140955238101044
366,2,time_reversed_null,null,zeta_only,0.9325115955831627
366,3,time_reversed_null,null,replay_only_basis,0.8059731399296334
366,4,time_reversed_null,null,eta_only,0.9368165867547681
366,5,time_reversed_null,null,replay_only_basis,0.9770910026951413
367,0,time_reversed_null,null,generic_hidden_oscillator,1.0391539469915236
367,1,time_reversed_null,null,sensory_drive_only,0.8906224155236833
367,2,time_reversed_null,null,colored_noise_alt,0.9440644304993218
367,3,time_reversed_null,null,zeta_only,0.9129462417331229
367,4,time_reversed_null,null,zeta_only,0.9978105647328013
367,5,time_reversed_null,null,colored_noise_alt,1.0089841387347642
368,0,time_reversed_null,null,standard_ping,0.9240237238608445
368,1,time_reversed_null,null,null_no_coupling,0.870477938882263
368,2,time_reversed_null,null,zeta_only,0.7841415554323813
368,3,time_reversed_null,null,standard_ping,0.9337028321666961
368,4,time_reversed_null,null,sensory_drive_only,0.9572371752729378
368,5,time_reversed_null,null,colored_noise_alt,0.9403121397363156
369,0,time_reversed_null,null,colored_noise_alt,1.0444536533878015
369,1,time_reversed_null,null,standard_ping,0.8743699261820177
369,2,time_reversed_null,null,standard_ping,1.0622784974193178
369,3,time_reversed_null,null,zeta_only,0.8521784676770681
369,4,time_reversed_null,null,replay_only_basis,0.832898147278002
369,5,time_reversed_null,null,standard_ping,1.0402316234723523
370,0,time_reversed_null,null,sensory_drive_only,0.8074275535136188
370,1,time_reversed_null,null,standard_ping,0.9988124989553788
370,2,time_reversed_null,null,generic_hidden_oscillator,1.0443545623122403
370,3,time_reversed_null,null,standard_ping,0.9351095721189092
370,4,time_reversed_null,null,zeta_only,0.9265085077848451
370,5,time_reversed_null,null,standard_ping,0.9174180005049954
371,0,time_reversed_null,null,zeta_only,0.8413009488069111
371,1,time_reversed_null,null,colored_noise_alt,0.8409419311704371
371,2,time_reversed_null,null,zeta_only,1.0499359730951099
371,3,time_reversed_null,null,eta_only,0.9265938491628088
371,4,time_reversed_null,null,eta_only,0.8752348133477929
371,5,time_reversed_null,null,colored_noise_alt,0.8744923216187321
372,0,time_reversed_null,null,generic_hidden_oscillator,0.9231444526138757
372,1,time_reversed_null,null,replay_only_basis,0.8754919510039498
372,2,time_reversed_null,null,zeta_only,0.9574376424887651
372,3,time_reversed_null,null,sensory_drive_only,1.053918281964955
372,4,time_reversed_null,null,replay_only_basis,1.074993140970755
372,5,time_reversed_null,null,sensory_drive_only,1.0611406213713628
373,0,time_reversed_null,null,eta_only,0.9998542546474306
373,1,time_reversed_null,null,standard_ping,1.012126011765524
373,2,time_reversed_null,null,colored_noise_alt,0.983700831116137
373,3,time_reversed_null,null,replay_only_basis,0.9470575634132861
373,4,time_reversed_null,null,generic_hidden_oscillator,0.9675508266537503
373,5,time_reversed_null,null,sensory_drive_only,1.0644769858128442
374,0,time_reversed_null,null,replay_only_basis,1.0828437678660587
374,1,time_reversed_null,null,zeta_only,1.0638823390066137
374,2,time_reversed_null,null,colored_noise_alt,1.0421408500332046
374,3,time_reversed_null,null,colored_noise_alt,0.9819895320749421
374,4,time_reversed_null,null,replay_only_basis,0.7418192829749027
374,5,time_reversed_null,null,standard_ping,1.0098124039704068
375,0,time_reversed_null,null,generic_hidden_oscillator,0.9086739399365014
375,1,time_reversed_null,null,generic_hidden_oscillator,1.008586007760293
375,2,time_reversed_null,null,sensory_drive_only,0.9833447104173545
375,3,time_reversed_null,null,generic_hidden_oscillator,0.9171719153276408
375,4,time_reversed_null,null,null_no_coupling,0.8267773732303519
375,5,time_reversed_null,null,replay_only_basis,0.901696128332243
376,0,time_reversed_null,null,standard_ping,0.8572679531420736
376,1,time_reversed_null,null,zeta_only,0.9703924681414967
376,2,time_reversed_null,null,zeta_only,0.9167609981001312
376,3,time_reversed_null,null,zeta_only,0.938945037823981
376,4,time_reversed_null,null,sensory_drive_only,0.8276927045862629
376,5,time_reversed_null,null,sensory_drive_only,1.000297789297074
377,0,time_reversed_null,null,generic_hidden_oscillator,1.020792443521145
377,1,time_reversed_null,null,colored_noise_alt,0.8691439468360507
377,2,time_reversed_null,null,replay_only_basis,0.8590856411374854
377,3,time_reversed_null,null,standard_ping,0.9636456286674813
377,4,time_reversed_null,null,generic_hidden_oscillator,0.9541976968999553
377,5,time_reversed_null,null,zeta_only,1.136507331758575
378,0,time_reversed_null,null,zeta_only,0.7823999229165048
378,1,time_reversed_null,null,sensory_drive_only,1.011841107655346
378,2,time_reversed_null,null,colored_noise_alt,0.8655701037093618
378,3,time_reversed_null,null,colored_noise_alt,1.0707962525768306
378,4,time_reversed_null,null,standard_ping,0.9729290491928206
378,5,time_reversed_null,null,colored_noise_alt,1.0489090524474451
379,0,time_reversed_null,null,replay_only_basis,0.9973911785605994
379,1,time_reversed_null,null,sensory_drive_only,0.8826648266485453
379,2,time_reversed_null,null,replay_only_basis,0.7813258331067809
379,3,time_reversed_null,null,eta_only,0.867954622629767
379,4,time_reversed_null,null,sensory_drive_only,1.034071911142463
379,5,time_reversed_null,null,replay_only_basis,0.9075754157250262
380,0,time_reversed_null,null,colored_noise_alt,1.0317626409333922
380,1,time_reversed_null,null,generic_hidden_oscillator,0.9761155931991294
380,2,time_reversed_null,null,sensory_drive_only,0.9588309949391914
380,3,time_reversed_null,null,standard_ping,1.0784569626671487
380,4,time_reversed_null,null,eta_only,1.0155310143879632
380,5,time_reversed_null,null,sensory_drive_only,1.0128747587346927
381,0,time_reversed_null,null,null_no_coupling,0.8879550244625876
381,1,time_reversed_null,null,colored_noise_alt,1.0598164381492852
381,2,time_reversed_null,null,standard_ping,0.8700290160154147
381,3,time_reversed_null,null,generic_hidden_oscillator,0.898282199476425
381,4,time_reversed_null,null,generic_hidden_oscillator,0.8730960166136407
381,5,time_reversed_null,null,standard_ping,1.0148749631411638
382,0,time_reversed_null,null,sensory_drive_only,0.9453089398144349
382,1,time_reversed_null,null,standard_ping,0.9133059650092644
382,2,time_reversed_null,null,sensory_drive_only,1.0508058935602818
382,3,time_reversed_null,null,standard_ping,0.9359449516124321
382,4,time_reversed_null,null,zeta_only,0.9669857022376824
382,5,time_reversed_null,null,generic_hidden_oscillator,0.9732960605529921
383,0,time_reversed_null,null,replay_only_basis,0.9243065431940346
383,1,time_reversed_null,null,zeta_only,0.9917036262092194
383,2,time_reversed_null,null,zeta_only,0.9535050366371168
383,3,time_reversed_null,null,replay_only_basis,1.0349678945986365
383,4,time_reversed_null,null,standard_ping,0.918578905791388
383,5,time_reversed_null,null,standard_ping,0.9690233944254957
384,0,time_reversed_null,null,zeta_only,0.9626978550059457
384,1,time_reversed_null,null,eta_only,0.9564724216349311
384,2,time_reversed_null,null,colored_noise_alt,1.0126867083181135
384,3,time_reversed_null,null,standard_ping,0.8691493686011735
384,4,time_reversed_null,null,sensory_drive_only,1.006505439600149
384,5,time_reversed_null,null,sensory_drive_only,0.9002103753754197
385,0,time_reversed_null,null,colored_noise_alt,0.9269012310305947
385,1,time_reversed_null,null,generic_hidden_oscillator,0.951970757419917
385,2,time_reversed_null,null,colored_noise_alt,0.9449619389682811
385,3,time_reversed_null,null,eta_only,0.8806735484299831
385,4,time_reversed_null,null,sensory_drive_only,0.9086229268803072
385,5,time_reversed_null,null,sensory_drive_only,0.9437715618274464
386,0,time_reversed_null,null,sensory_drive_only,0.9016620529305538
386,1,time_reversed_null,null,colored_noise_alt,1.0942317080390345
386,2,time_reversed_null,null,replay_only_basis,0.907697624907522
386,3,time_reversed_null,null,sensory_drive_only,0.9573407512226882
386,4,time_reversed_null,null,sensory_drive_only,0.9410230505993594
386,5,time_reversed_null,null,standard_ping,0.883598564206759
387,0,time_reversed_null,null,eta_only,0.8745391128181992
387,1,time_reversed_null,null,colored_noise_alt,1.0470283945839953
387,2,time_reversed_null,null,zeta_only,0.9412880666083738
387,3,time_reversed_null,null,zeta_only,0.8786805706018482
387,4,time_reversed_null,null,null_no_coupling,0.8821793645008026
387,5,time_reversed_null,null,standard_ping,1.0349301687631336
388,0,time_reversed_null,null,sensory_drive_only,1.0368041557999876
388,1,time_reversed_null,null,sensory_drive_only,0.8187300130709553
388,2,time_reversed_null,null,eta_only,0.9846466998033832
388,3,time_reversed_null,null,standard_ping,1.0128536122033651
388,4,time_reversed_null,null,zeta_only,0.8558273817215228
388,5,time_reversed_null,null,standard_ping,0.9416404910745574
389,0,time_reversed_null,null,sensory_drive_only,1.0210555201608282
389,1,time_reversed_null,null,eta_only,1.0087442327142329
389,2,time_reversed_null,null,null_no_coupling,0.8898751150612951
389,3,time_reversed_null,null,colored_noise_alt,1.0738429747002838
389,4,time_reversed_null,null,zeta_only,0.9178207475328327
389,5,time_reversed_null,null,eta_only,0.8606294458633691
390,0,time_reversed_null,null,replay_only_basis,0.9957019400067297
390,1,time_reversed_null,null,standard_ping,0.9631591392564838
390,2,time_reversed_null,null,replay_only_basis,0.8863341725020636
390,3,time_reversed_null,null,sensory_drive_only,0.9278659606288211
390,4,time_reversed_null,null,zeta_only,0.8571989392064261
390,5,time_reversed_null,null,eta_only,0.9955869838380709
391,0,time_reversed_null,null,replay_only_basis,1.0732739622858694
391,1,time_reversed_null,null,generic_hidden_oscillator,0.9565526171404117
391,2,time_reversed_null,null,generic_hidden_oscillator,1.08355808125165
391,3,time_reversed_null,null,generic_hidden_oscillator,0.9592122181749687
391,4,time_reversed_null,null,colored_noise_alt,1.1628585342953466
391,5,time_reversed_null,null,zeta_only,0.9943698194690637
392,0,time_reversed_null,null,zeta_only,0.9398139982535729
392,1,time_reversed_null,null,replay_only_basis,0.9379356995970245
392,2,time_reversed_null,null,standard_ping,0.8822379491501963
392,3,time_reversed_null,null,replay_only_basis,1.0689684910194137
392,4,time_reversed_null,null,colored_noise_alt,0.9716147154863497
392,5,time_reversed_null,null,eta_only,0.9651475969535658
393,0,time_reversed_null,null,standard_ping,0.9170970570355127
393,1,time_reversed_null,null,standard_ping,0.9567301374890748
393,2,time_reversed_null,null,eta_only,0.9342607465888636
393,3,time_reversed_null,null,eta_only,0.8313884273444644
393,4,time_reversed_null,null,generic_hidden_oscillator,1.0416127692569859
393,5,time_reversed_null,null,sensory_drive_only,1.0280804738379234
394,0,time_reversed_null,null,replay_only_basis,0.8289746900233036
394,1,time_reversed_null,null,replay_only_basis,0.9078335024662312
394,2,time_reversed_null,null,sensory_drive_only,0.8814188366111421
394,3,time_reversed_null,null,zeta_only,0.9376359611465804
394,4,time_reversed_null,null,colored_noise_alt,0.8809443240651954
394,5,time_reversed_null,null,null_no_coupling,0.9572377664831059
395,0,time_reversed_null,null,sensory_drive_only,1.10833483067259
395,1,time_reversed_null,null,colored_noise_alt,0.9938009444408359
395,2,time_reversed_null,null,sensory_drive_only,0.7448383524829638
395,3,time_reversed_null,null,zeta_only,0.9850519066027769
395,4,time_reversed_null,null,replay_only_basis,0.8945675317460243
395,5,time_reversed_null,null,replay_only_basis,1.0464195414632111
396,0,time_reversed_null,null,replay_only_basis,0.9674545248139348
396,1,time_reversed_null,null,generic_hidden_oscillator,0.923446906821193
396,2,time_reversed_null,null,replay_only_basis,1.057283900747471
396,3,time_reversed_null,null,generic_hidden_oscillator,0.8380730360697721
396,4,time_reversed_null,null,colored_noise_alt,0.9645950057785708
396,5,time_reversed_null,null,eta_only,0.8713574847176062
397,0,time_reversed_null,null,full_reciprocal,0.9052950564822184
397,1,time_reversed_null,null,colored_noise_alt,0.9676837258493379
397,2,time_reversed_null,null,colored_noise_alt,0.9603880423600556
397,3,time_reversed_null,null,standard_ping,1.0190483524112228
397,4,time_reversed_null,null,generic_hidden_oscillator,0.9408657608004907
397,5,time_reversed_null,null,colored_noise_alt,1.0497395717057678
398,0,time_reversed_null,null,eta_only,0.9946155322362269
398,1,time_reversed_null,null,eta_only,0.8917714792289482
398,2,time_reversed_null,null,sensory_drive_only,0.9671085691743178
398,3,time_reversed_null,null,standard_ping,0.9503781752282293
398,4,time_reversed_null,null,standard_ping,0.9798480663591624
398,5,time_reversed_null,null,colored_noise_alt,0.9295464582039143
399,0,time_reversed_null,null,standard_ping,0.9789266261444927
399,1,time_reversed_null,null,eta_only,0.8417066154773126
399,2,time_reversed_null,null,sensory_drive_only,0.8563406049258772
399,3,time_reversed_null,null,zeta_only,0.9505246823573259
399,4,time_reversed_null,null,sensory_drive_only,1.0474562722490135
399,5,time_reversed_null,null,sensory_drive_only,0.9666505520776796
400,0,time_reversed_null,null,standard_ping,1.010810100574734
400,1,time_reversed_null,null,zeta_only,0.7888539903646449
400,2,time_reversed_null,null,replay_only_basis,0.880798722212776
400,3,time_reversed_null,null,replay_only_basis,0.9438748683417416
400,4,time_reversed_null,null,replay_only_basis,1.1082446267152937
400,5,time_reversed_null,null,sensory_drive_only,0.8764172110359226
401,0,time_reversed_null,null,replay_only_basis,0.940428132752931
401,1,time_reversed_null,null,generic_hidden_oscillator,0.9465247283349567
401,2,time_reversed_null,null,replay_only_basis,0.9644108826123182
401,3,time_reversed_null,null,replay_only_basis,0.9180690786944048
401,4,time_reversed_null,null,replay_only_basis,0.8107323033931031
401,5,time_reversed_null,null,colored_noise_alt,0.9773524238509553
402,0,time_reversed_null,null,colored_noise_alt,0.9066693932846845
402,1,time_reversed_null,null,zeta_only,0.7629277706766596
402,2,time_reversed_null,null,eta_only,0.7929030225582737
402,3,time_reversed_null,null,zeta_only,1.029562871226846
402,4,time_reversed_null,null,colored_noise_alt,0.9351020358635949
402,5,time_reversed_null,null,null_no_coupling,0.841707933240724
403,0,time_reversed_null,null,zeta_only,1.0187787041765177
403,1,time_reversed_null,null,sensory_drive_only,0.9683363293550268
403,2,time_reversed_null,null,sensory_drive_only,0.959884461891338
403,3,time_reversed_null,null,standard_ping,0.9810430488195792
403,4,time_reversed_null,null,standard_ping,0.9118009296875188
403,5,time_reversed_null,null,zeta_only,0.8850137989589032
404,0,time_reversed_null,null,eta_only,1.0899507722675632
404,1,time_reversed_null,null,eta_only,0.8667594584421835
404,2,time_reversed_null,null,generic_hidden_oscillator,0.9773599925912403
404,3,time_reversed_null,null,sensory_drive_only,1.007903056880936
404,4,time_reversed_null,null,eta_only,0.8986434634232382
404,5,time_reversed_null,null,colored_noise_alt,0.883530622536204
405,0,time_reversed_null,null,sensory_drive_only,0.9143137343820336
405,1,time_reversed_null,null,replay_only_basis,1.0813103742664174
405,2,time_reversed_null,null,standard_ping,0.9720763401655106
405,3,time_reversed_null,null,standard_ping,0.993775698257231
405,4,time_reversed_null,null,colored_noise_alt,0.9697583769446191
405,5,time_reversed_null,null,standard_ping,1.0042169251778539
406,0,time_reversed_null,null,colored_noise_alt,0.9043384558209848
406,1,time_reversed_null,null,sensory_drive_only,1.0061727503791273
406,2,time_reversed_null,null,colored_noise_alt,0.8748591735578553
406,3,time_reversed_null,null,zeta_only,0.9842576253327042
406,4,time_reversed_null,null,eta_only,0.8751389677922576
406,5,time_reversed_null,null,eta_only,1.001740075035237
407,0,time_reversed_null,null,standard_ping,0.9639374956754916
407,1,time_reversed_null,null,eta_only,0.8731353021522401
407,2,time_reversed_null,null,standard_ping,0.8444547091173722
407,3,time_reversed_null,null,eta_only,0.8570479746027373
407,4,time_reversed_null,null,replay_only_basis,0.835332297275207
407,5,time_reversed_null,null,zeta_only,0.8417482859007568
408,0,time_reversed_null,null,zeta_only,0.8874468391011314
408,1,time_reversed_null,null,sensory_drive_only,0.9627570916534803
408,2,time_reversed_null,null,eta_only,0.8528827896459839
408,3,time_reversed_null,null,generic_hidden_oscillator,0.8622348130294498
408,4,time_reversed_null,null,standard_ping,0.8891556801788714
408,5,time_reversed_null,null,sensory_drive_only,0.8318278000366138
409,0,time_reversed_null,null,standard_ping,1.052469811342122
409,1,time_reversed_null,null,eta_only,0.9811134283540586
409,2,time_reversed_null,null,standard_ping,0.9433785200117852
409,3,time_reversed_null,null,zeta_only,0.9560201354816071
409,4,time_reversed_null,null,sensory_drive_only,0.9269205012823584
409,5,time_reversed_null,null,zeta_only,1.023991792006351
410,0,time_reversed_null,null,standard_ping,0.8491155129100866
410,1,time_reversed_null,null,zeta_only,0.8797176108676777
410,2,time_reversed_null,null,sensory_drive_only,1.0068593489278717
410,3,time_reversed_null,null,colored_noise_alt,0.8899761585318715
410,4,time_reversed_null,null,generic_hidden_oscillator,0.9888054495399499
410,5,time_reversed_null,null,sensory_drive_only,0.907852653926345
