run,phase,cue_index,cue_value,cue_lsl_time,cue_relative_time_sec,cue_source,pre_task_gamma_30_45,pre_task_gamma_35_40,pre_task_theta_4_8,pre_frontal_theta_4_8,pre_visual_gamma_30_45,pre_jaw_hf_45_55,pre_global_p2p_025,pre_artifact_score,rec_task_gamma_30_45,rec_task_gamma_35_40,rec_task_theta_4_8,rec_frontal_theta_4_8,rec_visual_gamma_30_45,rec_jaw_hf_45_55,rec_global_p2p_025,rec_artifact_score,upd_task_gamma_30_45,upd_task_gamma_35_40,upd_task_theta_4_8,upd_frontal_theta_4_8,upd_visual_gamma_30_45,upd_jaw_hf_45_55,upd_global_p2p_025,upd_artifact_score,maint_task_gamma_30_45,maint_task_gamma_35_40,maint_task_theta_4_8,maint_frontal_theta_4_8,maint_visual_gamma_30_45,maint_jaw_hf_45_55,maint_global_p2p_025,maint_artifact_score,DR_taskgamma_30_45,DR_taskgamma_35_40,DR_visualgamma_30_45,WMU_tasktheta_4_8,WMU_frontaltheta_4_8,MAINT_tasktheta_4_8,mean_artifact_score,DR_taskgamma_30_45_z,DR_taskgamma_35_40_z,WMU_tasktheta_4_8_z,WMU_frontaltheta_4_8_z,MAINT_tasktheta_4_8_z,DR_visualgamma_30_45_z,mean_artifact_score_z,OCM_score,OCM_score_z,override_minus_target_1_DR_taskgamma_35_40,override_minus_control_1_DR_taskgamma_35_40,override_minus_target_1_WMU_frontaltheta_4_8,override_minus_control_1_WMU_frontaltheta_4_8,override_minus_target_1_OCM_score,override_minus_control_1_OCM_score,ocm_event_vs_target_null,value,running_sum,prior_running_sum,prior_units_digit,carry_required,high_carry_load,hard9_pattern,digit_recognition_DR,working_memory_update_WMU,maintenance_MAINT,artifact_z_mean,cue_update_event,arithmetic_compute_load,compute_stall_score,cue_visibility_burden,squint_proxy,latent_guess_risk
Arrival_Run1,CONTEXTUAL_OVERRIDE_1,1,8,344670.5635428,3.0,event_log_marker,2.295668847973406,1.4995214351374089,3.297651356001725,3.15014115003266,2.4263236209804213,2.250999364031049,55.449928587587046,2.844809166177744,1.7403011985136727,1.117952173509861,3.345941935403576,3.372151472295236,2.1676843648828537,1.1919140731706332,63.91146089501303,2.0870657983898253,1.4326595319058717,0.8773525481865434,3.223260125992353,3.135495852689418,1.870919929354934,1.2232958609434414,56.37928511472105,1.8742497961665192,1.1495289252933998,0.6977202105305581,2.1038888145739305,2.124622414422103,1.669088749082839,0.892678399494773,34.68188862924186,0.8389841709712877,-0.5553676494597339,-0.3815692616275479,-0.2586392560975676,-0.0743912300093727,-0.0146452973432413,-1.193762541427795,1.911277232926344,-3.948254307240256,-3.484186826813283,-0.1662084001244173,-0.1029095739688582,-1.85425893216364,-1.6149282184369145,3.6137974954741146,-2.437071953966824,-3.026749313473288,-0.5793733419509768,-0.2554742006230043,0.029703061290665,0.6617821453078395,-2.989535044026713,-1.4349144888390075,False,8,8,0.0,0,0,0,0,-3.484186826813283,-0.1029095739688582,-1.85425893216364,3.6137974954741146,False,-8.180222440976605,-4.743432749695577,0.17444960778565888,4.310634860836771,0.00701517331417178
Arrival_Run1,CONTEXTUAL_OVERRIDE_1,2,9,344673.5627206,6.0,event_log_marker,1.1495289252933998,0.6977202105305581,2.1038888145739305,2.124622414422103,1.669088749082839,0.892678399494773,34.68188862924186,0.8389841709712877,1.1196489916223,0.4380938287717441,2.319910453439584,2.0756353857248926,1.353406599250936,0.796793277919244,32.85933364483965,0.7308512682191403,0.9271901662698404,0.3484146772476069,2.5734032134862352,2.806154917246393,1.0376460066882447,0.7623473711283182,36.91068049299865,0.8425240843597279,0.9916211688908552,0.4654510833976725,3.1582905587743486,3.048949005803459,0.9339450004890968,1.047562948825615,52.57867563511294,1.574615824387465,-0.0298799336710997,-0.259626381758814,-0.3156821498319029,0.4695143989123047,0.68153250282429,1.054401744200418,0.9967438369844052,-0.1820907771399342,-2.3740381842461407,0.7675022782147147,1.2484817400099897,1.7511344851232062,-1.997666988228739,1.3262796901542306,-0.4628445052527296,-0.3928987783054724,-0.2412641855583016,-0.2498277379096107,0.676784304939789,0.4606687314929272,-0.3679075276630227,-0.5918508866318466,False,9,17,8.0,8,1,8,1,-2.3740381842461407,1.2484817400099897,1.7511344851232062,1.3262796901542306,False,-2.137345706030622,0.8728585692475267,1.5702799242774739,1.8010873270034589,0.4849077347448095
Arrival_Run1,CONTEXTUAL_OVERRIDE_1,3,1,344676.5627227,9.0,event_log_marker,0.9916211688908552,0.4654510833976725,3.1582905587743486,3.048949005803459,0.9339450004890968,1.047562948825615,52.57867563511294,1.574615824387465,0.789805055940669,0.2257090079785134,1.9604131566217409,1.668882301042203,0.7969855029293045,0.7518293186538914,19.16300046594164,0.3773292999739218,0.963386892033468,0.5741458935094472,1.4203303543940848,1.2438406064064336,0.9205993382592832,0.7912295539360116,23.63781072419053,0.4512861105744857,0.915238401733954,0.5964294509657487,1.5197568110422162,1.576865121451748,0.9523115760604766,0.8692131008677011,16.446643255027368,0.4709284465357708,-0.2018161129501862,-0.239742075419159,-0.1369594975597922,-1.7379602043802638,-1.8051083993970247,-1.6385337477321325,0.7185399203679108,-1.4143551069233242,-2.193014612266216,-3.0220202044686104,-3.5784818825556006,-2.567540959486787,-0.7984976686788453,0.6304096261479925,-2.562757323647652,-3.194428310344815,-0.1774234774610785,-0.2900013502750166,-2.9467310438655634,-1.80728870861821,-3.107824507379948,-2.7879920474787347,False,1,18,17.0,7,0,0,0,-2.193014612266216,-3.5784818825556006,-2.567540959486787,0.6304096261479925,False,-3.980105240248867,-6.065706002060017,-0.6365129202033496,1.0690125486012358,0.01391325374604778
Arrival_Run1,CONTEXTUAL_OVERRIDE_1,4,7,344679.5629422,12.0,event_log_marker,0.915238401733954,0.5964294509657487,1.5197568110422162,1.576865121451748,0.9523115760604766,0.8692131008677011,16.446643255027368,0.4709284465357708,0.7503657175208661,0.3337099250832707,1.6349684489890477,1.300005878223989,0.8259036566986581,0.641304383812985,15.932398003279587,0.2635169350572557,0.5887856099401446,0.2310477712293326,1.4780171762560892,1.5068532467832465,0.5771877643079683,0.7631797918369849,14.313009800719088,0.3501650876333552,0.5701311136083059,0.2273659434375488,1.631420508952188,1.726489756827478,0.7422046143094648,0.4132714383834727,14.85626702057825,0.0924918746171036,-0.1648726842130878,-0.262719525882478,-0.1264079193618185,-0.0417396347861269,-0.0700118746685014,0.1116636979099718,0.2942755859608714,-1.1495820402918602,-2.402197677886496,-0.1101561338789033,-0.2103848649995248,0.2392603004607375,-0.7277001022429083,-0.4308006297319442,-0.8785148449409965,-0.947451673086888,-0.3172167902620157,-0.0899033521307167,-0.0272143309217645,0.3908808679232696,-0.9728375795445268,0.0325656493614779,False,7,25,18.0,8,1,6,0,-2.402197677886496,-0.2103848649995248,0.2392603004607375,-0.4308006297319442,False,-2.201537953728558,-0.9257224138750949,1.1603775094255622,0.48043953557729924,0.28313133191203294
Arrival_Run1,CONTEXTUAL_OVERRIDE_1,5,7,344682.562594,15.0,event_log_marker,0.5701311136083059,0.2273659434375488,1.631420508952188,1.726489756827478,0.7422046143094648,0.4132714383834727,14.85626702057825,0.0924918746171036,0.7718398699385058,0.3852758954390732,1.5563775437000342,1.5336410415813948,0.9194030542612508,0.5569205522480353,15.33473028214664,0.1922756409954006,0.7931090895830997,0.3989760135452327,1.9174227682993368,2.184031500299422,0.76768120616251,0.620753703197143,20.125086405289384,0.279456931913759,0.8182658767231712,0.1890109399249333,1.7733246013021944,1.344382813409615,0.7941521049984666,0.9359820658999686,17.928092187423747,0.5035547168571516,0.2017087563301999,0.1579099520015244,0.1771984399517858,0.2860022593471487,0.457541743471944,0.1419040923500063,0.2669447910958537,1.4777023104256506,1.4271463920527574,0.4524710757310182,0.8136802187212557,0.2877569871785375,1.3093971916960805,-0.4991630101159652,0.6965131426780772,1.1538200475534173,-0.0048930574522832,0.0693070798768926,0.4917463543126795,1.143569781903818,0.3882284490984835,0.6895305747780677,True,7,32,25.0,5,1,3,0,1.4271463920527574,0.8136802187212557,0.2877569871785375,-0.4991630101159652,True,-2.3457493498971123,-0.094641461509122,-0.4713964830112708,0.0,0.2023875918335977
Arrival_Run1,CONTEXTUAL_OVERRIDE_1,6,3,344685.5625449,18.0,event_log_marker,0.8182658767231712,0.1890109399249333,1.7733246013021944,1.344382813409615,0.7941521049984666,0.9359820658999686,17.928092187423747,0.5035547168571516,0.9146260037314928,0.6156913262912399,1.701600807842769,1.6464945058015572,0.9412919719201992,0.6204741753893503,14.208081753805978,0.2588240465021886,0.8561315464544954,0.474945776532244,1.5729257082899624,1.5266011074513193,0.8608358429857601,0.5917451103432965,15.293455697561429,0.2224637766755623,0.5827123025037583,0.3357508169876906,1.192573150768074,1.1218948297313818,0.6213007196843348,0.6946561545028449,15.799442323056091,0.3179008838521474,0.0963601270083217,0.4266803863663065,0.1471398669217327,-0.200398893012232,0.1822182940417043,-0.5807514505341205,0.3256858559717625,0.7226700731778767,3.873989809179133,-0.3825229485352975,0.2792338201070168,-0.8711696775390411,1.1077142035082737,-0.3522342785864906,1.2121813982684686,1.8417818686903185,0.4628092394934064,0.5047157851301256,-0.508434639172872,0.6567396985200358,0.731662318499925,2.252635770402521,False,3,35,32.0,2,0,0,0,3.873989809179133,0.2792338201070168,-0.8711696775390411,-0.3522342785864906,False,-3.0993045586072534,-1.4517883460096133,-2.1167420022696994,0.0,0.054347358938846034
Arrival_Run1,CONTEXTUAL_OVERRIDE_1,7,8,344688.5624394,21.0,event_log_marker,0.5827123025037583,0.3357508169876906,1.192573150768074,1.1218948297313818,0.6213007196843348,0.6946561545028449,15.799442323056091,0.3179008838521474,0.5443911497502716,0.2802759644394928,1.4730106719388574,1.2526940160472384,0.8034863452970464,0.4476825714397798,18.29990286887612,0.1675868355192966,0.4658317401044471,0.2132482545277307,0.8763179109152861,0.935751574500172,0.5268659977735203,0.5210897105166584,12.473461161441804,0.198406377387038,0.7277626114138362,0.2957269190801326,1.7401709398825729,1.698681693623723,0.5417833019730046,0.506475920886723,13.85828152661746,0.1740638811731789,-0.0383211527534866,-0.0554748525481978,0.1821856256127116,-0.3162552398527878,-0.1861432552312099,0.547597789114499,0.2144894944829152,-0.2425888829994816,-0.5154750334075021,-0.581410958598467,-0.4358142580871091,0.9383701977432376,1.342859542212096,-0.6303691809544224,-0.3264816765828379,-0.2109748011552568,0.074521238484455,-0.1137059858304484,0.4441905273293096,-1.0425353428487831,0.6113546000436523,-1.1870647142391224,False,8,43,35.0,5,1,4,0,-0.5154750334075021,-0.4358142580871091,0.9383701977432376,-0.6303691809544224,False,-1.6728647744671126,-0.5369179027078137,0.4090000091901055,0.10309500668150043,0.2862926690959071
Arrival_Run1,CONTEXTUAL_OVERRIDE_1,8,4,344691.5623809,24.0,event_log_marker,0.7277626114138362,0.2957269190801326,1.7401709398825729,1.698681693623723,0.5417833019730046,0.506475920886723,13.85828152661746,0.1740638811731789,0.5538737337375338,0.236614065645742,1.235628559597486,1.2420967868512616,0.6929270053228512,0.539087863403699,11.611284182521944,0.1737956915565093,0.5575055358611318,0.2386420155379321,1.6075116265280285,1.177799340510127,0.7316501675979966,0.5006055645744449,16.311983672327475,0.1855584085306592,0.5665701003917165,0.2448453332977893,1.17182364684183,1.169196513524938,0.7003737983441909,0.5148849489936439,12.619905521995348,0.196881898107922,-0.1738888776763024,-0.0591128534343905,0.1511437033498466,-0.1326593133545446,-0.520882353113596,-0.5683472930407429,0.1825749698420674,-1.214200979957323,-0.5485948166192187,-0.2662359209529908,-1.0855958357509086,-0.851277062012896,1.1345786090217969,-0.710196821681601,-0.8131161485336587,-0.8602021559940429,0.0179885662193082,-0.1828190949700679,-0.4532793062307887,-0.6213579814699386,-0.4885099041697603,-1.4005314312221715,False,4,47,43.0,3,0,0,0,-0.5485948166192187,-1.0855958357509086,-0.851277062012896,-0.710196821681601,False,-2.6812619945167357,-2.442711577417691,-0.246877007264917,0.10971896332384375,0.09349809229608094
Arrival_Run1,CONTEXTUAL_OVERRIDE_1,9,9,344694.5623011,27.0,event_log_marker,0.5665701003917165,0.2448453332977893,1.17182364684183,1.169196513524938,0.7003737983441909,0.5148849489936439,12.619905521995348,0.196881898107922,0.707396101261114,0.298810907320182,1.3808778517101807,0.979275316469471,0.6210017143796626,0.541387258700638,16.757453634214475,0.173337065886768,0.5229500083164235,0.2110928448180955,1.2727006292453895,1.3465310275770428,0.6385086410625908,0.5958187963113492,15.138171751701265,0.226652519817651,0.5438232916280491,0.2680220974463473,1.8840069985543613,2.258643107983526,0.5715429055221705,0.5945378295080562,14.92340915799949,0.2215054973864468,0.1408260008693974,0.0539655740223926,-0.0793720839645283,0.1008769824035598,0.1773345140521047,0.7121833517125318,0.2045942452996969,1.041356404823703,0.4808532567730653,0.1346706362404222,0.2697536300524929,1.2023169687887465,-0.4121053524405578,-0.6551201182030015,0.4430599557072573,0.8156838249120526,0.1911641573381909,0.150485856691183,1.099886094348432,-0.054916460792203,1.4807013300693916,0.7209328551403433,False,9,56,47.0,7,1,7,1,0.4808532567730653,0.2697536300524929,1.2023169687887465,-0.6551201182030015,False,0.09517778962340517,0.7190321998702061,0.15047988917390387,0.0,0.5219796092746731
Arrival_Run1,CONTEXTUAL_OVERRIDE_1,10,5,344697.5626412,30.0,event_log_marker,0.5438232916280491,0.2680220974463473,1.8840069985543613,2.258643107983526,0.5715429055221705,0.5945378295080562,14.92340915799949,0.2215054973864468,0.5569455499473367,0.2964159678329176,1.3675234847385669,1.3711128013960712,0.5842692255295616,0.538135882456063,13.395002279594014,0.1875301737221705,0.6907774752048305,0.2919984883638713,2.18870201836922,2.434131491806968,0.7019565365571103,0.4652068783368568,30.79177202012053,0.5449866430430867,0.7337883186574312,0.3635088374119081,1.2787351825133575,1.308957666676397,0.8230948218342635,0.5157171855613137,14.515672139585318,0.1559176031559896,0.0131222583192875,0.0283938703865702,0.0127263200073911,0.3046950198148583,0.175488383823442,-0.605271816041004,0.2774849793269234,0.1261053658384319,0.2480525216256232,0.4845605212676251,0.2661699990391393,-0.9104931224283374,0.2058441856766768,-0.4727988900554158,0.0228194953007486,0.2550338540782486,0.078933768293383,0.09703113877393,0.2695655758815525,0.2906266800104462,0.3042633004340088,0.3620331113466494,False,5,61,56.0,6,1,2,0,0.2480525216256232,0.2661699990391393,-0.9104931224283374,-0.4727988900554158,False,-1.4050995862555657,-0.9919970831682294,-0.372563717324647,0.0,0.2107938076112896
Arrival_Run1,CONTEXTUAL_OVERRIDE_1,11,1,344700.5621515,33.0,event_log_marker,0.7337883186574312,0.3635088374119081,1.2787351825133575,1.308957666676397,0.8230948218342635,0.5157171855613137,14.515672139585318,0.1559176031559896,0.6676806162985147,0.2575928027496808,1.160685173300899,0.9870653202787388,0.524311769283457,0.4887885779786129,11.95806331595576,0.1340203960026255,0.5616417920927833,0.2072597499940738,2.169866179834324,2.2487253223700425,0.5581628673104807,0.4204573108303243,23.35206764918407,0.2165173522551619,0.4911071523491264,0.2153593917558803,1.922970018588344,1.625342875597412,0.5523742026681135,0.4673519882415801,15.427816106783506,0.1235071164400098,-0.0661077023589165,-0.1059160346622272,-0.2987830525508065,0.891130997320966,0.9397676556936456,0.6442348360749857,0.1574906169634467,-0.4417347176347214,-0.9746835572151265,1.4912821017103028,1.7497570499490134,1.0933475609211336,-1.884279688242132,-0.7729401879702333,0.4352778565950304,0.80530159366265,-0.0642844123608312,-0.0174741925115751,0.930521222573246,0.95027167829544,0.7265873700918614,0.7892698167872714,False,1,62,61.0,1,0,0,0,-0.9746835572151265,1.7497570499490134,1.0933475609211336,-0.7729401879702333,False,-2.1829149759465243,1.208733382105739,1.128636098901242,0.1949367114430253,0.4647523686670531
Arrival_Run1,CONTEXTUAL_OVERRIDE_1,12,4,344703.5620895,36.0,event_log_marker,0.4911071523491264,0.2153593917558803,1.922970018588344,1.625342875597412,0.5523742026681135,0.4673519882415801,15.427816106783506,0.1235071164400098,0.628991790952006,0.2427168628599204,1.3146983626837223,1.0967947887081506,0.7355591361831783,0.7574413752609929,13.079503116649684,0.3483008561831749,0.6269122239349486,0.3340235585567792,1.0437409195629708,1.037391734782235,0.6053646009810181,0.5539940694854065,13.578374718857749,0.1820792912684523,0.6910607751774964,0.2594250451495821,1.198188194964655,0.7878630950399949,0.8245737714010254,0.6356878820999464,15.891607103038956,0.2281705031643022,0.1378846386028795,0.02735747110404,0.1831849335150647,-0.8792290990253726,-0.587951140815177,-0.7247818236236885,0.2205144417639848,1.0202757002436766,0.2386173068931435,-1.5478556430878925,-1.2157869695635592,-1.1021519782303764,1.3495645645584575,-0.6152990104798219,-0.6422886351250476,-0.6322982546954766,-0.1025193845067174,0.1066760309082335,-0.3777314641843179,-0.7442454308210567,-0.5574660578642534,-0.4764531890943263,False,4,66,62.0,2,0,0,0,0.2386173068931435,-1.2157869695635592,-1.1021519782303764,-0.6152990104798219,False,-2.159664226722619,-2.548709983514325,-0.7309498616951131,0.0,0.08880149463614095
Arrival_Run1,CONTEXTUAL_OVERRIDE_1,13,10,344706.5631449,39.0,event_log_marker,0.6910607751774964,0.2594250451495821,1.198188194964655,0.7878630950399949,0.8245737714010254,0.6356878820999464,15.891607103038956,0.2281705031643022,0.6664643170495969,0.2812127937709387,1.393570654119232,1.2153201775709033,0.7218336075234016,0.5295055140461745,11.431912987021205,0.1866238579565041,0.5284326542722556,0.2187409880104101,1.2767013350247782,1.2583806660185697,0.6193086583882189,0.5286575828757067,12.991487495383032,0.1710795024412885,0.6411286511164249,0.1687788779439387,1.5026306068420536,1.452041129918149,0.6404424901887079,0.5720870751472614,14.329274771582892,0.2168975601640495,-0.0245964581278995,0.0217877486213565,-0.1027401638776237,0.0785131400601233,0.4705175709785748,0.3044424118773987,0.2006928559315361,-0.1442241775884782,0.187911436568589,0.0962791262166008,0.8388683539647652,0.5484205832631868,-0.5688973658329586,-0.6648786439000994,0.441636014176152,0.8137841202117698,0.0153436004424012,0.2504544730906152,0.3527817323704405,0.252052659597194,0.3487216090079963,0.8665692105824925,False,10,76,66.0,6,1,7,0,0.187911436568589,0.8388683539647652,0.5484205832631868,-0.6648786439000994,False,-0.17021193930625222,0.7174644569591472,0.2132298846338645,0.0,0.5043780842797695
Arrival_Run1,CONTEXTUAL_OVERRIDE_1,14,10,344709.561955,42.0,event_log_marker,0.6411286511164249,0.1687788779439387,1.5026306068420536,1.452041129918149,0.6404424901887079,0.5720870751472614,14.329274771582892,0.2168975601640495,0.5255237149890892,0.1528436007036878,1.7254392786836596,2.0416308418306457,0.5646072580260888,0.4056886600154883,12.14311757319802,0.0862363650912003,0.5256285409831302,0.2125469775526457,2.74941032410269,3.0764951621208056,0.6267772764691524,0.529583242801695,33.38074863228031,0.59941599428856,0.644223847372254,0.4191706173605846,1.451270912754127,1.4449953663792214,0.645999158111452,0.751699840227247,13.13429924039048,0.3527343762028609,-0.1156049361273356,-0.0159352772402508,-0.0758352321626191,1.2467797172606363,1.6244540322026566,-0.0513596940879266,0.3138210739366677,-0.796480739394156,-0.1555130093594444,2.101816337591749,3.0788416915323342,-0.0221812090100684,-0.3883742578382529,-0.3819115984984272,1.019837857409001,1.585173067937013,-0.1031109178935677,-0.0417200571039293,1.5143159235943235,0.0925834582329634,0.628997613434599,0.0863259565619789,False,10,86,76.0,6,1,7,0,-0.1555130093594444,3.0788416915323342,-0.0221812090100684,-0.3819115984984272,False,0.03193855322775807,2.279407970924054,0.669769069683367,0.03110260187188888,0.7043929217479689
Arrival_Run1,CONTEXTUAL_OVERRIDE_1,15,6,344712.5622029,45.0,event_log_marker,0.644223847372254,0.4191706173605846,1.451270912754127,1.4449953663792214,0.645999158111452,0.751699840227247,13.13429924039048,0.3527343762028609,0.6229987488009703,0.3028620946080417,1.6415291429046557,1.5007388200424892,0.7753712338484671,0.4152790095865118,14.614777526683008,0.0836190017353447,0.6671233518171378,0.3373445855526169,1.8816813172666853,1.976492729031778,0.5931883139513786,0.5485783211206883,24.976425841691466,0.4351007127129321,0.4618975096700751,0.2196461533309074,1.930450054694829,2.0625609838991563,0.6341391669344717,0.6948860738248505,19.867704800646795,0.4244138670896747,-0.0212250985712837,-0.1163085227525428,0.129372075737015,0.4304104045125587,0.5314973626525565,0.4791791419407023,0.3239669894352031,-0.1200616881001628,-1.0692951209142805,0.7003733220221798,0.9572397826093264,0.8286468373478261,0.9884982574935368,-0.3565336708501249,-0.0137721685539137,0.2062162907883359,-0.2531631318905442,-0.0596410389732401,0.8847500829811519,0.9597638883079516,0.8242093656373892,0.6901521868834348,False,6,92,86.0,6,1,3,0,-1.0692951209142805,0.9572397826093264,0.8286468373478261,-0.3565336708501249,False,-0.590629033212406,0.8608853189272829,0.9316539203418621,0.2138590241828561,0.5561290415067006
Arrival_Run1,CONTEXTUAL_OVERRIDE_1,16,6,344715.5618159,48.0,event_log_marker,0.4618975096700751,0.2196461533309074,1.930450054694829,2.0625609838991563,0.6341391669344717,0.6948860738248505,19.867704800646795,0.4244138670896747,0.8742287534892004,0.44446290627762,2.3943807853822707,2.5871379177895366,1.238140182619489,0.8171591977521432,42.63167453220355,1.145636309822017,1.5360426410013823,0.9093303063942986,3.5999723704205344,4.055722606691779,0.9086050265014644,0.9355449947707598,77.86520217027528,2.297774239170103,1.0993775597907616,0.5911371664586579,5.237277850095182,5.828323057876654,1.090069076946467,0.9939022254747552,76.19840756551808,2.275776909674872,0.4123312438191253,0.2248167529467125,0.6040010156850174,1.669522315725705,1.9931616227926223,3.306827795400353,1.5359003314391666,2.9872309010404394,2.0362552988439195,2.8275291403039016,3.794561490700655,5.363362519273477,4.173099961420632,2.674869130837072,1.7592629753802913,2.571652738227145,0.1126082159342586,0.1782942581445548,0.4892181318231825,1.841724594886112,2.326729678280332,1.6514841675222045,False,6,98,92.0,2,0,0,0,2.0362552988439195,3.794561490700655,5.363362519273477,2.674869130837072,False,-1.5937170742552869,4.964696583358238,0.704616712163491,2.674869130837072,0.7841640326395128
Arrival_Run1,CONTEXTUAL_OVERRIDE_1,17,4,344718.5617951,51.0,event_log_marker,1.0993775597907616,0.5911371664586579,5.237277850095182,5.828323057876654,1.090069076946467,0.9939022254747552,76.19840756551808,2.275776909674872,0.9011398609447048,0.4252322648191907,2.2144483673140365,2.5005636402737106,0.8038449087386556,0.8652925462730723,23.141871704418133,0.5395123175153426,1.2979239769382602,0.4762341216582213,3.331717580126959,3.683623701788343,1.2241854726922727,0.8562749857582349,37.34139370141622,0.9464155030713592,1.5420181845149918,1.0124331917364062,4.1029144316975374,4.5658568768773735,1.535726165040953,1.334438736696185,77.60231179389771,2.6821545587126208,-0.1982376988460569,-0.1659049016394672,-0.2862241682078114,-1.905560269968224,-2.144699356088311,-1.134363418397645,1.6109648222435486,-1.3887086602231522,-1.5208126900977676,-3.309735503977583,-4.237681686209113,-1.759000232194713,-1.8000137678317434,2.862627565930016,-2.9949799580191185,-3.771063903975341,-0.1696640250957308,-0.1497960599410869,-2.3271143652702566,-2.782168934169292,-2.781495694020441,-3.3489983648972474,False,4,102,98.0,8,1,3,0,-1.5208126900977676,-4.237681686209113,-1.759000232194713,2.862627565930016,False,-0.40286619113426125,-5.637374827982726,-1.413337196792221,3.1667901039495696,0.04188749370759035
Arrival_Run1,CONTEXTUAL_OVERRIDE_1,18,6,344721.5617042,54.0,event_log_marker,1.5420181845149918,1.0124331917364062,4.1029144316975374,4.5658568768773735,1.535726165040953,1.334438736696185,77.60231179389771,2.6821545587126208,0.8500499552577001,0.3886707314102939,2.115208467144099,2.236275015166298,0.8563590623658169,0.9861066964319594,63.156205316276825,1.8507447412551992,0.7296160027000417,0.2803585570521985,3.0236564477615047,2.8876857071164976,0.8611336561565008,0.6296768905290906,40.43022222504293,0.8737862193579872,0.4627537516308865,0.0861221590282244,1.5515763023660072,1.2543385753651757,0.6697098551210329,0.476416688097624,22.315146347133265,0.2326240842153792,-0.6919682292572917,-0.6237624603261123,-0.6793671026751361,-1.0792579839360328,-1.678171169760876,-2.5513381293315303,1.4098274008852965,-4.927268861466392,-5.689075304628736,-1.8912407744159736,-3.33207662586751,-4.031410361615216,-4.437871583936895,2.359523540735576,-4.351995615099862,-5.581481653440453,-0.5269180797106991,-0.5436885821830995,-2.356386642141429,-2.065515106430508,-3.4908928266797865,-4.291157345302674,False,6,108,102.0,2,0,0,0,-5.689075304628736,-3.33207662586751,-4.031410361615216,2.359523540735576,False,-1.4453085355266329,-6.4357341116255515,0.2375604766003142,3.4973386016613235,0.043114163115616555
Arrival_Run1,CONTEXTUAL_OVERRIDE_1,19,3,344724.5620265,57.0,event_log_marker,0.4627537516308865,0.0861221590282244,1.5515763023660072,1.2543385753651757,0.6697098551210329,0.476416688097624,22.315146347133265,0.2326240842153792,0.6561163497132626,0.1774062714337507,1.0806343536842995,1.0231506489886335,0.5730794851096862,0.3365004861526251,14.123852166171009,0.0521689419329758,0.7022319501831439,0.3416733968825307,2.357004054695683,2.690287974455904,0.8123505418947183,0.562988704684459,26.98946470644925,0.5250796487257691,0.5724369361388962,0.3470707061516173,1.3181150651942213,1.3503053963411649,0.6376784785539111,0.4003016377065015,38.127790970844885,0.5852799178630074,0.1933625980823761,0.0912841124055263,-0.0966303700113466,0.8054277523296758,1.4359493990907284,-0.2334612371717859,0.3487881481842828,1.417885504313967,0.8205953128342491,1.344157249968411,2.712924358674368,-0.3142184542013653,-0.5279026891086086,-0.2944486307202225,1.1895991168978113,1.8116544616825003,0.1132922878869471,-0.0073819366910688,1.1896578654246166,0.8477610708691821,1.8324799854492515,0.4855636077661542,False,3,111,108.0,8,1,2,0,0.8205953128342491,2.712924358674368,-0.3142184542013653,-0.2944486307202225,False,-0.4630333091915243,1.6578484614071227,0.033131506743841355,0.0,0.5457793338876196
Arrival_Run1,CONTEXTUAL_OVERRIDE_1,20,4,344727.5615952,60.0,event_log_marker,0.5724369361388962,0.3470707061516173,1.3181150651942213,1.3503053963411649,0.6376784785539111,0.4003016377065015,38.127790970844885,0.5852799178630074,0.5530308482214082,0.2179773942967595,1.2704568273940424,1.3015866824313744,0.6394416008532421,0.4697549056763261,28.751266066535106,0.3431968308059973,0.5941041738280809,0.1935897210122342,1.4099492818591548,1.0827583629697133,0.6405929143272426,0.3865695143165336,31.201488826106967,0.4142486142601228,0.4405104095928546,0.1889086070565901,1.971672383108728,1.730107278745498,0.5754950563284985,0.4070138798390296,27.996059051936893,0.3006977383276085,-0.0194060879174879,-0.1290933118548577,0.0017631222993309,0.0918342166649335,-0.2675470333714516,0.6535573179145069,0.410855775314184,-0.1070248627294533,-1.1856858136937218,0.1191471217134372,-0.5938318775476994,1.1082980762690784,0.1322847897717346,-0.1391991856768635,-0.4698149594713089,-0.4021981802492181,-0.1123636092266267,-0.1714897622763939,-0.0381522358001595,-0.4673005209829559,-0.3996595945876806,-0.7814804330916179,False,4,115,111.0,1,0,0,0,-1.1856858136937218,-0.5938318775476994,1.1082980762690784,-0.1391991856768635,False,-1.323579098541585,-0.4630828862750318,0.7526046281002735,0.23713716273874438,0.3517463673652595
Arrival_Run1,CONTEXTUAL_OVERRIDE_1,21,7,344730.5615432,63.0,event_log_marker,0.4405104095928546,0.1889086070565901,1.971672383108728,1.730107278745498,0.5754950563284985,0.4070138798390296,27.996059051936893,0.3006977383276085,0.5769267482015642,0.2511718079595529,1.1107218048849878,1.056419275894282,0.8002929721617679,0.5079833222622956,49.06532887056231,1.048671224728997,0.4312588211261545,0.2169905354439307,1.3982064147600988,1.446225118829069,0.6259917271970884,0.3940596857533153,29.200143191228342,0.3944472531616307,0.4871451448607943,0.105957254155984,1.3288550492378597,1.3416350938177777,0.5293325322236782,0.418868755198322,24.484811460775266,0.1552347743752785,0.1364163386087096,0.0622632009029628,0.2247979158332693,-0.5734659683486294,-0.2838821599164292,-0.6428173338708687,0.4747627476483788,1.0097524135461176,0.5563935361883904,-1.0229588871538042,-0.625540943996408,-0.9707050756640389,1.6287737809424416,0.0206510043186441,-0.3378474832563172,-0.2261381178283463,0.094707850807771,0.0732636411526422,0.4872304746230136,-0.0490095755299512,0.6005784654999582,-0.0293113457497362,False,7,122,115.0,5,1,3,0,0.5563935361883904,-0.625540943996408,-0.9707050756640389,0.0206510043186441,False,-0.17258646912188902,-1.4087452097154536,-0.7291109185528547,0.0206510043186441,0.23529238381989143
Arrival_Run1,CONTEXTUAL_OVERRIDE_1,22,5,344733.5614724,66.0,event_log_marker,0.4871451448607943,0.105957254155984,1.3288550492378597,1.3416350938177777,0.5293325322236782,0.418868755198322,24.484811460775266,0.1552347743752785,0.5362016220314371,0.2717536701026728,1.247523969174046,0.9760515609944173,0.5673014711045451,0.4505530958957907,15.679561990265592,0.144922589890989,0.4758626910199169,0.2233601479014608,1.603131883785932,1.4901697474403546,0.5741155375329158,0.3514613207964789,24.30892048871329,0.1909486290238732,0.5471113426907622,0.295673561498726,0.9901394489913354,1.002470395448492,0.7051407989506466,0.3896173213581576,12.00186113895164,0.0806365119031179,0.0490564771706427,0.1657964159466887,0.0379689388808669,0.2742768345480726,0.1485346536225769,-0.338715600246524,0.1429356262983147,0.3836454385259778,1.498943509299811,0.4323423001478989,0.2138485419860518,-0.4830154545790934,0.3752137295668156,-0.8093465132618993,0.4895035268065062,0.877644985807945,0.1711140818692463,0.2636422251967482,-0.8314148389157118,0.409858335096955,-0.2087296905873213,1.0236485235413606,False,5,127,122.0,2,0,0,0,1.498943509299811,0.2138485419860518,-0.4830154545790934,-0.8093465132618993,False,-1.1874408969221224,-0.7145823294026376,-0.8615429901902559,0.0,0.20635294467441168
Arrival_Run1,CONTEXTUAL_OVERRIDE_1,23,9,344736.5613598,69.0,event_log_marker,0.5471113426907622,0.295673561498726,0.9901394489913354,1.002470395448492,0.7051407989506466,0.3896173213581576,12.00186113895164,0.0806365119031179,0.4593971648141347,0.2045924339794442,1.5121173792712432,1.5453274920357285,0.450023228809621,0.5599176770787391,16.32302313565641,0.1908515579735166,0.6127807551346501,0.2964944104257072,1.680032490919667,1.7449117520983066,0.5731380030731374,0.4306679700559079,17.352179504407037,0.1318133356717483,0.5928570773955987,0.1815887462850581,2.075446380540725,1.634343342313037,0.7682904831993884,0.3833476311625776,12.905016791017758,0.1072996144631566,-0.0877141778766275,-0.0910811275192818,-0.2551175701410256,0.6898930419283317,0.7424413566498145,1.0853069315493902,0.1276502550028848,-0.5965880427722771,-0.8396289148688196,1.1458213860163788,1.366715467061345,1.8006973038817404,-1.5912988815930031,-0.8475797359680072,0.4545848888496449,0.8310594349232611,-0.140591654413232,0.0408195697590024,0.7715711537211205,1.3931822949756658,0.4486915561051268,1.401636312002152,False,9,136,127.0,7,1,7,1,-0.8396289148688196,1.366715467061345,1.8006973038817404,-0.8475797359680072,False,1.5204608194956766,2.39866349565945,1.1968753631577858,0.16792578297376393,0.8430807720613109
Arrival_Run1,CONTEXTUAL_OVERRIDE_1,24,3,344739.5618476,72.0,event_log_marker,0.5928570773955987,0.1815887462850581,2.075446380540725,1.634343342313037,0.7682904831993884,0.3833476311625776,12.905016791017758,0.1072996144631566,0.6641681473867019,0.3186260742433044,1.3495223660418785,1.2233456387983344,0.6723156051373466,0.403934087369531,17.21787712347437,0.1045158678579823,0.5864666800394152,0.2144858872545186,2.699740876366932,2.937445899370288,0.7365063693184506,0.5574196826840276,49.89646274486858,1.0848836230211074,0.4826061664929064,0.2606734301053937,1.3828012734602757,1.399315127554447,0.7518009861155158,0.2981784469507627,17.015949408984806,0.0500348088009698,0.0713110699911032,0.1370373279582463,-0.0959748780620418,0.6242944958262062,1.3031025570572512,-0.69264510708045,0.336683478535804,0.5431438118264171,1.2371253324107117,1.033209823050009,2.455047608840693,-1.0506141493364225,-0.5235045570037788,-0.3247259803186928,1.134668407037528,1.7383704641082132,0.20671750286138,0.1485616429027719,1.1388684629779782,1.346496388005132,1.0458283125186023,1.169043590880889,True,3,139,136.0,6,0,0,0,1.2371253324107117,2.455047608840693,-1.0506141493364225,-0.3247259803186928,True,-1.0307972996016064,0.8369026900642775,-0.4434299545727707,0.0,0.36976824833612904
Arrival_Run1,CONTEXTUAL_OVERRIDE_1,25,5,344742.5619798,75.0,event_log_marker,0.4826061664929064,0.2606734301053937,1.3828012734602757,1.399315127554447,0.7518009861155158,0.2981784469507627,17.015949408984806,0.0500348088009698,0.4853911695018585,0.2330538506886069,1.3715980523648836,1.091182426639569,0.4529071997406294,0.4523902753195026,24.4951822193194,0.219272233287714,0.5213185402257273,0.3100533166519583,1.6717706658432638,1.712192538872187,0.5914123673894369,0.4831724313903473,44.92977897463992,0.8870468518327944,0.5860485560060302,0.2559862452913433,1.9343577091380424,2.013917723752406,0.6304060845833779,0.3531795962214524,21.12077603647084,0.1463050798423682,0.0027850030089521,-0.0276195794167867,-0.2988937863748864,0.2889693923829883,0.3128774113177397,0.5515564356777671,0.3256647434409616,0.0520183933338633,-0.2618850436642655,0.4575646869243953,0.5328638498731008,0.944718700987334,-1.8850226752266297,-0.3522870872540981,0.2365503873211924,0.5401758850517347,-0.0488097667384865,0.0323359191344831,0.2230847594195641,0.7471646199320521,0.4594573928862092,0.8860628249159268,False,5,144,139.0,9,1,5,0,-0.2618850436642655,0.5328638498731008,0.944718700987334,-0.3522870872540981,False,0.5006799057009946,0.8992662121903697,0.4874944279115942,0.05237700873285311,0.6100075167097905
Arrival_Run1,CONTEXTUAL_OVERRIDE_1,26,3,344745.5620276,78.0,event_log_marker,0.5860485560060302,0.2559862452913433,1.9343577091380424,2.013917723752406,0.6304060845833779,0.3531795962214524,21.12077603647084,0.1463050798423682,0.6629173028113587,0.256367311673961,1.8401618646404447,1.2921281031193868,0.7437698894242113,0.5055988224367659,28.660312724372787,0.3563057935169346,0.4579417712927836,0.1802733135461079,1.3881937554096104,1.4716051286155112,0.4485450650822761,0.435294131623924,56.78322163591979,1.2363118135714268,0.4604470838869746,0.2102151507840866,1.1704751323514688,1.1536209169578138,0.676157573793958,0.3695162594773337,27.70736847634669,0.3458222005513471,0.0768687468053285,0.0003810663826177,0.1133638048408334,-0.5461639537284322,-0.542312595136895,-0.7638825767865738,0.5211862218705192,0.5829756082717567,-0.0069716042024964,-0.9760901267741976,-1.1271953278918263,-1.1648580709148046,0.8810881050942928,0.1367698080049525,-0.6939883993809011,-0.7012717925935658,-0.0342443911516714,0.0827377216080717,-0.5440396894540613,-1.1505405692704262,-0.8697942149233744,-0.9292018931999686,False,3,147,144.0,4,0,0,0,-0.0069716042024964,-1.1271953278918263,-1.1648580709148046,0.1367698080049525,False,-0.9483274648793093,-2.194245276789981,-0.6466234867824077,0.1381641288454518,0.15205384794140056
Arrival_Run1,CONTEXTUAL_OVERRIDE_1,27,2,344748.5614192,81.0,event_log_marker,0.4604470838869746,0.2102151507840866,1.1704751323514688,1.1536209169578138,0.676157573793958,0.3695162594773337,27.70736847634669,0.3458222005513471,0.4224741507779391,0.154691236548959,1.534055896445519,1.4463266193740647,0.6075469810063848,0.2996510552208895,38.089255525125296,0.5217685774895775,0.4910236412675138,0.213136792749876,1.4810350767220082,1.46091396659201,0.631405393301648,0.3179372902179659,14.762652572754025,0.0627067541139708,0.5375984680060532,0.2709252483072632,1.28747935375404,1.4566171913124593,0.6548299114795525,0.4266570847373532,19.865822537586,0.1725286477017429,-0.0379729331090354,-0.0555239142351276,-0.0686105927875732,0.3105599443705393,0.3072930496341963,0.117004221402571,0.2757065449641596,-0.2400931973992418,-0.5159216832258909,0.4946287066183623,0.5220237198496488,0.2478249273290549,-0.3398993400075986,-0.4772472790245523,0.0393094519176734,0.2770333866491644,-0.0018053657104789,-0.1391344690056526,0.0826632435260088,0.2579389495180419,0.3562854631643329,0.0398990967643518,False,2,149,147.0,7,0,0,0,-0.5159216832258909,0.5220237198496488,0.2478249273290549,-0.4772472790245523,False,-0.9185692749486642,0.05728907420238277,0.3989540373932052,0.10318433664517819,0.39615118974724506
Arrival_Run1,CONTEXTUAL_OVERRIDE_1,28,9,344751.5610882,84.0,event_log_marker,0.5375984680060532,0.2709252483072632,1.28747935375404,1.4566171913124593,0.6548299114795525,0.4266570847373532,19.865822537586,0.1725286477017429,0.5853270968255342,0.2645601745982848,1.588550873919212,1.7006225757882596,0.6987883374305234,0.442116630595768,12.2034599902105,0.0956834998649813,0.6487053468763019,0.4101254725765738,1.900268493892818,1.6432876722159502,0.6969646395440104,0.4586753711598258,15.776411329306717,0.1568038981489197,0.5888025183789298,0.1684158028033352,1.4963063931434646,1.716526198159241,0.4194222787570908,0.5661450133155445,45.9082876500682,0.9365326100230852,0.047728628819481,-0.0063650737089784,0.0439584259509708,0.6127891401387782,0.1866704809034909,0.2088270393894247,0.3403871639346822,0.3741287669018962,-0.0683873939010429,1.0134588352090863,0.2878762195799407,0.3950816850503981,0.415401187860429,-0.3154619705702997,0.094543222959131,0.3507217033178623,-0.1285312112249944,0.0429583953623184,0.4473291315031165,0.1754271973383248,0.2091523443730719,0.2798849080148532,False,9,158,149.0,9,1,9,1,-0.0683873939010429,0.2878762195799407,0.3950816850503981,-0.3154619705702997,False,2.1509362638903187,0.8482431091564524,0.17791566499963715,0.01367747878020858,0.7104186461771129
Arrival_Run1,CONTEXTUAL_OVERRIDE_1,29,1,344754.5610452,87.0,event_log_marker,0.5888025183789298,0.1684158028033352,1.4963063931434646,1.716526198159241,0.4194222787570908,0.5661450133155445,45.9082876500682,0.9365326100230852,0.5511892169297532,0.2209967816304937,1.5621794078123412,1.4088432879815294,0.4536936445395272,0.3413314504876313,24.783883105401845,0.170399202661362,0.5480555826619815,0.1597863850716894,1.588828404593587,1.7484554205820573,0.5363358674911245,0.4279438193646852,22.20983793602237,0.1885693504924482,0.465141239278888,0.2430227543019482,2.9553286077121044,2.7747985477482104,0.5236981020986605,0.5023717464203613,30.804329457243853,0.4510850309779187,-0.0376133014491766,0.0525809788271584,0.0342713657824364,0.0925220114501224,0.0319292224228162,1.4590222145686398,0.4366465485387035,-0.2375157220350514,0.4682481216626855,0.1203278437013858,-0.012501058429523,2.4000265566194185,0.3504042487312248,-0.0746888537132167,0.4844750307513971,0.8709363833951558,0.0118618059824888,0.1009506410506771,0.1743752658956903,-0.1588361552130853,0.8756818714206629,-0.1647712147221848,False,1,159,158.0,8,0,0,0,0.4682481216626855,-0.012501058429523,2.4000265566194185,-0.0746888537132167,False,-0.8143908068885373,0.9412758870375828,0.45853243917218356,0.0,0.4927655714369366
Arrival_Run1,CONTEXTUAL_OVERRIDE_1,30,5,344757.5609811,90.0,event_log_marker,0.465141239278888,0.2430227543019482,2.9553286077121044,2.7747985477482104,0.5236981020986605,0.5023717464203613,30.804329457243853,0.4510850309779187,1.6148530798566985,1.0382462362154208,3.281041881077934,3.181300281212301,1.8236505872086963,1.6559215163595975,51.98320135170579,2.1420609511325384,1.3663129810724055,0.8215409881510218,2.631510933724224,2.7936341518286087,1.0828557577424558,1.0979967592043476,69.44626030437,2.17307731683054,2.435249169882121,1.3948150683803937,1.9135818263093285,2.054871851956509,1.921514145108872,2.0838106988687053,35.902328971191274,2.0438227885573257,1.1497118405778104,0.7952234819134726,1.299952485110036,-0.3238176739878806,0.0188356040803983,-1.041746781402776,1.7025115218745803,8.272027915083669,7.229147713351949,-0.5943932208342368,-0.0379178443313998,-1.6104704225686173,8.842701936437763,3.091612867454808,0.6181864802644212,1.0493231103588252,0.7781587995763835,0.6994038450145481,-0.984372502514646,3.4047534816047773,0.5949860515577216,3.3988602927827967,False,5,164,159.0,9,1,5,0,7.229147713351949,-0.0379178443313998,-1.6104704225686173,3.091612867454808,False,0.694719823738256,-1.823892781092726,-4.804619116668238,3.091612867454808,0.05933410189227065
Arrival_Run1,CONTEXTUAL_OVERRIDE_1,31,5,344760.5615984,93.0,event_log_marker,2.435249169882121,1.3948150683803937,1.9135818263093285,2.054871851956509,1.921514145108872,2.0838106988687053,35.902328971191274,2.0438227885573257,0.925664408727928,0.2532966255509337,1.866107464976167,1.636660520117884,0.7732291108269501,0.8453279073105787,48.33954162712924,1.2973829401014516,0.6628300669876992,0.230564405078232,2.030828722191265,1.954414233050377,0.6023097309121325,0.5496938686949862,44.02999945819304,0.8641032323966746,0.6196048485174023,0.1822022165642861,2.507780249409985,2.780693201714241,0.6327180225820594,0.552551060341388,43.91726657066808,0.8760673622858152,-1.5095847611541933,-1.14151844282946,-1.1482850342819215,0.1172468958819372,-0.1004576189061312,0.5941984231006567,1.2703440808353168,-10.78711576467314,-10.402643671849848,0.16277250208901,-0.2694848740783166,1.0131038905116638,-7.584154328854511,2.010634610516873,-4.085938060127326,-5.226529728318407,-1.256130939641639,-1.1148768158091078,-0.2852308432985255,0.218145335628873,-4.082629792290538,-3.896314038532304,False,5,169,164.0,4,0,0,0,-10.402643671849848,-0.2694848740783166,1.0131038905116638,2.010634610516873,False,-0.7605646228011644,-0.591438080728746,4.758665407514716,4.0911633448868425,0.7795110129589256
Arrival_Run1,CONTEXTUAL_OVERRIDE_1,32,8,344763.5613182,96.0,event_log_marker,0.6196048485174023,0.1822022165642861,2.507780249409985,2.780693201714241,0.6327180225820594,0.552551060341388,43.91726657066808,0.8760673622858152,0.6357700597261066,0.272423044226783,1.791073578158903,1.3645728259665777,0.5893284310231852,0.3772820648868903,20.98988519334811,0.1496949798893929,0.519505483303071,0.1681772110135589,1.2155957879317207,1.1940154799553369,0.4369830190615554,0.3965222870970961,12.7218144846514,0.1170860963186042,0.6174100502232608,0.1955926078745472,1.4212117881808126,1.54398802486792,0.5750228811490369,0.3654023626627218,11.67860909805728,0.0553573683193835,0.0161652112087042,0.0902208276624968,-0.0433895915588742,-1.2921844614782645,-1.5866777217589043,-1.0865684612291724,0.299551451703299,0.1479141690732238,0.810915337132452,-2.256766915736618,-3.1544733600263903,-1.6823511967766602,-0.1706748432955747,-0.4176041331602142,-1.0725979875293772,-1.2063813061980155,0.0266886257558168,0.1493268070816952,-1.3929231535154003,-1.0205927795509615,-1.2544798929982592,-0.4503132158366195,False,8,177,169.0,9,1,8,0,0.810915337132452,-3.1544733600263903,-1.6823511967766602,-0.4176041331602142,False,1.3828159366978445,-3.4620117069548755,-1.582413998424096,0.0,0.14911930235422066
Arrival_Run1,CONTEXTUAL_OVERRIDE_1,33,7,344766.5610712,99.0,event_log_marker,0.6174100502232608,0.1955926078745472,1.4212117881808126,1.54398802486792,0.5750228811490369,0.3654023626627218,11.67860909805728,0.0553573683193835,0.6856919645301657,0.343023430518433,1.2729980510258725,1.198671735699346,0.5909995837145389,0.5665906412890018,13.217036735955665,0.1896311118720898,0.7841823816859725,0.3336068457389844,2.5748764787107707,2.481181512559398,0.6704552637677842,0.4379029190226987,22.505011034296107,0.2117320253946069,0.597632190258267,0.1737927045786924,2.374029015382487,1.7520796382277064,0.8475751413318616,0.4729641987708705,22.54793400026938,0.1306407064060526,0.0682819143069048,0.1474308226438857,0.0159767025655019,1.153664690529958,0.937193487691478,0.9528172272016744,0.1468403029980332,0.5214338929794984,1.3317460599940845,1.941967845226196,1.7447601823700494,1.588222837061334,0.2276531673079037,-0.7995797649788318,1.2922452936558564,1.948596478046016,0.3009182488720964,0.1859305998020799,1.4871139779615667,1.824714956864397,2.5250382858651417,2.265477546204328,True,7,184,177.0,7,1,5,0,1.3317460599940845,1.7447601823700494,1.588222837061334,-0.7995797649788318,True,0.8496387820902233,2.386788214583079,0.15770159999786915,0.0,0.7284955130702837
Arrival_Run1,CONTEXTUAL_OVERRIDE_1,34,1,344769.5609137,102.0,event_log_marker,0.5983840371264645,0.1747351204445466,2.374957534247254,1.7423320504720652,0.8399904042456905,0.4726453803760858,22.539436205647284,0.1318665079143326,0.4464100602437075,0.1991242844921098,1.4827866786874182,1.465288944834173,0.5382161888473912,0.3080177378574895,10.10235810576995,0.083631723324615,0.4724770304316469,0.1859066238306459,1.3301882599011785,1.478090936995346,0.4979867269427678,0.4518849523126796,39.70339158640482,0.7202088287581072,0.807750837226003,0.3913212314982712,1.9034939231763648,1.7665316832201252,0.8554048247062621,0.2774939962444703,16.374409038498072,0.0290513266914662,-0.1519739768827569,0.0243891640475631,-0.3017742153982993,-1.044769274346076,-0.2642411134767193,-0.4714636110708894,0.2411895966721302,-1.0571371749346845,0.2115943101177884,-1.832034774856596,-0.5874145637100907,-0.6959041689153549,-1.9043493921710424,-0.5635843490032802,-0.235922714094609,-0.0901585436519878,-0.1358461608486294,0.0932394227528856,0.3423702971975686,-0.6299884209320281,0.9626597859734634,-0.2815889130295071,False,1,185,184.0,4,0,0,0,0.2115943101177884,-0.5874145637100907,-0.6959041689153549,-0.5635843490032802,False,-0.5943102707060846,-1.3299392595839326,-0.46623482293418983,0.0,0.2331779788998844
Arrival_Run1,CONTEXTUAL_OVERRIDE_1,35,2,344772.5609443,105.0,event_log_marker,0.807750837226003,0.3913212314982712,1.9034939231763648,1.7665316832201252,0.8554048247062621,0.2774939962444703,16.374409038498072,0.0290513266914662,0.5613603386745066,0.2861833636584365,1.3729084978933808,1.340345844882912,0.5725187996544076,0.4764747887763251,37.16472389684692,0.6059533991199242,0.4442280059546861,0.1868304103915506,1.4728291922042305,1.427565832950058,0.465816713324591,0.2710627059285054,20.68987790772767,0.1519278887629812,0.4340162105375733,0.1350322263168613,1.514600440747959,1.576543883306374,0.4812886836115343,0.3217130714626455,13.221211867760491,0.0374762540740528,-0.2463904985514964,-0.1051378678398347,-0.2828860250518545,-0.430664730972135,-0.3389658502700672,-0.3888934824284062,0.2061022171621061,-1.7338191407806012,-0.9675992498533532,-0.7778151836719741,-0.7324671066345924,-0.5634859999340119,-1.7776159418930697,-0.6513482357321274,-0.6795461247608827,-0.6820041075242733,-0.167690993716802,-0.252194523294955,-1.142987978265336,-0.5593908811568709,-0.5842957221810378,-1.3218160174418103,False,2,187,185.0,5,0,0,0,-0.9675992498533532,-0.7324671066345924,-0.5634859999340119,-0.6513482357321274,False,-0.5864766084735319,-1.3675760639760168,0.11563623786585112,0.19351984997067065,0.2784299519180796
Arrival_Run1,CONTEXTUAL_OVERRIDE_1,36,6,344775.560931,108.0,event_log_marker,0.4340162105375733,0.1350322263168613,1.514600440747959,1.576543883306374,0.4812886836115343,0.3217130714626455,13.221211867760491,0.0374762540740528,0.4086764253379903,0.2321914558615487,1.7863768139273883,1.648869557529432,0.4673423863286007,0.462104723864935,35.2454978891655,0.552112565665017,0.5265688011148983,0.2001298032468599,1.4687178444372275,1.1219210033957692,0.6214543337426568,0.4411237433782122,32.54842614712675,0.4713260947611357,0.4642210364772584,0.1531623223101711,1.2832007631626352,1.0632450632060757,0.5288030100745557,0.3353147869918104,23.23883444886266,0.1607832605173824,-0.0253397851995829,0.0971592295446874,-0.0139462972829335,-0.0458825963107314,-0.4546228799106049,-0.2313996775853237,0.305424543754397,-0.149551592909898,0.8740814476867608,-0.1172682636488057,-0.9569757094932364,-0.3109123197654211,0.0268798298995741,-0.4029137974121884,-0.078337822587037,0.1200781497451813,0.1519224901994571,0.2164986371019197,-1.450473072945848,-0.2033829686970798,0.1586530636900668,0.5992441600845286,False,6,193,187.0,7,1,4,0,0.8740814476867608,-0.9569757094932364,-0.3109123197654211,-0.4029137974121884,False,0.7290651527768288,-1.0169855653124784,-0.7479568609174223,0.0,0.3291266605692167
Arrival_Run1,CONTEXTUAL_OVERRIDE_1,37,9,344778.5604856,111.0,event_log_marker,0.4642210364772584,0.1531623223101711,1.2832007631626352,1.0632450632060757,0.5288030100745557,0.3353147869918104,23.23883444886266,0.1607832605173824,0.431618887943184,0.1519004300068969,1.92704932452052,1.6571169185033354,0.7339131054998385,0.4066237926276863,25.04585130723499,0.2581812937090555,0.53379748522836,0.1939687639860705,1.1351986767154227,0.9597165804409268,0.6111375690983715,0.3434840916799592,18.83363417277468,0.1063060429823644,0.6118915001369284,0.2226896908406319,1.705569319022637,2.0603728050635643,0.75344478833095,0.3841470899076132,12.87783481070021,0.0790321576156853,-0.0326021485340743,-0.0012618923032742,0.2051100954252828,-0.1480020864472124,-0.1035284827651485,0.4223685558600019,0.1510756887061219,-0.2016008551683916,-0.0219288395646617,-0.2925745177797231,-0.2754459069416009,0.7375393883073169,1.496675079955617,-0.7889858159085835,-0.1431177610266561,0.0336541282179444,0.0203548830728191,-0.1057580322636384,0.1452761075977213,-0.5697853079353037,1.061541154519329,-0.8524874033268771,False,9,202,193.0,3,1,3,0,-0.0219288395646617,-0.2754459069416009,0.7375393883073169,-0.7889858159085835,False,0.5747173100886958,0.13011424896034243,0.14227653029548387,0.0043857679129323405,0.5100195914086131
Arrival_Run1,CONTEXTUAL_OVERRIDE_1,38,7,344781.5608365,114.0,event_log_marker,0.6118915001369284,0.2226896908406319,1.705569319022637,2.0603728050635643,0.75344478833095,0.3841470899076132,12.87783481070021,0.0790321576156853,0.5328339993583112,0.2716815684582255,1.1067236957805784,1.2078956547738215,0.7100532229436888,0.3003852030288208,12.972385514188453,0.0265496885441866,0.5943951594932565,0.2673815471083818,2.437034465183267,2.45781986344676,0.6095619404709537,0.3580840584105658,65.5332710427179,1.4634929270433783,0.3966852449681948,0.1558189246076448,1.4407020893350937,1.1201146948341372,0.5123538165468026,0.3280586950286093,47.33232564585028,0.825111510839117,-0.0790575007786171,0.0489918776175935,-0.0433915653872611,0.7314651461606301,0.3974470583831953,-0.2648672296875436,0.5985465710105918,-0.5345457521557349,0.435573513353257,1.2171872913843371,0.6970269220696157,-0.3645844169575222,-0.1706880870249711,0.3302708620604064,0.2591547743392755,0.5703327835810795,-0.0224913210429521,-0.060095919804988,-0.9178977441513392,0.3507367108396091,-0.0379106469952565,-0.0744050321551622,False,7,209,202.0,2,0,0,0,0.435573513353257,0.6970269220696157,-0.3645844169575222,0.3302708620604064,False,-0.45938592137739565,-0.11534878503923678,-0.2931833218152459,0.3302708620604064,0.35092899091634167
Arrival_Run1,CONTEXTUAL_OVERRIDE_1,39,10,344784.5602874,117.0,event_log_marker,0.3966852449681948,0.1558189246076448,1.4407020893350937,1.1201146948341372,0.5123538165468026,0.3280586950286093,47.33232564585028,0.825111510839117,0.4374891584032286,0.0921124360440401,1.3590887744818887,1.3633227376376749,0.5131214696016261,0.2884357778711809,29.486874563966712,0.350490004859221,0.5584492881567583,0.2053848820259782,1.6187660406218336,1.6671647432105274,0.640695816043115,0.2923460287006178,30.707519721650176,0.3500643521833351,0.5660602088509435,0.2331088698650517,1.5203328839484798,1.599724584946549,0.6121438785278542,0.1717327444357553,19.467678591942672,0.016223761510363,0.0408039134350338,-0.0637064885636047,0.0007676530548235,0.1780639512867401,0.5470500483763903,0.0796307946133862,0.3854724073480091,0.3244994230492233,-0.5904145424501605,0.2671757864771261,0.9874300075650402,0.1878889574408374,0.1256055235377525,-0.2026904769071926,0.1545782040525582,0.4308153962632753,-0.3465850550016665,0.0684784076629731,0.9686962923574518,0.5318329153116439,0.776582801010837,0.6911884119980349,False,10,219,209.0,9,1,10,0,-0.5904145424501605,0.9874300075650402,0.1878889574408374,-0.2026904769071926,False,2.089877807392232,1.282385812180669,0.5129570331483775,0.1180829084900321,0.7650089257732555
Arrival_Run1,CONTEXTUAL_OVERRIDE_1,40,2,344787.5605998,120.0,event_log_marker,0.5660602088509435,0.2331088698650517,1.5203328839484798,1.599724584946549,0.6121438785278542,0.1717327444357553,19.467678591942672,0.016223761510363,0.4817962403870658,0.1488261340833985,1.7368788820672885,1.600210418364818,0.3769373358151144,0.2815875376996486,19.97394163985426,0.0814913408330364,0.5227189762202247,0.2149812988838243,1.208533729189399,1.0999635311757412,0.5407855088774473,0.238509800509957,14.17995567202799,0.0317066973586297,0.403151810418266,0.115834081462898,0.9550791293864892,0.6907383286323565,0.4958417791878702,0.2541663880476043,10.4366229395879,0.0565152545330697,-0.0842639684638777,-0.0842827357816532,-0.2352065427127397,-0.3117991547590808,-0.4997610537708077,-0.5652537545619905,0.0464842635587747,-0.571860437404745,-0.7777374344700272,-0.5737612965719298,-1.0445960502580036,-0.84631593735723,-1.4577025360309208,-1.0505998240683556,-0.7647641102583953,-0.7956948764651783,-0.0115071411154343,-0.1653472552684665,-0.2395235731571126,-0.9601177711390596,0.0683519978705406,-1.2697700545333268,False,2,221,219.0,9,1,2,0,-0.7777374344700272,-1.0445960502580036,-0.84631593735723,-1.0505998240683556,False,0.557477941289354,-1.4611909769079359,-0.1257965966865082,0.15554748689400544,0.33772399209783704
Arrival_Run1,CONTEXTUAL_OVERRIDE_1,41,2,344790.5601504,123.0,event_log_marker,0.403151810418266,0.115834081462898,0.9550791293864892,0.6907383286323565,0.4958417791878702,0.2541663880476043,10.4366229395879,0.0565152545330697,0.5866082447259571,0.2601523917373881,1.269153831192823,1.4216572956579152,0.5400882948019553,0.2595468571542232,64.63488520462698,1.4072102247921734,0.5416542037624748,0.1567950595423619,1.4993565919101215,1.677569448564295,0.6028770184355516,0.4167048657578329,52.44237601434512,1.0781838544639473,0.5991741167333082,0.2373248712292748,1.4171734866155326,1.3680840316652518,0.6427834592320144,0.3166439742240574,45.08493216963398,0.748052969602816,0.183456434307691,0.14431831027449,0.0442465156140851,0.5442774625236322,0.9868311199319384,0.4620943572290432,0.8224905758480017,1.3468881591611337,1.3034102409156958,0.8958463642607455,1.8411146841081,0.8012478742342535,0.4173341733040428,0.8904208803466062,0.9564322674764107,1.5005825882101915,0.2967699376461187,0.1243762297923872,1.5902365072957163,1.0166054621251903,2.4876499044556795,1.0638162203734165,True,2,223,221.0,1,0,0,0,1.3034102409156958,1.8411146841081,0.8012478742342535,0.8904208803466062,True,-0.32937137325742655,1.4264626831655556,-0.2679128471041978,0.8904208803466062,0.5043072406936612
Arrival_Run1,CONTEXTUAL_OVERRIDE_1,42,5,344793.560176,126.0,event_log_marker,0.5991741167333082,0.2373248712292748,1.4171734866155326,1.3680840316652518,0.6427834592320144,0.3166439742240574,45.08493216963398,0.748052969602816,0.5155626794871104,0.1643765146644893,1.6642312936117678,1.4054326409301354,0.5515546938633799,0.2561651765273303,15.932149671505586,0.0313009539218581,0.5582367989368663,0.2442186129517424,1.1966309431620905,1.371740456320346,0.6548206238096625,0.2806116057779256,14.503224682081571,0.0408387581585146,0.5123946096321399,0.3036967447284559,1.4078554718678526,1.42472496232046,0.5858642769597814,0.3713117371690532,14.55321995349305,0.059495714264126,-0.0836114372461978,-0.0729483565647854,-0.0912287653686345,-0.220542543453442,0.003656424655094,-0.0093180147476799,0.2199220989868286,-0.5671837547717553,-0.674551043304821,-0.4171031045726181,-0.0673830344362067,0.0452412631437644,-0.491659725603252,-0.6167806345031871,-0.252890737737795,-0.1127958736022197,-0.0881045422670228,-0.2110177987383106,-2.1209988346167847,-0.5428185799299877,-1.4708753570023123,-1.1067076693851514,False,5,228,223.0,3,0,0,0,-0.674551043304821,-0.0673830344362067,0.0452412631437644,-0.6167806345031871,False,-0.31633863275983026,-0.3746148128866543,0.2935466538858726,0.1349102086609642,0.39941889607869646
Arrival_Run1,CONTEXTUAL_OVERRIDE_1,43,4,344796.5600706,129.0,event_log_marker,0.5123946096321399,0.3036967447284559,1.4078554718678526,1.42472496232046,0.5858642769597814,0.3713117371690532,14.55321995349305,0.059495714264126,0.6350410208624028,0.2072209501537054,1.298149087386613,1.3543337615169737,0.6112197665116194,0.2528775654326023,14.328779083289868,0.030420292482046,0.4096783638559022,0.157661450610687,1.2451446363380505,1.2912526762431276,0.5300250355668261,0.3306237551881409,29.39461266398657,0.3800130546599835,0.4269625095826472,0.1612374970848764,1.3907495583584106,1.196956947634088,0.5454575620849113,0.2880848950764907,48.68627439981182,0.8938470599707471,0.1226464112302628,-0.0964757945747505,0.0253554895518379,-0.1627108355298023,-0.1334722860773323,-0.017105913509442,0.3409440303442256,0.9110635255917976,-0.8887411083415098,-0.3178246997104615,-0.3335715692276408,0.032751767109311,0.2905816963199082,-0.3140690834076575,-0.4519548417147969,-0.3783706923162601,-0.2158501071381656,-0.0804251878527379,-0.5486633216275467,0.1187100120468047,-0.4308976673731967,-0.2838357629110708,False,4,232,228.0,8,1,3,0,-0.8887411083415098,-0.3335715692276408,0.032751767109311,-0.3140690834076575,False,0.815740833904256,-0.2712749213082896,0.3388354888551828,0.17774822166830195,0.5156890636222028
Arrival_Run1,CONTEXTUAL_OVERRIDE_1,44,5,344799.5599871,132.0,event_log_marker,0.4266823587752494,0.1612927955989379,1.386965132818479,1.1922431617389595,0.5399541169685876,0.2905364462109788,49.00491352983333,0.9037921498251046,0.5396155764820438,0.189197975419646,1.4894611692855186,1.0520520477050148,0.4972109966098403,0.3406744301205427,37.03307194586508,0.4936308379126983,0.5592235479093155,0.301166587788607,1.3952834197381827,1.5347705090886483,0.6671663499547736,0.2561682117457434,29.87594836389638,0.3771484587690766,0.4350111536122996,0.1326770354204398,1.9057009343477085,1.4958282006897363,0.4052284854101012,0.3346201976230155,16.72122481352783,0.0595946441430275,0.1129332177067943,0.0279051798207081,-0.0427431203587472,0.0083182869197033,0.3425273473496886,0.5187358015292292,0.4585415226624767,0.8414491956849731,0.2436035602027739,-0.0242228146653076,0.5904190692494754,0.8920840696720105,-0.1663372374056143,-0.0199230645387674,0.4257205307590888,0.792551002141818,0.1981651998258255,-0.0811423568562071,0.2144958798315395,0.7633822736856855,1.37134069807407,0.5798083021127177,False,5,237,232.0,2,0,0,0,0.2436035602027739,0.5904190692494754,0.8920840696720105,-0.0199230645387674,False,-0.2590959256406078,0.6934228673625393,0.23835056303741659,0.0,0.49672961842854935
Arrival_Run1,CONTEXTUAL_OVERRIDE_1,45,7,344802.5598386,135.0,event_log_marker,0.4350111536122996,0.1326770354204398,1.9057009343477085,1.4958282006897363,0.4052284854101012,0.3346201976230155,16.72122481352783,0.0595946441430275,0.4086710261149828,0.1367080525940531,1.2763440849280896,1.470703322346559,0.3930986289875776,0.1631423309565788,16.290207802015612,0.0115270391413261,0.6220491650572386,0.3762796232020229,1.7121924265766726,1.947732312170387,0.6371136434349767,0.2756197476555619,15.878554782720528,0.0523993273333176,0.5246752284857656,0.2065436470102952,0.8631169423002976,0.9218063430090698,0.5817811242581574,0.5705165027120072,9.699118916568947,0.2079712266974112,-0.0263401274973167,0.0040310171736133,-0.0121298564225235,-0.1935085077710359,0.4519041114806501,-1.042583992047411,0.0828730593287706,-0.1567210329674792,0.0262569690477201,-0.3706943776666154,0.8027366825978539,-1.6118130618794295,0.0390675415460198,-0.9595807113630398,0.0444690646394345,0.283916914044815,-0.1107160360065326,-0.0999560487689583,0.8581562136777581,0.0898438656867313,1.031593903100772,-0.5095392187441418,False,7,244,237.0,7,1,5,0,0.0262569690477201,0.8027366825978539,-1.6118130618794295,-0.9595807113630398,False,1.2717574801997582,-0.19064570998361896,-0.3652860143553635,0.0,0.4893359040459742
Arrival_Run1,CONTEXTUAL_OVERRIDE_1,46,10,344805.5598079,138.0,event_log_marker,0.5246752284857656,0.2065436470102952,0.8631169423002976,0.9218063430090698,0.5817811242581574,0.5705165027120072,9.699118916568947,0.2079712266974112,0.5225013499614379,0.2654727192278555,1.427275681019105,0.9698416728158856,0.5701677348689498,0.2529912286231056,88.61327577791826,2.159311594834365,0.3659310142903377,0.1579949871871293,1.1165001429064612,0.9395418782860634,0.4428791789042128,0.3725782947299317,48.93671708043457,0.9239169197344302,0.560557178081916,0.0850103313119059,1.4316046050945055,1.4522724333178048,0.441519434020597,0.2983656898019338,38.31778857849982,0.5581659625781593,-0.0021738785243277,0.0589290722175603,-0.0116133893892076,0.2533832006061636,0.0177355352769935,0.5684876627942079,0.9623414259610916,0.0164781547714862,0.5260401573094587,0.3964746641398909,-0.0400532520179743,0.9718714029417406,0.0425328628863078,1.2402291116723931,0.0015655630865515,0.2266786203521419,-0.092181982689457,0.0098445532058979,-1.5205189158733896,-0.4218881819989267,-0.5174410804454032,-0.2602995244272227,False,10,254,244.0,4,1,5,0,0.5260401573094587,-0.0400532520179743,0.9718714029417406,1.2402291116723931,False,1.3138804534454893,0.3705768735910185,-0.31461047340230636,1.2402291116723931,0.5506584678513669
Arrival_Run1,CONTEXTUAL_OVERRIDE_1,47,2,344808.5671264,141.0,event_log_marker,0.5568874296388283,0.0855556488561074,1.4328549544225353,1.454848292761684,0.4416735142782745,0.2990383577196374,37.913624294636215,0.5480645910047809,0.4664407064085096,0.1731862413961012,1.5602067571144889,1.3889398992369637,0.4954860448773765,0.3810933826910547,29.5308552939234,0.330615508560588,0.5072467041935639,0.1551923562037111,2.756679153383141,2.7994677485771584,0.6030044858812925,0.2845849114789718,29.718407175056885,0.2961368925296121,0.5246498383025214,0.3340678735412632,1.5849851030722752,1.4095751739305689,0.4819292960987914,0.2882037518072574,19.960770412626086,0.0350275333715378,-0.0904467232303186,0.0876305925399937,0.0538125305991019,1.3238241989606057,1.3446194558154745,0.1521301486497399,0.3024611313666298,-0.6161721592914841,0.7873342472953748,2.2340768832547613,2.5356384813903494,0.304156569852969,0.4815189396699839,-0.4103261659835307,1.1605120465509504,1.7728489046786993,-0.0265826390100328,0.0708124342735947,1.691058735157283,1.5385026565932056,2.168295357925619,1.3398243035115367,False,2,256,254.0,4,0,0,0,0.7873342472953748,2.5356384813903494,0.304156569852969,-0.4103261659835307,False,-0.1279861616109191,1.981303252569125,0.19865225018198723,0.0,0.6217862464719724
Arrival_Run1,CONTEXTUAL_OVERRIDE_1,48,9,344811.5669643,144.0,event_log_marker,0.5246498383025214,0.3340678735412632,1.5849851030722752,1.4095751739305689,0.4819292960987914,0.2882037518072574,19.960770412626086,0.0350275333715378,0.524535233240846,0.1609773665079147,1.657950520951483,1.486028088341726,0.3974713724057419,0.4101756976839894,13.434461094550151,0.1227921959638591,0.5503396888571174,0.3237388222867789,1.4458118074037711,1.1456556109846334,0.6140333228914698,0.3299614745235391,40.655002843791365,0.6981100826219503,0.5569290035278955,0.2610541686996333,1.5870453615447715,1.5131090990817262,0.6459996770109439,0.1929860491422345,38.15511771043437,0.4961762664932636,-0.0001146050616753,-0.1730905070333485,-0.0844579236930495,-0.1391732956685041,-0.2639195629459354,0.0020602584724964,0.3380265196126527,0.0312369405252223,-1.5862293022249168,-0.2774183293003994,-0.5867903832288947,0.0634886624243076,-0.4462296388086056,-0.3213666383961345,-0.7510335905451878,-0.7773767557651956,-0.411650856321447,-0.159520108376738,-0.5800697689129757,-0.204655306414319,0.6455149683058986,-0.15217761294895,False,9,265,256.0,6,1,6,0,-1.5862293022249168,-0.5867903832288947,0.0634886624243076,-0.3213666383961345,False,1.583366558827286,-0.23756571472103766,0.6342073470424481,0.3172458604449834,0.618171889362439
Arrival_Run1,CONTEXTUAL_OVERRIDE_1,49,3,344814.5671014,147.0,event_log_marker,0.5569290035278955,0.2610541686996333,1.5870453615447715,1.5131090990817262,0.6459996770109439,0.1929860491422345,38.15511771043437,0.4961762664932636,0.6673554661619528,0.3142832761329869,1.4839893594170337,1.6704255767926008,0.6601959099723157,0.2211539558700786,70.40281426839555,1.5496411369401648,0.6620426722875132,0.2352744061277483,2.524999376256383,2.4113901220063285,0.7733573134361703,0.2718892610133932,68.07332469136745,1.489910135229536,0.5111944160550949,0.2221118804852172,3.6517767674486175,3.644360126124043,0.6369948415069262,0.2745133447986221,38.304231815356914,0.5658722871538747,0.1104264626340573,0.0532291074333536,0.0141962329613718,0.9379540147116114,0.8982810229246023,2.064731405903846,1.0253999564542098,0.8234833151321465,0.4741485817235846,1.571662132739546,1.6692249284754133,3.3714057148021848,0.2157068107799506,1.3979570983379264,0.8848316301275003,1.405058955853333,0.1831828042909256,0.0156656293335692,0.5270283255686559,0.9997831616860408,3.17508490126529,1.4843364411746225,False,3,268,265.0,5,0,0,0,0.4741485817235846,1.6692249284754133,3.3714057148021848,1.3979570983379264,False,-0.06661600863880049,2.78000830586247,0.7447284112117605,1.3979570983379264,0.740936870277991
Arrival_Run1,CONTEXTUAL_OVERRIDE_1,50,1,344817.5670937,150.0,event_log_marker,0.5111944160550949,0.2221118804852172,3.6517767674486175,3.644360126124043,0.6369948415069262,0.2745133447986221,38.304231815356914,0.5658722871538747,0.5695451051179742,0.1750245850152925,1.863726339409613,1.5535671972931184,0.6402030581090189,0.3107101753440826,35.5594384757731,0.4415874430589606,0.6804896316654491,0.2800498537144048,1.996076643109889,1.6573178303731135,0.7702510916675606,0.3570042788243113,29.12585721980401,0.3332974768938122,0.465745499413208,0.1821475488674761,2.503358562245917,1.6520092535533804,0.6228763647006053,0.3046657191631154,26.333692048916728,0.1963057713750372,0.0583506890628793,-0.0470872954699247,0.0032082166020926,-1.6557001243387293,-1.9870422957509293,-1.1484182052027014,0.3842657446204212,0.4502569326063559,-0.4391160437319862,-2.880806157303688,-3.9316443752289207,-1.7815399710172966,0.1419808900125133,-0.2057086963474243,-1.811195231290164,-2.1917564953738724,0.0338241688451135,0.0492192644299351,-1.0285885895054268,-1.1294443176642643,0.1791068114448279,-0.3545382352013664,False,1,269,268.0,8,0,0,0,-0.4391160437319862,-3.9316443752289207,-1.7815399710172966,-0.2057086963474243,False,-0.050318931375169906,-4.580210776693273,-1.1660581140667858,0.08782320874639725,0.0757231817908429
Arrival_Run1,CONTEXTUAL_OVERRIDE_1,51,5,344820.566806,153.0,event_log_marker,0.465745499413208,0.1821475488674761,2.503358562245917,1.6520092535533804,0.6228763647006053,0.3046657191631154,26.333692048916728,0.1963057713750372,0.3148846407554723,0.1061195378635127,1.4997433344287374,1.4492777548966456,0.3945169551717025,0.359881317399369,16.209758391357752,0.0979617244532418,0.5348130004459888,0.192560871441237,0.8747773640527499,0.7677487065800981,0.6287025716344741,0.2327782740605411,12.334246952021056,0.0173054726920729,0.4957938356902523,0.2405257024302742,1.0168042021908992,0.8153608160620711,0.53193670194802,0.1600144829641356,14.365049955440622,0.0129226170413117,-0.1508608586577357,-0.0760280110039633,-0.2283594095289027,-1.628581198193167,-0.8842605469732823,-1.4865543600550175,0.0811238963904159,-1.0491594712932717,-0.7025877289965929,-2.8342517008304164,-1.7909704322306146,-2.3238107804259447,-1.411760558690365,-0.963955883864828,-1.2213169734934142,-1.404789843687517,-0.154697477962549,0.1030359102512387,-1.1142723049937278,-1.273697089071288,-0.9393901824324524,-0.4200172688613832,False,5,274,269.0,9,1,5,0,-0.7025877289965929,-1.7909704322306146,-2.3238107804259447,-0.963955883864828,False,1.4550730630302144,-2.7029113023387685,-0.7602402169241922,0.1405175457993186,0.2534533580181061
Arrival_Run1,CONTEXTUAL_OVERRIDE_1,52,7,344823.5670356,156.0,event_log_marker,0.4957938356902523,0.2405257024302742,1.0168042021908992,0.8153608160620711,0.53193670194802,0.1600144829641356,14.365049955440622,0.0129226170413117,0.4784403993850052,0.1958238493121328,0.8057139980643878,0.7563845668837422,0.6091862381102788,0.1149882928788014,12.895375818933054,0.0028719919611965,0.3799322982356459,0.1419410037007538,1.098368915649877,1.1155754423780253,0.4732292929561971,0.2021174708135098,12.69380302360218,0.017286402744741,0.5537361335192489,0.2652303728934609,1.4278560298094485,1.2384520472777996,0.6219399483545429,0.2158402917296748,17.964496286097177,0.025256668867373,-0.0173534363052471,-0.0447018531181413,0.0772495361622588,0.0815647134589778,0.3002146263159542,0.4110518276185491,0.0145844201536556,-0.0923135356903018,-0.4173993548067686,0.1015176943003601,0.5082833796856334,0.7193906890473085,0.638773421159366,-1.130390742694097,0.0758406699487623,0.3257703081341669,-0.0112220055646209,-0.1535398209691374,1.026102639970464,0.4883565434363142,0.8006605110466407,0.2350318176907337,False,7,281,274.0,4,1,2,0,-0.4173993548067686,0.5082833796856334,0.7193906890473085,-1.130390742694097,False,0.8817369455319337,0.8546725987632469,0.4901138516699294,0.08347987096135373,0.6389500341702993
Arrival_Run1,CONTEXTUAL_OVERRIDE_1,53,10,344826.5667742,159.0,event_log_marker,0.5537361335192489,0.2652303728934609,1.4278560298094485,1.2384520472777996,0.6219399483545429,0.2158402917296748,17.964496286097177,0.025256668867373,0.4307801149195417,0.26905935242247,1.1424308835094628,1.147712838773996,0.5247865499394339,0.2156213065989979,15.839654104623298,0.0197038177264889,0.5091746377128917,0.2548533324660501,2.1487197426565854,2.2362322723674777,0.6535607759029977,0.2918620188228205,18.56248005381508,0.1429149846600308,0.4561614528925629,0.159276959179307,1.0795009663866737,0.8782128271197893,0.5831803837538506,0.2486258659887797,55.25230585157327,1.1082756137382272,-0.1229560185997071,0.003828979529009,-0.097153398415109,0.7208637128471371,0.997780225089678,-0.3483550634227748,0.32403777124803,-0.849165850544006,0.0244176503671517,1.198988046948987,1.8623686304454432,-0.4984743146383893,-0.5314120350536883,-0.3563566246560189,0.5856040510886498,1.0058543354830782,0.0208832258333016,-0.2122874687783863,0.6953347181734473,1.208771844300054,0.1088361838121411,0.6523513233929238,False,10,291,281.0,1,1,2,0,0.0244176503671517,1.8623686304454432,-0.4984743146383893,-0.3563566246560189,False,0.9182630544680664,1.2489935464312285,0.18865852926449048,0.0,0.6460537276506559
Arrival_Run1,CONTEXTUAL_OVERRIDE_1,54,6,344829.5599848,162.0,event_log_marker,0.4570086329281214,0.1646266979044961,1.0831238468702702,0.8764553903620217,0.590251305411883,0.2438981881508624,54.44591329303546,1.0838576992931588,0.3903561017209505,0.1246980904277517,1.0637931032808967,1.0142880396082423,0.6702402313538787,0.2407109102443191,33.81889408346916,0.4452206407584495,0.4354978928895288,0.1529015231867989,2.9046013045731143,3.245735449624543,0.4974658768879023,0.3161396426287296,53.86198826899621,1.0709178045796937,0.526673361460552,0.2867035607509462,1.2597897326780116,1.2300624255760455,0.6241833119737593,0.3650373038309718,17.453672591854783,0.1058358127262039,-0.0666525312071709,-0.0399286074767444,0.0799889259419956,1.821477457702844,2.3692800592625214,0.1766658858077414,0.6764579893393765,-0.4456394988061767,-0.3739444833526875,3.0883871479216616,4.524666914847203,0.343504666343622,0.6571538118730595,0.5251503027190567,1.3072755941075531,1.9686486584136933,0.0992408536807422,-0.0192614597224298,3.3987381295633923,1.3070643018899668,2.8955417074965006,0.6638845520243986,False,6,297,291.0,1,0,0,0,-0.3739444833526875,4.524666914847203,0.343504666343622,0.5251503027190567,False,0.06890026238055608,3.5703720854077967,1.0522671565619899,0.5999391993895942,0.8214588534349386
Arrival_Run1,CONTEXTUAL_OVERRIDE_1,55,9,344832.5665372,165.0,event_log_marker,0.5266795363701988,0.2848297545529372,1.2541804578679356,1.2180914727987162,0.6220412350038668,0.3616288597020871,17.366366663043,0.1047333563436393,0.5124676140607638,0.2494539937427187,1.6595777894672763,1.2899820130377595,0.6454890603106795,0.2096676738051168,16.081684945167094,0.0260479779236275,0.5661416104730521,0.238887903181524,1.3877263603542116,1.0134434464120876,0.568570030499313,0.2283677613444911,45.19738877208151,0.8285978611600386,0.4523782952264908,0.1976714012352338,1.5364674399691505,1.2668858317368057,0.497677553369994,0.1918476406772816,34.3157834224165,0.3878376442544585,-0.014211922309435,-0.0353757608102184,0.0234478253068127,0.1335459024862759,-0.2046480263866286,0.2822869821012146,0.336804209920441,-0.0697983463055777,-0.332496089218475,0.190752643686299,-0.4717349481760222,0.5128897987992327,0.2777819062230515,-0.3244239955106547,-0.2323255838904943,-0.0853595508513625,0.1290899825357621,-0.1169456218477421,1.0361101949878453,-0.2560048816922209,2.21107999718442,-0.4419609078794684,False,9,306,297.0,7,1,7,1,-0.332496089218475,-0.4717349481760222,0.5128897987992327,-0.3244239955106547,False,2.7484566879124372,0.46734367964860063,0.18492689184376945,0.066499217843695,0.7264136276205923
Arrival_Run1,CONTEXTUAL_OVERRIDE_1,56,9,344835.5661255,168.0,event_log_marker,0.4523782952264908,0.1976714012352338,1.5364674399691505,1.2668858317368057,0.497677553369994,0.1918476406772816,34.3157834224165,0.3878376442544585,0.5536956971301004,0.1737217367421989,1.29017164091207,1.4163286425699078,0.631588186052964,0.1955415343386675,30.82289542857983,0.2773179394754647,0.6017890051478713,0.2805848626581286,1.40154876071001,1.4632949768804588,0.7631806890131599,0.2573646803181424,13.966223349577715,0.0660766566148204,0.455876602034892,0.1355835714138988,1.376060264457324,1.6126032967218071,0.697939824041404,0.1466365545232762,33.992607727379166,0.5003524158898337,0.1013174019036095,-0.0239496644930349,0.13391063268297,-0.1349186792591401,0.1964091451436531,-0.1604071755118263,0.3078961640586443,0.7581987969869491,-0.2284747201150301,-0.2701145240768059,0.3067805084853677,-0.1970612541254439,1.0189504591334997,-0.396731545917553,-0.1040472081025483,0.0857788197247367,-0.0659435074174403,0.0764906837163471,-0.0054521688532895,0.7337748764321936,0.4481410657778533,1.2139383005506164,False,9,315,306.0,6,1,6,0,-0.2284747201150301,0.3067805084853677,-0.1970612541254439,-0.396731545917553,False,1.8416938194070875,0.4175583850861453,0.08142897961374955,0.04569494402300602,0.6417545100197561
Arrival_Run1,CONTEXTUAL_OVERRIDE_1,57,2,344838.5664222,171.0,event_log_marker,0.455876602034892,0.1355835714138988,1.376060264457324,1.6126032967218071,0.697939824041404,0.1466365545232762,33.992607727379166,0.5003524158898337,0.5212171788559226,0.1901557685676406,1.6901884932805291,1.0297815447162828,0.5363788079177121,0.2307377707450896,45.478150917697945,0.8256441435218499,0.6179301635047296,0.2818755327973854,1.4208409171721117,1.1760290417909778,0.4530208262097872,0.2528463510236191,41.70720994374289,0.6500749475515254,0.4522324784482299,0.1652903662876253,1.0494766932301565,0.9761157261870772,0.4228386015382444,0.249848874701903,13.352678623209728,0.0408074008610611,0.0653405768210305,0.0545721971537418,-0.1615610161236919,0.0447806527147878,-0.4365742549308293,-0.3265835712271674,0.5042197269560675,0.500353366002018,0.486375857572243,0.0383713165406416,-0.9219404713384708,-0.4635592529819318,-0.9635656435612284,0.0943315992059143,-0.2455644025669481,-0.1030216848059275,0.0400151222292526,0.1569032976991525,-0.4573810539673324,-0.3703218596127051,-0.0879485145174842,0.4496846458981687,False,2,317,315.0,5,0,0,0,0.486375857572243,-0.9219404713384708,-0.4635592529819318,0.0943315992059143,False,0.18368154756686675,-1.2625708765046897,-0.6221654894183559,0.0943315992059143,0.2791832611410376
Arrival_Run1,CONTEXTUAL_OVERRIDE_1,58,9,344841.5659749,174.0,event_log_marker,0.4522324784482299,0.1652903662876253,1.0494766932301565,0.9761157261870772,0.4228386015382444,0.249848874701903,13.352678623209728,0.0408074008610611,0.3626604089755048,0.1423653136081079,0.8943442327636322,0.7644704519691116,0.3738353093170392,0.221341790736902,20.170538933871946,0.0908956032809056,0.4063116277765234,0.1761233031116056,0.8663527998924858,0.8977470398893825,0.5415428086077618,0.203047113933356,13.965044440890162,0.0116308678469348,0.7091556651537062,0.3214372587518726,1.197222982983131,1.1563006105215932,0.7558583208078933,0.310421360282129,61.413437409765365,1.3646731376409469,-0.0895720694727251,-0.0229250526795173,-0.0490032922212052,-0.1831238933376706,-0.0783686862976945,0.1477462897529742,0.3770017524074621,-0.6099035273437888,-0.2191468166313721,-0.3528673413734057,-0.2266067592419601,0.297126151253335,-0.2083409002716925,-0.2238780837077782,-0.111444828867666,0.0759095276004352,0.0552602152807359,0.0621594283213618,-0.1881916956489492,0.1268310116597372,0.7159085212356001,0.4549349713762997,False,9,326,317.0,7,1,7,1,-0.2191468166313721,-0.2266067592419601,0.297126151253335,-0.2238780837077782,False,2.8428496588932175,0.5671618782950467,0.11558495314714333,0.04382936332627442,0.734653833703994
Arrival_Run1,CONTEXTUAL_OVERRIDE_1,59,1,344844.565871,177.0,event_log_marker,0.7091556651537062,0.3214372587518726,1.197222982983131,1.1563006105215932,0.7558583208078933,0.310421360282129,61.413437409765365,1.3646731376409469,0.4848528490916459,0.1747098691700548,1.7991931411759687,1.4736718725366522,0.5748007826509279,0.2786279755336828,36.88438931973335,0.5725513250345344,0.6287090793074683,0.3394722375207794,1.9581115183182487,2.173008536633146,0.6131030581550364,0.3306267803517955,53.81468059995765,1.097522252317909,0.366171173907802,0.1189987903302925,1.5948722858668296,1.2011207840555045,0.4158616621424702,0.2477947158978493,22.49878502943015,0.1267484522577236,-0.2243028160620603,-0.1467273895818178,-0.1810575381569653,0.7608885353351185,1.016707926111553,0.3976493028836989,0.7903737918127784,-1.5755170116217736,-1.3462236611890517,1.2676977682102797,1.899110294354282,0.6978969864905354,-1.0943807963300776,0.8100873292087417,0.0956730372792255,0.3522290078858133,-0.2399289135219071,-0.2353991892099851,1.156603493752585,0.749151312894244,0.0359502480785193,0.1850908116018041,False,1,327,326.0,6,0,0,0,-1.3462236611890517,1.899110294354282,0.6978969864905354,0.8100873292087417,False,0.2334050582814682,1.596361092885965,1.0182022273940128,1.079332061446552,0.6977922384229441
Arrival_Run1,CONTEXTUAL_OVERRIDE_1,60,10,344847.5658599,180.0,event_log_marker,0.366171173907802,0.1189987903302925,1.5948722858668296,1.2011207840555045,0.4158616621424702,0.2477947158978493,22.49878502943015,0.1267484522577236,0.5093733553947352,0.2249137868721037,1.4780348836918562,1.4461445030300837,0.4620940053241547,0.2390711026636916,30.61028258647252,0.3125986352512707,0.5853936364242981,0.3216241769322704,1.714693501631536,1.7194143501233523,0.5467367967980394,0.184862263995105,17.251054377351696,0.0307381671159975,0.7042430032478081,0.2949929843656785,1.5782972096821766,1.3644654603905468,0.7719551815147625,0.2478686956412517,15.370900568601527,0.0228744302029176,0.1432021814869331,0.1059149965418112,0.0462323431816844,0.1198212157647065,0.518293566067848,-0.016575076184653,0.1232399212069774,1.0583864599778254,0.9537925620786344,0.1671917796919423,0.9316091232981208,0.0336030738437339,0.4306584131958942,-0.8586112818145657,0.621865209638835,1.0542309660052696,0.0870739731550642,0.045364502758997,-0.616018998687963,-0.743367658927395,0.176659694523498,-0.7590360668291233,True,10,337,327.0,7,1,8,0,0.9537925620786344,0.9316091232981208,0.0336030738437339,-0.8586112818145657,True,2.3378421329501506,1.2159398187897676,-0.2939191664242713,0.0,0.7110021361294228
Arrival_Run1,CONTEXTUAL_OVERRIDE_1,61,6,344850.5657824,183.0,event_log_marker,0.7042430032478081,0.2949929843656785,1.5782972096821766,1.3644654603905468,0.7719551815147625,0.2478686956412517,15.370900568601527,0.0228744302029176,0.4896903291206543,0.2375793335810978,1.022092357156571,0.9250550837822006,0.5321019033413732,0.2029081196663596,12.466533538581576,0.0104886769586759,0.4873582674234958,0.233422682021603,1.679124664685837,1.7262024674383267,0.603200833264047,0.243217094139044,14.202391083185852,0.0331812270474906,0.5001721291379395,0.1048641203843664,2.775402797706533,2.5937156127508296,0.464252572331033,0.1993150341066865,25.21917331899436,0.1329988014327177,-0.2145526741271538,-0.0574136507845806,-0.2398532781733893,0.1008274550036605,0.3617370070477799,1.1971055880243564,0.0498857839104505,-1.5056378729373656,-0.5331255451278164,0.1345856136561772,0.6277080595824666,1.979989423542704,-1.4888805793826476,-1.042091618239959,0.330102293590533,0.6649850799365311,-0.142222897811246,-0.2044203067752235,0.0009214444323113,2.298601222303712,0.2885991857753652,1.6432657519927083,False,6,343,337.0,7,1,4,0,-0.5331255451278164,0.6277080595824666,1.979989423542704,-1.042091618239959,False,1.5814832754006263,1.915217712145507,0.9498524125258726,0.10662510902556328,0.8049871577627495
Arrival_Run1,CONTEXTUAL_OVERRIDE_1,62,3,344853.5657789,186.0,event_log_marker,0.5001721291379395,0.1048641203843664,2.775402797706533,2.5937156127508296,0.464252572331033,0.1993150341066865,25.21917331899436,0.1329988014327177,0.6337773214091585,0.294274138906518,2.759484657777263,2.850708780553804,0.7871084852413406,0.1907629412167244,23.51301922489497,0.1570655056518041,0.5505885200674933,0.2471041477101347,1.6249839705733666,1.722039403510468,0.4889031370014507,0.2564629719749589,15.697681261061108,0.0342814568634151,0.6051691040996768,0.1596472277662601,2.04181940328172,1.7651294434108933,0.6608143189064511,0.1855743224671164,16.10097083185029,0.0160312370154023,0.133605192271219,0.1894100185221515,0.3228559129103076,-1.1504188271331663,-0.8716762092403616,-0.7335833944248131,0.0850942502408348,0.989604964812434,1.7139180028781886,-2.0134010089119987,-1.7665422406100937,-1.1162671056839253,2.286710198830119,-0.9540248576534788,-0.4145295689417674,-0.3284409971404333,0.3012491004220042,0.2883027542371875,-1.220858214088665,-1.043270070601434,-0.01695397306812,0.6828755466355663,False,3,346,343.0,3,0,0,0,1.7139180028781886,-1.7665422406100937,-1.1162671056839253,-0.9540248576534788,False,0.30705239534991763,-2.2915576546275327,-1.5642371017421317,0.0,0.1557392521644429
Arrival_Run1,CONTEXTUAL_OVERRIDE_1,63,2,344856.5656485,189.0,event_log_marker,0.6051691040996768,0.1596472277662601,2.04181940328172,1.7651294434108933,0.6608143189064511,0.1855743224671164,16.10097083185029,0.0160312370154023,0.4370452973126771,0.2318974829646533,1.650479248689727,1.6873449586924714,0.4740060053669643,0.1722141711716012,48.55289995839825,0.8445717042952853,0.5222498472482591,0.1847240236113234,1.605182120687114,1.4657984776033035,0.7005860413580574,0.2069157870542826,31.82920769238422,0.3296830676487677,0.4358313523578328,0.2274258064752504,0.6955426913668233,0.8029172730125294,0.5907684367771652,0.1543083249926986,50.84584500903932,0.978565016052196,-0.1681238067869996,0.0722502551983931,-0.1868083135394868,-0.4366372825946059,-0.2993309658075895,-1.3462767119148964,0.5422127562529129,-1.1728827929105523,0.6473140949061372,-0.7880681300110086,-0.6555295217528883,-2.0988467453551944,-1.1329665789081191,0.1893633732015043,-0.3650432545000181,-0.2624204604181927,0.2716375588862413,0.1444993542242071,-0.403069932665922,-0.8866192186653727,0.29885223221869,-0.0863685242576633,False,2,348,346.0,6,0,0,0,0.6473140949061372,-0.6555295217528883,-2.0988467453551944,0.1893633732015043,False,0.3196701952495981,-2.0104025550649522,-1.1607453071595113,0.1893633732015043,0.19653225743145883
Arrival_Run1,CONTEXTUAL_OVERRIDE_1,64,1,344859.5661614,192.0,event_log_marker,0.4358313523578328,0.2274258064752504,0.6955426913668233,0.8029172730125294,0.5907684367771652,0.1543083249926986,50.84584500903932,0.978565016052196,0.5796846735320417,0.2859942639831306,1.5003135636375695,1.52397182807141,0.6117299417857627,0.2133935252206422,59.75749809871663,1.266737033910036,0.4735494994944186,0.1327513306757612,1.1719578883154986,1.1214952898840274,0.558916825103671,0.2343611424830529,57.52061137803292,1.125300496271348,0.6526479384695596,0.2951019573196113,1.4650350179155414,1.4091483856691256,0.6305007070012542,0.2015407457486263,22.034128168259016,0.1448251715457956,0.1438533211742088,0.0585684575078801,0.0209615050085975,0.4764151969486753,0.318578016871498,0.769492326548718,0.878856929444844,1.0630531695307563,0.5227571781730619,0.7793487244969406,0.5439296276498622,1.2942236866147998,0.2610995272280574,1.0314097584410251,0.2835115426971813,0.602827563965282,0.1718630721168243,0.0983810194945619,-1.5857928516629696,0.5036669026535083,-0.612372911280713,0.2645675435486088,False,1,349,348.0,8,0,0,0,0.5227571781730619,0.5439296276498622,1.2942236866147998,1.0314097584410251,False,0.3280216022880509,0.8103277093338092,-0.043574555302120815,1.0314097584410251,0.5308869987649875
Arrival_Run1,CONTEXTUAL_OVERRIDE_1,65,3,344862.565933,195.0,event_log_marker,0.6526479384695596,0.2951019573196113,1.4650350179155414,1.4091483856691256,0.6305007070012542,0.2015407457486263,22.034128168259016,0.1448251715457956,0.4971013475248441,0.1551511078242528,1.5240539721095951,1.4920698530170458,0.491644781807605,0.2196783510912059,15.655429550946913,0.0067875639073665,0.2951913450301777,0.1274960310640326,1.5618610346519035,1.496368967023617,0.3203756059558758,0.1936343246075101,14.454060752136622,0.0156738313892868,0.4484807330964245,0.1886246867903022,1.667506406573521,1.4729043536605315,0.5298492868840463,0.2531813644085146,15.258399599252828,0.0224600295997617,-0.1555465909447154,-0.1399508494953585,-0.1388559251936491,0.0968260167363623,0.0872205813544915,0.2024713886579796,0.0474366491105527,-1.0827420528090967,-1.2845311147576186,0.1277164337098356,0.0948282217922417,0.3848890930515783,-0.8112220648667745,-1.0482176268551224,-0.3586626485801451,-0.2539079851571995,-0.2764801639141873,-0.1266176350911334,-0.2817845821183837,1.714831662301442,-0.9923146360499302,1.6892178343481226,False,3,352,349.0,9,1,3,0,-1.2845311147576186,0.0948282217922417,0.3848890930515783,-1.0482176268551224,False,1.4321793757253292,0.4733502269282176,0.7249435752652875,0.2569062229515237,0.67484819000741
Arrival_Run1,CONTEXTUAL_OVERRIDE_1,66,2,344865.5654915,198.0,event_log_marker,0.4484807330964245,0.1886246867903022,1.667506406573521,1.4729043536605315,0.5298492868840463,0.2531813644085146,15.258399599252828,0.0224600295997617,0.4495134732393297,0.2243890364244817,1.1782676589546348,1.1484450165228806,0.654913218361031,0.2913949429727353,13.349105959843914,0.0381886577328204,0.4345208531496135,0.1743355054738601,1.3707345859582856,1.2417484931181866,0.526094134472119,0.1778030294074062,23.195668028411607,0.1032858658381496,0.4776298306122623,0.2189396685192664,1.1032645522616498,0.9147858804944192,0.4901002812869522,0.211047237221686,11.741621152490518,0.0173096271656976,0.0010327401429052,0.0357643496341794,0.1250639314769847,-0.2967718206152354,-0.2311558605423451,-0.5642418543118712,0.0453110450841073,0.0394599484778287,0.315152196002762,-0.5479642067626254,-0.523190850420832,-0.8446931473662791,0.9595920480391376,-1.0535343895661715,-0.29547670595518,-0.1696105406523904,-0.0265934959992077,-0.0906539073986416,-0.2051411853656566,-0.4355403068624983,0.0151157011250245,-0.3232060270899299,False,2,354,352.0,2,0,0,0,0.315152196002762,-0.523190850420832,-0.8446931473662791,-1.0535343895661715,False,0.34458179091229063,-1.0925997122780668,-0.5479648051072237,0.0,0.31114363253342275
Arrival_Run1,CONTEXTUAL_OVERRIDE_1,67,9,344868.5653461,201.0,event_log_marker,0.4776298306122623,0.2189396685192664,1.1032645522616498,0.9147858804944192,0.4901002812869522,0.211047237221686,11.741621152490518,0.0173096271656976,0.3452081328830584,0.1183274839260019,1.278153603334776,1.155827129021434,0.4559304110759807,0.196127557911958,15.704562682673837,0.0266611897593565,0.4527484512476764,0.1962019315005586,1.6680416733542125,1.7002756421926506,0.5589288367474968,0.1733508027193945,21.732792903938865,0.1085350877584841,0.6017982661467047,0.2589540977279931,1.4010634192974882,1.391015552621924,0.6896598290878699,0.1871599867416942,16.70350963953483,0.0060720629484687,-0.1324216977292038,-0.1006121845932645,-0.0341698702109715,0.5647771210925625,0.7854897616982313,0.2977988670358384,0.0396444919080017,-0.9170062480529014,-0.9263981471872764,0.9310376715212793,1.450279235755311,0.5377662938981557,-0.1088135916039255,-1.0677081106600663,0.2640233250835354,0.5768280002247408,-0.1046117184699947,-0.0836191419218376,0.5418193571380534,0.0760559167600547,0.395135373596407,-0.439769053760546,False,9,363,354.0,4,1,4,0,-0.9263981471872764,1.450279235755311,0.5377662938981557,-1.0677081106600663,False,1.6527916479193836,1.746728226822457,0.8764755828495332,0.1852796294374553,0.7940637066009316
Arrival_Run1,CONTEXTUAL_OVERRIDE_1,68,6,344871.5652363,204.0,event_log_marker,0.6017982661467047,0.2589540977279931,1.4010634192974882,1.391015552621924,0.6896598290878699,0.1871599867416942,16.70350963953483,0.0060720629484687,0.5574771048124131,0.3163129824905173,1.013576213070528,1.0004686687233948,0.5275254489508344,0.215970754813642,23.58697779883674,0.0741518283143644,0.4109642153884241,0.147543708184568,2.016103534428344,2.212653466770546,0.6009569380150522,0.2301400611923431,29.92295862018351,0.4288448958506415,0.5312159710240724,0.3331295287032611,2.009369908801339,1.9756606907035537,0.5494980553582224,0.2066879518796472,16.927730929234944,0.0808402507570178,-0.0443211613342916,0.0573588847625242,-0.1621343801370355,0.6150401151308558,0.8216379141486223,0.6083064895038508,0.1474772594676231,-0.2855908653834157,0.5117454196941038,1.0173230338402792,1.5204485218573471,1.0357290741185228,-0.9674127246390588,-0.7979865489499083,0.8666272406607862,1.380772169155813,0.0557264960466723,0.1097672693983803,-0.4164938271996237,1.7439698917269764,0.7754591947276777,1.702368094028658,False,6,369,363.0,3,0,0,0,0.5117454196941038,1.5204485218573471,1.0357290741185228,-0.7979865489499083,False,0.3891725951926446,1.735385230830078,0.34310225415946605,0.0,0.6583752495615947
Arrival_Run1,CONTEXTUAL_OVERRIDE_1,69,1,344874.56571,207.0,event_log_marker,0.5312159710240724,0.3331295287032611,2.009369908801339,1.9756606907035537,0.5494980553582224,0.2066879518796472,16.927730929234944,0.0808402507570178,0.3905963117662045,0.1536214307522007,1.6439482856260876,1.4669213184688452,0.5596918156422983,0.1878383038718106,12.8465746780825,0.0063650599395863,0.5082566165216658,0.2928717374181096,1.3738344348228892,1.3996858013760802,0.5734783933008197,0.2279943493958373,14.066971318816218,0.0228994124892308,0.5108748647080114,0.0971317721610077,1.972265696142223,1.926346777952512,0.6692036583767665,0.2911286070544453,17.603568293305816,0.058828252095878,-0.1406196592578678,-0.1795080979510604,0.0101937602840759,-0.6355354739784498,-0.5759748893274736,-0.0371042126591161,0.0422332438204282,-0.975760930232453,-1.6446540323405108,-1.1295122249464151,-1.192539169604104,0.0006803848833361,0.1888515555790464,-1.0612328784602274,-1.0118007185060194,-1.125270631914658,-0.3624785141415076,-0.0919254611344714,-0.644096437114811,0.3880762154662744,-0.9501178815598168,0.436058680862349,False,1,370,369.0,9,1,1,0,-1.6446540323405108,-1.192539169604104,0.0006803848833361,-1.0612328784602274,False,1.1129301950756703,-0.9117896589131851,0.5188542779429948,0.3289308064681022,0.5024613242312514
Arrival_Run1,CONTEXTUAL_OVERRIDE_1,70,8,344877.5652052,210.0,event_log_marker,0.5108748647080114,0.0971317721610077,1.972265696142223,1.926346777952512,0.6692036583767665,0.2911286070544453,17.603568293305816,0.058828252095878,0.4621326697743653,0.1623609997649571,1.230717436717799,1.198270291804307,0.4968662685091445,0.105736748099947,16.354835294348653,0.0,0.4866687837563755,0.1689961838906632,1.0865975932670622,1.076587356565929,0.5889294978232903,0.1383801782248744,14.095173580977107,0.0083016373952422,0.7118338530762498,0.385629668246403,2.4314235186574207,2.1450382256309046,0.8108838170002612,0.1351208572055579,30.561072226323635,0.2490686904922266,-0.048742194933646,0.0652292276039493,-0.172337389867622,-0.8856681028751607,-0.8497594213865827,0.4591578225151977,0.0790496449958367,-0.3172763548952843,0.5833957729689438,-1.558909337575911,-1.7239982859927725,0.7965385373790181,-1.0358715130491591,-0.96914419849485,-0.2797300989514872,-0.1486027234878749,0.2114092051072077,0.0542508277043126,-0.6138862811013259,-1.000652732032267,0.9473886856897464,0.0217545424891576,False,8,378,370.0,0,0,0,0,0.5833957729689438,-1.7239982859927725,0.7965385373790181,-0.96914419849485,False,0.41685230494647324,-1.0742878702259842,-0.43204380567772627,0.0,0.3291714191833007
Arrival_Run1,CONTEXTUAL_OVERRIDE_1,71,6,344880.5653148,213.0,event_log_marker,0.7118338530762498,0.385629668246403,2.4314235186574207,2.1450382256309046,0.8108838170002612,0.1351208572055579,30.561072226323635,0.2490686904922266,0.6985548486841153,0.4224257830599608,2.1550188149339915,1.6449125049635056,0.7419563858030342,0.2571175414882109,22.425339371907,0.1451559854698817,0.5330216716891134,0.2110967891748608,1.5486437563877364,1.3743704245863604,0.6497746758363016,0.1945009600982493,16.420250505960873,0.0117123903979599,0.5233779866301836,0.1325909920355401,1.823185136463004,1.700923708036401,0.5749029598499741,0.1490593665875318,14.982394638022582,0.0036180523958929,-0.0132790043921344,0.0367961148135578,-0.068927431197227,-0.8827797622696842,-0.7706678010445442,-0.6082383821944173,0.1023887796889903,-0.0631121358935198,0.3245452225949497,-1.553950987592734,-1.570468930829447,-0.9152506208682138,-0.3420252199410126,-0.9107661377173546,-0.5733608910123061,-0.5403405748255592,-0.12513213272423,0.0044896361029531,-0.9868417507990068,-0.8085881769766387,-0.7952788334296147,-0.6903772320468685,False,6,384,378.0,8,1,5,0,0.3245452225949497,-1.570468930829447,-0.9152506208682138,-0.9107661377173546,False,1.947853818342525,-1.5304658732054242,-0.7895133515995686,0.0,0.3830343568364694
Arrival_Run1,CONTEXTUAL_OVERRIDE_1,72,3,344883.5652666,216.0,event_log_marker,0.5233779866301836,0.1325909920355401,1.823185136463004,1.700923708036401,0.5749029598499741,0.1490593665875318,14.982394638022582,0.0036180523958929,0.6208868795263236,0.4415726351378233,1.7129090798153366,1.6034915877107874,0.7042173751091783,0.1896235619605719,16.194984746164916,0.0126807088164181,0.517252806992444,0.2208767622108521,1.5357827381581628,1.473331869464091,0.5883839506861813,0.1915040424658825,16.313083950426496,0.0510942213658145,0.4780224086381633,0.1949619764578201,1.9321802236549444,1.624547949615005,0.508161322160053,0.2852570288681277,22.28396748074352,0.2402807558692637,0.0975088928961399,0.3089816431022832,0.1293144152592041,-0.2874023983048406,-0.2275918385723101,0.1089950871919409,0.0769184346118473,0.7309032631485142,2.802479113293756,-0.5318799281747597,-0.516272519597907,0.2349806347896848,0.9881113749408086,-0.9744749843599604,0.7366082655179188,1.207311635272006,0.3331052896947193,0.3330931153235845,-0.4565573215418097,-0.8497394260558321,0.6891098240141827,0.0240910145095707,False,3,387,384.0,4,0,0,0,2.802479113293756,-0.516272519597907,0.2349806347896848,-0.9744749843599604,False,0.4706784890338473,-0.40090282717279974,-1.4283642297462236,0.0,0.29554992024659477
Arrival_Run1,CONTEXTUAL_OVERRIDE_1,73,3,344886.5654106,219.0,event_log_marker,0.4780224086381633,0.1949619764578201,1.9321802236549444,1.624547949615005,0.508161322160053,0.2852570288681277,22.28396748074352,0.2402807558692637,0.5635659746778157,0.2550548359548952,1.4800111747675122,1.60645660123138,0.6350810082236424,0.2069570317381981,20.66592162786217,0.0561829554738433,0.6967853769740643,0.3394861213514102,1.6176843489349166,1.5694848279199822,0.7033464674072881,0.2619355970266203,12.615381495862833,0.0477821373204378,0.5494478216163912,0.2260270904935244,1.081088125103695,0.9394373880003886,0.5795786057711181,0.2752565742004933,11.11183239169226,0.0305431031251556,0.0855435660396523,0.060092859497075,0.1269196860635894,-0.3144958747200277,-0.0550631216950228,-0.8510920985512493,0.0936972379471751,0.6451479233400395,0.536635092167328,-0.578390695662758,-0.1813669691138572,-1.3047164601371184,0.9720435416611222,-0.9325062475682424,-0.1685679801179652,-0.0002994434525557,0.051088753812745,-0.0061636736781779,-0.076232015054096,0.8563024251922309,0.1818126320500557,0.626153633398893,False,3,390,387.0,7,1,1,0,0.536635092167328,-0.1813669691138572,-1.3047164601371184,-0.9325062475682424,False,1.1819577758704505,-0.8432341007101357,-0.72326909580934,0.0,0.3842042795432005
Arrival_Run1,CONTEXTUAL_OVERRIDE_1,74,6,344889.5649621,222.0,event_log_marker,0.5460951381004158,0.2237580853315578,1.0894397157180955,0.9545396244882276,0.573532106338447,0.2744489558540119,11.141547700005528,0.0302181764961646,0.5987172455019655,0.190661682170467,1.857135646082228,1.473745608774383,0.7282418951432418,0.366707519985237,36.638752029715896,0.5249192050179311,0.4506148113469823,0.1946153229092062,1.3471442389060702,1.1830489463634748,0.4832503925716691,0.1985433251479852,28.53741208557744,0.3023971589218188,0.4210111891124924,0.1591875035131118,2.0362683114728792,2.0779133103633787,0.4872344121314128,0.209369350332002,23.78924800620037,0.1224864389706111,0.0526221074015497,-0.0330964031610908,0.1547097888047948,0.2577045231879746,0.228509321875247,0.9468285957547836,0.2450052448516314,0.4092002633753304,-0.3117451786050149,0.4038929823639261,0.3690920329290124,1.5786188359057232,1.158505851674598,-0.5540402873121757,0.1410136392317978,0.4127186788178011,-0.1298786969123559,-0.0901580823524324,0.1397563417630712,-0.745539187053159,-0.055455675260389,-1.0474643340602512,False,6,396,390.0,0,0,0,0,-0.3117451786050149,0.3690920329290124,1.5786188359057232,-0.5540402873121757,False,0.49315018672149125,1.143263570731341,0.668518308911961,0.06234903572100298,0.6486250211642778
Arrival_Run1,CONTEXTUAL_OVERRIDE_1,75,8,344892.5648569,225.0,event_log_marker,0.4210111891124924,0.1591875035131118,2.0362683114728792,2.0779133103633787,0.4872344121314128,0.209369350332002,23.78924800620037,0.1224864389706111,0.3815965244958195,0.2027916232698916,1.6081574914915764,1.591746121464081,0.5064241466387891,0.2163340609475905,17.569229587874364,0.0330489576174183,0.4924088810155121,0.2693627526124311,1.6194798338698535,1.49035530520232,0.4948041718071366,0.2253086497045374,14.38758151568664,0.0210538772521545,0.4428896873032713,0.2042677365741248,1.4941622966021768,1.5536214100321644,0.5474459231702157,0.2068490071261975,11.77628360878383,0.014909864396687,-0.0394146646166729,0.0436041197567797,0.0191897345073762,-0.4167884776030255,-0.5875580051610587,-0.5421060148707024,0.0478747845592177,-0.2504260681041488,0.3865242200931553,-0.7539941285897466,-1.2150238310261583,-0.8091937800302272,0.2492115387759098,-1.0471217208505847,-0.4362750847086761,-0.357452060874492,0.2119377315351963,0.0257015939890714,-2.6207157299618,2.905768149729394,-0.985211996244792,3.267106716631676,False,8,404,396.0,6,1,5,0,0.3865242200931553,-1.2150238310261583,-0.8091937800302272,-1.0471217208505847,False,2.015279662485318,-1.1540839831814886,-0.7144535829564433,0.0,0.430496084587236
Arrival_Run1,CONTEXTUAL_OVERRIDE_1,76,1,344895.5648642,228.0,event_log_marker,0.4428896873032713,0.2042677365741248,1.4941622966021768,1.5536214100321644,0.5474459231702157,0.2068490071261975,11.77628360878383,0.014909864396687,0.3912526737918192,0.137773664202549,1.381971104680413,1.3590199370322644,0.4944142723456304,0.1142674585866303,14.54468129604366,0.0020275847166902,0.4793993973528039,0.2352987333102383,1.3006381447617072,1.1528828396400237,0.5945882799171466,0.1535545289495904,22.232882937099102,0.127761540283442,0.4294825771437478,0.1185771785014827,1.044297164392347,1.1019906950224274,0.5280807794354402,0.1585077726050569,18.38265073415836,0.0257675174574463,-0.051637013511452,-0.0664940723715758,-0.0530316508245852,-0.1935241518404695,-0.4007385703921409,-0.4498651322098297,0.0426166267135664,-0.3380234814720267,-0.6157922634273302,-0.3707212334921597,-0.8523777349162296,-0.6612665696941245,-0.2353698413930641,-1.06027392474875,-0.6130494848743646,-0.5932898052963079,-0.0671553905924893,-0.0989341208615954,0.5426027435144263,0.0538883987119056,0.8308386466128768,0.4576951695260562,False,1,405,404.0,4,0,0,0,-0.6157922634273302,-0.8523777349162296,-0.6612665696941245,-1.06027392474875,False,0.5442709647214506,-1.195355177770448,-0.1091052338018007,0.12315845268546605,0.36073927303035785
Arrival_Run1,CONTEXTUAL_OVERRIDE_1,77,8,344898.5647603,231.0,event_log_marker,0.4294825771437478,0.1185771785014827,1.044297164392347,1.1019906950224274,0.5280807794354402,0.1585077726050569,18.38265073415836,0.0257675174574463,0.5203821397595436,0.2024451416367647,1.2530686817865024,1.1215646415490468,0.435730369478901,0.2038744212828188,35.58235269986971,0.4587663231417575,0.4346288757459138,0.2186764045144725,1.4662223269499048,1.563974016650587,0.5046572697339445,0.1789543778731681,30.270818275925777,0.2606996200283109,0.5350739715606738,0.2100268385203857,1.6619530925220545,1.7508035764428571,0.5967561155710236,0.2049674653814587,22.393980441039,0.0960470774667964,0.0908995626157957,0.0838679631352819,-0.0923504099565391,0.4219251625575577,0.4619833216281597,0.6176559281297074,0.2103201345235778,0.6835342801783546,0.753079865812664,0.6858068961563859,0.822302025017325,1.0507228202128265,-0.49918558626028,-0.6407979801498296,0.70899208482242,1.1704684172570263,-0.1190132491648005,0.1363199657452042,0.3321059824146892,0.2980693744360897,-0.0314929897004219,0.8384358053128883,False,8,413,405.0,5,1,4,0,0.753079865812664,0.822302025017325,1.0507228202128265,-0.6407979801498296,False,1.847854544404359,1.5945220411102194,0.08671051890016057,0.0,0.7360680418501641
Arrival_Run1,CONTEXTUAL_OVERRIDE_1,78,1,344901.5651994,234.0,event_log_marker,0.5350739715606738,0.2100268385203857,1.6619530925220545,1.7508035764428571,0.5967561155710236,0.2049674653814587,22.393980441039,0.0960470774667964,0.426230043768862,0.1350657026014383,1.235434922738674,1.4174861715855025,0.5593690059493382,0.3039914474748458,66.97094487039176,1.4978394063080904,0.5581208047363696,0.2454872257412479,1.825096187516924,1.5925108299035418,0.6563077017111739,0.2072678221181196,36.54245473572762,0.5020951114726296,0.4364239838493677,0.229591873965986,1.8779650658226488,1.7290790512016356,0.6038067198547334,0.2295861583008096,17.452295212128796,0.0310503595651717,-0.1088439277918118,-0.0749611359189474,-0.0373871096216853,0.1631430949948695,-0.1582927465393155,0.2160119733005949,0.5317579887031721,-0.7480246818025146,-0.6928750673906502,0.2415614848246434,-0.3817520120243056,0.4066042030409975,-0.1304001937829311,0.1632129154635664,-0.3559320762049764,-0.2502650819464591,-0.0672328895587537,-0.0331472606046977,-0.3798411571545059,1.114912480504159,0.309592720241705,1.8974408736980204,False,1,414,413.0,3,0,0,0,-0.6928750673906502,-0.3817520120243056,0.4066042030409975,0.1632129154635664,False,0.5762094113626234,-0.19685897848229564,0.3055036400820116,0.3017879289416964,0.4972139330104766
Arrival_Run1,CONTEXTUAL_OVERRIDE_1,79,3,344904.5650038,237.0,event_log_marker,0.4364239838493677,0.229591873965986,1.8779650658226488,1.7290790512016356,0.6038067198547334,0.2295861583008096,17.452295212128796,0.0310503595651717,0.4520064464960516,0.1819621428461889,1.5420019427678833,1.5813706606608036,0.5815291162268866,0.198645201045332,16.32409263656205,0.0141460250570075,0.4289461050618621,0.1189836017226911,1.8602276307063632,1.8456891323017968,0.5272279926960999,0.1992362811713655,17.335604370948396,0.0271404900146139,0.532327693002864,0.2455150437616178,1.4515572200082514,1.441955500748476,0.7374597211125996,0.1752707821067817,12.42772083769457,0.0301297688517712,0.0155824626466839,-0.047629731119797,-0.0222776036278468,-0.0177374351162862,0.1166100811001615,-0.426407845814398,0.0256166608721411,0.1437376178132088,-0.4440542918776263,-0.0689520923252434,0.1518778931102936,-0.6236479906168979,-0.0290204537722475,-1.1027958542098792,-0.1958089381611011,-0.0366420705227702,-0.0385907039822098,-0.149554624785542,-0.3908751376122135,0.9738372418029402,0.4985810208156003,0.9462445389689672,False,3,417,414.0,4,0,0,0,-0.4440542918776263,0.1518778931102936,-0.6236479906168979,-1.1027958542098792,False,0.5797151810364114,-0.3347353774300822,0.02582171135845311,0.08881085837552527,0.4548628975354614
Arrival_Run1,CONTEXTUAL_OVERRIDE_1,80,7,344907.564497,240.0,event_log_marker,0.532327693002864,0.2455150437616178,1.4515572200082514,1.441955500748476,0.7374597211125996,0.1752707821067817,12.42772083769457,0.0301297688517712,0.5114061831646389,0.2649000757877848,1.855262058855588,1.9791049207106204,0.4382802817775604,0.1258706135655129,16.88865723431319,0.0077707113923638,0.3982466730618614,0.234532863873069,2.269713930394775,2.2416809328479386,0.4777324534649645,0.244391272728237,20.832335075390105,0.0747244552304547,0.3429320885859988,0.1987851251077118,1.992960524829698,2.048700619703168,0.4436681703850338,0.2894745059197536,13.140480175817686,0.0433237798287145,-0.020921509838225,0.0193850320261669,-0.2991794393350392,0.8181567103865235,0.7997254320994627,0.5414033048214466,0.0389871788258261,-0.1178858716533805,0.1660374856704747,1.366008768742674,1.477912925488394,0.9284360692471892,-1.8869393112070107,-1.0693522445821504,0.7146480542926824,1.1780141426626003,0.0888726030413811,0.1808486284050143,0.9583518115416908,0.8063572520730877,2.14158655638261,1.884327136294321,False,7,424,417.0,7,1,5,0,0.1660374856704747,1.477912925488394,0.9284360692471892,-1.0693522445821504,False,2.0901820269495577,2.132001726691928,0.46975954648019874,0.0,0.8143030057582137
Arrival_Run1,CONTEXTUAL_OVERRIDE_1,81,5,344910.5644851,243.0,event_log_marker,0.3429320885859988,0.1987851251077118,1.992960524829698,2.048700619703168,0.4436681703850338,0.2894745059197536,13.140480175817686,0.0433237798287145,0.507877009990279,0.2697680784553507,1.358629718046079,1.1766786126275282,0.6019411886623469,0.1668570572159321,13.803452201521518,0.0044506302594692,0.5364051500308623,0.2693299646282768,1.515313808223839,1.541048504799514,0.6269137914038835,0.2130681567768725,16.526065710928478,0.0162347586729869,0.5296118916188232,0.1522783508062448,1.296802321151757,1.0256715279542843,0.6044571429051065,0.1559432217490337,12.637123558245944,0.0,0.1649449214042801,0.0709829533476388,0.1582730182773131,-0.4776467166058589,-0.5076521149036541,-0.696158203677941,0.0160022921902926,1.2142163902708216,0.6357767798053936,-0.8584681119432875,-1.0599138490594573,-1.05624812165235,1.1824139316389344,-1.126844226466407,-0.4251265856506682,-0.3425786580001789,-0.0451441194946266,0.1433993515904394,-0.8819435192177691,-0.5243999137401749,0.634244738722793,-0.0777937593262271,False,5,429,424.0,4,0,0,0,0.6357767798053936,-1.0599138490594573,-1.05624812165235,-1.126844226466407,False,0.614315406722179,-1.5834686957759596,-0.8776676631326203,0.0,0.2649416331876513
Arrival_Run1,CONTEXTUAL_OVERRIDE_1,82,7,344913.564399,246.0,event_log_marker,0.5296118916188232,0.1522783508062448,1.296802321151757,1.0256715279542843,0.6044571429051065,0.1559432217490337,12.637123558245944,0.0,0.4453695429224938,0.1827044249067599,2.4161519673198693,2.278296588579184,0.4546462301725808,0.1996174733417084,18.960795711111803,0.0293240015077454,0.4643850395918496,0.1701880552599513,2.214813368311749,2.4242599887686387,0.6475983551692646,0.294599421996981,23.39045323019977,0.2770448827532675,0.6192864071041136,0.4294019573490359,2.8869930754837445,3.0106915058579853,0.8938809591933208,0.1981190946566831,22.991008570740306,0.1284144182131636,-0.0842423486963293,0.030426074100515,-0.1498109127325257,0.9180110471599924,1.3985884608143544,1.5901907543319875,0.1086958256185441,-0.5717054888157989,0.2665533820029104,1.5374264845488217,2.640400863302005,2.6103822645368027,-0.8847263732779483,-0.8949903553054234,1.4089913255372406,2.104349351783936,-0.0074906646274523,0.0249747170419462,1.5754559104254602,1.3988530342902974,2.228308913038852,1.707196180972026,False,7,436,429.0,9,1,7,0,0.2665533820029104,2.640400863302005,2.6103822645368027,-0.8949903553054234,False,2.5313113995924974,4.2301096100065765,1.1662039326757014,0.0,0.9381119930692913
Arrival_Run1,CONTEXTUAL_OVERRIDE_1,83,1,344916.5642477,249.0,event_log_marker,0.6192864071041136,0.4294019573490359,2.8869930754837445,3.0106915058579853,0.8938809591933208,0.1981190946566831,22.991008570740306,0.1284144182131636,0.4102000124597568,0.1801693778834887,0.9716977137827508,0.7674529558098829,0.6359419279380456,0.2583557873367847,11.213478751918611,0.0307792983504029,0.5082417104990241,0.2096501664463458,1.745706825075326,1.6732094291769617,0.7263005634087439,0.246859317360066,13.820448179798973,0.0387587698095536,0.4854882712476455,0.2520953823949272,1.6693367821824148,1.2266770918085232,0.6020890467136893,0.1785828107949955,17.922219596433276,0.0124732045217907,-0.2090863946443568,-0.2492325794655472,-0.2579390312552752,-1.1412862504084185,-1.3374820766810236,-1.2176562933013295,0.0526064227237277,-1.4664611199612287,-2.279414656251705,-1.997723317865568,-2.6707451656505223,-1.8925774733262373,-1.6102299435568763,-1.0352864979952183,-2.016442558664715,-2.4655804579569773,-0.1508850509746535,-0.203773723137673,-1.2369177627275587,-0.0171715338514444,-0.8979407996830491,-0.7325735334062233,False,1,437,436.0,6,0,0,0,-2.279414656251705,-2.6707451656505223,-1.8925774733262373,-1.0352864979952183,False,0.6547766978829326,-3.4021261497142015,-0.047046071558561,0.455882931250341,0.20969610881741924
Arrival_Run1,CONTEXTUAL_OVERRIDE_1,84,10,344919.5642572,252.0,event_log_marker,0.4854882712476455,0.2520953823949272,1.6693367821824148,1.2266770918085232,0.6020890467136893,0.1785828107949955,17.922219596433276,0.0124732045217907,0.5404348725460205,0.2497523493590298,1.0223504091769076,1.1010595992382002,0.5864766031773814,0.2524361577033831,13.560185090916915,0.0422258280535101,0.5426682857661927,0.2678768489970748,1.8219460159381125,2.038977713286559,0.526008238187691,0.1848278154038316,25.913626068896573,0.190233217177354,0.6361088725066267,0.3267454595920253,1.378343554984906,1.3571895589192378,0.6840316784469807,0.1525682291466745,10.76472137408619,0.0022218657284831,0.054946601298375,-0.0023430330358973,-0.0156124435363079,0.1526092337556976,0.812300621478036,-0.2909932271975088,0.0617885288702845,0.4258598804836503,-0.0317713733644013,0.223478239864195,1.5023233587049567,-0.4064828227122245,0.0157005448815362,-1.0123193418544063,0.452150716974207,0.8278119646781338,-0.0712756133315869,-0.1761587897427992,-0.5322616358091834,0.73104711294115,-0.0383898676052691,-0.178000776061797,False,10,447,437.0,7,1,8,0,-0.0317713733644013,1.5023233587049567,-0.4064828227122245,-1.0123193418544063,False,2.758098164071794,1.5442598080670247,0.16938628444139486,0.00635427467288026,0.7980657789948129
Arrival_Run1,CONTEXTUAL_OVERRIDE_1,85,5,344922.5642299,255.0,event_log_marker,0.6361088725066267,0.3267454595920253,1.378343554984906,1.3571895589192378,0.6840316784469807,0.1525682291466745,10.76472137408619,0.0022218657284831,0.3704567405607014,0.1261554664889028,1.8981327604210243,1.7761710591649544,0.5238624914422945,0.1285719985664699,13.994001451380706,0.0007452998549503,0.5221555599734121,0.2063750776580271,2.3551263325694007,2.107983821820306,0.6052715851363641,0.2132081045604729,33.12484109793152,0.4434332279358163,0.5248146567186973,0.2509294174624241,1.2264454276994332,1.209874648839111,0.5063742833334846,0.2092137851787527,15.576434405264362,0.0162760668533807,-0.2656521319459253,-0.2005899931031225,-0.1601691870046862,0.9767827775844948,0.7507942629010682,-0.1518981272854727,0.1156691150931576,-1.871867013339128,-1.8365802629740493,1.6383186051003606,1.3829297803469849,-0.1834152467323057,-0.9542269349177004,-0.8775481012493005,-0.1862899559293185,-0.0239426338586898,-0.0317647499517291,-0.1643599096281681,1.202487075999799,1.1745901298654156,2.7106478779683894,0.2265028896194827,False,5,452,447.0,7,1,3,0,-1.8365802629740493,1.3829297803469849,-0.1834152467323057,-0.8775481012493005,False,1.7909018330219246,1.2978594642495573,1.0872409477761777,0.36731605259480987,0.7897099553242001
Arrival_Run1,CONTEXTUAL_OVERRIDE_1,86,2,344925.5641305,258.0,event_log_marker,0.5248146567186973,0.2509294174624241,1.2264454276994332,1.209874648839111,0.5063742833334846,0.2092137851787527,15.576434405264362,0.0162760668533807,0.3776130305775866,0.1779943045000563,1.4755104461993638,1.172989394988312,0.5376701076293343,0.2860100091647519,15.060813712937824,0.0257421190396348,0.6843792755911964,0.241742842047482,1.3750388161253055,0.945310138625036,0.6572574194981915,0.4635200540222943,16.630570141725226,0.1726434694237047,1.2848895676206786,0.6401456993378651,1.808746532330507,2.077014829060706,0.8909451648699961,0.630049925442438,45.211273907401456,1.1098368403436518,-0.1472016261411106,-0.0729351129623677,0.0312958242958497,0.1485933884258723,-0.2645645102140749,0.5823011046310738,0.331124623915093,-1.0229338000963946,-0.6744304756483694,0.2165843276345125,-0.5880423279704942,0.9940240955127794,0.3304393589178732,-0.338630315555094,-0.3258058028314726,-0.2100731064478416,-0.0680582736171455,-0.1740955514361121,-0.3613878813520731,-0.3663957744387683,0.9206128139088456,0.104547611653215,False,2,454,452.0,2,0,0,0,-0.6744304756483694,-0.5880423279704942,0.9940240955127794,-0.338630315555094,False,0.7070300876510395,0.06530819205052253,0.4714660057805614,0.1348860951296739,0.5511377348882198
Arrival_Run1,CONTEXTUAL_OVERRIDE_1,87,4,344928.5648084,261.0,event_log_marker,1.288554055321131,0.6455595407634216,1.809184569030268,2.0739922700438576,0.8947691380452198,0.618679673492229,45.591286655032725,1.1086064991270923,2.614905479862433,2.041380404771554,2.268242750126789,2.292735584618172,0.7487647169198932,0.6610622891774071,74.20997274459974,1.9430906500477063,0.9394272097563688,0.4992046450752742,2.7646456386293554,2.578250646245331,0.7241732324690989,0.6194016155515216,29.39054427835232,0.5648083915052726,0.8189109257844868,0.3647149457964928,1.5130185167484318,1.0854521405636166,0.6727531998582298,0.6248040738782199,17.162550773263543,0.2790146202653678,1.3263514245413022,1.3958208640081322,-0.1460044211253266,0.9554610695990882,0.5042583762014736,-0.2961660522818354,0.9738800402363598,9.538001484222209,12.69689104678392,1.6017161039167045,0.9043645980189492,-0.4147785107217847,-0.8591860856174478,1.2690905897993987,4.380950051622887,6.069290213231223,1.4903742148346142,1.243546799155401,0.351146616805023,0.5109228361597504,5.827932398763362,4.151790362699098,True,4,458,454.0,4,0,0,0,12.69689104678392,0.9043645980189492,-0.4147785107217847,1.2690905897993987,True,0.7134315994352243,0.13275573286065895,-6.447380920693528,1.2690905897993987,0.06110208593517331
Arrival_Run1,CONTEXTUAL_OVERRIDE_1,88,2,344931.563916,264.0,event_log_marker,0.8189109257844868,0.3647149457964928,1.5130185167484318,1.0854521405636166,0.6727531998582298,0.6248040738782199,17.162550773263543,0.2790146202653678,0.4760095782110992,0.2707951461107167,1.431934695173961,1.097553875055958,0.4595955027128573,0.2991464628188054,19.000404582825063,0.0469321825782774,0.7281943606674302,0.3464091353319,1.447106336172434,1.4697830266839562,0.7372334211941964,0.5633662763366967,14.931545753669475,0.2008839067098065,0.574319336959131,0.1954967128384319,2.4684134799999287,2.7647418605089897,0.5713369443168012,0.3623533774242568,35.716647909025575,0.648507444575367,-0.3429013475733875,-0.093919799685776,-0.2131576971453724,-0.0659121805759976,0.3843308861203396,0.9553949632514968,0.2938345385322046,-2.4255111231512503,-0.865471736161207,-0.1516526048225677,0.6715663554379191,1.5923567665276743,-1.3097621445934415,-0.4319038194574835,0.1709866317260004,0.4527061596791661,0.1153070568945374,-0.0821779785674864,0.5037148219247509,-0.1227746696742561,1.7243240960350033,-0.1407353162208389,False,2,460,458.0,8,1,1,0,-0.865471736161207,0.6715663554379191,1.5923567665276743,-0.4319038194574835,False,1.4261506375289763,1.672967634481203,1.0035445789176458,0.1730943472322414,0.7848151870928607
Arrival_Run1,CONTEXTUAL_OVERRIDE_1,89,7,344934.5639097,267.0,event_log_marker,0.574319336959131,0.1954967128384319,2.4684134799999287,2.7647418605089897,0.5713369443168012,0.3623533774242568,35.716647909025575,0.648507444575367,0.8432804997552182,0.352352493482997,1.465311235593591,1.1989700626489603,0.7170595732791436,0.5987335111893433,19.534506271241565,0.3238053781193214,0.5316273120902357,0.2829232270281074,1.6165146831864512,1.3552118381396625,0.639051312479493,0.4753229945686649,15.760671999475464,0.1621190542360593,0.5013282838445137,0.173057601378727,1.374542284427677,0.9270531749417222,0.5346083426044776,0.4852127077695597,27.30268032431097,0.3846780969472035,0.2689611627960873,0.1568557806445651,0.1457226289623424,-0.8518987968134775,-1.4095300223693272,-1.093871195572252,0.3797774934694878,1.9596994207923288,1.4175493831726875,-1.5009383220296897,-2.8106016333083,-1.6940626319671608,1.098205010030019,-0.2169351364840724,-0.8514981833455404,-0.9114082837357834,0.2244250259770377,0.2892445737482249,-1.8059031758872144,-1.3034639185945334,0.2607846758545857,0.2136734661857589,False,7,467,460.0,0,0,0,0,1.4175493831726875,-2.8106016333083,-1.6940626319671608,-0.2169351364840724,False,0.7324686510685601,-3.3753585690398507,-1.8093207469543606,0.0,0.11469692243395926
Arrival_Run1,CONTEXTUAL_OVERRIDE_1,90,6,344937.563856,270.0,event_log_marker,0.5013282838445137,0.173057601378727,1.374542284427677,0.9270531749417222,0.5346083426044776,0.4852127077695597,27.30268032431097,0.3846780969472035,0.6891986998495468,0.2373414028592304,1.7690748791608937,1.7195615123090369,0.6779184637812474,0.3942709437368542,33.6239153135521,0.4910185866688151,0.6452061817380687,0.3241772237391234,1.234366717446732,0.965871242812198,0.646443478778271,0.5648583349844213,25.054534815547427,0.3333791330414802,0.4037954212949616,0.1257244448969652,1.014583627696037,0.8049211702492481,0.5908605851805553,0.3600055578922894,45.453697676823445,0.8050638701795849,0.1878704160050331,0.0642838014805033,0.1433101211767697,-0.1401755669809445,0.0388180678704758,-0.3599586567316397,0.5035349217092709,1.3785231077842657,0.5747887634516933,-0.2791389061381018,0.0008712810778119,-0.5170830609831721,1.0820178883481557,0.0926186992700839,-0.0074379072144855,0.2146669369535548,-0.140739397358505,-0.0765097283502553,0.3973964056285647,-2.01315116673108,-0.0166687411575392,-1.874783193276556,False,6,473,467.0,7,1,4,0,0.5747887634516933,0.0008712810778119,-0.5170830609831721,0.0926186992700839,False,2.0543678508306265,0.011894651299857457,-0.4905777744653568,0.0926186992700839,0.5657189936399486
Arrival_Run1,CONTEXTUAL_OVERRIDE_1,91,2,344940.5644161,273.0,event_log_marker,0.4037954212949616,0.1257244448969652,1.014583627696037,0.8049211702492481,0.5908605851805553,0.3600055578922894,45.453697676823445,0.8050638701795849,0.4529355501639748,0.1574059074790568,1.3428367325546064,1.1958479700722815,0.4584759337593148,0.461144099377388,26.97511566847802,0.3306227848801949,0.7280677318059887,0.1931735325256894,1.4418163919870588,1.396108966868884,0.753901025660582,0.6958248640875906,30.93807719177172,0.6203175168506313,0.7350791570772742,0.2953296658660594,0.9777587767883028,1.1292338053202091,0.5353549569959879,0.2647280669523463,16.295191608880746,0.0387825169000786,0.0491401288690132,0.0316814625820916,-0.1323846514212405,0.4272327642910218,0.5911877966196358,-0.0368248509077342,0.4486966722026224,0.3842449691451876,0.2779822396796917,0.6949183378319056,1.0731083638414878,0.0011283988589662,-0.7678019786738656,-0.0445479397128809,0.4730509710612577,0.8556953503782857,-0.0318639408207992,0.2701911715219856,0.7905189682618411,0.6877959705761314,0.3968014730009384,1.3861295186798568,False,2,475,473.0,3,0,0,0,0.2779822396796917,1.0731083638414878,0.0011283988589662,-0.0445479397128809,False,0.7728794492581045,0.8565267470551676,0.05326058668158348,0.0,0.5853091461648353
Arrival_Run1,CONTEXTUAL_OVERRIDE_1,92,6,344943.5637229,276.0,event_log_marker,0.7365763833975728,0.2933976182086538,0.9790350171135156,1.1272629698592105,0.5453163396563265,0.2747735435705486,16.30974447329559,0.04614713820234,0.7148491007923593,0.3557640413546741,1.6461520853868732,1.5484383952943883,0.8063070695636708,0.6656777776701024,18.370444432143696,0.3434214315569776,0.7429174810257826,0.317242592838335,2.228428399761587,2.3826048392236263,0.6359670938989695,0.6204201791683007,24.639976324105284,0.5385905700158864,0.9348437733258536,0.4609125230016881,2.106927642428792,1.8115756056303087,0.8966256984315105,0.422105275775366,25.91589665019385,0.249313084354164,-0.0217272826052135,0.0623664231460202,0.2609907299073443,1.2493933826480714,1.2553418693644158,1.127892625315276,0.294368056032342,-0.1236608344496575,0.5573332551218477,2.106303158746168,2.36233655358696,1.8689922149590308,1.87161547825412,-0.4305693348050592,1.115071717466525,1.7122261860779775,-0.1040743152653717,0.0159422537062941,-1.4395465747978369,0.8713058186821594,-1.156425624752565,0.9372759159874812,False,6,481,475.0,5,1,2,0,0.5573332551218477,2.36233655358696,1.8689922149590308,-0.4305693348050592,False,1.678997945981513,3.306519385243411,0.7449742386423378,0.0,0.8680064564745044
Arrival_Run1,CONTEXTUAL_OVERRIDE_1,93,4,344946.5636442,279.0,event_log_marker,0.9348437733258536,0.4609125230016881,2.106927642428792,1.8115756056303087,0.8966256984315105,0.422105275775366,25.91589665019385,0.249313084354164,0.6076110583860289,0.2546485602227511,1.270036322298849,0.9929702869693418,0.6130437547165752,0.6206280835932624,53.36641145365621,1.23907933646538,0.5533759126674905,0.2300496139170364,1.3842045476076172,1.118400315445183,0.7804828793588711,0.4791802277162024,31.827525630951968,0.4714011617876601,0.7401482213684484,0.4310188380618783,1.7116941723565728,1.6258979821574364,0.644746175656928,0.4569468457623516,23.020316399960823,0.254800233048519,-0.3272327149398247,-0.206263962778937,-0.2835819437149353,-0.7227230948211745,-0.6931752901851262,-0.3952334700722189,0.5536484539139308,-2.313214239669392,-1.8882351832150115,-1.2791852716498138,-1.4200437003084103,-0.5736534729531355,-1.7822853237484708,0.217967426516463,-1.2984374868052837,-1.5076776367790317,-0.3348607629653742,-0.2710654606973584,-0.0598358169967983,-1.0666460837827678,-0.2901130320430181,-1.503164795233311,False,4,485,481.0,1,0,0,0,-1.8882351832150115,-1.4200437003084103,-0.5736534729531355,0.217967426516463,False,0.7972003655088946,-1.5912285510145798,0.36295753079058307,0.5956144631594653,0.3953184981923345
Arrival_Run1,CONTEXTUAL_OVERRIDE_1,94,6,344949.5635951,282.0,event_log_marker,0.7401482213684484,0.4310188380618783,1.7116941723565728,1.6258979821574364,0.644746175656928,0.4569468457623516,23.020316399960823,0.254800233048519,0.7886729168753724,0.3782813744883963,1.6497527999930706,1.4056463863102393,0.7176323517252956,0.6620901156933798,29.451098528868936,0.5056378261391352,0.8418762567378336,0.2886916022129691,2.0115766732260623,1.822644768036848,0.799972647369491,0.6300610041655383,20.44718848288393,0.3235290198052292,0.7756950667538005,0.1464696307003279,1.322368685171042,1.076940272864175,0.645973372006228,0.5099322817737039,21.015064012394863,0.2023130382356598,0.048524695506924,-0.0527374635734819,0.0728861760683675,0.2998825008694894,0.1967467858794109,-0.3893254871855309,0.3215700293071358,0.3798341663540532,-0.4905542782331916,0.4762989771870665,0.3074359226014724,-0.5641788083366411,0.6094967318968529,-0.3625291752198131,-0.2096679189112831,-0.0551315732847357,0.1176030404309843,-0.0878627161195884,0.5514009022361748,-0.5871535997822397,1.096094767730088,-0.9395971014743524,False,6,491,485.0,5,1,2,0,-0.4905542782331916,0.3074359226014724,-0.5641788083366411,-0.3625291752198131,False,1.7092098621701086,0.15870334416627654,0.09830610037423548,0.09811085564663832,0.6095810139509558
Arrival_Run1,CONTEXTUAL_OVERRIDE_1,95,4,344952.5634833,285.0,event_log_marker,0.7756950667538005,0.1464696307003279,1.322368685171042,1.076940272864175,0.645973372006228,0.5099322817737039,21.015064012394863,0.2023130382356598,0.6663811108294263,0.4467766559922321,1.312314316064246,1.2431127726823663,0.7000367340415427,0.3843823853387834,38.816414379770855,0.6134563784103962,0.7421119745895132,0.282732284392556,1.3077528795365452,1.1482995449342157,0.7832944904579536,0.5808188491870003,21.9757467366198,0.3210862450174271,0.7189159578590064,0.3299254058111119,1.25144030723287,1.051369673636778,0.8473608291297142,0.5365535477483316,28.69545490928369,0.4235621986275584,-0.1093139559243742,0.3003070252919041,0.0540633620353147,-0.0146158056344967,0.0713592720700404,-0.0709283779381719,0.3901044650727604,-0.7513933672309091,2.7235067682306613,-0.063593260524323,0.0640389096507441,-0.0535636148198498,0.4832019348519656,-0.1911043341073173,0.9192862515503176,1.4510254543601795,0.2521266679735673,0.2907436035813717,0.5393518608722845,-0.1376592762951838,1.4391582008423147,1.0677065800600058,False,4,495,491.0,1,0,0,0,2.7235067682306613,0.0640389096507441,-0.0535636148198498,-0.1911043341073173,False,0.8270400346413871,0.007811199706868693,-1.3572452515367248,0.0,0.36446946705573646
Arrival_Run1,CONTEXTUAL_OVERRIDE_1,96,6,344955.5635904,288.0,event_log_marker,0.7189159578590064,0.3299254058111119,1.25144030723287,1.051369673636778,0.8473608291297142,0.5365535477483316,28.69545490928369,0.4235621986275584,0.8184144698433918,0.5884093629138469,2.0184092119665094,1.560929479907384,0.852871619888481,0.5178687634527017,29.57602675354276,0.4679856766230328,0.8287115623161972,0.4067413658996978,1.426626922566648,0.8122190406941984,0.768889869781349,0.4856350145272643,26.700574443996786,0.3124721287674313,0.6648882166739308,0.3218992845785519,1.3396616154614045,1.5255071582568318,0.6817309573143197,0.6291307895312735,14.49629282906659,0.2545774524874136,0.0994985119843854,0.258483957102735,0.0055107907587668,0.175186615333778,-0.2391506329425797,0.0882213082285345,0.364649364126359,0.7451628369193224,2.3427561870718536,0.262236327935805,-0.5387099692096169,0.2016656113255929,0.1574303937523532,-0.2547750506820075,0.6459229785753864,1.0863268461581628,0.1397809244748054,0.1842197242221367,-1.0827819987949343,-2.727631940193178,-0.2588073556525094,-0.4872328823131797,False,6,501,495.0,5,1,2,0,2.3427561870718536,-0.5387099692096169,0.2016656113255929,-0.2547750506820075,False,1.7388064213987398,-0.06951156248163864,-1.2200234867977378,0.0,0.45176454972385416
Arrival_Run1,CONTEXTUAL_OVERRIDE_1,97,6,344958.5636744,291.0,event_log_marker,0.6648882166739308,0.3218992845785519,1.3396616154614045,1.5255071582568318,0.6817309573143197,0.6291307895312735,14.49629282906659,0.2545774524874136,0.6239465589701704,0.2570664048805929,1.1917187935088982,1.068974869104163,0.6844052508867281,0.4036321092505996,31.0493711477895,0.439843611495784,0.5774473506926068,0.2259618333039966,2.275806966040528,2.3775386168327275,0.7214757250482242,0.4688729501805916,40.70426207606271,0.7477271686133278,0.945520020183808,0.3112391038270489,1.806045871347268,1.6969880225623486,0.9200365780732792,0.4680528023353861,29.065864446598976,0.3609914183653112,-0.0409416577037604,-0.0648328796979589,0.0026742935724084,0.9361453505791236,0.8520314585758957,0.4663842558858633,0.4507849127404592,-0.2613700074247349,-0.6006690287321728,1.5685572393090794,1.579447202841089,0.8081276082808269,0.1383984447653174,-0.0393246341088551,0.4499516577037129,0.8248781621721311,-0.0434006684740181,-0.0099591686141115,1.3936514591447091,1.7303691692794814,1.3929776934705416,1.9229928168081096,False,6,507,501.0,1,0,0,0,-0.6006690287321728,1.579447202841089,0.8081276082808269,-0.0393246341088551,False,0.8562792670860678,1.7834074616009117,0.8263850586737993,0.12013380574643456,0.7410351406902603
Arrival_Run1,CONTEXTUAL_OVERRIDE_1,98,2,344961.5636784,294.0,event_log_marker,0.945520020183808,0.3112391038270489,1.806045871347268,1.6969880225623486,0.9200365780732792,0.4680528023353861,29.065864446598976,0.3609914183653112,0.6915530940306669,0.200402489434148,1.5891236761334162,1.6093892823430986,0.7403552019873759,0.4142998017525426,15.508561599065532,0.1329748585781453,0.748337985408813,0.3729942970141168,1.494457220403182,1.6926144342458116,0.5869817154113772,0.4678602317238756,15.399911721058553,0.1758927880155005,0.7597625594921947,0.4276301009516419,1.4760712304555936,1.260371783890644,0.6532970797170582,0.6914184600525514,21.09313770499709,0.338159445573233,-0.2539669261531411,-0.1108366143929009,-0.1796813760859033,-0.3115886509440857,-0.004373588316537,-0.3299746408916741,0.2520046276330475,-1.7881192975006048,-1.019479734856092,-0.5733999293614419,-0.0829705607525993,-0.468997530034962,-1.085147208346875,-0.5365327661983645,-0.4562072329682862,-0.3840438800667603,-0.2649739959843672,-0.2010253434807988,-1.0837937063049417,-0.8844410463717338,-1.1712864869635078,-1.391214267378236,False,2,509,507.0,7,0,0,0,-1.019479734856092,-0.0829705607525993,-0.468997530034962,-0.5365327661983645,False,0.8735445096931161,-0.3495838462318812,0.3030292053771836,0.2038959469712184,0.5098384315416687
Arrival_Run1,CONTEXTUAL_OVERRIDE_1,99,6,344964.5632663,297.0,event_log_marker,0.7597625594921947,0.4276301009516419,1.4760712304555936,1.260371783890644,0.6532970797170582,0.6914184600525514,21.09313770499709,0.338159445573233,0.837174062728338,0.377103950616478,2.5252458047161275,2.6246377405560253,0.876565034824614,0.3223151233306838,20.9818022835118,0.1456228376729472,0.6872746499280867,0.2782301194429913,2.257335778049548,1.9146343816101228,0.8308999344029868,0.5001835846942947,20.08600460023116,0.2159993236162274,0.6387788832914597,0.2498018730296053,1.632788883637441,1.3792697933513418,0.6538077726185232,0.5066685522201297,38.350575607937,0.6580636867470994,0.0774115032361433,-0.0505261503351639,0.2232679551075558,0.7812645475939541,0.6542625977194787,0.1567176531818472,0.3394613234023768,0.5868655364547484,-0.4704228331463437,1.3026768146043437,1.1955465374183512,0.311513576076921,1.6185082553413632,-0.3177777708592047,0.1386695073726044,0.409591332495136,-0.2127077608166883,0.0800783947688581,1.2702715078138724,0.913150826675022,0.3187751145766392,0.6570492847635119,False,6,515,509.0,9,1,6,0,-0.4704228331463437,1.1955465374183512,0.311513576076921,-0.3177777708592047,False,2.579254304170836,1.6709938835665488,0.5348052919566179,0.09408456662926874,0.819476552835257
Arrival_Run1,CONTEXTUAL_OVERRIDE_1,100,9,344967.563143,300.0,event_log_marker,0.6387788832914597,0.2498018730296053,1.632788883637441,1.3792697933513418,0.6538077726185232,0.5066685522201297,38.350575607937,0.6580636867470994,0.5585838636843973,0.1968095919250526,1.421061774670055,1.312607353876334,0.7936181677439604,0.5894235394578303,16.724222382330037,0.2231370929820089,0.7856418849437847,0.4210428776221964,1.71305564947044,1.5097706030244484,0.7244252290556764,0.5349912037024372,31.75969970857429,0.5157022950827578,0.6416515315234655,0.3082084247621448,1.504076710303479,1.7927033848475802,0.7168214203461059,0.5463146992945673,18.17164426891549,0.2288221595511735,-0.0801950196070624,-0.0529922811045527,0.1398103951254372,0.0802667658329991,0.1305008096731066,-0.1287121733339622,0.4064313085907599,-0.5426983346001476,-0.4928740966311579,0.0992895365210338,0.1788419961509226,-0.1462318049862179,1.0585358951355786,-0.1502660821442732,-0.2376995954295729,-0.0925291113685255,-0.0776144134635187,0.0360098235692842,0.1183836220255976,0.9144649415286938,-0.3630923178693135,1.386994619888111,False,9,524,515.0,5,1,5,0,-0.4928740966311579,0.1788419961509226,-0.1462318049862179,-0.1502660821442732,False,2.3962502970411554,0.5044467303324489,0.19859266921232452,0.09857481932623158,0.7042764711895779
Arrival_Run1,CONTEXTUAL_OVERRIDE_1,101,8,344970.5631215,303.0,event_log_marker,0.6416515315234655,0.3082084247621448,1.504076710303479,1.7927033848475802,0.7168214203461059,0.5463146992945673,18.17164426891549,0.2288221595511735,0.9262363826507752,0.4483698056550915,2.022460716190968,1.892187037134185,0.9132851084241528,0.4606118567040451,18.655923078337608,0.199894286308699,0.6154471086817433,0.2356240105411361,1.484764766670033,1.3955622835269148,0.719087809834938,0.5357847194319892,15.57780749218388,0.2349899606449964,0.6429431711221609,0.1984394441135299,1.544031317061166,1.226145249731077,0.6228730656413867,0.5344644462616046,15.024152246665816,0.1737246939614599,0.2845848511273096,0.1401613808929466,0.1964636880780468,-0.0193119436334456,-0.3971411013206654,0.0399546067576872,0.2093577751165822,2.071674189051937,1.2655662149657148,-0.0716550160264052,-0.845394477974785,0.1242600369778468,1.438660573773436,-0.6432051249171916,0.0218330561161588,0.2537178287256812,-0.6175388291915329,0.2500989922940572,-1.887609700259099,-1.1705020838561229,-2.2770021223005763,0.3381579976733641,False,8,532,524.0,4,1,3,0,1.2655662149657148,-0.845394477974785,0.1242600369778468,-0.6432051249171916,False,2.021377277416567,-0.28638434484542175,-0.7840136743628584,0.0,0.5038989639960079
Arrival_Run1,CONTEXTUAL_OVERRIDE_1,102,6,344973.5633639,306.0,event_log_marker,0.6429431711221609,0.1984394441135299,1.544031317061166,1.226145249731077,0.6228730656413867,0.5344644462616046,15.024152246665816,0.1737246939614599,0.9187510804192964,0.3843786445142477,1.7614735892470377,1.852183834589868,0.853750199372536,0.590467513974093,29.34420927002052,0.5944661638220613,0.7532786258260242,0.3755402750135586,1.9135305570377128,1.684898859195647,0.718892326547561,0.7005894262991127,50.51546973260351,1.2847803487227916,0.6150621419511619,0.2568867982628225,1.3921948620027034,1.3100896878195698,0.6247777586237054,0.4074238495264453,45.764467883854735,0.8214963015862002,0.2758079092971354,0.1859392004007177,0.2308771337311493,0.3694992399765473,0.4587536094645701,-0.1518364550584625,0.7186168770231283,2.00876996268576,1.6823202250476594,0.5958084825846834,0.8160326424494286,-0.1833163426429946,1.6695633031284545,0.63060211744446,0.5223191925535711,0.9214249255743036,0.1398510862609904,0.0445394933472752,0.3380464575796236,0.4304418204774611,0.6808428660534795,0.2261942776620548,False,6,538,532.0,2,0,0,0,1.6823202250476594,0.8160326424494286,-0.1833163426429946,0.63060211744446,False,0.9433533609026243,0.42582664830131856,-0.8939587862016135,0.63060211744446,0.46021710451172415
Arrival_Run1,CONTEXTUAL_OVERRIDE_1,103,9,344976.5630865,309.0,event_log_marker,0.6150621419511619,0.2568867982628225,1.3921948620027034,1.3100896878195698,0.6247777586237054,0.4074238495264453,45.764467883854735,0.8214963015862002,0.5230980027810163,0.2357692834783171,1.4288967080573285,1.241466290803963,0.7760768135992072,0.448360859743628,16.857173495953553,0.1396701373734003,0.6614378677423537,0.2379488727802343,1.32989305186637,1.0300060212994304,0.6713183682552898,0.4373098027490579,16.7150652585337,0.1564412200377226,0.5645722460733817,0.2418297703596434,1.8097993542754167,1.7178871079489584,0.4772595315136035,0.3127692353076268,17.86294612898538,0.0452562722372212,-0.0919641391701456,-0.0211175147845054,0.1512990549755017,-0.0623018101363332,-0.2800836665201394,0.417604492272714,0.2907159828086361,-0.6270474593239364,-0.202691278245726,-0.1454547623053688,-0.6181674670186635,0.7298992333564771,1.135620966556555,-0.4397042472780529,-0.2913777724947203,-0.1641420835627673,0.104972196773994,-0.0487467656449548,-0.1192746758715938,0.337234974231542,1.2828898013580052,0.3390136521296513,False,9,547,538.0,8,1,8,1,-0.202691278245726,-0.6181674670186635,0.7298992333564771,-0.4397042472780529,False,3.809620032535761,0.7866931690100305,0.15704115584114753,0.040538255649145205,0.8131124828882439
Arrival_Run1,CONTEXTUAL_OVERRIDE_1,104,3,344979.5631322,312.0,event_log_marker,0.5645722460733817,0.2418297703596434,1.8097993542754167,1.7178871079489584,0.4772595315136035,0.3127692353076268,17.86294612898538,0.0452562722372212,0.6181638779373779,0.262609519690727,1.2664135570169068,1.3334018435320771,0.6496643691075218,0.4366354640500934,12.236651563582445,0.1335613754112075,0.6816697282399802,0.4030958081501983,1.320968835147011,1.1486754370480214,0.6986471630383492,0.3500213816675655,14.850689001842229,0.0711698697431462,0.4950727680511265,0.3270331018770138,1.0766646987908872,1.1503657862500745,0.6362215518581079,0.3018562116309893,10.335507499947468,0.0644357084088463,0.0535916318639961,0.0207797493310835,0.1724048375939182,-0.4888305191284063,-0.5692116709009369,-0.7331346554845302,0.0786058064501053,0.4161488324137638,0.1787347708624011,-0.877667096628262,-1.1794106920313288,-1.11554746057982,1.2772337205042763,-0.9702543696275316,-0.6452920635465252,-0.6363051798146666,-0.0638851147259965,0.1094604914244616,-1.0238979376856916,-0.8440360843715184,0.1176438351383355,-0.5391812066244939,False,3,550,547.0,7,1,1,0,0.1787347708624011,-1.1794106920313288,-1.11554746057982,-0.9702543696275316,False,1.683683631961903,-1.405672345886801,-0.6984374395161693,0.0,0.38047582950674325
